time,p_deg_per_sec,q_deg_per_sec,r_deg_per_sec
0,0,0,0
0.0125,30,57.29578,0
0.025,30,57.279453,20.468851
0.0375,30,57.230483,40.646403
0.05,30,57.148896,60.2455
0.0625,30,57.034741,78.98722
0.075,30,56.88808,96.604842
0.0875,30,56.709,112.847645
0.1,30,56.4976,127.484469
0.1125,30,56.254002,140.307014
0.125,30,55.978345,151.132795
0.1375,30,55.670785,159.807748
0.15,30,55.331499,166.208416
0.1625,30,54.960679,170.243708
0.175,30,54.558536,171.856197
0.1875,30,54.1253,171.022935
0.2,30,53.661218,167.75578
0.2125,30,53.166554,162.101229
0.225,30,52.641591,154.139753
0.2375,30,52.086626,143.984655
0.25,30,51.501977,131.780457
0.2625,30,50.887977,117.700841
0.275,30,50.244976,101.946179
0.2875,30,49.57334,84.740682
0.3,30,48.873452,66.329208
0.3125,30,48.145711,46.973777
0.325,30,47.390531,26.949845
0.3375,30,46.608343,6.542379
0.35,30,45.799592,-13.958193
0.3625,30,44.964741,-34.260122
0.375,30,44.104264,-54.074481
0.3875,30,43.218651,-73.119286
0.4,30,42.308408,-91.123502
0.4125,30,41.374053,-107.830905
0.425,30,40.416119,-123.003726
0.4375,30,39.435152,-136.426033
0.45,30,38.43171,-147.906809
0.4625,30,37.406366,-157.282667
0.475,30,36.359704,-164.420175
0.4875,30,35.292321,-169.217757
0.5,30,34.204824,-171.607136
0.5125,30,33.097833,-171.554309
0.525,30,31.97198,-169.060026
0.5375,30,30.827906,-164.159786
0.55,30,29.666263,-156.923325
0.5625,30,28.487713,-147.453629
0.575,30,27.292928,-135.885463
0.5875,30,26.082589,-122.383459
0.6,30,24.857385,-107.13977
0.6125,30,23.618014,-90.371334
0.625,30,22.365184,-72.316789
0.6375,30,21.099607,-53.233075
0.65,30,19.822006,-33.391782
0.6625,30,18.533108,-13.075277
0.675,30,17.233648,7.427306
0.6875,30,15.924366,27.824189
0.7,30,14.60601,47.825096
0.7125,30,13.279329,67.145385
0.725,30,11.94508,85.510102
0.7375,30,10.604023,102.657893
0.75,30,9.256923,118.34472
0.7625,30,7.904548,132.347338
0.775,30,6.547668,144.46647
0.7875,30,5.187056,154.529645
0.8,30,3.823489,162.393649
0.8125,30,2.457742,167.946568
0.825,30,1.090594,171.109374
0.8375,30,-0.277175,171.837058
0.85,30,-1.644786,170.119263
0.8625,30,-3.01146,165.980436
0.875,30,-4.376417,159.479477
0.8875,30,-5.738881,150.708906
0.9,30,-7.098073,139.793538
0.9125,30,-8.453221,126.888715
0.925,30,-9.803551,112.17809
0.9375,30,-11.148294,95.871016
0.95,30,-12.486683,78.199565
0.9625,30,-13.817956,59.415226
0.975,30,-15.141354,39.785326
0.9875,30,-16.456124,19.589226
1,30,-17.761514,-0.885656
1.0125,30,-19.056783,-21.347933
1.025,30,-20.34119,-41.5064
1.0375,30,-21.614006,-61.074174
1.05,30,-22.874503,-79.772777
1.0625,30,-24.121964,-97.336104
1.075,30,-25.355678,-113.514204
1.0875,30,-26.574942,-128.076839
1.1,30,-27.77906,-140.816764
1.1125,30,-28.967347,-151.552672
1.125,30,-30.139125,-160.131776
1.1375,30,-31.293727,-166.431984
1.15,30,-32.430494,-170.363634
1.1625,30,-33.54878,-171.870774
1.175,30,-34.647945,-170.931956
1.1875,30,-35.727365,-167.560539
1.2,30,-36.786423,-161.804505
1.2125,30,-37.824517,-153.745769
1.225,30,-38.841054,-143.499018
1.2375,30,-39.835455,-131.210078
1.25,30,-40.807155,-117.053837
1.2625,30,-41.755597,-101.231758
1.275,30,-42.680244,-83.969011
1.2875,30,-43.580566,-65.511269
1.3,30,-44.456052,-46.121212
1.3125,30,-45.306202,-26.074785
1.325,30,-46.130532,-5.657279
1.3375,30,-46.928572,14.840739
1.35,30,-47.699867,35.127552
1.3625,30,-48.443978,54.914451
1.375,30,-49.16048,73.919842
1.3875,30,-49.848965,91.873252
1.4,30,-50.509042,108.519178
1.4125,30,-51.140333,123.620726
1.425,30,-51.742478,136.962981
1.4375,30,-52.315136,148.356063
1.45,30,-52.857979,157.637833
1.4625,30,-53.370698,164.676199
1.475,30,-53.853001,169.370995
1.4875,30,-54.304612,171.655408
1.5,30,-54.725275,171.496927
1.5125,30,-55.11475,168.897807
1.525,30,-55.472815,163.895039
1.5375,30,-55.799266,156.559817
1.55,30,-56.093916,146.996533
1.5625,30,-56.356599,135.341285
1.575,30,-56.587163,121.759944
1.5875,30,-56.785478,106.44579
1.6,30,-56.951431,89.616766
1.6125,30,-57.084926,71.512371
1.625,30,-57.185889,52.390256
1.6375,30,-57.254262,32.522556
1.65,30,-57.290005,12.192014
1.6625,30,-57.293098,-8.312036
1.675,30,-57.263539,-28.697795
1.6875,30,-57.201346,-48.675145
1.7,30,-57.106553,-67.95978
1.7125,30,-56.979216,-86.277253
1.725,30,-56.819405,-103.366882
1.7375,30,-56.627213,-118.985457
1.75,30,-56.402748,-132.910705
1.7625,30,-56.14614,-144.94445
1.775,30,-55.857533,-154.915434
1.7875,30,-55.537093,-162.681759
1.8,30,-55.185003,-168.132896
1.8125,30,-54.801462,-171.191271
1.825,30,-54.386689,-171.813357
1.8375,30,-53.940921,-169.990301
1.85,30,-53.464412,-165.748049
1.8625,30,-52.957434,-159.146973
1.875,30,-52.420275,-150.281015
1.8875,30,-51.853241,-139.276351
1.9,30,-51.256655,-126.289592
1.9125,30,-50.630859,-111.505557
1.925,30,-49.976207,-95.134644
1.9375,30,-49.293074,-77.409834
1.95,30,-48.581849,-58.583375
1.9625,30,-47.842937,-38.923193
1.975,30,-47.076758,-18.709081
1.9875,30,-46.283751,1.771288
2,30,-45.464366,22.226448
2.0125,30,-44.61907,42.365296
2.025,30,-43.748346,61.901227
2.0375,30,-42.85269,80.556217
2.05,30,-41.932612,98.064782
2.0625,30,-40.988636,114.177749
2.075,30,-40.021301,128.665809
2.0875,30,-39.031157,141.322777
2.1,30,-38.018769,151.968526
2.1125,30,-36.984714,160.451553
2.125,30,-35.929582,166.651133
2.1375,30,-34.853973,170.479036
2.15,30,-33.7585,171.880788
2.1625,30,-32.643789,170.836438
2.175,30,-31.510473,167.36085
2.1875,30,-30.3592,161.503485
2.2,30,-29.190624,153.347703
2.2125,30,-28.005413,143.009571
2.225,30,-26.804242,130.636215
2.2375,30,-25.587794,116.403725
2.25,30,-24.356764,100.514649
2.2625,30,-23.111853,83.195111
2.275,30,-21.853771,64.691592
2.2875,30,-20.583233,45.267422
2.3,30,-19.300966,25.199033
2.3125,30,-18.007698,4.772028
2.325,30,-16.704168,-15.72289
2.3375,30,-15.391119,-35.994049
2.35,30,-14.069297,-55.752964
2.3625,30,-12.739458,-74.718436
2.375,30,-11.402358,-92.620562
2.3875,30,-10.05876,-109.20457
2.4,30,-8.70943,-124.234445
2.4125,30,-7.355136,-137.496293
2.425,30,-5.99665,-148.801378
2.4375,30,-4.634747,-157.988814
2.45,30,-3.270202,-164.927851
2.4625,30,-1.903794,-169.519736
2.475,30,-0.5363,-171.699122
2.4875,30,0.831499,-171.434992
2.5,30,2.198824,-168.731104
2.5125,30,3.564896,-163.62594
2.525,30,4.928936,-156.192153
2.5375,30,6.290167,-146.535535
2.55,30,7.647814,-134.793515
2.5625,30,9.001102,-121.133196
2.575,30,10.34926,-105.748984
2.5875,30,11.69152,-88.859819
2.6,30,13.027117,-70.706055
2.6125,30,14.35529,-51.546046
2.625,30,15.675282,-31.652466
2.6375,30,16.98634,-11.308428
2.65,30,18.287718,9.196545
2.6625,30,19.578673,29.570639
2.675,30,20.858471,49.523901
2.6875,30,22.126381,68.77237
2.7,30,23.381681,87.042113
2.7125,30,24.623656,104.073126
2.725,30,25.851598,119.623035
2.7375,30,27.064807,133.470543
2.75,30,28.262591,145.418581
2.7625,30,29.444269,155.297111
2.775,30,30.609166,162.965549
2.7875,30,31.756618,168.314761
2.8,30,32.885973,171.268622
2.8125,30,33.996586,171.785094
2.825,30,35.087823,169.856827
2.8375,30,36.159064,165.511262
2.85,30,37.209698,158.810243
2.8625,30,38.239126,149.849134
2.875,30,39.246761,138.755466
2.8875,30,40.23203,125.687116
2.9,30,41.19437,110.830064
2.9125,30,42.133233,94.395747
2.925,30,43.048084,76.618048
2.9375,30,43.938402,57.749968
2.95,30,44.803679,38.060027
2.9625,30,45.643422,17.828439
2.975,30,46.457153,-2.656873
2.9875,30,47.244408,-23.104373
3,30,48.004738,-43.223067
3.0125,30,48.73771,-62.726636
3.025,30,49.442906,-81.337519
3.0375,30,50.119924,-98.790856
3.05,30,50.768379,-114.838263
3.0625,30,51.3879,-129.251363
3.075,30,51.978136,-141.825037
3.0875,30,52.538748,-152.380345
3.1,30,53.069419,-160.76707
3.1125,30,53.569845,-166.865857
3.125,30,54.039742,-170.589913
3.1375,30,54.478841,-171.886238
3.15,30,54.886892,-170.736385
3.1625,30,55.263663,-167.156717
3.175,30,55.608939,-161.198178
3.1875,30,55.922523,-152.945566
3.2,30,56.204237,-142.516327
3.2125,30,56.453919,-130.058884
3.225,30,56.671429,-115.750523
3.2375,30,56.856641,-99.794872
3.25,30,57.00945,-82.419003
3.2625,30,57.129769,-63.870197
3.275,30,57.217529,-44.41243
3.2875,30,57.272681,-24.322612
3.3,30,57.295194,-3.88665
3.3125,30,57.285053,16.604624
3.325,30,57.242265,36.859591
3.3375,30,57.166855,56.589996
3.35,30,57.058865,75.515046
3.3625,30,56.918357,93.365414
3.375,30,56.745411,109.887062
3.3875,30,56.540125,124.844865
3.4,30,56.302617,138.025954
3.4125,30,56.033022,149.242743
3.425,30,55.731493,158.335601
3.4375,30,55.398203,165.175124
3.45,30,55.033341,169.663977
3.4625,30,54.637115,171.738278
3.475,30,54.209751,171.368505
3.4875,30,53.751493,168.559922
3.5,30,53.262602,163.352498
3.5125,30,52.743356,155.820342
3.525,30,52.194051,146.070647
3.5375,30,51.615001,134.242165
3.55,30,51.006535,120.503232
3.5625,30,50.369001,105.049371
3.575,30,49.70276,88.100513
3.5875,30,49.008194,69.897862
3.6,30,48.285698,50.700468
3.6125,30,47.535684,30.781536
3.625,30,46.758579,10.424541
3.6375,30,45.954826,-10.08081
3.65,30,45.124883,-30.442697
3.6625,30,44.269223,-50.371343
3.675,30,43.388334,-69.583135
3.6875,30,42.482718,-87.804662
3.7,30,41.552891,-104.776608
3.7125,30,40.599382,-120.257438
3.725,30,39.622736,-134.026838
3.7375,30,38.623508,-145.888851
3.75,30,37.602269,-155.674665
3.7625,30,36.5596,-163.245012
3.775,30,35.496096,-168.492158
3.7875,30,34.412362,-171.341427
3.8,30,33.309017,-171.752271
3.8125,30,32.186688,-169.718842
3.825,30,31.046016,-165.27008
3.8375,30,29.887651,-158.469297
3.85,30,28.712253,-149.413276
3.8625,30,27.520492,-138.230898
3.875,30,26.313046,-125.081303
3.8875,30,25.090605,-110.151628
3.9,30,23.853864,-93.654343
3.9125,30,22.603529,-75.824228
3.925,30,21.340312,-56.915029
3.9375,30,20.064933,-37.19585
3.95,30,18.778119,-16.947324
3.9625,30,17.480603,3.542387
3.975,30,16.173125,23.981685
3.9875,30,14.85643,44.07969
4,30,13.531268,63.55038
4.0125,30,12.198395,82.11666
4.025,30,10.858569,99.514307
4.0375,30,9.512556,115.495728
4.05,30,8.161121,129.833485
4.0625,30,6.805035,142.323532
4.075,30,5.44507,152.788118
4.0875,30,4.082003,161.078319
4.1,30,2.716609,167.076152
4.1125,30,1.349667,170.69626
4.125,30,-0.018044,171.887125
4.1375,30,-1.385745,170.631799
4.15,30,-2.752656,166.948146
4.1625,30,-4.117998,160.888591
4.175,30,-5.480994,152.539368
4.1875,30,-6.840866,142.0193
4.2,30,-8.196839,129.4781
4.2125,30,-9.548141,115.094248
4.225,30,-10.894001,99.072446
4.2375,30,-12.233653,81.640706
4.25,30,-13.566332,63.047106
4.2625,30,-14.891281,43.556259
4.275,30,-16.207742,23.445546
4.2875,30,-17.514967,3.00117
4.3,30,-18.81221,-17.485917
4.3125,30,-20.098731,-37.724154
4.325,30,-21.373799,-57.425525
4.3375,30,-22.636685,-76.309652
4.35,30,-23.886671,-94.107786
4.3625,30,-25.123043,-110.566637
4.375,30,-26.345098,-125.451971
4.3875,30,-27.552138,-138.551951
4.4,30,-28.743477,-149.680145
4.4125,30,-29.918434,-158.678183
4.425,30,-31.076341,-165.418012
4.4375,30,-32.216537,-169.803714
4.45,30,-33.338373,-171.772874
4.4625,30,-34.441209,-171.297469
4.475,30,-35.524417,-168.384264
4.4875,30,-36.587379,-163.074718
4.5,30,-37.62949,-155.444394
4.5125,30,-38.650156,-145.601881
4.525,30,-39.648795,-133.687252
4.5375,30,-40.624838,-119.870069
4.55,30,-41.577729,-104.346969
4.5625,30,-42.506924,-87.338867
4.575,30,-43.411895,-69.087813
4.5875,30,-44.292124,-49.853543
4.6,30,-45.147112,-29.909789
4.6125,30,-45.97637,-9.540377
4.625,30,-46.779426,10.964807
4.6375,30,-47.555822,31.313948
4.65,30,-48.305115,51.217447
4.6625,30,-49.02688,70.392052
4.675,30,-49.720703,88.56488
4.6875,30,-50.386191,105.477308
4.7,30,-51.022963,120.888648
4.7125,30,-51.630658,134.579575
4.725,30,-52.208927,146.355249
4.7375,30,-52.757443,156.048085
4.75,30,-53.275892,163.520142
4.7625,30,-53.763978,168.665081
4.775,30,-54.221424,171.409682
4.7875,30,-54.64797,171.714887
4.8,30,-55.043371,169.576352
4.8125,30,-55.407402,165.024511
4.825,30,-55.739857,158.124143
4.8375,30,-56.040545,148.97345
4.85,30,-56.309296,137.702659
4.8625,30,-56.545955,124.472169
4.875,30,-56.750389,109.470268
4.8875,30,-56.922481,92.910453
4.9,30,-57.062132,75.028395
4.9125,30,-57.169263,56.078578
4.925,30,-57.243813,36.330686
4.9375,30,-57.28574,16.065758
4.95,30,-57.295019,-4.427808
4.9625,30,-57.271645,-24.85836
4.975,30,-57.215633,-44.935143
4.9875,30,-57.127012,-64.372437
5,30,-57.005835,-82.893622
5.0125,30,-56.85217,-100.235117
5.025,30,-56.666104,-116.150127
5.0375,30,-56.447745,-130.41216
5.05,30,-56.197215,-142.818248
5.0625,30,-55.914658,-153.191835
5.075,30,-55.600236,-161.385291
5.0875,30,-55.254126,-167.282011
5.1,30,-54.876527,-170.798076
5.1125,30,-54.467654,-171.883449
5.125,30,-54.027739,-170.522683
5.1375,30,-53.557033,-166.735143
5.15,30,-53.055806,-160.574732
5.1625,30,-52.524341,-152.129121
5.175,30,-51.962942,-141.518502
5.1875,30,-51.37193,-128.893879
5.2,30,-50.751641,-114.434918
5.2125,30,-50.102427,-98.347389
5.225,30,-49.424661,-80.860242
5.2375,30,-48.718727,-62.222342
5.25,30,-47.985028,-42.698931
5.2625,30,-47.223982,-22.567856
5.275,30,-46.436022,-2.115609
5.2875,30,-45.621599,18.366746
5.3,30,-44.781176,38.587716
5.3125,30,-43.915232,58.259531
5.325,30,-43.02426,77.102231
5.3375,30,-42.108769,94.84766
5.35,30,-41.169279,111.243276
5.3625,30,-40.206327,126.055747
5.375,30,-39.220462,139.07427
5.3875,30,-38.212244,150.113574
5.4,30,-37.182249,159.016554
5.4125,30,-36.131064,165.656509
5.425,30,-35.059287,169.938942
5.4375,30,-33.96753,171.80291
5.45,30,-32.856415,171.221885
5.4625,30,-31.726575,168.204136
5.475,30,-30.578653,162.79261
5.4875,30,-29.413305,155.064319
5.5,30,-28.231194,145.129249
5.5125,30,-27.032994,133.12879
5.525,30,-25.819387,119.233723
5.5375,30,-24.591066,103.641796
5.55,30,-23.348731,86.574903
5.5625,30,-22.093088,68.27593
5.575,30,-20.824855,49.005295
5.5875,30,-19.544754,29.037248
5.6,30,-18.253514,8.65596
5.6125,30,-16.951872,-11.848514
5.625,30,-15.640568,-32.184367
5.6375,30,-14.320351,-52.062192
5.65,30,-12.991972,-71.1991
5.6625,30,-11.65619,-89.322747
5.675,30,-10.313764,-106.175207
5.6875,30,-8.965461,-121.516648
5.7,30,-7.612048,-135.128739
5.7125,30,-6.254297,-146.817761
5.725,30,-4.892981,-156.417363
5.7375,30,-3.528877,-163.79093
5.75,30,-2.162762,-168.833526
5.7625,30,-0.795415,-171.473387
5.775,30,0.572386,-171.672945
5.7875,30,1.939861,-169.42936
5.8,30,3.30623,-164.774561
5.8125,30,4.670715,-157.774792
5.825,30,6.032538,-148.52967
5.8375,30,7.390923,-137.170765
5.85,30,8.745096,-123.859731
5.8625,30,10.094285,-108.786001
5.875,30,11.437722,-92.164097
5.8875,30,12.77464,-74.23057
5.9,30,14.104277,-55.240639
5.9125,30,15.425877,-35.464558
5.925,30,16.738685,-15.183767
5.9375,30,18.041954,5.31311
5.95,30,19.33494,25.734374
5.9625,30,20.616908,45.789403
5.975,30,21.887126,65.192785
5.9875,30,23.14487,83.668383
6,30,24.389424,100.953265
6.0125,30,25.620078,116.801442
6.025,30,26.836132,130.987373
6.0375,30,28.036891,143.309173
6.05,30,29.221672,153.591486
6.0625,30,30.389799,161.687979
6.075,30,31.540607,167.483428
6.0875,30,32.67344,170.895358
6.1,30,33.787652,171.87521
6.1125,30,34.882608,170.40904
6.125,30,35.957685,166.517714
6.1375,30,37.012269,160.256611
6.15,30,38.04576,151.714835
6.1625,30,39.057568,141.013947
6.175,30,40.047117,128.306235
6.1875,30,41.013844,113.772549
6.2,30,41.957196,97.619722
6.2125,30,42.876636,80.077631
6.225,30,43.771641,61.395925
6.2375,30,44.641701,41.84047
6.25,30,45.486318,21.689568
6.2625,30,46.305013,1.229993
6.275,30,47.097319,-19.247087
6.2875,30,47.862783,-39.450254
6.3,30,48.600971,-59.091989
6.3125,30,49.31146,-77.892764
6.325,30,49.993847,-95.585016
6.3375,30,50.647741,-111.916962
6.35,30,51.272772,-126.656175
6.3625,30,51.868582,-139.592896
6.375,30,52.434832,-150.543017
6.3875,30,52.971198,-159.350702
6.4,30,53.477377,-165.890607
6.4125,30,53.953078,-170.069659
6.425,30,54.398031,-171.828385
6.4375,30,54.811983,-171.141756
6.45,30,55.194697,-168.019542
6.4625,30,55.545955,-162.506179
6.475,30,55.865557,-154.680128
6.4875,30,56.153322,-144.652765
6.5,30,56.409084,-132.566793
6.5125,30,56.632698,-118.594212
6.525,30,56.824038,-102.933872
6.5375,30,56.982993,-85.808641
6.55,30,57.109473,-67.462234
6.5625,30,57.203406,-48.155746
6.575,30,57.264738,-28.163936
6.5875,30,57.293436,-7.771314
6.6,30,57.289481,12.731905
6.6125,30,57.252877,33.053931
6.625,30,57.183644,52.905555
6.6375,30,57.081822,72.004258
6.65,30,56.947469,90.078242
6.6625,30,56.780661,106.870288
6.675,30,56.581494,122.141422
6.6875,30,56.35008,135.674315
6.7,30,56.086552,147.276375
6.7125,30,55.791061,156.782488
6.725,30,55.463774,164.05737
6.7375,30,55.104877,168.997489
6.75,30,54.714577,171.53254
6.7625,30,54.293094,171.626445
6.775,30,53.840669,169.27787
6.7875,30,53.35756,164.520236
6.8,30,52.844043,157.421252
6.8125,30,52.300409,148.081946
6.825,30,51.726969,136.635229
6.8375,30,51.12405,123.244004
6.85,30,50.491995,108.098847
6.8625,30,49.831164,91.415293
6.875,30,49.141934,73.430774
6.8875,30,48.424698,54.401233
6.9,30,47.679865,34.597487
6.9125,30,46.907859,14.301372
6.925,30,46.109119,-6.198272
6.9375,30,45.284102,-26.609706
6.95,30,44.433277,-46.642447
6.9625,30,43.55713,-66.011402
6.975,30,42.656159,-84.440923
6.9875,30,41.730878,-101.668733
7,30,40.781814,-117.449656
7.0125,30,39.809509,-131.559109
7.025,30,38.814516,-143.796293
7.0375,30,37.797403,-153.987058
7.05,30,36.758748,-161.986374
7.0625,30,35.699145,-167.6804
7.075,30,34.619197,-170.988102
7.0875,30,33.519519,-171.862407
7.1,30,32.400738,-170.290872
7.1125,30,31.263491,-166.295864
7.125,30,30.108428,-159.934235
7.1375,30,28.936205,-151.29652
7.15,30,27.747492,-140.505648
7.1625,30,26.542965,-127.715185
7.175,30,25.323311,-113.10716
7.1875,30,24.089226,-96.889462
7.2,30,22.841412,-79.292894
7.2125,30,21.58058,-60.567879
7.225,30,20.30745,-40.980899
7.2375,30,19.022746,-20.810704
7.25,30,17.727201,-0.344344
7.2625,30,16.421553,20.126917
7.275,30,15.106547,40.311744
7.2875,30,13.782931,59.922878
7.3,30,12.45146,78.681228
7.3125,30,11.112893,96.319835
7.325,30,9.767993,112.587677
7.3375,30,8.417526,127.253242
7.35,30,7.062262,140.107816
7.3625,30,5.702973,150.968463
7.375,30,4.340434,159.68062
7.3875,30,2.975421,166.120301
7.4,30,1.608713,170.195861
7.4125,30,0.241088,171.849298
7.425,30,-1.126675,171.057082
7.4375,30,-2.493796,167.830488
7.45,30,-3.859495,162.215434
7.4625,30,-5.222995,154.29183
7.475,30,-6.583518,144.17244
7.4875,30,-7.940289,132.001276
7.5,30,-9.292535,117.951553
7.5125,30,-10.639485,102.223215
7.525,30,-11.980372,85.0401
7.5375,30,-13.314431,66.646747
7.55,30,-14.640902,47.304919
7.5625,30,-15.959029,27.289876
7.575,30,-17.268061,6.88646
7.5875,30,-18.567252,-13.614959
7.6,30,-19.855861,-33.922619
7.6125,30,-21.133155,-53.747512
7.625,30,-22.398404,-72.807505
7.6375,30,-23.650889,-90.831346
7.65,30,-24.889894,-107.562532
7.6625,30,-26.114715,-122.762954
7.675,30,-27.324653,-136.216289
7.6875,30,-28.519019,-147.731079
7.7,30,-29.697131,-157.143451
7.7125,30,-30.858319,-164.319454
7.725,30,-32.001921,-169.156965
7.7375,30,-33.127284,-171.587138
7.75,30,-34.233768,-171.575389
7.7625,30,-35.320742,-169.121885
7.775,30,-36.387587,-164.261543
7.7875,30,-37.433694,-157.063533
7.8,30,-38.458468,-147.630291
7.8125,30,-39.461324,-136.096066
7.825,30,-40.441691,-122.625006
7.8375,30,-41.39901,-107.408822
7.85,30,-42.332735,-90.664063
7.8625,30,-43.242335,-72.629028
7.875,30,-44.127291,-53.560383
7.8875,30,-44.987098,-33.729499
7.9,30,-45.821267,-13.418597
7.9125,30,-46.629322,7.083269
7.925,30,-47.410803,27.484331
7.9375,30,-48.165265,47.494253
7.95,30,-48.892277,66.828266
7.9625,30,-49.591424,85.211221
7.975,30,-50.26231,102.381502
7.9875,30,-50.904551,118.094752
8,30,-51.517781,132.127352
8.0125,30,-52.101651,144.279596
8.025,30,-52.655827,154.378542
8.0375,30,-53.179995,162.280468
8.05,30,-53.673856,167.872919
8.0625,30,-54.137128,171.076307
8.075,30,-54.569546,171.845042
8.0875,30,-54.970865,170.168184
8.1,30,-55.340856,166.069598
8.1125,30,-55.679308,159.607612
8.125,30,-55.986028,150.87419
8.1375,30,-56.260841,139.993619
8.15,30,-56.503591,127.120745
8.1625,30,-56.71414,112.438767
8.175,30,-56.892367,96.156631
8.1875,30,-57.03817,78.506052
8.2,30,-57.151467,59.738224
8.2125,30,-57.232194,40.120239
8.225,30,-57.280303,19.931287
8.2375,30,-57.295768,-0.541315
8.25,30,-57.27858,-21.006213
8.2625,30,-57.228749,-41.172163
8.275,30,-57.146303,-60.752177
8.2875,30,-57.031288,-79.467604
8.3,30,-56.883772,-97.052096
8.3125,30,-56.703837,-113.255403
8.325,30,-56.491586,-127.846929
8.3375,30,-56.247141,-140.619017
8.35,30,-55.97064,-151.389902
8.3625,30,-55.662241,-160.006299
8.375,30,-55.32212,-166.345585
8.3875,30,-54.95047,-170.317544
8.4,30,-54.547504,-171.865649
8.4125,30,-54.113451,-170.967868
8.425,30,-53.648559,-167.636978
8.4375,30,-53.153092,-161.920382
8.45,30,-52.627333,-153.899435
8.4625,30,-52.071581,-143.688287
8.475,30,-51.486154,-131.432256
8.4875,30,-50.871384,-117.305762
8.5,30,-50.227623,-101.509845
8.5125,30,-49.555236,-84.269302
8.525,30,-48.854608,-65.829491
8.5375,30,-48.126137,-46.452835
8.55,30,-47.370239,-26.415092
8.5625,30,-46.587345,-6.001425
8.575,30,-45.7779,14.497651
8.5875,30,-44.942366,34.790405
8.6,30,-44.081219,54.588043
8.6125,30,-43.19495,73.608819
8.625,30,-42.284064,91.582038
8.6375,30,-41.349081,108.251919
8.65,30,-40.390532,123.381226
8.6625,30,-39.408964,136.754647
8.675,30,-38.404937,148.181861
8.6875,30,-37.379023,157.500241
8.7,30,-36.331807,164.577176
8.7125,30,-35.263885,169.31195
8.725,30,-34.175865,171.637181
8.7375,30,-33.068369,171.519778
8.75,30,-31.942027,168.961411
8.7625,30,-30.797481,163.99849
8.775,30,-29.635384,156.701643
8.7875,30,-28.456397,147.174716
8.8,30,-27.261193,135.553289
8.8125,30,-26.050452,122.002751
8.825,30,-24.824865,106.715946
8.8375,30,-23.58513,89.910425
8.85,30,-22.331954,71.825355
8.8625,30,-21.066051,52.71811
8.875,30,-19.788143,32.860614
8.8875,30,-18.498957,12.535466
8.9,30,-17.199228,-7.968079
8.9125,30,-15.889697,-28.358227
8.925,30,-14.571111,-48.344798
8.9375,30,-13.244221,-67.643357
8.95,30,-11.909783,-85.979256
8.9625,30,-10.568557,-103.091552
8.975,30,-9.221308,-118.736713
8.9875,30,-7.868804,-132.692086
9,30,-6.511815,-144.759068
9.0125,30,-5.151116,-154.765928
9.025,30,-3.78748,-162.570255
9.0375,30,-2.421687,-168.060982
9.05,30,-1.054513,-171.159969
9.0625,30,0.313262,-171.823114
9.075,30,1.680858,-170.040978
9.0875,30,3.047497,-165.838924
9.1,30,4.412399,-159.276753
9.1125,30,5.774786,-150.447853
9.125,30,7.133882,-139.477873
9.1375,30,8.488912,-126.52293
9.15,30,9.839104,-111.76739
9.1625,30,11.183689,-95.421246
9.175,30,12.521901,-77.717126
9.1875,30,13.852976,-58.906984
9.2,30,15.176156,-39.258514
9.2125,30,16.490688,-19.051341
9.225,30,17.795821,1.426959
9.2375,30,19.090812,21.884951
9.25,30,20.374923,42.03149
9.2625,30,21.647423,61.579863
9.275,30,22.907586,80.251869
9.2875,30,24.154693,97.781781
9.3,30,25.388035,113.920122
9.3125,30,26.606907,128.437223
9.325,30,27.810617,141.126484
9.3375,30,28.998477,151.807321
9.35,30,30.169811,160.32773
9.3625,30,31.32395,166.566453
9.375,30,32.460238,170.434706
9.3875,30,33.578027,171.877437
9.4,30,34.67668,170.874114
9.4125,30,35.75557,167.439017
9.425,30,36.814083,161.621031
9.4375,30,37.851615,153.502955
9.45,30,38.867576,143.200319
9.4625,30,39.861386,130.859745
9.475,30,40.832478,116.656856
9.4875,30,41.7803,100.793779
9.5,30,42.704312,83.496267
9.5125,30,43.603985,65.010487
9.525,30,44.478809,45.599519
9.5375,30,45.328284,25.539606
9.55,30,46.151926,5.116229
9.5625,30,46.949266,-15.379958
9.575,30,47.71985,-35.657268
9.5875,30,48.463238,-55.427125
9.6,30,49.179006,-74.408178
9.6125,30,49.866747,-92.3303
9.625,30,50.526068,-108.938433
9.6375,30,51.156595,-123.996223
9.65,30,51.757967,-137.289374
9.6625,30,52.329842,-148.628708
9.675,30,52.871894,-157.852851
9.6875,30,53.383814,-164.830529
9.7,30,53.865311,-169.46244
9.7125,30,54.316109,-171.682667
9.725,30,54.735953,-171.459613
9.7375,30,55.124602,-168.796451
9.75,30,55.481835,-163.731082
9.7625,30,55.807449,-156.335594
9.775,30,56.101258,-146.715234
9.7875,30,56.363095,-135.006914
9.8,30,56.59281,-121.377258
9.8125,30,56.790272,-106.020237
9.825,30,56.95537,-89.154401
9.8375,30,57.088008,-71.019774
9.85,30,57.188112,-51.874439
9.8625,30,57.255624,-31.990858
9.875,30,57.290506,-11.652003
9.8875,30,57.292737,8.852676
9.9,30,57.262317,29.23137
9.9125,30,57.199264,49.19406
9.925,30,57.103612,68.456651
9.9375,30,56.975416,86.745009
9.95,30,56.81475,103.798866
9.9625,30,56.621705,119.375522
9.975,30,56.396391,133.253299
9.9875,30,56.138936,145.234697
10,30,55.849487,155.149205
10.0125,30,55.52821,162.855725
10.025,30,55.175287,168.244583
10.0375,30,54.790919,171.239088
10.05,30,54.375325,171.796625
10.0625,30,53.928743,169.909257
10.075,30,53.451427,165.603847
10.0875,30,52.943648,158.941665
10.1,30,52.405697,150.017523
10.1125,30,51.837879,138.958424
10.125,30,51.240519,125.921755
10.1375,30,50.613956,111.093046
10.15,30,49.958548,94.683329
10.1625,30,49.274669,76.926137
10.175,30,48.562708,58.07418
10.1875,30,47.823071,38.395747
10.2,30,47.056179,18.170889
10.2125,30,46.262469,-2.312565
10.225,30,45.442395,-22.763108
10.2375,30,44.596422,-42.889701
10.25,30,43.725034,-62.405914
10.2625,30,42.828727,-81.034005
10.275,30,41.908012,-98.508869
10.2875,30,40.963413,-114.581817
10.3,30,39.995468,-129.024107
10.3125,30,39.00473,-141.630205
10.325,30,37.991763,-152.22071
10.3375,30,36.957145,-160.644904
10.35,30,35.901464,-166.782898
10.3625,30,34.825323,-170.547342
10.375,30,33.729335,-171.884661
10.3875,30,32.614124,-170.775824
10.4,30,31.480327,-167.236611
10.4125,30,30.328588,-161.31739
10.425,30,29.159566,-153.1024
10.4375,30,27.973925,-142.70855
10.45,30,26.772341,-130.283761
10.4625,30,25.5555,-116.004854
10.475,30,24.324095,-100.075037
10.4875,30,23.078827,-82.721014
10.5,30,21.820407,-64.189757
10.5125,30,20.549551,-44.744991
10.525,30,19.266984,-24.663442
10.5375,30,17.973436,-4.230898
10.55,30,16.669645,16.261857
10.5625,30,15.356354,36.523184
10.575,30,14.034312,56.264735
10.5875,30,12.704271,75.205562
10.6,30,11.36699,93.076109
10.6125,30,10.023231,109.622055
10.625,30,8.67376,124.607927
10.6375,30,7.319345,137.820457
10.65,30,5.960759,149.07161
10.6625,30,4.598776,158.201269
10.675,30,3.234172,165.079505
10.6875,30,1.867725,169.608432
10.7,30,0.500214,171.723596
10.7125,30,-0.867582,171.394896
10.725,30,-2.234885,168.627009
10.7375,30,-3.600913,163.459328
10.75,30,-4.964889,155.965394
10.7625,30,-6.326036,146.251857
10.775,30,-7.683577,134.456954
10.7875,30,-9.03674,120.748543
10.8,30,-10.384752,105.321713
10.8125,30,-11.726846,88.396009
10.825,30,-13.062257,70.212309
10.8375,30,-14.390224,51.029389
10.85,30,-15.70999,31.120252
10.8625,30,-17.020802,10.76823
10.875,30,-18.321914,-9.737039
10.8875,30,-19.612585,-30.103736
10.9,30,-20.892078,-50.042016
10.9125,30,-22.159665,-69.268128
10.925,30,-23.414623,-87.508459
10.9375,30,-24.656236,-104.503424
10.95,30,-25.883798,-120.011161
10.9625,30,-27.096609,-133.810973
10.975,30,-28.293977,-145.70647
10.9875,30,-29.475221,-155.528362
11,30,-30.639666,-163.136871
11.0125,30,-31.78665,-168.423717
11.025,30,-32.915518,-171.313661
11.0375,30,-34.025627,-171.765574
11.05,30,-35.116345,-169.773026
11.0625,30,-36.187051,-165.364373
11.075,30,-37.237133,-158.602357
11.0875,30,-38.265993,-149.583209
11.1,30,-39.273046,-138.435286
11.1125,30,-40.257716,-125.317238
11.125,30,-41.219444,-110.415752
11.1375,30,-42.15768,-93.942897
11.15,30,-43.071891,-76.133105
11.1625,30,-43.961554,-57.239834
11.175,30,-44.826164,-37.53196
11.1875,30,-45.665227,-17.289955
11.2,30,-46.478265,3.198109
11.2125,30,-47.264816,23.640661
11.225,30,-48.024429,43.746773
11.2375,30,-48.756674,63.230308
11.25,30,-49.461131,81.813988
11.2625,30,-50.137401,99.233343
11.275,30,-50.785097,115.240469
11.2875,30,-51.40385,129.607565
11.3,30,-51.993308,142.130166
11.3125,30,-52.553135,152.630058
11.325,30,-53.083012,160.957813
11.3375,30,-53.582636,166.994916
11.35,30,-54.051723,170.655451
11.3625,30,-54.490006,171.887323
11.375,30,-54.897235,170.673
11.3875,30,-55.273178,167.029765
11.4,30,-55.61762,161.009466
11.4125,30,-55.930366,152.697779
11.425,30,-56.211236,142.212992
11.4375,30,-56.460072,129.704318
11.45,30,-56.67673,115.349771
11.4625,30,-56.861089,99.353639
11.475,30,-57.013042,81.943566
11.4875,30,-57.132503,63.367323
11.5,30,-57.219403,43.889276
11.5125,30,-57.273695,23.786624
11.525,30,-57.295345,3.345455
11.5375,30,-57.284343,-17.143324
11.55,30,-57.240694,-37.388131
11.5625,30,-57.164424,-57.100852
11.575,30,-57.055575,-76.000949
11.5875,30,-56.91421,-93.819448
11.6,30,-56.740409,-110.302766
11.6125,30,-56.534272,-125.216324
11.625,30,-56.295916,-138.34788
11.6375,30,-56.025476,-149.510555
11.65,30,-55.723107,-158.545487
11.6625,30,-55.388981,-165.324099
11.675,30,-55.023289,-169.74992
11.6875,30,-54.626239,-171.759965
11.7,30,-54.198057,-171.325628
11.7125,30,-53.738987,-168.453091
11.725,30,-53.249291,-163.183234
11.7375,30,-52.729248,-155.591053
11.75,30,-52.179155,-145.784597
11.7625,30,-51.599324,-133.903425
11.775,30,-50.990087,-120.116621
11.7875,30,-50.35179,-104.620393
11.8,30,-49.684798,-87.635271
11.8125,30,-48.98949,-69.402979
11.825,30,-48.266262,-50.182986
11.8375,30,-47.515528,-30.24882
11.85,30,-46.737714,-9.884171
11.8625,30,-45.933264,10.621143
11.875,30,-45.102636,30.975304
11.8875,30,-44.246304,50.888643
11.9,30,-43.364757,70.077766
11.9125,30,-42.458495,88.269586
11.925,30,-41.528036,105.205208
11.9375,30,-40.57391,120.643614
11.95,30,-39.596661,134.365095
11.9625,30,-38.596845,146.174375
11.975,30,-37.575033,155.903391
11.9875,30,-36.531807,163.413687
12,30,-35.467761,168.59838
12.0125,30,-34.383502,171.383685
12.025,30,-33.279647,171.729964
12.0375,30,-32.156826,169.632287
12.05,30,-31.015679,165.120509
12.0625,30,-29.856856,158.258838
12.075,30,-28.681018,149.144925
12.0875,30,-27.488834,137.908473
12.1,30,-26.280984,124.709393
12.1125,30,-25.058156,109.735526
12.125,30,-23.821048,93.199971
12.1375,30,-22.570364,75.338052
12.15,30,-21.306816,56.403968
12.1625,30,-20.031127,36.667177
12.175,30,-18.744021,16.408562
12.1875,30,-17.446233,-4.083569
12.2,30,-16.138502,-24.517586
12.2125,30,-14.821574,-44.602684
12.225,30,-13.496199,-64.053023
12.2375,30,-12.163132,-82.5918
12.25,30,-10.823133,-99.955181
12.2625,30,-9.476967,-115.896062
12.275,30,-8.125399,-130.187582
12.2875,30,-6.769201,-142.626353
12.3,30,-5.409145,-153.035353
12.3125,30,-4.046006,-161.266449
12.325,30,-2.680562,-167.2025
12.3375,30,-1.313589,-170.759029
12.35,30,0.054132,-171.885421
12.3625,30,1.421822,-170.565645
12.375,30,2.788701,-166.818485
12.3875,30,4.153992,-160.697267
12.4,30,5.516915,-152.289105
12.4125,30,6.876694,-141.713659
12.425,30,8.232554,-129.121431
12.4375,30,9.583722,-114.691627
12.45,30,10.929428,-98.629602
12.4625,30,12.268906,-81.163942
12.475,30,13.601391,-62.543207
12.4875,30,14.926125,-43.032396
12.5,30,16.242353,-22.909174
12.5125,30,17.549324,-2.459923
12.525,30,18.846293,18.024336
12.5375,30,20.132522,38.252084
12.55,30,21.407277,57.935452
12.5625,30,22.669832,76.794319
12.575,30,23.919468,94.560296
12.5875,30,25.155472,110.980549
12.6,30,26.377139,125.821396
12.6125,30,27.583774,138.87163
12.625,30,28.774689,149.94553
12.6375,30,29.949205,158.885497
12.65,30,31.106653,165.564304
12.6625,30,32.246373,169.886902
12.675,30,33.367716,171.791774
12.6875,30,34.470042,171.251812
12.7,30,35.552724,168.274701
12.7125,30,36.615144,162.902807
12.725,30,37.656697,155.212582
12.7375,30,38.676789,145.313467
12.75,30,39.674839,133.34634
12.7625,30,40.650278,119.481511
12.775,30,41.60255,103.916295
12.7875,30,42.531113,86.872206
12.8,30,43.435438,68.591806
12.8125,30,44.315008,49.33525
12.825,30,45.169323,29.376584
12.8375,30,45.997895,8.99985
12.85,30,46.800254,-11.504965
12.8625,30,47.57594,-31.846049
12.875,30,48.324513,-51.733919
12.8875,30,49.045545,-70.885544
12.9,30,49.738627,-89.028369
12.9125,30,50.403362,-105.904198
12.925,30,51.039371,-121.272864
12.9375,30,51.646294,-134.91565
12.95,30,52.223782,-146.638399
12.9625,30,52.771508,-156.274281
12.975,30,53.28916,-163.686164
12.9875,30,53.776442,-168.768567
13,30,54.233076,-171.44916
13.0125,30,54.658803,-171.689794
13.025,30,55.053379,-169.487045
13.0375,30,55.41658,-164.872262
13.05,30,55.748199,-157.911118
13.0625,30,56.048047,-148.702681
13.075,30,56.315952,-137.377999
13.0875,30,56.551764,-124.098238
13.1,30,56.755345,-109.052388
13.1125,30,56.926582,-92.454571
13.125,30,57.065376,-74.540999
13.1375,30,57.171649,-55.566605
13.15,30,57.245338,-35.801421
13.1625,30,57.286404,-15.526734
13.175,30,57.294822,4.968921
13.1875,30,57.270587,25.39386
13.2,30,57.213713,45.45741
13.2125,30,57.124233,64.874038
13.225,30,57.002198,83.367419
13.2375,30,56.847677,100.674367
13.25,30,56.660758,116.548579
13.2625,30,56.441547,130.764143
13.275,30,56.190171,143.118753
13.2875,30,55.906771,153.436586
13.3,30,55.59151,161.570803
13.3125,30,55.244568,167.405645
13.325,30,54.866141,170.858074
13.3375,30,54.456445,171.878955
13.35,30,54.015715,170.453762
13.3625,30,53.5442,166.602776
13.375,30,53.042171,160.380802
13.3875,30,52.509913,151.876388
13.4,30,51.947729,141.210563
13.4125,30,51.355939,128.535116
13.425,30,50.734882,114.030437
13.4375,30,50.084911,97.902948
13.45,30,49.406396,80.382164
13.4625,30,48.699724,61.71743
13.475,30,47.965298,42.174373
13.4875,30,47.203537,22.031116
13.5,30,46.414873,1.574325
13.5125,30,45.599758,-18.90487
13.525,30,44.758655,-39.115023
13.5375,30,43.892045,-58.768515
13.55,30,43.000419,-77.58565
13.5625,30,42.084288,-95.298633
13.575,30,41.144173,-111.655386
13.5875,30,40.180609,-126.423128
13.6,30,39.194146,-139.391694
13.6125,30,38.185347,-150.376524
13.625,30,37.154785,-159.221288
13.6375,30,36.103049,-165.800113
13.65,30,35.030737,-170.019373
13.6625,30,33.938461,-171.819022
13.675,30,32.826844,-171.17345
13.6875,30,31.696518,-168.091843
13.7,30,30.548129,-162.618056
13.7125,30,29.38233,-154.82999
13.725,30,28.199785,-144.838479
13.7375,30,27.00117,-132.785716
13.75,30,25.787166,-118.843229
13.7625,30,24.558466,-103.209438
13.775,30,23.315771,-86.106835
13.7875,30,22.059787,-67.778812
13.8,30,20.791232,-48.486204
13.8125,30,19.510827,-28.503569
13.825,30,18.219303,-8.115289
13.8375,30,16.917396,12.388482
13.85,30,15.605848,32.715948
13.8625,30,14.285406,52.577821
13.875,30,12.956822,71.691439
13.8875,30,11.620854,89.784789
13.9,30,10.278264,106.600377
13.9125,30,8.929816,121.898895
13.925,30,7.576278,135.462622
13.9375,30,6.218423,147.09853
13.95,30,4.857024,156.641022
13.9625,30,3.492857,163.954295
13.975,30,2.1267,168.934273
13.9875,30,0.75933,171.510082
14,30,-0.608472,171.645066
14.0125,30,-1.975928,169.337303
14.025,30,-3.342257,164.619637
14.0375,30,-4.706682,157.559205
14.05,30,-6.068424,148.256488
14.0625,30,-7.426708,136.843877
14.075,30,-8.780759,123.483788
14.0875,30,-10.129807,108.366354
14.1,30,-11.473081,91.706717
14.1125,30,-12.809816,73.741967
14.125,30,-14.139252,54.727766
14.1375,30,-15.460629,34.934714
14.15,30,-16.773195,14.644493
14.1625,30,-18.076202,-5.85414
14.175,30,-19.368907,-26.26946
14.1875,30,-20.650574,-46.31093
14.2,30,-21.920472,-65.693331
14.2125,30,-23.177878,-84.140825
14.225,30,-24.422074,-101.390879
14.2375,30,-25.652352,-117.198
14.25,30,-26.868011,-131.337233
14.2625,30,-28.068357,-143.607354
14.275,30,-29.252707,-153.833745
14.2875,30,-30.420386,-161.870869
14.3,30,-31.570728,-167.604346
14.3125,30,-32.703078,-170.952582
14.325,30,-33.81679,-171.867927
14.3375,30,-34.91123,-170.337353
14.35,30,-35.985774,-166.382644
14.3625,30,-37.039809,-160.060079
14.375,30,-38.072736,-151.459639
14.3875,30,-39.083964,-140.703718
14.4,30,-40.072918,-127.945389
14.4125,30,-41.039035,-113.36622
14.425,30,-41.981763,-97.173694
14.4375,30,-42.900565,-79.598251
14.45,30,-43.794919,-60.890015
14.4625,30,-44.664313,-41.31523
14.475,30,-45.508253,-21.152473
14.4875,30,-46.326258,-0.688686
14.5,30,-47.117861,19.784902
14.5125,30,-47.882611,39.976923
14.525,30,-48.620073,59.600017
14.5375,30,-49.329826,78.374921
14.55,30,-50.011466,96.034441
14.5625,30,-50.664604,112.327258
14.575,30,-51.288868,127.021503
14.5875,30,-51.883902,139.908057
14.6,30,-52.449368,150.803525
14.6125,30,-52.984942,159.552852
14.625,30,-53.49032,166.03152
14.6375,30,-53.965213,170.14733
14.65,30,-54.409352,171.841709
14.6625,30,-54.822482,171.090543
14.675,30,-55.204369,167.904522
14.6875,30,-55.554795,162.328987
14.7,30,-55.873559,154.443287
14.7125,30,-56.160481,144.359645
14.725,30,-56.415397,132.221566
14.7375,30,-56.638162,118.201791
14.75,30,-56.828648,102.499842
14.7625,30,-56.986747,85.339178
14.775,30,-57.112369,66.964019
14.7875,30,-57.205443,47.635871
14.8,30,-57.265915,27.629797
14.8125,30,-57.293751,7.230514
14.825,30,-57.288935,-13.27167
14.8375,30,-57.251469,-33.584979
14.85,30,-57.181376,-53.420328
14.8625,30,-57.078695,-72.495432
14.875,30,-56.943484,-90.538825
14.8875,30,-56.775821,-107.293726
14.9,30,-56.575802,-122.521689
14.9125,30,-56.343539,-136.005999
14.925,30,-56.079166,-147.554755
14.9375,30,-55.782834,-157.003604
14.95,30,-55.45471,-164.218074
14.9625,30,-55.094982,-169.095494
14.975,30,-54.703856,-171.566451
14.9875,30,-54.281554,-171.595781
15,30,-53.828316,-169.183066
15.0125,30,-53.344401,-164.362641
15.025,30,-52.830085,-157.20311
15.0375,30,-52.285661,-147.80636
15.05,30,-51.711439,-136.306122
15.0625,30,-51.107747,-122.86606
15.075,30,-50.474928,-107.677443
15.0875,30,-49.813343,-90.956428
15.1,30,-49.123369,-72.940977
15.1125,30,-48.4054,-53.887475
15.125,30,-47.659844,-34.06708
15.1375,30,-46.887127,-13.761863
15.15,30,-46.087688,6.739204
15.1625,30,-45.261984,27.144363
15.175,30,-44.410485,47.16322
15.1875,30,-43.533676,66.510879
15.2,30,-42.632057,84.911997
15.2125,30,-41.706142,102.104699
15.225,30,-40.756458,117.844311
15.2375,30,-39.783547,131.906835
15.25,30,-38.787963,144.092143
15.2625,30,-37.770274,154.22682
15.275,30,-36.731059,162.166636
15.2875,30,-35.670911,167.798597
15.3,30,-34.590434,171.042552
15.3125,30,-33.490244,171.852335
15.325,30,-32.370968,170.216422
15.3375,30,-31.233243,166.158094
15.35,30,-30.077718,159.735107
15.3625,30,-28.905052,151.038868
15.375,30,-27.715913,140.193138
15.3875,30,-26.510978,127.352265
15.4,30,-25.290935,112.698994
15.4125,30,-24.056478,96.44186
15.425,30,-22.808311,78.812225
15.4375,30,-21.547146,60.060983
15.45,30,-20.273701,40.454991
15.4625,30,-18.988701,20.273268
15.475,30,-17.69288,-0.196972
15.4875,30,-16.386976,-20.664408
15.5,30,-15.071733,-40.837761
15.5125,30,-13.7479,-60.429937
15.525,30,-12.416233,-79.162111
15.5375,30,-11.077489,-96.767698
15.55,30,-9.732432,-112.996148
15.5625,30,-8.381828,-127.616506
15.575,30,-7.026448,-140.420705
15.5875,30,-5.667064,-151.226524
15.6,30,-4.304449,-159.880179
15.6125,30,-2.939382,-166.258519
15.625,30,-1.572639,-170.270771
15.6375,30,-0.205,-171.859834
15.65,30,1.162756,-171.003094
15.6625,30,2.529849,-167.712744
15.675,30,3.8955,-162.035609
15.6875,30,5.258931,-154.052484
15.7,30,6.619365,-143.876979
15.7125,30,7.976027,-131.653906
15.725,30,9.328143,-117.557216
15.7375,30,10.674943,-101.787524
15.75,30,12.01566,-84.569255
15.7625,30,13.349528,-66.147449
15.775,30,14.675789,-46.784273
15.7875,30,15.993686,-26.755292
15.8,30,17.302467,-6.345546
15.8125,30,18.601389,14.154505
15.825,30,19.889709,34.453119
15.8375,30,21.166694,54.261416
15.85,30,22.431616,73.297499
15.8625,30,23.683754,91.290458
15.875,30,24.922394,107.984226
15.8875,30,26.146831,123.14123
15.9,30,27.356367,136.545764
15.9125,30,28.550313,148.007064
15.925,30,29.727987,157.362018
15.9375,30,30.888719,164.477493
15.95,30,32.031848,169.252226
15.9625,30,33.156722,171.618266
15.975,30,34.262699,171.541941
15.9875,30,35.34915,169.024337
16,30,36.415456,164.101283
16.0125,30,37.461008,156.84284
16.025,30,38.48521,147.352308
16.0375,30,39.48748,135.764749
16.05,30,40.467246,122.245069
16.0625,30,41.42395,106.985673
16.075,30,42.357045,90.203724
16.0875,30,43.266001,72.13805
16.1,30,44.1503,53.045753
16.1125,30,45.009437,33.198541
16.125,30,45.842923,12.878868
16.1375,30,46.650284,-7.624089
16.15,30,47.431057,-28.018545
16.1625,30,48.1848,-48.014258
16.175,30,48.911082,-67.326662
16.1875,30,49.609489,-85.680915
16.2,30,50.279624,-102.815809
16.2125,30,50.921104,-118.487493
16.225,30,51.533564,-132.472936
16.2375,30,52.116654,-144.573105
16.25,30,52.670043,-154.6158
16.2625,30,53.193416,-162.458098
16.275,30,53.686473,-167.988393
16.2875,30,54.148933,-171.127981
16.3,30,54.580535,-171.832181
16.3125,30,54.98103,-170.090972
16.325,30,55.350191,-165.929133
16.3375,30,55.687809,-159.405894
16.35,30,55.993689,-150.614088
16.3625,30,56.267658,-139.678835
16.375,30,56.509561,-126.75576
16.3875,30,56.719258,-112.028775
16.4,30,56.89663,-95.707465
16.4125,30,57.041577,-78.024107
16.425,30,57.154016,-59.230357
16.4375,30,57.233882,-39.593677
16.45,30,57.28113,-19.393525
16.4625,30,57.295734,1.082624
16.475,30,57.277685,21.543366
16.4875,30,57.226992,41.697516
16.5,30,57.143686,61.258252
16.5125,30,57.027814,79.947199
16.525,30,56.87944,97.498387
16.5375,30,56.698652,113.662038
16.55,30,56.48555,128.208121
16.5625,30,56.240257,140.929626
16.575,30,55.962912,151.645507
16.5875,30,55.653674,160.203263
16.6,30,55.312718,166.481105
16.6125,30,54.94024,170.389691
16.625,30,54.536451,171.873396
16.6375,30,54.101581,170.911105
16.65,30,53.635878,167.516513
16.6625,30,53.139609,161.737929
16.675,30,52.613054,153.657591
16.6875,30,52.056516,143.390493
16.7,30,51.47031,131.082751
16.7125,30,50.85477,116.909519
16.725,30,50.210249,101.072504
16.7375,30,49.537112,83.797087
16.75,30,48.835744,65.329122
16.7625,30,48.106545,45.931433
16.775,30,47.349929,25.880076
16.7875,30,46.566328,5.46041
16.8,30,45.756189,-15.036965
16.8125,30,44.919973,-35.320343
16.825,30,44.058157,-55.101064
16.8375,30,43.171232,-74.097621
16.85,30,42.259704,-92.039666
16.8625,30,41.324091,-108.67186
16.875,30,40.364928,-123.757502
16.8875,30,39.382761,-137.081905
16.9,30,38.378149,-148.455442
16.9125,30,37.351666,-157.716254
16.925,30,36.303895,-164.732545
16.9375,30,35.235435,-169.404464
16.95,30,34.146894,-171.665524
16.9625,30,33.038892,-171.483546
16.975,30,31.912062,-168.86112
16.9875,30,30.767044,-163.835567
17,30,29.604492,-156.478407
17.0125,30,28.425069,-146.894344
17.025,30,27.229446,-135.219771
17.0375,30,26.018305,-121.620833
17.05,30,24.792336,-106.291064
17.0625,30,23.552237,-89.448625
17.075,30,22.298716,-71.333209
17.0875,30,21.032487,-52.202623
17.1,30,19.754272,-32.329121
17.1125,30,18.464798,-11.995531
17.125,30,17.164801,8.508772
17.1375,30,15.855022,28.891983
17.15,30,14.536207,48.864022
17.1625,30,13.209108,68.140657
17.175,30,11.874481,86.447558
17.1875,30,10.533086,103.524189
17.2,30,9.185689,119.127529
17.2125,30,7.833057,133.035519
17.225,30,6.47596,145.05023
17.2375,30,5.115173,155.000676
17.25,30,3.751471,162.745248
17.2625,30,2.385631,168.17373
17.275,30,1.018431,171.208867
17.2875,30,-0.349349,171.807466
17.3,30,-1.71693,169.961006
17.3125,30,-3.083533,165.695767
17.325,30,-4.448378,159.072448
17.3375,30,-5.810688,150.185309
17.35,30,-7.169687,139.160825
17.3625,30,-8.5246,126.15589
17.375,30,-9.874654,111.355582
17.3875,30,-11.219081,94.97053
17.4,30,-12.557114,77.233917
17.4125,30,-13.88799,58.398158
17.425,30,-15.210952,38.731313
17.4375,30,-16.525245,18.513267
17.45,30,-17.83012,-1.968248
17.4625,30,-19.124834,-22.421752
17.475,30,-20.408648,-42.556163
17.4875,30,-21.680831,-62.084941
17.5,30,-22.940659,-80.730165
17.5125,30,-24.187412,-98.226487
17.525,30,-25.420381,-114.324911
17.5375,30,-26.638863,-128.796333
17.55,30,-27.842163,-141.434805
17.5625,30,-29.029596,-152.060464
17.575,30,-30.200484,-160.522093
17.5875,30,-31.354161,-166.69927
17.6,30,-32.48997,-170.504087
17.6125,30,-33.607262,-171.882395
17.625,30,-34.705401,-170.814578
17.6375,30,-35.783761,-167.315834
17.65,30,-36.841728,-161.435955
17.6625,30,-37.878699,-153.258619
17.675,30,-38.894083,-142.900201
17.6875,30,-39.8873,-130.508115
17.7,30,-40.857786,-116.258719
17.7125,30,-41.804987,-100.3548
17.725,30,-42.728363,-83.022694
17.7375,30,-43.627387,-64.50906
17.75,30,-44.501549,-45.077373
17.7625,30,-45.350348,-25.004173
17.775,30,-46.173302,-4.575129
17.7875,30,-46.969942,15.919025
17.8,30,-47.739814,36.18663
17.8125,30,-48.482478,55.939249
17.825,30,-49.197512,74.895776
17.8375,30,-49.884508,92.786431
17.85,30,-50.543075,109.356608
17.8625,30,-51.172837,124.370489
17.875,30,-51.773435,137.614406
17.8875,30,-52.344528,148.89988
17.9,30,-52.885789,158.066303
17.9125,30,-53.39691,164.983224
17.925,30,-53.8776,169.552205
17.9375,30,-54.327585,171.708224
17.95,30,-54.746608,171.420598
17.9625,30,-55.134431,168.69342
17.975,30,-55.490833,163.565502
17.9875,30,-55.81561,156.10982
18,30,-56.108577,146.43248
18.0125,30,-56.369568,134.671203
18.025,30,-56.598434,120.993369
18.0375,30,-56.795044,105.593632
18.05,30,-56.959287,88.691151
18.0625,30,-57.091068,70.526473
18.075,30,-57.190312,51.358106
18.0875,30,-57.256963,31.458842
18.1,30,-57.290984,11.111875
18.1125,30,-57.292354,-9.393229
18.125,30,-57.261073,-29.764654
18.1375,30,-57.197158,-49.712488
18.15,30,-57.100647,-68.952844
18.1625,30,-56.971594,-87.211905
18.175,30,-56.810072,-104.229821
18.1875,30,-56.616174,-119.764402
18.2,30,-56.39001,-133.594571
18.2125,30,-56.13171,-145.523504
18.225,30,-55.841419,-155.381436
18.2375,30,-55.519304,-163.028076
18.25,30,-55.165549,-168.354601
18.2625,30,-54.780354,-171.285207
18.275,30,-54.36394,-171.778188
18.2875,30,-53.916544,-169.826528
18.3,30,-53.43842,-165.458002
18.3125,30,-52.929842,-158.73478
18.325,30,-52.391098,-149.752543
18.3375,30,-51.822497,-138.639119
18.35,30,-51.224362,-125.55267
18.3625,30,-50.597033,-110.679433
18.375,30,-49.94087,-94.231074
18.3875,30,-49.256244,-76.441677
18.4,30,-48.543548,-57.564409
18.4125,30,-47.803186,-37.86792
18.425,30,-47.035581,-17.632518
18.4375,30,-46.24117,2.853819
18.45,30,-45.420406,23.299542
18.4625,30,-44.573757,43.413681
18.475,30,-43.701705,62.909982
18.4875,30,-42.804747,81.510988
18.5,30,-41.883395,98.95198
18.5125,30,-40.938173,114.984748
18.525,30,-39.96962,129.381125
18.5375,30,-38.978288,141.936229
18.55,30,-37.964742,152.471384
18.5625,30,-36.929561,160.836661
18.575,30,-35.873332,166.91301
18.5875,30,-34.79666,170.613956
18.6,30,-33.700156,171.88683
18.6125,30,-32.584447,170.713517
18.625,30,-31.450168,167.110714
18.6375,30,-30.297965,161.129695
18.65,30,-29.128495,152.855578
18.6625,30,-27.942425,142.406114
18.675,30,-26.74043,129.930015
18.6875,30,-25.523196,115.604832
18.7,30,-24.291416,99.634432
18.7125,30,-23.045792,82.246097
18.725,30,-21.787034,63.687286
18.7375,30,-20.51586,44.222117
18.75,30,-19.232994,24.127607
18.7625,30,-17.939166,3.689727
18.775,30,-16.635115,-16.800663
18.7875,30,-15.321584,-37.051957
18.8,30,-13.999321,-56.775949
18.8125,30,-12.669079,-75.691942
18.825,30,-11.331617,-93.530733
18.8375,30,-9.987698,-110.038453
18.85,30,-8.638086,-124.980174
18.8625,30,-7.283552,-138.143254
18.875,30,-5.924866,-149.340364
18.8875,30,-4.562804,-158.412155
18.9,30,-3.198142,-165.229522
18.9125,30,-1.831657,-169.695445
18.925,30,-0.464128,-171.746366
18.9375,30,0.903666,-171.3531
18.95,30,2.270944,-168.521242
18.9625,30,3.636929,-163.291094
18.975,30,5.00084,-155.737088
18.9875,30,6.361902,-145.966728
19,30,7.719337,-134.11906
19.0125,30,9.072374,-120.362692
19.025,30,10.42024,-104.893397
19.0375,30,11.762168,-87.931323
19.05,30,13.097392,-69.717866
19.0625,30,14.425152,-50.512227
19.075,30,15.744691,-30.587729
19.0875,30,17.055257,-10.227925
19.1,30,18.356104,10.277436
19.1125,30,19.646489,30.636535
19.125,30,20.925677,50.559634
19.1375,30,22.19294,69.763199
19.15,30,23.447555,87.973938
19.1625,30,24.688807,104.932686
19.175,30,25.915989,120.398096
19.1875,30,27.128401,134.150076
19.2,30,28.325352,145.992914
19.2125,30,29.506161,155.758071
19.225,30,30.670154,163.306576
19.2375,30,31.816668,168.531003
19.25,30,32.94505,171.357
19.2625,30,34.054656,171.744351
19.275,30,35.144854,169.687542
19.2875,30,36.215023,165.215845
19.3,30,37.264552,158.392898
19.3125,30,38.292845,149.315801
19.325,30,39.299314,138.113734
19.3375,30,40.283387,124.946117
19.35,30,41.244501,110.000345
19.3625,30,42.182111,93.489116
19.375,30,43.09568,75.647407
19.3875,30,43.984689,56.729131
19.4,30,44.848631,37.003521
19.4125,30,45.687014,16.751301
19.425,30,46.499359,-3.739315
19.4375,30,47.285204,-24.176714
19.45,30,48.044101,-44.270046
19.4625,30,48.775618,-63.733353
19.475,30,49.479337,-82.289647
19.4875,30,50.154858,-99.674845
19.5,30,50.801795,-115.641533
19.5125,30,51.41978,-129.962482
19.525,30,52.00846,-142.433885
19.5375,30,52.567501,-152.878257
19.55,30,53.096583,-161.14696
19.5625,30,53.595405,-167.122319
19.575,30,54.063683,-170.719296
19.5875,30,54.50115,-171.886702
19.6,30,54.907556,-170.607923
19.6125,30,55.282671,-166.901157
19.625,30,55.626279,-160.819157
19.6375,30,55.938186,-152.448478
19.65,30,56.218213,-141.908247
19.6625,30,56.466202,-129.348465
19.675,30,56.68201,-114.947876
19.6875,30,56.865514,-98.911419
19.7,30,57.016611,-81.467317
19.7125,30,57.135214,-62.863822
19.725,30,57.221255,-43.365687
19.7375,30,57.274685,-23.250399
19.75,30,57.295474,-2.804226
19.7625,30,57.283611,17.681855
19.775,30,57.239101,37.916299
19.7875,30,57.16197,57.611142
19.8,30,57.052263,76.486098
19.8125,30,56.910041,94.272552
19.825,30,56.735386,110.717377
19.8375,30,56.528397,125.58654
19.85,30,56.289192,138.668434
19.8625,30,56.017908,149.776884
19.875,30,55.714699,158.753802
19.8875,30,55.379738,165.471434
19.9,30,55.013215,169.834179
19.9125,30,54.615341,171.779949
19.925,30,54.186341,171.281052
19.9375,30,53.72646,168.34459
19.95,30,53.235959,163.012351
19.9625,30,52.71512,155.360221
19.975,30,52.164238,145.497101
19.9875,30,51.583627,133.563356
20,30,50.973618,119.72882
20.0125,30,50.33456,104.190377
20.025,30,49.666815,87.169161
20.0375,30,48.970765,68.907407
20.05,30,48.246807,49.665006
20.0625,30,47.495352,29.715803
20.075,30,46.71683,9.343703
20.0875,30,45.911683,-11.161371
20.1,30,45.080372,-31.507603
20.1125,30,44.223368,-51.405438
20.125,30,43.341162,-70.571703
20.1375,30,42.434255,-88.733635
20.15,30,41.503165,-105.632764
20.1625,30,40.548422,-121.028594
20.175,30,39.57057,-134.702019
20.1875,30,38.570167,-146.458448
20.2,30,37.547782,-156.130572
20.2125,30,36.503999,-163.580741
20.225,30,35.439412,-168.70293
20.2375,30,34.354628,-171.424244
20.25,30,33.250265,-171.705954
20.2625,30,32.126952,-169.54405
20.275,30,30.98533,-164.969301
20.2875,30,29.82605,-158.04681
20.3,30,28.649771,-148.875095
20.3125,30,27.457165,-137.584681
20.325,30,26.248911,-124.336247
20.3375,30,25.025698,-109.318337
20.35,30,23.788222,-92.744675
20.3625,30,22.537189,-74.851129
20.375,30,21.273313,-55.892348
20.3875,30,19.997312,-36.138141
20.4,30,18.709915,-15.869638
20.4125,30,17.411855,4.624711
20.425,30,16.103872,25.053244
20.4375,30,14.786711,45.125235
20.45,30,13.461124,64.555032
20.4625,30,12.127864,83.066121
20.475,30,10.787693,100.395064
20.4875,30,9.441374,116.295247
20.5,30,8.089675,130.540388
20.5125,30,6.733365,142.927759
20.525,30,5.373217,153.28107
20.5375,30,4.010008,161.45298
20.55,30,2.644513,167.32719
20.5625,30,1.277511,170.820104
20.575,30,-0.090219,171.882011
20.5875,30,-1.457898,170.4978
20.6,30,-2.824746,166.687169
20.6125,30,-4.189984,160.50435
20.625,30,-5.552834,152.037332
20.6375,30,-6.912519,141.406612
20.65,30,-8.268265,128.763481
20.6625,30,-9.619299,114.287868
20.675,30,-10.964851,98.18578
20.6875,30,-12.304154,80.686373
20.7,30,-13.636445,62.038688
20.7125,30,-14.960964,42.508106
20.725,30,-16.276957,22.372575
20.7375,30,-17.583673,1.918651
20.75,30,-18.880369,-18.562577
20.7625,30,-20.166304,-38.779635
20.775,30,-21.440747,-58.444805
20.7875,30,-22.702971,-77.278224
20.8,30,-23.952256,-95.011868
20.8125,30,-25.18789,-111.393361
20.825,30,-26.40917,-126.189573
20.8375,30,-27.615399,-139.189933
20.85,30,-28.80589,-150.209427
20.8625,30,-29.979964,-159.091234
20.875,30,-31.136953,-165.708953
20.8875,30,-32.276196,-169.968404
20.9,30,-33.397046,-171.80897
20.9125,30,-34.498862,-171.204457
20.925,30,-35.581017,-168.163468
20.9375,30,-36.642894,-162.72928
20.95,30,-37.683888,-154.97923
20.9625,30,-38.703406,-145.023611
20.975,30,-39.700867,-133.004106
20.9875,30,-40.675702,-119.091768
21,30,-41.627356,-103.48459
21.0125,30,-42.555286,-86.404684
21.025,30,-43.458964,-68.095119
21.0375,30,-44.337874,-48.816466
21.05,30,-45.191516,-28.843088
21.0625,30,-46.019403,-8.459233
21.075,30,-46.821063,12.045009
21.0875,30,-47.59604,32.377834
21.1,30,-48.343892,52.249877
21.1125,30,-49.064192,71.378333
21.125,30,-49.75653,89.490976
21.1375,30,-50.420512,106.330039
21.15,30,-51.055759,121.655878
21.1625,30,-51.661909,135.250386
21.175,30,-52.238617,146.920094
21.1875,30,-52.785553,156.498927
21.2,30,-53.302407,163.850563
21.2125,30,-53.788884,168.870379
21.225,30,-54.244706,171.486936
21.2375,30,-54.669614,171.662998
21.25,30,-55.063365,169.396057
21.2625,30,-55.425736,164.718377
21.275,30,-55.756519,157.696526
21.2875,30,-56.055526,148.430436
21.3,30,-56.322587,137.051976
21.3125,30,-56.557549,123.723076
21.325,30,-56.760279,108.633426
21.3375,30,-56.930661,91.997773
21.35,30,-57.068598,74.052864
21.3625,30,-57.174011,55.05408
21.375,30,-57.246841,35.271801
21.3875,30,-57.287045,14.987555
21.4,30,-57.294602,-5.509984
21.4125,30,-57.269505,-25.929109
21.425,30,-57.211771,-45.979227
21.4375,30,-57.121431,-65.374996
21.45,30,-56.998538,-83.84039
21.4625,30,-56.843161,-101.112618
21.475,30,-56.655388,-116.945874
21.4875,30,-56.435328,-131.114829
21.5,30,-56.183105,-143.417839
21.5125,30,-55.898862,-153.679814
21.525,30,-55.582763,-161.754714
21.5375,30,-55.234987,-167.52762
21.55,30,-54.855732,-170.916376
21.5625,30,-54.445215,-171.872757
21.575,30,-54.003669,-170.38315
21.5875,30,-53.531346,-166.468756
21.6,30,-53.028515,-160.185281
21.6125,30,-52.495463,-151.622149
21.625,30,-51.932494,-140.901224
21.6375,30,-51.339928,-128.175079
21.65,30,-50.718104,-113.624826
21.6625,30,-50.067375,-97.457535
21.675,30,-49.388112,-79.903288
21.6875,30,-48.680702,-61.211907
21.7,30,-47.94555,-41.649396
21.7125,30,-47.183073,-21.494156
21.725,30,-46.393706,-1.033025
21.7375,30,-45.577899,19.442807
21.75,30,-44.736117,39.641941
21.7625,30,-43.86884,59.276916
21.775,30,-42.976562,78.068299
21.7875,30,-42.059791,95.748661
21.8,30,-41.11905,112.066388
21.8125,30,-40.154875,126.789255
21.825,30,-39.167816,139.707736
21.8375,30,-38.158434,150.637983
21.85,30,-37.127307,159.424443
21.8625,30,-36.07502,165.942072
21.875,30,-35.002173,170.098117
21.8875,30,-33.909379,171.833431
21.9,30,-32.79726,171.123317
21.9125,30,-31.666449,167.977882
21.925,30,-30.517592,162.44189
21.9375,30,-29.351343,154.594125
21.95,30,-28.168366,144.546271
21.9625,30,-26.969335,132.441325
21.975,30,-25.754935,118.451556
21.9875,30,-24.525857,102.776057
22,30,-23.282802,85.637913
22.0125,30,-22.026477,67.281023
22.025,30,-20.7576,47.966631
22.0375,30,-19.476892,27.969608
22.05,30,-18.185085,7.574538
22.0625,30,-16.882914,-12.928328
22.075,30,-15.571121,-33.247205
22.0875,30,-14.250455,-53.092929
22.1,30,-12.921667,-72.183067
22.1125,30,-11.585514,-90.245941
22.125,30,-10.242759,-107.02449
22.1375,30,-8.894167,-122.279932
22.15,30,-7.540506,-135.795163
22.1625,30,-6.182548,-147.37784
22.175,30,-4.821066,-156.863127
22.1875,30,-3.456836,-164.116035
22.2,30,-2.090637,-169.033344
22.2125,30,-0.723246,-171.545076
22.225,30,0.644558,-171.615484
22.2375,30,2.011993,-169.243567
22.25,30,3.378283,-164.46308
22.2625,30,4.742647,-157.342056
22.275,30,6.104308,-147.981837
22.2875,30,7.46249,-136.515632
22.3,30,8.816419,-123.10662
22.3125,30,10.165324,-107.945632
22.325,30,11.508435,-91.248428
22.3375,30,12.844988,-73.252632
22.35,30,14.174221,-54.214351
22.3625,30,15.495375,-34.404524
22.375,30,16.807698,-14.105074
22.3875,30,18.110443,6.395112
22.4,30,19.402867,26.804286
22.4125,30,20.684232,46.831998
22.425,30,21.95381,66.193226
22.4375,30,23.210876,84.612433
22.45,30,24.454714,101.827488
22.4625,30,25.684616,117.593397
22.475,30,26.899879,131.685789
22.4875,30,28.099812,143.904111
22.5,30,29.283731,154.074478
22.5125,30,30.450961,162.052153
22.525,30,31.600837,167.723601
22.5375,30,32.732703,171.008111
22.55,30,33.845915,171.858939
22.5625,30,34.939838,170.263977
22.575,30,36.013849,166.245923
22.5875,30,37.067335,159.86196
22.6,30,38.099696,151.20294
22.6125,30,39.110344,140.392094
22.625,30,40.098703,127.583274
22.6375,30,41.06421,112.958767
22.65,30,42.006313,96.726702
22.6625,30,42.924477,79.118081
22.675,30,43.818179,60.383501
22.6875,30,44.686908,40.78958
22.7,30,45.53017,20.615167
22.7125,30,46.347484,0.147372
22.725,30,47.138384,-20.32252
22.7375,30,47.90242,-40.503195
22.75,30,48.639156,-60.107454
22.7625,30,49.348173,-78.8563
22.775,30,50.029066,-96.482912
22.7875,30,50.681446,-112.736439
22.8,30,51.304944,-127.385571
22.8125,30,51.899202,-140.22183
22.825,30,52.463883,-151.062539
22.8375,30,52.998665,-159.753418
22.85,30,53.503242,-166.170786
22.8625,30,53.977327,-170.223314
22.875,30,54.420651,-171.853329
22.8875,30,54.83296,-171.037634
22.9,30,55.214019,-167.787836
22.9125,30,55.563612,-162.150186
22.925,30,55.881539,-154.204914
22.9375,30,56.167618,-144.065094
22.95,30,56.421688,-131.875028
22.9625,30,56.643602,-117.808198
22.975,30,56.833235,-102.064795
22.9875,30,56.990479,-84.868868
23,30,57.115243,-66.465141
23.0125,30,57.207457,-47.115522
23.025,30,57.267068,-27.095385
23.0375,30,57.294043,-6.689642
23.05,30,57.288365,13.811303
23.0625,30,57.250039,34.115694
23.075,30,57.179085,53.934572
23.0875,30,57.075545,72.985886
23.1,30,56.939477,90.99851
23.1125,30,56.770959,107.7161
23.125,30,56.570088,122.900741
23.1375,30,56.336976,136.336334
23.15,30,56.071758,147.831673
23.1625,30,55.774584,157.223162
23.175,30,55.445624,164.377149
23.1875,30,55.085066,169.191822
23.2,30,54.693114,171.598662
23.2125,30,54.269992,171.563415
23.225,30,53.815942,169.086584
23.2375,30,53.331221,164.203417
23.25,30,52.816107,156.983408
23.2625,30,52.270893,147.529309
23.275,30,51.695889,135.975663
23.2875,30,51.091424,122.486896
23.3,30,50.457841,107.254972
23.3125,30,49.795502,90.49666
23.325,30,49.104785,72.450456
23.3375,30,48.386082,53.373182
23.35,30,47.639804,33.536334
23.3625,30,46.866376,13.222218
23.375,30,46.066239,-7.280069
23.3875,30,45.239848,-27.678751
23.4,30,44.387675,-47.683525
23.4125,30,43.510205,-67.009697
23.425,30,42.607938,-85.382229
23.4375,30,41.681389,-102.539653
23.45,30,40.731086,-118.237797
23.4625,30,39.757569,-132.253253
23.475,30,38.761395,-144.386563
23.4875,30,37.74313,-154.465052
23.5,30,36.703356,-162.34529
23.5125,30,35.642664,-167.91513
23.525,30,34.561659,-171.095306
23.5375,30,33.460957,-171.840559
23.55,30,32.341185,-170.140284
23.5625,30,31.202983,-166.018677
23.575,30,30.046997,-159.534395
23.5875,30,28.873888,-150.779718
23.6,30,27.684323,-139.879237
23.6125,30,26.478981,-126.988081
23.625,30,25.258548,-112.28971
23.6375,30,24.02372,-95.9933
23.65,30,22.775201,-78.330774
23.6625,30,21.513703,-59.553492
23.675,30,20.239944,-39.928682
23.6875,30,18.954649,-19.735631
23.7,30,17.658553,0.738285
23.7125,30,16.352393,21.201694
23.725,30,15.036913,41.363374
23.7375,30,13.712864,60.936396
23.75,30,12.381,79.642208
23.7625,30,11.04208,97.214602
23.775,30,9.696867,113.403498
23.7875,30,8.346127,127.978505
23.8,30,6.990631,140.732202
23.8125,30,5.631152,151.483084
23.825,30,4.268463,160.078153
23.8375,30,2.903341,166.395089
23.85,30,1.536565,170.343992
23.8625,30,0.168913,171.868665
23.875,30,-1.198836,170.947409
23.8875,30,-2.565901,167.593336
23.9,30,-3.931503,161.854178
23.9125,30,-5.294866,153.811611
23.925,30,-6.65521,143.580092
23.9375,30,-8.011762,131.30523
23.95,30,-9.363748,117.161713
23.9625,30,-10.710397,101.350823
23.975,30,-12.050942,84.097571
23.9875,30,-13.38462,65.647494
24,30,-14.71067,46.263163
24.0125,30,-16.028336,26.220442
24.025,30,-17.336867,5.804569
24.0375,30,-18.635518,-14.693911
24.05,30,-19.923548,-34.983277
24.0625,30,-21.200224,-54.774782
24.075,30,-22.464818,-73.786767
24.0875,30,-23.716609,-91.748664
24.1,30,-24.954884,-108.40485
24.1125,30,-26.178937,-123.518286
24.125,30,-27.38807,-136.873885
24.1375,30,-28.581595,-148.281581
24.15,30,-29.758831,-157.579024
24.1625,30,-30.919108,-164.6339
24.175,30,-32.061763,-169.345808
24.1875,30,-33.186146,-171.647691
24.2,30,-34.291617,-171.506791
24.2125,30,-35.377544,-168.925111
24.225,30,-36.44331,-163.939394
24.2375,30,-37.488306,-156.620593
24.25,30,-38.511938,-147.072864
24.2625,30,-39.513621,-135.432085
24.275,30,-40.492786,-121.86392
24.2875,30,-41.448873,-106.561464
24.3,30,-42.381339,-89.74249
24.3125,30,-43.289651,-71.646357
24.325,30,-44.173292,-52.530597
24.3375,30,-45.031759,-32.667254
24.35,30,-45.864562,-12.339011
24.3625,30,-46.671226,8.164833
24.375,30,-47.451293,28.552481
24.3875,30,-48.204316,48.533787
24.4,30,-48.929868,67.82439
24.4125,30,-49.627534,86.149759
24.425,30,-50.296918,103.249097
24.4375,30,-50.937637,118.879058
24.45,30,-51.549326,132.817206
24.4625,30,-52.131637,144.865181
24.475,30,-52.684238,154.851525
24.4875,30,-53.206815,162.634117
24.5,30,-53.699068,168.102201
24.5125,30,-54.160718,171.177959
24.525,30,-54.591501,171.817617
24.5375,30,-54.991173,170.012073
24.55,30,-55.359505,165.787023
24.5625,30,-55.696287,159.202594
24.575,30,-56.001328,150.352492
24.5875,30,-56.274453,139.362667
24.6,30,-56.515507,126.389518
24.6125,30,-56.724353,111.617671
24.625,30,-56.900871,95.257351
24.6375,30,-57.044961,77.541387
24.65,30,-57.156541,58.721902
24.6625,30,-57.235548,39.066723
24.675,30,-57.281935,18.855571
24.6875,30,-57.295677,-1.623923
24.7,30,-57.276766,-22.080305
24.7125,30,-57.225213,-42.222454
24.725,30,-57.141047,-61.76372
24.7375,30,-57.024316,-80.426002
24.75,30,-56.875087,-97.943711
24.7625,30,-56.693444,-114.067546
24.775,30,-56.479491,-128.568042
24.7875,30,-56.23335,-141.238837
24.8,30,-55.955162,-151.899608
24.8125,30,-55.645085,-160.398638
24.825,30,-55.303295,-166.614973
24.8375,30,-54.929988,-170.460147
24.85,30,-54.525376,-171.879438
24.8625,30,-54.089689,-170.852647
24.875,30,-53.623177,-167.394386
24.8875,30,-53.126104,-161.553872
24.9,30,-52.598755,-153.414223
24.9125,30,-52.041429,-143.091278
24.925,30,-51.454445,-130.731946
24.9375,30,-50.838137,-116.512117
24.95,30,-50.192855,-100.634161
24.9625,30,-49.518969,-83.324041
24.975,30,-48.816861,-64.828104
24.9875,30,-48.086933,-45.409575
25,30,-47.3296,-25.344804
25.0125,30,-46.545293,-4.919342
25.025,30,-45.73446,15.57613
25.0375,30,-44.897562,35.849931
25.05,30,-44.035077,55.613539
25.0625,30,-43.147497,74.585689
25.075,30,-42.235326,92.496381
25.0875,30,-41.299086,109.090722
25.1,30,-40.339309,124.132552
25.1125,30,-39.356542,137.407803
25.125,30,-38.351346,148.727552
25.1375,30,-37.324293,157.930702
25.15,30,-36.275969,164.88628
25.1625,30,-35.206971,169.495298
25.175,30,-34.117908,171.692164
25.1875,30,-33.009402,171.445613
25.2,30,-31.882083,168.759154
25.2125,30,-30.736595,163.671019
25.225,30,-29.573589,156.25362
25.2375,30,-28.39373,146.612515
25.25,30,-27.197689,134.884911
25.2625,30,-25.986147,121.237709
25.275,30,-24.759796,105.865127
25.2875,30,-23.519335,88.985938
25.3,30,-22.265469,70.840355
25.3125,30,-20.998915,51.686617
25.325,30,-19.720393,31.797306
25.3375,30,-18.430632,11.455476
25.35,30,-17.130368,-9.049381
25.3625,30,-15.82034,-29.425453
25.375,30,-14.501297,-49.38276
25.3875,30,-13.17399,-68.637282
25.4,30,-11.839174,-86.915001
25.4125,30,-10.497612,-103.9558
25.425,30,-9.150066,-119.517163
25.4375,30,-7.797306,-133.377632
25.45,30,-6.440103,-145.339954
25.4625,30,-5.079229,-155.233886
25.475,30,-3.71546,-162.918626
25.4875,30,-2.349574,-168.284809
25.5,30,-0.982349,-171.256066
25.5125,30,0.385436,-171.790113
25.525,30,1.753001,-169.879349
25.5375,30,3.119568,-165.550968
25.55,30,4.484356,-158.866567
25.5625,30,5.846589,-149.921275
25.575,30,7.20549,-138.842396
25.5875,30,8.560284,-125.787598
25.6,30,9.9102,-110.942669
25.6125,30,11.254468,-94.518872
25.625,30,12.592321,-76.749941
25.6375,30,13.922999,-57.888753
25.65,30,15.245742,-38.203727
25.6625,30,16.559796,-17.97501
25.675,30,17.864412,2.509517
25.6875,30,19.158848,22.95833
25.7,30,20.442365,43.080414
25.7125,30,21.714231,62.589404
25.725,30,22.973723,81.207661
25.7375,30,24.220122,98.67022
25.75,30,25.452718,114.728566
25.7625,30,26.670808,129.154165
25.775,30,27.873698,141.741722
25.7875,30,29.060703,152.312099
25.8,30,30.231146,160.714864
25.8125,30,31.38436,166.830435
25.825,30,32.519688,170.571777
25.8375,30,33.636483,171.885648
25.85,30,34.734108,170.753348
25.8625,30,35.811938,167.190992
25.875,30,36.869359,161.249277
25.8875,30,37.905768,153.012763
25.9,30,38.920574,142.598665
25.9125,30,39.913199,130.155191
25.925,30,40.883078,115.859428
25.9375,30,41.829657,99.914826
25.95,30,42.752397,82.548298
25.9625,30,43.650772,64.006994
25.975,30,44.52427,44.554781
25.9875,30,45.372394,24.468493
26,30,46.19466,4.033984
26.0125,30,46.9906,-16.457935
26.025,30,47.759759,-36.715634
26.0375,30,48.5017,-56.450819
26.05,30,49.215999,-75.38263
26.0625,30,49.90225,-93.241643
26.075,30,50.560062,-109.773698
26.0875,30,51.189059,-124.743522
26.1,30,51.788883,-137.938073
26.1125,30,52.359192,-149.169575
26.125,30,52.899662,-158.278187
26.1375,30,53.409984,-165.134282
26.15,30,53.889867,-169.640288
26.1625,30,54.339038,-171.732078
26.175,30,54.757242,-171.379884
26.1875,30,55.144238,-168.588717
26.2,30,55.499808,-163.398299
26.2125,30,55.823748,-155.882498
26.225,30,56.115874,-146.148273
26.2375,30,56.37602,-134.334157
26.25,30,56.604036,-120.608279
26.2625,30,56.799794,-105.16598
26.275,30,56.963181,-88.227022
26.2875,30,57.094104,-70.032473
26.3,30,57.192489,-50.841265
26.3125,30,57.25828,-30.926515
26.325,30,57.291439,-10.571638
26.3375,30,57.291948,9.933688
26.35,30,57.259806,30.297644
26.3625,30,57.195031,50.230422
26.375,30,57.09766,69.448352
26.3875,30,56.967749,87.677936
26.4,30,56.805372,104.659742
26.4125,30,56.610621,120.152095
26.425,30,56.383608,133.934518
26.4375,30,56.124461,145.810867
26.45,30,55.833329,155.612127
26.4625,30,55.510377,163.19881
26.475,30,55.155789,168.462949
26.4875,30,54.769768,171.329628
26.5,30,54.352533,171.758049
26.5125,30,53.904323,169.742115
26.525,30,53.425392,165.310517
26.5375,30,52.916014,158.526321
26.55,30,52.376479,149.486077
26.5625,30,51.807094,138.31844
26.575,30,51.208184,125.18234
26.5875,30,50.58009,110.264722
26.6,30,49.923171,93.777884
26.6125,30,49.2378,75.956458
26.625,30,48.524368,57.054067
26.6375,30,47.783282,37.339717
26.65,30,47.014964,17.093971
26.6625,30,46.219852,-3.395045
26.675,30,45.398399,-23.835745
26.6875,30,44.551074,-43.93723
26.7,30,43.678358,-63.413427
26.7125,30,42.78075,-81.987163
26.725,30,41.858761,-99.394109
26.7375,30,40.912916,-115.386539
26.75,30,39.943756,-129.736859
26.7625,30,38.95183,-142.240845
26.775,30,37.937707,-152.720547
26.7875,30,36.901962,-161.026824
26.8,30,35.845186,-167.041467
26.8125,30,34.767983,-170.678879
26.825,30,33.670965,-171.887294
26.8375,30,32.554757,-170.649516
26.85,30,31.419997,-166.98316
26.8625,30,30.26733,-160.940402
26.875,30,29.097413,-152.60724
26.8875,30,27.910914,-142.102266
26.9,30,26.708509,-129.57498
26.9125,30,25.490882,-115.203664
26.925,30,24.258727,-99.192839
26.9375,30,23.012748,-81.770364
26.95,30,21.753653,-63.184184
26.9625,30,20.482161,-43.698805
26.975,30,19.198996,-23.591532
26.9875,30,17.904889,-3.148518
27,30,16.600579,17.339303
27.0125,30,15.286807,37.580362
27.025,30,13.964324,57.2866
27.0375,30,12.633882,76.177571
27.05,30,11.29624,93.984429
27.0625,30,9.952161,110.45376
27.075,30,8.602409,125.351181
27.0875,30,7.247755,138.464681
27.1,30,5.888971,149.607637
27.1125,30,4.52683,158.62147
27.125,30,3.16211,165.3779
27.1375,30,1.795587,169.780775
27.15,30,0.428041,171.767434
27.1625,30,-0.939749,171.309605
27.175,30,-2.307003,168.413803
27.1875,30,-3.672943,163.121241
27.2,30,-5.036789,155.507238
27.2125,30,-6.397765,145.680151
27.225,30,-7.755095,133.779835
27.2375,30,-9.108005,119.975647
27.25,30,-10.455724,104.46404
27.2625,30,-11.797485,87.465765
27.275,30,-13.132522,69.222731
27.2875,30,-14.460075,49.994563
27.3,30,-15.779387,30.054902
27.3125,30,-17.089706,9.687519
27.325,30,-18.390286,-10.817731
27.3375,30,-19.680385,-31.16903
27.35,30,-20.959268,-51.076751
27.3625,30,-22.226206,-70.257578
27.375,30,-23.480478,-88.438544
27.3875,30,-24.721367,-105.360906
27.4,30,-25.948168,-120.783838
27.4125,30,-27.160181,-134.487848
27.425,30,-28.356716,-146.27791
27.4375,30,-29.53709,-155.986236
27.45,30,-30.70063,-163.474662
27.4625,30,-31.846674,-168.636617
27.475,30,-32.974568,-171.39864
27.4875,30,-34.08367,-171.721424
27.5,30,-35.173348,-169.600375
27.5125,30,-36.24298,-165.065677
27.525,30,-37.291957,-158.181868
27.5375,30,-38.319682,-149.046911
27.55,30,-39.325567,-137.790811
27.5625,30,-40.309041,-124.573757
27.575,30,-41.269543,-109.583847
27.5875,30,-42.206525,-93.034407
27.6,30,-43.119453,-75.160959
27.6125,30,-44.007807,-56.217866
27.625,30,-44.871081,-36.474716
27.6375,30,-45.708783,-16.212479
27.65,30,-46.520435,4.280483
27.6625,30,-47.305574,24.712528
27.675,30,-48.063755,44.792879
27.6875,30,-48.794543,64.235766
27.7,30,-49.497523,82.764489
27.7125,30,-50.172295,100.115359
27.725,30,-50.818472,116.041449
27.7375,30,-51.435689,130.316109
27.75,30,-52.023591,142.736191
27.7625,30,-52.581846,153.124939
27.775,30,-53.110133,161.334508
27.7875,30,-53.608153,167.248064
27.8,30,-54.075622,170.781449
27.8125,30,-54.512272,171.884377
27.825,30,-54.917856,170.541154
27.8375,30,-55.292142,166.770894
27.85,30,-55.634916,160.627254
27.8625,30,-55.945984,152.197666
27.875,30,-56.225168,141.602094
27.8875,30,-56.472309,128.99133
27.9,30,-56.687266,114.54484
27.9125,30,-56.869917,98.468219
27.925,30,-57.020158,80.990259
27.9375,30,-57.137902,62.359696
27.95,30,-57.223083,42.841668
27.9625,30,-57.275653,22.713944
27.975,30,-57.295581,2.26297
27.9875,30,-57.282856,-18.22021
28,30,-57.237485,-38.444092
28.0125,30,-57.159494,-58.12086
28.025,30,-57.048928,-76.970489
28.0375,30,-56.905849,-94.724721
28.05,30,-56.73034,-111.130889
28.0625,30,-56.522499,-125.955511
28.075,30,-56.282446,-138.987612
28.0875,30,-56.010318,-150.041728
28.1,30,-55.706269,-158.960542
28.1125,30,-55.370472,-165.617128
28.125,30,-55.00312,-169.916753
28.1375,30,-54.604421,-171.798229
28.15,30,-54.174603,-171.234777
28.1625,30,-53.713911,-168.234419
28.175,30,-53.222606,-162.839852
28.1875,30,-52.70097,-155.127849
28.2,30,-52.1493,-145.208162
28.2125,30,-51.567909,-133.221962
28.225,30,-50.95713,-119.33983
28.2375,30,-50.317309,-103.759327
28.25,30,-49.648813,-86.702186
28.2625,30,-48.952022,-68.411152
28.275,30,-48.227333,-49.146533
28.2875,30,-47.475158,-29.182491
28.3,30,-46.695928,-8.803142
28.3125,30,-45.890085,11.701488
28.325,30,-45.058089,32.039589
28.3375,30,-44.200414,51.921723
28.35,30,-43.31755,71.064939
28.3625,30,-42.409998,89.196803
28.375,30,-41.478277,106.059273
28.3875,30,-40.522917,121.412373
28.4,30,-39.544463,135.037607
28.4125,30,-38.543473,146.741069
28.425,30,-37.520516,156.356204
28.4375,30,-36.476176,163.746173
28.45,30,-35.411048,168.805808
28.4625,30,-34.32574,171.463102
28.475,30,-33.220869,171.68024
28.4875,30,-32.097065,169.454131
28.5,30,-30.954969,164.816456
28.5125,30,-29.795231,157.833214
28.525,30,-28.618514,148.603788
28.5375,30,-27.425486,137.259524
28.55,30,-26.216828,123.961868
28.5625,30,-24.993229,108.900063
28.575,30,-23.755387,92.288459
28.5875,30,-22.504006,74.363463
28.6,30,-21.2398,55.380173
28.6125,30,-19.96349,35.608746
28.625,30,-18.675802,15.330557
28.6375,30,-17.377471,-5.165807
28.65,30,-16.069236,-25.588654
28.6625,30,-14.751843,-45.647339
28.675,30,-13.426043,-65.0564
28.6875,30,-12.092592,-83.539618
28.7,30,-10.752249,-100.833952
28.7125,30,-9.405778,-116.693279
28.725,30,-8.053947,-130.8919
28.7375,30,-6.697526,-143.227748
28.75,30,-5.337288,-153.525267
28.7625,30,-3.974008,-161.637909
28.775,30,-2.608463,-167.450221
28.7875,30,-1.241432,-170.879485
28.8,30,0.126307,-171.876897
28.8125,30,1.493974,-170.428264
28.825,30,2.860789,-166.554201
28.8375,30,4.225974,-160.309841
28.85,30,5.58875,-151.784051
28.8625,30,6.948342,-141.098164
28.875,30,8.303974,-128.404255
28.8875,30,9.654873,-113.882976
28.9,30,11.00027,-97.740985
28.9125,30,12.339397,-80.208004
28.925,30,13.671493,-61.533553
28.9375,30,14.995797,-41.983394
28.95,30,16.311554,-21.835754
28.9625,30,17.618016,-1.377361
28.975,30,18.914437,19.100634
28.9875,30,20.200079,39.306801
29,30,21.474209,58.953578
29.0125,30,22.7361,77.761363
29.025,30,23.985034,95.462497
29.0375,30,25.220299,111.805068
29.05,30,26.44119,126.556498
29.0625,30,27.647013,139.506854
29.075,30,28.837079,150.471835
29.0875,30,30.010712,159.295394
29.1,30,31.16724,165.851959
29.1125,30,32.306007,170.048221
29.125,30,33.426362,171.824463
29.1375,30,34.527667,171.155404
29.15,30,35.609295,168.050568
29.1625,30,36.670629,162.55414
29.175,30,37.711064,154.744342
29.1875,30,38.730008,144.732318
29.2,30,39.726879,132.660553
29.2125,30,40.70111,118.700845
29.225,30,41.652144,103.05186
29.2375,30,42.579441,85.936304
29.25,30,43.482472,67.597756
29.2625,30,44.360722,48.297199
29.275,30,45.213691,28.309306
29.2875,30,46.040892,7.918532
29.3,30,46.841854,-12.584933
29.3125,30,47.616121,-32.909298
29.325,30,48.363251,-52.765317
29.3375,30,49.082819,-71.870414
29.35,30,49.774414,-89.952694
29.3625,30,50.437642,-106.754824
29.375,30,51.072126,-122.037685
29.3875,30,51.677504,-135.583781
29.4,30,52.25343,-147.200333
29.4125,30,52.799577,-156.72202
29.425,30,53.315633,-164.013337
29.4375,30,53.801305,-168.970517
29.45,30,54.256314,-171.523013
29.4625,30,54.680403,-171.634499
29.475,30,55.07333,-169.303389
29.4875,30,55.434869,-164.562858
29.5,30,55.764816,-157.48037
29.5125,30,56.062983,-148.156719
29.525,30,56.329199,-136.724593
29.5375,30,56.563312,-123.346687
29.55,30,56.76519,-108.213387
29.5625,30,56.934717,-91.540062
29.575,30,57.071797,-73.563994
29.5875,30,57.176352,-54.541009
29.6,30,57.248321,-34.741831
29.6125,30,57.287664,-14.448228
29.625,30,57.294359,6.050994
29.6375,30,57.268401,26.464101
29.65,30,57.209806,46.500587
29.6625,30,57.118607,65.875306
29.675,30,56.994855,84.312528
29.6875,30,56.838622,101.549867
29.7,30,56.649997,117.34201
29.7125,30,56.429086,131.464215
29.725,30,56.176016,143.715502
29.7375,30,55.890931,153.921519
29.75,30,55.573994,161.937019
29.7625,30,55.225384,167.647933
29.775,30,54.845302,170.972984
29.7875,30,54.433963,171.864854
29.8,30,53.991602,170.310849
29.8125,30,53.51847,166.333085
29.825,30,53.014839,159.988172
29.8375,30,52.480993,151.366406
29.85,30,51.917239,140.590487
29.8625,30,51.323897,127.813771
29.875,30,50.701305,113.218088
29.8875,30,50.049818,97.011155
29.9,30,49.369808,79.42362
29.9125,30,48.661661,60.705776
29.925,30,47.925782,41.124006
29.9375,30,47.16259,20.956984
29.95,30,46.37252,0.491715
29.9625,30,45.556022,-19.980551
29.975,30,44.713561,-40.168467
29.9875,30,43.845618,-59.78473
30,30,42.952687,-78.550173
30.0125,30,42.035277,-96.197739
30.025,30,41.09391,-112.476278
30.0375,30,40.129125,-127.154125
30.05,30,39.141469,-140.022392
30.0625,30,38.131507,-150.897947
30.075,30,37.099813,-159.626016
30.0875,30,36.046976,-166.082386
30.1,30,34.973596,-170.175174
30.1125,30,33.880284,-171.846135
30.125,30,32.767663,-171.071487
30.1375,30,31.636368,-167.862255
30.15,30,30.487043,-162.264112
30.1625,30,29.320344,-154.356726
30.175,30,28.136935,-144.252631
30.1875,30,26.93749,-132.095621
30.2,30,25.722694,-118.058708
30.2125,30,24.493238,-102.341656
30.225,30,23.249823,-85.168141
30.2375,30,21.993158,-66.782566
30.25,30,20.723959,-47.446583
30.2625,30,19.44295,-27.435369
30.275,30,18.15086,-7.033712
30.2875,30,16.848425,13.468045
30.3,30,15.536389,33.778132
30.3125,30,14.215498,53.607511
30.325,30,12.886506,72.67398
30.3375,30,11.55017,90.706198
30.35,30,10.207251,107.447541
30.3625,30,8.858515,122.659758
30.375,30,7.504731,136.126356
30.3875,30,6.146669,147.655688
30.4,30,4.785105,157.083676
30.4125,30,3.420813,164.276146
30.425,30,2.054573,169.13074
30.4375,30,0.687161,171.578369
30.45,30,-0.680643,171.584201
30.4625,30,-2.048059,169.148152
30.475,30,-3.414307,164.304892
30.4875,30,-4.77861,157.123346
30.5,30,-6.140189,147.705717
30.5125,30,-7.498269,136.186032
30.525,30,-8.852075,122.728232
30.5375,30,-10.200837,107.523839
30.55,30,-11.543785,90.789234
30.5625,30,-12.880155,72.762572
30.575,30,-14.209184,53.700398
30.5875,30,-15.530115,33.873993
30.6,30,-16.842195,13.565515
30.6125,30,-18.144677,-6.93602
30.625,30,-19.436818,-27.338845
30.6375,30,-20.717882,-47.352601
30.65,30,-21.987139,-66.692464
30.6625,30,-23.243866,-85.083201
30.675,30,-24.487345,-102.263086
30.6875,30,-25.716869,-117.987627
30.7,30,-26.931737,-132.03304
30.7125,30,-28.131256,-144.199441
30.725,30,-29.314744,-154.313684
30.7375,30,-30.481524,-162.23183
30.75,30,-31.630933,-167.841193
30.7625,30,-32.762316,-171.061944
30.775,30,-33.875027,-171.848248
30.7875,30,-34.968432,-170.188913
30.8,30,-36.041909,-166.107554
30.8125,30,-37.094846,-159.662256
30.825,30,-38.126642,-150.944743
30.8375,30,-39.136709,-140.079077
30.85,30,-40.124472,-127.219893
30.8625,30,-41.089368,-112.550194
30.875,30,-42.030847,-96.27875
30.8875,30,-42.948372,-78.637127
30.9,30,-43.841421,-59.876388
30.9125,30,-44.709485,-40.263526
30.925,30,-45.552068,-20.077658
30.9375,30,-46.368691,0.393943
30.95,30,-47.158889,20.859938
30.9625,30,-47.92221,41.029066
30.975,30,-48.65822,60.614295
30.9875,30,-49.3665,79.336898
31,30,-50.046645,96.930427
31.0125,30,-50.698269,113.144503
31.025,30,-51.320999,127.748376
31.0375,30,-51.914482,140.534213
31.05,30,-52.478378,151.320054
31.0625,30,-53.012366,159.952401
31.075,30,-53.516142,166.308405
31.0875,30,-53.98942,170.29761
31.1,30,-54.431928,171.863245
31.1125,30,-54.843416,170.983028
31.125,30,-55.223648,167.669486
31.1375,30,-55.572407,161.969776
31.15,30,-55.889496,153.965013
31.1625,30,-56.174733,143.769114
31.175,30,-56.427956,131.527182
31.1875,30,-56.64902,117.413437
31.2,30,-56.8378,101.628736
31.2125,30,-56.994188,84.397717
31.225,30,-57.118094,65.965603
31.2375,30,-57.209449,46.594707
31.25,30,-57.268199,26.560703
31.2625,30,-57.294313,6.148705
31.275,30,-57.287773,-14.350799
31.2875,30,-57.248586,-34.64607
31.3,30,-57.176772,-54.448281
31.3125,30,-57.072373,-73.475616
31.325,30,-56.935448,-91.457293
31.3375,30,-56.766075,-108.137405
31.35,30,-56.564351,-123.278573
31.3625,30,-56.330391,-136.665317
31.375,30,-56.064327,-148.107124
31.3875,30,-55.766313,-157.441162
31.4,30,-55.436517,-164.534594
31.4125,30,-55.075127,-169.286472
31.425,30,-54.68235,-171.62917
31.4375,30,-54.258409,-171.529347
31.45,30,-53.803546,-168.988425
31.4625,30,-53.31802,-164.042564
31.475,30,-52.802108,-156.76215
31.4875,30,-52.256104,-147.250794
31.5,30,-51.680318,-135.643856
31.5125,30,-51.07508,-122.106518
31.525,30,-50.440734,-106.831436
31.5375,30,-49.777642,-90.035995
31.55,30,-49.086181,-71.959218
31.5625,30,-48.366746,-52.858361
31.575,30,-47.619746,-33.005256
31.5875,30,-46.845607,-12.682441
31.6,30,-46.044771,7.820862
31.6125,30,-45.217694,28.212864
31.625,30,-44.364847,48.203358
31.6375,30,-43.486717,67.507851
31.65,30,-42.583803,85.851614
31.6625,30,-41.65662,102.973591
31.675,30,-40.705697,118.63011
31.6875,30,-39.731576,132.59836
31.7,30,-38.734811,144.679551
31.7125,30,-37.715971,154.701752
31.725,30,-36.675637,162.522334
31.7375,30,-35.614402,168.029998
31.75,30,-34.532869,171.146363
31.7625,30,-33.431656,171.827079
31.775,30,-32.31139,170.062458
31.7875,30,-31.17271,165.877613
31.8,30,-30.016264,159.332101
31.8125,30,-28.842712,150.519072
31.825,30,-27.652722,139.563949
31.8375,30,-26.446973,126.622638
31.85,30,-25.226151,111.879312
31.8625,30,-23.990953,95.543789
31.875,30,-22.742083,77.848546
31.8875,30,-21.480251,59.04541
31.9,30,-20.206178,39.401976
31.9125,30,-18.92059,19.197798
31.925,30,-17.624218,-1.279591
31.9375,30,-16.317803,-21.73877
31.95,30,-15.002087,-41.888576
31.9625,30,-13.677822,-61.44225
31.975,30,-12.345762,-80.121516
31.9875,30,-11.006666,-97.660542
32,30,-9.661298,-113.809723
32.0125,30,-8.310423,-128.339235
32.025,30,-6.954812,-141.042302
32.0375,30,-5.595238,-151.738142
32.05,30,-4.232474,-160.274539
32.0625,30,-2.867299,-166.530007
32.075,30,-1.50049,-170.415524
32.0875,30,-0.132825,-171.875792
32.1,30,1.234915,-170.890029
32.1125,30,2.601952,-167.472266
32.125,30,3.967505,-161.671141
32.1375,30,5.330798,-153.569212
32.15,30,6.691052,-143.28178
32.1625,30,8.047493,-130.955251
32.175,30,9.399348,-116.765048
32.1875,30,10.745846,-100.913117
32.2,30,12.086221,-83.625053
32.2125,30,13.419707,-65.146888
32.225,30,14.745545,-45.741594
32.2375,30,16.062979,-25.685333
32.25,30,17.371259,-5.263534
32.2625,30,18.66964,15.233172
32.275,30,19.95738,35.513088
32.2875,30,21.233746,55.287605
32.3,30,22.498012,74.275302
32.3125,30,23.749455,92.20596
32.325,30,24.987364,108.824399
32.3375,30,26.211032,123.894116
32.35,30,27.419763,137.200649
32.3625,30,28.612866,148.554627
32.375,30,29.789664,157.794467
32.3875,30,30.949484,164.788675
32.4,30,32.091665,169.437711
32.4125,30,33.215558,171.675415
32.425,30,34.320521,171.46994
32.4375,30,35.405924,168.824211
32.45,30,36.471149,163.77588
32.4625,30,37.51559,156.396792
32.475,30,38.53865,146.791961
32.4875,30,39.539746,135.098079
32.5,30,40.518309,121.481563
32.5125,30,41.47378,106.136197
32.525,30,42.405615,89.280367
32.5375,30,43.313283,71.153953
32.55,30,44.196267,52.01492
32.5625,30,45.054062,32.135643
32.575,30,45.886182,11.799032
32.5875,30,46.69215,-8.705497
32.6,30,47.471509,-29.086133
32.6125,30,48.223813,-49.052834
32.625,30,48.948634,-68.321446
32.6375,30,49.64556,-86.617749
32.65,30,50.314192,-103.681361
32.6625,30,50.954149,-119.269444
32.675,30,51.565068,-133.160159
32.6875,30,52.1466,-145.15582
32.7,30,52.698413,-155.085713
32.7125,30,53.220192,-162.808523
32.725,30,53.711642,-168.214342
32.7375,30,54.172481,-171.226238
32.75,30,54.602447,-171.801349
32.7625,30,55.001294,-169.931488
32.775,30,55.368796,-165.643268
32.7875,30,55.704743,-158.997715
32.8,30,56.008944,-150.089405
32.8125,30,56.281225,-139.045116
32.825,30,56.521431,-126.022022
32.8375,30,56.729426,-111.20546
32.85,30,56.90509,-94.806292
32.8625,30,57.048323,-77.057898
32.875,30,57.159044,-58.212864
32.8875,30,57.237191,-38.539381
32.9,30,57.282717,-18.317429
32.9125,30,57.295598,2.165205
32.925,30,57.275825,22.617026
32.9375,30,57.223411,42.746974
32.95,30,57.138385,62.268575
32.9625,30,57.020796,80.904007
32.975,30,56.87071,98.388064
32.9875,30,56.688214,114.471922
33,30,56.47341,128.926687
33.0125,30,56.226422,141.546647
33.025,30,55.94739,152.152203
33.0375,30,55.636474,160.592422
33.05,30,55.29385,166.747189
33.0625,30,54.919714,170.528914
33.075,30,54.514279,171.883776
33.0875,30,54.077776,170.792494
33.1,30,53.610454,167.270599
33.1125,30,53.112579,161.368213
33.125,30,52.584435,153.169333
33.1375,30,52.026322,142.790643
33.15,30,51.43856,130.379844
33.1625,30,50.821483,116.11356
33.175,30,50.175442,100.194819
33.1875,30,49.500806,82.850168
33.2,30,48.797959,64.326444
33.2125,30,48.067302,44.887266
33.225,30,47.309252,24.80928
33.2375,30,46.524239,4.378224
33.25,30,45.712712,-16.11514
33.2625,30,44.875134,-36.379164
33.275,30,44.011981,-56.125462
33.2875,30,43.123745,-75.073017
33.3,30,42.210932,-92.952179
33.3125,30,41.274064,-109.508503
33.325,30,40.313673,-124.50637
33.3375,30,39.330307,-137.732339
33.35,30,38.324527,-148.998186
33.3625,30,37.296906,-158.143584
33.375,30,36.248028,-165.03838
33.3875,30,35.178493,-169.584451
33.4,30,34.08891,-171.717101
33.4125,30,32.979899,-171.40598
33.425,30,31.852092,-168.655515
33.4375,30,30.706133,-163.504848
33.45,30,29.542675,-156.027282
33.4625,30,28.36238,-146.329232
33.475,30,27.165921,-134.548714
33.4875,30,25.95398,-120.853383
33.5,30,24.727247,-105.43814
33.5125,30,23.486423,-88.522368
33.525,30,22.232214,-70.346799
33.5375,30,20.965334,-51.170099
33.55,30,19.686506,-31.265177
33.562501,30,18.396459,-10.915308
33.575001,30,17.095927,9.5899
33.587501,30,15.785653,29.958631
33.600001,30,14.466382,49.901009
33.612501,30,13.138866,69.133227
33.625001,30,11.803863,87.381583
33.637501,30,10.462133,104.386379
33.650001,30,9.11444,119.905612
33.662501,30,7.761553,133.718423
33.675001,30,6.404242,145.628236
33.687501,30,5.043282,155.465557
33.700001,30,3.679447,163.090389
33.712501,30,2.313516,168.39422
33.725001,30,0.946266,171.301567
33.737501,30,-0.421523,171.771057
33.750001,30,-1.789072,169.796007
33.762501,30,-3.155601,165.404526
33.775001,30,-4.520332,158.659109
33.787501,30,-5.882487,149.655754
33.800001,30,-7.241289,138.522591
33.812501,30,-8.595965,125.41806
33.825001,30,-9.945741,110.528656
33.837501,30,-11.28985,94.066277
33.850001,30,-12.627524,76.265205
33.862501,30,-13.958002,57.378773
33.875001,30,-15.280525,37.675763
33.887501,30,-16.59434,17.436574
33.900001,30,-17.898698,-3.050762
33.912501,30,-19.192855,-23.494681
33.925001,30,-20.476073,-43.604238
33.937501,30,-21.747623,-63.093246
33.950001,30,-23.006778,-81.684351
33.962501,30,-24.252822,-99.112974
33.975001,30,-25.485044,-115.131082
33.987501,30,-26.702742,-129.510717
34.000001,30,-27.905222,-142.047234
34.012501,30,-29.091798,-152.562224
34.025001,30,-30.261795,-160.906042
34.037501,30,-31.414546,-166.959944
34.050001,30,-32.549393,-170.637776
34.062501,30,-33.66569,-171.887196
34.075001,30,-34.762802,-170.690424
34.087501,30,-35.840101,-167.064492
34.100001,30,-36.896975,-161.061001
34.112501,30,-37.932822,-152.765389
34.125001,30,-38.94705,-142.295714
34.137501,30,-39.939082,-129.800975
34.150001,30,-40.908353,-115.458989
34.162501,30,-41.85431,-99.473861
34.175001,30,-42.776414,-82.073084
34.187501,30,-43.674139,-63.504292
34.200001,30,-44.546975,-44.031747
34.212501,30,-45.394422,-23.932569
34.225001,30,-46.216,-3.492798
34.237501,30,-47.011238,16.996681
34.250001,30,-47.779685,37.244273
34.262501,30,-48.520902,56.961828
34.275001,30,-49.234467,75.868738
34.287501,30,-49.919972,93.69593
34.300001,30,-50.577028,110.1897
34.312501,30,-51.20526,125.115318
34.325001,30,-51.80431,138.260372
34.337501,30,-52.373836,149.43779
34.350001,30,-52.913514,158.488502
34.362501,30,-53.423037,165.283703
34.375001,30,-53.902113,169.726689
34.387501,30,-54.350471,171.754229
34.400001,30,-54.767854,171.33747
34.412501,30,-55.154024,168.482341
34.425001,30,-55.508762,163.229476
34.437501,30,-55.831865,155.65363
34.450001,30,-56.123149,145.862617
34.462501,30,-56.382449,133.995778
34.475001,30,-56.609616,120.221994
34.487501,30,-56.80452,104.737284
34.500001,30,-56.967052,87.762019
34.512501,30,-57.097118,69.537778
34.525001,30,-57.194644,50.323919
34.537501,30,-57.259574,30.393881
34.550001,30,-57.291872,10.031296
34.562501,30,-57.291519,-10.474049
34.575001,30,-57.258516,-30.830333
34.587501,30,-57.19288,-50.747859
34.600001,30,-57.09465,-69.943172
34.612501,30,-56.963882,-88.143098
34.625001,30,-56.800649,-105.088625
34.637501,30,-56.605046,-120.538597
34.650001,30,-56.377183,-134.273137
34.662501,30,-56.11719,-146.096785
34.675001,30,-55.825216,-155.841274
34.687501,30,-55.501427,-163.367926
34.700001,30,-55.146007,-168.569627
34.712501,30,-54.75916,-171.372349
34.725001,30,-54.341105,-171.736205
34.737501,30,-53.892081,-169.656018
34.750001,30,-53.412343,-165.161392
34.762501,30,-52.902165,-158.31629
34.775001,30,-52.361839,-149.218129
34.787501,30,-51.791671,-137.996388
34.800001,30,-51.191986,-124.810768
34.812501,30,-50.563128,-109.848917
34.825001,30,-49.905453,-93.323765
34.837501,30,-49.219336,-75.470487
34.850001,30,-48.505169,-56.543159
34.862501,30,-47.763359,-36.811144
34.875001,30,-46.994329,-16.555255
34.887501,30,-46.198516,3.936237
34.900001,30,-45.376374,24.371712
34.912501,30,-44.528373,44.460343
34.925001,30,-43.654994,63.916242
34.937501,30,-42.756736,82.462525
34.950001,30,-41.834111,99.835252
34.962501,30,-40.887644,115.787186
34.975001,30,-39.917875,130.091308
34.987501,30,-38.925357,142.54405
35.000001,30,-37.910656,152.968194
35.012501,30,-36.874348,161.215389
35.025001,30,-35.817026,167.168266
35.037501,30,-34.739292,170.742108
35.050001,30,-33.641759,171.886054
35.062501,30,-32.525054,170.583823
35.075001,30,-31.389813,166.853949
35.087501,30,-30.236682,160.749513
35.100001,30,-29.06632,152.357389
35.112501,30,-27.879392,141.797008
35.125001,30,-26.676576,129.21866
35.137501,30,-25.458557,114.801353
35.150001,30,-24.226029,98.750263
35.162501,30,-22.979694,81.29382
35.175001,30,-21.720263,62.680454
35.187501,30,-20.448454,43.175059
35.200001,30,-19.164991,23.055223
35.212501,30,-17.870605,2.607279
35.225001,30,-16.566036,-17.87777
35.237501,30,-15.252025,-38.108394
35.250001,30,-13.929322,-57.796682
35.262501,30,-12.59868,-76.662444
35.275001,30,-11.260859,-94.437194
35.287501,30,-9.91662,-110.867971
35.300001,30,-8.566729,-125.720944
35.312501,30,-7.211956,-138.784735
35.325001,30,-5.853073,-149.873426
35.337501,30,-4.490854,-158.829212
35.350001,30,-3.126076,-165.524639
35.362501,30,-1.759517,-169.864421
35.375001,30,-0.391954,-171.786797
35.387501,30,0.975832,-171.264411
35.400001,30,2.343061,-168.304694
35.412501,30,3.708955,-162.94977
35.425001,30,5.072736,-155.275845
35.437501,30,6.433626,-145.39213
35.450001,30,7.790849,-133.439284
35.462501,30,9.143632,-119.587413
35.475001,30,10.491204,-104.033647
35.487501,30,11.832797,-86.999339
35.500001,30,13.167646,-68.726911
35.512501,30,14.494991,-49.476403
35.525001,30,15.814076,-29.521777
35.537501,30,17.124147,-9.147016
35.550001,30,18.42446,11.357919
35.562501,30,19.714273,31.701216
35.575001,30,20.99285,51.593361
35.587501,30,22.259463,70.751261
35.600001,30,23.513391,88.902273
35.612501,30,24.753918,105.788082
35.625001,30,25.980338,121.168381
35.637501,30,27.191952,134.824286
35.650001,30,28.388068,146.561456
35.662501,30,29.568006,156.212853
35.675001,30,30.731094,163.641125
35.687501,30,31.876667,168.740559
35.700001,30,33.004074,171.43858
35.712501,30,34.112672,171.696794
35.725001,30,35.201828,169.511525
35.737501,30,36.270923,164.913873
35.750001,30,37.319347,157.969269
35.762501,30,38.346503,148.776543
35.775001,30,39.351805,137.466522
35.787501,30,40.33468,124.200162
35.800001,30,41.294568,109.166262
35.812501,30,42.230922,92.578775
35.825001,30,43.143208,74.673765
35.837501,30,44.030907,55.706043
35.850001,30,44.893513,35.945548
35.862501,30,45.730533,15.673498
35.875001,30,46.541491,-4.821608
35.887501,30,47.325926,-25.248096
35.900001,30,48.083389,-45.315268
35.912501,30,48.813449,-64.737542
35.925001,30,49.51569,-83.238511
35.937501,30,50.189712,-100.55488
35.950001,30,50.83513,-116.440215
35.962501,30,51.451577,-130.668445
35.975001,30,52.038702,-143.037082
35.987501,30,52.59617,-153.370104
36.000001,30,53.123663,-161.520457
36.012501,30,53.62088,-167.372151
36.025001,30,54.087539,-170.841907
36.037501,30,54.523373,-171.880348
36.050001,30,54.928134,-170.472693
36.062501,30,55.301591,-166.638976
36.075001,30,55.643531,-160.433757
36.087501,30,55.95376,-151.945343
36.100001,30,56.232101,-141.294537
36.112501,30,56.478394,-128.632915
36.125001,30,56.692501,-114.140668
36.137501,30,56.874298,-98.024042
36.150001,30,57.023682,-80.512399
36.162501,30,57.140568,-61.854952
36.175001,30,57.224889,-42.317225
36.187501,30,57.276598,-22.177264
36.200001,30,57.295665,-1.721691
36.212501,30,57.282078,18.758385
36.225001,30,57.235846,38.971503
36.237501,30,57.156995,58.630002
36.250001,30,57.04557,77.454116
36.262501,30,56.901635,95.17595
36.275001,30,56.725271,111.543299
36.287501,30,56.516579,126.323233
36.300001,30,56.275678,139.305413
36.312501,30,56.002705,150.305084
36.325001,30,55.697816,159.165706
36.337501,30,55.361185,165.76118
36.350001,30,54.993003,169.997643
36.362501,30,54.59348,171.814805
36.375001,30,54.162844,171.186804
36.387501,30,53.701341,168.122579
36.400001,30,53.209232,162.665738
36.412501,30,52.6868,154.893938
36.425001,30,52.134341,144.917783
36.437501,30,51.552171,132.879248
36.450001,30,50.940621,118.949657
36.462501,30,50.300039,103.327249
36.475001,30,49.630791,86.234351
36.487501,30,48.933259,67.914219
36.500001,30,48.207839,48.627573
36.512501,30,47.454945,28.64889
36.525001,30,46.675007,8.262494
36.537501,30,45.868468,-12.241489
36.550001,30,45.035789,-32.571258
36.562501,30,44.177443,-52.437494
36.575001,30,43.293921,-71.557471
36.587501,30,42.385725,-89.659087
36.600001,30,41.453373,-106.48473
36.612501,30,40.497397,-121.794948
36.625001,30,39.518341,-135.371856
36.637501,30,38.516764,-147.022235
36.650001,30,37.493235,-156.580285
36.662501,30,36.448339,-163.90998
36.675001,30,35.382671,-168.907011
36.687501,30,34.296838,-171.500261
36.700001,30,33.19146,-171.652825
36.712501,30,32.067165,-169.362532
36.725001,30,30.924595,-164.661976
36.737501,30,29.764401,-157.618053
36.750001,30,28.587244,-148.331007
36.762501,30,27.393795,-136.933006
36.775001,30,26.184735,-123.586259
36.787501,30,24.960751,-108.480709
36.800001,30,23.722543,-91.831328
36.812501,30,22.470814,-73.875061
36.825001,30,21.20628,-54.867449
36.837501,30,19.92966,-35.078998
36.850001,30,18.641681,-14.791324
36.862501,30,17.343079,5.706851
36.875001,30,16.034593,26.12381
36.887501,30,14.716969,46.16899
36.900001,30,13.390958,65.557122
36.912501,30,12.057315,84.012286
36.925001,30,10.7168,101.271839
36.937501,30,9.370178,117.090153
36.950001,30,8.018216,131.242113
36.962501,30,6.661684,143.526316
36.975001,30,5.301356,153.767941
36.987501,30,3.938006,161.821236
37.000001,30,2.572412,167.571591
37.012501,30,1.205352,170.937171
37.025001,30,-0.162394,171.870078
37.037501,30,-1.530049,170.357037
37.050001,30,-2.896831,166.41958
37.062501,30,-4.261962,160.113742
37.075001,30,-5.624665,151.529264
37.087501,30,-6.984162,140.788315
37.100001,30,-8.339679,128.043755
37.112501,30,-9.690442,113.476954
37.125001,30,-11.035684,97.29522
37.137501,30,-12.374636,79.72884
37.150001,30,-13.706535,61.027808
37.162501,30,-15.030623,41.458267
37.175001,30,-16.346145,21.298717
37.187501,30,-17.652352,0.836057
37.200001,30,-18.948498,-19.638502
37.212501,30,-20.233845,-39.833577
37.225001,30,-21.507662,-59.461766
37.237501,30,-22.76922,-78.243731
37.250001,30,-24.017803,-95.91218
37.262501,30,-25.252697,-112.215666
37.275001,30,-26.4732,-126.922168
37.287501,30,-27.678616,-139.822392
37.300001,30,-28.868258,-150.732751
37.312501,30,-30.041447,-159.497973
37.325001,30,-31.197516,-165.99332
37.337501,30,-32.335805,-170.126352
37.350001,30,-33.455665,-171.838251
37.362501,30,-34.55646,-171.104654
37.375001,30,-35.63756,-167.936001
37.387501,30,-36.69835,-162.377387
37.400001,30,-37.738226,-154.507918
37.412501,30,-38.756594,-144.439588
37.425001,30,-39.752875,-132.315683
37.437501,30,-40.726501,-118.308744
37.450001,30,-41.676917,-102.618107
37.462501,30,-42.60358,-85.467072
37.475001,30,-43.505964,-67.099723
37.487501,30,-44.383553,-47.777453
37.500001,30,-45.235848,-27.775243
37.512501,30,-46.062363,-7.377753
37.525001,30,-46.862626,13.124733
37.537501,30,-47.636183,33.440435
37.550001,30,-48.382591,53.280234
37.562501,30,-49.101426,72.361782
37.575001,30,-49.792278,90.413521
37.587501,30,-50.454753,107.178551
37.600001,30,-51.088473,122.418282
37.612501,30,-51.693078,135.915832
37.625001,30,-52.268223,147.479112
37.637501,30,-52.81358,156.94356
37.650001,30,-53.328838,164.174484
37.662501,30,-53.813704,169.068978
37.675001,30,-54.267901,171.557388
37.687501,30,-54.691171,171.604298
37.700001,30,-55.083272,169.209042
37.712501,30,-55.443981,164.405708
37.725001,30,-55.773092,157.262653
37.737501,30,-56.070417,147.881533
37.750001,30,-56.335788,136.395855
37.762501,30,-56.569053,122.969075
37.775001,30,-56.770079,107.792275
37.787501,30,-56.938751,91.081443
37.800001,30,-57.074974,73.074395
37.812501,30,-57.178669,54.027398
37.825001,30,-57.249778,34.211516
37.837501,30,-57.28826,13.908757
37.850001,30,-57.294093,-6.591943
37.862501,30,-57.267274,-26.99883
37.875001,30,-57.207819,-47.021487
37.887501,30,-57.11576,-66.374963
37.900001,30,-56.99115,-84.783831
37.912501,30,-56.834061,-101.986109
37.925001,30,-56.644583,-117.736983
37.937501,30,-56.422822,-131.812297
37.950001,30,-56.168905,-144.01174
37.962501,30,-55.882978,-154.161696
37.975001,30,-55.565202,-162.117719
37.987501,30,-55.21576,-167.766583
38.000001,30,-54.83485,-171.027896
38.012501,30,-54.422689,-171.855246
38.025001,30,-53.979513,-170.236858
38.037501,30,-53.505573,-166.195765
38.050001,30,-53.001141,-159.789476
38.062501,30,-52.466503,-151.109162
38.075001,30,-51.901964,-140.278356
38.087501,30,-51.307845,-127.451195
38.100001,30,-50.684486,-112.810227
38.112501,30,-50.032242,-96.563814
38.125001,30,-49.351484,-78.943164
38.137501,30,-48.642601,-60.199044
38.150001,30,-47.905996,-40.598208
38.162501,30,-47.142089,-20.419604
38.175001,30,-46.351316,0.0496
38.187501,30,-45.534126,20.518097
38.200001,30,-44.690987,40.694594
38.212501,30,-43.822378,60.29195
38.225001,30,-42.928795,79.031269
38.237501,30,-42.010746,96.645863
38.250001,30,-41.068755,112.885054
38.262501,30,-40.103359,127.517733
38.275001,30,-39.115107,140.33566
38.287501,30,-38.104564,151.156416
38.300001,30,-37.072305,159.826007
38.312501,30,-36.018918,166.221053
38.325001,30,-34.945004,170.250544
38.337501,30,-33.851174,171.857134
38.350001,30,-32.738053,171.01796
38.362501,30,-31.606274,167.744964
38.375001,30,-30.456482,162.084725
38.387501,30,-29.289334,154.117797
38.400001,30,-28.105493,143.957559
38.412501,30,-26.905634,131.748606
38.425001,30,-25.690442,117.664689
38.437501,30,-24.460609,101.90624
38.450001,30,-23.216836,84.697525
38.462501,30,-21.959831,66.283447
38.475001,30,-20.690311,46.926064
38.487501,30,-19.409,26.900858
38.500001,30,-18.116627,6.492816
38.512501,30,-16.81393,-14.007628
38.525001,30,-15.50165,-34.308725
38.537501,30,-14.180536,-54.12156
38.550001,30,-12.85134,-73.164171
38.562501,30,-11.514821,-91.165555
38.575001,30,-10.171739,-107.869527
38.587501,30,-8.82286,-123.038366
38.600001,30,-7.468952,-136.456199
38.612501,30,-6.110789,-147.932073
38.625001,30,-4.749142,-157.302668
38.637501,30,-3.384789,-164.434629
38.650001,30,-2.018508,-169.226457
38.662501,30,-0.651075,-171.60996
38.675001,30,0.716728,-171.551215
38.687501,30,2.084123,-169.05106
38.700001,30,3.45033,-164.145075
38.712501,30,4.814571,-156.903078
38.725001,30,6.176067,-147.428133
38.737501,30,7.534045,-135.855083
38.750001,30,8.887728,-122.348626
38.762501,30,10.236346,-107.10098
38.775001,30,11.579131,-90.329139
38.787501,30,12.915316,-72.271789
38.800001,30,14.244141,-53.185912
38.812501,30,15.564848,-33.343126
38.825001,30,16.876685,-13.025821
38.837501,30,18.178904,7.476859
38.850001,30,19.470762,27.873134
38.862501,30,20.751524,47.872735
38.875001,30,22.02046,67.191041
38.887501,30,23.276846,85.553125
38.900001,30,24.519966,102.697671
38.912501,30,25.749112,118.380686
38.925001,30,26.963584,132.378981
38.937501,30,28.162689,144.49334
38.950001,30,29.345744,154.551359
38.962501,30,30.512075,162.409898
38.975001,30,31.661017,167.957121
38.987501,30,32.791915,171.114081
39.000001,30,33.904125,171.835851
39.012501,30,34.997013,170.11216
39.025001,30,36.069955,165.967538
39.037501,30,37.122342,159.460968
39.050001,30,38.153572,150.685048
39.062501,30,39.163058,139.764672
39.075001,30,40.150225,126.855251
39.087501,30,41.11451,112.140505
39.100001,30,42.055364,95.829844
39.112501,30,42.97225,78.155392
39.125001,30,43.864647,59.368681
39.137501,30,44.732044,39.737072
39.150001,30,45.573949,19.539949
39.162501,30,46.389881,-0.935254
39.175001,30,47.179375,-21.397148
39.187501,30,47.941981,-41.55453
39.200001,30,48.677265,-61.120534
39.212501,30,49.384807,-79.816709
39.225001,30,50.064205,-97.376981
39.237501,30,50.715071,-113.551444
39.250001,30,51.337034,-128.109913
39.262501,30,51.92974,-140.845201
39.275001,30,52.492851,-151.576068
39.287501,30,53.026047,-160.149797
39.300001,30,53.529022,-166.444373
39.312501,30,54.001491,-170.370216
39.325001,30,54.443184,-171.871456
39.337501,30,54.85385,-170.926726
39.350001,30,55.233254,-167.549474
39.362501,30,55.581181,-161.78776
39.375001,30,55.897431,-153.723584
39.387501,30,56.181826,-143.471708
39.400001,30,56.434202,-131.178032
39.412501,30,56.654416,-117.017511
39.425001,30,56.842343,-101.191668
39.437501,30,56.997874,-83.925729
39.450001,30,57.120923,-65.465411
39.462501,30,57.211418,-46.073429
39.475001,30,57.269308,-26.025759
39.487501,30,57.294559,-5.607706
39.500001,30,57.287159,14.890152
39.512501,30,57.24711,35.176103
39.525001,30,57.174436,54.961449
39.537501,30,57.069178,73.964618
39.550001,30,56.931395,91.915168
39.562501,30,56.761168,108.557638
39.575001,30,56.558592,123.655183
39.587501,30,56.323783,136.992944
39.600001,30,56.056874,148.381106
39.612501,30,55.758019,157.6576
39.625001,30,55.427387,164.690408
39.637501,30,55.065167,169.379444
39.650001,30,54.671564,171.657976
39.662501,30,54.246804,171.493578
39.675001,30,53.791129,168.88859
39.687501,30,53.304798,163.880083
39.700001,30,52.788088,156.539337
39.712501,30,52.241294,146.970819
39.725001,30,51.664727,135.310703
39.737501,30,51.058717,121.72493
39.750001,30,50.423608,106.406842
39.762501,30,49.759762,89.574437
39.775001,30,49.067558,71.467265
39.787501,30,48.34739,52.343015
39.800001,30,47.599668,32.473851
39.812501,30,46.82482,12.142539
39.825001,30,46.023285,-8.361577
39.837501,30,45.195522,-28.746697
39.850001,30,44.342002,-48.722712
39.862501,30,43.463211,-68.005335
39.875001,30,42.55965,-86.320148
39.887501,30,41.631834,-103.406506
39.900001,30,40.680292,-119.021247
39.912501,30,39.705566,-132.942151
39.925001,30,38.708212,-144.971104
39.937501,30,37.688798,-154.936918
39.950001,30,36.647904,-162.697766
39.962501,30,35.586125,-168.143199
39.975001,30,34.504066,-171.195723
39.987501,30,33.402342,-171.811895
40.000001,30,32.281582,-169.982946
40.012501,30,31.142424,-165.734904
40.025001,30,29.985519,-159.128226
40.037501,30,28.811524,-150.256934
40.050001,30,27.62111,-139.247277
40.062501,30,26.414954,-126.25594
40.075001,30,25.193745,-111.467805
40.087501,30,23.958177,-95.09333
40.100001,30,22.708955,-77.365546
40.112501,30,21.446792,-58.536742
40.125001,30,20.172405,-38.87488
40.137501,30,18.886523,-18.659775
40.150001,30,17.589877,1.820884
40.162501,30,16.283206,22.27563
40.175001,30,14.967256,42.413363
40.187501,30,13.642775,61.947496
40.200001,30,12.31052,80.600029
40.212501,30,10.971249,98.105513
40.225001,30,9.625725,114.21482
40.237501,30,8.274715,128.698692
40.250001,30,6.91899,141.351004
40.262501,30,5.559321,151.991696
40.275001,30,4.196484,160.469335
40.287501,30,2.831256,166.663275
40.300001,30,1.464414,170.485365
40.312501,30,0.096737,171.881214
40.325001,30,-1.270994,170.830955
40.337501,30,-2.638002,167.349535
40.350001,30,-4.003506,161.4865
40.362501,30,-5.366728,153.32529
40.375001,30,-6.726892,142.982048
40.387501,30,-8.083222,130.603974
40.400001,30,-9.434945,116.367225
40.412501,30,-10.781292,100.47441
40.425001,30,-12.121494,83.151705
40.437501,30,-13.454788,64.645636
40.450001,30,-14.780414,45.219571
40.462501,30,-16.097617,25.149969
40.475001,30,-17.405645,4.722447
40.487501,30,-18.703754,-15.772281
40.500001,30,-19.991204,-36.042548
40.512501,30,-21.26726,-55.799879
40.525001,30,-22.531197,-74.763101
40.537501,30,-23.782292,-92.662341
40.550001,30,-25.019834,-109.242868
40.562501,30,-26.243117,-124.268718
40.575001,30,-27.451444,-137.526052
40.587501,30,-28.644126,-148.8262
40.600001,30,-29.820484,-158.008346
40.612501,30,-30.979847,-164.941815
40.625001,30,-32.121555,-169.527933
40.637501,30,-33.244956,-171.701435
40.650001,30,-34.349411,-171.431388
40.662501,30,-35.43429,-168.721636
40.675001,30,-36.498974,-163.610741
40.687501,30,-37.542858,-156.17144
40.700001,30,-38.565346,-146.509603
40.712501,30,-39.565856,-134.762732
40.725001,30,-40.543816,-121.098001
40.737501,30,-41.498671,-105.709878
40.750001,30,-42.429875,-88.817358
40.762501,30,-43.336898,-70.660843
40.775001,30,-44.219224,-51.498727
40.787501,30,-45.076348,-31.603714
40.800001,30,-45.907784,-11.258935
40.812501,30,-46.713056,9.246073
40.825001,30,-47.491706,29.619498
40.837501,30,-48.243291,49.571395
40.850001,30,-48.967381,68.817824
40.862501,30,-49.663565,87.084879
40.875001,30,-50.331446,104.112597
40.887501,30,-50.970642,119.658648
40.900001,30,-51.58079,133.501791
40.912501,30,-52.161541,145.44502
40.925001,30,-52.712566,155.318364
40.937501,30,-53.233549,162.981314
40.950001,30,-53.724195,168.324814
40.962501,30,-54.184222,171.27282
40.975001,30,-54.61337,171.783376
40.987501,30,-55.011394,169.849218
41.000001,30,-55.378066,165.497871
41.012501,30,-55.713178,158.79126
41.025001,30,-56.016539,149.82483
41.037501,30,-56.287975,138.726186
41.050001,30,-56.527333,125.653276
41.062501,30,-56.734476,110.792147
41.075001,30,-56.909285,94.354292
41.087501,30,-57.051662,76.573645
41.100001,30,-57.161525,57.70325
41.112501,30,-57.238811,38.011657
41.125001,30,-57.283476,17.779106
41.137501,30,-57.295495,-2.706466
41.150001,30,-57.274862,-23.153522
41.162501,30,-57.221587,-43.271071
41.175001,30,-57.135701,-62.772812
41.187501,30,-57.017253,-81.38121
41.200001,30,-56.866311,-98.831441
41.212501,30,-56.682961,-114.875164
41.225001,30,-56.467306,-129.284054
41.237501,30,-56.219471,-141.853054
41.250001,30,-55.939596,-152.403288
41.262501,30,-55.627841,-160.784614
41.275001,30,-55.284383,-166.877752
41.287501,30,-54.909418,-170.595988
41.300001,30,-54.503161,-171.886409
41.312501,30,-54.065841,-170.730648
41.325001,30,-53.597709,-167.145154
41.337501,30,-53.099032,-161.180953
41.350001,30,-52.570093,-152.922925
41.362501,30,-52.011195,-142.488592
41.375001,30,-51.422655,-130.026449
41.387501,30,-50.804809,-115.713851
41.400001,30,-50.158009,-99.754484
41.412501,30,-49.482623,-82.375474
41.425001,30,-48.779038,-63.824146
41.437501,30,-48.047653,-44.364513
41.450001,30,-47.288885,-24.273511
41.462501,30,-46.503167,-3.837063
41.475001,30,-45.690947,16.653991
41.487501,30,-44.852687,36.908035
41.500001,30,-43.988866,56.636828
41.512501,30,-43.099975,75.5596
41.525001,30,-42.186522,93.407054
41.537501,30,-41.249026,109.925197
41.550001,30,-40.288022,124.878953
41.562501,30,-39.304057,138.055508
41.575001,30,-38.297693,149.267343
41.587501,30,-37.269503,158.354897
41.600001,30,-36.220073,165.188843
41.612501,30,-35.150001,169.671922
41.625001,30,-34.059897,171.740336
41.637501,30,-32.950382,171.364647
41.650001,30,-31.822089,168.550203
41.662501,30,-30.675659,163.337056
41.675001,30,-29.511748,155.799397
41.687501,30,-28.331018,146.044497
41.700001,30,-27.134142,134.211183
41.712501,30,-25.921802,120.467857
41.725001,30,-24.694689,105.010108
41.737501,30,-23.453502,88.05792
41.750001,30,-22.198949,69.852546
41.762501,30,-20.931745,50.653073
41.775001,30,-19.652612,30.732737
41.787501,30,-18.362278,10.375032
41.800001,30,-17.06148,-10.130324
41.812501,30,-15.750958,-30.491512
41.825001,30,-14.43146,-50.418763
41.837501,30,-13.103738,-69.628485
41.850001,30,-11.768547,-87.847298
41.862501,30,-10.42665,-104.815923
41.875001,30,-9.07881,-120.292872
41.887501,30,-7.725796,-134.057887
41.900001,30,-6.368379,-145.915074
41.912501,30,-5.007333,-155.695687
41.925001,30,-3.643434,-163.260535
41.937501,30,-2.277457,-168.50196
41.950001,30,-0.910183,-171.34537
41.962501,30,0.45761,-171.750298
41.975001,30,1.825142,-169.710981
41.987501,30,3.191634,-165.256444
42.000001,30,4.556307,-158.450078
42.012501,30,5.918383,-149.388749
42.025001,30,7.277086,-138.201411
42.037501,30,8.631642,-125.047277
42.050001,30,9.981279,-110.113547
42.062501,30,11.325228,-93.612749
42.075001,30,12.662722,-75.779712
42.087501,30,13.993,-56.868225
42.100001,30,15.315303,-37.147425
42.112501,30,16.628878,-16.897965
42.125001,30,17.932976,3.591976
42.137501,30,19.226853,24.030798
42.150001,30,20.509774,44.127629
42.162501,30,21.781006,63.596462
42.175001,30,23.039824,82.16023
42.187501,30,24.285512,99.554745
42.200001,30,25.51736,115.532457
42.212501,30,26.734665,129.865984
42.225001,30,27.936734,142.351337
42.237501,30,29.122882,152.810835
42.250001,30,30.292433,161.095623
42.262501,30,31.444719,167.087798
42.275001,30,32.579086,170.702082
42.287501,30,33.694885,171.88704
42.300001,30,34.791481,170.625808
42.312501,30,35.86825,166.936335
42.325001,30,36.924577,160.871127
42.337501,30,37.95986,152.5165
42.350001,30,38.97351,141.991353
42.362501,30,39.964949,129.445473
42.375001,30,40.933612,115.057404
42.387501,30,41.878946,99.03191
42.400001,30,42.800414,81.597055
42.412501,30,43.697489,63.000961
42.425001,30,44.569661,43.508276
42.437501,30,45.416433,23.396409
42.450001,30,46.237321,2.951578
42.462501,30,47.031858,-17.535258
42.475001,30,47.799592,-37.772543
42.487501,30,48.540085,-57.472273
42.500001,30,49.252914,-76.354092
42.512501,30,49.937674,-94.149288
42.525001,30,50.593975,-110.604608
42.537501,30,51.221441,-125.485873
42.550001,30,51.819716,-138.5813
42.562501,30,52.388459,-149.704523
42.575001,30,52.927346,-158.697245
42.587501,30,53.436069,-165.431485
42.600001,30,53.914338,-169.811406
42.612501,30,54.361881,-171.774677
42.625001,30,54.778444,-171.293356
42.637501,30,55.163788,-168.374294
42.650001,30,55.517693,-163.059034
42.662501,30,55.839959,-155.423218
42.675001,30,56.130402,-145.575514
42.687501,30,56.388855,-133.65607
42.700001,30,56.615173,-119.834516
42.712501,30,56.809225,-104.30755
42.725001,30,56.970901,-87.296144
42.737501,30,57.100109,-69.042393
42.750001,30,57.196776,-49.806074
42.762501,30,57.260846,-29.860945
42.775001,30,57.292282,-9.490854
42.787501,30,57.291068,11.014306
42.800001,30,57.257203,31.362716
42.812501,30,57.190707,51.264792
42.825001,30,57.091618,70.437299
42.837501,30,56.959992,88.607385
42.850001,30,56.795904,105.516466
42.862501,30,56.599448,120.923902
42.875001,30,56.370735,134.610424
42.887501,30,56.109897,146.381254
42.900001,30,55.817081,156.068875
42.912501,30,55.492455,163.535422
42.925001,30,55.136204,168.674632
42.937501,30,54.74853,171.41337
42.950001,30,54.329655,171.712659
42.962501,30,53.879817,169.568239
42.975001,30,53.399273,165.010629
42.987501,30,52.888296,158.104689
43.000001,30,52.347178,148.948702
43.012501,30,51.776227,137.672968
43.025001,30,51.175768,124.437958
43.037501,30,50.546145,109.432023
43.050001,30,49.887714,92.86872
43.062501,30,49.200853,74.983767
43.075001,30,48.485951,56.03169
43.087501,30,47.743418,36.282206
43.100001,30,46.973675,16.016375
43.112501,30,46.177162,-4.47739
43.125001,30,45.354332,-24.907437
43.137501,30,44.505654,-44.983016
43.150001,30,43.631612,-64.418424
43.162501,30,42.732705,-82.937069
43.175001,30,41.809444,-100.275406
43.187501,30,40.862356,-116.186684
43.200001,30,39.891979,-130.444466
43.212501,30,38.898869,-142.845842
43.225001,30,37.88359,-153.214325
43.237501,30,36.84672,-161.402356
43.250001,30,35.788852,-167.293408
43.262501,30,34.710587,-170.803644
43.275001,30,33.612541,-171.883108
43.287501,30,32.495338,-170.516438
43.300001,30,31.359617,-166.723084
43.312501,30,30.206023,-160.557029
43.325001,30,29.035215,-152.106026
43.337501,30,27.847859,-141.490344
43.350001,30,26.644633,-128.861059
43.362501,30,25.426222,-114.397903
43.375001,30,24.193321,-98.306707
43.387501,30,22.946632,-80.81647
43.400001,30,21.686865,-62.176103
43.412501,30,20.414739,-42.650885
43.425001,30,19.130978,-22.518685
43.437501,30,17.836314,-2.066013
43.450001,30,16.531486,18.41606
43.462501,30,15.217236,38.636048
43.475001,30,13.894314,58.306192
43.487501,30,12.563473,77.146558
43.500001,30,11.225473,94.889021
43.512501,30,9.881074,111.281083
43.525001,30,8.531045,126.089461
43.537501,30,7.176154,139.103412
43.550001,30,5.817173,150.137729
43.562501,30,4.454877,159.035379
43.575001,30,3.090042,165.669735
43.587501,30,1.723446,169.946382
43.600001,30,0.355867,171.804457
43.612501,30,-1.011914,171.217518
43.625001,30,-2.379118,168.193916
43.637501,30,-3.744967,162.776683
43.650001,30,-5.108681,155.042912
43.662501,30,-6.469484,145.102667
43.675001,30,-7.8266,133.09741
43.687501,30,-9.179255,119.197992
43.700001,30,-10.526679,103.602223
43.712501,30,-11.868104,86.532051
43.725001,30,-13.202765,68.230408
43.737501,30,-14.529902,48.957752
43.750001,30,-15.848758,28.98836
43.762501,30,-17.158582,8.606423
43.775001,30,-18.458627,-11.897995
43.787501,30,-19.748153,-32.233088
43.800001,30,-21.026424,-52.10946
43.812501,30,-22.292712,-71.244242
43.825001,30,-23.546295,-89.36512
43.837501,30,-24.786459,-106.214209
43.850001,30,-26.012497,-121.551723
43.862501,30,-27.223711,-135.159387
43.875001,30,-28.419409,-146.843548
43.887501,30,-29.598912,-156.437921
43.900001,30,-30.761545,-163.805966
43.912501,30,-31.906648,-168.842827
43.925001,30,-33.033567,-171.47682
43.937501,30,-34.141659,-171.670462
43.950001,30,-35.230295,-169.420995
43.962501,30,-36.298852,-164.760433
43.975001,30,-37.346723,-157.755103
43.987501,30,-38.373309,-148.5047
44.000001,30,-39.378026,-137.140869
44.012501,30,-40.360302,-123.825335
44.025001,30,-41.319576,-108.747595
44.037501,30,-42.255302,-92.122226
44.050001,30,-43.166946,-74.18583
44.062501,30,-44.05399,-55.193668
44.075001,30,-44.915926,-35.416024
44.087501,30,-45.752265,-15.13436
44.100001,30,-46.56253,5.362686
44.112501,30,-47.346258,25.783414
44.125001,30,-48.103004,45.837208
44.137501,30,-48.832335,65.238676
44.150001,30,-49.533837,83.711707
44.162501,30,-50.207109,100.993404
44.175001,30,-50.851768,116.837826
44.187501,30,-51.467446,131.019484
44.200001,30,-52.053792,143.336554
44.212501,30,-52.610473,153.613747
44.225001,30,-53.137171,161.704803
44.237501,30,-53.633586,167.494577
44.250001,30,-54.099435,170.900672
44.262501,30,-54.534452,171.874613
44.275001,30,-54.93839,170.402542
44.287501,30,-55.311018,166.505406
44.300001,30,-55.652124,160.238669
44.312501,30,-55.961514,151.691514
44.325001,30,-56.239011,140.985579
44.337501,30,-56.484457,128.273225
44.350001,30,-56.697713,113.735365
44.362501,30,-56.878656,97.578893
44.375001,30,-57.027183,80.03374
44.387501,30,-57.143211,61.349595
44.400001,30,-57.226673,41.792361
44.412501,30,-57.27752,21.640364
44.425001,30,-57.295725,1.180394
44.437501,30,-57.281277,-19.296374
44.450001,30,-57.234184,-39.498528
44.462501,30,-57.154474,-59.138563
44.475001,30,-57.04219,-77.936975
44.487501,30,-56.897398,-95.626236
44.500001,30,-56.72018,-111.954603
44.512501,30,-56.510636,-126.689702
44.525001,30,-56.268887,-139.621831
44.537501,30,-55.99507,-150.566949
44.550001,30,-55.689342,-159.369291
44.562501,30,-55.351875,-165.903587
44.575001,30,-54.982864,-170.076846
44.587501,30,-54.582517,-171.829677
44.600001,30,-54.151064,-171.137134
44.612501,30,-53.688749,-168.009073
44.625001,30,-53.195837,-162.49001
44.637501,30,-52.672609,-154.65849
44.650001,30,-52.119362,-144.625966
44.662501,30,-51.536412,-132.535215
44.675001,30,-50.924091,-118.558305
44.687501,30,-50.282749,-102.894145
44.700001,30,-49.61275,-85.76566
44.712501,30,-48.914476,-67.416612
44.725001,30,-48.188326,-48.108131
44.737501,30,-47.434714,-28.115005
44.750001,30,-46.654068,-7.721764
44.762501,30,-45.846833,12.781368
44.775001,30,-45.01347,33.102604
44.787501,30,-44.154454,52.952744
44.800001,30,-43.270274,72.049293
44.812501,30,-42.361434,90.120482
44.825001,30,-41.428453,106.909131
44.837501,30,-40.47186,122.176316
44.850001,30,-39.492203,135.704762
44.862501,30,-38.490039,147.301943
44.875001,30,-37.465939,156.802813
44.887501,30,-36.420488,164.072163
44.900001,30,-35.35428,169.006538
44.912501,30,-34.267923,171.535718
44.925001,30,-33.162037,171.623707
44.937501,30,-32.037252,169.269253
44.950001,30,-30.894209,164.505864
44.962501,30,-29.733559,157.401329
44.975001,30,-28.555964,148.056756
44.987501,30,-27.362094,136.60513
45.000001,30,-26.152631,123.209425
45.012501,30,-24.928263,108.060279
45.025001,30,-23.689689,91.373286
45.037501,30,-22.437613,73.385925
45.050001,30,-21.172751,54.354181
45.062501,30,-19.895821,34.548901
45.075001,30,-18.607554,14.251944
45.087501,30,-17.308681,-6.247839
45.100001,30,-15.999945,-26.658707
45.112501,30,-14.682089,-46.690184
45.125001,30,-13.355867,-66.057195
45.137501,30,-12.022033,-84.484121
45.150001,30,-10.681347,-101.708722
45.162501,30,-9.334574,-117.485866
45.175001,30,-7.982482,-131.591025
45.187501,30,-6.62584,-143.823461
45.200001,30,-5.265422,-154.00909
45.212501,30,-3.902003,-162.002958
45.225001,30,-2.53636,-167.691299
45.237501,30,-1.169272,-170.993162
45.250001,30,0.198482,-171.861555
45.262501,30,1.566123,-170.284121
45.275001,30,2.932872,-166.283309
45.287501,30,4.297949,-159.916055
45.300001,30,5.660577,-151.272975
45.312501,30,7.019979,-140.477071
45.325001,30,8.37538,-127.681984
45.337501,30,9.726008,-113.069807
45.350001,30,11.071093,-96.848489
45.362501,30,12.409869,-79.248884
45.375001,30,13.741572,-60.521458
45.387501,30,15.065444,-40.932728
45.400001,30,16.38073,-20.761468
45.412501,30,17.686681,-0.294744
45.425001,30,18.982551,20.176174
45.437501,30,20.267604,40.359958
45.450001,30,21.541106,59.969364
45.462501,30,22.802331,78.725323
45.475001,30,24.050562,96.360911
45.487501,30,25.285086,112.625151
45.500001,30,26.5052,127.286579
45.512501,30,27.710208,140.136544
45.525001,30,28.899424,150.992171
45.537501,30,30.07217,159.698971
45.550001,30,31.227778,166.133035
45.562501,30,32.36559,170.202795
45.575001,30,33.484955,171.850334
45.587501,30,34.585238,171.052206
45.600001,30,35.66581,167.819769
45.612501,30,36.726057,162.199024
45.625001,30,37.765372,154.269963
45.637501,30,38.783166,144.145427
45.650001,30,39.778856,131.969502
45.662501,30,40.751877,117.915469
45.675001,30,41.701672,102.183336
45.687501,30,42.627702,84.996993
45.700001,30,43.529438,66.601025
45.712501,30,44.406366,47.257233
45.725001,30,45.257987,27.240904
45.737501,30,46.083815,6.8369
45.750001,30,46.88338,-13.664402
45.762501,30,47.656226,-33.971241
45.775001,30,48.401912,-53.794623
45.787501,30,49.120014,-72.852432
45.800001,30,49.810122,-90.873451
45.812501,30,50.471843,-107.601215
45.825001,30,51.1048,-122.797665
45.837501,30,51.708632,-136.246535
45.850001,30,52.282995,-147.756428
45.862501,30,52.827562,-157.163542
45.875001,30,53.342022,-164.334003
45.887501,30,53.826082,-169.165763
45.900001,30,54.279467,-171.590061
45.912501,30,54.701917,-171.572395
45.925001,30,55.093193,-169.113017
45.937501,30,55.45307,-164.246927
45.950001,30,55.781345,-157.043376
45.962501,30,56.07783,-147.604881
45.975001,30,56.342355,-136.065764
45.987501,30,56.574771,-122.590243
46.000001,30,56.774945,-107.370094
46.012501,30,56.942762,-90.62192
46.025001,30,57.078128,-72.584071
46.037501,30,57.180964,-53.51325
46.050001,30,57.251213,-33.680862
46.062501,30,57.288833,-13.369148
46.075001,30,57.293805,7.132827
46.087501,30,57.266125,27.533292
46.100001,30,57.205808,47.54192
46.112501,30,57.11289,66.873961
46.125001,30,56.987423,85.254293
46.137501,30,56.829478,102.421339
46.150001,30,56.639146,118.130787
46.162501,30,56.416535,132.159071
46.175001,30,56.161772,144.306549
46.187501,30,55.875002,154.400345
46.200001,30,55.556389,162.296811
46.212501,30,55.206114,167.883569
46.225001,30,54.824376,171.081112
46.237501,30,54.411394,171.843934
46.250001,30,53.967403,170.16118
46.262501,30,53.492655,166.056796
46.275001,30,52.987422,159.589195
46.287501,30,52.451991,150.850419
46.300001,30,51.886667,139.964833
46.312501,30,51.291773,127.087355
46.325001,30,50.667648,112.401247
46.337501,30,50.014646,96.115514
46.350001,30,49.333141,78.461925
46.362501,30,48.623521,59.691714
46.375001,30,47.886191,40.072008
46.387501,30,47.121569,19.882021
46.400001,30,46.330093,-0.590914
46.412501,30,45.512213,-21.05544
46.425001,30,44.668396,-41.220317
46.437501,30,43.799121,-60.798573
46.450001,30,42.904886,-79.511581
46.462501,30,41.986198,-97.093029
46.475001,30,41.043583,-113.292709
46.487501,30,40.077577,-127.880077
46.500001,30,39.08873,-140.647535
46.512501,30,38.077606,-151.413385
46.525001,30,37.044782,-160.024412
46.537501,30,35.990846,-166.358071
46.550001,30,34.916398,-170.324225
46.562501,30,33.822052,-171.86643
46.575001,30,32.70843,-170.962737
46.587501,30,31.576167,-167.626009
46.600001,30,30.42591,-161.903731
46.612501,30,29.258312,-153.877339
46.625001,30,28.074039,-143.66106
46.637501,30,26.873768,-131.400285
46.650001,30,25.65818,-117.269503
46.662501,30,24.42797,-101.469814
46.675001,30,23.183839,-84.226069
46.687501,30,21.926494,-65.78367
46.700001,30,20.656654,-46.405079
46.712501,30,19.375042,-26.36608
46.725001,30,18.082387,-5.951855
46.737501,30,16.779428,14.547073
46.750001,30,15.466905,34.838977
46.762501,30,14.145568,54.635073
46.775001,30,12.81617,73.653637
46.787501,30,11.479467,91.624008
46.800001,30,10.136222,108.290442
46.812501,30,8.787201,123.415754
46.825001,30,7.433171,136.784689
46.837501,30,6.074906,148.206989
46.850001,30,4.713178,157.520099
46.862501,30,3.348764,164.59148
46.875001,30,1.982442,169.320497
46.887501,30,0.61499,171.639849
46.900001,30,-0.752813,171.516529
46.912501,30,-2.120186,168.952291
46.925001,30,-3.486351,163.983629
46.937501,30,-4.85053,156.681253
46.950001,30,-6.211944,147.149087
46.962501,30,-7.569817,135.522785
46.975001,30,-8.923377,121.967807
46.987501,30,-10.271851,106.677059
47.000001,30,-11.614471,89.868149
47.012501,30,-12.950473,71.78029
47.025001,30,-14.279093,52.670899
47.037501,30,-15.599576,32.811928
47.050001,30,-16.911169,12.485998
47.062501,30,-18.213123,-8.017625
47.075001,30,-19.504698,-28.407146
47.087501,30,-20.785158,-48.392394
47.100001,30,-22.053771,-67.688951
47.112501,30,-23.309816,-86.022201
47.125001,30,-24.552577,-103.131237
47.137501,30,-25.781345,-118.772572
47.150001,30,-26.995421,-132.723609
47.162501,30,-28.194111,-144.785806
47.175001,30,-29.376734,-154.787501
47.187501,30,-30.542614,-162.586356
47.200001,30,-31.691088,-168.071382
47.212501,30,-32.821501,-171.16452
47.225001,30,-33.93321,-171.821751
47.237501,30,-35.025579,-170.033721
47.250001,30,-36.097987,-165.825875
47.262501,30,-37.149823,-159.258098
47.275001,30,-38.180487,-150.423859
47.287501,30,-39.189392,-139.44888
47.300001,30,-40.175962,-126.489351
47.312501,30,-41.139636,-111.729703
47.325001,30,-42.079865,-95.379987
47.337501,30,-42.996111,-77.672883
47.350001,30,-43.887855,-58.860386
47.362501,30,-44.754586,-39.210224
47.375001,30,-45.595811,-19.002046
47.387501,30,-46.411051,1.476556
47.400001,30,-47.199842,21.934146
47.412501,30,-47.961733,42.079582
47.425001,30,-48.69629,61.626168
47.437501,30,-49.403095,80.295728
47.450001,30,-50.081745,97.822569
47.462501,30,-50.731853,113.957259
47.475001,30,-51.353049,128.47018
47.487501,30,-51.944978,141.154793
47.500001,30,-52.507304,151.830579
47.512501,30,-53.039706,160.345605
47.525001,30,-53.54188,166.578691
47.537501,30,-54.01354,170.441133
47.550001,30,-54.454418,171.877962
47.562501,30,-54.864262,170.86873
47.575001,30,-55.242839,167.427799
47.587501,30,-55.589932,161.60414
47.600001,30,-55.905345,153.48063
47.612501,30,-56.188896,143.172879
47.625001,30,-56.440426,130.82758
47.637501,30,-56.659789,116.620424
47.650001,30,-56.846863,100.753598
47.662501,30,-57.001538,83.452909
47.675001,30,-57.123729,64.964569
47.687501,30,-57.213364,45.551694
47.700001,30,-57.270393,25.490556
47.712501,30,-57.294784,5.066652
47.725001,30,-57.286521,-15.429358
47.737501,30,-57.245612,-35.705787
47.750001,30,-57.172077,-55.474073
47.762501,30,-57.06596,-74.452886
47.775001,30,-56.927321,-92.372132
47.787501,30,-56.756238,-108.976795
47.800001,30,-56.55281,-124.030567
47.812501,30,-56.317152,-137.319213
47.825001,30,-56.049399,-148.653617
47.837501,30,-55.749703,-157.872474
47.850001,30,-55.418235,-164.844588
47.862501,30,-55.055184,-169.470735
47.875001,30,-54.660757,-171.68508
47.887501,30,-54.235178,-171.456109
47.900001,30,-53.778691,-168.78708
47.912501,30,-53.291554,-163.715978
47.925001,30,-52.774047,-156.314971
47.937501,30,-52.226463,-146.689386
47.950001,30,-51.649116,-134.976209
47.962501,30,-51.042333,-121.342133
47.975001,30,-50.406461,-105.981192
47.987501,30,-49.741862,-89.111991
48.000001,30,-49.048915,-70.974604
48.012501,30,-48.328015,-51.827149
48.025001,30,-47.579572,-31.942123
48.037501,30,-46.804014,-11.602517
48.050001,30,-46.001781,8.90221
48.062501,30,-45.173333,29.280245
48.075001,30,-44.319139,49.241583
48.087501,30,-43.439688,68.502144
48.100001,30,-42.535481,86.787826
48.112501,30,-41.607032,103.838397
48.125001,30,-40.654871,119.411203
48.137501,30,-39.679541,133.284624
48.150001,30,-38.681598,145.26122
48.162501,30,-37.661609,155.170548
48.175001,30,-36.620157,162.871584
48.187501,30,-35.557835,168.254733
48.200001,30,-34.475249,171.243385
48.212501,30,-33.373014,171.795006
48.225001,30,-32.251761,169.901747
48.237501,30,-31.112127,165.590552
48.250001,30,-29.954762,158.922774
48.262501,30,-28.780325,149.993305
48.275001,30,-27.589487,138.929224
48.287501,30,-26.382925,125.887989
48.300001,30,-25.161328,111.055193
48.312501,30,-23.925391,94.641928
48.325001,30,-22.675818,76.881778
48.337501,30,-21.413323,58.027494
48.350001,30,-20.138624,38.347399
48.362501,30,-18.852448,18.121567
48.375001,30,-17.555528,-2.36216
48.387501,30,-16.248603,-22.81227
48.400001,30,-14.932418,-42.93773
48.412501,30,-13.607723,-62.452126
48.425001,30,-12.275273,-81.077743
48.437501,30,-10.935827,-98.549511
48.450001,30,-9.590148,-114.618784
48.462501,30,-8.239004,-129.056873
48.475001,30,-6.883165,-141.658304
48.487501,30,-5.523403,-152.243742
48.500001,30,-4.160493,-160.66254
48.512501,30,-2.795212,-166.794889
48.525001,30,-1.428338,-170.553516
48.537501,30,-0.06065,-171.884931
48.550001,30,1.307073,-170.770186
48.562501,30,2.674051,-167.225145
48.575001,30,4.039504,-161.300259
48.587501,30,5.402656,-153.079847
48.600001,30,6.762728,-142.680898
48.612501,30,8.118947,-130.251402
48.625001,30,9.470538,-115.968248
48.637501,30,10.816733,-100.034707
48.650001,30,12.156762,-82.677533
48.662501,30,13.489864,-64.143743
48.675001,30,14.815277,-44.6971
48.687501,30,16.132247,-24.614355
48.700001,30,17.440024,-4.181314
48.712501,30,18.737861,16.311234
48.725001,30,20.02502,36.571649
48.737501,30,21.300766,56.3116
48.750001,30,22.564372,75.250159
48.762501,30,23.815119,93.117804
48.775001,30,25.052294,109.660254
48.787501,30,26.275192,124.642087
48.800001,30,27.483115,137.850091
48.812501,30,28.675375,149.096297
48.825001,30,29.851293,158.220657
48.837501,30,31.010199,165.093319
48.850001,30,32.151431,169.616474
48.862501,30,33.274341,171.725753
48.875001,30,34.378287,171.391137
48.887501,30,35.462641,168.617388
48.900001,30,36.526785,163.44398
48.912501,30,37.570112,155.944539
48.925001,30,38.592028,146.225792
48.937501,30,39.591949,134.426049
48.950001,30,40.569307,120.713238
48.962501,30,41.523545,105.282511
48.975001,30,42.454118,88.353468
48.987501,30,43.360496,70.167033
49.000001,30,44.242163,50.982024
49.012501,30,45.098616,31.071471
49.025001,30,45.929367,10.718727
49.037501,30,46.733943,-9.786559
49.050001,30,47.511885,-30.152568
49.062501,30,48.26275,-50.089465
49.075001,30,48.986109,-69.313519
49.087501,30,49.681551,-87.551146
49.100001,30,50.34868,-104.5428
49.112501,30,50.987114,-120.046665
49.125001,30,51.596491,-133.8421
49.137501,30,52.176462,-145.732776
49.150001,30,52.726698,-155.549474
49.162501,30,53.246885,-163.152488
49.175001,30,53.736726,-168.433617
49.187501,30,54.195942,-171.317703
49.200001,30,54.624272,-171.7637
49.212501,30,55.021471,-169.765263
49.225001,30,55.387313,-165.350832
49.237501,30,55.72159,-158.58323
49.250001,30,56.024111,-149.558769
49.262501,30,56.294703,-138.40588
49.275001,30,56.533213,-125.283284
49.287501,30,56.739504,-110.377734
49.300001,30,56.913459,-93.901357
49.312501,30,57.054979,-76.088633
49.325001,30,57.163982,-57.193063
49.337501,30,57.240408,-37.483556
49.350001,30,57.284213,-17.240607
49.362501,30,57.29537,3.2477
49.375001,30,57.273875,23.689788
49.387501,30,57.219739,43.794737
49.400001,30,57.132994,63.276427
49.412501,30,57.013688,81.857606
49.425001,30,56.86189,99.273838
49.437501,30,56.677686,115.277266
49.450001,30,56.461181,129.640139
49.462501,30,56.212498,142.158053
49.475001,30,55.93178,152.652863
49.487501,30,55.619186,160.97521
49.500001,30,55.274894,167.006659
49.512501,30,54.899101,170.661371
49.525001,30,54.492021,171.887337
49.537501,30,54.053885,170.667108
49.550001,30,53.584944,167.01805
49.562501,30,53.085464,160.992095
49.575001,30,52.555731,152.674999
49.587501,30,51.996046,142.185128
49.600001,30,51.406729,129.671765
49.612501,30,50.788114,115.312994
49.625001,30,50.140555,99.31316
49.637501,30,49.464421,81.899962
49.650001,30,48.760097,63.321215
49.662501,30,48.027984,43.841319
49.675001,30,47.2685,23.7375
49.687501,30,46.482077,3.295865
49.700001,30,45.669164,-17.192676
49.712501,30,44.830223,-37.436541
49.725001,30,43.965734,-57.147632
49.737501,30,43.076189,-76.045434
49.750001,30,42.162094,-93.861004
49.762501,30,41.223971,-110.340802
49.775001,30,40.262354,-125.250298
49.787501,30,39.277791,-138.377309
49.800001,30,38.270844,-149.53502
49.812501,30,37.242086,-158.56464
49.825001,30,36.192104,-165.337667
49.837501,30,35.121496,-169.75771
49.850001,30,34.030871,-171.761867
49.862501,30,32.920853,-171.321615
49.875001,30,31.792072,-168.443219
49.887501,30,30.645174,-163.167643
49.900001,30,29.48081,-155.569967
49.912501,30,28.299645,-145.758315
49.925001,30,27.102352,-133.87232
49.937501,30,25.889613,-120.081138
49.950001,30,24.66212,-104.581034
49.962501,30,23.420572,-87.592599
49.975001,30,22.165676,-69.357599
49.987501,30,20.898147,-50.135545
50.000001,30,19.618709,-30.199993
50.012501,30,18.32809,-9.834653
50.025001,30,17.027026,10.670647
50.037501,30,15.716258,31.02409
50.050001,30,14.396533,50.936017
50.062501,30,13.068604,70.123053
50.075001,30,11.733226,88.312142
50.087501,30,10.391162,105.244427
50.100001,30,9.043176,120.678939
50.112501,30,7.690036,134.396022
50.125001,30,6.332514,146.200464
50.137501,30,4.971383,155.924272
50.150001,30,3.607418,163.429061
50.162501,30,2.241398,168.608029
50.175001,30,0.8741,171.387472
50.187501,30,-0.493696,171.727835
50.200001,30,-1.861211,169.624272
50.212501,30,-3.227665,165.106722
50.225001,30,-4.592279,158.239476
50.237501,30,-5.954276,149.120262
50.250001,30,-7.31288,137.878862
50.262501,30,-8.667317,124.675254
50.275001,30,-10.016813,109.697345
50.287501,30,-11.360601,93.158292
50.300001,30,-12.697915,75.293467
50.312501,30,-14.027992,56.357112
50.325001,30,-15.350074,36.618718
50.337501,30,-16.663409,16.359189
50.350001,30,-17.967247,-4.133155
50.362501,30,-19.260845,-24.566677
50.375001,30,-20.543466,-44.650582
50.387501,30,-21.81438,-64.099048
50.400001,30,-23.072861,-82.635295
50.412501,30,-24.318193,-99.995528
50.425001,30,-25.549666,-115.932687
50.437501,30,-26.766578,-130.219963
50.450001,30,-27.968236,-142.654029
50.462501,30,-29.153955,-153.057931
50.475001,30,-30.323058,-161.283607
50.487501,30,-31.47488,-167.213994
50.500001,30,-32.608765,-170.764696
50.512501,30,-33.724066,-171.885179
50.525001,30,-34.820147,-170.559499
50.537501,30,-35.896384,-166.806522
50.550001,30,-36.952164,-160.679657
50.562501,30,-37.986884,-152.266099
50.575001,30,-38.999955,-141.685583
50.587501,30,-39.990801,-129.088686
50.600001,30,-40.958855,-114.654679
50.612501,30,-41.903566,-98.588977
50.625001,30,-42.824397,-81.120217
50.637501,30,-43.720822,-62.497005
50.650001,30,-44.59233,-42.984374
50.662501,30,-45.438425,-22.860016
50.675001,30,-46.258624,-2.410328
50.687501,30,-47.05246,18.073662
50.700001,30,-47.819481,38.300439
50.712501,30,-48.559249,57.982147
50.725001,30,-49.271343,76.83869
50.737501,30,-49.955357,94.601711
50.750001,30,-50.610901,111.01842
50.762501,30,-51.237602,125.855183
50.775001,30,-51.835102,138.900853
50.787501,30,-52.403062,149.969772
50.800001,30,-52.941156,158.904414
50.812501,30,-53.449079,165.577626
50.825001,30,-53.926541,169.89444
50.837501,30,-54.373271,171.793421
50.850001,30,-54.789012,171.247544
50.862501,30,-55.173529,168.264578
50.875001,30,-55.526603,162.886975
50.887501,30,-55.848032,155.191264
50.900001,30,-56.137632,145.286968
50.912501,30,-56.39524,133.315037
50.925001,30,-56.620707,119.445849
50.937501,30,-56.813907,103.876782
50.950001,30,-56.974727,86.829404
50.962501,30,-57.103078,68.546324
50.975001,30,-57.198885,49.287735
50.987501,30,-57.262094,29.327713
51.000001,30,-57.29267,8.950318
51.012501,30,-57.290594,-11.554453
51.025001,30,-57.255868,-31.894788
51.037501,30,-57.188511,-51.781216
51.050001,30,-57.088563,-70.930726
51.062501,30,-56.956079,-89.070794
51.075001,30,-56.791136,-105.943261
51.087501,30,-56.593827,-121.308009
51.100001,30,-56.364266,-134.946376
51.112501,30,-56.102582,-146.66427
51.125001,30,-55.808925,-156.294929
51.137501,30,-55.483462,-163.701295
51.150001,30,-55.126379,-168.777965
51.162501,30,-54.737879,-171.452692
51.175001,30,-54.318183,-171.687409
51.187501,30,-53.867532,-169.478778
51.200001,30,-53.386181,-164.858229
51.212501,30,-52.874405,-157.89152
51.225001,30,-52.332496,-148.677797
51.237501,30,-51.760762,-137.348182
51.250001,30,-51.15953,-124.063914
51.262501,30,-50.529141,-109.014044
51.275001,30,-49.869956,-92.412754
51.287501,30,-49.18235,-74.496303
51.300001,30,-48.466714,-55.519666
51.312501,30,-47.723457,-35.752908
51.325001,30,-46.953002,-15.477336
51.337501,30,-46.155789,5.018499
51.350001,30,-45.332271,25.442915
51.362501,30,-44.482918,45.505242
51.375001,30,-43.608214,64.919967
51.387501,30,-42.708657,83.410791
51.400001,30,-41.784761,100.714564
51.412501,30,-40.837051,116.58503
51.425001,30,-39.866068,130.79633
51.437501,30,-38.872365,143.146217
51.450001,30,-37.856508,153.458936
51.462501,30,-36.819077,161.587721
51.475001,30,-35.760663,167.416891
51.487501,30,-34.681869,170.863486
51.500001,30,-33.583309,171.878458
51.512501,30,-32.465609,170.447362
51.525001,30,-31.329408,166.590565
51.537501,30,-30.175352,160.362953
51.550001,30,-29.004098,151.853155
51.562501,30,-27.816316,141.182277
51.575001,30,-26.61268,128.50218
51.587501,30,-25.393878,113.993319
51.600001,30,-24.160603,97.862176
51.612501,30,-22.91356,80.338318
51.625001,30,-21.653458,61.671136
51.637501,30,-20.381015,42.126288
51.650001,30,-19.096958,21.981924
51.662501,30,-17.802016,1.524728
51.675001,30,-16.49693,-18.954168
51.687501,30,-15.182441,-39.163319
51.700001,30,-13.859301,-58.815123
51.712501,30,-12.528261,-77.629906
51.725001,30,-11.190082,-95.339908
51.737501,30,-9.845526,-111.693091
51.750001,30,-8.495358,-126.456727
51.762501,30,-7.140349,-139.42071
51.775001,30,-5.781271,-150.400543
51.787501,30,-4.418897,-159.239968
51.800001,30,-3.054006,-165.813189
51.812501,30,-1.687374,-170.026658
51.825001,30,-0.31978,-171.820414
51.837501,30,1.047996,-171.168927
51.850001,30,2.415174,-168.08147
51.862501,30,3.780977,-162.601981
51.875001,30,5.144624,-154.808442
51.887501,30,6.505339,-144.811764
51.900001,30,7.862348,-132.754215
51.912501,30,9.214875,-118.80739
51.925001,30,10.56215,-103.169771
51.937501,30,11.903407,-86.063904
51.950001,30,13.237879,-67.733229
51.962501,30,14.564807,-48.438616
51.975001,30,15.883435,-28.454655
51.987501,30,17.19301,-8.065745
52.000001,30,18.492787,12.437952
52.012501,30,19.782025,32.76464
52.025001,30,21.05999,52.625041
52.037501,30,22.325952,71.736516
52.050001,30,23.57919,89.827081
52.062501,30,24.81899,106.639282
52.075001,30,26.044646,121.933859
52.087501,30,27.255459,135.493148
52.100001,30,28.450739,147.124183
52.112501,30,29.629805,156.661437
52.125001,30,30.791985,163.969183
52.137501,30,31.936616,168.94342
52.150001,30,33.063046,171.513359
52.162501,30,34.170634,171.642426
52.175001,30,35.258747,169.328784
52.187501,30,36.326766,164.60536
52.200001,30,37.374083,157.539373
52.212501,30,38.4001,148.231384
52.225001,30,39.404233,136.813857
52.237501,30,40.385908,123.44928
52.250001,30,41.344568,108.327849
52.262501,30,42.279666,91.664763
52.275001,30,43.190667,73.69716
52.287501,30,44.077055,54.680746
52.300001,30,44.938322,34.886148
52.312501,30,45.77398,14.595073
52.325001,30,46.58355,-5.903711
52.337501,30,47.366572,-26.318476
52.350001,30,48.1226,-46.358693
52.362501,30,48.851202,-65.739162
52.375001,30,49.551964,-84.184072
52.387501,30,50.224486,-101.430926
52.400001,30,50.868385,-117.234278
52.412501,30,51.483293,-131.369224
52.425001,30,52.068862,-143.634605
52.437501,30,52.624755,-153.855866
52.450001,30,53.150658,-161.887546
52.462501,30,53.64627,-167.615342
52.475001,30,54.111309,-170.957741
52.487501,30,54.545509,-171.867174
52.500001,30,54.948624,-170.3307
52.512501,30,55.320423,-166.370185
52.525001,30,55.660695,-160.041992
52.537501,30,55.969245,-151.43618
52.550001,30,56.245899,-140.675223
52.562501,30,56.490497,-127.912262
52.575001,30,56.702902,-113.328933
52.587501,30,56.882991,-97.132777
52.600001,30,57.030662,-79.554287
52.612501,30,57.145832,-60.843629
52.625001,30,57.228433,-41.267083
52.637501,30,57.27842,-21.103249
52.650001,30,57.295764,-0.639087
52.662501,30,57.280454,19.834171
52.675001,30,57.2325,40.025161
52.687501,30,57.151929,59.646537
52.700001,30,57.038787,78.419061
52.712501,30,56.893138,96.075573
52.725001,30,56.715066,112.364797
52.737501,30,56.504671,127.054914
52.750001,30,56.262074,139.936865
52.762501,30,55.987413,150.827321
52.775001,30,55.680845,159.571295
52.787501,30,55.342544,166.044349
52.800001,30,54.972703,170.154363
52.812501,30,54.571532,171.842845
52.825001,30,54.139261,171.085766
52.837501,30,53.676136,167.8939
52.850001,30,53.182421,162.312671
52.862501,30,52.658397,154.421509
52.875001,30,52.104362,144.332716
52.887501,30,51.520633,132.189868
52.900001,30,50.907542,118.165776
52.912501,30,50.265439,102.460022
52.925001,30,49.594689,85.29612
52.937501,30,48.895675,66.918336
52.950001,30,48.168795,47.588212
52.962501,30,47.414463,27.580842
52.975001,30,46.63311,7.180958
52.987501,30,45.82518,-13.321121
53.000001,30,44.991134,-33.633621
53.012501,30,44.131448,-53.467469
53.025001,30,43.246611,-72.540401
53.037501,30,42.337127,-90.580983
53.050001,30,41.403516,-107.332472
53.062501,30,40.446308,-122.556471
53.075001,30,39.46605,-136.036323
53.087501,30,38.463299,-147.58019
53.100001,30,37.438629,-157.023786
53.112501,30,36.392622,-164.232717
53.125001,30,35.325875,-169.10439
53.137501,30,34.238995,-171.569474
53.150001,30,33.132602,-171.592886
53.162501,30,32.007327,-169.174295
53.175001,30,30.863811,-164.34812
53.187501,30,29.702705,-157.183044
53.200001,30,28.524672,-147.781036
53.212501,30,27.330382,-136.275899
53.225001,30,26.120517,-122.831368
53.237501,30,24.895765,-107.638777
53.250001,30,23.656825,-90.914338
53.262501,30,22.404403,-72.896061
53.275001,30,21.139213,-53.840374
53.287501,30,19.861975,-34.018463
53.300001,30,18.573418,-13.712422
53.312501,30,17.274276,6.788765
53.325001,30,15.965289,27.193339
53.337501,30,14.647204,47.210914
53.350001,30,13.320771,66.556613
53.362501,30,11.986746,84.955118
53.375001,30,10.64589,102.144596
53.387501,30,9.298967,117.880414
53.400001,30,7.946744,131.938631
53.412501,30,6.589993,144.119179
53.425001,30,5.229486,154.248712
53.437501,30,3.865998,162.183073
53.450001,30,2.500308,167.809344
53.462501,30,1.133192,171.047457
53.475001,30,-0.234569,171.851327
53.487501,30,-1.602197,170.209516
53.500001,30,-2.968912,166.145388
53.512501,30,-4.333935,159.716782
53.525001,30,-5.696487,151.015185
53.537501,30,-7.055794,140.164433
53.550001,30,-8.411079,127.318948
53.562501,30,-9.76157,112.661538
53.575001,30,-11.106499,96.400799
53.587501,30,-12.445098,78.768143
53.600001,30,-13.776604,60.014508
53.612501,30,-15.100259,40.406783
53.625001,30,-16.415308,20.224014
53.637501,30,-17.721002,-0.246571
53.650001,30,-19.016597,-20.713647
53.662501,30,-20.301354,-40.885939
53.675001,30,-21.574542,-60.476368
53.687501,30,-22.835434,-79.206134
53.700001,30,-24.083312,-96.808687
53.712501,30,-25.317464,-113.033519
53.725001,30,-26.537188,-127.649728
53.737501,30,-27.741789,-140.449305
53.750001,30,-28.930579,-151.250094
53.762501,30,-30.102882,-159.898385
53.775001,30,-31.258029,-166.271102
53.787501,30,-32.395362,-170.27755
53.800001,30,-33.514232,-171.860714
53.812501,30,-34.614003,-170.998062
53.825001,30,-35.694047,-167.701872
53.837501,30,-36.753748,-162.019052
53.850001,30,-37.792504,-154.030477
53.862501,30,-38.809721,-143.849835
53.875001,30,-39.804821,-131.622012
53.887501,30,-40.777236,-117.521025
53.900001,30,-41.726411,-101.747552
53.912501,30,-42.651807,-84.52607
53.925001,30,-43.552895,-66.101666
53.937501,30,-44.429162,-46.736544
53.950001,30,-45.280108,-26.706296
53.962501,30,-46.10525,-6.29598
53.975001,30,-46.904115,14.203936
53.987501,30,-47.67625,34.50171
54.000001,30,-48.421214,54.308478
54.012501,30,-49.138583,73.34236
54.025001,30,-49.827947,91.33248
54.037501,30,-50.488914,108.022812
54.050001,30,-51.121107,123.17583
54.062501,30,-51.724166,136.575886
54.075001,30,-52.297747,148.032278
54.087501,30,-52.841523,157.381966
54.100001,30,-53.355185,164.491892
54.112501,30,-53.838439,169.26087
54.125001,30,-54.291011,171.621033
54.137501,30,-54.712642,171.538791
54.150001,30,-55.103092,169.015314
54.162501,30,-55.462138,164.086517
54.175001,30,-55.789576,156.822541
54.187501,30,-56.08522,147.326764
54.200001,30,-56.3489,135.734323
54.212501,30,-56.580467,122.210196
54.225001,30,-56.779788,106.946848
54.237501,30,-56.946751,90.161499
54.250001,30,-57.081259,72.093027
54.262501,30,-57.183236,52.998572
54.275001,30,-57.252624,33.149874
54.287501,30,-57.289384,12.829407
54.300001,30,-57.293494,-7.67364
54.312501,30,-57.264953,-28.06748
54.325001,30,-57.203775,-48.061881
54.337501,30,-57.109997,-67.372296
54.350001,30,-56.983672,-85.723909
54.362501,30,-56.824872,-102.855553
54.375001,30,-56.633687,-118.52342
54.387501,30,-56.410226,-132.504535
54.400001,30,-56.154616,-144.599927
54.412501,30,-55.867004,-154.637463
54.425001,30,-55.547553,-162.474294
54.437501,30,-55.196445,-167.998891
54.450001,30,-54.813881,-171.132631
54.462501,30,-54.400078,-171.830918
54.475001,30,-53.955272,-170.083813
54.487501,30,-53.479716,-165.916181
54.500001,30,-52.973682,-159.387332
54.512501,30,-52.437459,-150.59018
54.525001,30,-51.871351,-139.649923
54.537501,30,-51.275681,-126.722254
54.550001,30,-50.650789,-111.991152
54.562501,30,-49.997031,-95.666262
54.575001,30,-49.314779,-77.979908
54.587501,30,-48.604422,-59.183793
54.600001,30,-47.866366,-39.54541
54.612501,30,-47.101031,-19.344241
54.625001,30,-46.308852,1.132223
54.637501,30,-45.490282,21.592573
54.650001,30,-44.645786,41.745632
54.662501,30,-43.775847,61.304593
54.675001,30,-42.88096,79.991104
54.687501,30,-41.961634,97.539232
54.700001,30,-41.018395,113.699241
54.712501,30,-40.051779,128.241153
54.725001,30,-39.062337,140.958016
54.737501,30,-38.050633,151.668852
54.750001,30,-37.017245,160.221231
54.762501,30,-35.96276,166.49344
54.775001,30,-34.887779,170.396217
54.787501,30,-33.792916,171.87402
54.800001,30,-32.678794,170.905819
54.812501,30,-31.546048,167.505392
54.825001,30,-30.395324,161.721131
54.837501,30,-29.227278,153.635355
54.850001,30,-28.042575,143.363136
54.862501,30,-26.84189,131.050661
54.875001,30,-25.625908,116.873154
54.887501,30,-24.395322,101.032381
54.900001,30,-23.150833,83.753777
54.912501,30,-21.89315,65.283241
54.925001,30,-20.622989,45.883635
54.937501,30,-19.341076,25.831041
54.950001,30,-18.04814,5.410835
54.962501,30,-16.744919,-15.086374
54.975001,30,-15.432154,-35.368883
54.987501,30,-14.110595,-55.148044
55.000001,30,-12.780994,-74.142372
55.012501,30,-11.444109,-92.081552
55.025001,30,-10.100702,-108.710284
55.037501,30,-8.751538,-123.791919
55.050001,30,-7.397387,-137.111823
55.062501,30,-6.03902,-148.480437
55.075001,30,-4.677212,-157.735968
55.087501,30,-3.312737,-164.746699
55.100001,30,-1.946375,-169.412857
55.112501,30,-0.578904,-171.668036
55.125001,30,0.788897,-171.480141
55.137501,30,2.156249,-168.851847
55.150001,30,3.522371,-163.820557
55.162501,30,4.886487,-156.457875
55.175001,30,6.247817,-146.868581
55.187501,30,7.605587,-135.189144
55.200001,30,8.959023,-121.585779
55.212501,30,10.307352,-106.25208
55.225001,30,11.649808,-89.406267
55.237501,30,12.985624,-71.288079
55.250001,30,14.314039,-52.155364
55.262501,30,15.634297,-32.280405
55.275001,30,16.945645,-11.946052
55.287501,30,18.247336,8.55831
55.300001,30,19.538627,28.940876
55.312501,30,20.818783,48.911573
55.325001,30,22.087074,68.18619
55.337501,30,23.342778,86.490424
55.350001,30,24.585179,103.56378
55.362501,30,25.813568,119.16328
55.375001,30,27.027246,133.066921
55.387501,30,28.225522,145.076837
55.400001,30,29.407711,155.022108
55.412501,30,30.573141,162.761201
55.425001,30,31.721147,168.183977
55.437501,30,32.851075,171.213262
55.450001,30,33.962281,171.805947
55.462501,30,35.054132,169.953595
55.475001,30,36.126005,165.682568
55.487501,30,37.17729,159.05365
55.500001,30,38.207387,150.161178
55.512501,30,39.21571,139.131705
55.525001,30,40.201683,126.122196
55.537501,30,41.164746,111.317793
55.550001,30,42.104348,94.929185
55.562501,30,43.019955,77.189603
55.575001,30,43.911045,58.351506
55.587501,30,44.77711,38.682987
55.600001,30,45.617656,18.463955
55.612501,30,46.432204,-2.017844
55.625001,30,47.22029,-22.470926
55.637501,30,47.981465,-42.604217
55.650001,30,48.715296,-62.13119
55.662501,30,49.421363,-80.773951
55.675001,30,50.099265,-98.267186
55.687501,30,50.748615,-114.361944
55.700001,30,51.369043,-128.829173
55.712501,30,51.960196,-141.462985
55.725001,30,52.521736,-152.083584
55.737501,30,53.053344,-160.539822
55.750001,30,53.554717,-166.711357
55.762501,30,54.025569,-170.51036
55.775001,30,54.465631,-171.882764
55.787501,30,54.874653,-170.809038
55.800001,30,55.252401,-167.304464
55.812501,30,55.598661,-161.418917
55.825001,30,55.913235,-153.236155
55.837501,30,56.195944,-142.872631
55.850001,30,56.446627,-130.475831
55.862501,30,56.66514,-116.222181
55.875001,30,56.85136,-100.314528
55.887501,30,57.00518,-82.97926
55.900001,30,57.126512,-64.463084
55.912501,30,57.215288,-45.029508
55.925001,30,57.271456,-24.9551
55.937501,30,57.294985,-4.525547
55.950001,30,57.285861,15.968411
55.962501,30,57.24409,36.235117
55.975001,30,57.169696,55.986146
55.987501,30,57.06272,74.940416
56.000001,30,56.923223,92.82818
56.012501,30,56.751286,109.39487
56.025001,30,56.547006,124.404721
56.037501,30,56.3105,137.64412
56.050001,30,56.041902,148.924653
56.062501,30,55.741365,158.085783
56.075001,30,55.409062,164.997133
56.087501,30,55.04518,169.560346
56.100001,30,54.649928,171.710481
56.112501,30,54.22353,171.416939
56.125001,30,53.766231,168.683896
56.137501,30,53.27829,163.550249
56.150001,30,52.759985,156.089055
56.162501,30,52.211612,146.406499
56.175001,30,51.633483,134.640376
56.187501,30,51.025929,120.958134
56.200001,30,50.389294,105.55449
56.212501,30,49.723942,88.648661
56.225001,30,49.030252,70.481238
56.237501,30,48.30862,51.31077
56.250001,30,47.559457,31.410079
56.262501,30,46.783189,11.062379
56.275001,30,45.980259,-9.442754
56.287501,30,45.151125,-29.813503
56.300001,30,44.296259,-49.759965
56.312501,30,43.416148,-68.998275
56.325001,30,42.511294,-87.254643
56.337501,30,41.582213,-104.269257
56.350001,30,40.629434,-119.799975
56.362501,30,39.6535,-133.625775
56.375001,30,38.654968,-145.549894
56.387501,30,37.634405,-155.402638
56.400001,30,36.592395,-163.043787
56.412501,30,35.529531,-168.364598
56.425001,30,34.446418,-171.289348
56.437501,30,33.343674,-171.776414
56.450001,30,32.221927,-169.818864
56.462501,30,31.081817,-165.444557
56.475001,30,29.923993,-158.715745
56.487501,30,28.749115,-149.728189
56.500001,30,27.557853,-138.609793
56.512501,30,26.350886,-125.518789
56.525001,30,25.128901,-110.641479
56.537501,30,23.892595,-94.189588
56.550001,30,22.642673,-76.397249
56.562501,30,21.379846,-57.517671
56.575001,30,20.104835,-37.819537
56.587501,30,18.818366,-17.583179
56.600001,30,17.521173,2.903412
56.612501,30,16.213994,23.348683
56.625001,30,14.897575,43.46167
56.637501,30,13.572665,62.956138
56.650001,30,12.24002,81.554653
56.662501,30,10.9004,98.992532
56.675001,30,9.554568,115.021611
56.687501,30,8.20329,129.413773
56.700001,30,6.847337,141.964199
56.712501,30,5.487482,152.494277
56.725001,30,4.1245,160.854152
56.737501,30,2.759166,166.924849
56.750001,30,1.392261,170.619976
56.762501,30,0.024562,171.886944
56.775001,30,-1.343151,170.707723
56.787501,30,-2.710098,167.099096
56.800001,30,-4.075501,161.112417
56.812501,30,-5.438582,152.832886
56.825001,30,-6.798563,142.378332
56.837501,30,-8.154669,129.897537
56.850001,30,-9.506128,115.568121
56.862501,30,-10.852169,99.594011
56.875001,30,-12.192026,82.202541
56.887501,30,-13.524934,63.641214
56.900001,30,-14.850135,44.174186
56.912501,30,-16.166872,24.078497
56.925001,30,-17.474396,3.640138
56.937501,30,-18.771961,-16.850025
56.950001,30,-20.058827,-37.100388
56.962501,30,-21.334263,-56.822763
56.975001,30,-22.597539,-75.73647
56.987501,30,-23.847937,-93.572343
57.000001,30,-25.084744,-110.076552
57.012501,30,-26.307256,-125.01422
57.025001,30,-27.514774,-138.172762
57.037501,30,-28.706612,-149.364916
57.050001,30,-29.88209,-158.4314
57.062501,30,-31.040538,-165.243186
57.075001,30,-32.181295,-169.703333
57.087501,30,-33.303713,-171.748368
57.100001,30,-34.40715,-171.349185
57.112501,30,-35.490979,-168.511467
57.125001,30,-36.554581,-163.275598
57.137501,30,-37.597351,-155.716092
57.150001,30,-38.618694,-145.94053
57.162501,30,-39.618027,-134.088033
57.175001,30,-40.594782,-120.327277
57.187501,30,-41.548403,-104.854099
57.200001,30,-42.478344,-87.888701
57.212501,30,-43.384077,-69.672526
57.225001,30,-44.265085,-50.464815
57.237501,30,-45.120866,-30.538919
57.250001,30,-45.950933,-10.178413
57.262501,30,-46.754812,10.326947
57.275001,30,-47.532045,30.685339
57.287501,30,-48.282189,50.607037
57.300001,30,-49.004817,69.808527
57.312501,30,-49.699517,88.016545
57.325001,30,-50.365894,104.971966
57.337501,30,-51.003566,120.433491
57.350001,30,-51.612171,134.18108
57.362501,30,-52.191362,146.019088
57.375001,30,-52.740809,155.779042
57.387501,30,-53.260199,163.322045
57.400001,30,-53.749236,168.54075
57.412501,30,-54.207641,171.360886
57.425001,30,-54.635152,171.742321
57.437501,30,-55.031527,169.679625
57.450001,30,-55.396539,165.202153
57.462501,30,-55.72998,158.373627
57.475001,30,-56.03166,149.291224
57.487501,30,-56.301408,138.084202
57.500001,30,-56.53907,124.91205
57.512501,30,-56.744509,109.962227
57.525001,30,-56.917609,93.44749
57.537501,30,-57.058272,75.602866
57.550001,30,-57.166417,56.682308
57.562501,30,-57.241983,36.955083
57.575001,30,-57.284926,16.701936
57.587501,30,-57.295223,-3.788902
57.600001,30,-57.272866,-24.22582
57.612501,30,-57.21787,-44.31797
57.625001,30,-57.130264,-63.779414
57.637501,30,-57.0101,-82.33319
57.650001,30,-56.857446,-99.71525
57.662501,30,-56.672388,-115.678224
57.675001,30,-56.455032,-129.994937
57.687501,30,-56.205503,-142.461643
57.700001,30,-55.923941,-152.900923
57.712501,30,-55.610509,-161.164211
57.725001,30,-55.265383,-167.13391
57.737501,30,-54.888762,-170.725062
57.750001,30,-54.480859,-171.88656
57.762501,30,-54.041907,-170.601876
57.775001,30,-53.572157,-166.88929
57.787501,30,-53.071876,-160.80164
57.800001,30,-52.541348,-152.42556
57.812501,30,-51.980878,-141.880253
57.825001,30,-51.390783,-129.315795
57.837501,30,-50.7714,-114.910994
57.850001,30,-50.123082,-98.870851
57.862501,30,-49.446199,-81.423639
57.875001,30,-48.741136,-62.817655
57.887501,30,-48.008296,-43.31769
57.900001,30,-47.248095,-23.201255
57.912501,30,-46.460968,-2.754633
57.925001,30,-45.647362,17.731191
57.937501,30,-44.807742,37.964675
57.950001,30,-43.942585,57.65787
57.962501,30,-43.052385,76.530514
57.975001,30,-42.13765,94.314022
57.987501,30,-41.1989,110.755312
58.000001,30,-40.23667,125.6204
58.012501,30,-39.25151,138.697737
58.025001,30,-38.24398,149.801213
58.037501,30,-37.214655,158.772811
58.050001,30,-36.16412,165.484852
58.062501,30,-35.092976,169.841815
58.075001,30,-34.001832,171.781694
58.087501,30,-32.89131,171.276883
58.100001,30,-31.762044,168.334565
58.112501,30,-30.614676,162.996613
58.125001,30,-29.44986,155.338994
58.137501,30,-28.268261,145.470686
58.150001,30,-27.070552,133.53213
58.162501,30,-25.857415,119.693227
58.175001,30,-24.629542,104.150923
58.187501,30,-23.387632,87.126409
58.200001,30,-22.132393,68.861965
58.212501,30,-20.864542,49.61752
58.225001,30,-19.584799,29.666949
58.237501,30,-18.293895,9.294176
58.250001,30,-16.992565,-11.210865
58.262501,30,-15.681551,-31.556361
58.275001,30,-14.3616,-51.452765
58.287501,30,-13.033465,-70.616926
58.300001,30,-11.697901,-88.77611
58.312501,30,-10.355671,-105.671888
58.325001,30,-9.007539,-121.063809
58.337501,30,-7.654274,-134.732824
58.350001,30,-6.296646,-146.484405
58.362501,30,-4.93543,-156.15131
58.375001,30,-3.571401,-163.595967
58.387501,30,-2.205337,-168.712426
58.400001,30,-0.838016,-171.427875
58.412501,30,0.529782,-171.703668
58.425001,30,1.897279,-169.535881
58.437501,30,3.263694,-164.955364
58.450001,30,4.62825,-158.027304
58.462501,30,5.990167,-148.850297
58.475001,30,7.348671,-137.554944
58.487501,30,8.702987,-124.301995
58.500001,30,10.052343,-109.280056
58.512501,30,11.39597,-92.702911
58.525001,30,12.733103,-74.806476
58.537501,30,14.062979,-55.845441
58.550001,30,15.38484,-36.089648
58.562501,30,16.697933,-15.82025
58.575001,30,18.00151,4.674292
58.587501,30,19.294828,25.102313
58.600001,30,20.57715,45.173093
58.612501,30,21.847745,64.600998
58.625001,30,23.105889,83.109541
58.637501,30,24.350864,100.43532
58.650001,30,25.581962,116.331766
58.662501,30,26.798481,130.57265
58.675001,30,27.999727,142.955305
58.687501,30,29.185015,153.303509
58.700001,30,30.353672,161.469991
58.712501,30,31.505029,167.338533
58.725001,30,32.638432,170.825615
58.737501,30,33.753233,171.881614
58.750001,30,34.848799,170.491499
58.762501,30,35.924504,166.675055
58.775001,30,36.979736,160.486594
58.787501,30,38.013893,152.014187
58.800001,30,39.026385,141.378408
58.812501,30,40.016636,128.730619
58.825001,30,40.984081,114.250816
58.837501,30,41.92817,98.145065
58.850001,30,42.848363,80.642575
58.862501,30,43.744137,61.992429
58.875001,30,44.614981,42.460045
58.887501,30,45.460399,22.323396
58.900001,30,46.279908,1.869055
58.912501,30,47.073043,-18.611886
58.925001,30,47.83935,-38.827954
58.937501,30,48.578393,-58.491447
58.950001,30,49.289751,-77.322525
58.962501,30,49.973019,-95.053197
58.975001,30,50.627807,-111.431131
58.987501,30,51.253742,-126.223245
59.000001,30,51.850468,-139.219029
59.012501,30,52.417643,-150.233533
59.025001,30,52.954945,-159.110007
59.037501,30,53.462069,-165.722125
59.050001,30,53.938723,-169.975788
59.062501,30,54.384638,-171.810461
59.075001,30,54.799559,-171.200033
59.087501,30,55.183249,-168.153193
59.100001,30,55.535491,-162.7133
59.112501,30,55.856082,-154.957772
59.125001,30,56.14484,-144.996981
59.137501,30,56.401602,-132.972682
59.150001,30,56.62622,-119.055998
59.162501,30,56.818566,-103.444983
59.175001,30,56.978531,-86.361803
59.187501,30,57.106024,-68.049575
59.200001,30,57.200972,-48.768907
59.212501,30,57.26332,-28.794191
59.225001,30,57.293034,-8.409693
59.237501,30,57.290097,12.094486
59.250001,30,57.254509,32.426544
59.262501,30,57.186293,52.297127
59.275001,30,57.085485,71.42345
59.287501,30,56.952144,89.533319
59.300001,30,56.786346,106.369005
59.312501,30,56.588184,121.690912
59.325001,30,56.357774,135.28099
59.337501,30,56.095244,146.945833
59.350001,30,55.800746,156.519433
59.362501,30,55.474446,163.865545
59.375001,30,55.116531,168.879624
59.387501,30,54.727205,171.490313
59.400001,30,54.30669,171.660457
59.412501,30,53.855226,169.387636
59.425001,30,53.373068,164.704195
59.437501,30,52.860494,157.676785
59.450001,30,52.317794,148.405417
59.462501,30,51.745277,137.022035
59.475001,30,51.143271,123.688639
59.487501,30,50.512118,108.594984
59.500001,30,49.852178,91.955872
59.512501,30,49.163827,74.0081
59.525001,30,48.447458,55.007091
59.537501,30,47.703478,35.223255
59.550001,30,46.932311,14.938144
59.562501,30,46.134398,-5.559558
59.575001,30,45.310192,-25.97814
59.587501,30,44.460164,-46.027017
59.600001,30,43.584797,-65.420866
59.612501,30,42.684592,-83.883685
59.625001,30,41.760061,-101.152724
59.637501,30,40.81173,-116.98222
59.650001,30,39.84014,-131.146897
59.662501,30,38.845845,-143.445172
59.675001,30,37.829412,-153.702025
59.687501,30,36.79142,-161.771485
59.700001,30,35.73246,-167.538713
59.712501,30,34.653136,-170.921634
59.725001,30,33.554063,-171.872104
59.737501,30,32.435868,-170.376596
59.750001,30,31.299187,-166.456394
59.762501,30,30.144668,-160.167287
59.775001,30,28.97297,-151.598778
59.787501,30,27.784761,-140.872809
59.800001,30,26.580716,-128.142026
59.812501,30,25.361523,-113.587604
59.825001,30,24.127876,-97.416674
59.837501,30,22.880479,-79.85937
59.850001,30,21.620042,-61.165556
59.862501,30,20.347284,-41.601273
59.875001,30,19.06293,-21.444945
59.887501,30,17.767711,-0.983427
59.900001,30,16.462367,19.492087
59.912501,30,15.147641,39.690202
59.925001,30,13.824282,59.323471
59.937501,30,12.493044,78.112484
59.950001,30,11.154687,95.789849
59.962501,30,9.809973,112.103992
59.975001,30,8.459667,126.82274
59.987501,30,7.104541,139.736625
