time,phi_deg,theta_deg,psi_deg
0,0,0,0
0.0125,0.376086,0.715564,0.130433
0.025,0.75864,1.427328,0.519989
0.0375,1.153885,2.131469,1.163459
0.05,1.567567,2.824145,2.05222
0.0625,2.004729,3.501504,3.174332
0.075,2.469513,4.159736,4.514663
0.0875,2.964996,4.795159,6.055063
0.1,3.49306,5.404342,7.774574
0.1125,4.054313,5.984258,9.64969
0.125,4.648063,6.532464,11.654648
0.1375,5.272355,7.047289,13.761784
0.15,5.924053,7.528012,15.941915
0.1625,6.598989,7.975026,18.164772
0.175,7.29214,8.389953,20.399457
0.1875,7.997842,8.775715,22.61493
0.2,8.710009,9.136535,24.780497
0.2125,9.422344,9.477878,26.866301
0.225,10.128528,9.806321,28.843789
0.2375,10.822367,10.129365,30.686145
0.25,11.497889,10.455193,32.368689
0.2625,12.149397,10.792397,33.869208
0.275,12.771468,11.149674,35.168246
0.2875,13.358914,11.535505,36.24932
0.3,13.90672,11.957848,37.099077
0.3125,14.409976,12.42383,37.707401
0.325,14.863808,12.939463,38.067449
0.3375,15.263347,13.509389,38.175646
0.35,15.603729,14.136664,38.031636
0.3625,15.880149,14.822588,37.638194
0.375,16.087975,15.566583,37.001118
0.3875,16.222917,16.366139,36.129102
0.4,16.281262,17.21683,35.033614
0.4125,16.260144,18.112403,33.728774
0.425,16.157859,19.044951,32.23125
0.4375,15.974196,20.005163,30.56017
0.45,15.710756,20.982655,28.737047
0.4625,15.37125,21.966354,26.785701
0.475,14.961731,22.944944,24.732174
0.4875,14.49075,23.90732,22.604597
0.5,13.969398,24.843039,20.433008
0.5125,13.411222,25.742732,18.249077
0.525,12.832007,26.598438,16.085735
0.5375,12.249426,27.40383,13.976702
0.55,11.68257,28.154322,11.955911
0.5625,11.151388,28.847019,10.056862
0.575,10.676073,29.48054,8.311919
0.5875,10.276435,30.054707,6.751609
0.6,9.971287,30.570134,5.40392
0.6125,9.777874,31.027761,4.293672
0.625,9.711366,31.428362,3.441931
0.6375,9.78441,31.772088,2.865514
0.65,10.006734,32.058087,2.576562
0.6625,10.384808,32.284229,2.582179
0.675,10.921542,32.446991,2.88415
0.6875,11.616046,32.541503,3.478732
0.7,12.463452,32.56177,4.356546
0.7125,13.45485,32.501076,5.502587
0.725,14.577362,32.352527,6.896413
0.7375,15.814418,32.109717,8.512516
0.75,17.146238,31.767439,10.32093
0.7625,18.550546,31.322396,12.288056
0.775,20.003477,30.773833,14.377676
0.7875,21.480616,30.124022,16.552091
0.8,22.958081,29.378557,18.773295
0.8125,24.413541,28.546436,21.004084
0.825,25.827084,27.63991,23.209007
0.8375,27.181852,26.674142,25.355107
0.85,28.464419,25.666698,27.412407
0.8625,29.664897,24.636928,29.35417
0.875,30.776811,23.6053,31.156955
0.8875,31.796772,22.592705,32.800524
0.9,32.72403,21.61981,34.267664
0.9125,33.55993,20.706458,35.543974
0.925,34.307339,19.871143,36.617659
0.9375,34.970085,19.130572,37.479347
0.95,35.552424,18.499302,38.121956
0.9625,36.058575,17.989463,38.540602
0.975,36.492332,17.61054,38.732535
0.9875,36.856766,17.369223,38.697104
1,37.154035,17.269305,38.435717
1.0125,37.385294,17.31163,37.951815
1.025,37.550714,17.494085,37.250817
1.0375,37.649606,17.811636,36.340067
1.05,37.680637,18.256414,35.228769
1.0625,37.642132,18.817851,33.927924
1.075,37.532438,19.482881,32.450288
1.0875,37.350348,20.236198,30.810344
1.1,37.095538,21.060588,29.024312
1.1125,36.769019,21.937325,27.110192
1.125,36.373566,22.846622,25.087824
1.1375,35.914087,23.768139,22.978959
1.15,35.397912,24.681511,20.8073
1.1625,34.834962,25.56689,18.598489
1.175,34.237769,26.40545,16.379988
1.1875,33.621307,27.179849,14.180833
1.2,33.002642,27.874588,12.031216
1.2125,32.400384,28.476257,9.961902
1.225,31.833968,28.973644,8.003485
1.2375,31.322813,29.357707,6.185518
1.25,30.885408,29.621408,4.535576
1.2625,30.538404,29.759453,3.07831
1.275,30.295779,29.767966,1.834572
1.2875,30.168131,29.644147,0.820669
1.3,30.16216,29.385971,0.047792
1.3125,30.280362,28.991962,-0.478327
1.325,30.520949,28.46109,-0.75754
1.3375,30.878003,27.792777,-0.795163
1.35,31.341835,26.987049,-0.601634
1.3625,31.899539,26.044781,-0.191983
1.375,32.535692,24.968019,0.414863
1.3875,33.233166,23.760326,1.196876
1.4,33.973984,22.427117,2.129782
1.4125,34.740178,20.975924,3.187902
1.425,35.514595,19.416579,4.344932
1.4375,36.28159,17.761265,5.574616
1.45,37.027597,16.024452,6.85127
1.4625,37.741543,14.222705,8.150164
1.475,38.415107,12.374389,9.447743
1.4875,39.042834,10.499292,10.721731
1.5,39.622116,8.618184,11.951128
1.5125,40.153065,6.752358,13.116158
1.525,40.638285,4.923165,14.198189
1.5375,41.08257,3.151564,15.179677
1.55,41.492529,1.457726,16.044146
1.5625,41.876163,-0.139316,16.776246
1.575,42.242388,-1.621963,17.361876
1.5875,42.600524,-2.974268,17.788397
1.6,42.959766,-4.182112,18.0449
1.6125,43.328655,-5.233326,18.12253
1.625,43.714575,-6.117783,18.014811
1.6375,44.12331,-6.827467,17.71796
1.65,44.558686,-7.356544,17.231143
1.6625,45.022339,-7.701438,16.556631
1.675,45.513609,-7.860918,15.699843
1.6875,46.029607,-7.836201,14.669254
1.7,46.565417,-7.631051,13.476171
1.7125,47.114447,-7.251873,12.134384
1.725,47.668887,-6.707769,10.65974
1.7375,48.220233,-6.010551,9.069656
1.75,48.759854,-5.174681,7.382626
1.7625,49.279529,-4.217136,5.617769
1.775,49.771953,-3.157188,3.794433
1.7875,50.231148,-2.016105,1.931889
1.8,50.652796,-0.816775,0.049118
1.8125,51.034448,0.416721,-1.835319
1.825,51.37564,1.65958,-3.703347
1.8375,51.677897,2.886765,-5.537392
1.85,51.944632,4.073487,-7.320402
1.8625,52.180957,5.195669,-9.035874
1.875,52.393398,6.230375,-10.667934
1.8875,52.589537,7.156181,-12.201479
1.9,52.777579,7.953497,-13.622389
1.9125,52.965882,8.604814,-14.917799
1.925,53.162453,9.094908,-16.076427
1.9375,53.374459,9.410975,-17.088917
1.95,53.607781,9.542738,-17.948165
1.9625,53.86665,9.482515,-18.649592
1.975,54.153387,9.225275,-19.191333
1.9875,54.468284,8.768681,-19.574304
2,54.80963,8.11313,-19.802148
2.0125,55.173876,7.261791,-19.881051
2.025,55.555919,6.220631,-19.819453
2.0375,55.949493,4.998415,-19.627677
2.05,56.347608,3.606681,-19.317521
2.0625,56.743021,2.059669,-18.901844
2.075,57.128689,0.374189,-18.394186
2.0875,57.498196,-1.43056,-17.808449
2.1,57.846116,-3.333243,-17.158662
2.1125,58.168318,-5.310688,-16.458824
2.125,58.462201,-7.33825,-15.722838
2.1375,58.726863,-9.390207,-14.96451
2.15,58.963206,-11.440184,-14.197598
2.1625,59.173976,-13.461596,-13.43588
2.175,59.363731,-15.428089,-12.693221
2.1875,59.538741,-17.313966,-11.983595
2.2,59.706788,-19.094584,-11.321037
2.2125,59.876879,-20.746719,-10.719501
2.225,60.058847,-22.248877,-10.192605
2.2375,60.262843,-23.581562,-9.753254
2.25,60.498747,-24.727487,-9.413152
2.2625,60.775515,-25.671749,-9.182253
2.275,61.100523,-26.401965,-9.068175
2.2875,61.478968,-26.908389,-9.07567
2.3,61.913408,-27.184018,-9.206207
2.3125,62.403489,-27.224694,-9.457752
2.325,62.94592,-27.02922,-9.824771
2.3375,63.534699,-26.599457,-10.298487
2.35,64.161575,-25.940418,-10.867364
2.3625,64.816677,-25.060329,-11.517758
2.375,65.489252,-23.970638,-12.234663
2.3875,66.168408,-22.685958,-13.002455
2.4,66.843794,-21.223939,-13.805572
2.4125,67.50616,-19.60506,-14.62906
2.425,68.147758,-17.852342,-15.458958
2.4375,68.762599,-15.990998,-16.282522
2.45,69.346546,-14.048032,-17.088306
2.4625,69.897303,-12.051792,-17.866123
2.475,70.414307,-10.031511,-18.606937
2.4875,70.898554,-8.016823,-19.302705
2.5,71.35239,-6.037297,-19.946224
2.5125,71.779268,-4.12197,-20.530995
2.525,72.183494,-2.298905,-21.05112
2.5375,72.569953,-0.594779,-21.501265
2.55,72.943828,0.965502,-21.876668
2.5625,73.310313,2.359151,-22.173212
2.575,73.674322,3.56581,-22.387535
2.5875,74.040213,4.567826,-22.517175
2.6,74.411533,5.350482,-22.560716
2.6125,74.790812,5.902197,-22.517917
2.625,75.179417,6.214687,-22.389803
2.6375,75.57748,6.283084,-22.178685
2.65,75.983917,6.106027,-21.888109
2.6625,76.396533,5.685693,-21.522731
2.675,76.812191,5.027803,-21.088111
2.6875,77.227052,4.141568,-20.590471
2.7,77.636832,3.039583,-20.036422
2.7125,78.037074,1.737673,-19.432688
2.725,78.423394,0.254678,-18.785865
2.7375,78.7917,-1.3878,-18.102223
2.75,79.138364,-3.165719,-17.387563
2.7625,79.460347,-5.052941,-16.647141
2.775,79.755281,-7.021626,-15.885648
2.7875,80.02152,-9.042645,-15.107248
2.8,80.258168,-11.086023,-14.315653
2.8125,80.465083,-13.121387,-13.514232
2.825,80.642883,-15.118424,-12.706142
2.8375,80.792935,-17.047334,-11.894458
2.85,80.917346,-18.879278,-11.082295
2.8625,81.018936,-20.586804,-10.272913
2.875,81.10119,-22.144253,-9.469777
2.8875,81.168184,-23.528141,-8.676578
2.9,81.224471,-24.717494,-7.897186
2.9125,81.274919,-25.694153,-7.135548
2.925,81.324516,-26.443031,-6.395522
2.9375,81.378136,-26.952323,-5.680669
2.95,81.440307,-27.21366,-4.994022
2.9625,81.514978,-27.222222,-4.33786
2.975,81.605353,-26.976793,-3.713519
2.9875,81.71377,-26.479768,-3.121266
3,81.84168,-25.737115,-2.560254
3.0125,81.989699,-24.758284,-2.028557
3.025,82.157738,-23.556079,-1.523278
3.0375,82.345176,-22.146479,-1.040714
3.05,82.551068,-20.548423,-0.576548
3.0625,82.774343,-18.783547,-0.126052
3.075,83.013985,-16.875895,0.315729
3.0875,83.269175,-14.851584,0.753811
3.1,83.53939,-12.738445,1.193131
3.1125,83.824456,-10.565639,1.638435
3.125,84.124549,-8.363253,2.09419
3.1375,84.440161,-6.161875,2.564501
3.15,84.772026,-3.992171,3.053036
3.1625,85.121016,-1.884453,3.562944
3.175,85.488007,0.131752,4.096772
3.1875,85.873735,2.028119,4.65637
3.2,86.278638,3.777931,5.242795
3.2125,86.702706,5.356468,5.856216
3.225,87.145346,6.741366,6.495839
3.2375,87.605284,7.912957,7.159868
3.25,88.080511,8.854559,7.845503
3.2625,88.568299,9.552742,8.549009
3.275,89.065275,9.997534,9.26584
3.2875,89.567565,10.182583,9.990839
3.3,90.070992,10.105259,10.71848
3.3125,90.571304,9.7667,11.443153
3.325,91.064416,9.171794,12.159446
3.3375,91.546623,8.329098,12.862417
3.35,92.014777,7.250707,13.547819
3.3625,92.466406,5.95206,14.212263
3.375,92.899756,4.451698,14.853316
3.3875,93.313782,2.770987,15.469543
3.4,93.708074,0.933793,16.060482
3.4125,94.082745,-1.033875,16.626587
3.425,94.438296,-3.104236,17.169146
3.4375,94.775462,-5.248144,17.690182
3.45,95.09507,-7.435502,18.192355
3.4625,95.397906,-9.635691,18.678871
3.475,95.684599,-11.817997,19.153394
3.4875,95.955538,-13.952046,19.619964
3.5,96.210823,-16.008226,20.082913
3.5125,96.450252,-17.958102,20.546782
3.525,96.673349,-19.774808,21.016207
3.5375,96.879441,-21.433422,21.495807
3.55,97.06777,-22.911307,21.990026
3.5625,97.23765,-24.188422,22.502973
3.575,97.388638,-25.247596,23.038236
3.5875,97.520725,-26.07477,23.598709
3.6,97.634498,-26.659181,24.186429
3.6125,97.731272,-26.993519,24.802471
3.625,97.813157,-27.074032,25.446892
3.6375,97.883054,-26.900578,26.11876
3.65,97.944574,-26.476643,26.816247
3.6625,98.001888,-25.809293,27.536794
3.675,98.059536,-24.909089,28.277309
3.6875,98.122209,-23.789939,29.034381
3.7,98.194536,-22.468911,29.804478
3.7125,98.280893,-20.96599,30.584111
3.725,98.385248,-19.303787,31.369938
3.7375,98.511048,-17.507221,32.158822
3.75,98.661135,-15.603144,32.947821
3.7625,98.837703,-13.619955,33.734138
3.775,99.04226,-11.587171,34.51503
3.7875,99.275618,-9.534997,35.287691
3.8,99.537879,-7.493869,36.049125
3.8125,99.828424,-5.494001,36.796016
3.825,100.145921,-3.564934,37.52462
3.8375,100.488328,-1.735087,38.230668
3.85,100.85293,-0.031338,38.90932
3.8625,101.2364,1.521381,39.55516
3.875,101.634898,2.900452,40.162248
3.8875,102.044222,4.085896,40.724238
3.9,102.459994,5.06066,41.234551
3.9125,102.8779,5.810846,41.686597
3.925,103.293943,6.325891,42.074044
3.9375,103.704709,6.598696,42.391086
3.95,104.107614,6.625694,42.632704
3.9625,104.501103,6.406877,42.794889
3.975,104.884784,5.945767,42.874802
3.9875,105.259482,5.249353,42.870855
4,105.627209,4.327983,42.782721
4.0125,105.991046,3.195211,42.611272
4.025,106.354967,1.867619,42.358467
4.0375,106.723603,0.364593,42.027209
4.05,107.10198,-1.291937,41.621198
4.0625,107.495237,-3.077796,41.144808
4.075,107.908343,-4.966893,40.602997
4.0875,108.345816,-6.931598,40.001268
4.1,108.811457,-8.943141,39.345691
4.1125,109.308088,-10.972041,38.642972
4.125,109.837314,-12.988565,37.900577
4.1375,110.3993,-14.96319,37.126876
4.15,110.992588,-16.867084,36.331298
4.1625,111.613957,-18.67257,35.524463
4.175,112.258374,-20.353579,34.718254
4.1875,112.919036,-21.886073,33.925788
4.2,113.587549,-23.248413,33.161262
4.2125,114.254263,-24.421681,32.439647
4.225,114.908751,-25.389915,31.776216
4.2375,115.540428,-26.140286,31.185933
4.25,116.139264,-26.663181,30.682746
4.2625,116.696504,-26.95223,30.278851
4.275,117.205345,-27.004271,29.984005
4.2875,117.661457,-26.819274,29.804981
4.3,118.063307,-26.400247,29.745224
4.3125,118.412229,-25.753124,29.804736
4.325,118.712264,-24.886667,29.980211
4.3375,118.96977,-23.812344,30.265366
4.35,119.192893,-22.544224,30.651416
4.3625,119.390936,-21.098834,31.127633
4.375,119.573721,-19.495,31.681895
4.3875,119.750981,-17.753638,32.301194
4.4,119.931827,-15.897508,32.972039
4.4125,120.124319,-13.950911,33.680755
4.425,120.335139,-11.939345,34.413659
4.4375,120.569361,-9.889113,35.157141
4.45,120.83031,-7.826911,35.897661
4.4625,121.119506,-5.779387,36.621697
4.475,121.436674,-3.772701,37.315679
4.4875,121.779815,-1.832092,37.965928
4.5,122.14535,0.018533,38.558639
4.5125,122.528321,1.756972,39.079921
4.525,122.922669,3.363052,39.515921
4.5375,123.321572,4.818908,39.853029
4.55,123.717846,6.109186,40.078172
4.5625,124.104387,7.221199,40.179175
4.575,124.474644,8.14502,40.145163
4.5875,124.823073,8.873527,39.966983
4.6,125.14555,9.402416,39.637593
4.6125,125.439701,9.73018,39.152386
4.625,125.705115,9.858083,38.509417
4.6375,125.943424,9.790121,37.709504
4.65,126.158237,9.532979,36.756202
4.6625,126.354925,9.095986,35.655655
4.675,126.540297,8.491047,34.416349
4.6875,126.722176,7.732559,33.048792
4.7,126.908918,6.837282,31.565172
4.7125,127.108912,5.824165,29.979017
4.725,127.330094,4.714109,28.304899
4.7375,127.579498,3.529679,26.558197
4.75,127.862871,2.294741,24.754935
4.7625,128.184357,1.03406,22.91168
4.775,128.546275,-0.227157,21.045508
4.7875,128.948984,-1.463741,19.17399
4.8,129.390843,-2.651049,17.315188
4.8125,129.86828,-3.765448,15.487617
4.825,130.375963,-4.784764,13.710157
4.8375,130.907084,-5.688682,12.00188
4.85,131.453729,-6.459084,10.381787
4.8625,132.007356,-7.080299,8.868453
4.875,132.559313,-7.539286,7.479597
4.8875,133.101407,-7.825716,6.231598
4.9,133.626442,-7.931998,5.139005
4.9125,134.128718,-7.85324,4.214078
4.925,134.60443,-7.587168,3.466399
4.9375,135.051934,-7.134029,2.902594
4.95,135.471874,-6.496487,2.526185
4.9625,135.867146,-5.679533,2.337576
4.975,136.242717,-4.690397,2.334164
4.9875,136.605315,-3.538476,2.510564
5,136.963015,-2.235264,2.858899
5.0125,137.324759,-0.794265,3.369128
5.025,137.699831,0.769119,4.029373
5.0375,138.097329,2.43774,4.826218
5.05,138.525646,4.192912,5.744937
5.0625,138.991977,6.014676,6.769661
5.075,139.501872,7.88213,7.883454
5.0875,140.058849,9.773809,9.068321
5.1,140.664051,11.668118,10.305162
5.1125,141.315997,13.54379,11.573689
5.125,142.010402,15.380353,12.85236
5.1375,142.740117,17.158583,14.118337
5.15,143.495176,18.860906,15.347548
5.1625,144.262999,20.471736,16.514843
5.175,145.028742,21.977707,17.594315
5.1875,145.775799,23.3678,18.559759
5.2,146.486459,24.633335,19.385294
5.2125,147.142672,25.767847,20.046103
5.225,147.7269,26.766857,20.519267
5.2375,148.222991,27.627566,20.784631
5.25,148.617026,28.348513,20.825633
5.2625,148.898078,28.929247,20.630061
5.275,149.058833,29.37005,20.190657
5.2875,149.096035,29.671758,19.505541
5.3,149.010715,29.835699,18.578409
5.3125,148.808193,29.863753,17.418504
5.325,148.497845,29.758547,16.040334
5.3375,148.092638,29.523718,14.463175
5.35,147.608474,29.164251,12.710361
5.3625,147.063376,28.686801,10.80844
5.375,146.476582,28.099981,8.78623
5.3875,145.867621,27.414547,6.673872
5.4,145.255428,26.643474,4.501923
5.4125,144.657582,25.801882,2.30057
5.425,144.089701,24.90683,0.099001
5.4375,143.565026,23.976982,-2.07506
5.45,143.094204,23.032181,-4.195642
5.4625,142.68525,22.092946,-6.238672
5.475,142.343678,21.179938,-8.18201
5.4875,142.072754,20.313427,-10.005413
5.5,141.873851,19.512774,-11.690465
5.5125,141.746859,18.795961,-13.220507
5.525,141.690633,18.179171,-14.580586
5.5375,141.703442,17.676444,-15.757437
5.55,141.783402,17.299391,-16.739497
5.5625,141.928864,17.056976,-17.516952
5.575,142.138743,16.955358,-18.0818
5.5875,142.412766,16.997793,-18.427916
5.6,142.751642,17.18458,-18.551116
5.6125,143.157111,17.513052,-18.449212
5.625,143.63191,17.977618,-18.122051
5.6375,144.179613,18.569837,-17.571543
5.65,144.804382,19.278554,-16.801691
5.6625,145.510612,20.090083,-15.818641
5.675,146.302497,20.988458,-14.630752
5.6875,147.183522,21.955758,-13.248705
5.7,148.155913,22.97251,-11.685666
5.7125,149.220064,24.018172,-9.957479
5.725,150.37397,25.0717,-8.082881
5.7375,151.612734,26.112173,-6.083707
5.75,152.928169,27.119469,-3.985033
5.7625,154.308578,28.074948,-1.815199
5.775,155.738735,28.962093,0.394338
5.7875,157.200138,29.767076,2.609376
5.8,158.671522,30.479181,4.793588
5.8125,160.129622,31.091043,6.909371
5.825,161.550132,31.598675,8.918893
5.8375,162.908778,32.001273,10.785252
5.85,164.182397,32.300813,12.47364
5.8625,165.349923,32.501481,13.952442
5.875,166.393213,32.608999,15.194163
5.8875,167.297652,32.629905,16.176147
5.9,168.052534,32.570869,16.88107
5.9125,168.651239,32.438093,17.297213
5.925,169.091231,32.236848,17.418559
5.9375,169.373931,31.971185,17.244732
5.95,169.504502,31.643808,16.780824
5.9625,169.491555,31.256139,16.037133
5.975,169.346817,30.808529,15.028822
5.9875,169.084735,30.300604,13.775499
6,168.722028,29.731695,12.300727
6.0125,168.277176,29.10132,10.631458
6.025,167.769852,28.40966,8.797393
6.0375,167.2203,27.657988,6.830295
6.05,166.648699,26.849011,4.763272
6.0625,166.074525,25.987091,2.630071
6.075,165.515972,25.07833,0.464404
6.0875,164.989443,24.130508,-1.700641
6.1,164.509168,23.152891,-3.833106
6.1125,164.086943,22.155924,-5.902553
6.125,163.732011,21.150841,-7.880359
6.1375,163.451074,20.149216,-9.739918
6.15,163.248422,19.162512,-11.456775
6.1625,163.126149,18.201624,-13.008719
6.175,163.084438,17.276476,-14.375857
6.1875,163.121887,16.39567,-15.540687
6.2,163.235841,15.56621,-16.488177
6.2125,163.422719,14.793307,-17.205872
6.225,163.678312,14.080257,-17.684005
6.2375,163.998031,13.428406,-17.915635
6.25,164.377106,12.837179,-17.896766
6.2625,164.810721,12.304178,-17.626477
6.275,165.294091,11.825334,-17.107017
6.2875,165.822479,11.395104,-16.343872
6.3,166.391173,11.006709,-15.345797
6.3125,166.995424,10.652403,-14.124791
6.325,167.630366,10.323765,-12.696022
6.3375,168.290945,10.012008,-11.077699
6.35,168.97185,9.70829,-9.290871
6.3625,169.667493,9.40402,-7.359183
6.375,170.37202,9.091147,-5.308554
6.3875,171.07938,8.762418,-3.166814
6.4,171.783446,8.411589,-0.963288
6.4125,172.478171,8.03359,1.271659
6.425,173.157793,7.624614,3.5071
6.4375,173.817046,7.182155,5.712039
6.45,174.451381,6.704971,7.855899
6.4625,175.057161,6.192994,9.908999
6.475,175.631833,5.647195,11.843
6.4875,176.174044,5.069417,13.631312
6.5,176.683711,4.462192,15.249469
6.5125,177.162028,3.828563,16.675448
6.525,177.611423,3.171917,17.889946
6.5375,178.03546,2.495854,18.876613
6.55,178.438695,1.804082,19.622237
6.5625,178.826499,1.100356,20.116891
6.575,179.204851,0.388441,20.354036
6.5875,179.580111,-0.327884,20.33059
6.6,179.958779,-1.044817,20.046953
6.6125,-179.652747,-1.758508,19.507003
6.625,-179.248413,-2.465054,18.718048
6.6375,-178.822747,-3.160493,17.690749
6.65,-178.371071,-3.840849,16.438998
6.6625,-177.889689,-4.502197,14.979769
6.675,-177.376047,-5.14077,13.332916
6.6875,-176.82884,-5.753103,11.520945
6.7,-176.248072,-6.336209,9.568731
6.7125,-175.635061,-6.887763,7.503194
6.725,-174.99238,-7.406298,5.352939
6.7375,-174.323746,-7.891383,3.147838
6.75,-173.633858,-8.343768,0.918595
6.7625,-172.928203,-8.765481,-1.303734
6.775,-172.21283,-9.159874,-3.488223
6.7875,-171.494137,-9.531589,-5.604575
6.8,-170.778658,-9.88647,-7.623593
6.8125,-170.072894,-10.2314,-9.51764
6.825,-169.383177,-10.574082,-11.261052
6.8375,-168.715594,-10.922778,-12.830503
6.85,-168.075952,-11.286016,-14.205317
6.8625,-167.469789,-11.672266,-15.367715
6.875,-166.902419,-12.08963,-16.303
6.8875,-166.378994,-12.545519,-16.999686
6.9,-165.904564,-13.04636,-17.449564
6.9125,-165.484118,-13.597323,-17.647713
6.925,-165.1226,-14.202087,-17.592472
6.9375,-164.824869,-14.862645,-17.285364
6.95,-164.595613,-15.579167,-16.731005
6.9625,-164.439196,-16.34992,-15.93698
6.975,-164.35946,-17.171257,-14.913725
6.9875,-164.359458,-18.037684,-13.674411
7,-164.441169,-18.942002,-12.234831
7.0125,-164.605169,-19.875537,-10.613309
7.025,-164.850316,-20.828443,-8.830625
7.0375,-165.173447,-21.790072,-6.909931
7.05,-165.569129,-22.749406,-4.876667
7.0625,-166.029483,-23.695503,-2.758439
7.075,-166.544112,-24.617961,-0.584848
7.0875,-167.10015,-25.507335,1.612768
7.1,-167.682441,-26.355504,3.801679
7.1125,-168.273857,-27.155929,5.948216
7.125,-168.855729,-27.903794,8.018318
7.1375,-169.408382,-28.596005,9.978162
7.15,-169.911732,-29.231048,11.794851
7.1625,-170.345894,-29.808713,13.437116
7.175,-170.6918,-30.329713,14.876004
7.1875,-170.931758,-30.795218,16.08553
7.2,-171.049963,-31.206373,17.043254
7.2125,-171.032946,-31.563816,17.730792
7.225,-170.869966,-31.867258,18.134255
7.2375,-170.553349,-32.115174,18.244613
7.25,-170.078796,-32.304613,18.057998
7.2625,-169.44564,-32.431185,17.57594
7.275,-168.657055,-32.489212,16.805517
7.2875,-167.720182,-32.47206,15.759404
7.3,-166.646128,-32.372632,14.455778
7.3125,-165.449805,-32.183991,12.918044
7.325,-164.149558,-31.900063,11.174345
7.3375,-162.766572,-31.51636,9.256852
7.35,-161.324061,-31.030665,7.200841
7.3625,-159.846295,-30.443589,5.04361
7.375,-158.35753,-29.758964,2.823314
7.3875,-156.880952,-28.984026,0.577817
7.4,-155.437729,-28.129369,-1.656345
7.4125,-154.046257,-27.208684,-3.844815
7.425,-152.721659,-26.238324,-5.956026
7.4375,-151.47555,-25.236726,-7.961574
7.45,-150.316055,-24.223756,-9.836365
7.4625,-149.248043,-23.220018,-11.558593
7.475,-148.273529,-22.246181,-13.109601
7.4875,-147.392177,-21.322353,-14.473677
7.5,-146.601859,-20.467514,-15.637843
7.5125,-145.899233,-19.699044,-16.591656
7.525,-145.280286,-19.03232,-17.327056
7.5375,-144.74083,-18.480404,-17.838241
7.55,-144.276928,-18.053799,-18.1216
7.5625,-143.885226,-17.760272,-18.17565
7.575,-143.563189,-17.604733,-18.001009
7.5875,-143.309233,-17.589161,-17.600351
7.6,-143.122746,-17.712587,-16.978371
7.6125,-143.004008,-17.971105,-16.141728
7.625,-142.954007,-18.357951,-15.098989
7.6375,-142.974171,-18.863617,-13.860569
7.65,-143.066025,-19.476029,-12.438686
7.6625,-143.23079,-20.180793,-10.847325
7.675,-143.468949,-20.961499,-9.102246
7.6875,-143.779796,-21.800098,-7.221011
7.7,-144.161001,-22.677336,-5.223041
7.7125,-144.608223,-23.573247,-3.12968
7.725,-145.114786,-24.467674,-0.964245
7.7375,-145.671479,-25.340813,1.247975
7.75,-146.266485,-26.173731,3.479809
7.7625,-146.885494,-26.948839,5.702418
7.775,-147.511996,-27.650292,7.885661
7.7875,-148.127768,-28.264262,9.998637
7.8,-148.713547,-28.779093,12.010381
7.8125,-149.249824,-29.18531,13.890699
7.825,-149.717745,-29.475485,15.61109
7.8375,-150.100005,-29.644005,17.145683
7.85,-150.381714,-29.686746,18.472137
7.8625,-150.551128,-29.600732,19.572425
7.875,-150.600228,-29.38381,20.433454
7.8875,-150.52509,-29.034384,21.047489
7.9,-150.326035,-28.551271,21.412344
7.9125,-150.007562,-27.933663,21.531352
7.925,-149.57806,-27.181232,21.413103
7.9375,-149.049332,-26.294349,21.070993
7.95,-148.435954,-25.274382,20.522588
7.9625,-147.754515,-24.124052,19.788879
7.975,-147.022779,-22.847777,18.893448
7.9875,-146.258831,-21.451984,17.861625
8,-145.480254,-19.945324,16.719685
8.0125,-144.70339,-18.33879,15.494125
8.025,-143.942717,-16.645702,14.211086
8.0375,-143.21037,-14.881563,12.895907
8.05,-142.515822,-13.063813,11.572834
8.0625,-141.865707,-11.211475,10.264874
8.075,-141.263781,-9.344744,8.993751
8.0875,-140.711014,-7.484528,7.779933
8.1,-140.205771,-5.651983,6.642707
8.1125,-139.74409,-3.868055,5.600241
8.125,-139.320023,-2.153063,4.66962
8.1375,-138.926048,-0.526329,3.866816
8.15,-138.553522,0.994139,3.206591
8.1625,-138.193186,2.391893,2.702319
8.175,-137.835685,3.652232,2.365736
8.1875,-137.4721,4.762345,2.206639
8.2,-137.09447,5.711404,2.232554
8.2125,-136.696258,6.490642,2.448417
8.225,-136.272749,7.093418,2.856287
8.2375,-135.821336,7.515282,3.455153
8.25,-135.341683,7.754065,4.240834
8.2625,-134.835725,7.809966,5.206018
8.275,-134.307529,7.685661,6.340433
8.2875,-133.762999,7.386398,7.63114
8.3,-133.209461,6.920078,9.062933
8.3125,-132.655166,6.297285,10.618808
8.325,-132.108731,5.531265,12.28045
8.3375,-131.578591,4.637825,14.028713
8.35,-131.072469,3.635153,15.844043
8.3625,-130.596928,2.543548,17.706829
8.375,-130.156996,1.385085,19.597657
8.3875,-129.755909,0.183203,21.49748
8.4,-129.394953,-1.037744,23.387715
8.4125,-129.073416,-2.252972,25.250287
8.425,-128.788649,-3.437747,27.067647
8.4375,-128.53622,-4.567863,28.822804
8.45,-128.310166,-5.620079,30.499387
8.4625,-128.103324,-6.572513,32.08177
8.475,-127.907744,-7.404984,33.555251
8.4875,-127.715141,-8.099282,34.906315
8.5,-127.517398,-8.639391,36.122933
8.5125,-127.307053,-9.011644,37.194902
8.525,-127.077775,-9.204842,38.114182
8.5375,-126.824752,-9.210334,38.875186
8.55,-126.544997,-9.022074,39.474997
8.5625,-126.237515,-8.636673,39.913484
8.575,-125.903335,-8.053441,40.19329
8.5875,-125.545396,-7.274427,40.319692
8.6,-125.168302,-6.304453,40.300354
8.6125,-124.777973,-5.151129,40.144977
8.625,-124.381218,-3.82484,39.864908
8.6375,-123.985275,-2.338698,39.472722
8.65,-123.597345,-0.708435,38.981828
8.6625,-123.224151,1.047759,38.406126
8.675,-122.87155,2.909454,37.759742
8.6875,-122.544201,4.854269,37.056842
8.7,-122.245295,6.858209,36.311533
8.7125,-121.976362,8.89605,35.537845
8.725,-121.737133,10.941753,34.749761
8.7375,-121.525473,12.968909,33.961287
8.75,-121.337377,14.951173,33.186524
8.7625,-121.167044,16.862706,32.439708
8.775,-121.007039,18.67858,31.735195
8.7875,-120.848539,20.375154,31.087352
8.8,-120.681705,21.930407,30.510343
8.8125,-120.496148,23.32421,30.017784
8.825,-120.281507,24.538563,29.62229
8.8375,-120.028096,25.557769,29.334922
8.85,-119.727584,26.368577,29.164593
8.8625,-119.373639,26.960299,29.117491
8.875,-118.962469,27.324912,29.196592
8.8875,-118.493188,27.457159,29.401344
8.9,-117.967947,27.354658,29.727566
8.9125,-117.391811,27.018008,30.167613
8.925,-116.772379,26.450893,30.710772
8.9375,-116.119202,25.660166,31.343869
8.95,-115.44306,24.655883,32.052009
8.9625,-114.755193,23.451291,32.819341
8.975,-114.066571,22.062729,33.629801
8.9875,-113.387258,20.509462,34.467729
9,-112.725934,18.813424,35.318333
9.0125,-112.089565,16.9989,36.167997
9.025,-111.483248,15.092138,37.00441
9.0375,-110.910171,13.120922,37.816586
9.05,-110.371692,11.114109,38.594768
9.0625,-109.86749,9.10116,39.330291
9.075,-109.395767,7.111653,40.015416
9.0875,-108.953482,5.174821,40.643181
9.1,-108.536607,3.319094,41.20728
9.1125,-108.140404,1.571678,41.701993
9.125,-107.759704,-0.041848,42.122176
9.1375,-107.389199,-1.49789,42.463307
9.15,-107.023741,-2.775163,42.721582
9.1625,-106.65863,-3.854981,42.894052
9.175,-106.28988,-4.721504,42.978766
9.1875,-105.914459,-5.361945,42.974922
9.2,-105.530459,-5.766751,42.882969
9.2125,-105.137208,-5.929733,42.704665
9.225,-104.735284,-5.848168,42.443057
9.2375,-104.326451,-5.522856,42.102381
9.25,-103.913509,-4.958135,41.687897
9.2625,-103.500086,-4.161853,41.205649
9.275,-103.090373,-3.145283,40.662204
9.2875,-102.68886,-1.922988,40.064376
9.3,-102.300066,-0.512636,39.41896
9.3125,-101.928307,1.065242,38.732518
9.325,-101.577495,2.787543,38.01121
9.3375,-101.250989,4.628932,37.260689
9.35,-100.95149,6.562213,36.486063
9.3625,-100.680968,8.558738,35.691908
9.375,-100.440625,10.58884,34.882335
9.3875,-100.230872,12.622279,34.061089
9.4,-100.051317,14.628702,33.231678
9.4125,-99.900772,16.578095,32.397506
9.425,-99.777252,18.441242,31.562002
9.4375,-99.677999,20.190151,30.728735
9.45,-99.599525,21.798482,29.901491
9.4625,-99.537679,23.241927,29.084298
9.475,-99.487762,24.498571,28.281399
9.4875,-99.444683,25.549206,27.497153
9.5,-99.403168,26.377604,26.735872
9.5125,-99.357999,26.970741,26.001604
9.525,-99.304274,27.318974,25.29789
9.5375,-99.237663,27.416164,24.627506
9.55,-99.154611,27.259748,23.992251
9.5625,-99.05249,26.850769,23.392787
9.575,-98.929649,26.193845,22.828564
9.5875,-98.785381,25.297107,22.29784
9.6,-98.619802,24.172076,21.797775
9.6125,-98.433668,22.833516,21.324606
9.625,-98.228159,21.299223,20.873846
9.6375,-98.00465,19.589792,20.440506
9.65,-97.764506,17.728335,20.019306
9.6625,-97.50891,15.740165,19.604859
9.675,-97.238734,13.65245,19.19183
9.6875,-96.954469,11.493838,18.775053
9.7,-96.656198,9.294057,18.349634
9.7125,-96.343615,7.083507,17.91103
9.725,-96.01609,4.892828,17.455118
9.7375,-95.672763,2.752477,16.97827
9.75,-95.312671,0.692293,16.47743
9.7625,-94.934893,-1.258919,15.950204
9.775,-94.538708,-3.073805,15.39495
9.7875,-94.123764,-4.726852,14.81088
9.8,-93.690221,-6.19476,14.198145
9.8125,-93.238881,-7.456786,13.557894
9.825,-92.771269,-8.495058,12.892308
9.8375,-92.289663,-9.294847,12.204563
9.85,-91.797051,-9.8448,11.498738
9.8625,-91.297024,-10.137121,10.77966
9.875,-90.793607,-10.167698,10.052678
9.8875,-90.291045,-9.936173,9.323397
9.9,-89.793563,-9.445955,8.597395
9.9125,-89.305134,-8.70416,7.879937
9.925,-88.829279,-7.721509,7.175726
9.9375,-88.368913,-6.512154,6.488703
9.95,-87.926263,-5.093457,5.821911
9.9625,-87.502838,-3.485729,5.177427
9.975,-87.099478,-1.711914,4.55635
9.9875,-86.716434,0.202746,3.95884
10,-86.353489,2.231085,3.384191
10.0125,-86.010098,4.344408,2.830921
10.025,-85.685532,6.512903,2.296873
10.0375,-85.37901,8.706062,1.779311
10.05,-85.089815,10.893119,1.275019
10.0625,-84.817395,13.043477,0.780383
10.075,-84.561416,15.127141,0.291481
10.0875,-84.321796,17.115132,-0.195828
10.1,-84.098692,18.979895,-0.685805
10.1125,-83.892448,20.695679,-1.18272
10.125,-83.703508,22.238894,-1.690716
10.1375,-83.532281,23.588437,-2.213661
10.15,-83.378999,24.725981,-2.754988
10.1625,-83.243546,25.636229,-3.317527
10.175,-83.125307,26.307127,-3.903365
10.1875,-83.023041,26.730031,-4.513732
10.2,-82.934806,26.899828,-5.148942
10.2125,-82.857946,26.815016,-5.808401
10.225,-82.789149,26.477728,-6.490684
10.2375,-82.724568,25.89371,-7.193663
10.25,-82.659985,25.072248,-7.914692
10.2625,-82.591004,24.026039,-8.650793
10.275,-82.51325,22.77102,-9.398847
10.2875,-82.422546,21.326142,-10.155746
10.3,-82.31506,19.713094,-10.918509
10.3125,-82.18742,17.955997,-11.684333
10.325,-82.036796,16.081048,-12.450603
10.3375,-81.860947,14.116138,-13.214847
10.35,-81.658257,12.090439,-13.974653
10.3625,-81.427755,10.033977,-14.727567
10.375,-81.16913,7.977182,-15.470964
10.3875,-80.882742,5.950437,-16.201928
10.4,-80.569636,3.983625,-16.917128
10.4125,-80.231536,2.105681,-17.612727
10.425,-79.870833,0.344157,-18.284313
10.4375,-79.490543,-1.275184,-18.926877
10.45,-79.094228,-2.728754,-19.534845
10.4625,-78.685876,-3.995483,-20.102164
10.475,-78.269734,-5.057121,-20.622454
10.4875,-77.850093,-5.898494,-21.08921
10.5,-77.431049,-6.507702,-21.496052
10.5125,-77.016235,-6.876271,-21.836994
10.525,-76.608573,-6.999245,-22.106709
10.5375,-76.21005,-6.87523,-22.300772
10.55,-75.82156,-6.506391,-22.415844
10.5625,-75.442809,-5.898395,-22.449792
10.575,-75.072315,-5.060326,-22.401726
10.5875,-74.707484,-4.004544,-22.271964
10.6,-74.344764,-2.746519,-22.061947
10.6125,-73.97985,-1.304623,-21.774102
10.625,-73.607937,0.30012,-21.411699
10.6375,-73.223986,2.044316,-20.978716
10.65,-72.823005,3.902524,-20.479734
10.6625,-72.400324,5.847607,-19.919877
10.675,-71.951862,7.85113,-19.304805
10.6875,-71.474387,9.883775,-18.640766
10.7,-70.965754,11.915787,-17.934691
10.7125,-70.425135,13.917434,-17.194331
10.725,-69.853214,15.859481,-16.428409
10.7375,-69.252339,17.713658,-15.646758
10.75,-68.62662,19.453119,-14.86042
10.7625,-67.981921,21.052878,-14.081669
10.775,-67.325749,22.490198,-13.323913
10.7875,-66.666992,23.744938,-12.601459
10.8,-66.015511,24.799821,-11.929124
10.8125,-65.38159,25.640648,-11.32169
10.825,-64.775275,26.256415,-10.79325
10.8375,-64.205665,26.639378,-10.356492
10.85,-63.680225,26.785039,-10.022002
10.8625,-63.204208,26.6921,-9.797663
10.875,-62.780252,26.362372,-9.688237
10.8875,-62.408208,25.800676,-9.695151
10.9,-62.085207,25.014736,-9.816533
10.9125,-61.805948,24.015068,-10.047462
10.925,-61.56317,22.814858,-10.380372
10.9375,-61.34823,21.429835,-10.805576
10.95,-61.151733,19.878106,-11.311804
10.9625,-60.964138,18.179967,-11.886721
10.975,-60.776312,16.357663,-12.517356
10.9875,-60.579989,14.435102,-13.190436
11,-60.368138,12.437522,-13.892601
11.0125,-60.135217,10.391118,-14.610515
11.025,-59.877353,8.322631,-15.33089
11.0375,-59.592428,6.25892,-16.040454
11.05,-59.280103,4.226521,-16.725881
11.0625,-58.941766,2.251205,-17.373735
11.075,-58.580427,0.357565,-17.970427
11.0875,-58.200541,-1.431378,-18.502238
11.1,-57.807765,-3.094518,-18.955411
11.1125,-57.408646,-4.612959,-19.316326
11.125,-57.010247,-5.970251,-19.571763
11.1375,-56.619714,-7.152567,-19.709238
11.15,-56.243817,-8.148816,-19.717403
11.1625,-55.888487,-8.950712,-19.586458
11.175,-55.558375,-9.5528,-19.308563
11.1875,-55.256492,-9.952448,-18.878189
11.2,-54.983943,-10.149825,-18.292386
11.2125,-54.7398,-10.147868,-17.550933
11.225,-54.521112,-9.952243,-16.656355
11.2375,-54.323067,-9.5713,-15.613818
11.25,-54.139276,-9.016019,-14.430907
11.2625,-53.962176,-8.299934,-13.117332
11.275,-53.783483,-7.439013,-11.684577
11.2875,-53.594698,-6.451511,-10.145561
11.3,-53.387597,-5.357752,-8.514316
11.3125,-53.154699,-4.179859,-6.805726
11.325,-52.889674,-2.941417,-5.035341
11.3375,-52.587682,-1.667086,-3.219255
11.35,-52.245633,-0.382158,-1.374059
11.3625,-51.862356,0.887914,0.483179
11.375,-51.438674,2.118007,2.334902
11.3875,-50.97738,3.283819,4.16308
11.4,-50.483112,4.362331,5.949266
11.4125,-49.962114,5.332239,7.674728
11.425,-49.421902,6.174317,9.320662
11.4375,-48.870831,6.871706,10.868511
11.45,-48.317594,7.410132,12.300362
11.4625,-47.770666,7.778031,13.599409
11.475,-47.237751,7.966596,14.750449
11.4875,-46.725261,7.969772,15.740355
11.5,-46.237865,7.784185,16.558506
11.5125,-45.778171,7.409056,17.19711
11.525,-45.346528,6.846099,17.651415
11.5375,-44.941005,6.099422,17.919774
11.55,-44.557507,5.175434,18.003586
11.5625,-44.190035,4.082772,17.907113
11.575,-43.831064,2.83222,17.637211
11.5875,-43.471999,1.436636,17.203017
11.6,-43.103684,-0.08916,16.615611
11.6125,-42.716931,-1.728517,15.887705
11.625,-42.303046,-3.463148,15.033383
11.6375,-41.854333,-5.273365,14.067912
11.65,-41.364555,-7.138394,13.007629
11.6625,-40.829351,-9.036731,11.869911
11.675,-40.246591,-10.94656,10.6732
11.6875,-39.616672,-12.8462,9.437087
11.7,-38.94272,-14.714575,8.182388
11.7125,-38.230712,-16.531673,6.931205
11.725,-37.489467,-18.278971,5.706919
11.7375,-36.730518,-19.939809,4.534076
11.75,-35.967823,-21.499662,3.438143
11.7625,-35.217321,-22.946317,2.445105
11.775,-34.496339,-24.269923,1.580908
11.7875,-33.822859,-25.462917,0.870757
11.8,-33.21469,-26.519839,0.338312
11.8125,-32.688589,-27.43706,0.004821
11.825,-32.259383,-28.212453,-0.111744
11.8375,-31.939164,-28.845067,0.002515
11.85,-31.736598,-29.334825,0.356742
11.8625,-31.656402,-29.682314,0.954829
11.875,-31.699033,-29.888679,1.795124
11.8875,-31.860602,-29.955641,2.870379
11.9,-32.133032,-29.885643,4.167948
11.9125,-32.504454,-29.682094,5.670221
11.925,-32.959817,-29.349675,7.355275
11.9375,-33.481665,-28.894672,9.19769
11.95,-34.051033,-28.325266,11.169478
11.9625,-34.64839,-27.651758,13.241042
11.975,-35.25454,-26.886667,15.382109
11.9875,-35.851441,-26.044708,17.562555
12,-36.422863,-25.142616,19.753088
12.0125,-36.954862,-24.198851,21.925757
12.025,-37.43606,-23.233195,24.054284
12.0375,-37.85773,-22.266267,26.114247
12.05,-38.213717,-21.318997,28.083132
12.0625,-38.500215,-20.412086,29.940311
12.075,-38.715441,-19.565485,31.666969
12.0875,-38.859235,-18.797901,33.246031
12.1,-38.932624,-18.126367,34.6621
12.1125,-38.937369,-17.56587,35.901426
12.125,-38.875518,-17.129045,36.951918
12.1375,-38.749005,-16.825938,37.803179
12.15,-38.559293,-16.66383,38.446571
12.1625,-38.307087,-16.647117,38.875286
12.175,-37.992142,-16.777245,39.084417
12.1875,-37.61316,-17.052686,39.071016
12.2,-37.16779,-17.468961,38.83414
12.2125,-36.65274,-18.018699,38.374882
12.225,-36.063988,-18.691751,37.696394
12.2375,-35.397101,-19.475353,36.803925
12.25,-34.647628,-20.354339,35.704868
12.2625,-33.811587,-21.311442,34.408856
12.275,-32.885997,-22.32765,32.927892
12.2875,-31.869444,-23.382663,31.276528
12.3,-30.76266,-24.455413,29.472075
12.3125,-29.569049,-25.524666,27.534817
12.325,-28.295145,-26.569678,25.488197
12.3375,-26.950917,-27.570872,23.358903
12.35,-25.549894,-28.510504,21.176818
12.3625,-24.109042,-29.373272,18.974761
12.375,-22.648379,-30.146798,16.787992
12.3875,-21.190323,-30.821965,14.653472
12.4,-19.758817,-31.393039,12.608901
12.4125,-18.378292,-31.857578,10.691605
12.425,-17.072578,-32.216121,8.937353
12.4375,-15.863847,-32.471693,7.379212
12.45,-14.771695,-32.629174,6.046522
12.4625,-13.812418,-32.694594,4.964068
12.475,-12.998514,-32.674435,4.151467
12.4875,-12.3384,-32.57499,3.622787
12.5,-11.836332,-32.40184,3.386373
12.5125,-11.492472,-32.159499,3.444835
12.525,-11.303071,-31.851217,3.795178
12.5375,-11.260738,-31.478973,4.429036
12.55,-11.354767,-31.043634,5.332992
12.5625,-11.571529,-30.54525,6.488989
12.575,-11.89492,-29.983458,7.874802
12.5875,-12.30687,-29.357944,9.464605
12.6,-12.787915,-28.668927,11.229601
12.6125,-13.317821,-27.917599,13.138703
12.625,-13.876233,-27.106498,15.159264
12.6375,-14.443328,-26.239766,17.257789
12.65,-15.000422,-25.323272,19.400626
12.6625,-15.530506,-24.364599,21.554583
12.675,-16.018675,-23.37288,23.687455
12.6875,-16.452418,-22.358531,25.768445
12.7,-16.821781,-21.332873,27.768472
12.7125,-17.119387,-20.307704,29.660398
12.725,-17.340335,-19.294837,31.419167
12.7375,-17.482006,-18.305648,33.021907
12.75,-17.543786,-17.350649,34.447997
12.7625,-17.526748,-16.43912,35.679138
12.775,-17.433314,-15.578808,36.699429
12.7875,-17.266913,-14.775707,37.495466
12.8,-17.03167,-14.033908,38.056455
12.8125,-16.732136,-13.355543,38.374343
12.825,-16.373063,-12.740787,38.443952
12.8375,-15.959244,-12.187935,38.263111
12.85,-15.495415,-11.693533,37.832766
12.8625,-14.986215,-11.252555,37.157064
12.875,-14.436198,-10.858627,36.243403
12.8875,-13.849889,-10.504282,35.102426
12.9,-13.231864,-10.181234,33.747975
12.9125,-12.586832,-9.880677,32.196983
12.925,-11.919724,-9.593597,30.469304
12.9375,-11.235737,-9.311073,28.58749
12.95,-10.540358,-9.024574,26.576502
12.9625,-9.839322,-8.726233,24.463371
12.975,-9.138531,-8.409078,22.276802
12.9875,-8.443916,-8.067224,20.046738
13,-7.761261,-7.695997,17.803896
13.0125,-7.095992,-7.292006,15.579274
13.025,-6.452965,-6.853138,13.403661
13.0375,-5.836251,-6.378507,11.307153
13.05,-5.248951,-5.868337,9.31869
13.0625,-4.693043,-5.323817,7.465623
13.075,-4.169289,-4.746931,5.773326
13.0875,-3.677183,-4.140275,4.264849
13.1,-3.214967,-3.506893,2.960617
13.1125,-2.779696,-2.850129,1.878177
13.125,-2.367352,-2.173507,1.031999
13.1375,-1.972997,-1.48066,0.433305
13.15,-1.590968,-0.775274,0.089958
13.1625,-1.215086,-0.06108,0.006379
13.175,-0.838892,0.658138,0.183511
13.1875,-0.455888,1.378528,0.618811
13.2,-0.059781,2.096149,1.30629
13.2125,0.355268,2.806967,2.23658
13.225,0.794423,3.506877,3.397039
13.2375,1.261959,4.191757,4.771897
13.25,1.761082,4.857557,6.342428
13.2625,2.293788,5.500431,8.08717
13.275,2.860775,6.116903,9.982187
13.2875,3.4614,6.704049,12.001363
13.3,4.0937,7.259703,14.116751
13.3125,4.754476,7.782641,16.298956
13.325,5.439426,8.272758,18.517564
13.3375,6.143326,8.731193,20.741598
13.35,6.860239,9.160407,22.940003
13.3625,7.583742,9.564187,25.082129
13.375,8.307145,9.947593,27.138229
13.3875,9.023689,10.316825,29.079918
13.4,9.726705,10.679035,30.880615
13.4125,10.409726,11.04208,32.515931
13.425,11.066558,11.414237,33.964008
13.4375,11.691288,11.803891,35.205793
13.45,12.278269,12.219214,36.22526
13.4625,12.822072,12.667838,37.009553
13.475,13.317429,13.156547,37.549088
13.4875,13.759192,13.69099,37.83758
13.5,14.142306,14.275425,37.872037
13.5125,14.461831,14.91251,37.652704
13.525,14.713012,15.603137,37.182975
13.5375,14.8914,16.346337,36.469289
13.55,14.993037,17.139234,35.521014
13.5625,15.014692,17.977096,34.350326
13.575,14.954139,18.853444,32.972104
13.5875,14.810462,19.76026,31.403833
13.6,14.584378,20.688264,29.665518
13.6125,14.278532,21.627266,27.779609
13.625,13.897767,22.56658,25.77091
13.6375,13.44931,23.495468,23.666468
13.65,12.942881,24.4036,21.495408
13.6625,12.390668,25.281492,19.288694
13.675,11.807191,26.120884,17.078808
13.6875,11.209017,26.915037,14.899319
13.7,10.61436,27.658908,12.784357
13.7125,10.04258,28.349192,10.768002
13.725,9.513604,28.984221,8.883614
13.7375,9.047327,29.563724,7.163134
13.75,8.66301,30.088471,5.636395
13.7625,8.378716,30.559831,4.330475
13.775,8.210798,30.979283,3.269101
13.7875,8.173457,31.347925,2.472134
13.8,8.278349,31.66603,1.955127
13.8125,8.534246,31.932683,1.728946
13.825,8.946735,32.145547,1.799457
13.8375,9.517945,32.300777,2.167273
13.85,10.246318,32.393105,2.827567
13.8625,11.126443,32.416104,3.769977
13.875,12.14898,32.362617,4.978622
13.8875,13.300735,32.225331,6.432285
13.9,14.564917,31.997461,8.104786
13.9125,15.92161,31.673472,9.965583
13.925,17.348473,31.249798,11.980585
13.9375,18.821634,30.725467,14.113161
13.95,20.316717,30.102578,16.325269
13.9625,21.80991,29.386585,18.578623
13.975,23.278975,28.586359,20.835795
13.9875,24.704099,27.714019,23.061163
14,26.068524,26.784577,25.221641
14.0125,27.358911,25.815409,27.287174
14.025,28.565437,24.825634,29.230991
14.0375,29.681661,23.835426,31.029661
14.05,30.704194,22.865328,32.663007
14.0625,31.632242,21.935596,34.113929
14.075,32.467062,21.065605,35.368194
14.0875,33.211391,20.273328,36.414227
14.1,33.868888,19.574903,37.242933
14.1125,34.443611,18.984279,37.84756
14.125,34.939561,18.512945,38.223599
14.1375,35.36031,18.169722,38.368718
14.15,35.708725,17.960619,38.282719
14.1625,35.986792,17.888746,37.967495
14.175,36.195555,17.954271,37.426994
14.1875,36.335149,18.154423,36.667167
14.2,36.404954,18.483549,35.695922
14.2125,36.403823,18.933214,34.523058
14.225,36.330399,19.492359,33.160227
14.2375,36.183502,20.147529,31.620891
14.25,35.962542,20.88315,29.920326
14.2625,35.667975,21.681892,28.075635
14.275,35.301732,22.52508,26.1058
14.2875,34.867637,23.393175,24.031743
14.3,34.371739,24.266281,21.876377
14.3125,33.822563,25.124693,19.664615
14.325,33.231214,25.949415,17.423309
14.3375,32.611322,26.722661,15.181064
14.35,31.978808,27.428268,12.967914
14.3625,31.351452,28.052016,10.814834
14.375,30.748275,28.581817,8.753078
14.3875,30.188787,29.007762,6.813389
14.4,29.692116,29.322027,5.025101
14.4125,29.276116,29.518666,3.415203
14.425,28.9565,29.593301,2.007435
14.4375,28.746071,29.542774,0.821465
14.45,28.654099,29.364809,-0.127779
14.4625,28.685893,29.057716,-0.830589
14.475,28.842578,28.620194,-1.282752
14.4875,29.12109,28.051262,-1.48559
14.5,29.514384,27.35031,-1.445789
14.5125,30.011838,26.517278,-1.175014
14.525,30.599826,25.552943,-0.689355
14.5375,31.262425,24.459256,-0.008626
14.55,31.982221,23.239706,0.844432
14.5625,32.741147,21.899656,1.844987
14.575,33.52132,20.446605,2.966931
14.5875,34.305813,18.890354,4.18364
14.6,35.079323,17.243046,5.468608
14.6125,35.828708,15.519082,6.795952
14.625,36.543378,13.734911,8.140767
14.6375,37.215526,11.908722,9.479329
14.65,37.840226,10.06005,10.789188
14.6625,38.41539,8.209336,12.049166
14.675,38.941632,6.377463,13.239303
14.6875,39.422018,4.585287,14.340791
14.7,39.861755,2.853208,15.335929
14.7125,40.267805,1.200779,16.208125
14.725,40.648446,-0.353637,16.941968
14.7375,41.012783,-1.793128,17.523376
14.75,41.37024,-3.102451,17.939819
14.7625,41.730016,-4.268182,18.1806
14.775,42.10057,-5.278826,18.23718
14.7875,42.489119,-6.124895,18.103505
14.8,42.901214,-6.798974,17.776307
14.8125,43.340404,-7.295782,17.255343
14.825,43.80802,-7.612249,16.543532
14.8375,44.303103,-7.7476,15.646977
14.85,44.822491,-7.703464,14.574849
14.8625,45.361044,-7.483969,13.339143
14.875,45.912013,-7.09584,11.954321
14.8875,46.467506,-6.548447,10.43687
14.9,47.019023,-5.853818,8.804816
14.9125,47.558017,-5.02657,7.077238
14.925,48.076429,-4.083768,5.273814
14.9375,48.567183,-3.044695,3.414438
14.95,49.024587,-1.930542,1.518916
14.9625,49.444647,-0.764036,-0.393241
14.975,49.825263,0.431005,-2.302951
14.9875,50.166324,1.63013,-4.191628
15,50.469691,2.808746,-6.041221
15.0125,50.739075,3.942594,-7.834241
15.025,50.979824,5.008203,-9.553818
15.0375,51.198618,5.983298,-11.1838
15.05,51.403086,6.847162,-12.708923
15.0625,51.601364,7.580935,-14.115033
15.075,51.80161,8.167848,-15.389383
15.0875,52.011503,8.593407,-16.520953
15.1,52.237768,8.845521,-17.500788
15.1125,52.485748,8.914593,-18.322309
15.125,52.759067,8.793589,-18.981554
15.1375,53.05941,8.47809,-19.477332
15.15,53.386443,7.96634,-19.811256
15.1625,53.737868,7.259285,-19.98765
15.175,54.109625,6.360617,-20.01334
15.1875,54.496201,5.276797,-19.897339
15.2,54.891034,4.017061,-19.650468
15.2125,55.286959,2.593381,-19.284946
15.225,55.676679,1.020391,-18.813988
15.2375,56.053218,-0.684753,-18.251436
15.25,56.41033,-2.502569,-17.611471
15.2625,56.742862,-4.411514,-16.908391
15.275,57.047048,-6.388297,-16.156487
15.2875,57.320735,-8.408251,-15.369995
15.3,57.563548,-10.445737,-14.563116
15.3125,57.776993,-12.474582,-13.75007
15.325,57.964482,-14.468516,-12.945179
15.3375,58.131296,-16.401616,-12.162917
15.35,58.284465,-18.248722,-11.417926
15.3625,58.432544,-19.98583,-10.724939
15.375,58.585296,-21.590434,-10.098604
15.3875,58.753247,-23.041823,-9.553182
15.4,58.947144,-24.32132,-9.102121
15.4125,59.177311,-25.412476,-8.757524
15.425,59.452965,-26.301215,-8.529548
15.4375,59.781527,-26.975952,-8.425792
15.45,60.16802,-27.427693,-8.450753
15.4625,60.614611,-27.65013,-8.605414
15.475,61.120372,-27.639745,-8.887053
15.4875,61.681298,-27.395916,-9.289286
15.5,62.290592,-26.921035,-9.802389
15.5125,62.939184,-26.220598,-10.413832
15.525,63.616421,-25.303279,-11.108988
15.5375,64.310843,-24.180938,-11.871926
15.55,65.010965,-22.868575,-12.686183
15.5625,65.705968,-21.384187,-13.53546
15.575,66.386268,-19.748564,-14.40417
15.5875,67.04391,-17.984984,-15.277815
15.6,67.672807,-16.118864,-16.143198
15.6125,68.268825,-14.177337,-16.988487
15.625,68.82975,-12.188807,-17.803157
15.6375,69.355157,-10.182474,-18.577868
15.65,69.846231,-8.187852,-19.304302
15.6625,70.305529,-6.234295,-19.974999
15.675,70.736733,-4.350534,-20.583218
15.6875,71.144373,-2.564237,-21.122843
15.7,71.533543,-0.901601,-21.588349
15.7125,71.909606,0.613023,-21.974816
15.725,72.277892,1.957473,-22.278016
15.7375,72.643402,3.112071,-22.494524
15.75,73.010521,4.059887,-22.621876
15.7625,73.382764,4.786968,-22.658709
15.775,73.76257,5.282515,-22.604897
15.7875,74.151163,5.539041,-22.461626
15.8,74.548494,5.552479,-22.231409
15.8125,74.953273,5.322261,-21.918022
15.825,75.363083,4.851345,-21.52636
15.8375,75.774572,4.146207,-21.062231
15.85,76.183696,3.216782,-20.532094
15.8625,76.585988,2.076347,-19.942788
15.875,76.976839,0.74136,-19.301259
15.8875,77.351747,-0.76876,-18.614315
15.9,77.706538,-2.431905,-17.888442
15.9125,78.037544,-4.223599,-17.129673
15.925,78.341732,-6.117354,-16.343516
15.9375,78.616793,-8.085069,-15.534957
15.95,78.861204,-10.097455,-14.708505
15.9625,79.074258,-12.124476,-13.868282
15.975,79.256089,-14.135806,-13.018149
15.9875,79.407674,-16.101288,-12.161836
16,79.530838,-17.991389,-11.303084
16.0125,79.628237,-19.777646,-10.445765
16.025,79.703327,-21.433089,-9.593971
16.0375,79.760295,-22.932646,-8.752059
16.05,79.803955,-24.253506,-7.924632
16.0625,79.839593,-25.375456,-7.116454
16.075,79.872757,-26.281164,-6.33229
16.0875,79.909004,-26.956422,-5.576688
16.1,79.953625,-27.390339,-4.853719
16.1125,80.011363,-27.575475,-4.166699
16.125,80.086168,-27.50794,-3.517946
16.1375,80.181018,-27.187425,-2.908581
16.15,80.29783,-26.617202,-2.338427
16.1625,80.437468,-25.804071,-1.805997
16.175,80.599851,-24.758259,-1.308583
16.1875,80.784134,-23.493283,-0.842416
16.2,80.988939,-22.025769,-0.402885
16.2125,81.212602,-20.375226,0.015225
16.225,81.453412,-18.563787,0.417502
16.2375,81.70981,-16.615909,0.809696
16.25,81.980544,-14.558037,1.197542
16.2625,82.264773,-12.41824,1.586626
16.275,82.562111,-10.225828,1.982272
16.2875,82.872625,-8.010939,2.389465
16.3,83.19679,-5.804123,2.812777
16.3125,83.5354,-3.635911,3.256306
16.325,83.88945,-1.536386,3.723603
16.3375,84.259994,0.46524,4.217591
16.35,84.647984,2.341038,4.740477
16.3625,85.0541,4.064768,5.293655
16.375,85.478581,5.612254,5.877612
16.3875,85.921086,6.961738,6.491845
16.4,86.380575,8.094207,7.134819
16.4125,86.855249,8.993679,7.803954
16.425,87.342549,9.647457,8.495693
16.4375,87.839229,10.046324,9.205616
16.45,88.341489,10.1847,9.928638
16.4625,88.845172,10.060737,10.659248
16.475,89.345993,9.676351,11.391793
16.4875,89.839778,9.0372,12.120764
16.5,90.322687,8.152596,12.84107
16.5125,90.791397,7.035363,13.548266
16.525,91.243225,5.701635,14.238726
16.5375,91.676188,4.170608,14.909745
16.55,92.089,2.464249,15.559586
16.5625,92.48101,0.606964,16.187462
16.575,92.852109,-1.374762,16.793483
16.5875,93.2026,-3.452754,17.378572
16.6,93.533063,-5.597552,17.944365
16.6125,93.844222,-7.778834,18.493116
16.625,94.136826,-9.965848,19.027588
16.6375,94.411546,-12.127844,19.550966
16.65,94.668901,-14.234506,20.06676
16.6625,94.909222,-16.256377,20.578715
16.675,95.132638,-18.165272,21.090715
16.6875,95.339117,-19.934666,21.606677
16.7,95.528524,-21.540065,22.130429
16.7125,95.700734,-22.959346,22.665574
16.725,95.855749,-24.17306,23.215351
16.7375,95.993851,-25.164706,23.782482
16.75,96.115731,-25.920954,24.369041
16.7625,96.222616,-26.431838,24.976347
16.775,96.316339,-26.690892,25.604903
16.7875,96.399366,-26.695247,26.254391
16.8,96.47476,-26.445673,26.923727
16.8125,96.546081,-25.946576,27.611176
16.825,96.617246,-25.205944,28.314498
16.8375,96.692362,-24.235232,29.031133
16.85,96.775544,-23.049208,29.758362
16.8625,96.870757,-21.665745,30.493463
16.875,96.981669,-20.105564,31.233813
16.8875,97.111546,-18.391934,31.976957
16.9,97.263173,-16.550338,32.72061
16.9125,97.438801,-14.608097,33.462629
16.925,97.640115,-12.593974,34.200942
16.9375,97.868213,-10.537748,34.933442
16.95,98.123582,-8.469772,35.657878
16.9625,98.406088,-6.420531,36.371727
16.975,98.714956,-4.420178,37.072076
16.9875,99.04876,-2.498095,37.755521
17,99.405428,-0.682447,38.418087
17.0125,99.782262,1.000234,39.055192
17.025,100.175992,2.525444,39.661653
17.0375,100.582878,3.871069,40.231753
17.05,100.998846,5.017701,40.759362
17.0625,101.419677,5.948916,41.238117
17.075,101.841239,6.651499,41.661657
17.0875,102.259736,7.11561,42.023879
17.1,102.671963,7.334904,42.319209
17.1125,103.075544,7.306596,42.542856
17.125,103.469118,7.031474,42.691023
17.1375,103.85246,6.513865,42.761051
17.15,104.226522,5.761559,42.751495
17.1625,104.593392,4.785691,42.66212
17.175,104.956172,3.600584,42.493834
17.1875,105.318799,2.223551,42.248573
17.2,105.68581,0.674664,41.92916
17.2125,106.062089,-1.023516,41.539165
17.225,106.452593,-2.846249,41.08279
17.2375,106.862083,-4.766959,40.564785
17.25,107.294855,-6.75761,39.990421
17.2625,107.754488,-8.789117,39.365514
17.275,108.243597,-10.831779,38.696503
17.2875,108.763607,-12.855733,37.990566
17.3,109.314549,-14.831423,37.255764
17.3125,109.894888,-16.730066,36.501189
17.325,110.501403,-18.524119,35.737075
17.3375,111.129149,-20.187719,34.974862
17.35,111.771521,-21.697098,34.227148
17.3625,112.420439,-23.030943,33.507528
17.375,113.066691,-24.170702,32.830268
17.3875,113.700409,-25.100826,32.209848
17.4,114.311671,-25.808927,31.660355
17.4125,114.891186,-26.28587,31.194808
17.425,115.430972,-26.525802,30.824463
17.4375,115.92498,-26.526114,30.558176
17.45,116.369559,-26.287379,30.401915
17.4625,116.763723,-25.813258,30.358466
17.475,117.109183,-25.110393,30.427368
17.4875,117.410151,-24.188297,30.605069
17.5,117.672945,-23.059232,30.885262
17.5125,117.905464,-21.738083,31.25936
17.525,118.11659,-20.242198,31.717011
17.5375,118.315581,-18.591205,32.246614
17.55,118.511504,-16.806786,32.835779
17.5625,118.712752,-14.912401,33.471682
17.575,118.926645,-12.932976,34.14132
17.5875,119.159136,-10.894533,34.831655
17.6,119.414608,-8.8238,35.529669
17.6125,119.695749,-6.747783,36.222348
17.625,120.003503,-4.693326,36.896624
17.6375,120.337088,-2.686677,37.539314
17.65,120.694077,-0.753055,38.137067
17.6625,121.070544,1.083749,38.676368
17.675,121.461273,2.801735,39.143597
17.6875,121.860045,4.381012,39.525177
17.7,122.259982,5.804055,39.807805
17.7125,122.653958,7.055906,39.978764
17.725,123.035051,8.124313,40.0263
17.7375,123.39701,8.999823,39.940041
17.75,123.734706,9.675815,39.711409
17.7625,124.044527,10.148517,39.334004
17.775,124.324688,10.416982,38.803904
17.7875,124.575407,10.483066,38.119861
17.8,124.798953,10.351393,37.283371
17.8125,124.999534,10.029311,36.298603
17.825,125.183056,9.526845,35.17222
17.8375,125.356759,8.856628,33.913102
17.85,125.528779,8.033803,32.532006
17.8625,125.707652,7.07588,31.041218
17.875,125.90182,6.002553,29.454218
17.8875,126.119148,4.835438,27.785391
17.9,126.366498,3.59777,26.04982
17.9125,126.649359,2.314023,24.263136
17.925,126.971562,1.009495,22.441455
17.9375,127.335078,-0.290164,20.601354
17.95,127.7399,-1.559432,18.759883
17.9625,128.184034,-2.773413,16.934574
17.975,128.663579,-3.908317,15.143406
17.9875,129.172916,-4.941907,13.404725
18,129.705005,-5.85389,11.73706
18.0125,130.251773,-6.626247,10.158862
18.025,130.804589,-7.243482,8.688134
18.0375,131.354803,-7.692782,7.341998
18.05,131.894299,-7.964109,6.136208
18.0625,132.416042,-8.050208,5.08466
18.075,132.914555,-7.94657,4.198939
18.0875,133.386307,-7.651348,3.487947
18.1,133.829957,-7.165264,2.957639
18.1125,134.246455,-6.491501,2.610899
18.125,134.638978,-5.635615,2.447548
18.1375,135.012728,-4.605445,2.464478
18.15,135.3746,-3.411039,2.65589
18.1625,135.732755,-2.06457,3.013593
18.175,136.096126,-0.580244,3.527342
18.1875,136.473897,1.025831,4.185158
18.2,136.874973,2.735809,4.973612
18.2125,137.307466,4.530336,5.878047
18.225,137.778219,6.388829,6.882717
18.2375,138.292372,8.28982,7.97085
18.25,138.852978,10.21135,9.124636
18.2625,139.460685,12.131407,10.325166
18.275,140.113496,14.028391,11.552341
18.2875,140.806607,15.881579,12.784795
18.3,141.532362,17.671566,13.999868
18.3125,142.280326,19.380666,15.173667
18.325,143.037505,20.993225,16.281249
18.3375,143.788729,22.495848,17.296958
18.35,144.517182,23.877494,18.194916
18.3625,145.205086,25.129465,18.949676
18.375,145.834505,26.245263,19.536989
18.3875,146.388209,27.220355,19.934664
18.4,146.850578,28.051875,20.123445
18.4125,147.208444,28.73829,20.087853
18.425,147.451845,29.279096,19.816926
18.4375,147.574627,29.674574,19.304798
18.45,147.574833,29.925645,18.551075
18.4625,147.45488,30.033846,17.56098
18.475,147.221479,30.00143,16.345235
18.4875,146.885314,29.831573,14.919706
18.5,146.460489,29.528665,13.30481
18.5125,145.96379,29.098627,11.524739
18.525,145.413804,28.549219,9.606551
18.5375,144.82998,27.890279,7.579208
18.55,144.231695,27.13386,5.472619
18.5625,143.637397,26.294244,3.316777
18.575,143.063892,25.387809,1.141028
18.5875,142.52581,24.432765,-1.026487
18.6,142.035262,23.448782,-3.159212
18.6125,141.601705,22.456526,-5.232392
18.625,141.231969,21.477139,-7.223156
18.6375,140.930443,20.531703,-9.110506
18.65,140.699372,19.640706,-10.875248
18.6625,140.539238,18.823544,-12.49991
18.675,140.449187,18.098062,-13.968676
18.6875,140.427484,17.480166,-15.267341
18.7,140.471958,16.983496,-16.383312
18.7125,140.580432,16.619166,-17.305638
18.725,140.751092,16.395569,-18.025073
18.7375,140.982809,16.318242,-18.534149
18.75,141.275361,16.389779,-18.827255
18.7625,141.629585,16.609798,-18.900701
18.775,142.047405,16.974945,-18.752772
18.7875,142.531775,17.478942,-18.383763
18.8,143.086499,18.112677,-17.795998
18.8125,143.715964,18.864343,-16.99386
18.825,144.424765,19.719634,-15.983825
18.8375,145.217267,20.662003,-14.774529
18.85,146.097083,21.672992,-13.376883
18.8625,147.066519,22.732642,-11.804223
18.875,148.126002,23.819986,-10.072509
18.8875,149.273518,24.913613,-8.200544
18.9,150.504121,25.992298,-6.21018
18.9125,151.809545,27.035676,-4.126462
18.925,153.177987,28.024909,-1.977655
18.9375,154.594112,28.943329,0.204909
18.95,156.039308,29.776981,2.387201
18.9625,157.49221,30.515032,4.533117
18.975,158.929482,31.149992,6.605341
18.9875,160.32679,31.677721,8.566394
19,161.65988,32.097226,10.379799
19.0125,162.905674,32.410237,12.011261
19.025,164.043274,32.620642,13.429765
19.0375,165.054788,32.733811,14.608514
19.05,165.92596,32.75589,15.525654
19.0625,166.646551,32.693133,16.164769
19.075,167.210526,32.551331,16.515153
19.0875,167.616052,32.335386,16.5719
19.1,167.865364,32.049048,16.335828
19.1125,167.964528,31.694835,15.81328
19.125,167.923122,31.274133,15.015833
19.1375,167.753858,30.787438,13.959904
19.15,167.472133,30.234721,12.666286
19.1625,167.095521,29.615877,11.159591
19.175,166.643201,28.931193,9.467633
19.1875,166.135328,28.181812,7.62074
19.2,165.592377,27.370124,5.651029
19.2125,165.034472,26.500057,3.591675
19.225,164.480752,25.577249,1.476211
19.2375,163.948808,24.609065,-0.662118
19.25,163.454217,23.604484,-2.790907
19.2625,163.010207,22.573858,-4.879034
19.275,162.62746,21.528557,-6.897
19.2875,162.314052,20.480563,-8.817166
19.3,162.075524,19.442006,-10.61391
19.3125,161.915057,18.424704,-12.26373
19.325,161.83373,17.439731,-13.745314
19.3375,161.83083,16.497026,-15.039606
19.35,161.904199,15.605068,-16.129877
19.3625,162.050578,14.770627,-17.001813
19.375,162.265934,13.998601,-17.643634
19.3875,162.545757,13.291917,-18.046215
19.4,162.885301,12.651523,-18.203232
19.4125,163.279775,12.076438,-18.111295
19.425,163.72446,11.56386,-17.770072
19.4375,164.214777,11.109331,-17.18239
19.45,164.746287,10.706934,-16.354299
19.4625,165.314648,10.349541,-15.295091
19.475,165.915539,10.029068,-14.017273
19.4875,166.544563,9.736768,-12.53648
19.5,167.197158,9.463529,-10.87134
19.5125,167.868513,9.200178,-9.043268
19.525,168.553529,8.937777,-7.076212
19.5375,169.246819,8.667913,-4.996329
19.55,169.942761,8.38294,-2.831626
19.5625,170.635606,8.076201,-0.611535
19.575,171.319626,7.74218,1.633536
19.5875,171.989313,7.376607,3.872684
19.6,172.639585,6.976491,6.075
19.6125,173.266006,6.540098,8.210065
19.625,173.86499,6.066867,10.248421
19.6375,174.433973,5.557285,12.162019
19.65,174.971543,5.012731,13.924639
19.6625,175.477521,4.435301,15.51225
19.675,175.952982,3.827641,16.903341
19.6875,176.400225,3.192789,18.079189
19.7,176.822685,2.534048,19.024089
19.7125,177.224809,1.85489,19.72553
19.725,177.61188,1.158893,20.174332
19.7375,177.989824,0.449719,20.364737
19.75,178.364985,-0.268892,20.294462
19.7625,178.743886,-0.993105,19.964708
19.775,179.132985,-1.718968,19.380141
19.7875,179.538427,-2.442404,18.548828
19.8,179.965801,-3.159216,17.482144
19.8125,-179.580084,-3.865129,16.194643
19.825,-179.095402,-4.555859,14.703894
19.8375,-178.577474,-5.227237,13.030279
19.85,-178.024901,-5.875352,11.196752
19.8625,-177.437626,-6.496739,9.228566
19.875,-176.816957,-7.08858,7.152945
19.8875,-176.165518,-7.648902,4.998721
19.9,-175.48714,-8.176771,2.795932
19.9125,-174.78671,-8.672447,0.575378
19.925,-174.069967,-9.137489,-1.631849
19.9375,-173.343283,-9.574806,-3.794853
19.95,-172.613437,-9.988628,-5.883421
19.9625,-171.887393,-10.384419,-7.868506
19.975,-171.172119,-10.768707,-9.722682
19.9875,-170.47444,-11.148868,-11.420553
20,-169.800942,-11.532852,-12.939123
20.0125,-169.157923,-11.928881,-14.2581
20.025,-168.55139,-12.34512,-15.360139
20.0375,-167.987088,-12.789355,-16.231026
20.05,-167.470538,-13.268665,-16.859792
20.0625,-167.007089,-13.789124,-17.238778
20.075,-166.601942,-14.355527,-17.363637
20.0875,-166.260145,-14.971157,-17.233307
20.1,-165.986543,-15.637606,-16.849929
20.1125,-165.785676,-16.354645,-16.218758
20.125,-165.661618,-17.120166,-15.348052
20.1375,-165.617767,-17.930195,-14.248954
20.15,-165.656579,-18.778983,-12.935388
20.1625,-165.77928,-19.659184,-11.423958
20.175,-165.985553,-20.562109,-9.733861
20.1875,-166.273236,-21.478056,-7.886806
20.2,-166.638053,-22.396706,-5.906927
20.2125,-167.073398,-23.307563,-3.820675
20.225,-167.570218,-24.200406,-1.65666
20.2375,-168.116988,-25.065742,0.554563
20.25,-168.699833,-25.895199,2.780809
20.2625,-169.30276,-26.681854,4.988661
20.275,-169.908032,-27.420442,7.143974
20.2875,-170.496644,-28.107441,9.212474
20.3,-171.04887,-28.741009,11.160405
20.3125,-171.544856,-29.320785,12.955224
20.325,-171.965214,-29.847562,14.56629
20.3375,-172.291581,-30.322867,15.965516
20.35,-172.507129,-30.748478,17.127965
20.3625,-172.597015,-31.125926,18.03238
20.375,-172.548761,-31.456027,18.661635
20.3875,-172.352595,-31.738482,19.003114
20.4,-172.001749,-31.971592,19.049038
20.4125,-171.492732,-32.152113,18.796731
20.425,-170.825571,-32.27527,18.248826
20.4375,-170.004013,-32.334953,17.413412
20.45,-169.035651,-32.324079,16.304066
20.4625,-167.931932,-32.235114,14.939763
20.475,-166.708009,-32.060718,13.344603
20.4875,-165.382378,-31.794462,11.547329
20.5,-163.976302,-31.431562,9.580624
20.5125,-162.513016,-30.969557,7.480197
20.525,-161.01676,-30.408866,5.283707
20.5375,-159.511727,-29.753166,3.029606
20.55,-158.021018,-29.009558,0.755999
20.5625,-156.565704,-28.188504,-1.50039
20.575,-155.164085,-27.303554,-3.705062
20.5875,-153.831196,-26.370887,-5.826354
20.6,-152.578584,-25.408725,-7.835811
20.6125,-151.414332,-24.436666,-9.708334
20.625,-150.343303,-23.474989,-11.422159
20.6375,-149.367545,-22.54398,-12.958722
20.65,-148.486796,-21.663302,-14.302458
20.6625,-147.699047,-20.851436,-15.44059
20.675,-147.001113,-20.125213,-16.362935
20.6875,-146.389169,-19.499418,-17.061741
20.7,-145.85924,-18.986487,-17.531568
20.7125,-145.407607,-18.596267,-17.769209
20.725,-145.031124,-18.335853,-17.773627
20.7375,-144.727439,-18.209471,-17.545914
20.75,-144.495094,-18.218423,-17.089249
20.7625,-144.333536,-18.361074,-16.408858
20.775,-144.243005,-18.632888,-15.511959
20.7875,-144.224337,-19.026515,-14.407715
20.8,-144.278678,-19.53193,-13.107182
20.8125,-144.407125,-20.136639,-11.623275
20.825,-144.610319,-20.82594,-9.970758
20.8375,-144.888004,-21.583258,-8.166254
20.85,-145.238591,-22.390544,-6.228288
20.8625,-145.658732,-23.228732,-4.177341
20.875,-146.142963,-24.078244,-2.035903
20.8875,-146.683424,-24.919523,0.171505
20.9,-147.269712,-25.733564,2.41838
20.9125,-147.888882,-26.502425,4.676386
20.925,-148.52563,-27.209666,6.915643
20.9375,-149.162669,-27.840698,9.105167
20.95,-149.781282,-28.383016,11.213487
20.9625,-150.36204,-28.82628,13.209399
20.975,-150.885633,-29.162268,15.062832
20.9875,-151.333751,-29.384687,16.745773
21,-151.689956,-29.488891,18.233181
21.0125,-151.940474,-29.471536,19.50383
21.025,-152.074857,-29.330225,20.541024
21.0375,-152.086466,-29.063184,21.333132
21.05,-151.972758,-28.669035,21.873929
21.0625,-151.735362,-28.146668,22.162718
21.075,-151.379948,-27.495255,22.204233
21.0875,-150.915894,-26.714387,22.008334
21.1,-150.355785,-25.804326,21.589527
21.1125,-149.714759,-24.766336,20.966316
21.125,-149.009753,-23.603048,20.160458
21.1375,-148.258674,-22.318814,19.196138
21.15,-147.479574,-20.920017,18.099154
21.1625,-146.689846,-19.415275,16.896131
21.175,-145.905522,-17.815544,15.613837
21.1875,-145.140674,-16.134083,14.278624
21.2,-144.406969,-14.386296,12.916009
21.2125,-143.71337,-12.589467,11.550408
21.225,-143.065982,-10.762396,10.204996
21.2375,-142.468035,-8.924975,8.901671
21.25,-141.919988,-7.097728,7.661082
21.2625,-141.419728,-5.301346,6.502694
21.275,-140.962861,-3.55624,5.444837
21.2875,-140.543066,-1.882128,4.504724
21.3,-140.152519,-0.29768,3.698407
21.3125,-139.782358,1.179778,3.040654
21.325,-139.423192,2.534497,2.54476
21.3375,-139.065626,3.752474,2.222284
21.35,-138.700799,4.821576,2.082736
21.3625,-138.320887,5.731628,2.133254
21.375,-137.919565,6.474471,2.378287
21.3875,-137.492383,7.044029,2.819323
21.4,-137.037033,7.436372,3.454715
21.4125,-136.553478,7.649796,4.279606
21.425,-136.043939,7.684922,5.285984
21.4375,-135.512725,7.544801,6.462879
21.45,-134.965919,7.235008,7.796671
21.4625,-134.410956,6.763724,9.271496
21.475,-133.856111,6.141762,10.869725
21.4875,-133.309945,5.382539,12.572447
21.5,-132.780754,4.501966,14.359946
21.5125,-132.276056,3.518263,16.212118
21.525,-131.802144,2.451683,18.108811
21.5375,-131.363735,1.324162,20.030081
21.55,-130.963726,0.15891,21.956359
21.5625,-130.603051,-1.020043,23.868554
21.575,-130.280658,-2.188327,25.748101
21.5875,-129.993591,-3.321713,27.577008
21.6,-129.737163,-4.396572,29.337895
21.6125,-129.505236,-5.390306,31.014091
21.625,-129.290569,-6.281724,32.589771
21.6375,-129.085246,-7.051365,34.050165
21.65,-128.881147,-7.681754,35.381828
21.6625,-128.670441,-8.157604,36.57295
21.675,-128.446081,-8.465964,37.613689
21.6875,-128.202243,-8.59632,38.496491
21.7,-127.934707,-8.540674,39.216359
21.7125,-127.641113,-8.293602,39.771036
21.725,-127.321102,-7.8523,40.161084
21.7375,-126.976305,-7.216634,40.389834
21.75,-126.610199,-6.38918,40.463219
21.7625,-126.227833,-5.375263,40.389498
21.775,-125.835461,-4.182969,40.178897
21.7875,-125.440106,-2.82313,39.843207
21.8,-125.049097,-1.309266,39.395378
21.8125,-124.669606,0.342526,38.849139
21.825,-124.308216,2.11375,38.218673
21.8375,-123.970541,3.98374,37.518377
21.85,-123.660898,5.929965,36.762697
21.8625,-123.382053,7.928372,35.966063
21.875,-123.135024,9.953783,35.142875
21.8875,-122.918958,11.980325,34.307562
21.9,-122.731063,13.981862,33.474649
21.9125,-122.566618,15.932448,32.658832
21.925,-122.419064,17.80675,31.875005
21.9375,-122.280179,19.580451,31.138224
21.95,-122.140367,21.23061,30.463564
21.9625,-121.989056,22.735973,29.865861
21.975,-121.815217,24.077231,29.359323
21.9875,-121.607981,25.237222,28.957023
22,-121.357331,26.201087,28.670298
22.0125,-121.054812,26.956387,28.508122
22.025,-120.694194,27.493203,28.476503
22.0375,-120.27201,27.804226,28.578003
22.05,-119.787898,27.884852,28.811432
22.0625,-119.244693,27.733288,29.1718
22.075,-118.648247,27.350669,29.650522
22.0875,-118.006991,26.741166,30.235883
22.1,-117.33129,25.91208,30.913703
22.1125,-116.632675,24.873882,31.668119
22.125,-115.923033,23.640204,32.482395
22.1375,-115.213853,22.227738,33.339682
22.15,-114.515587,20.656066,34.223642
22.1625,-113.837168,18.947395,35.118909
22.175,-113.185698,17.126229,36.011383
22.1875,-112.566301,15.21897,36.888346
22.2,-111.982111,13.253484,37.738456
22.2125,-111.43436,11.258628,38.551647
22.225,-110.922552,9.263771,39.318971
22.2375,-110.44468,7.298314,40.032431
22.25,-109.997478,5.391215,40.684821
22.2625,-109.57669,3.570543,41.269615
22.275,-109.177361,1.863051,41.780895
22.2875,-108.794131,0.293791,42.213353
22.3,-108.421542,-1.114241,42.562345
22.3125,-108.054343,-2.340421,42.823993
22.325,-107.687788,-3.366772,42.99533
22.3375,-107.317909,-4.178202,43.074448
22.35,-106.94175,-4.762701,43.060644
22.3625,-106.557534,-5.111505,42.954522
22.375,-106.164761,-5.219227,42.758035
22.3875,-105.764215,-5.083938,42.474457
22.4,-105.357881,-4.707223,42.10827
22.4125,-104.948783,-4.094186,41.66498
22.425,-104.540759,-3.253408,41.150878
22.4375,-104.13819,-2.196861,40.572766
22.45,-103.74573,-0.93976,39.937679
22.4625,-103.368024,0.499628,39.252629
22.475,-103.009479,2.10024,38.52439
22.4875,-102.674055,3.838513,37.759346
22.5,-102.365114,5.688729,36.963394
22.5125,-102.085307,7.623402,36.14192
22.525,-101.836495,9.613686,35.299828
22.5375,-101.619703,11.629819,34.441619
22.55,-101.435084,13.641573,33.571507
22.5625,-101.281903,15.618715,32.693551
22.575,-101.158532,17.531464,31.811798
22.5875,-101.062453,19.350946,30.930416
22.6,-100.990286,21.049623,30.053795
22.6125,-100.937844,22.601711,29.186606
22.625,-100.900234,23.983556,28.333799
22.6375,-100.872008,25.173986,27.50053
22.65,-100.847367,26.154603,26.692012
22.6625,-100.820421,26.910053,25.913298
22.675,-100.785487,27.42822,25.169005
22.6875,-100.737388,27.700394,24.463024
22.7,-100.671736,27.721367,23.798237
22.7125,-100.585148,27.489495,23.176292
22.725,-100.475377,27.006706,22.597455
22.7375,-100.341332,26.278463,22.060576
22.75,-100.182994,25.313685,21.563146
22.7625,-100.001238,24.124624,21.101463
22.775,-99.797598,22.726703,20.670844
22.7875,-99.573998,21.13831,20.265886
22.8,-99.332488,19.380555,19.880719
22.8125,-99.075013,17.476984,19.509241
22.825,-98.803221,15.453263,19.145321
22.8375,-98.518339,13.336824,18.782951
22.85,-98.221097,11.15649,18.416372
22.8625,-97.911712,8.942074,18.040156
22.875,-97.589919,6.723964,17.649279
22.8875,-97.255044,4.532695,17.23918
22.9,-96.906116,2.398528,16.805828
22.9125,-96.542001,0.351016,16.345784
22.925,-96.161568,-1.58141,15.856292
22.9375,-95.763858,-3.371847,15.33537
22.95,-95.348262,-4.995303,14.781907
22.9625,-94.914686,-6.429066,14.195755
22.975,-94.463688,-7.653035,13.577799
22.9875,-93.996575,-8.650023,12.929987
23,-93.515441,-9.406027,12.255308
23.0125,-93.023133,-9.910442,11.557707
23.025,-92.523156,-10.156241,10.841926
23.0375,-92.019501,-10.14009,10.11329
23.05,-91.516433,-9.862413,9.377437
23.0625,-91.018253,-9.327389,8.640033
23.075,-90.529057,-8.542897,7.906484
23.0875,-90.052531,-7.520394,7.181682
23.1,-89.591792,-6.274738,6.469797
23.1125,-89.149289,-4.823961,5.774141
23.125,-88.726769,-3.188989,5.097085
23.1375,-88.325308,-1.39333,4.44005
23.15,-87.945384,0.537278,3.803536
23.1625,-87.58698,2.575249,3.187198
23.175,-87.249716,4.691545,2.589935
23.1875,-86.932978,6.8561,2.009992
23.2,-86.636034,9.038245,1.445067
23.2125,-86.358151,11.207145,0.892412
23.225,-86.098664,13.332231,0.34893
23.2375,-85.85704,15.383633,-0.188731
23.25,-85.632893,17.332595,-0.724077
23.2625,-85.425972,19.151876,-1.260669
23.275,-85.236111,20.816129,-1.80201
23.2875,-85.063153,22.302256,-2.351423
23.3,-84.906844,23.589727,-2.91192
23.3125,-84.766707,24.660865,-3.486072
23.325,-84.64193,25.501091,-4.07589
23.3375,-84.531251,26.099131,-4.68272
23.35,-84.432886,26.447174,-5.307189
23.3625,-84.344501,26.540983,-5.949188
23.375,-84.263232,26.37996,-6.607918
23.3875,-84.185766,25.967156,-7.281979
23.4,-84.108455,25.309236,-7.969508
23.4125,-84.027468,24.416386,-8.668328
23.425,-83.938945,23.30217,-9.37611
23.4375,-83.839148,21.983344,-10.090508
23.45,-83.724591,20.479611,-10.809262
23.4625,-83.59214,18.813339,-11.530264
23.475,-83.43909,17.009239,-12.251568
23.4875,-83.263212,15.094005,-12.971367
23.5,-83.062788,13.095923,-13.687928
23.5125,-82.836632,11.044459,-14.399497
23.525,-82.584112,8.969822,-15.104193
23.5375,-82.305169,6.902525,-15.799885
23.55,-82.000335,4.872925,-16.484076
23.5625,-81.670755,2.910781,-17.153797
23.575,-81.318196,1.044803,-17.805517
23.5875,-80.94504,-0.697768,-18.435094
23.6,-80.554248,-2.29157,-19.037762
23.6125,-80.149292,-3.713493,-19.608173
23.625,-79.734036,-4.943015,-20.140492
23.6375,-79.312574,-5.962498,-20.628557
23.65,-78.889023,-6.757429,-21.066087
23.6625,-78.467282,-7.31662,-21.446928
23.675,-78.05078,-7.632341,-21.765323
23.6875,-77.642233,-7.70041,-22.016171
23.7,-77.243432,-7.520228,-22.19526
23.7125,-76.855098,-7.094761,-22.299436
23.725,-76.476802,-6.430482,-22.326715
23.7375,-76.106973,-5.537269,-22.27631
23.75,-75.742981,-4.428259,-22.148588
23.7625,-75.381297,-3.119671,-21.944978
23.775,-75.017694,-1.630579,-21.667841
23.7875,-74.647496,0.017339,-21.320326
23.8,-74.265836,1.8001,-20.906245
23.8125,-73.867922,3.691744,-20.429978
23.825,-73.449302,5.664702,-19.896418
23.8375,-73.006119,7.690191,-19.310976
23.85,-72.535351,9.738637,-18.67963
23.8625,-72.035041,11.780123,-18.009029
23.875,-71.504511,13.784849,-17.306622
23.8875,-70.944539,15.723603,-16.580801
23.9,-70.357503,17.56822,-15.841031
23.9125,-69.747453,19.29204,-15.097937
23.925,-69.120098,20.870327,-14.363305
23.9375,-68.482675,22.280657,-13.649976
23.95,-67.843685,23.503249,-12.971599
23.9625,-67.21248,24.521233,-12.342239
23.975,-66.598727,25.320847,-11.775843
23.9875,-66.011767,25.891565,-11.285607
24,-65.459949,26.226155,-10.883294
24.0125,-64.949986,26.320668,-10.578588
24.025,-64.486434,26.174402,-10.378546
24.0375,-64.071344,25.789809,-10.287226
24.05,-63.704137,25.172403,-10.305532
24.0625,-63.381704,24.330649,-10.431278
24.075,-63.098713,23.275841,-10.659444
24.0875,-62.848079,22.021975,-10.98259
24.1,-62.62152,20.585594,-11.391343
24.1125,-62.410151,18.985615,-11.874903
24.125,-62.205057,17.243106,-12.421518
24.1375,-61.997799,15.381031,-13.018861
24.15,-61.780838,13.423943,-13.654328
24.1625,-61.547864,11.397639,-14.315206
24.175,-61.294032,9.328767,-14.988766
24.1875,-61.016115,7.244415,-15.662262
24.2,-60.712586,5.171677,-16.322897
24.2125,-60.383623,3.137211,-16.95775
24.225,-60.031066,1.166805,-17.55373
24.2375,-59.658291,-0.715033,-18.097547
24.25,-59.270039,-2.485455,-18.575758
24.2625,-58.872155,-4.123609,-18.974878
24.275,-58.471275,-5.610922,-19.281582
24.2875,-58.074437,-6.931322,-19.482988
24.3,-57.688648,-8.071403,-19.567012
24.3125,-57.320415,-9.020537,-19.522781
24.325,-56.975288,-9.770935,-19.341047
24.3375,-56.657436,-10.317663,-19.014593
24.35,-56.369302,-10.658645,-18.538565
24.3625,-56.111372,-10.794635,-17.910712
24.375,-55.882081,-10.72919,-17.131499
24.3875,-55.67786,-10.468632,-16.204091
24.4,-55.49334,-10.022003,-15.134207
24.4125,-55.32167,-9.401006,-13.929867
24.425,-55.154934,-8.619918,-12.601074
24.4375,-54.984631,-7.695466,-11.159459
24.45,-54.802173,-6.646656,-9.617931
24.4625,-54.599377,-5.494541,-7.990372
24.475,-54.368907,-4.261935,-6.291397
24.4875,-54.104671,-2.973056,-4.536186
24.5,-53.802132,-1.653121,-2.740392
24.5125,-53.458547,-0.327899,-0.920112
24.525,-53.073107,0.976775,0.908103
24.5375,-52.646998,2.235495,2.727229
24.55,-52.183356,3.423769,4.519773
24.5625,-51.687118,4.51849,6.267823
24.575,-51.164782,5.49835,7.953184
24.5875,-50.624048,6.344203,9.557597
24.6,-50.073383,7.039346,11.063067
24.6125,-49.52151,7.569721,12.452263
24.625,-48.976851,7.92404,13.70899
24.6375,-48.446978,8.093824,14.818682
24.65,-47.938095,8.073391,15.768878
24.6625,-47.454615,7.859785,16.54963
24.675,-46.998847,7.452694,17.153819
24.6875,-46.570834,6.854338,17.577339
24.7,-46.168351,6.069379,17.819144
24.7125,-45.787049,5.104827,17.881163
24.725,-45.420738,3.969957,17.768102
24.7375,-45.061777,2.676229,17.487162
24.75,-44.701549,1.237196,17.047719
24.7625,-44.330967,-0.331611,16.460984
24.775,-43.941008,-2.012841,15.739708
24.7875,-43.52323,-3.787521,14.897932
24.8,-43.070264,-5.635326,13.95081
24.8125,-42.576269,-7.53489,12.914526
24.825,-42.03733,-9.46419,11.806272
24.8375,-41.451803,-11.400965,10.6443
24.85,-40.820593,-13.323173,9.448007
24.8625,-40.147345,-15.209458,8.238025
24.875,-39.438542,-17.039604,7.036279
24.8875,-38.703488,-18.794957,5.865969
24.9,-37.954144,-20.458775,4.751446
24.9125,-37.204822,-22.016494,3.71794
24.925,-36.47171,-23.455883,2.791136
24.9375,-35.772243,-24.767078,1.996583
24.95,-35.124349,-25.942494,1.358962
24.9625,-34.545586,-26.976632,0.901259
24.975,-34.052245,-27.865806,0.643873
24.9875,-33.658468,-28.607829,0.60375
25,-33.375438,-29.201695,0.793584
25.0125,-33.210713,-29.647317,1.221164
25.025,-33.167744,-29.945347,1.888915
25.0375,-33.245617,-30.097103,2.793661
25.05,-33.439045,-30.104634,3.92665
25.0625,-33.738609,-29.970883,5.273837
25.075,-34.131248,-29.699952,6.816401
25.0875,-34.600953,-29.297408,8.531476
25.1,-35.129612,-28.770592,10.393036
25.1125,-35.697959,-28.128881,12.37285
25.125,-36.286517,-27.383851,14.441458
25.1375,-36.876496,-26.54933,16.56907
25.15,-37.45056,-25.641304,18.72634
25.1625,-37.993418,-24.677693,20.884978
25.175,-38.492227,-23.678005,23.018179
25.1875,-38.93679,-22.662896,25.100878
25.2,-39.319572,-21.653667,27.109862
25.2125,-39.635562,-20.671726,29.023777
25.225,-39.882004,-19.738051,30.823065
25.2375,-40.058042,-18.872678,32.489881
25.25,-40.1643,-18.094228,34.008011
25.2625,-40.202436,-17.419496,35.362823
25.275,-40.174688,-16.863105,36.541251
25.2875,-40.08344,-16.43722,37.531819
25.3,-39.93082,-16.151338,38.324701
25.3125,-39.718369,-16.012129,38.911795
25.325,-39.446765,-16.023339,39.286806
25.3375,-39.115653,-16.185738,39.445322
25.35,-38.723561,-16.497109,39.384872
25.3625,-38.267928,-16.952281,39.104967
25.375,-37.745229,-17.543206,38.607125
25.3875,-37.151214,-18.259073,37.894891
25.4,-36.481234,-19.086481,36.973858
25.4125,-35.730659,-20.009666,35.851721
25.425,-34.895364,-21.010801,34.538356
25.4375,-33.972273,-22.07037,33.045958
25.45,-32.959927,-23.167618,31.389215
25.4625,-31.859055,-24.281085,29.585521
25.475,-30.673104,-25.38921,27.655196
25.4875,-29.408683,-26.470978,25.621667
25.5,-28.075862,-27.5066,23.511564
25.5125,-26.688284,-28.478165,21.354663
25.525,-25.263034,-29.370237,19.183628
25.5375,-23.820235,-30.170323,17.033513
25.55,-22.382388,-30.86919,14.941012
25.5625,-20.973479,-31.46097,12.943495
25.575,-19.617934,-31.943051,11.077882
25.5875,-18.339514,-32.315755,9.379455
25.6,-17.160244,-32.581838,7.880704
25.6125,-16.099487,-32.745852,6.610297
25.625,-15.173207,-32.813457,5.59224
25.6375,-14.393455,-32.790734,4.845268
25.65,-13.768092,-32.683569,4.382462
25.6625,-13.300696,-32.497165,4.211077
25.675,-12.99064,-32.235713,4.332547
25.6875,-12.833291,-31.902245,4.742636
25.7,-12.820303,-31.498657,5.431702
25.7125,-12.939986,-31.025906,6.385062
25.725,-13.177748,-30.484326,7.583451
25.7375,-13.516603,-29.874051,9.003557
25.75,-13.937739,-29.195476,10.618639
25.7625,-14.421152,-28.449725,12.399209
25.775,-14.946313,-27.639061,14.313757
25.7875,-15.49285,-26.767215,16.329495
25.8,-16.041206,-25.839589,18.413073
25.8125,-16.573233,-24.863322,20.531248
25.825,-17.072699,-23.847215,22.651457
25.8375,-17.525656,-22.801522,24.742298
25.85,-17.920684,-21.737631,26.773885
25.8625,-18.248985,-20.667662,28.718114
25.875,-18.504345,-19.604024,30.548828
25.8875,-18.68299,-18.558946,32.241928
25.9,-18.783341,-17.544032,33.775448
25.9125,-18.805712,-16.569855,35.129612
25.925,-18.751968,-15.645611,36.286899
25.9375,-18.625176,-14.778845,37.232133
25.95,-18.429258,-13.975257,37.952583
25.9625,-18.168682,-13.238586,38.438098
25.975,-17.84819,-12.570572,38.68124
25.9875,-17.472594,-11.970982,38.677436
26,-17.046617,-11.437705,38.425103
26.0125,-16.574818,-10.966888,37.92577
26.025,-16.061559,-10.553129,37.184153
26.0375,-15.511044,-10.189691,36.208196
26.05,-14.927381,-9.868762,35.009067
26.0625,-14.314683,-9.581721,33.601094
26.075,-13.677173,-9.319435,32.001648
26.0875,-13.019282,-9.072554,30.230972
26.1,-12.345714,-8.831813,28.311945
26.1125,-11.66148,-8.588318,26.269793
26.125,-10.971877,-8.333814,24.131745
26.1375,-10.282417,-8.060919,21.926637
26.15,-9.598696,-7.763309,19.684476
26.1625,-8.926225,-7.435851,17.435974
26.175,-8.270234,-7.074674,15.21206
26.1875,-7.635444,-6.677178,13.043386
26.2,-7.025865,-6.241982,10.959846
26.2125,-6.444591,-5.768829,8.990103
26.225,-5.893652,-5.25844,7.161165
26.2375,-5.373896,-4.712356,5.49799
26.25,-4.884932,-4.13277,4.023138
26.2625,-4.425131,-3.522365,2.756473
26.275,-3.991676,-2.884175,1.714919
26.2875,-3.580663,-2.221474,0.91226
26.3,-3.187249,-1.537703,0.358986
26.3125,-2.805829,-0.836425,0.062188
26.325,-2.430251,-0.121315,0.025492
26.3375,-2.054039,0.603829,0.249038
26.35,-1.670642,1.335071,0.729491
26.3625,-1.273685,2.068315,1.460092
26.375,-0.857211,2.799309,2.430741
26.3875,-0.41593,3.523662,3.628118
26.4,0.054568,4.236907,5.035835
26.4125,0.557615,4.934601,6.634619
26.425,1.095315,5.612459,8.402535
26.4375,1.668434,6.266532,10.315248
26.45,2.276351,6.893403,12.346319
26.4625,2.917073,7.490396,14.46755
26.475,3.587301,8.055782,16.649366
26.4875,4.282565,8.58896,18.861238
26.5,4.997403,9.090591,21.072137
26.5125,5.725572,9.562684,23.251013
26.525,6.460282,10.008609,25.367288
26.5375,7.194424,10.433035,27.391341
26.55,7.920777,10.841809,29.294974
26.5625,8.632184,11.241749,31.051854
26.575,9.321682,11.640401,32.637897
26.5875,9.982577,12.045743,34.031607
26.6,10.608482,12.465859,35.214347
26.6125,11.193309,12.908615,36.170551
26.625,11.731241,13.381322,36.887869
26.6375,12.216691,13.890418,37.357253
26.65,12.644275,14.441189,37.572986
26.6625,13.008806,15.037504,37.532668
26.675,13.305324,15.681623,37.23716
26.6875,13.529185,16.374037,36.690495
26.7,13.676193,17.113391,35.899782
26.7125,13.742792,17.896468,34.875092
26.725,13.72631,18.718255,33.629354
26.7375,13.625232,19.57209,32.17825
26.75,13.439504,20.449899,30.54013
26.7625,13.17083,21.342494,28.735927
26.775,12.822955,22.239961,26.789067
26.7875,12.401881,23.132076,24.725368
26.8,11.916022,24.008769,22.572892
26.8125,11.37624,24.860567,20.361738
26.825,10.795775,25.679017,18.123756
26.8375,10.190032,26.457029,15.892162
26.85,9.576248,27.189126,13.701055
26.8625,8.973047,27.871563,11.58485
26.875,8.39991,28.502309,9.577632
26.8875,7.876601,29.080887,7.712475
26.9,7.422579,29.608081,6.020758
26.9125,7.056445,30.085535,4.531506
26.925,6.795425,30.515289,3.270784
26.9375,6.65493,30.899274,2.261164
26.95,6.648168,31.238827,1.521266
26.9625,6.785813,31.534259,1.065367
26.975,7.075712,31.784528,0.903073
26.9875,7.522619,31.98703,1.039043
27,8.127938,32.137555,1.472761
27.0125,8.889513,32.230409,2.198368
27.025,9.801451,32.258707,3.204573
27.0375,10.854052,32.214843,4.474672
27.05,12.033861,32.091078,5.986728
27.0625,13.323917,31.880247,7.713941
27.075,14.704214,31.57649,9.625233
27.0875,16.152379,31.175973,11.686063
27.1,17.644561,30.677506,13.85942
27.1125,19.156438,30.083017,16.106949
27.125,20.664276,29.397815,18.390107
27.1375,22.145931,28.630636,20.671261
27.15,23.581684,27.793463,22.914633
27.1625,24.954866,26.901146,25.087025
27.175,26.252208,25.970864,27.158316
27.1875,27.463932,25.02149,29.10171
27.2,28.583613,24.072897,30.893804
27.2125,29.607839,23.145269,32.514492
27.225,30.53575,22.258443,33.946803
27.2375,31.368498,21.431318,35.176686
27.25,32.108676,20.68134,36.192802
27.2625,32.759764,20.024071,36.986349
27.275,33.325615,19.47285,37.550919
27.2875,33.810014,19.03852,37.882393
27.3,34.216323,18.729238,37.978873
27.3125,34.54722,18.550335,37.840627
27.325,34.80455,18.504241,37.47005
27.3375,34.989276,18.590454,36.871615
27.35,35.101548,18.805561,36.051832
27.3625,35.140864,19.143306,35.019198
27.375,35.106322,19.594715,33.78415
27.3875,34.996956,20.148278,32.359029
27.4,34.812122,20.790192,30.75806
27.4125,34.551929,21.504676,28.997366
27.425,34.217676,22.274349,27.094992
27.4375,33.812284,23.080666,25.070962
27.45,33.340672,23.904417,22.947326
27.4625,32.810065,24.726247,20.74819
27.475,32.230182,25.527194,18.499684
27.4875,31.613277,26.289205,16.229841
27.5,30.974018,26.995602,13.968346
27.5125,30.329163,27.631458,11.746133
27.525,29.697062,28.183866,9.594817
27.5375,29.096992,28.642064,7.545984
27.55,28.548357,28.997425,5.630347
27.5625,28.069829,29.243301,3.876847
27.575,27.678477,29.374767,2.311732
27.5875,27.388955,29.38828,0.957697
27.6,27.212813,29.281317,-0.166866
27.6125,27.157957,29.052036,-1.048459
27.625,27.22831,28.699001,-1.678878
27.6375,27.423662,28.221021,-2.055407
27.65,27.73974,27.617108,-2.180795
27.6625,28.168456,26.886575,-2.063038
27.675,28.698346,26.029255,-1.71496
27.6875,29.315159,25.045805,-1.15364
27.7,30.002566,23.938071,-0.399708
27.7125,30.742948,22.709464,0.523444
27.725,31.518225,21.365289,1.590474
27.7375,32.310661,19.913006,2.774891
27.75,33.103604,18.362378,4.049777
27.7625,33.882134,16.725496,5.3884
27.775,34.633563,15.016674,6.764691
27.7875,35.347803,13.252228,8.153574
27.8,36.017576,11.450144,9.531163
27.8125,36.638483,9.629684,10.874836
27.825,37.208961,7.810934,12.163239
27.8375,37.73011,6.014339,13.376234
27.85,38.205447,4.260244,14.494848
27.8625,38.640574,2.56847,15.501238
27.875,39.042777,0.957933,16.37872
27.8875,39.420583,-0.553673,17.111852
27.9,39.783258,-1.950132,17.686603
27.9125,40.140293,-3.216899,18.090588
27.925,40.500865,-4.341233,18.313363
27.9375,40.87332,-5.3123,18.346745
27.95,41.264687,-6.121233,18.185138
27.9625,41.680269,-6.761193,17.825823
27.975,42.123325,-7.227429,17.269173
27.9875,42.594885,-7.517349,16.518779
28,43.0937,-7.630611,15.58144
28.0125,43.616348,-7.569227,14.467033
28.025,44.157489,-7.337663,13.188247
28.0375,44.710239,-6.942932,11.760214
28.05,45.266654,-6.394647,10.200063
28.0625,45.818265,-5.705018,8.52643
28.075,46.356634,-4.888787,6.758974
28.0875,46.873888,-3.96307,4.917934
28.1,47.363199,-2.947126,3.023746
28.1125,47.819173,-1.862037,1.096749
28.125,48.238145,-0.730326,-0.843023
28.1375,48.618363,0.424479,-2.775976
28.15,48.960057,1.578315,-4.683034
28.1625,49.265404,2.707063,-6.545689
28.175,49.538385,3.787018,-8.34605
28.1875,49.784544,4.795328,-10.066921
28.2,50.010668,5.710393,-11.691924
28.2125,50.224383,6.512205,-13.205685
28.225,50.433699,7.182631,-14.594082
28.2375,50.646521,7.705631,-15.844539
28.25,50.870153,8.067425,-16.946355
28.2625,51.110838,8.256614,-17.891024
28.275,51.373351,8.264262,-18.672527
28.2875,51.660696,8.08396,-19.287541
28.3,51.97392,7.711883,-19.73556
28.3125,52.312074,7.146834,-20.018891
28.325,52.672298,6.390294,-20.142525
28.3375,53.050055,5.446463,-20.113906
28.35,53.439461,4.322286,-19.942593
28.3625,53.8337,3.027453,-19.63988
28.375,54.225477,1.574361,-19.218383
28.3875,54.607488,-0.021977,-18.691653
28.4,54.972861,-1.744076,-18.073824
28.4125,55.315567,-3.572194,-17.379348
28.425,55.630766,-5.484604,-16.622802
28.4375,55.915096,-7.457924,-15.818781
28.45,56.166893,-9.467499,-14.98188
28.4625,56.386354,-11.487814,-14.126718
28.475,56.575624,-13.492934,-13.268017
28.4875,56.738823,-15.456949,-12.420673
28.5,56.881991,-17.354409,-11.599807
28.5125,57.012946,-19.160737,-10.820757
28.525,57.141037,-20.852607,-10.098973
28.5375,57.276788,-22.408267,-9.449802
28.55,57.431412,-23.807816,-8.888137
28.5625,57.61622,-25.033418,-8.42794
28.575,57.841937,-26.069471,-8.081661
28.5875,58.11798,-26.902724,-7.859594
28.6,58.451745,-27.52238,-7.769242
28.6125,58.848,-27.920176,-7.814757
28.625,59.308445,-28.090473,-7.99655
28.6375,59.831506,-28.030357,-8.311128
28.65,60.412409,-27.739753,-8.751193
28.6625,61.043519,-27.221542,-9.306015
28.675,61.714925,-26.48167,-9.962036
28.6875,62.415182,-25.529226,-10.703629
28.7,63.132134,-24.376455,-11.513928
28.7125,63.85372,-23.038711,-12.375638
28.725,64.56868,-21.534316,-13.271736
28.7375,65.267127,-19.88434,-14.186017
28.75,65.94093,-18.1123,-15.103466
28.7625,66.583938,-16.243785,-16.010454
28.775,67.192048,-14.306036,-16.894775
28.7875,67.763148,-12.327486,-17.745582
28.8,68.296978,-10.337276,-18.553248
28.8125,68.794922,-8.364774,-19.309192
28.825,69.259763,-6.439094,-20.005708
28.8375,69.695413,-4.588637,-20.635832
28.85,70.106623,-2.840651,-21.193249
28.8625,70.49869,-1.220835,-21.67226
28.875,70.877141,0.247036,-22.067814
28.8875,71.247424,1.541435,-22.375596
28.9,71.614602,2.643379,-22.592153
28.9125,71.983062,3.536671,-22.715046
28.925,72.356258,4.208122,-22.743002
28.9375,72.736511,4.647721,-22.676036
28.95,73.124881,4.848776,-22.515524
28.9625,73.521118,4.808018,-22.264203
28.975,73.92371,4.525665,-21.926095
28.9875,74.330014,4.005448,-21.506347
29,74.736459,3.25459,-21.011019
29.0125,75.138799,2.283735,-20.446811
29.025,75.5324,1.106833,-19.82079
29.0375,75.912512,-0.259042,-19.140117
29.05,76.274534,-1.793913,-18.411817
29.0625,76.614235,-3.475186,-17.642592
29.075,76.927936,-5.277973,-16.838707
29.0875,77.212641,-7.175462,-16.00594
29.1,77.46614,-9.139323,-15.149585
29.1125,77.687074,-11.140136,-14.274522
29.125,77.874978,-13.147839,-13.385318
29.1375,78.030311,-15.132193,-12.486361
29.15,78.154472,-17.063235,-11.582005
29.1625,78.249802,-18.911744,-10.676706
29.175,78.319567,-20.649677,-9.775143
29.1875,78.367911,-22.250593,-8.882286
29.2,78.399766,-23.69005,-8.003416
29.2125,78.42071,-24.945958,-7.144069
29.225,78.436762,-25.998901,-6.309893
29.2375,78.454125,-26.832411,-5.506441
29.25,78.478874,-27.433184,-4.738889
29.2625,78.516633,-27.791259,-4.011724
29.275,78.572261,-27.900136,-3.32844
29.2875,78.649596,-27.756847,-2.691265
29.3,78.751278,-27.361983,-2.100984
29.3125,78.878696,-26.71967,-1.556858
29.325,79.032042,-25.83751,-1.056662
29.3375,79.210472,-24.726472,-0.596828
29.35,79.412349,-23.400753,-0.172667
29.3625,79.635525,-21.877584,0.221366
29.375,79.877628,-20.177008,0.591393
29.3875,80.136331,-18.321614,0.943847
29.4,80.40957,-16.336233,1.28525
29.4125,80.695706,-14.2476,1.622032
29.425,80.993627,-12.083989,1.960394
29.4375,81.302786,-9.874819,2.306211
29.45,81.623187,-7.650248,2.664959
29.4625,81.955331,-5.440752,3.041657
29.475,82.300108,-3.276694,3.440814
29.4875,82.658675,-1.1879,3.866367
29.5,83.032289,0.796761,4.321604
29.5125,83.42214,2.64979,4.809079
29.525,83.829163,4.345444,5.330511
29.5375,84.253861,5.860115,5.886691
29.55,84.696142,7.172671,6.477393
29.5625,85.155196,8.264773,7.101317
29.575,85.629421,9.121152,7.756084
29.5875,86.11641,9.729852,8.438281
29.6,86.613018,10.082421,9.143584
29.6125,87.115496,10.174057,9.866941
29.625,87.619676,10.003689,10.602819
29.6375,88.121214,9.574011,11.345487
29.65,88.615822,8.891445,12.089303
29.6625,89.099505,7.966048,12.828995
29.675,89.568748,6.81136,13.559894
29.6875,90.020653,5.444194,14.278113
29.7,90.453003,3.884383,14.980657
29.7125,90.864278,2.154473,15.665472
29.725,91.253601,0.279388,16.331434
29.7375,91.620656,-1.71394,16.978297
29.75,91.965576,-3.796969,17.606606
29.7625,92.288816,-5.939956,18.217602
29.775,92.591033,-8.112386,18.813112
29.7875,92.872979,-10.283408,19.39544
29.8,93.13541,-12.422269,19.967268
29.8125,93.379023,-14.49875,20.53155
29.825,93.60442,-16.483585,21.091418
29.8375,93.812111,-18.348876,21.650075
29.85,94.002539,-20.068479,22.210694
29.8625,94.176141,-21.618367,22.776301
29.875,94.333431,-22.976971,23.349661
29.8875,94.4751,-24.125472,23.933161
29.9,94.602118,-25.048071,24.528696
29.9125,94.715832,-25.732206,25.137589
29.925,94.818026,-26.16873,25.760526
29.9375,94.910961,-26.352044,26.397545
29.95,94.997354,-26.280176,27.048069
29.9625,95.080318,-25.95481,27.710983
29.975,95.163265,-25.381271,28.384749
29.9875,95.249775,-24.568449,29.067546
30,95.343459,-23.528674,29.757409
30.0125,95.447827,-22.277544,30.452358
30.025,95.566168,-20.8337,31.150493
30.0375,95.701462,-19.21856,31.850052
30.05,95.856305,-17.456009,32.549435
30.0625,96.032871,-15.572052,33.247173
30.075,96.232875,-13.594438,33.941877
30.0875,96.457555,-11.552252,34.632146
30.1,96.707651,-9.475493,35.31647
30.1125,96.983387,-7.394629,35.993109
30.125,97.28444,-5.340154,36.65998
30.1375,97.609923,-3.342132,37.314547
30.15,97.95836,-1.429753,37.953728
30.1625,98.32768,0.369099,38.573832
30.175,98.715232,2.028264,39.170528
30.1875,99.117833,3.523688,39.738867
30.2,99.531861,4.833781,40.273352
30.2125,99.953387,5.939724,40.768073
30.225,100.378366,6.825741,41.21689
30.2375,100.802852,7.47931,41.613663
30.25,101.223252,7.891325,41.952517
30.2625,101.636564,8.056207,42.228101
30.275,102.040609,7.97196,42.435837
30.2875,102.434201,7.640172,42.572117
30.3,102.817261,7.065977,42.634438
30.3125,103.19084,6.257966,42.621467
30.325,103.557075,5.228061,42.533028
30.3375,103.919061,3.991342,42.370032
30.35,104.28067,2.565845,42.134357
30.3625,104.646323,0.972316,41.828719
30.375,105.020745,-0.76607,41.456529
30.3875,105.4087,-2.624029,41.021793
30.4,105.814734,-4.574519,40.529035
30.4125,106.242923,-6.589125,39.983276
30.425,106.696631,-8.638473,39.390067
30.4375,107.178278,-10.692666,38.755563
30.45,107.689128,-12.721742,38.086646
30.4625,108.229099,-14.696134,37.391054
30.475,108.796604,-16.587138,36.677526
30.4875,109.38845,-18.36737,35.955897
30.5,109.999815,-20.011201,35.237149
30.5125,110.624315,-21.495158,34.533348
30.525,111.254215,-22.798278,33.85747
30.5375,111.88076,-23.902409,33.223074
30.55,112.494652,-24.792436,32.643844
30.5625,113.086635,-25.456445,32.133007
30.575,113.64814,-25.885813,31.70268
30.5875,114.17193,-26.075228,31.363219
30.6,114.652661,-26.022673,31.12264
30.6125,115.087301,-25.729353,30.986175
30.625,115.475344,-25.199608,30.956032
30.6375,115.818801,-24.440808,31.03137
30.65,116.121985,-23.463234,31.208466
30.6625,116.391108,-22.279947,31.481068
30.675,116.633776,-20.906642,31.840835
30.6875,116.858413,-19.361477,32.277832
30.7,117.073695,-17.664861,32.781002
30.7125,117.288025,-15.839208,33.338572
30.725,117.509087,-13.908648,33.938375
30.7375,117.743487,-11.898689,34.568056
30.75,117.996482,-9.83584,35.215195
30.7625,118.2718,-7.74721,35.867333
30.775,118.571528,-5.660075,36.511946
30.7875,118.896075,-3.60144,37.136395
30.8,119.244195,-1.597604,37.727855
30.8125,119.613069,0.326265,38.273289
30.825,119.998466,2.146519,38.759464
30.8375,120.394952,3.841387,39.17303
30.85,120.796189,5.391275,39.500695
30.8625,121.195286,6.779018,39.72948
30.875,121.585222,7.990068,39.847046
30.8875,121.959301,9.012625,39.842089
30.9,122.311611,9.837719,39.704765
30.9125,122.637477,10.459249,39.427099
30.925,122.933831,10.873987,39.00335
30.9375,123.199491,11.081568,38.430292
30.95,123.435314,11.084459,37.707373
30.9625,123.644194,10.887933,36.836746
30.975,123.830919,10.500024,35.823167
30.9875,124.001888,9.931474,34.673771
31,124.16473,9.19566,33.397778
31.0125,124.327835,8.308483,32.006136
31.025,124.499867,7.288216,30.511164
31.0375,124.68926,6.155292,28.926232
31.05,124.90376,4.932036,27.265487
31.0625,125.150012,3.642338,25.543661
31.075,125.433215,2.311259,23.775961
31.0875,125.756862,0.9646,21.978017
31.1,126.122557,-0.371572,20.165889
31.1125,126.52993,-1.671423,18.356096
31.125,126.976632,-2.909838,16.565629
31.1375,127.458444,-4.062908,14.811932
31.15,127.96948,-5.108367,13.112814
31.1625,128.502489,-6.025979,11.486265
31.175,129.049261,-6.797862,9.950184
31.1875,129.60111,-7.408721,8.522003
31.2,130.14941,-7.846008,7.218248
31.2125,130.686152,-8.1,6.05405
31.225,131.204483,-8.163807,5.042653
31.2375,131.699171,-8.033328,4.194977
31.25,132.16697,-7.707174,3.519252
31.2625,132.606848,-7.186561,3.020781
31.275,133.020055,-6.47522,2.701834
31.2875,133.410038,-5.579293,2.561678
31.3,133.782216,-4.50725,2.596732
31.3125,134.143625,-3.269804,2.800822
31.325,134.50248,-1.879822,3.165486
31.3375,134.867677,-0.352218,3.680313
31.35,135.248265,1.296191,4.333257
31.3625,135.652925,3.046868,5.110912
31.375,136.089466,4.879801,5.998712
31.3875,136.564356,6.773797,6.981056
31.4,137.082304,8.706842,8.041351
31.4125,137.64589,10.656506,9.16198
31.425,138.255263,12.600386,10.324229
31.4375,138.90791,14.516575,11.508189
31.45,139.598518,16.384119,12.692678
31.4625,140.31894,18.18346,13.855215
31.475,141.058296,19.896816,14.972097
31.4875,141.803215,21.508485,16.018602
31.5,142.538246,23.005048,16.969353
31.5125,143.246418,24.375458,17.798837
31.525,143.90996,25.611002,18.482085
31.5375,144.511123,26.705156,18.995477
31.55,145.03308,27.653346,19.317612
31.5625,145.460831,28.452652,19.430209
31.575,145.782055,29.101493,19.318941
31.5875,145.987846,29.599348,18.97416
31.6,146.073275,29.946545,18.391441
31.6125,146.037735,30.144149,17.571908
31.625,145.885043,30.193981,16.5223
31.6375,145.623278,30.098746,15.25478
31.65,145.264364,29.862259,13.786486
31.6625,144.823435,29.48974,12.138858
31.675,144.318017,28.98812,10.336789
31.6875,143.767097,28.366313,8.40768
31.7,143.190162,27.635412,6.380453
31.7125,142.606269,26.808771,4.28462
31.725,142.033234,25.901956,2.149465
31.7375,141.486976,24.932555,0.003382
31.75,140.98106,23.919867,-2.126608
31.7625,140.52643,22.884486,-4.21515
31.775,140.131348,21.847814,-6.238708
31.7875,139.801483,20.831531,-8.175584
31.8,139.540148,19.857051,-10.005875
31.8125,139.348626,18.945006,-11.711378
31.825,139.226577,18.11475,-13.275505
31.8375,139.172476,17.383938,-14.683224
31.85,139.184069,16.768145,-15.921023
31.8625,139.258815,16.280573,-16.976933
31.875,139.394301,15.931809,-17.840578
31.8875,139.588608,15.729652,-18.503246
31.9,139.840605,15.678998,-18.957984
31.9125,140.150163,15.781773,-19.199674
31.925,140.518275,16.036906,-19.225106
31.9375,140.947072,16.440351,-19.033023
31.95,141.439737,16.985144,-18.624155
31.9625,142.000311,17.6615,-18.001231
31.975,142.633401,18.456966,-17.168993
31.9875,143.343799,19.356618,-16.134235
32,144.136023,20.343332,-14.905859
32.0125,145.013796,21.398119,-13.494984
32.025,145.979487,22.500545,-11.915102
32.0375,147.033533,23.629223,-10.182275
32.05,148.173889,24.762389,-8.31536
32.0625,149.395539,25.878525,-6.33621
32.075,150.690117,26.957029,-4.269828
32.0875,152.045706,27.978881,-2.144389
32.1,153.446847,28.92727,0.008911
32.1125,154.874812,29.788123,2.156231
32.125,156.308144,30.550497,4.261714
32.1375,157.723449,31.20678,6.288355
32.15,159.096381,31.752687,8.199055
32.1625,160.402738,32.18703,9.957802
32.175,161.619571,32.511298,11.530852
32.1875,162.72619,32.729081,12.887839
32.2,163.705019,32.845401,14.002718
32.2125,164.542217,32.866019,14.85449
32.225,165.22808,32.796792,15.427704
32.2375,165.757224,32.643126,15.71272
32.25,166.12858,32.409587,15.705789
32.2625,166.345248,32.099675,15.408957
32.275,166.414234,31.715786,14.82984
32.2875,166.346097,31.259342,13.981288
32.3,166.154521,30.731061,12.880947
32.3125,165.85581,30.131351,11.550731
32.325,165.468318,29.460747,10.016219
32.3375,165.011819,28.720388,8.305974
32.35,164.506827,27.912436,6.450818
32.3625,163.973905,27.040439,4.483079
32.375,163.43298,26.10957,2.435861
32.3875,162.902724,25.126731,0.34235
32.4,162.400009,24.100526,-1.764786
32.4125,161.939496,23.041081,-3.853902
32.425,161.533354,21.959764,-5.894767
32.4375,161.191122,20.868799,-7.858838
32.45,160.919712,19.780829,-9.719459
32.4625,160.723528,18.708458,-11.451965
32.475,160.604686,17.663787,-13.03377
32.4875,160.563307,16.657999,-14.444412
32.5,160.59785,15.700988,-15.665624
32.5125,160.705472,14.801065,-16.681401
32.525,160.882379,13.964734,-17.47811
32.5375,161.124159,13.196551,-18.04461
32.55,161.426068,12.499064,-18.372391
32.5625,161.783266,11.872817,-18.455728
32.575,162.190996,11.316416,-18.291821
32.5875,162.644693,10.826657,-17.880922
32.6,163.140027,10.398696,-17.22643
32.6125,163.672895,10.026246,-16.334952
32.625,164.239356,9.701824,-15.216316
32.6375,164.83554,9.417007,-13.883531
32.65,165.457536,9.162712,-12.352694
32.6625,166.101278,8.929491,-10.642841
32.675,166.762454,8.707822,-8.775742
32.6875,167.436445,8.488408,-6.775629
32.7,168.118312,8.262449,-4.668887
32.7125,168.802839,8.021895,-2.483674
32.725,169.484624,7.759653,-0.249507
32.7375,170.158227,7.469754,2.003188
32.75,170.818356,7.147451,4.243557
32.7625,171.460077,6.78927,6.440811
32.775,172.079035,6.392985,8.564714
32.7875,172.67166,5.957551,10.586062
32.8,173.23535,5.482985,12.477133
32.8125,173.768616,4.97022,14.2121
32.825,174.271167,4.420941,15.767403
32.8375,174.743952,3.837424,17.122067
32.85,175.189141,3.222384,18.257974
32.8625,175.610051,2.57886,19.160087
32.875,176.011029,1.910117,19.816613
32.8875,176.397291,1.219592,20.219134
32.9,176.77473,0.510874,20.362679
32.9125,177.149697,-0.212303,20.245767
32.925,177.52876,-0.946037,19.870398
32.9375,177.918457,-1.686243,19.242015
32.95,178.325042,-2.428638,18.369432
32.9625,178.754231,-3.168757,17.26472
32.975,179.210969,-3.901994,15.943072
32.9875,179.699214,-4.623683,14.422624
33,-179.778244,-5.329222,12.724254
33.0125,-179.219922,-6.014234,10.871339
33.025,-178.625729,-6.674761,8.889474
33.0375,-177.996991,-7.307475,6.806153
33.05,-177.336411,-7.909893,4.65041
33.0625,-176.647971,-8.480579,2.452414
33.075,-175.936779,-9.019305,0.243036
33.0875,-175.208864,-9.527174,-1.946623
33.1,-174.470952,-10.006663,-4.085716
33.1125,-173.730227,-10.461611,-6.144137
33.125,-172.994109,-10.897117,-8.093008
33.1375,-172.270046,-11.319376,-9.905123
33.15,-171.565363,-11.735452,-11.555373
33.1625,-170.887145,-12.152997,-13.021099
33.175,-170.242174,-12.57994,-14.282403
33.1875,-169.636907,-13.024149,-15.322384
33.2,-169.077492,-13.493095,-16.127312
33.2125,-168.56979,-13.993527,-16.686747
33.225,-168.119408,-14.531161,-16.993583
33.2375,-167.731707,-15.110415,-17.044063
33.25,-167.411787,-15.734177,-16.837733
33.2625,-167.164417,-16.403639,-16.377373
33.275,-166.993922,-17.11818,-15.668905
33.2875,-166.904015,-17.875334,-14.721288
33.3,-166.897574,-18.670826,-13.546413
33.3125,-166.976384,-19.498691,-12.159004
33.325,-167.140846,-20.351486,-10.576523
33.3375,-167.389682,-21.220568,-8.819088
33.35,-167.719659,-22.096454,-6.909382
33.3625,-168.125346,-22.969235,-4.872554
33.375,-168.598954,-23.829019,-2.736078
33.3875,-169.130263,-24.666395,-0.529561
33.4,-169.70667,-25.472853,1.71553
33.4125,-170.313362,-26.241159,3.966227
33.425,-170.933618,-26.965635,6.188526
33.4375,-171.549224,-27.642314,8.347933
33.45,-172.140979,-28.268964,10.410098
33.4625,-172.689253,-28.844968,12.341477
33.475,-173.174565,-29.371066,14.110026
33.4875,-173.578139,-29.848986,15.685853
33.5,-173.882412,-30.280988,17.041839
33.5125,-174.071483,-30.669367,18.154172
33.525,-174.131496,-31.015954,19.002822
33.5375,-174.050965,-31.321661,19.571933
33.55,-173.821063,-31.586104,19.850157
33.562501,-173.435883,-31.807354,19.830939
33.575001,-172.892682,-31.981821,19.512751
33.587501,-172.192118,-32.104314,18.899285
33.600001,-171.338443,-32.168265,17.999582
33.612501,-170.339639,-32.166129,16.828069
33.625001,-169.207433,-32.089928,15.404464
33.637501,-167.957163,-31.931916,13.753512
33.650001,-166.607432,-31.685313,11.904511
33.662501,-165.179544,-31.345037,9.890614
33.675001,-163.696724,-30.908389,7.747928
33.687501,-162.183164,-30.375593,5.514441
33.700001,-160.662984,-29.750168,3.228878
33.712501,-159.159196,-29.039077,0.929563
33.725001,-157.692779,-28.252647,-1.346608
33.737501,-156.281945,-27.404273,-3.565009
33.750001,-154.941656,-26.509954,-5.693896
33.762501,-153.683409,-25.587685,-7.704773
33.775001,-152.515266,-24.656787,-9.572548
33.787501,-151.442105,-23.737205,-11.275515
33.800001,-150.466026,-22.84883,-12.795216
33.812501,-149.586862,-22.010873,-14.116248
33.825001,-148.802739,-21.24131,-15.226052
33.837501,-148.110639,-20.556417,-16.114716
33.850001,-147.506933,-19.970382,-16.774814
33.862501,-146.987858,-19.495011,-17.201284
33.875001,-146.549905,-19.139494,-17.391337
33.887501,-146.190125,-18.910253,-17.344394
33.900001,-145.906317,-18.810835,-17.062041
33.912501,-145.697123,-18.841871,-16.54798
33.925001,-145.562001,-19.001072,-15.807991
33.937501,-145.501103,-19.283285,-14.84988
33.950001,-145.515056,-19.680602,-13.683439
33.962501,-145.604656,-20.182515,-12.320406
33.975001,-145.770501,-20.77615,-10.774448
33.987501,-146.012577,-21.446552,-9.061159
34.000001,-146.329824,-22.177046,-7.198087
34.012501,-146.719697,-22.94966,-5.204776
34.025001,-147.177779,-23.745598,-3.10282
34.037501,-147.697446,-24.545761,-0.915889
34.050001,-148.269644,-25.331279,1.330281
34.062501,-148.882802,-26.084038,3.607991
34.075001,-149.522904,-26.787161,5.887794
34.087501,-150.173752,-27.425417,8.138859
34.100001,-150.817414,-27.985518,10.329491
34.112501,-151.434834,-28.45629,12.427806
34.125001,-152.006594,-28.828698,14.402531
34.137501,-152.513752,-29.095731,16.223896
34.150001,-152.9387,-29.25217,17.864539
34.162501,-153.265993,-29.29426,19.300387
34.175001,-153.483065,-29.21935,20.511433
34.187501,-153.580808,-29.025528,21.482373
34.200001,-153.553969,-28.711325,22.203063
34.212501,-153.401358,-28.275501,22.668782
34.225001,-153.125852,-27.716964,22.88028
34.237501,-152.734212,-27.03482,22.843638
34.250001,-152.236714,-26.228547,22.569919
34.262501,-151.64663,-25.298281,22.074667
34.275001,-150.979569,-24.245167,21.377254
34.287501,-150.252727,-23.071738,20.500138
34.300001,-149.484078,-21.782281,19.468055
34.312501,-148.691572,-20.383126,18.307225
34.325001,-147.892362,-18.882853,17.044591
34.337501,-147.102124,-17.292369,15.707167
34.350001,-146.334494,-15.624857,14.3215
34.362501,-145.600647,-13.895608,12.913278
34.375001,-144.909021,-12.121725,11.507082
34.387501,-144.265187,-10.32176,10.126251
34.400001,-143.671849,-8.515278,8.792857
34.412501,-143.128962,-6.722395,7.527723
34.425001,-142.63395,-4.963317,6.350484
34.437501,-142.182005,-3.257895,5.279618
34.450001,-141.766456,-1.625232,4.332446
34.462501,-141.379205,-0.083339,3.525071
34.475001,-141.0112,1.351146,2.872237
34.487501,-140.65295,2.663169,2.387124
34.500001,-140.295056,3.839418,2.08107
34.512501,-139.928739,4.868425,1.963265
34.525001,-139.546339,5.740647,2.040418
34.537501,-139.141761,6.448516,2.316455
34.550001,-138.71083,6.986496,2.792268
34.562501,-138.251537,7.351147,3.465548
34.575001,-137.764143,7.541208,4.330745
34.587501,-137.251138,7.557695,5.379138
34.600001,-136.717053,7.404003,6.599053
34.612501,-136.168129,7.086009,7.976185
34.625001,-135.611882,6.612144,9.494014
34.637501,-135.056582,5.993418,11.134286
34.650001,-134.510707,5.243387,12.877496
34.662501,-133.982393,4.378036,14.70336
34.675001,-133.478928,3.415581,16.591223
34.687501,-133.006326,2.37619,18.5204
34.700001,-132.568985,1.281627,20.47042
34.712501,-132.169459,0.154838,22.421202
34.725001,-131.808341,-0.980505,24.353158
34.737501,-131.484259,-2.100477,26.247262
34.750001,-131.193972,-3.181376,28.085103
34.762501,-130.932578,-4.200171,29.848957
34.775001,-130.693805,-5.134919,31.521895
34.787501,-130.470386,-5.965126,33.08795
34.800001,-130.254494,-6.672048,34.532341
34.812501,-130.038224,-7.238936,35.841751
34.825001,-129.814087,-7.65122,37.004645
34.837501,-129.575484,-7.896641,38.011591
34.850001,-129.317139,-7.965355,38.855561
34.862501,-129.035436,-7.849994,39.532174
34.875001,-128.728652,-7.545732,40.039847
34.887501,-128.397053,-7.050334,40.379835
34.900001,-128.042853,-6.364204,40.556147
34.912501,-127.670035,-5.490432,40.575353
34.925001,-127.284055,-4.434832,40.446282
34.937501,-126.89146,-3.205955,40.179656
34.950001,-126.499443,-1.815068,39.787689
34.962501,-126.115379,-0.276086,39.283685
34.975001,-125.746368,1.394547,38.681677
34.987501,-125.39881,3.178047,37.996125
35.000001,-125.078034,5.053538,37.2417
35.012501,-124.787975,6.998363,36.433143
35.025001,-124.530932,8.988445,35.585222
35.037501,-124.307373,10.998693,34.712741
35.050001,-124.115815,13.003432,33.830604
35.062501,-123.952773,14.97685,32.953892
35.075001,-123.812772,16.893438,32.09793
35.087501,-123.68846,18.728415,31.278304
35.100001,-123.570809,20.458117,30.510791
35.112501,-123.449437,22.060341,29.811183
35.125001,-123.313045,23.514633,29.194986
35.137501,-123.149984,24.802525,28.676974
35.150001,-122.948919,25.907707,28.270631
35.162501,-122.699558,26.81616,27.98751
35.175001,-122.393393,27.51625,27.836567
35.187501,-122.024375,27.998808,27.823546
35.200001,-121.589439,28.257214,27.950502
35.212501,-121.088822,28.287482,28.215528
35.225001,-120.526106,28.088376,28.612747
35.237501,-119.907977,27.66153,29.132577
35.250001,-119.243725,27.011566,29.76226
35.262501,-118.544543,26.146198,30.486582
35.275001,-117.822709,25.076283,31.288706
35.287501,-117.090739,23.815806,32.151012
35.300001,-116.36062,22.381788,33.055878
35.312501,-115.643158,20.7941,33.986304
35.325001,-114.947507,19.075199,34.926371
35.337501,-114.280874,17.249781,35.861511
35.350001,-113.648381,15.344381,36.778616
35.362501,-113.053077,13.386918,37.666009
35.375001,-112.49605,11.406223,38.513327
35.387501,-111.976611,9.431552,39.311354
35.400001,-111.492534,7.492097,40.051845
35.412501,-111.040321,5.616521,40.72737
35.425001,-110.615487,3.832504,41.331195
35.437501,-110.212867,2.166332,41.857229
35.450001,-109.826924,0.642507,42.30002
35.462501,-109.452066,-0.716589,42.654827
35.475001,-109.082962,-1.891005,42.91773
35.487501,-108.714847,-2.863483,43.085773
35.500001,-108.343798,-3.619684,43.157125
35.512501,-107.96696,-4.148377,43.131212
35.525001,-107.582711,-4.441591,43.008819
35.537501,-107.190746,-4.494732,42.79212
35.550001,-106.792069,-4.306666,42.484634
35.562501,-106.388895,-3.879754,42.091098
35.575001,-105.984474,-3.219853,41.617278
35.587501,-105.582852,-2.336272,41.069711
35.600001,-105.188594,-1.241665,40.455434
35.612501,-104.8065,0.048112,39.781702
35.625001,-104.441325,1.514216,39.055742
35.637501,-104.097543,3.135068,38.284542
35.650001,-103.779137,4.886666,37.474713
35.662501,-103.489439,6.742938,36.632405
35.675001,-103.231013,8.676133,35.763299
35.687501,-103.005572,10.657241,34.87265
35.700001,-102.813913,12.656438,33.965382
35.712501,-102.655879,14.643545,33.046212
35.725001,-102.530335,16.58849,32.119797
35.737501,-102.435153,18.461766,31.190881
35.750001,-102.36722,20.234888,30.264419
35.762501,-102.322476,21.880819,29.345669
35.775001,-102.295993,23.374376,28.440227
35.787501,-102.282105,24.692607,27.553986
35.800001,-102.274604,25.815118,26.693018
35.812501,-102.267001,26.724365,25.863366
35.825001,-102.25284,27.405891,25.070765
35.837501,-102.226044,27.848513,24.320318
35.850001,-102.181258,28.04446,23.616162
35.862501,-102.114149,27.989458,22.961161
35.875001,-102.02162,27.682769,22.356683
35.887501,-101.901917,27.127188,21.802482
35.900001,-101.754601,26.328994,21.296697
35.912501,-101.580411,25.297862,20.835975
35.925001,-101.381027,24.046737,20.415688
35.937501,-101.15878,22.591665,20.030205
35.950001,-100.916333,20.951586,19.673196
35.962501,-100.656389,19.148083,19.337916
35.975001,-100.381434,17.205099,19.017465
35.987501,-100.093543,15.148615,18.704991
36.000001,-99.794244,13.006292,18.39385
36.012501,-99.484458,10.807092,18.077714
36.025001,-99.164489,8.580876,17.75065
36.037501,-98.834067,6.357988,17.407178
36.050001,-98.492434,4.168828,17.042321
36.062501,-98.138471,2.043426,16.651652
36.075001,-97.770847,0.011019,16.231368
36.087501,-97.388196,-1.900362,15.778363
36.100001,-96.989301,-3.664289,15.290322
36.112501,-96.573288,-5.25632,14.765826
36.125001,-96.139804,-6.654348,14.204444
36.137501,-95.689168,-7.838933,13.606812
36.150001,-95.222476,-8.79359,12.974673
36.162501,-94.741657,-9.50505,12.310857
36.175001,-94.249442,-9.963468,11.619204
36.187501,-93.749273,-10.162587,10.904412
36.200001,-93.245133,-10.099855,10.171815
36.212501,-92.741338,-9.776473,9.427122
36.225001,-92.242288,-9.197388,8.676123
36.237501,-91.752226,-8.371231,7.924398
36.250001,-91.27502,-7.310184,7.177055
36.262501,-90.813996,-6.029797,6.43852
36.275001,-90.37183,-4.548751,5.712391
36.287501,-89.950504,-2.88857,5.00135
36.300001,-89.551319,-1.073302,4.307152
36.312501,-89.17496,0.870848,3.630651
36.325001,-88.82159,2.915896,2.971873
36.337501,-88.490963,5.032497,2.330108
36.350001,-88.182544,7.190359,1.704021
36.362501,-87.895618,9.358685,1.091761
36.375001,-87.629383,11.506607,0.49107
36.387501,-87.383027,13.603621,-0.10061
36.400001,-87.155768,15.620019,-0.686031
36.412501,-86.946872,17.527302,-1.268042
36.425001,-86.755641,19.298585,-1.84948
36.437501,-86.581371,20.908965,-2.433067
36.450001,-86.423288,22.335875,-3.021302
36.462501,-86.280471,23.559395,-3.616357
36.475001,-86.151765,24.562533,-4.219978
36.487501,-86.0357,25.331465,-4.833409
36.500001,-85.930439,25.855723,-5.457341
36.512501,-85.833745,26.128353,-6.091897
36.525001,-85.742993,26.146007,-6.73666
36.537501,-85.655218,25.908996,-7.39074
36.550001,-85.567207,25.421289,-8.05288
36.562501,-85.475602,24.690456,-8.721572
36.575001,-85.377023,23.727564,-9.39519
36.587501,-85.268186,22.547016,-10.072099
36.600001,-85.146004,21.166352,-10.750749
36.612501,-85.007673,19.60599,-11.429727
36.625001,-84.850726,17.888936,-12.107775
36.637501,-84.673078,16.04045,-12.783767
36.650001,-84.473049,14.087681,-13.456662
36.662501,-84.249385,12.059268,-14.125415
36.675001,-84.001272,9.98493,-14.788885
36.687501,-83.728361,7.895027,-15.445722
36.700001,-83.430792,5.820113,-16.094256
36.712501,-83.109224,3.790491,-16.732382
36.725001,-82.764861,1.83576,-17.357469
36.737501,-82.399475,-0.015617,-17.966284
36.750001,-82.015407,-1.736743,-18.554946
36.762501,-81.615539,-3.302677,-19.11893
36.775001,-81.203227,-4.690809,-19.653115
36.787501,-80.782194,-5.881184,-20.151886
36.800001,-80.356368,-6.856789,-20.609305
36.812501,-79.929682,-7.603794,-21.01931
36.825001,-79.505837,-8.111728,-21.375973
36.837501,-79.088062,-8.37362,-21.673757
36.850001,-78.678874,-8.38607,-21.907776
36.862501,-78.279887,-8.149276,-22.074006
36.875001,-77.891671,-7.667011,-22.169457
36.887501,-77.513687,-6.946553,-22.192265
36.900001,-77.144301,-5.998575,-22.141712
36.912501,-76.780879,-4.836984,-22.018179
36.925001,-76.41994,-3.478735,-21.823052
36.937501,-76.057362,-1.943597,-21.558591
36.950001,-75.688614,-0.253883,-21.227798
36.962501,-75.309016,1.565852,-20.834296
36.975001,-74.913983,3.489153,-20.382241
36.987501,-74.499284,5.48804,-19.876278
37.000001,-74.061277,7.533406,-19.321554
37.012501,-73.597141,9.59545,-18.723767
37.025001,-73.105092,11.644121,-18.089269
37.037501,-72.584578,13.649577,-17.425195
37.050001,-72.03645,15.582655,-16.739593
37.062501,-71.463085,17.415324,-16.041549
37.075001,-70.868447,19.121134,-15.341253
37.087501,-70.258058,20.675629,-14.64999
37.100001,-69.638862,22.056721,-13.980021
37.112501,-69.018945,23.245018,-13.34433
37.125001,-68.407138,24.224081,-12.756227
37.137501,-67.812484,24.980619,-12.228835
37.150001,-67.243635,25.504613,-11.774476
37.162501,-66.708211,25.789371,-11.404026
37.175001,-66.212216,25.83153,-11.126319
37.187501,-65.759563,25.631008,-10.947649
37.200001,-65.351783,25.19093,-10.871453
37.212501,-64.987939,24.517526,-10.898193
37.225001,-64.664755,23.620015,-11.025443
37.237501,-64.376936,22.51048,-11.248165
37.250001,-64.117623,21.203723,-11.559099
37.262501,-63.878934,19.717095,-11.94923
37.275001,-63.652519,18.070299,-12.408257
37.287501,-63.430092,16.285151,-12.925015
37.300001,-63.203902,14.385302,-13.487818
37.312501,-62.967113,12.395913,-14.084708
37.325001,-62.71411,10.343295,-14.703593
37.337501,-62.440706,8.254514,-15.332319
37.350001,-62.144285,6.156963,-15.95865
37.362501,-61.823869,4.077932,-16.570232
37.375001,-61.480118,2.044166,-17.154526
37.387501,-61.115279,0.081438,-17.698764
37.400001,-60.733059,-1.785858,-18.189947
37.412501,-60.33844,-3.535073,-18.614906
37.425001,-59.937418,-5.14563,-18.960434
37.437501,-59.536672,-6.599295,-19.213515
37.450001,-59.143174,-7.880391,-19.361624
37.462501,-58.763743,-8.97595,-19.393108
37.475001,-58.404583,-9.87582,-19.297594
37.487501,-58.070824,-10.572721,-19.066414
37.500001,-57.76612,-11.062259,-18.692995
37.512501,-57.492324,-11.34293,-18.173172
37.525001,-57.249293,-11.416093,-17.505392
37.537501,-57.034827,-11.285948,-16.690797
37.550001,-56.844762,-10.959494,-15.733162
37.562501,-56.673204,-10.446486,-14.638719
37.575001,-56.512882,-9.759369,-13.415872
37.587501,-56.355584,-8.913179,-12.074858
37.600001,-56.192647,-7.925409,-10.627386
37.612501,-56.015454,-6.815818,-9.086298
37.625001,-55.81591,-5.606185,-7.465267
37.637501,-55.586877,-4.319998,-5.778587
37.650001,-55.322536,-2.982089,-4.041026
37.662501,-55.018681,-1.618209,-2.267764
37.675001,-54.672929,-0.25457,-0.474385
37.687501,-54.284845,1.082645,1.323096
37.700001,-53.855975,2.36778,3.108195
37.712501,-53.389785,3.576196,4.863956
37.725001,-52.891503,4.684729,6.573005
37.737501,-52.367853,5.672106,8.217682
37.750001,-51.826698,6.519295,9.780275
37.762501,-51.276591,7.209778,11.243346
37.775001,-50.726253,7.729749,12.590146
37.787501,-50.18403,8.068223,13.805091
37.800001,-49.657332,8.217077,14.874251
37.812501,-49.15214,8.171028,15.785821
37.825001,-48.672592,7.927567,16.530519
37.837501,-48.220693,7.486868,17.101884
37.850001,-47.79618,6.851689,17.496433
37.862501,-47.396545,6.027267,17.713695
37.875001,-47.017201,5.021231,17.756095
37.887501,-46.651789,3.843516,17.628747
37.900001,-46.292585,2.506268,17.339157
37.912501,-45.930977,1.023748,16.896898
37.925001,-45.557983,-0.587804,16.313279
37.937501,-45.164772,-2.310332,15.601054
37.950001,-44.743183,-4.124195,14.77419
37.962501,-44.2862,-6.008436,13.847711
37.975001,-43.788393,-7.941121,12.837627
37.987501,-43.246307,-9.899729,11.760939
38.000001,-42.658791,-11.861578,10.635701
38.012501,-42.027256,-13.804291,9.481114
38.025001,-41.35586,-15.706255,8.317622
38.037501,-40.651581,-17.547077,7.16697
38.050001,-39.92418,-19.307988,6.052168
38.062501,-39.186018,-20.972184,4.997359
38.075001,-38.451718,-22.525077,4.027513
38.087501,-37.737659,-23.954427,3.167981
38.100001,-37.061326,-25.250364,2.44387
38.112501,-36.440511,-26.405289,1.879286
38.125001,-35.892436,-27.413673,1.496473
38.137501,-35.432836,-28.27179,1.314914
38.150001,-35.07507,-28.977407,1.350454
38.162501,-34.829325,-29.529502,1.614517
38.175001,-34.701975,-29.92802,2.113484
38.187501,-34.695148,-30.17373,2.848275
38.200001,-34.806537,-30.2682,3.81419
38.212501,-35.029468,-30.21388,5.001004
38.225001,-35.353239,-30.014301,6.393344
38.237501,-35.763693,-29.674339,7.97129
38.250001,-36.243998,-29.200521,9.711182
38.262501,-36.775548,-28.601302,11.586552
38.275001,-37.338944,-27.887286,13.569111
38.287501,-37.914937,-27.07134,15.629704
38.300001,-38.485294,-26.16858,17.739174
38.312501,-39.033505,-25.196226,19.869077
38.325001,-39.545307,-24.173321,21.992205
38.337501,-40.009003,-23.120346,24.082944
38.350001,-40.415589,-22.058748,26.117447
38.362501,-40.758705,-21.01042,28.073692
38.375001,-41.034442,-19.997162,29.931439
38.387501,-41.241037,-19.04015,31.672148
38.400001,-41.37849,-18.159432,33.27888
38.412501,-41.448139,-17.37348,34.736222
38.425001,-41.4522,-16.698801,36.030251
38.437501,-41.393323,-16.149608,37.148534
38.450001,-41.274161,-15.737566,38.080172
38.462501,-41.096983,-15.471596,38.815877
38.475001,-40.863356,-15.357741,39.348057
38.487501,-40.573892,-15.399085,39.670912
38.500001,-40.228092,-15.595711,39.780507
38.512501,-39.82429,-15.944711,39.674836
38.525001,-39.359694,-16.440222,39.353851
38.537501,-38.830543,-17.073516,38.819485
38.550001,-38.232355,-17.833122,38.075658
38.562501,-37.560275,-18.705007,37.128298
38.575001,-36.809504,-19.672812,35.985381
38.587501,-35.975792,-20.718157,34.657013
38.600001,-35.055987,-21.821026,33.155564
38.612501,-34.048605,-22.96022,31.495843
38.625001,-32.954397,-24.113899,29.695314
38.637501,-31.776871,-25.260182,27.774317
38.650001,-30.522733,-26.377796,25.756253
38.662501,-29.202169,-27.446751,23.66768
38.675001,-27.828951,-28.448981,21.538254
38.687501,-26.420283,-29.368923,19.40047
38.700001,-24.996396,-30.193979,17.289155
38.712501,-23.579863,-30.914806,15.240716
38.725001,-22.194698,-31.525403,13.292162
38.737501,-20.865293,-32.022992,11.479975
38.750001,-19.615301,-32.407681,9.838911
38.762501,-18.466557,-32.681952,8.400835
38.775001,-17.438137,-32.850038,7.193692
38.787501,-16.545608,-32.917235,6.240656
38.800001,-15.800516,-32.889236,5.559523
38.812501,-15.210094,-32.771542,5.162333
38.825001,-14.777182,-32.56901,5.055204
38.837501,-14.500309,-32.285558,5.238353
38.850001,-14.373917,-31.924053,5.70628
38.862501,-14.388685,-31.486382,6.448063
38.875001,-14.531944,-30.973666,7.447777
38.887501,-14.788176,-30.38661,8.684998
38.900001,-15.139576,-29.725927,10.135405
38.912501,-15.566689,-28.992801,11.771449
38.925001,-16.04909,-28.189325,13.56308
38.937501,-16.566092,-27.31888,15.478504
38.950001,-17.097445,-26.386417,17.484935
38.962501,-17.623996,-25.398598,19.549301
38.975001,-18.128253,-24.363811,21.63888
38.987501,-18.594853,-23.292029,23.721828
39.000001,-19.010874,-22.194564,25.767603
39.012501,-19.36602,-21.083702,27.747262
39.025001,-19.652654,-19.972285,29.633674
39.037501,-19.86571,-18.873248,31.401646
39.050001,-20.002497,-17.799158,33.027999
39.062501,-20.062423,-16.761777,34.491626
39.075001,-20.046667,-15.77168,35.773546
39.087501,-19.957817,-14.837927,36.856973
39.100001,-19.799513,-13.967824,37.727408
39.112501,-19.576099,-13.166752,38.372764
39.125001,-19.292317,-12.438079,38.783498
39.137501,-18.95304,-11.783144,38.952773
39.150001,-18.563076,-11.201303,38.876601
39.162501,-18.127029,-10.690038,38.553982
39.175001,-17.64923,-10.245102,37.987021
39.187501,-17.133729,-9.860713,37.180998
39.200001,-16.584339,-9.529775,36.144404
39.212501,-16.00473,-9.244125,34.888925
39.225001,-15.398536,-8.994803,33.429366
39.237501,-14.769483,-8.772334,31.783534
39.250001,-14.121501,-8.567021,29.972045
39.262501,-13.458809,-8.369236,28.018094
39.275001,-12.785959,-8.169703,25.947153
39.287501,-12.107833,-7.959764,23.786629
39.300001,-11.429577,-7.731607,21.565465
39.312501,-10.756487,-7.478458,19.313709
39.325001,-10.09384,-7.194712,17.062041
39.337501,-9.4467,-6.876017,14.841294
39.350001,-8.819695,-6.519283,12.681953
39.362501,-8.216801,-6.122647,10.613675
39.375001,-7.641139,-5.685377,8.664821
39.387501,-7.094809,-5.207746,6.862023
39.400001,-6.578762,-4.690875,5.229792
39.412501,-6.092734,-4.13658,3.79017
39.425001,-5.635223,-3.547209,2.562438
39.437501,-5.203535,-2.92552,1.562871
39.450001,-4.793871,-2.274564,0.804549
39.462501,-4.401463,-1.597625,0.297215
39.475001,-4.020746,-0.898174,0.047177
39.487501,-3.645569,-0.179864,0.057264
39.500001,-3.26942,0.553462,0.326814
39.512501,-2.885675,1.297749,0.851705
39.525001,-2.487852,2.048718,1.62442
39.537501,-2.069871,2.801861,2.634148
39.550001,-1.626304,3.552474,3.86691
39.562501,-1.152607,4.295716,5.305726
39.575001,-0.645328,5.026724,6.930804
39.587501,-0.102271,5.740751,8.719769
39.600001,0.47738,6.433356,10.647918
39.612501,1.093001,7.100613,12.688521
39.625001,1.742534,7.739332,14.813164
39.637501,2.422548,8.347275,16.992118
39.650001,3.128371,8.923346,19.194767
39.662501,3.854267,9.46774,21.390056
39.675001,4.593655,9.982028,23.546967
39.687501,5.33935,10.469174,25.63501
39.700001,6.083798,10.933483,27.624709
39.712501,6.819302,11.380459,29.48807
39.725001,7.538208,11.816611,31.199019
39.737501,8.23305,12.249187,32.73379
39.750001,8.896647,12.685876,34.071257
39.762501,9.522148,13.134474,35.193206
39.775001,10.10305,13.602542,36.084541
39.787501,10.633177,14.097069,36.733421
39.800001,11.106663,14.624151,37.131344
39.812501,11.517935,15.188701,37.273173
39.825001,11.861724,15.794204,37.157113
39.837501,12.133114,16.442517,36.784656
39.850001,12.327636,17.13374,36.160502
39.862501,12.441418,17.866144,35.292458
39.875001,12.471382,18.636193,34.19134
39.887501,12.415487,19.438629,32.870869
39.900001,12.273006,20.266655,31.347583
39.912501,12.044813,21.112196,29.640745
39.925001,11.733663,21.966233,27.772258
39.937501,11.344437,22.8192,25.766564
39.950001,10.884323,23.661428,23.650512
39.962501,10.36291,24.483593,21.453176
39.975001,9.792173,25.277164,19.2056
39.987501,9.186331,26.034788,16.940454
40.000001,8.561575,26.750595,14.691597
40.012501,7.935687,27.420401,12.493544
40.025001,7.327558,28.041765,10.380853
40.037501,6.756644,28.613908,8.387468
40.050001,6.242398,29.1375,6.546036
40.062501,5.803724,29.614312,4.887243
40.075001,5.458457,30.046786,3.439194
40.087501,5.222921,30.437544,2.226865
40.100001,5.111544,30.78888,1.27162
40.112501,5.136536,31.102284,0.590814
40.125001,5.30761,31.378032,0.197452
40.137501,5.631728,31.614887,0.099901
40.150001,6.112862,31.809928,0.301651
40.162501,6.751761,31.958541,0.801107
40.175001,7.545733,32.054576,1.591428
40.187501,8.488474,32.090679,2.66045
40.200001,9.569978,32.058781,3.9907
40.212501,10.776589,31.950719,5.559574
40.225001,12.091226,31.758946,7.339694
40.237501,13.493829,31.477279,9.299495
40.250001,14.962026,31.101618,11.404019
40.262501,16.472007,30.630558,13.615908
40.275001,17.999518,30.065853,15.896521
40.287501,19.520912,29.412664,18.20708
40.300001,21.014133,28.679589,20.509768
40.312501,22.459552,27.878465,22.768663
40.325001,23.840571,27.023972,24.950472
40.337501,25.143977,26.133082,27.025017
40.350001,26.360021,25.224411,28.965494
40.362501,27.482267,24.317523,30.748536
40.375001,28.507261,23.432233,32.354128
40.387501,29.434061,22.58795,33.765439
40.400001,30.263694,21.80309,34.968613
40.412501,30.998597,21.094563,35.952566
40.425001,31.642061,20.477356,36.708803
40.437501,32.197734,19.964187,37.231274
40.450001,32.66919,19.565256,37.516267
40.462501,33.059595,19.288051,37.562332
40.475001,33.371459,19.13723,37.370222
40.487501,33.606514,19.114546,36.942848
40.500001,33.765689,19.218839,36.285233
40.512501,33.849191,19.446066,35.404473
40.525001,33.856694,19.789393,34.309687
40.537501,33.787609,20.239337,33.011989
40.550001,33.641426,20.783976,31.524457
40.562501,33.418114,21.409212,29.862136
40.575001,33.118549,22.099117,28.042053
40.587501,32.744947,22.836331,26.083254
40.600001,32.301271,23.602524,24.006855
40.612501,31.793581,24.378903,21.836076
40.625001,31.230292,25.146743,19.596232
40.637501,30.622301,25.887916,17.314661
40.650001,29.982967,26.585393,15.020533
40.662501,29.3279,27.223668,12.744528
40.675001,28.674574,27.7891,10.518357
40.687501,28.04176,28.270112,8.374131
40.700001,27.448814,28.657266,6.343593
40.712501,26.914864,28.943179,4.457254
40.725001,26.457964,29.122325,2.743491
40.737501,26.094261,29.190724,1.227666
40.750001,25.837252,29.145584,-0.068681
40.762501,25.697176,28.984925,-1.12851
40.775001,25.680558,28.707257,-1.939786
40.787501,25.789955,28.311321,-2.495807
40.800001,26.023878,27.79597,-2.795323
40.812501,26.376917,27.160163,-2.842461
40.825001,26.840031,26.403102,-2.64646
40.837501,27.40101,25.524485,-2.221231
40.850001,28.04507,24.524838,-1.584772
40.862501,28.755564,23.405897,-0.758463
40.875001,29.514751,22.170986,0.233707
40.887501,30.304605,20.825352,1.365937
40.900001,31.107594,19.376408,2.611387
40.912501,31.907391,17.833871,3.942873
40.925001,32.689492,16.209766,5.333454
40.937501,33.441689,14.518307,6.756886
40.950001,34.154413,12.77565,8.187929
40.962501,34.820919,10.999562,9.602534
40.975001,35.437344,9.209002,10.977912
40.987501,36.002635,7.423677,12.292536
41.000001,36.518374,5.663572,13.526098
41.012501,36.98851,3.9485,14.659471
41.025001,37.419014,2.297684,15.674693
41.037501,37.817474,0.729395,16.555007
41.050001,38.192633,-0.739351,17.284973
41.062501,38.553888,-2.093031,17.850646
41.075001,38.910766,-3.317792,18.239827
41.087501,39.272391,-4.401566,18.442361
41.100001,39.646968,-5.33416,18.450461
41.112501,40.041321,-6.10731,18.259025
41.125001,40.460488,-6.714729,17.865912
41.137501,40.907439,-7.15217,17.272139
41.150001,41.382903,-7.417494,16.481986
41.162501,41.88535,-7.510764,15.502961
41.175001,42.41112,-7.434346,14.345654
41.187501,42.954692,-7.193018,13.02345
41.200001,43.509077,-6.794053,11.552155
41.212501,44.066305,-6.247272,9.949535
41.225001,44.617964,-5.565041,8.234836
41.237501,45.155751,-4.762191,6.428296
41.250001,45.672,-3.855857,4.55071
41.262501,46.160146,-2.865236,2.623054
41.275001,46.615103,-1.811266,0.666197
41.287501,47.033538,-0.716234,-1.299314
41.300001,47.414039,0.39666,-3.253386
41.312501,47.757164,1.503771,-5.176473
41.325001,48.065381,2.581478,-7.049639
41.337501,48.342904,3.606652,-8.854627
41.350001,48.595438,4.557076,-10.573959
41.362501,48.829824,5.411831,-12.19108
41.375001,49.053633,6.151617,-13.690567
41.387501,49.274696,6.759021,-15.058383
41.400001,49.500614,7.21872,-16.282184
41.412501,49.738274,7.517631,-17.351636
41.425001,49.993399,7.645027,-18.258726
41.437501,50.270174,7.592608,-18.998024
41.450001,50.570973,7.354574,-19.566863
41.462501,50.896212,6.927669,-19.965429
41.475001,51.244342,6.311243,-20.196712
41.487501,51.611969,5.507294,-20.266357
41.500001,51.994116,4.520519,-20.182399
41.512501,52.384567,3.358334,-19.954922
41.525001,52.776298,2.030872,-19.595663
41.537501,53.161927,0.550942,-19.117615
41.550001,53.534186,-1.066078,-18.534647
41.562501,53.886353,-2.802394,-17.861179
41.575001,54.212655,-4.638024,-17.111935
41.587501,54.508607,-6.551085,-16.301778
41.600001,54.771293,-8.518136,-15.445629
41.612501,54.99958,-10.514567,-14.558463
41.625001,55.194274,-12.515028,-13.655354
41.637501,55.358205,-14.493864,-12.751558
41.650001,55.496238,-16.425569,-11.862584
41.662501,55.615204,-18.285212,-11.004232
41.675001,55.723737,-20.048843,-10.192562
41.687501,55.831996,-21.693851,-9.443757
41.700001,55.951264,-23.199275,-8.773862
41.712501,56.093424,-24.546048,-8.198383
41.725001,56.270317,-25.717195,-7.731756
41.737501,56.493017,-26.697963,-7.386722
41.750001,56.771071,-27.475924,-7.173638
41.762501,57.111774,-28.041052,-7.099821
41.775001,57.519559,-28.385792,-7.168993
41.787501,57.99558,-28.505142,-7.380904
41.800001,58.537552,-28.396757,-7.731212
41.812501,59.139877,-28.06107,-8.211639
41.825001,59.79405,-27.501415,-8.810405
41.837501,60.489299,-26.724157,-9.512892
41.850001,61.21339,-25.738762,-10.302458
41.862501,61.953481,-24.557833,-11.161306
41.875001,62.696958,-23.197049,-12.071315
41.887501,63.432154,-21.675032,-13.014754
41.900001,64.148907,-20.013109,-13.974822
41.912501,64.838944,-18.235006,-14.936006
41.925001,65.496082,-16.366465,-15.88426
41.937501,66.116274,-14.434808,-16.807024
41.950001,66.69754,-12.46847,-17.693148
41.962501,67.239799,-10.496511,-18.532727
41.975001,67.744648,-8.548124,-19.316932
41.987501,68.215103,-6.652161,-20.037828
42.000001,68.655306,-4.836667,-20.688244
42.012501,69.07023,-3.128451,-21.26168
42.025001,69.465358,-1.552692,-21.75229
42.037501,69.846369,-0.132575,-22.154915
42.050001,70.218806,1.111026,-22.465183
42.062501,70.58777,2.159828,-22.679639
42.075001,70.957623,2.998378,-22.795906
42.087501,71.33173,3.614254,-22.812829
42.100001,71.712272,3.998232,-22.730593
42.112501,72.100121,4.144415,-22.550789
42.125001,72.49481,4.050325,-22.276398
42.137501,72.894594,3.716965,-21.911699
42.150001,73.296599,3.148826,-21.462106
42.162501,73.697036,2.353869,-20.93393
42.175001,74.091467,1.343437,-20.334115
42.187501,74.475098,0.132134,-19.669954
42.200001,74.84306,-1.262362,-18.948824
42.212501,75.190672,-2.819538,-18.177962
42.225001,75.513674,-4.516331,-17.364292
42.237501,75.808402,-6.327469,-16.514323
42.250001,76.071936,-8.225844,-15.634109
42.262501,76.302206,-10.182924,-14.72928
42.275001,76.49806,-12.169193,-13.805113
42.287501,76.659327,-14.154601,-12.866658
42.300001,76.786849,-16.109032,-11.918877
42.312501,76.882507,-18.002766,-10.966793
42.325001,76.94922,-19.806934,-10.015632
42.337501,76.990921,-21.493962,-9.070928
42.350001,77.012493,-23.037985,-8.138572
42.362501,77.019647,-24.415237,-7.224799
42.375001,77.01874,-25.604391,-6.336081
42.387501,77.016516,-26.58687,-5.478936
42.400001,77.019791,-27.347097,-4.659656
42.412501,77.035091,-27.872698,-3.883966
42.425001,77.068282,-28.154656,-3.156672
42.437501,77.12423,-28.18741,-2.48132
42.450001,77.206539,-27.968908,-1.859926
42.462501,77.317402,-27.50062,-1.292809
42.475001,77.45758,-26.787502,-0.778559
42.487501,77.626511,-25.837925,-0.314121
42.500001,77.822542,-24.663567,0.104996
42.512501,78.043215,-23.27926,0.484442
42.525001,78.28561,-21.702805,0.830712
42.537501,78.546665,-19.954739,1.150827
42.550001,78.823474,-18.058067,1.452049
42.562501,79.113509,-16.037958,1.741647
42.575001,79.414794,-13.921399,2.026712
42.587501,79.725996,-11.736831,2.314031
42.600001,80.046455,-9.513752,2.609999
42.612501,80.37616,-7.282304,2.920559
42.625001,80.715676,-5.072857,3.251157
42.637501,81.066032,-2.915574,3.606697
42.650001,81.428572,-0.839994,3.991487
42.662501,81.804786,1.125388,4.409169
42.675001,82.19612,2.953523,4.862631
42.687501,82.603779,4.619197,5.35391
42.700001,83.02853,6.099389,5.884084
42.712501,83.470534,7.373612,6.453184
42.725001,83.929201,8.424214,7.060128
42.737501,84.403109,9.236656,7.702707
42.750001,84.889983,9.79973,8.377622
42.762501,85.386757,10.105757,9.080607
42.775001,85.8897,10.15071,9.806611
42.787501,86.394611,9.934298,10.550041
42.800001,86.897054,9.459987,11.305049
42.812501,87.392609,8.734955,12.065828
42.825001,87.877107,7.769992,12.826894
42.837501,88.346829,6.579342,13.58333
42.850001,88.798654,5.180481,14.330966
42.862501,89.230136,3.593856,15.0665
42.875001,89.639529,1.842571,15.787549
42.887501,90.025744,-0.047958,16.492638
42.900001,90.388284,-2.050379,17.181154
42.912501,90.727136,-4.13581,17.853254
42.925001,91.042663,-6.274257,18.509768
42.937501,91.335493,-8.435047,19.15208
42.950001,91.606422,-10.587263,19.782015
42.962501,91.856335,-12.700185,20.401728
42.975001,92.086148,-14.743727,21.013595
42.987501,92.296784,-16.688853,21.620104
43.000001,92.489168,-18.507992,22.223757
43.012501,92.664255,-20.175417,22.826966
43.025001,92.823069,-21.667611,23.43195
43.037501,92.966771,-22.963595,24.040646
43.050001,93.09672,-24.045217,24.654616
43.062501,93.214542,-24.897415,25.274984
43.075001,93.322168,-25.508423,25.902392
43.087501,93.421864,-25.869939,26.53699
43.100001,93.516216,-25.977244,27.17846
43.112501,93.608086,-25.829273,27.826081
43.125001,93.700538,-25.428624,28.478821
43.137501,93.796741,-24.781529,29.135443
43.150001,93.899867,-23.897764,29.794622
43.162501,94.012986,-22.790506,30.455048
43.175001,94.138979,-21.476152,31.115505
43.187501,94.280467,-19.974075,31.77492
43.200001,94.439762,-18.306351,32.432378
43.212501,94.618837,-16.49744,33.087099
43.225001,94.819303,-14.573828,33.738389
43.237501,95.042398,-12.563649,34.385561
43.250001,95.28897,-10.496272,35.027846
43.262501,95.559462,-8.401878,35.664284
43.275001,95.853879,-6.311015,36.29361
43.287501,96.171765,-4.254151,36.914155
43.300001,96.51216,-2.26123,37.523735
43.312501,96.873577,-0.361221,38.119579
43.325001,97.253978,1.418301,38.698269
43.337501,97.650789,3.051571,39.255724
43.350001,98.060937,4.515007,39.787228
43.362501,98.480937,5.787563,40.287509
43.375001,98.907023,6.851029,40.750878
43.387501,99.335329,7.690289,41.171417
43.400001,99.762104,8.293528,41.54321
43.412501,100.183953,8.652386,41.860601
43.425001,100.598071,8.762059,42.118451
43.437501,101.002459,8.621345,42.312375
43.450001,101.396089,8.232639,42.43893
43.462501,101.778998,7.601881,42.495742
43.475001,102.152312,6.738463,42.481558
43.487501,102.518186,5.655085,42.396225
43.500001,102.879679,4.367582,42.240623
43.512501,103.240575,2.8947,42.016543
43.525001,103.605158,1.257843,41.726559
43.537501,103.977977,-0.519219,41.373901
43.550001,104.363594,-2.410678,40.962357
43.562501,104.766339,-4.389048,40.496204
43.575001,105.190069,-6.42556,39.980201
43.587501,105.637942,-8.490577,39.419617
43.600001,106.1122,-10.554035,38.820317
43.612501,106.613964,-12.585898,38.188869
43.625001,107.143062,-14.556616,37.532681
43.637501,107.697883,-16.437593,36.860122
43.650001,108.275293,-18.201631,36.180617
43.662501,108.870614,-19.823358,35.504673
43.675001,109.477719,-21.279626,34.843812
43.687501,110.089236,-22.549849,34.210382
43.700001,110.696887,-23.616297,33.617233
43.712501,111.291952,-24.464324,33.077261
43.725001,111.865834,-25.082518,32.602848
43.737501,112.410667,-25.462794,32.205243
43.750001,112.919919,-25.600419,31.893952
43.762501,113.388905,-25.493992,31.676208
43.775001,113.815148,-25.145381,31.556584
43.787501,114.19855,-24.559629,31.536791
43.800001,114.541352,-23.744851,31.615683
43.812501,114.847899,-22.712106,31.789448
43.825001,115.124242,-21.475256,32.051946
43.837501,115.377648,-20.0508,32.395133
43.850001,115.616057,-18.457688,32.809524
43.862501,115.847553,-16.717085,33.284613
43.875001,116.079879,-14.85211,33.809248
43.887501,116.320029,-12.887525,34.371899
43.900001,116.57392,-10.849381,34.960838
43.912501,116.846147,-8.764635,35.564227
43.925001,117.13982,-6.660737,36.170136
43.937501,117.456465,-4.565194,36.766505
43.950001,117.795994,-2.505136,37.341089
43.962501,118.156735,-0.506879,37.881407
43.975001,118.535522,1.404489,38.374722
43.987501,118.927852,3.20549,38.808075
44.000001,119.328119,4.874602,39.168393
44.012501,119.729905,6.392551,39.442684
44.025001,120.126353,7.742548,39.618306
44.037501,120.510591,8.910469,39.683328
44.050001,120.876188,9.88498,39.626924
44.062501,121.21762,10.657612,39.439804
44.075001,121.530694,11.222795,39.114619
44.087501,121.812912,11.577866,38.646307
44.100001,122.063715,11.723059,38.03234
44.112501,122.284593,11.661475,37.272855
44.125001,122.479053,11.399059,36.370641
44.137501,122.652431,10.94455,35.330998
44.150001,122.811581,10.309428,34.161489
44.162501,122.964463,9.507831,32.871613
44.175001,123.119671,8.55643,31.472445
44.187501,123.285932,7.474259,29.976276
44.200001,123.471623,6.282491,28.396302
44.212501,123.684319,5.004149,26.746378
44.225001,123.930407,3.663758,25.040846
44.237501,124.214768,2.286943,23.294448
44.250001,124.540534,0.899979,21.522305
44.262501,124.908938,-0.470689,19.739945
44.275001,125.319239,-1.798944,17.963342
44.287501,125.768745,-3.059493,16.208946
44.300001,126.252935,-4.228343,14.493666
44.312501,126.76567,-5.283237,12.834772
44.325001,127.299515,-6.204032,11.249718
44.337501,127.846152,-6.973013,9.755851
44.350001,128.396863,-7.575119,8.370036
44.362501,128.943075,-7.998096,7.108204
44.375001,129.476915,-8.232565,5.984861
44.387501,129.991732,-8.272027,5.012609
44.400001,130.482555,-8.112818,4.201707
44.412501,130.946435,-7.754028,3.55973
44.425001,131.382647,-7.197398,3.091346
44.437501,131.792736,-6.447224,2.798236
44.450001,132.180406,-5.510259,2.679145
44.462501,132.551267,-4.395622,2.730058
44.475001,132.912472,-3.114707,2.944463
44.487501,133.27226,-1.681085,3.313665
44.500001,133.639454,-0.110383,3.827126
44.512501,134.022938,1.579874,4.472771
44.525001,134.431142,3.370465,5.237243
44.537501,134.871545,5.240731,6.106094
44.550001,135.350222,7.168887,7.063887
44.562501,135.871437,9.132395,8.094216
44.575001,136.437288,11.108376,9.179668
44.587501,137.047423,13.074063,10.301726
44.600001,137.698818,15.007265,11.440675
44.612501,138.385662,16.886826,12.575517
44.625001,139.09934,18.693052,13.683959
44.637501,139.828555,20.408084,14.7425
44.650001,140.559597,22.016188,15.726661
44.662501,141.276784,23.503934,16.611371
44.675001,141.963055,24.860275,17.371522
44.687501,142.600714,26.076495,17.982679
44.700001,143.172288,27.146051,18.421907
44.712501,143.661441,28.064341,18.668669
44.725001,144.053888,28.828408,18.705727
44.737501,144.338247,29.436653,18.519977
44.750001,144.506745,29.888578,18.103144
44.762501,144.555741,30.184608,17.452286
44.775001,144.486014,30.326023,16.570053
44.787501,144.302776,30.315003,15.464683
44.800001,144.015427,30.154786,14.149715
44.812501,143.637046,29.849909,12.643458
44.825001,143.18367,29.406501,10.968235
44.837501,142.673411,28.83256,9.149479
44.850001,142.125486,28.138198,7.214753
44.862501,141.559244,27.335782,5.192765
44.875001,140.993271,26.439957,3.112473
44.887501,140.444618,25.467539,1.002322
44.900001,139.928223,24.437271,-1.110341
44.912501,139.456526,23.369469,-3.199661
44.925001,139.039288,22.285569,-5.241506
44.937501,138.683584,21.207624,-7.213541
44.950001,138.393961,20.157762,-9.095204
44.962501,138.172708,19.157651,-10.867632
44.975001,138.020215,18.227987,-12.513553
44.987501,137.935392,17.388026,-14.017203
45.000001,137.916113,16.655169,-15.364271
45.012501,137.959675,16.04462,-16.541891
45.025001,138.063228,15.569106,-17.538677
45.037501,138.224186,15.238659,-18.344788
45.050001,138.440573,15.060466,-18.952024
45.062501,138.7113,15.03877,-19.353924
45.075001,139.036364,15.174815,-19.545848
45.087501,139.416942,15.466838,-19.52505
45.100001,139.855389,15.910098,-19.290724
45.112501,140.355128,16.496945,-18.844019
45.125001,140.920437,17.216923,-18.188055
45.137501,141.556141,18.056933,-17.327924
45.150001,142.267215,19.001438,-16.270718
45.162501,143.058318,20.032741,-15.02559
45.175001,143.933265,21.131332,-13.603851
45.187501,144.894461,22.276306,-12.019135
45.200001,145.942336,23.44587,-10.287591
45.212501,147.07479,24.617913,-8.428112
45.225001,148.286717,25.770635,-6.462545
45.237501,149.569635,26.883212,-4.415834
45.250001,150.911497,27.936453,-2.316053
45.262501,152.296714,28.913413,-0.194248
45.275001,153.706441,29.799911,1.915947
45.287501,155.119134,30.584899,3.978942
45.300001,156.511355,31.260651,5.958065
45.312501,157.858773,31.822735,7.816635
45.325001,159.137271,32.269774,9.51914
45.337501,160.324069,32.603016,11.032431
45.350001,161.398744,32.825754,12.326843
45.362501,162.344087,32.942669,13.377132
45.375001,163.146742,32.95915,14.163215
45.387501,163.797604,32.880675,14.670657
45.400001,164.292003,32.712297,14.890936
45.412501,164.629692,32.458285,14.821502
45.425001,164.814679,32.121946,14.465657
45.437501,164.854938,31.705617,13.8323
45.450001,164.76201,31.21083,12.935539
45.462501,164.550523,30.638614,11.794202
45.475001,164.237632,29.989889,10.431259
45.487501,163.842382,29.26592,8.873152
45.500001,163.385027,28.468756,7.149072
45.512501,162.886308,27.601639,5.290196
45.525001,162.366736,26.669305,3.328925
45.537501,161.845906,25.678176,1.298151
45.550001,161.341894,24.636408,-0.769403
45.562501,160.870757,23.5538,-2.841741
45.575001,160.446165,22.441571,-4.888045
45.587501,160.079185,21.312034,-6.879007
45.600001,159.778202,20.178186,-8.787054
45.612501,159.548975,19.053254,-10.586489
45.625001,159.394807,17.950233,-12.253578
45.637501,159.316799,16.881435,-13.766601
45.650001,159.314176,15.85809,-15.105902
45.662501,159.384635,14.889995,-16.253951
45.675001,159.524719,13.985251,-17.195428
45.687501,159.730173,13.150064,-17.917339
45.700001,159.996268,12.388633,-18.409154
45.712501,160.318094,11.703112,-18.662956
45.725001,160.690778,11.093633,-18.673606
45.737501,161.109653,10.558394,-18.438883
45.750001,161.570353,10.09379,-17.959616
45.762501,162.068843,9.694589,-17.239774
45.775001,162.601388,9.354135,-16.286519
45.787501,163.164478,9.06459,-15.11021
45.800001,163.754715,8.817183,-13.724354
45.812501,164.368681,8.602486,-12.145501
45.825001,165.002814,8.4107,-10.393087
45.837501,165.653292,8.231942,-8.48922
45.850001,166.315963,8.056534,-6.458406
45.862501,166.986318,7.875273,-4.32723
45.875001,167.659517,7.679685,-2.123982
45.887501,168.330475,7.46223,0.121757
45.900001,168.994004,7.216471,2.379573
45.912501,169.644993,6.937182,4.61869
45.925001,170.278619,6.620402,6.808465
45.937501,170.890572,6.26342,8.918879
45.950001,171.47727,5.864719,10.921011
45.962501,172.036051,5.423861,12.787496
45.975001,172.565326,4.941354,14.492932
45.987501,173.064684,4.418496,16.014255
46.000001,173.534944,3.857221,17.331054
46.012501,173.978151,3.259953,18.425841
46.025001,174.397511,2.629494,19.284265
46.037501,174.797291,1.968937,19.895268
46.050001,175.182656,1.281611,20.251204
46.062501,175.559492,0.571061,20.347898
46.075001,175.934176,-0.158949,20.184668
46.087501,176.313344,-0.904419,19.764309
46.100001,176.703634,-1.661096,19.093034
46.112501,177.111422,-2.424463,18.180384
46.125001,177.542561,-3.189753,17.039107
46.137501,178.002134,-3.952001,15.685008
46.150001,178.494227,-4.706129,14.136765
46.162501,179.021729,-5.447082,12.415722
46.175001,179.586186,-6.169994,10.545643
46.187501,-179.812298,-6.870398,8.552434
46.200001,-179.175096,-7.544448,6.463829
46.212501,-178.505027,-8.189147,4.30903
46.225001,-177.806258,-8.802556,2.118312
46.237501,-177.084151,-9.383972,-0.077412
46.250001,-176.345058,-9.934047,-2.247055
46.262501,-175.596089,-10.45485,-4.359839
46.275001,-174.844861,-10.94984,-6.385787
46.287501,-174.099263,-11.423774,-8.296199
46.300001,-173.367241,-11.882532,-10.06411
46.312501,-172.656621,-12.332882,-11.664702
46.325001,-171.974983,-12.782192,-13.075669
46.337501,-171.329579,-13.238107,-14.277511
46.350001,-170.727299,-13.708201,-15.253779
46.362501,-170.174662,-14.199636,-15.991239
46.375001,-169.677834,-14.718825,-16.47998
46.387501,-169.242634,-15.271129,-16.713469
46.400001,-168.874535,-15.860581,-16.688543
46.412501,-168.578627,-16.489678,-16.405379
46.425001,-168.359538,-17.159211,-15.867418
46.437501,-168.221311,-17.868182,-15.081276
46.450001,-168.167221,-18.613786,-14.056654
46.462501,-168.199553,-19.391477,-12.806233
46.475001,-168.319343,-20.195121,-11.345582
46.487501,-168.526097,-21.01723,-9.693074
46.500001,-168.817516,-21.849276,-7.869792
46.512501,-169.189243,-22.682073,-5.899433
46.525001,-169.634669,-23.506204,-3.808184
46.537501,-170.144817,-24.312473,-1.624546
46.550001,-170.708333,-25.092356,0.620904
46.562501,-171.311593,-25.838403,2.895837
46.575001,-171.938942,-26.544577,5.166593
46.587501,-172.573049,-27.206477,7.39869
46.600001,-173.195363,-27.821449,9.557421
46.612501,-173.786636,-28.388536,11.608503
46.625001,-174.327481,-28.908308,13.518753
46.637501,-174.79892,-29.382547,15.256757
46.650001,-175.182897,-29.813837,16.793492
46.662501,-175.462728,-30.205086,18.10289
46.675001,-175.623484,-30.559016,19.162326
46.687501,-175.65231,-30.877671,19.953024
46.700001,-175.538699,-31.161978,20.460403
46.712501,-175.274732,-31.411403,20.674366
46.725001,-174.855308,-31.623726,20.589545
46.737501,-174.278375,-31.794973,20.205517
46.750001,-173.545153,-31.919504,19.526979
46.762501,-172.660335,-31.990274,18.563873
46.775001,-171.632225,-31.999266,17.331418
46.787501,-170.472775,-31.938052,15.850024
46.800001,-169.197458,-31.798483,14.145034
46.812501,-167.824942,-31.573427,12.246256
46.825001,-166.376539,-31.257511,10.187276
46.837501,-164.875439,-30.847795,8.004563
46.850001,-163.34577,-30.344311,5.736407
46.862501,-161.811571,-29.750418,3.421782
46.875001,-160.295764,-29.072937,1.099212
46.887501,-158.819242,-28.32205,-1.194254
46.900001,-157.400141,-27.510994,-3.423877
46.912501,-156.053366,-26.655574,-5.557842
46.925001,-154.790381,-25.773552,-7.567628
46.937501,-153.619247,-24.88396,-9.428164
46.950001,-152.544879,-24.0064,-11.117812
46.962501,-151.56945,-23.16036,-12.618235
46.975001,-150.692904,-22.364589,-13.914208
46.987501,-149.913515,-21.636554,-14.993404
47.000001,-149.228444,-20.991966,-15.846198
47.012501,-148.634261,-20.444417,-16.465508
47.025001,-148.127411,-20.005074,-16.84666
47.037501,-147.704586,-19.682473,-16.987301
47.050001,-147.36301,-19.482361,-16.887329
47.062501,-147.100611,-19.407613,-16.548839
47.075001,-146.916089,-19.458192,-15.976079
47.087501,-146.808868,-19.631173,-15.175407
47.100001,-146.778959,-19.920805,-14.155249
47.112501,-146.826714,-20.318648,-12.926065
47.125001,-146.952511,-20.813751,-11.500324
47.137501,-147.156379,-21.392907,-9.892495
47.150001,-147.437576,-22.040967,-8.11906
47.162501,-147.794162,-22.741227,-6.198549
47.175001,-148.222583,-23.475869,-4.151582
47.187501,-148.717302,-24.226457,-2.000905
47.200001,-149.270513,-24.974461,0.228605
47.212501,-149.871976,-25.701791,2.510001
47.225001,-150.508991,-26.391306,4.814424
47.237501,-151.166552,-27.027268,7.111392
47.250001,-151.827683,-27.595705,9.369233
47.262501,-152.473951,-28.084657,11.555684
47.275001,-153.086132,-28.484284,13.638612
47.287501,-153.644992,-28.786828,15.586855
47.300001,-154.132121,-28.986441,17.371112
47.312501,-154.53076,-29.078905,18.964826
47.325001,-154.826563,-29.061272,20.34501
47.337501,-155.008241,-28.931493,21.49296
47.350001,-155.068054,-28.688059,22.394809
47.362501,-155.002124,-28.32972,23.041908
47.375001,-154.810567,-27.855311,23.431012
47.387501,-154.497438,-27.263703,23.564278
47.400001,-154.070502,-26.553897,23.449066
47.412501,-153.540843,-25.725231,23.097573
47.425001,-152.922323,-24.777699,22.526312
47.437501,-152.23093,-23.712319,21.755455
47.450001,-151.484036,-22.531525,20.808101
47.462501,-150.699613,-21.239529,19.709489
47.475001,-149.895447,-19.842608,18.486218
47.487501,-149.088398,-18.349295,17.165523
47.500001,-148.29375,-16.770436,15.77464
47.512501,-147.524675,-15.119127,14.340301
47.525001,-146.791835,-13.41052,12.88836
47.537501,-146.103136,-11.661519,11.443555
47.550001,-145.463609,-9.890404,10.029392
47.562501,-144.875438,-8.116386,8.668109
47.575001,-144.338084,-6.35915,7.380702
47.587501,-143.848522,-4.638393,6.18696
47.600001,-143.40155,-2.973392,5.105494
47.612501,-142.990175,-1.38262,4.153712
47.625001,-142.606053,0.11658,3.347738
47.637501,-142.239975,1.508258,2.702258
47.650001,-141.882381,2.778052,2.230299
47.662501,-141.523897,3.913328,1.942942
47.675001,-141.155854,4.903271,1.849013
47.687501,-140.770779,5.738948,1.954758
47.700001,-140.362822,6.413358,2.263548
47.712501,-139.928091,6.921481,2.775647
47.725001,-139.464875,7.260344,3.488071
47.737501,-138.973723,7.429099,4.394556
47.750001,-138.45738,7.429127,5.485668
47.762501,-137.920575,7.264144,6.749022
47.775001,-137.369684,6.940297,8.169626
47.787501,-136.812273,6.466238,9.730308
47.800001,-136.256584,5.853145,11.412189
47.812501,-135.710985,5.11468,13.195173
47.825001,-135.183429,4.266864,15.058409
47.837501,-134.680959,3.327879,16.980698
47.850001,-134.209297,2.31777,18.940822
47.862501,-133.772515,1.258094,20.917793
47.875001,-133.372833,0.171498,22.891028
47.887501,-133.010514,-0.918733,24.840464
47.900001,-132.683885,-1.989147,26.746635
47.912501,-132.389454,-3.016593,28.590749
47.925001,-132.122142,-3.978654,30.354776
47.937501,-131.875591,-4.854051,32.021579
47.950001,-131.642556,-5.622987,33.575105
47.962501,-131.415354,-6.267432,35.000616
47.975001,-131.186347,-6.771352,36.284984
47.987501,-130.948431,-7.120874,37.416998
48.000001,-130.695498,-7.304419,38.38768
48.012501,-130.422841,-7.312782,39.190565
48.025001,-130.127465,-7.139211,39.821909
48.037501,-129.808281,-6.779457,40.28081
48.050001,-129.466169,-6.231834,40.569211
48.062501,-129.103899,-5.497269,40.691787
48.075001,-128.725927,-4.579354,40.655722
48.087501,-128.338079,-3.484382,40.470391
48.100001,-127.947148,-2.221355,40.146988
48.112501,-127.560455,-0.801962,39.698123
48.125001,-127.185376,0.759497,39.137438
48.137501,-126.828895,2.446249,38.47926
48.150001,-126.497189,4.239245,37.738324
48.162501,-126.195257,6.117422,36.929581
48.175001,-125.926615,8.058028,36.068085
48.187501,-125.69305,10.036996,35.168965
48.200001,-125.494437,12.029358,34.247459
48.212501,-125.328627,14.009683,33.318981
48.225001,-125.191397,15.952523,32.399207
48.237501,-125.076485,17.832856,31.504128
48.250001,-124.975717,19.626496,30.650046
48.262501,-124.87924,21.310474,29.85348
48.275001,-124.775879,22.86336,29.130947
48.287501,-124.653622,24.265533,28.498604
48.300001,-124.500231,25.499383,27.97176
48.312501,-124.30395,26.549462,27.564259
48.325001,-124.054279,27.40259,27.287797
48.337501,-123.742733,28.047925,27.15123
48.350001,-123.363522,28.477027,27.159947
48.362501,-122.914068,28.683932,27.315407
48.375001,-122.395277,28.665241,27.614902
48.387501,-121.811533,28.420234,28.051598
48.400001,-121.170398,27.951005,28.614865
48.412501,-120.482045,27.262595,29.290866
48.425001,-119.758501,26.363096,30.063336
48.437501,-119.012777,25.263717,30.914457
48.450001,-118.258002,23.978773,31.825736
48.462501,-117.506628,22.525582,32.778791
48.475001,-116.769785,20.924283,33.755981
48.487501,-116.056815,19.197557,34.74085
48.500001,-115.374995,17.370269,35.718389
48.512501,-114.729417,15.46906,36.675114
48.525001,-114.123023,13.521879,37.59903
48.537501,-113.556732,11.557505,38.47949
48.550001,-113.02965,9.605055,39.307025
48.562501,-112.539321,7.69349,40.073161
48.575001,-112.08201,5.851152,40.770253
48.587501,-111.653011,4.105311,41.391383
48.600001,-111.246955,2.481763,41.930301
48.612501,-110.858141,1.004446,42.38144
48.625001,-110.480865,-0.30489,42.73999
48.637501,-110.109739,-1.426976,43.002013
48.650001,-109.740006,-2.345281,43.164601
48.662501,-109.367812,-3.046224,43.226026
48.675001,-108.990429,-3.519356,43.185876
48.687501,-108.606415,-3.757495,43.045141
48.700001,-108.215677,-3.756842,42.806237
48.712501,-107.819452,-3.517046,42.472943
48.725001,-107.420191,-3.041239,42.050266
48.737501,-107.021371,-2.336025,41.54423
48.750001,-106.627239,-1.411423,40.961625
48.762501,-106.242533,-0.280762,40.30972
48.775001,-105.872182,1.039483,39.59599
48.787501,-105.521035,2.529904,38.827875
48.800001,-105.193607,4.168431,38.01258
48.812501,-104.893871,5.930646,37.15695
48.825001,-104.625099,7.790148,36.267401
48.837501,-104.389731,9.71895,35.349928
48.850001,-104.189281,11.687912,34.410166
48.862501,-104.024272,13.667185,33.453494
48.875001,-103.894182,15.626676,32.485178
48.887501,-103.797414,17.536516,31.510524
48.900001,-103.731279,19.367521,30.535019
48.912501,-103.692009,21.09164,29.56446
48.925001,-103.674814,22.682381,28.605018
48.937501,-103.673982,24.115215,27.663247
48.950001,-103.683051,25.367932,26.745998
48.962501,-103.695059,26.420963,25.860247
48.975001,-103.702859,27.257646,25.012826
48.987501,-103.699487,27.864451,24.210084
49.000001,-103.678562,28.231141,23.457515
49.012501,-103.634657,28.350891,22.759381
49.025001,-103.563611,28.220352,22.118401
49.037501,-103.462733,27.839678,21.535538
49.050001,-103.330862,27.212505,21.009911
49.062501,-103.168299,26.345897,20.538855
49.075001,-102.976601,25.25025,20.118097
49.087501,-102.758287,23.939163,19.742039
49.100001,-102.516489,22.429264,19.404081
49.112501,-102.254597,20.740004,19.096964
49.125001,-101.975936,18.893403,18.813086
49.137501,-101.683493,16.913764,18.544774
49.150001,-101.379714,14.827344,18.284488
49.162501,-101.066385,12.661996,18.024975
49.175001,-100.744565,10.446789,17.759372
49.187501,-100.414597,8.211598,17.481268
49.200001,-100.076161,5.98669,17.184748
49.212501,-99.72838,3.802296,16.864433
49.225001,-99.369953,1.688188,16.515524
49.237501,-98.999323,-0.326744,16.133857
49.250001,-98.614867,-2.214895,15.715989
49.262501,-98.215098,-3.950341,15.259285
49.275001,-97.79887,-5.509208,14.76203
49.287501,-97.365567,-6.870017,14.223527
49.300001,-96.915276,-8.014005,13.644185
49.312501,-96.448899,-8.925402,13.025565
49.325001,-95.968217,-9.591683,12.370371
49.337501,-95.475868,-10.003769,11.682371
49.350001,-94.975258,-10.156178,10.966252
49.362501,-94.470393,-10.047138,10.227399
49.375001,-93.965665,-9.678623,9.471628
49.387501,-93.465599,-9.056343,8.704886
49.400001,-92.974601,-8.189668,7.932958
49.412501,-92.496737,-7.091494,7.161196
49.425001,-92.03555,-5.778045,6.394305
49.437501,-91.593944,-4.268633,5.636184
49.450001,-91.174124,-2.585359,4.889845
49.462501,-90.777607,-0.752784,4.157387
49.475001,-90.405264,1.202441,3.440027
49.487501,-90.057411,3.25197,2.738175
49.500001,-89.733906,5.366175,2.051528
49.512501,-89.434257,7.514575,1.379184
49.525001,-89.157723,9.666277,0.719762
49.537501,-88.903398,11.790416,0.071516
49.550001,-88.670271,13.856589,-0.567546
49.562501,-88.457271,15.835288,-1.199556
49.575001,-88.263276,17.698313,-1.826677
49.587501,-88.087107,19.41917,-2.451006
49.600001,-87.927497,20.973442,-3.074477
49.612501,-87.78305,22.33913,-3.698769
49.625001,-87.652187,23.496962,-4.325238
49.637501,-87.533105,24.430669,-4.95485
49.650001,-87.423739,25.127204,-5.588153
49.662501,-87.32175,25.576938,-6.225268
49.675001,-87.224541,25.773786,-6.865921
49.687501,-87.1293,25.715302,-7.509499
49.700001,-87.033068,25.402708,-8.155138
49.712501,-86.932822,24.840882,-8.801825
49.725001,-86.825572,24.038283,-9.448496
49.737501,-86.708443,23.006833,-10.094136
49.750001,-86.578754,21.761748,-10.737843
49.762501,-86.434073,20.321315,-11.378872
49.775001,-86.272255,18.70663,-12.016645
49.787501,-86.091466,16.941295,-12.650725
49.800001,-85.890191,15.05108,-13.28077
49.812501,-85.667243,13.063547,-13.906452
49.825001,-85.421772,11.007651,-14.527374
49.837501,-85.153282,8.913326,-15.142963
49.850001,-84.861651,6.811043,-15.752364
49.862501,-84.547171,4.731368,-16.354333
49.875001,-84.210582,2.704513,-16.947138
49.887501,-83.853108,0.759892,-17.528469
49.900001,-83.476493,-1.074311,-18.09538
49.912501,-83.083007,-2.771564,-18.64425
49.925001,-82.675424,-4.307374,-19.170793
49.937501,-82.256967,-5.659649,-19.670117
49.950001,-81.831201,-6.80902,-20.136835
49.962501,-81.401876,-7.739119,-20.565227
49.975001,-80.972733,-8.436805,-20.949456
49.987501,-80.547279,-8.892344,-21.283812
50.000001,-80.128545,-9.099529,-21.56297
50.012501,-79.718868,-9.055749,-21.782236
50.025001,-79.3197,-8.762007,-21.937758
50.037501,-78.931485,-8.222884,-22.026681
50.050001,-78.5536,-7.446463,-22.047227
50.062501,-78.184382,-6.444205,-21.998714
50.075001,-77.821217,-5.230783,-21.881503
50.087501,-77.460702,-3.823879,-21.696903
50.100001,-77.098838,-2.243939,-21.447043
50.112501,-76.731262,-0.513898,-21.13475
50.125001,-76.353488,1.341139,-20.763433
50.137501,-75.961146,3.294245,-20.337006
50.150001,-75.55022,5.317052,-19.859853
50.162501,-75.11728,7.380158,-19.33684
50.175001,-74.659692,9.453559,-18.773372
50.187501,-74.175824,11.507096,-18.175497
50.200001,-73.665232,13.510917,-17.550021
50.212501,-73.128811,15.435934,-16.904639
50.225001,-72.568911,17.254276,-16.24804
50.237501,-71.98938,18.939731,-15.589968
50.250001,-71.395527,20.468148,-14.941194
50.262501,-70.793974,21.817804,-14.31339
50.275001,-70.192379,22.969722,-13.718866
50.287501,-69.599037,23.907923,-13.170188
50.300001,-69.022374,24.619614,-12.679666
50.312501,-68.470361,25.095313,-12.258773
50.325001,-67.949924,25.328901,-11.917545
50.337501,-67.466403,25.317627,-11.664022
50.350001,-67.023129,25.062061,-11.503806
50.362501,-66.621179,24.566024,-11.439788
50.375001,-66.259328,23.836479,-11.472066
50.387501,-65.934203,22.883414,-11.598055
50.400001,-65.640604,21.719706,-11.812762
50.412501,-65.371948,20.360957,-12.10916
50.425001,-65.120782,18.825313,-12.478631
50.437501,-64.879309,17.133243,-12.911387
50.450001,-64.639872,15.30728,-13.396857
50.462501,-64.395391,13.371728,-13.92398
50.475001,-64.139711,11.35232,-14.481422
50.487501,-63.86788,9.275846,-15.057687
50.500001,-63.576334,7.169744,-15.641159
50.512501,-63.263029,5.061676,-16.220085
50.525001,-62.927497,2.97909,-16.782526
50.537501,-62.570841,0.948786,-17.3163
50.550001,-62.195675,-1.003512,-17.808952
50.562501,-61.805998,-2.853548,-18.247765
50.575001,-61.406993,-4.578897,-18.619843
50.587501,-61.004763,-6.159278,-18.91227
50.600001,-60.605989,-7.576814,-19.112355
50.612501,-60.21753,-8.816238,-19.207959
50.625001,-59.845977,-9.865036,-19.18788
50.637501,-59.497184,-10.713547,-19.042279
50.650001,-59.175827,-11.355014,-18.763093
50.662501,-58.885015,-11.785601,-18.344411
50.675001,-58.625995,-12.004395,-17.782765
50.687501,-58.397987,-12.013383,-17.077298
50.700001,-58.19817,-11.817426,-16.229809
50.712501,-58.021808,-11.424225,-15.244652
50.725001,-57.862524,-10.844268,-14.128522
50.737501,-57.712675,-10.090758,-12.89015
50.750001,-57.563811,-9.179504,-11.539945
50.762501,-57.407164,-8.12877,-10.089632
50.775001,-57.234144,-6.959068,-8.551918
50.787501,-57.0368,-5.692891,-6.940216
50.800001,-56.80823,-4.354389,-5.268447
50.812501,-56.542924,-2.96898,-3.550931
50.825001,-56.237028,-1.562924,-1.802346
50.837501,-55.888535,-0.162842,-0.037743
50.850001,-55.497384,1.20477,1.727408
50.862501,-55.065475,2.514045,3.477167
50.875001,-54.596593,3.740231,5.19512
50.887501,-54.096236,4.860146,6.864427
50.900001,-53.571336,5.852588,8.467964
50.912501,-53.02989,6.698671,9.98856
50.925001,-52.480506,7.382097,11.409334
50.937501,-51.931883,7.889337,12.71412
50.950001,-51.392254,8.209742,13.887939
50.962501,-50.868852,8.335569,14.917496
50.975001,-50.367413,8.261963,15.791635
50.987501,-49.891788,7.986886,16.501728
51.000001,-49.443675,7.511027,17.041952
51.012501,-49.02251,6.837699,17.409428
51.025001,-48.625511,5.97274,17.604226
51.037501,-48.247876,4.92442,17.629236
51.050001,-47.883102,3.703345,17.489939
51.062501,-47.523412,2.322362,17.194107
51.075001,-47.160231,0.796446,16.751471
51.087501,-46.784713,-0.85745,16.173402
51.100001,-46.388251,-2.620577,15.472624
51.112501,-45.962989,-4.472629,14.663004
51.125001,-45.502284,-6.392037,13.759416
51.137501,-45.001135,-8.356319,12.777685
51.150001,-44.456557,-10.342475,11.73461
51.162501,-43.867892,-12.327433,10.64804
51.175001,-43.23706,-14.288502,9.53698
51.187501,-42.568717,-16.203839,8.421685
51.200001,-41.870319,-18.052895,7.32371
51.212501,-41.15206,-19.816807,6.26587
51.225001,-40.426663,-21.478727,5.272075
51.237501,-39.709014,-23.024053,4.367015
51.250001,-39.015629,-24.440548,3.575668
51.262501,-38.363968,-25.718345,2.92265
51.275001,-37.771608,-26.849838,2.431432
51.287501,-37.255348,-27.829483,2.12345
51.300001,-36.830271,-28.653525,2.017199
51.312501,-36.508863,-29.319719,2.127353
51.325001,-36.300228,-29.827057,2.464005
51.337501,-36.20949,-30.175564,3.032078
51.350001,-36.237415,-30.366195,3.830971
51.362501,-36.380293,-30.400835,4.854468
51.375001,-36.6301,-30.28242,6.090925
51.387501,-36.974923,-30.015149,7.523732
51.400001,-37.39963,-29.604752,9.132001
51.412501,-37.88671,-29.05878,10.891434
51.425001,-38.417235,-28.386849,12.775301
51.437501,-38.971843,-27.600816,14.755427
51.450001,-39.531677,-26.714835,16.80313
51.462501,-40.079196,-25.745286,18.890024
51.475001,-40.598822,-24.710572,20.988665
51.487501,-41.077384,-23.630792,23.072992
51.500001,-41.504363,-22.527319,25.118605
51.512501,-41.871943,-21.422306,27.102869
51.525001,-42.174905,-20.338154,29.004918
51.537501,-42.410392,-19.29697,30.805576
51.550001,-42.57757,-18.320051,32.487259
51.562501,-42.677228,-17.427391,34.033873
51.575001,-42.711341,-16.637256,35.430747
51.587501,-42.682617,-15.965815,36.664613
51.600001,-42.594051,-15.426835,37.723626
51.612501,-42.448504,-15.031449,38.597428
51.625001,-42.248337,-14.787984,39.277239
51.637501,-41.995096,-14.701838,39.755958
51.650001,-41.689289,-14.775422,40.02826
51.662501,-41.330248,-15.008129,40.090678
51.675001,-40.916086,-15.396352,39.941655
51.687501,-40.443776,-15.933537,39.581575
51.700001,-39.909311,-16.610276,39.012771
51.712501,-39.307982,-17.41444,38.239527
51.725001,-38.634738,-18.331367,37.268087
51.737501,-37.884623,-19.344106,36.106696
51.750001,-37.05328,-20.433732,34.765673
51.762501,-36.137504,-21.579736,33.257546
51.775001,-35.135806,-22.760486,31.597231
51.787501,-34.048981,-23.953768,29.802245
51.800001,-32.880623,-25.137394,27.892938
51.812501,-31.637548,-26.289847,25.89267
51.825001,-30.330076,-27.390945,23.827915
51.837501,-28.972115,-28.422477,21.728197
51.850001,-27.580998,-29.368767,19.625823
51.862501,-26.177054,-30.217118,17.555377
51.875001,-24.782919,-30.95808,15.552952
51.887501,-23.42261,-31.585528,13.655169
51.900001,-22.120458,-32.096517,11.898035
51.912501,-20.899968,-32.490941,10.315736
51.925001,-19.782734,-32.771016,8.939467
51.937501,-18.787487,-32.940657,7.796395
51.950001,-17.929336,-33.004806,6.908808
51.962501,-17.219253,-32.968786,6.293509
51.975001,-16.663784,-32.837741,5.961443
51.987501,-16.264967,-32.616218,5.917544
52.000001,-16.020442,-32.30791,6.160784
52.012501,-15.923692,-31.915587,6.684382
52.025001,-15.964413,-31.441194,7.476146
52.037501,-16.128979,-30.886098,8.518941
52.050001,-16.400991,-30.251458,9.791252
52.062501,-16.761909,-29.538649,11.267841
52.075001,-17.191742,-28.749713,12.920465
52.087501,-17.669769,-27.88777,14.718648
52.100001,-18.175285,-26.95736,16.630453
52.112501,-18.688303,-25.964666,18.623233
52.125001,-19.190198,-24.917602,20.664319
52.137501,-19.664242,-23.825768,22.721611
52.150001,-20.096019,-22.700265,24.764057
52.162501,-20.473685,-21.55339,26.762015
52.175001,-20.788086,-20.398255,28.687502
52.187501,-21.032742,-19.248339,30.514348
52.200001,-21.203702,-18.117025,32.218294
52.212501,-21.299315,-17.017143,33.777038
52.225001,-21.319917,-15.96055,35.170287
52.237501,-21.267483,-14.957764,36.379807
52.250001,-21.145256,-14.017669,37.389497
52.262501,-20.957381,-13.147295,38.185502
52.275001,-20.708555,-12.351683,38.75634
52.287501,-20.403726,-11.633815,39.093062
52.300001,-20.047839,-10.994623,39.189408
52.312501,-19.645641,-10.433051,39.041969
52.325001,-19.201567,-9.946173,38.650321
52.337501,-18.719676,-9.52935,38.017141
52.350001,-18.203664,-9.176422,37.148272
52.362501,-17.656931,-8.879929,36.052748
52.375001,-17.082681,-8.631355,34.742769
52.387501,-16.484058,-8.421391,33.233614
52.400001,-15.864284,-8.240207,31.543512
52.412501,-15.226793,-8.077743,29.693442
52.425001,-14.575328,-7.923992,27.706896
52.437501,-13.914003,-7.769278,25.609576
52.450001,-13.247307,-7.604519,23.429043
52.462501,-12.580055,-7.421461,21.194325
52.475001,-11.917273,-7.212866,18.935481
52.487501,-11.264044,-6.972652,16.683136
52.500001,-10.625301,-6.69598,14.467992
52.512501,-10.005612,-6.379279,12.32034
52.525001,-9.408955,-6.020207,10.269571
52.537501,-8.8385,-5.617577,8.34371
52.550001,-8.296439,-5.17123,6.568986
52.562501,-7.783842,-4.681896,4.969433
52.575001,-7.300571,-4.151034,3.566549
52.587501,-6.845255,-3.580693,2.379006
52.600001,-6.415313,-2.97338,1.422411
52.612501,-6.007036,-2.331959,0.709122
52.625001,-5.615712,-1.659587,0.24812
52.637501,-5.235796,-0.959676,0.044926
52.650001,-4.861116,-0.23589,0.101569
52.662501,-4.485099,0.50785,0.416586
52.675001,-4.101027,1.267341,0.985079
52.687501,-3.702301,2.038082,1.798787
52.700001,-3.282702,2.815283,2.846203
52.712501,-2.836662,3.593894,4.112717
52.725001,-2.359505,4.368675,5.580784
52.737501,-1.847667,5.134314,7.230124
52.750001,-1.29888,5.885583,9.037951
52.762501,-0.7123,6.617532,10.979228
52.775001,-0.08858,7.325714,13.02697
52.787501,0.570122,8.00642,15.152571
52.800001,1.260212,8.656903,17.326183
52.812501,1.976778,9.275579,19.517129
52.825001,2.713778,9.862185,21.694352
52.837501,3.464262,10.41787,23.826886
52.850001,4.220622,10.945214,25.884348
52.862501,4.974841,11.44817,27.837425
52.875001,5.71873,11.931924,29.658339
52.887501,6.444133,12.40269,31.321288
52.900001,7.143084,12.867434,32.802832
52.912501,7.807921,13.333566,34.082225
52.925001,8.431352,13.808599,35.141685
52.937501,9.006482,14.299794,35.966591
52.950001,9.526813,14.813818,36.545622
52.962501,9.98624,15.356419,36.870833
52.975001,10.379053,15.932138,36.937675
52.987501,10.699957,16.54407,36.744977
53.000001,10.944143,17.193676,36.294887
53.012501,11.107386,17.880669,35.592796
53.025001,11.186212,18.602968,34.647249
53.037501,11.178094,19.356743,33.469845
53.050001,11.081704,20.136531,32.075148
53.062501,10.897173,20.935453,30.480597
53.075001,10.62637,21.745499,28.706419
53.087501,10.27315,22.55789,26.775528
53.100001,9.843567,23.363497,24.713408
53.112501,9.346,24.153287,22.547949
53.125001,8.791198,24.918774,20.309219
53.137501,8.192191,25.652441,18.029158
53.150001,7.56409,26.348098,15.74118
53.162501,6.923763,27.001143,13.479679
53.175001,6.289397,27.6087,11.279454
53.187501,5.680001,28.169625,9.175065
53.200001,5.114858,28.684361,7.200167
53.212501,4.612977,29.154667,5.38684
53.225001,4.192585,29.583232,3.764956
53.237501,3.87067,29.973209,2.361609
53.250001,3.662598,30.327712,1.200614
53.262501,3.581794,30.649309,0.302094
53.275001,3.639476,30.93956,-0.317872
53.287501,3.844427,31.198636,-0.64754
53.300001,4.202773,31.425043,-0.679745
53.312501,4.717768,31.615496,-0.412126
53.325001,5.389566,31.764943,0.152691
53.337501,6.215008,31.866758,1.00694
53.350001,7.187442,31.913102,2.137637
53.362501,8.296619,31.89544,3.526593
53.375001,9.528731,31.80518,5.150584
53.387501,10.86662,31.634398,6.981703
53.400001,12.290208,31.376592,8.987932
53.412501,13.777154,31.027397,11.133937
53.425001,15.303704,30.585195,13.382042
53.437501,16.845686,30.051563,15.693343
53.450001,18.379539,29.431513,18.02885
53.462501,19.883294,28.7335,20.350578
53.475001,21.337399,27.969207,22.62248
53.487501,22.725318,27.153134,24.811178
53.500001,24.033874,26.302038,26.886452
53.512501,25.253323,25.434269,28.821503
53.525001,26.377204,24.569071,30.593011
53.537501,27.401999,23.72588,32.181066
53.550001,28.326663,22.923671,33.568991
53.562501,29.152087,22.180368,34.743145
53.575001,29.880536,21.512341,35.692711
53.587501,30.515112,20.933992,36.409516
53.600001,31.059255,20.457419,36.887885
53.612501,31.516341,20.092174,37.124528
53.625001,31.889351,19.845079,37.118458
53.637501,32.180659,19.720118,36.870933
53.650001,32.391917,19.718376,36.3854
53.662501,32.52406,19.838045,35.667458
53.675001,32.577409,20.074471,34.724817
53.687501,32.551875,20.420267,33.567258
53.700001,32.447246,20.865476,32.206613
53.712501,32.263543,21.397808,30.656752
53.725001,32.001419,22.002927,28.933593
53.737501,31.662592,22.664826,27.055125
53.750001,31.250256,23.366243,25.041453
53.762501,30.769466,24.089147,22.91483
53.775001,30.227454,24.815257,20.699673
53.787501,29.633822,25.526567,18.422512
53.800001,29.00062,26.205872,16.111864
53.812501,28.342235,26.83724,13.797969
53.825001,27.675116,27.4064,11.512403
53.837501,27.017311,27.901026,9.287519
53.850001,26.387847,28.310884,7.15576
53.862501,25.805987,28.627838,5.148852
53.875001,25.290416,28.845708,3.296929
53.887501,24.858415,28.960019,1.627652
53.900001,24.525093,28.967658,0.165364
53.912501,24.302711,28.866492,-1.069642
53.925001,24.200158,28.654999,-2.061729
53.937501,24.222583,28.331953,-2.800346
53.950001,24.371213,27.896204,-3.280274
53.962501,24.643345,27.346591,-3.501688
53.975001,25.032514,26.681975,-3.470033
53.987501,25.528817,25.901419,-3.195725
54.000001,26.119394,25.004466,-2.693689
54.012501,26.789021,23.991502,-1.982775
54.025001,27.520818,22.864147,-1.085051
54.037501,28.296997,21.625638,-0.025049
54.050001,29.099652,20.281157,1.171012
54.062501,29.911506,18.838065,2.475975
54.075001,30.7166,17.306024,3.862414
54.087501,31.500876,15.69698,5.303195
54.100001,32.252628,14.025025,6.771903
54.112501,32.962818,12.306139,8.243141
54.125001,33.625241,10.557841,9.6927
54.137501,34.236565,8.798768,11.097625
54.150001,34.796243,7.048219,12.436221
54.162501,35.30632,5.325698,13.68802
54.175001,35.771159,3.650465,14.833757
54.187501,36.197078,2.041133,15.855368
54.200001,36.591936,0.515318,16.736055
54.212501,36.964663,-0.910648,17.460408
54.225001,37.324753,-2.22193,18.014605
54.237501,37.68174,-3.405359,18.386673
54.250001,38.044663,-4.449526,18.566786
54.262501,38.421568,-5.344862,18.547591
54.275001,38.81905,-6.083679,18.324513
54.287501,39.241878,-6.660223,17.896017
54.300001,39.692726,-7.070722,17.263789
54.312501,40.172031,-7.313465,16.432812
54.325001,40.677997,-7.388889,15.411316
54.337501,41.206745,-7.29969,14.210608
54.350001,41.752597,-7.050926,12.844773
54.362501,42.308485,-6.650101,11.330286
54.375001,42.866441,-6.107218,9.685553
54.387501,43.418137,-5.434763,7.930422
54.400001,43.955429,-4.647623,6.085711
54.412501,44.470875,-3.762917,4.172768
54.425001,44.958186,-2.799747,2.213104
54.437501,45.41259,-1.778869,0.228108
54.450001,45.831085,-0.7223,-1.761167
54.462501,46.21259,0.347119,-3.734147
54.475001,46.557968,1.406188,-5.670838
54.487501,46.869953,2.431812,-7.551907
54.500001,47.152957,3.401453,-9.358771
54.512501,47.412795,4.293541,-11.073715
54.525001,47.656318,5.08784,-12.680064
54.537501,47.890989,5.765758,-14.162396
54.550001,48.124408,6.310593,-15.506821
54.562501,48.363826,6.70772,-16.701276
54.575001,48.615668,6.944737,-17.735844
54.587501,48.885109,7.011566,-18.603039
54.600001,49.175729,6.900525,-19.298046
54.612501,49.489269,6.606399,-19.81887
54.625001,49.825522,6.126486,-20.166382
54.637501,50.182358,5.460665,-20.34425
54.650001,50.555886,4.611439,-20.35875
54.662501,50.940721,3.583989,-20.218487
54.675001,51.330361,2.386191,-19.934041
54.687501,51.717615,1.028612,-19.51757
54.700001,52.095062,-0.475542,-18.982424
54.712501,52.455511,-2.110544,-18.342778
54.725001,52.792434,-3.858308,-17.613333
54.737501,53.100357,-5.698638,-16.809089
54.750001,53.37519,-7.609523,-15.945211
54.762501,53.614504,-9.567493,-15.036965
54.775001,53.817741,-11.548025,-14.099737
54.787501,53.986358,-13.52597,-13.149092
54.800001,54.123909,-15.476003,-12.200856
54.812501,54.236041,-17.373065,-11.271187
54.825001,54.33041,-19.19279,-10.376597
54.837501,54.416488,-20.911898,-9.533891
54.850001,54.505251,-22.508533,-8.759994
54.862501,54.608736,-23.962557,-8.071639
54.875001,54.739472,-25.255764,-7.484919
54.887501,54.909785,-26.372046,-7.014699
54.900001,55.131036,-27.297507,-6.673941
54.912501,55.412831,-28.02053,-6.472983
54.925001,55.76228,-28.531839,-6.418872
54.937501,56.1834,-28.82456,-6.514803
54.950001,56.676724,-28.894293,-6.75978
54.962501,57.239193,-28.739226,-7.148538
54.975001,57.864338,-28.360256,-7.67176
54.987501,58.542754,-27.76114,-8.316574
55.000001,59.262802,-26.948618,-9.067281
55.012501,60.01146,-25.932509,-9.906215
55.025001,60.775222,-24.725739,-10.814653
55.037501,61.540948,-23.34429,-11.773663
55.050001,62.296593,-21.807054,-12.764825
55.062501,63.031758,-20.135593,-13.770761
55.075001,63.73806,-18.35382,-14.775481
55.087501,64.409313,-16.487602,-15.764543
55.100001,65.041557,-14.56432,-16.725053
55.112501,65.632959,-12.612386,-17.645566
55.125001,66.183638,-10.660752,-18.515921
55.137501,66.695417,-8.738414,-19.327051
55.150001,67.171546,-6.873934,-20.07081
55.162501,67.6164,-5.094982,-20.739833
55.175001,68.035162,-3.427907,-21.327459
55.187501,68.433493,-1.897348,-21.827716
55.200001,68.817202,-0.525885,-22.235363
55.212501,69.191908,0.666273,-22.545999
55.225001,69.562723,1.661553,-22.756202
55.237501,69.933956,2.445249,-22.863682
55.250001,70.30886,3.005711,-22.867432
55.262501,70.689451,3.334502,-22.767837
55.275001,71.076393,3.426517,-22.566724
55.287501,71.468988,3.280065,-22.267333
55.300001,71.865252,2.896923,-21.874218
55.312501,72.262075,2.282338,-21.393059
55.325001,72.655456,1.444995,-20.830427
55.337501,73.040774,0.396926,-20.193505
55.350001,73.41309,-0.846625,-19.489812
55.362501,73.767433,-2.267398,-18.726942
55.375001,74.099069,-3.844358,-17.912344
55.387501,74.403732,-5.554,-17.053169
55.400001,74.677811,-7.37069,-16.156181
55.412501,74.918497,-9.267052,-15.227733
55.425001,75.123899,-11.214386,-14.273809
55.437501,75.293128,-13.183114,-13.300124
55.450001,75.426357,-15.143238,-12.312248
55.462501,75.524874,-17.064808,-11.315765
55.475001,75.591099,-18.918387,-10.316421
55.487501,75.628591,-20.675509,-9.320264
55.500001,75.642006,-22.309116,-8.333729
55.512501,75.637012,-23.793969,-7.363669
55.525001,75.620127,-25.107022,-6.417289
55.537501,75.598487,-26.227757,-5.501998
55.550001,75.579539,-27.13847,-4.62515
55.562501,75.57066,-27.824504,-3.793713
55.575001,75.578744,-28.274435,-3.013873
55.587501,75.609795,-28.480196,-2.290638
55.600001,75.668569,-28.437161,-1.62748
55.612501,75.758318,-28.144182,-1.02607
55.625001,75.880676,-27.603584,-0.486143
55.637501,76.035683,-26.82112,-0.005508
55.650001,76.22196,-25.805897,0.419795
55.662501,76.436997,-24.570261,0.795237
55.675001,76.677508,-23.129643,1.127456
55.687501,76.939807,-21.502371,1.423901
55.700001,77.220173,-19.709436,1.692479
55.712501,77.515157,-17.774224,1.941258
55.725001,77.82182,-15.722201,2.17822
55.737501,78.137896,-13.580575,2.411087
55.750001,78.461884,-11.377918,2.647201
55.762501,78.793061,-9.143771,2.893447
55.775001,79.131443,-6.90823,3.156212
55.787501,79.477704,-4.701524,3.441349
55.800001,79.833042,-2.553589,3.754142
55.812501,80.199021,-0.493644,4.099259
55.825001,80.577384,1.450215,4.480684
55.837501,80.969852,3.251419,4.90163
55.850001,81.377906,4.885302,5.364435
55.862501,81.802586,6.329453,5.870453
55.875001,82.244295,7.564047,6.419951
55.887501,82.702654,8.572138,7.01204
55.900001,83.176403,9.33992,7.644651
55.912501,83.663377,9.856947,8.31457
55.925001,84.16056,10.116312,9.017553
55.937501,84.664214,10.114767,9.748508
55.950001,85.170075,9.852798,10.501748
55.962501,85.673593,9.334634,11.271272
55.975001,86.170191,8.568201,12.051075
55.987501,86.655512,7.565012,12.835436
56.000001,87.125624,6.339995,13.619162
56.012501,87.577182,4.911274,14.397785
56.025001,88.007516,3.299887,15.167679
56.037501,88.414662,1.529475,15.926116
56.050001,88.797343,-0.374079,16.671263
56.062501,89.1549,-2.383034,17.402126
56.075001,89.487206,-4.468198,18.118464
56.087501,89.794567,-6.599358,18.820679
56.100001,90.07762,-8.745714,19.509694
56.112501,90.337247,-10.87632,20.186835
56.125001,90.574502,-12.960527,20.853707
56.137501,90.790569,-14.968418,21.51208
56.150001,90.986728,-16.871226,22.16378
56.162501,91.164358,-18.641746,22.810585
56.175001,91.324947,-20.254709,23.454136
56.187501,91.470124,-21.687146,24.095848
56.200001,91.601687,-22.918705,24.736845
56.212501,91.721641,-23.931938,25.377908
56.225001,91.832209,-24.712548,26.019447
56.237501,91.935845,-25.249593,26.66151
56.250001,92.035202,-25.535634,27.303807
56.262501,92.133093,-25.566848,27.945778
56.275001,92.232422,-25.343075,28.586673
56.287501,92.336105,-24.867823,29.225647
56.300001,92.44699,-24.148218,29.861854
56.312501,92.567779,-23.194898,30.494537
56.325001,92.700966,-22.021864,31.123081
56.337501,92.848795,-20.646273,31.747053
56.350001,93.013233,-19.088196,32.366202
56.362501,93.19596,-17.370329,32.980432
56.375001,93.398367,-15.517663,33.589749
56.387501,93.62156,-13.557128,34.194187
56.400001,93.866355,-11.517203,34.793722
56.412501,94.133269,-9.427505,35.388166
56.425001,94.422498,-7.318359,35.977072
56.437501,94.733887,-5.220357,36.559622
56.450001,95.066885,-3.163913,37.13453
56.462501,95.420503,-1.178814,37.699951
56.475001,95.793276,0.706214,38.253412
56.487501,96.183233,2.463934,38.791764
56.500001,96.587903,4.068999,39.311176
56.512501,97.004345,5.498322,39.807166
56.525001,97.429229,6.731421,40.274692
56.537501,97.858966,7.750709,40.708289
56.550001,98.289875,8.541746,41.10226
56.562501,98.718403,9.093437,41.450909
56.575001,99.141347,9.398181,41.748789
56.587501,99.556088,9.451954,41.990959
56.600001,99.960789,9.254354,42.173207
56.612501,100.354556,8.808585,42.292229
56.625001,100.737518,8.121396,42.345747
56.637501,101.110843,7.202976,42.332553
56.650001,101.476678,6.0668,42.252485
56.662501,101.838017,4.729443,42.106356
56.675001,102.19853,3.21035,41.895836
56.687501,102.562346,1.531568,41.623333
56.700001,102.933826,-0.282556,41.291868
56.712501,103.317321,-2.205711,40.90499
56.725001,103.716946,-4.209996,40.466716
56.737501,104.136346,-6.266311,39.981525
56.750001,104.578485,-8.344783,39.454396
56.762501,105.045439,-10.415208,38.890887
56.775001,105.538211,-12.447503,38.297247
56.787501,106.056563,-14.412167,37.680536
56.800001,106.598888,-16.280734,37.048746
56.812501,107.162133,-18.026222,36.410875
56.825001,107.7418,-19.623546,35.776945
56.837501,108.33204,-21.049903,35.157923
56.850001,108.925867,-22.285114,34.565525
56.862501,109.515492,-23.311902,34.011889
56.875001,110.092776,-24.116114,33.509137
56.887501,110.649766,-24.68687,33.068828
56.900001,111.179278,-25.016654,32.701383
56.912501,111.675443,-25.10134,32.415509
56.925001,112.134179,-24.940173,32.217724
56.937501,112.553499,-24.535707,32.112013
56.950001,112.933646,-23.89371,32.099668
56.962501,113.27702,-23.023056,32.179318
56.975001,113.587936,-21.93559,32.347129
56.987501,113.872234,-20.64597,32.59713
57.000001,114.136805,-19.171492,32.921618
57.012501,114.389085,-17.531876,33.311575
57.025001,114.636562,-15.74902,33.757061
57.037501,114.886329,-13.846716,34.247531
57.050001,115.144711,-11.85032,34.772076
57.062501,115.416963,-9.78639,35.319565
57.075001,115.707056,-7.682291,35.878717
57.087501,116.017517,-5.565774,36.438096
57.100001,116.349352,-3.464542,36.986076
57.112501,116.702013,-1.405814,37.510787
57.125001,117.073443,0.584109,38.000074
57.137501,117.460163,2.480246,38.441488
57.150001,117.857447,4.259316,38.822347
57.162501,118.259551,5.900067,39.129863
57.175001,118.660023,7.383563,39.351354
57.187501,119.052086,8.693408,39.474547
57.200001,119.429057,9.81592,39.487938
57.212501,119.784819,10.740243,39.381211
57.225001,120.114267,11.458423,39.145658
57.237501,120.413729,11.965442,38.774578
57.250001,120.681296,12.25922,38.263597
57.262501,120.917039,12.340609,37.610889
57.275001,121.123077,12.213367,36.817262
57.287501,121.303507,11.884131,35.886113
57.300001,121.464178,11.36237,34.823245
57.312501,121.61235,10.660319,33.636591
57.325001,121.756263,9.79289,32.33587
57.337501,121.90465,8.77753,30.932213
57.350001,122.066246,7.634039,29.437823
57.362501,122.249316,6.384322,27.865664
57.375001,122.461218,5.052083,26.229245
57.387501,122.708046,3.662463,24.542475
57.400001,122.994335,2.241622,22.819603
57.412501,123.322845,0.816278,21.07522
57.425001,123.694427,-0.58678,19.324307
57.437501,124.107976,-1.941191,17.582289
57.450001,124.560468,-3.22152,15.865073
57.462501,125.047094,-4.403727,14.189028
57.475001,125.561488,-5.4656,12.570895
57.487501,126.096056,-6.387125,11.02759
57.500001,126.642395,-7.150785,9.575913
57.512501,127.191789,-7.741785,8.232161
57.525001,127.735744,-8.148192,7.011672
57.537501,128.266545,-8.361,5.928334
57.550001,128.777764,-8.374127,4.994108
57.562501,129.264707,-8.184373,4.218605
57.575001,129.724726,-7.79133,3.608759
57.587501,130.157404,-7.197288,3.168625
57.600001,130.56457,-6.407134,2.899324
57.612501,130.950165,-5.42825,2.799113
57.625001,131.319971,-4.270421,2.863577
57.637501,131.681224,-2.945735,3.085906
57.650001,132.042155,-1.468476,3.457214
57.662501,132.411486,0.145013,3.966874
57.675001,132.797905,1.876503,4.602811
57.687501,133.209562,3.706097,5.351749
57.700001,133.653583,5.612502,6.199381
57.712501,134.135634,7.573362,7.130445
57.725001,134.659521,9.565635,8.128738
57.737501,135.226858,11.566021,9.17705
57.750001,135.836789,13.551411,10.257071
57.762501,136.485791,15.499357,11.349279
57.775001,137.167569,17.388522,12.432865
57.787501,137.873062,19.1991,13.485732
57.800001,138.590589,20.913174,14.484598
57.812501,139.306149,22.514988,15.405248
57.825001,140.003881,23.991117,16.222955
57.837501,140.666699,25.330523,16.913059
57.850001,141.277064,26.524492,17.451714
57.862501,141.817861,27.566477,17.816735
57.875001,142.273338,28.45186,17.98852
57.887501,142.630021,29.177674,17.950947
57.900001,142.877551,29.742332,17.692199
57.912501,143.009362,30.145405,17.205425
57.925001,143.023153,30.387476,16.489194
57.937501,142.921098,30.470105,15.547682
57.950001,142.709785,30.395913,14.39058
57.962501,142.39987,30.168751,13.032725
57.975001,142.00548,29.793961,11.493476
57.987501,141.543417,29.278644,9.795887
58.000001,141.03221,28.631924,7.965757
58.012501,140.491136,27.865139,6.030632
58.025001,139.939242,26.991934,4.018839
58.037501,139.394493,26.028225,1.958635
58.050001,138.873067,24.992036,-0.122484
58.062501,138.388844,23.903203,-2.198287
58.075001,137.953103,22.782979,-4.244127
58.087501,137.574414,21.653563,-6.237087
58.100001,137.258696,20.537568,-8.156006
58.112501,137.009418,19.45749,-9.981413
58.125001,136.827909,18.435172,-11.695424
58.137501,136.713733,17.491305,-13.281637
58.150001,136.66512,16.644982,-14.725048
58.162501,136.679417,15.913307,-16.012016
58.175001,136.753534,15.311068,-17.130272
58.187501,136.884377,14.850486,-18.06897
58.200001,137.06924,14.541015,-18.818781
58.212501,137.306136,14.389213,-19.37199
58.225001,137.594059,14.398655,-19.722611
58.237501,137.933161,14.569898,-19.866468
58.250001,138.324827,14.900482,-19.80127
58.262501,138.77165,15.384971,-19.526645
58.275001,139.277299,16.015023,-19.044155
58.287501,139.846288,16.779517,-18.357294
58.300001,140.483653,17.664709,-17.47149
58.312501,141.194541,18.654453,-16.394121
58.325001,141.983732,19.730486,-15.134568
58.337501,142.855112,20.87278,-13.704325
58.350001,143.811105,22.059971,-12.117145
58.362501,144.852108,23.269867,-10.389254
58.375001,145.975945,24.480024,-8.539568
58.387501,147.177401,25.668371,-6.589909
58.400001,148.447862,26.813874,-4.565157
58.412501,149.775138,27.897181,-2.493268
58.425001,151.143505,28.901224,-0.405122
58.437501,152.534002,29.811723,1.665869
58.450001,153.925009,30.617534,3.684405
58.462501,155.29306,31.31082,5.614178
58.475001,156.613867,31.887006,7.418954
58.487501,157.863438,32.344528,9.063762
58.500001,159.019206,32.684393,10.516098
58.512501,160.06107,32.909605,11.747043
58.525001,160.972251,33.024512,12.732214
58.537501,161.739941,33.034146,13.452496
58.550001,162.355699,32.943628,13.894525
58.562501,162.815632,32.757691,14.050945
58.575001,163.120366,32.480357,13.920439
58.587501,163.274854,32.114795,13.507588
58.600001,163.288051,31.663353,12.822567
58.612501,163.172469,31.127753,11.880717
58.625001,162.943641,30.509412,10.701995
58.637501,162.619495,29.809851,9.310336
58.650001,162.219672,29.031131,7.732937
58.662501,161.764782,28.176282,5.999486
58.675001,161.275656,27.249661,4.141379
58.687501,160.772615,26.257218,2.190944
58.700001,160.274793,25.206621,0.180738
58.712501,159.799558,24.107253,-1.857087
58.725001,159.362062,22.970062,-3.891286
58.737501,158.974932,21.807298,-5.891919
58.750001,158.648104,20.632146,-7.830622
58.762501,158.388809,19.458293,-9.680784
58.775001,158.201677,18.299473,-11.417645
58.787501,158.088951,17.168995,-13.01836
58.800001,158.050775,16.079316,-14.46203
58.812501,158.085538,15.041652,-15.729754
58.825001,158.190248,14.065659,-16.804695
58.837501,158.360901,13.159188,-17.672175
58.850001,158.592847,12.328123,-18.31981
58.862501,158.881112,11.57629,-18.737651
58.875001,159.220677,10.905439,-18.918361
58.887501,159.606695,10.31529,-18.857372
58.900001,160.034641,9.803629,-18.553037
58.912501,160.500395,9.366452,-18.006759
58.925001,161.000255,8.998141,-17.223076
58.937501,161.530888,8.69167,-16.209703
58.950001,162.089239,8.438841,-14.977527
58.962501,162.672395,8.230527,-13.540546
58.975001,163.277444,8.056944,-11.915756
58.987501,163.901322,7.907928,-10.122981
59.000001,164.540692,7.773216,-8.184651
59.012501,165.191852,7.642732,-6.125526
59.025001,165.850696,7.506854,-3.972372
59.037501,166.512734,7.356664,-1.753588
59.050001,167.173163,7.184162,0.501212
59.062501,167.827011,6.982437,2.76165
59.075001,168.46931,6.745781,4.997058
59.087501,169.095314,6.469744,7.17697
59.100001,169.700726,6.151143,9.271612
59.112501,170.281922,5.787996,11.252381
59.125001,170.836157,5.379434,13.092294
59.137501,171.36173,4.925561,14.766405
59.150001,171.858099,4.427315,16.252172
59.162501,172.325956,3.886314,17.529775
59.175001,172.767223,3.304723,18.582377
59.187501,173.185013,2.68514,19.39633
59.200001,173.583525,2.030516,19.961327
59.212501,173.9679,1.344104,20.270502
59.225001,174.344033,0.62944,20.320479
59.237501,174.718355,-0.109651,20.111379
59.250001,175.097589,-0.869039,19.64678
59.262501,175.48849,-1.64427,18.933653
59.275001,175.897567,-2.430558,17.982249
59.287501,176.330819,-3.222809,16.805972
59.300001,176.793466,-4.015666,15.42121
59.312501,177.289711,-4.803617,13.847156
59.325001,177.822531,-5.581126,12.105585
59.337501,178.393512,-6.342823,10.220618
59.350001,179.002744,-7.08372,8.218439
59.362501,179.648776,-7.799444,6.126989
59.375001,-179.671359,-8.486482,3.975608
59.387501,-178.962048,-9.142399,1.794649
59.400001,-178.228943,-9.766022,-0.384957
59.412501,-177.47875,-10.357574,-2.532159
59.425001,-176.718989,-10.918724,-4.616268
59.437501,-175.957733,-11.452576,-6.607449
59.450001,-175.20336,-11.963562,-8.477199
59.462501,-174.464315,-12.457265,-10.198804
59.475001,-173.74893,-12.940174,-11.747749
59.487501,-173.065272,-13.419383,-13.102085
59.500001,-172.421047,-13.902261,-14.242724
59.512501,-171.823551,-14.396094,-15.153674
59.525001,-171.279648,-14.907732,-15.822203
59.537501,-170.795762,-15.443253,-16.238946
59.550001,-170.377881,-16.007655,-16.397947
59.562501,-170.031531,-16.60459,-16.296662
59.575001,-169.761732,-17.236157,-15.935915
59.587501,-169.572905,-17.902761,-15.319834
59.600001,-169.468736,-18.603036,-14.45577
59.612501,-169.451985,-19.333864,-13.3542
59.625001,-169.524268,-20.090466,-12.028643
59.637501,-169.685798,-20.866583,-10.495564
59.650001,-169.935116,-21.654748,-8.774294
59.662501,-170.268845,-22.446621,-6.886926
59.675001,-170.681468,-23.233393,-4.858202
59.687501,-171.16518,-24.006227,-2.71536
59.700001,-171.70983,-24.756708,-0.487917
59.712501,-172.302974,-25.477281,1.79262
59.725001,-172.930046,-26.161624,4.093133
59.737501,-173.574658,-26.804944,6.379368
59.750001,-174.219001,-27.404148,8.616492
59.762501,-174.844334,-27.957891,10.769727
59.775001,-175.431513,-28.46647,12.805006
59.787501,-175.961535,-28.931589,14.689648
59.800001,-176.416048,-29.356003,16.392996
59.812501,-176.777809,-29.743071,17.886995
59.825001,-177.031076,-30.096258,19.146707
59.837501,-177.161919,-30.418624,20.150732
59.850001,-177.158488,-30.71234,20.881569
59.862501,-177.011226,-30.978275,21.325902
59.875001,-176.713076,-31.215675,21.474857
59.887501,-176.259689,-31.421984,21.324213
59.900001,-175.649634,-31.592803,20.874603
59.912501,-174.88463,-31.722017,20.131677
59.925001,-173.969743,-31.802091,19.106221
59.937501,-172.913541,-31.824525,17.814196
59.950001,-171.728147,-31.780442,16.276655
59.962501,-170.429121,-31.66129,14.519492
59.975001,-169.035159,-31.459588,12.572982
59.987501,-167.567552,-31.169676,10.471109
