time,phi_dot_deg_per_sec,theta_dot_deg_per_sec,psi_dot_deg_per_sec
0,0,0,0
0.0125,0.525115,0.999116,0.182119
0.025,0.534146,0.993809,0.543923
0.0375,0.551867,0.983167,0.898453
0.05,0.577609,0.967158,1.240945
0.0625,0.610392,0.945771,1.566763
0.075,0.648961,0.919065,1.871455
0.0875,0.691825,0.887218,2.150804
0.1,0.737316,0.85058,2.400891
0.1125,0.783657,0.809716,2.618155
0.125,0.829032,0.765441,2.79945
0.1375,0.871675,0.718831,2.942117
0.15,0.909942,0.671216,3.044037
0.1625,0.942388,0.624149,3.103693
0.175,0.967822,0.579347,3.120209
0.1875,0.985346,0.538625,3.093383
0.2,0.994373,0.5038,3.023702
0.2125,0.994608,0.476605,2.912332
0.225,0.986019,0.458593,2.761093
0.2375,0.968781,0.451054,2.572415
0.25,0.943207,0.454942,2.349274
0.2625,0.909677,0.470826,2.09512
0.275,0.868575,0.498851,1.8138
0.2875,0.820229,0.538722,1.509463
0.3,0.764882,0.589703,1.186486
0.3125,0.702677,0.650634,0.84938
0.325,0.633669,0.719959,0.502721
0.3375,0.557862,0.795767,0.151072
0.35,0.475263,0.875842,-0.201076
0.3625,0.385955,0.95773,-0.549348
0.375,0.290179,1.038812,-0.889526
0.3875,0.188416,1.116391,-1.217564
0.4,0.081465,1.187789,-1.52959
0.4125,-0.029487,1.250456,-1.821901
0.425,-0.142816,1.302083,-2.090938
0.4375,-0.256442,1.34071,-2.333267
0.45,-0.367831,1.364835,-2.54556
0.4625,-0.47404,1.373503,-2.724592
0.475,-0.571796,1.36637,-2.867266
0.4875,-0.657613,1.34373,-2.970658
0.5,-0.727945,1.30651,-3.03211
0.5125,-0.779361,1.256209,-3.049343
0.525,-0.808736,1.19479,-3.020595
0.5375,-0.813436,1.12454,-2.944766
0.55,-0.79148,1.047884,-2.821556
0.5625,-0.741671,0.967187,-2.651573
0.575,-0.663664,0.884562,-2.436399
0.5875,-0.557999,0.801688,-2.178605
0.6,-0.426068,0.719673,-1.881728
0.6125,-0.270056,0.638968,-1.550199
0.625,-0.092862,0.559344,-1.189255
0.6375,0.101989,0.479933,-0.804829
0.65,0.310423,0.399329,-0.403453
0.6625,0.52789,0.315754,0.007842
0.675,0.749423,0.227259,0.421631
0.6875,0.96971,0.131963,0.830194
0.7,1.183202,0.028298,1.225659
0.7125,1.384252,-0.084745,1.600176
0.725,1.567323,-0.207413,1.946148
0.7375,1.727256,-0.339027,2.256505
0.75,1.859571,-0.477911,2.525023
0.7625,1.960784,-0.621397,2.746626
0.775,2.028674,-0.765938,2.91766
0.7875,2.062475,-0.907308,3.036056
0.8,2.06293,-1.040865,3.101386
0.8125,2.032206,-1.16186,3.114769
0.825,1.973678,-1.265748,3.078654
0.8375,1.891613,-1.348466,2.99652
0.85,1.790801,-1.406658,2.872532
0.8625,1.676184,-1.437829,2.711214
0.875,1.552524,-1.440425,2.517163
0.8875,1.424135,-1.413849,2.294855
0.9,1.294697,-1.358417,2.048513
0.9125,1.167136,-1.27528,1.782066
0.925,1.04358,-1.16632,1.499147
0.9375,0.925368,-1.034033,1.203143
0.95,0.813099,-0.881419,0.897252
0.9625,0.70672,-0.711869,0.58454
0.975,0.605639,-0.529076,0.26799
0.9875,0.508846,-0.336943,-0.049472
1,0.415066,-0.139512,-0.364964
1.0125,0.322898,0.059097,-0.675655
1.025,0.23097,0.254755,-0.978778
1.0375,0.138079,0.443385,-1.271647
1.05,0.043328,0.621027,-1.551665
1.0625,-0.053764,0.783914,-1.816322
1.075,-0.153161,0.928556,-2.063169
1.0875,-0.254246,1.051829,-2.289794
1.1,-0.355782,1.151066,-2.493771
1.1125,-0.455906,1.224155,-2.672616
1.125,-0.552156,1.269619,-2.823758
1.1375,-0.641554,1.28668,-2.944531
1.15,-0.720717,1.275308,-3.032208
1.1625,-0.786025,1.236221,-3.084083
1.175,-0.833839,1.170851,-3.097611
1.1875,-0.860743,1.081266,-3.070599
1.2,-0.863819,0.970039,-3.001431
1.2125,-0.840911,0.840088,-2.889307
1.225,-0.790866,0.694484,-2.734466
1.2375,-0.713707,0.536252,-2.538361
1.25,-0.610733,0.368196,-2.303754
1.2625,-0.484508,0.192748,-2.034727
1.275,-0.338768,0.011886,-1.736585
1.2875,-0.17823,-0.172884,-1.415676
1.3,-0.008337,-0.360483,-1.079139
1.3125,0.165041,-0.550139,-0.734601
1.325,0.335923,-0.741238,-0.389856
1.3375,0.498541,-0.933141,-0.052531
1.35,0.647632,-1.125008,0.270218
1.3625,0.778701,-1.315654,0.571981
1.375,0.888238,-1.503443,0.847316
1.3875,0.973857,-1.686257,1.091896
1.4,1.034376,-1.861512,1.302582
1.4125,1.069809,-2.026247,1.477414
1.425,1.08129,-2.177256,1.615519
1.4375,1.070927,-2.311254,1.716962
1.45,1.041623,-2.425049,1.782546
1.4625,0.996857,-2.515714,1.813598
1.475,0.940472,-2.580735,1.811763
1.4875,0.876471,-2.61813,1.778822
1.5,0.808831,-2.626522,1.716562
1.5125,0.741345,-2.605184,1.626688
1.525,0.677495,-2.554036,1.510801
1.5375,0.620338,-2.473622,1.370415
1.55,0.572411,-2.365043,1.207027
1.5625,0.535654,-2.229892,1.022204
1.575,0.511347,-2.070165,0.817694
1.5875,0.500052,-1.888174,0.595535
1.6,0.501597,-1.686468,0.358147
1.6125,0.515066,-1.467772,0.108391
1.625,0.538846,-1.234935,-0.150405
1.6375,0.570701,-0.990905,-0.414482
1.65,0.607901,-0.738731,-0.679725
1.6625,0.647381,-0.481563,-0.941797
1.675,0.685943,-0.222677,-1.196302
1.6875,0.720469,0.034512,-1.438973
1.7,0.748132,0.286443,-1.665859
1.7125,0.766591,0.529433,-1.873487
1.725,0.774144,0.759712,-2.058991
1.7375,0.769825,0.9735,-2.220177
1.75,0.753452,1.167095,-2.355538
1.7625,0.725604,1.336985,-2.464205
1.775,0.687553,1.479966,-2.545857
1.7875,0.641158,1.593252,-2.600601
1.8,0.588731,1.67458,-2.628844
1.8125,0.532887,1.722285,-2.631171
1.825,0.476395,1.73536,-2.608258
1.8375,0.42203,1.713474,-2.56081
1.85,0.372433,1.656976,-2.489551
1.8625,0.329972,1.566862,-2.39525
1.875,0.296624,1.444722,-2.278786
1.8875,0.273861,1.29267,-2.141233
1.9,0.262557,1.113262,-1.983964
1.9125,0.262921,0.909411,-1.808733
1.925,0.274464,0.6843,-1.61775
1.9375,0.296016,0.441313,-1.413703
1.95,0.32578,0.183976,-1.199736
1.9625,0.361449,-0.084087,-0.979377
1.975,0.40036,-0.359175,-0.756413
1.9875,0.439679,-0.637526,-0.534729
2,0.47661,-0.915322,-0.31813
2.0125,0.508582,-1.188693,-0.110169
2.025,0.533433,-1.453734,0.086008
2.0375,0.549533,-1.706536,0.26777
2.05,0.555874,-1.943226,0.433059
2.0625,0.5521,-2.160037,0.580394
2.075,0.538494,-2.353374,0.708824
2.0875,0.515929,-2.519906,0.817842
2.1,0.485788,-2.656646,0.907274
2.1125,0.449879,-2.761034,0.977158
2.125,0.410338,-2.831011,1.02763
2.1375,0.369538,-2.865072,1.058826
2.15,0.329997,-2.862307,1.070812
2.1625,0.29429,-2.822424,1.063559
2.175,0.264949,-2.745742,1.036947
2.1875,0.244359,-2.63318,0.990825
2.2,0.234638,-2.486212,0.925106
2.2125,0.237492,-2.306816,0.839902
2.225,0.254075,-2.097409,0.735685
2.2375,0.284832,-1.860779,0.613451
2.25,0.329385,-1.600013,0.474871
2.2625,0.386441,-1.318438,0.322396
2.275,0.453796,-1.019574,0.159283
2.2875,0.528409,-0.707102,-0.010464
2.3,0.606592,-0.38485,-0.182265
2.3125,0.684282,-0.056795,-0.351223
2.325,0.757376,0.272934,-0.512455
2.3375,0.822091,0.600063,-0.661432
2.35,0.875283,0.920192,-0.794302
2.3625,0.914695,1.228835,-0.908122
2.375,0.939092,1.521496,-1.000987
2.3875,0.948281,1.793752,-1.07204
2.4,0.943017,2.041363,-1.121363
2.4125,0.924836,2.260381,-1.149806
2.425,0.895841,2.447256,-1.158756
2.4375,0.858479,2.598926,-1.149913
2.45,0.815344,2.712893,-1.125087
2.4625,0.769002,2.787276,-1.086038
2.475,0.721873,2.820845,-1.03437
2.4875,0.676137,2.813034,-0.971475
2.5,0.633674,2.76394,-0.898523
2.5125,0.596035,2.674302,-0.816494
2.525,0.564406,2.545479,-0.726232
2.5375,0.539598,2.379409,-0.62852
2.55,0.522028,2.178563,-0.524161
2.5625,0.511709,1.945901,-0.414053
2.575,0.508253,1.684814,-0.299252
2.5875,0.51088,1.399078,-0.181012
2.6,0.51846,1.092794,-0.060794
2.6125,0.529574,0.77034,0.059758
2.625,0.542594,0.436318,0.178881
2.6375,0.5558,0.095501,0.294777
2.65,0.567494,-0.24722,0.40572
2.6625,0.57612,-0.586897,0.510165
2.675,0.580369,-0.918587,0.606844
2.6875,0.579255,-1.237417,0.694836
2.7,0.572161,-1.538661,0.773599
2.7125,0.558842,-1.817811,0.842972
2.725,0.539404,-2.07065,0.903135
2.7375,0.514253,-2.293333,0.954545
2.75,0.484035,-2.482443,0.997853
2.7625,0.449573,-2.635059,1.033824
2.775,0.411805,-2.748802,1.063244
2.7875,0.37174,-2.821875,1.086851
2.8,0.330422,-2.853094,1.105276
2.8125,0.288908,-2.841904,1.118994
2.825,0.248255,-2.788389,1.128306
2.8375,0.209513,-2.693267,1.133325
2.85,0.173711,-2.557876,1.133993
2.8625,0.141846,-2.384155,1.130111
2.875,0.114848,-2.17461,1.121389
2.8875,0.093542,-1.932272,1.107515
2.9,0.078591,-1.660649,1.088236
2.9125,0.070439,-1.363673,1.063447
2.925,0.06925,-1.045632,1.033272
2.9375,0.074869,-0.711105,0.998123
2.95,0.086806,-0.364895,0.95874
2.9625,0.104261,-0.011955,0.916175
2.975,0.126187,0.342684,0.871745
2.9875,0.151379,0.693977,0.826941
3,0.178596,1.03694,0.78332
3.0125,0.206674,1.366706,0.74239
3.025,0.234626,1.678595,0.705503
3.0375,0.261713,1.968172,0.673787
3.05,0.28748,2.231308,0.648097
3.0625,0.311751,2.464231,0.629011
3.075,0.334603,2.663585,0.616844
3.0875,0.356312,2.826472,0.611678
3.1,0.377292,2.950499,0.613406
3.1125,0.398027,3.033809,0.621762
3.125,0.419008,3.075112,0.636355
3.1375,0.440677,3.073703,0.656678
3.15,0.463372,3.029477,0.682123
3.1625,0.487282,2.94293,0.711966
3.175,0.512416,2.815153,0.745365
3.1875,0.538578,2.647828,0.781347
3.2,0.565352,2.443199,0.818804
3.2125,0.592111,2.204053,0.856497
3.225,0.618042,1.933683,0.893083
3.2375,0.642194,1.635849,0.927159
3.25,0.663543,1.314725,0.957327
3.2625,0.681081,0.974847,0.982279
3.275,0.693909,0.621046,1.000885
3.2875,0.701329,0.258376,1.012289
3.3,0.702916,-0.107964,1.015979
3.3125,0.698568,-0.472717,1.011834
3.325,0.688514,-0.830646,1.000134
3.3375,0.673288,-1.176625,0.981534
3.35,0.653667,-1.505718,0.957002
3.3625,0.630592,-1.813254,0.927738
3.375,0.605071,-2.0949,0.89508
3.3875,0.578089,-2.346715,0.860415
3.4,0.550535,-2.565208,0.825106
3.4125,0.52314,-2.747382,0.790432
3.425,0.496442,-2.890769,0.757555
3.4375,0.470772,-2.99346,0.727503
3.45,0.446258,-3.054129,0.701166
3.4625,0.422839,-3.072043,0.679305
3.475,0.400298,-3.047074,0.662559
3.4875,0.378302,-2.979694,0.651454
3.5,0.356445,-2.870969,0.6464
3.5125,0.334306,-2.72254,0.647682
3.525,0.311503,-2.536601,0.655442
3.5375,0.287758,-2.315862,0.669647
3.55,0.262957,-2.063516,0.69006
3.5625,0.237196,-1.783188,0.716209
3.575,0.21082,-1.478887,0.747369
3.5875,0.184428,-1.154952,0.782567
3.6,0.158857,-0.815992,0.820613
3.6125,0.135122,-0.466825,0.860157
3.625,0.114333,-0.112416,0.899782
3.6375,0.097595,0.242187,0.938104
3.65,0.085898,0.591925,0.973875
3.6625,0.080025,0.931796,1.006073
3.675,0.080492,1.256922,1.033954
3.6875,0.087508,1.562628,1.057072
3.7,0.100987,1.844502,1.075259
3.7125,0.120577,2.098475,1.088572
3.725,0.145708,2.320872,1.097222
3.7375,0.17565,2.50848,1.101489
3.75,0.209562,2.658592,1.10165
3.7625,0.246535,2.769055,1.097906
3.775,0.285616,2.838301,1.090331
3.7875,0.32583,2.865376,1.078838
3.8,0.366184,2.849952,1.063162
3.8125,0.405678,2.792342,1.042858
3.825,0.443309,2.693487,1.017323
3.8375,0.47809,2.554948,0.985829
3.85,0.509081,2.378882,0.947577
3.8625,0.535425,2.168005,0.901762
3.875,0.556409,1.925546,0.847655
3.8875,0.571523,1.655192,0.784687
3.9,0.580528,1.361027,0.71253
3.9125,0.583507,1.047457,0.631176
3.925,0.580905,0.719139,0.540978
3.9375,0.573538,0.380908,0.442673
3.95,0.562562,0.037697,0.337362
3.9625,0.549414,-0.305527,0.226454
3.975,0.53572,-0.643831,0.11158
3.9875,0.523178,-0.972376,-0.005511
4,0.513443,-1.286476,-0.123058
4.0125,0.508013,-1.581648,-0.239388
4.025,0.508129,-1.853668,-0.352982
4.0375,0.514713,-2.09862,-0.462524
4.05,0.528314,-2.312953,-0.566898
4.0625,0.54909,-2.493528,-0.665166
4.075,0.576804,-2.637677,-0.756511
4.0875,0.610828,-2.743246,-0.840172
4.1,0.650157,-2.808643,-0.915359
4.1125,0.693428,-2.832879,-0.98118
4.125,0.738939,-2.815598,-1.036579
4.1375,0.784681,-2.757097,-1.080291
4.15,0.828385,-2.658337,-1.110836
4.1625,0.867595,-2.520933,-1.126553
4.175,0.899776,-2.347132,-1.12568
4.1875,0.922458,-2.139765,-1.106492
4.2,0.933421,-1.902186,-1.067479
4.2125,0.930908,-1.63819,-1.007564
4.225,0.913837,-1.35191,-0.926325
4.2375,0.881988,-1.047715,-0.82419
4.25,0.836132,-0.730099,-0.702581
4.2625,0.778054,-0.403589,-0.563944
4.275,0.710476,-0.072663,-0.411683
4.2875,0.636853,0.258304,-0.249964
4.3,0.561087,0.585073,-0.083437
4.3125,0.487188,0.903553,0.083095
4.325,0.418927,1.209803,0.24501
4.3375,0.359547,1.500037,0.398151
4.35,0.311538,1.77063,0.539028
4.3625,0.276521,2.018145,0.664924
4.375,0.255217,2.239375,0.773896
4.3875,0.247501,2.4314,0.864704
4.4,0.252508,2.591646,0.936677
4.4125,0.26877,2.717962,0.989554
4.425,0.294361,2.808677,1.023328
4.4375,0.327035,2.862663,1.038097
4.45,0.364353,2.879377,1.03396
4.4625,0.403795,2.858883,1.010945
4.475,0.44285,2.801862,0.968982
4.4875,0.479115,2.709602,0.90792
4.5,0.510382,2.58396,0.827581
4.5125,0.534728,2.427318,0.727847
4.525,0.550614,2.242512,0.60877
4.5375,0.556974,2.032758,0.470692
4.55,0.553302,1.801568,0.31436
4.5625,0.539713,1.552663,0.141026
4.575,0.516977,1.289897,-0.04749
4.5875,0.486499,1.017188,-0.248786
4.6,0.450263,0.738468,-0.459915
4.6125,0.410712,0.457645,-0.677476
4.625,0.370588,0.178587,-0.897754
4.6375,0.332743,-0.094893,-1.11689
4.65,0.299935,-0.359038,-1.331061
4.6625,0.274628,-0.610158,-1.536653
4.675,0.258829,-0.844654,-1.730398
4.6875,0.253951,-1.059049,-1.90947
4.7,0.260741,-1.250042,-2.071525
4.7125,0.279244,-1.414579,-2.21469
4.725,0.308828,-1.54993,-2.33751
4.7375,0.348234,-1.653777,-2.438855
4.75,0.395662,-1.724298,-2.51783
4.7625,0.448879,-1.760243,-2.573669
4.775,0.505334,-1.760991,-2.605668
4.7875,0.562288,-1.726596,-2.613132
4.8,0.616951,-1.657795,-2.595378
4.8125,0.666627,-1.555995,-2.55177
4.825,0.70886,-1.423234,-2.481802
4.8375,0.741584,-1.262109,-2.385204
4.85,0.763261,-1.075683,-2.262076
4.8625,0.773008,-0.867381,-2.113012
4.875,0.770678,-0.640866,-1.939209
4.8875,0.756905,-0.399932,-1.742536
4.9,0.733087,-0.148399,-1.525547
4.9125,0.70131,0.109967,-1.291442
4.925,0.664219,0.371507,-1.043957
4.9375,0.624833,0.632702,-0.78722
4.95,0.586347,0.890176,-0.525566
4.9625,0.551904,1.140683,-0.263349
4.975,0.524396,1.381095,-0.004764
4.9875,0.506282,1.608385,0.246302
5,0.499444,1.819627,0.486368
5.0125,0.505089,2.012014,0.712413
5.025,0.523699,2.182896,0.921877
5.0375,0.555013,2.329834,1.112605
5.05,0.598043,2.450682,1.282774
5.0625,0.65112,2.543663,1.430785
5.075,0.711949,2.607457,1.555148
5.0875,0.777685,2.641282,1.654387
5.1,0.845022,2.644954,1.726955
5.1125,0.910288,2.618932,1.771199
5.125,0.969573,2.564326,1.785361
5.1375,1.018873,2.482877,1.767638
5.15,1.054261,2.376891,1.716301
5.1625,1.072084,2.249142,1.629852
5.175,1.069179,2.102732,1.507227
5.1875,1.043089,1.940936,1.348014
5.2,0.992268,1.76702,1.152663
5.2125,0.916246,1.584078,0.922663
5.225,0.815736,1.394882,0.660663
5.2375,0.692674,1.201776,0.370517
5.25,0.550177,1.006632,0.05725
5.2625,0.392422,0.810857,-0.27307
5.275,0.224456,0.615477,-0.613523
5.2875,0.051944,0.421264,-0.956603
5.3,-0.119129,0.228904,-1.29452
5.3125,-0.282773,0.039172,-1.619534
5.325,-0.433328,-0.146897,-1.924287
5.3375,-0.565776,-0.327883,-2.20213
5.35,-0.676021,-0.501911,-2.44739
5.3625,-0.761101,-0.666645,-2.655583
5.375,-0.819318,-0.819356,-2.823537
5.3875,-0.85027,-0.957046,-2.949408
5.4,-0.854783,-1.076621,-3.032614
5.4125,-0.834751,-1.175084,-3.073668
5.425,-0.792911,-1.249729,-3.07397
5.4375,-0.732584,-1.298312,-3.035562
5.45,-0.657392,-1.319191,-2.960891
5.4625,-0.571008,-1.31142,-2.852607
5.475,-0.476925,-1.274799,-2.713411
5.4875,-0.37828,-1.209877,-2.545951
5.5,-0.277721,-1.117922,-2.352777
5.5125,-0.177314,-1.000861,-2.136342
5.525,-0.078507,-0.861201,-1.899029
5.5375,0.017885,-0.701939,-1.643193
5.55,0.111646,-0.526465,-1.371214
5.5625,0.203103,-0.338476,-1.085533
5.575,0.293045,-0.141885,-0.788677
5.5875,0.382609,0.059251,-0.483268
5.6,0.473159,0.260803,-0.17202
5.6125,0.566142,0.458634,0.142284
5.625,0.662944,0.648656,0.456803
5.6375,0.764738,0.826894,0.768655
5.65,0.872342,0.989555,1.074916
5.6625,0.986083,1.133108,1.372596
5.675,1.105679,1.254368,1.658607
5.6875,1.230143,1.350606,1.929701
5.7,1.357715,1.419654,2.182414
5.7125,1.485834,1.46002,2.413004
5.725,1.611157,1.471002,2.617433
5.7375,1.729641,1.452774,2.791373
5.75,1.836695,1.406452,2.930302
5.7625,1.927414,1.3341,3.029659
5.775,1.996876,1.238688,3.085095
5.7875,2.040504,1.123969,3.092777
5.8,2.05444,0.994286,3.049735
5.8125,2.035891,0.85432,2.95419
5.825,1.983406,0.708788,2.805823
5.8375,1.897029,0.562133,2.605928
5.85,1.778307,0.418236,2.357434
5.8625,1.630174,0.280186,2.064798
5.875,1.456707,0.150124,1.73377
5.8875,1.262834,0.029191,1.371108
5.9,1.054015,-0.08243,0.984257
5.9125,0.83595,-0.185391,0.581046
5.925,0.614344,-0.28099,0.169431
5.9375,0.394725,-0.370936,-0.242709
5.95,0.182311,-0.457104,-0.647738
5.9625,-0.018077,-0.541288,-1.038388
5.975,-0.202092,-0.624981,-1.407868
5.9875,-0.365936,-0.709197,-1.749969
6,-0.506435,-0.794347,-2.059169
6.0125,-0.62113,-0.880169,-2.330739
6.025,-0.708358,-0.96574,-2.560838
6.0375,-0.767319,-1.049532,-2.746587
6.05,-0.798106,-1.129545,-2.886108
6.0625,-0.801698,-1.203467,-2.978511
6.075,-0.779888,-1.26887,-3.023841
6.0875,-0.735173,-1.323409,-3.022973
6.1,-0.67059,-1.365011,-2.977483
6.1125,-0.589538,-1.392028,-2.889494
6.125,-0.495579,-1.403362,-2.761539
6.1375,-0.392261,-1.398531,-2.596434
6.15,-0.282956,-1.377699,-2.397184
6.1625,-0.170726,-1.341653,-2.166923
6.175,-0.058239,-1.291751,-1.908886
6.1875,0.052288,-1.229837,-1.626409
6.2,0.159109,-1.158144,-1.322946
6.2125,0.260931,-1.079176,-1.00209
6.225,0.356875,-0.995606,-0.667601
6.2375,0.446412,-0.910156,-0.323415
6.25,0.529289,-0.825509,0.026346
6.2625,0.605441,-0.744209,0.377394
6.275,0.674911,-0.668592,0.725303
6.2875,0.737769,-0.600714,1.065551
6.3,0.794047,-0.542302,1.393575
6.3125,0.843693,-0.494705,1.704847
6.325,0.886547,-0.458865,1.994937
6.3375,0.922342,-0.435294,2.259606
6.35,0.950723,-0.42407,2.494881
6.3625,0.9713,-0.424841,2.697146
6.375,0.983705,-0.436853,2.863218
6.3875,0.987662,-0.458993,2.990433
6.4,0.983061,-0.489849,3.076703
6.4125,0.970019,-0.527787,3.120575
6.425,0.948931,-0.571038,3.121264
6.4375,0.920491,-0.617789,3.078675
6.45,0.885698,-0.666275,2.993394
6.4625,0.845829,-0.714855,2.866669
6.475,0.802393,-0.762079,2.700374
6.4875,0.757069,-0.80673,2.496955
6.5,0.711629,-0.847846,2.259374
6.5125,0.667856,-0.884714,1.991042
6.525,0.627474,-0.916851,1.695759
6.5375,0.592067,-0.943962,1.377647
6.55,0.563022,-0.965895,1.041088
6.5625,0.541477,-0.982588,0.690667
6.575,0.528279,-0.994021,0.331117
6.5875,0.523961,-1.000178,-0.032737
6.6,0.52872,-1.001027,-0.396032
6.6125,0.542413,-0.996502,-0.753913
6.625,0.564556,-0.986523,-1.101589
6.6375,0.594341,-0.971016,-1.43438
6.65,0.630659,-0.949957,-1.747773
6.6625,0.672136,-0.923416,-2.037469
6.675,0.717179,-0.891615,-2.29944
6.6875,0.764045,-0.854979,-2.529989
6.7,0.810905,-0.814169,-2.725806
6.7125,0.855925,-0.770115,-2.884033
6.725,0.897352,-0.724012,-3.002323
6.7375,0.93359,-0.677307,-3.078901
6.75,0.963265,-0.631648,-3.112611
6.7625,0.985281,-0.588823,-3.102956
6.775,0.998848,-0.550676,-3.050123
6.7875,1.003485,-0.519012,-2.954984
6.8,0.998997,-0.495508,-2.819081
6.8125,0.985433,-0.481612,-2.644589
6.825,0.963026,-0.478474,-2.434262
6.8375,0.932121,-0.486873,-2.191367
6.85,0.893109,-0.507175,-1.919602
6.8625,0.846364,-0.539307,-1.623013
6.875,0.792198,-0.58275,-1.305904
6.8875,0.730839,-0.636541,-0.972758
6.9,0.66243,-0.699306,-0.628148
6.9125,0.587053,-0.76929,-0.276669
6.925,0.504774,-0.844409,0.077132
6.9375,0.415711,-0.922313,0.428803
6.95,0.320103,-1.000454,0.774032
6.9625,0.218398,-1.076174,1.108668
6.975,0.111334,-1.146803,1.428732
6.9875,0.000002,-1.20976,1.730409
7,-0.11409,-1.262666,2.010034
7.0125,-0.228988,-1.303461,2.264071
7.025,-0.34229,-1.330507,2.489096
7.0375,-0.451176,-1.342688,2.681795
7.05,-0.552476,-1.339482,2.838973
7.0625,-0.642775,-1.321001,2.957603
7.075,-0.718558,-1.287993,3.034905
7.0875,-0.776376,-1.241801,3.068451
7.1,-0.813032,-1.184268,3.056297
7.1125,-0.825772,-1.117605,2.997131
7.125,-0.812446,-1.044217,2.890407
7.1375,-0.77165,-0.966509,2.736459
7.15,-0.702808,-0.886687,2.536576
7.1625,-0.606205,-0.806573,2.293034
7.175,-0.482976,-0.727452,2.009068
7.1875,-0.335044,-0.649968,1.688817
7.2,-0.165045,-0.574081,1.337234
7.2125,0.02376,-0.499084,0.959984
7.225,0.227563,-0.423686,0.56334
7.2375,0.44208,-0.346156,0.154089
7.25,0.662601,-0.264507,-0.260563
7.2625,0.884053,-0.176728,-0.67308
7.275,1.101072,-0.081021,-1.075714
7.2875,1.308122,0.023949,-1.460649
7.3,1.499662,0.138827,-1.820205
7.3125,1.670382,0.263392,-2.147082
7.325,1.815487,0.396439,-2.434663
7.3375,1.931013,0.53575,-2.677325
7.35,2.014125,0.678158,-2.870733
7.3625,2.06335,0.819713,-3.012063
7.375,2.078708,0.955916,-3.100118
7.3875,2.061692,1.082017,-3.135305
7.4,2.01512,1.193327,-3.119479
7.4125,1.942861,1.285519,-3.05568
7.425,1.849487,1.354878,-2.947807
7.4375,1.739896,1.398494,-2.800273
7.45,1.618961,1.414373,-2.617702
7.4625,1.491226,1.401483,-2.404685
7.475,1.360678,1.359732,-2.165616
7.4875,1.2306,1.289908,-1.904609
7.5,1.103491,1.19358,-1.625482
7.5125,0.981051,1.072987,-1.331775
7.525,0.864214,0.930923,-1.026811
7.5375,0.753222,0.77062,-0.71375
7.55,0.647729,0.595652,-0.395643
7.5625,0.546919,0.409841,-0.075469
7.575,0.449648,0.217174,0.243845
7.5875,0.35459,0.021742,0.559424
7.6,0.260385,-0.172334,0.868448
7.6125,0.16579,-0.36096,1.168174
7.625,0.069815,-0.540139,1.455938
7.6375,-0.028154,-0.706042,1.729159
7.65,-0.128253,-0.855089,1.985324
7.6625,-0.230056,-0.984036,2.221959
7.675,-0.332533,-1.090072,2.43659
7.6875,-0.434024,-1.170905,2.626699
7.7,-0.532263,-1.224855,2.789692
7.7125,-0.624439,-1.250927,2.922883
7.725,-0.707296,-1.248856,3.023517
7.7375,-0.777289,-1.219132,3.088842
7.75,-0.830786,-1.162972,3.116228
7.7625,-0.8643,-1.082256,3.103347
7.775,-0.874761,-0.979412,3.048383
7.7875,-0.859781,-0.857263,2.950271
7.8,-0.817901,-0.71884,2.808924
7.8125,-0.748785,-0.567185,2.62542
7.825,-0.65334,-0.405162,2.402119
7.8375,-0.533736,-0.235298,2.142696
7.85,-0.393339,-0.059678,1.852079
7.8625,-0.236547,0.120097,1.536291
7.875,-0.068557,0.302881,1.202224
7.8875,0.104913,0.48789,0.857355
7.9,0.277933,0.674553,0.509434
7.9125,0.444672,0.862344,0.166166
7.925,0.599698,1.050591,-0.165106
7.9375,0.738244,1.238323,-0.477677
7.95,0.856437,1.424142,-0.765717
7.9625,0.951468,1.606164,-1.024451
7.975,1.021696,1.782016,-1.250257
7.9875,1.066673,1.948896,-1.440696
8,1.087098,2.103694,-1.59445
8.0125,1.084707,2.243144,-1.711204
8.025,1.062101,2.363998,-1.79146
8.0375,1.022549,2.463202,-1.836338
8.05,0.969771,2.538058,-1.847358
8.0625,0.907733,2.586351,-1.826256
8.075,0.840447,2.606448,-1.774824
8.0875,0.771808,2.597351,-1.69481
8.1,0.705452,2.558716,-1.587867
8.1125,0.644629,2.490833,-1.455556
8.125,0.592109,2.394579,-1.299392
8.1375,0.550093,2.271349,-1.120926
8.15,0.520143,2.122974,-0.921848
8.1625,0.503124,1.951632,-0.704097
8.175,0.499167,1.759766,-0.469959
8.1875,0.50766,1.55001,-0.222142
8.2,0.527271,1.325137,0.036185
8.2125,0.556009,1.088022,0.301401
8.225,0.591331,0.841633,0.569495
8.2375,0.630291,0.589034,0.836175
8.25,0.669723,0.333404,1.097018
8.2625,0.70645,0.078053,1.347651
8.275,0.7375,-0.173563,1.583942
8.2875,0.760308,-0.417849,1.802166
8.3,0.772884,-0.651106,1.999161
8.3125,0.773942,-0.869583,2.172411
8.325,0.762967,-1.069566,2.32009
8.3375,0.740216,-1.247477,2.441035
8.35,0.706679,-1.399995,2.534679
8.3625,0.663981,-1.524168,2.60094
8.375,0.614261,-1.61752,2.640093
8.3875,0.560023,-1.678143,2.652653
8.4,0.50399,-1.704764,2.639267
8.4125,0.44895,-1.696778,2.600641
8.425,0.39761,-1.654258,2.537513
8.4375,0.352457,-1.57794,2.450661
8.45,0.315632,-1.46917,2.340952
8.4625,0.288805,-1.329849,2.209423
8.475,0.273082,-1.162348,2.057369
8.4875,0.268924,-0.969423,1.886441
8.5,0.276102,-0.754134,1.698718
8.5125,0.293696,-0.519764,1.496752
8.525,0.320133,-0.269756,1.283557
8.5375,0.353287,-0.007668,1.062561
8.55,0.390612,0.262861,0.837494
8.5625,0.429326,0.538121,0.612244
8.575,0.466603,0.814346,0.390683
8.5875,0.499777,1.087708,0.176492
8.6,0.526522,1.354339,-0.027002
8.6125,0.545002,1.610344,-0.216947
8.625,0.553974,1.851848,-0.39105
8.6375,0.552841,2.075046,-0.547595
8.65,0.541653,2.276277,-0.685418
8.6625,0.521077,2.452109,-0.803831
8.675,0.492323,2.599416,-0.902522
8.6875,0.457066,2.715474,-0.981434
8.7,0.417351,2.798029,-1.040647
8.7125,0.375501,2.845362,-1.080272
8.725,0.334026,2.856341,-1.100373
8.7375,0.295534,2.830443,-1.100917
8.75,0.262632,2.767763,-1.081773
8.7625,0.237828,2.669004,-1.042752
8.775,0.22341,2.535438,-0.983686
8.7875,0.221307,2.368865,-0.904559
8.8,0.232945,2.171542,-0.805657
8.8125,0.259087,1.946117,-0.687742
8.825,0.299696,1.695557,-0.552214
8.8375,0.353828,1.42308,-0.401242
8.85,0.419594,1.132102,-0.237824
8.8625,0.4942,0.8262,-0.065767
8.875,0.574101,0.509095,0.110446
8.8875,0.65524,0.184652,0.285887
8.9,0.733375,-0.143119,0.455493
8.9125,0.804438,-0.470052,0.614421
8.925,0.864889,-0.791841,0.758392
8.9375,0.912007,-1.104064,0.883971
8.95,0.944073,-1.402243,0.988749
8.9625,0.960443,-1.681928,1.071398
8.975,0.961498,-1.938798,1.131616
8.9875,0.948499,-2.16877,1.169967
9,0.923384,-2.368115,1.187668
9.0125,0.888538,-2.533553,1.186354
9.025,0.846579,-2.662342,1.167854
9.0375,0.800167,-2.752338,1.134011
9.05,0.751858,-2.802039,1.086547
9.0625,0.703998,-2.810608,1.026983
9.075,0.65865,-2.777876,0.956616
9.0875,0.617547,-2.704328,0.876526
9.1,0.582067,-2.591083,0.78763
9.1125,0.553204,-2.439853,0.690749
9.125,0.531558,-2.252908,0.586686
9.1375,0.517322,-2.033018,0.476309
9.15,0.510275,-1.78341,0.360621
9.1625,0.509792,-1.507711,0.240813
9.175,0.514872,-1.209893,0.118284
9.1875,0.524187,-0.894225,-0.005368
9.2,0.536164,-0.565216,-0.128391
9.2125,0.549082,-0.227566,-0.248959
9.225,0.561192,0.113886,-0.365274
9.2375,0.570839,0.454221,-0.475672
9.25,0.576575,0.788498,-0.57873
9.2625,0.577248,1.111819,-0.673345
9.275,0.572067,1.4194,-0.758791
9.2875,0.560618,1.706646,-0.834726
9.3,0.542858,1.969222,-0.901171
9.3125,0.519074,2.203133,-0.958454
9.325,0.489826,2.404787,-1.007136
9.3375,0.455888,2.571064,-1.047924
9.35,0.41818,2.699369,-1.081582
9.3625,0.37772,2.787675,-1.10885
9.375,0.335582,2.834557,-1.130378
9.3875,0.292871,2.839217,-1.146675
9.4,0.250705,2.801495,-1.158076
9.4125,0.210201,2.721867,-1.164725
9.425,0.172467,2.601443,-1.166584
9.4375,0.138583,2.441938,-1.16346
9.45,0.10957,2.245653,-1.155051
9.4625,0.086353,2.01543,-1.141017
9.475,0.069698,1.754606,-1.121058
9.4875,0.060149,1.466963,-1.095014
9.5,0.057966,1.156662,-1.062949
9.5125,0.063069,0.828176,-1.025231
9.525,0.075014,0.486225,-0.982571
9.5375,0.093008,0.135702,-0.936033
9.55,0.115962,-0.218397,-0.886983
9.5625,0.142588,-0.571043,-0.83701
9.575,0.171518,-0.917238,-0.787803
9.5875,0.201436,-1.252084,-0.741032
9.6,0.231192,-1.570839,-0.698222
9.6125,0.259892,-1.868983,-0.660669
9.625,0.286945,-2.142277,-0.62938
9.6375,0.312077,-2.386815,-0.605057
9.65,0.335304,-2.599084,-0.588106
9.6625,0.35688,-2.776009,-0.578676
9.675,0.377237,-2.915,-0.576698
9.6875,0.396909,-3.013992,-0.58193
9.7,0.416466,-3.071473,-0.593996
9.7125,0.436448,-3.086511,-0.612407
9.725,0.457311,-3.058764,-0.636573
9.7375,0.479374,-2.988494,-0.665805
9.75,0.502783,-2.876558,-0.699304
9.7625,0.527479,-2.724406,-0.736147
9.775,0.553178,-2.534059,-0.77528
9.7875,0.579372,-2.308089,-0.815515
9.8,0.605341,-2.049586,-0.855541
9.8125,0.63019,-1.762121,-0.893958
9.825,0.652909,-1.449701,-0.929333
9.8375,0.672449,-1.116716,-0.960274
9.85,0.687817,-0.76788,-0.985517
9.8625,0.69817,-0.408157,-1.004022
9.875,0.702902,-0.042693,-1.015059
9.8875,0.701709,0.323269,-1.018268
9.9,0.694616,0.684475,-1.01369
9.9125,0.681975,1.035741,-1.00176
9.925,0.664419,1.372039,-0.983264
9.9375,0.642791,1.688579,-0.959265
9.95,0.618057,1.980874,-0.931017
9.9625,0.591212,2.244813,-0.899869
9.975,0.563196,2.476713,-0.867187
9.9875,0.534831,2.673369,-0.834281
10,0.506767,2.832096,-0.802362
10.0125,0.479464,2.950756,-0.772511
10.025,0.45318,3.027789,-0.745672
10.0375,0.427986,3.062228,-0.722652
10.05,0.403791,3.053708,-0.704125
10.0625,0.380371,3.002467,-0.690642
10.075,0.357414,2.909343,-0.682636
10.0875,0.334573,2.775759,-0.680412
10.1,0.311512,2.6037,-0.684138
10.1125,0.28797,2.395687,-0.693824
10.125,0.263811,2.154735,-0.709296
10.1375,0.239077,1.884317,-0.730169
10.15,0.214022,1.58831,-0.755834
10.1625,0.189128,1.270946,-0.785453
10.175,0.165093,0.936751,-0.817985
10.1875,0.14279,0.590485,-0.852233
10.2,0.1232,0.237082,-0.88692
10.2125,0.107317,-0.11842,-0.920779
10.225,0.096058,-0.470943,-0.952646
10.2375,0.090172,-0.815443,-0.981545
10.25,0.090176,-1.146978,-1.006746
10.2625,0.096315,-1.460783,-1.027791
10.275,0.108564,-1.752336,-1.04448
10.2875,0.126647,-2.017431,-1.056831
10.3,0.150079,-2.25224,-1.065017
10.3125,0.178218,-2.45337,-1.069292
10.325,0.210311,-2.617922,-1.069915
10.3375,0.245532,-2.743532,-1.067085
10.35,0.283008,-2.828409,-1.06089
10.3625,0.321841,-2.871363,-1.051266
10.375,0.361109,-2.871828,-1.037979
10.3875,0.399872,-2.829869,-1.020617
10.4,0.437179,-2.746187,-0.998608
10.4125,0.472077,-2.622105,-0.97124
10.425,0.503636,-2.459551,-0.937711
10.4375,0.530985,-2.261026,-0.897189
10.45,0.55336,-2.029566,-0.848883
10.4625,0.570167,-1.768687,-0.792127
10.475,0.581044,-1.482327,-0.726461
10.4875,0.585929,-1.174778,-0.651715
10.5,0.585096,-0.850615,-0.568059
10.5125,0.57919,-0.514619,-0.476044
10.525,0.569204,-0.171704,-0.376593
10.5375,0.556442,0.173157,-0.270963
10.55,0.542435,0.514997,-0.160672
10.5625,0.528837,0.848922,-0.047401
10.575,0.517308,1.170166,0.067114
10.5875,0.5094,1.47415,0.181181
10.6,0.506453,1.756533,0.293239
10.6125,0.509515,2.013267,0.401907
10.625,0.519289,2.240644,0.50601
10.6375,0.536097,2.435358,0.604558
10.65,0.559875,2.594547,0.69671
10.6625,0.590174,2.715848,0.781709
10.675,0.62617,2.797446,0.858802
10.6875,0.666681,2.838108,0.927174
10.7,0.710185,2.837224,0.985867
10.7125,0.754846,2.794827,1.033737
10.725,0.798553,2.711609,1.069429
10.7375,0.838979,2.588919,1.091391
10.75,0.873669,2.428746,1.097934
10.7625,0.900169,2.233685,1.087342
10.775,0.916189,2.006878,1.058027
10.7875,0.919799,1.751946,1.008735
10.8,0.909639,1.472896,0.938757
10.8125,0.885121,1.174015,0.848138
10.825,0.846575,0.859773,0.737841
10.8375,0.795326,0.534716,0.609829
10.85,0.733653,0.203382,0.467037
10.8625,0.664646,-0.129768,0.313235
10.875,0.591954,-0.460388,0.152788
10.8875,0.519471,-0.784275,-0.009653
10.9,0.450995,-1.097378,-0.169483
10.9125,0.389919,-1.3958,-0.322437
10.925,0.338982,-1.675809,-0.46483
10.9375,0.300112,-1.933858,-0.593697
10.95,0.274362,-2.166622,-0.706828
10.9625,0.261932,-2.371049,-0.802735
10.975,0.262255,-2.544416,-0.880532
10.9875,0.274118,-2.684402,-0.939797
11,0.295801,-2.789148,-0.980407
11.0125,0.325219,-2.85732,-1.002397
11.025,0.360046,-2.888153,-1.005834
11.0375,0.397829,-2.881483,-0.990738
11.05,0.436089,-2.837765,-0.957038
11.0625,0.472408,-2.758061,-0.904575
11.075,0.504524,-2.64402,-0.833139
11.0875,0.530421,-2.497835,-0.742548
11.1,0.548419,-2.322181,-0.632749
11.1125,0.557275,-2.120144,-0.503932
11.125,0.556271,-1.895138,-0.356657
11.1375,0.545287,-1.650824,-0.191953
11.15,0.52485,-1.391026,-0.0114
11.1625,0.496135,-1.119659,0.182834
11.175,0.460923,-0.840674,0.388015
11.1875,0.421509,-0.558014,0.600916
11.2,0.38055,-0.27559,0.817935
11.2125,0.340888,0.002733,1.035264
11.225,0.305346,0.273145,1.249066
11.2375,0.276524,0.531897,1.455657
11.25,0.256619,0.775317,1.651654
11.2625,0.247279,0.999845,1.834098
11.275,0.249502,1.202072,2.000503
11.2875,0.263594,1.378813,2.148871
11.3,0.289167,1.527175,2.277648
11.3125,0.325186,1.644649,2.385641
11.325,0.370045,1.729191,2.471924
11.3375,0.42166,1.779302,2.535733
11.35,0.477591,1.794098,2.57638
11.3625,0.535156,1.773355,2.593193
11.375,0.591572,1.717534,2.585493
11.3875,0.644087,1.62778,2.552618
11.4,0.690128,1.505887,2.493987
11.4125,0.727451,1.354248,2.409199
11.425,0.754279,1.175762,2.298157
11.4375,0.76944,0.973739,2.161205
11.45,0.772465,0.751785,1.999241
11.4625,0.763655,0.513683,1.813813
11.475,0.744089,0.263287,1.607154
11.4875,0.715572,0.004434,1.38217
11.5,0.680532,-0.259129,1.142354
11.5125,0.641855,-0.523779,0.89166
11.525,0.602687,-0.786035,0.634329
11.5375,0.566217,-1.042558,0.374701
11.55,0.535465,-1.29013,0.117024
11.5625,0.513088,-1.525645,-0.134703
11.575,0.501218,-1.746099,-0.376854
11.5875,0.501349,-1.948603,-0.606249
11.6,0.514265,-2.130413,-0.820174
11.6125,0.540009,-2.288975,-1.016349
11.625,0.577892,-2.422001,-1.192858
11.6375,0.626521,-2.52754,-1.348052
11.65,0.683859,-2.604072,-1.480434
11.6625,0.747286,-2.650579,-1.588555
11.675,0.813685,-2.666624,-1.670923
11.6875,0.879533,-2.652398,-1.725939
11.7,0.941014,-2.608744,-1.751891
11.7125,0.994152,-2.537147,-1.746981
11.725,1.034973,-2.439689,-1.709426
11.7375,1.059693,-2.318967,-1.637597
11.75,1.064924,-2.177965,-1.530211
11.7625,1.047898,-2.019911,-1.386542
11.775,1.006681,-1.848103,-1.206647
11.7875,0.940355,-1.665734,-0.991558
11.8,0.849164,-1.475742,-0.743433
11.8125,0.734576,-1.280682,-0.465641
11.825,0.599284,-1.082654,-0.162755
11.8375,0.44711,-0.883295,0.159535
11.85,0.282836,-0.683831,0.494594
11.8625,0.111974,-0.485186,0.835087
11.875,-0.059524,-0.288139,1.173273
11.8875,-0.225592,-0.093497,1.501339
11.9,-0.380384,0.097735,1.811748
11.9125,-0.518604,0.284208,2.097569
11.925,-0.635806,0.464144,2.352779
11.9375,-0.728637,0.635305,2.572497
11.95,-0.794989,0.79504,2.753135
11.9625,-0.834067,0.940395,2.892449
11.975,-0.846345,1.068268,2.989493
11.9875,-0.833431,1.175597,3.044477
12,-0.797855,1.259559,3.058561
12.0125,-0.742811,1.317744,3.033618
12.025,-0.671879,1.34831,2.971985
12.0375,-0.588763,1.350086,2.876251
12.05,-0.497052,1.322639,2.749082
12.0625,-0.400027,1.266285,2.59311
12.075,-0.300511,1.182078,2.41087
12.0875,-0.200774,1.07175,2.204787
12.1,-0.102471,0.937638,1.977205
12.1125,-0.006625,0.782601,1.730426
12.125,0.08636,0.609923,1.466763
12.1375,0.176645,0.423217,1.188585
12.15,0.264889,0.226346,0.898345
12.1625,0.352146,0.023336,0.598599
12.175,0.439745,-0.181693,0.292001
12.1875,0.529159,-0.384589,-0.018711
12.2,0.621854,-0.581229,-0.330741
12.2125,0.719146,-0.767579,-0.641245
12.225,0.822052,-0.939759,-0.947347
12.2375,0.931151,-1.094114,-1.246123
12.25,1.046461,-1.227297,-1.534573
12.2625,1.167333,-1.336367,-1.809574
12.275,1.292368,-1.418895,-2.067815
12.2875,1.419375,-1.473076,-2.305739
12.3,1.545362,-1.497841,-2.519492
12.3125,1.666595,-1.492959,-2.704922
12.325,1.778706,-1.459112,-2.857621
12.3375,1.876896,-1.39793,-2.973055
12.35,1.956197,-1.311975,-3.046765
12.3625,2.011809,-1.20465,-3.074652
12.375,2.03947,-1.080046,-3.053305
12.3875,2.03583,-0.942711,-2.980353
12.4,1.99876,-0.79737,-2.85476
12.4125,1.927576,-0.648619,-2.677051
12.425,1.823121,-0.50062,-2.449398
12.4375,1.687707,-0.356846,-2.175575
12.45,1.524932,-0.219884,-1.860785
12.4625,1.339402,-0.091344,-1.511391
12.475,1.136425,0.028147,-1.134606
12.4875,0.921693,0.138853,-0.738176
12.5,0.701019,0.241762,-0.330096
12.5125,0.480119,0.338372,0.081629
12.525,0.264453,0.430443,0.489171
12.5375,0.059108,0.51975,0.885032
12.55,-0.131289,0.607848,1.262162
12.5625,-0.302657,0.695875,1.614075
12.575,-0.451539,0.78441,1.93496
12.5875,-0.57519,0.873382,2.219785
12.6,-0.671666,0.962049,2.464398
12.6125,-0.739888,1.049052,2.66561
12.625,-0.779691,1.132511,2.821235
12.6375,-0.791813,1.210187,2.930093
12.65,-0.77785,1.279666,2.991964
12.6625,-0.740138,1.338561,3.007492
12.675,-0.681612,1.3847,2.978052
12.6875,-0.60562,1.416298,2.905609
12.7,-0.515728,1.432089,2.792565
12.7125,-0.415535,1.431406,2.641626
12.725,-0.308502,1.414229,2.455705
12.7375,-0.19781,1.381169,2.237847
12.75,-0.086261,1.333431,1.991197
12.7625,0.023789,1.272735,1.718997
12.775,0.130459,1.201221,1.424595
12.7875,0.23234,1.121341,1.111477
12.8,0.32846,1.035746,0.783288
12.8125,0.418228,0.947176,0.443855
12.825,0.50136,0.858361,0.097193
12.8375,0.5778,0.771927,-0.252502
12.85,0.647628,0.690317,-0.600875
12.8625,0.710978,0.615722,-0.943457
12.875,0.767968,0.550026,-1.275712
12.8875,0.818641,0.494759,-1.593104
12.9,0.862927,0.451061,-1.891169
12.9125,0.900634,0.419656,-2.165593
12.925,0.931459,0.400839,-2.412295
12.9375,0.955025,0.394478,-2.627508
12.95,0.970933,0.400028,-2.807869
12.9625,0.978831,0.416563,-2.950488
12.975,0.978489,0.442831,-3.053027
12.9875,0.969865,0.477319,-3.113756
13,0.953167,0.51833,-3.131598
13.0125,0.92889,0.564079,-3.106158
13.025,0.897835,0.612775,-3.037729
13.0375,0.861095,0.66271,-2.927277
13.05,0.820026,0.712332,-2.776419
13.0625,0.776193,0.760292,-2.587369
13.075,0.731299,0.805485,-2.362892
13.0875,0.68711,0.847051,-2.106231
13.1,0.645375,0.884368,-1.821052
13.1125,0.607753,0.917017,-1.51137
13.125,0.575742,0.944741,-1.181488
13.1375,0.550623,0.967398,-0.835934
13.15,0.533413,0.984905,-0.479403
13.1625,0.52483,0.997202,-0.116697
13.175,0.525266,1.004218,0.247322
13.1875,0.534775,1.005854,0.607793
13.2,0.553069,1.001987,0.959902
13.2125,0.579518,0.992489,1.29893
13.225,0.613177,0.977259,1.620308
13.2375,0.652803,0.956272,1.919664
13.25,0.696906,0.929632,2.192874
13.2625,0.743799,0.897622,2.43612
13.275,0.791663,0.860757,2.645943
13.2875,0.83863,0.819811,2.819302
13.3,0.882857,0.775838,2.953638
13.3125,0.922618,0.730159,3.046933
13.325,0.956371,0.684333,3.097761
13.3375,0.982829,0.640097,3.105338
13.35,1.000999,0.599295,3.069551
13.3625,1.010201,0.563783,2.990973
13.375,1.010062,0.535335,2.870857
13.3875,1.000484,0.515546,2.71111
13.4,0.981594,0.505741,2.514247
13.4125,0.953678,0.506906,2.283332
13.425,0.91711,0.519629,2.021896
13.4375,0.872288,0.54406,1.73386
13.45,0.81958,0.5799,1.423444
13.4625,0.759292,0.626397,1.09508
13.475,0.69165,0.682367,0.753332
13.4875,0.616817,0.746223,0.402811
13.5,0.534928,0.816025,0.048111
13.5125,0.446142,0.889538,-0.306247
13.525,0.350714,0.964298,-0.655865
13.5375,0.249076,1.037702,-0.996493
13.55,0.141912,1.107094,-1.324042
13.5625,0.030236,1.169875,-1.634589
13.575,-0.084549,1.223613,-1.924361
13.5875,-0.20061,1.266154,-2.18972
13.6,-0.315673,1.295738,-2.427146
13.6125,-0.427041,1.311094,-2.633226
13.625,-0.531649,1.311529,-2.804673
13.6375,-0.626163,1.296972,-2.938355
13.65,-0.707109,1.267992,-3.031372
13.6625,-0.771034,1.225768,-3.081153
13.675,-0.814688,1.172012,-3.085582
13.6875,-0.835209,1.108847,-3.043141
13.7,-0.830297,1.03864,-2.953044
13.7125,-0.798357,0.963819,-2.815363
13.725,-0.73859,0.886668,-2.631102
13.7375,-0.651045,0.809139,-2.402244
13.75,-0.536607,0.732685,-2.131729
13.7625,-0.39695,0.658143,-1.823409
13.775,-0.234457,0.585665,-1.481958
13.7875,-0.052138,0.514722,-1.112775
13.8,0.146456,0.444158,-0.721878
13.8125,0.3573,0.372318,-0.315809
13.825,0.575943,0.297214,0.098452
13.8375,0.797559,0.216742,0.513568
13.85,1.017001,0.128915,0.921946
13.8625,1.228886,0.032113,1.315853
13.875,1.427731,-0.074682,1.687586
13.8875,1.608154,-0.191687,2.029696
13.9,1.765131,-0.318168,2.335253
13.9125,1.8943,-0.452374,2.598163
13.925,1.992276,-0.59156,2.813474
13.9375,2.056921,-0.732104,2.977637
13.95,2.08753,-0.869717,3.088685
13.9625,2.084891,-0.999714,3.146276
13.975,2.051201,-1.117327,3.151607
13.9875,1.989848,-1.218016,3.107199
14,1.905097,-1.297747,3.016596
14.0125,1.80172,-1.353213,2.884029
14.025,1.684628,-1.381987,2.714081
14.0375,1.558543,-1.382592,2.511417
14.05,1.427726,-1.354513,2.280581
14.0625,1.295799,-1.29815,2.02587
14.075,1.165628,-1.214737,1.751284
14.0875,1.03928,-1.106227,1.460537
14.1,0.918039,-0.975186,1.157092
14.1125,0.802465,-0.824666,0.844218
14.125,0.692477,-0.658106,0.525049
14.1375,0.587477,-0.479231,0.202625
14.15,0.486479,-0.291963,-0.120077
14.1625,0.388255,-0.100353,-0.440135
14.175,0.291487,0.09149,-0.754683
14.1875,0.194911,0.279466,-1.060918
14.2,0.097466,0.459547,-1.356115
14.2125,-0.00158,0.62785,-1.637626
14.225,-0.102518,0.780714,-1.902872
14.2375,-0.205108,0.914789,-2.149317
14.25,-0.308517,1.027121,-2.374437
14.2625,-0.411294,1.115254,-2.575675
14.275,-0.511371,1.177313,-2.750408
14.2875,-0.606112,1.212088,-2.89593
14.3,-0.692403,1.219087,-3.009459
14.3125,-0.766794,1.198569,-3.088202
14.325,-0.82568,1.15153,-3.129454
14.3375,-0.865532,1.079655,-3.130765
14.35,-0.883155,0.985213,-3.090139
14.3625,-0.875955,0.870917,-3.006267
14.375,-0.842193,0.739742,-2.878754
14.3875,-0.781193,0.59473,-2.708317
14.4,-0.693484,0.438798,-2.496922
14.4125,-0.580845,0.27456,-2.247841
14.425,-0.446267,0.104209,-1.965615
14.4375,-0.293815,-0.070548,-1.655927
14.45,-0.128417,-0.248486,-1.325394
14.4625,0.044393,-0.428784,-0.981308
14.475,0.218773,-0.610895,-0.631339
14.4875,0.388876,-0.794379,-0.283216
14.5,0.549142,-0.978715,0.055574
14.5125,0.694577,-1.163131,0.378073
14.525,0.820986,-1.346466,0.678107
14.5375,0.925163,-1.527075,0.950477
14.55,1.005024,-1.702813,1.191094
14.5625,1.059661,-1.871063,1.397038
14.575,1.089328,-2.028842,1.56653
14.5875,1.095359,-2.172936,1.698846
14.6,1.080023,-2.300075,1.794153
14.6125,1.046339,-2.407108,1.853323
14.625,0.997867,-2.491172,1.877715
14.6375,0.938496,-2.549841,1.868985
14.65,0.872245,-2.581233,1.828908
14.6625,0.803082,-2.584083,1.759261
14.675,0.734772,-2.557778,1.661745
14.6875,0.670745,-2.50235,1.537967
14.7,0.613989,-2.418437,1.389475
14.7125,0.566953,-2.307227,1.217815
14.725,0.531474,-2.170373,1.024638
14.7375,0.508711,-2.009909,0.811799
14.75,0.499103,-1.82816,0.581464
14.7625,0.502343,-1.627667,0.336194
14.775,0.51739,-1.411125,0.079
14.7875,0.542517,-1.181336,-0.186646
14.8,0.575394,-0.941192,-0.456854
14.8125,0.613225,-0.693675,-0.727403
14.825,0.652914,-0.44187,-0.993875
14.8375,0.691267,-0.188986,-1.251827
14.85,0.725202,0.061626,-1.496973
14.8625,0.751962,0.306472,-1.725371
14.875,0.769298,0.541931,-1.933576
14.8875,0.775614,0.764305,-2.118762
14.9,0.770064,0.969885,-2.278777
14.9125,0.752577,1.155056,-2.412154
14.925,0.72384,1.3164,-2.518054
14.9375,0.685222,1.45082,-2.596179
14.95,0.638657,1.55565,-2.646647
14.9625,0.586514,1.628751,-2.669875
14.975,0.53144,1.668591,-2.666458
14.9875,0.476211,1.674294,-2.637091
15,0.42358,1.645659,-2.582519
15.0125,0.376131,1.583151,-2.503528
15.025,0.336149,1.48787,-2.400982
15.0375,0.305494,1.361489,-2.275885
15.05,0.285492,1.206182,-2.129472
15.0625,0.276849,1.02454,-1.9633
15.075,0.279595,0.819486,-1.779328
15.0875,0.293066,0.594193,-1.57997
15.1,0.315926,0.352017,-1.368109
15.1125,0.346245,0.096442,-1.14706
15.125,0.381625,-0.168953,-0.920479
15.1375,0.419359,-0.440519,-0.692236
15.15,0.456624,-0.714539,-0.466246
15.1625,0.490682,-0.987235,-0.246293
15.175,0.51907,-1.254777,-0.03587
15.1875,0.539763,-1.513297,0.161969
15.2,0.551291,-1.758924,0.344697
15.2125,0.552816,-1.987832,0.510364
15.225,0.544152,-2.196308,0.657582
15.2375,0.525747,-2.380829,0.78547
15.25,0.498622,-2.538151,0.89356
15.2625,0.464303,-2.66539,0.981685
15.275,0.424723,-2.76011,1.049856
15.2875,0.382139,-2.820387,1.098149
15.3,0.339032,-2.844868,1.126616
15.3125,0.298025,-2.832802,1.135226
15.325,0.261783,-2.784057,1.123841
15.3375,0.232917,-2.699116,1.092243
15.35,0.213863,-2.579046,1.040204
15.3625,0.206758,-2.42546,0.967592
15.375,0.213282,-2.24045,0.874528
15.3875,0.234505,-2.026521,0.761553
15.4,0.270731,-1.786515,0.6298
15.4125,0.321374,-1.523541,0.481148
15.425,0.384885,-1.240914,0.318315
15.4375,0.458759,-0.942111,0.14487
15.45,0.539646,-0.630749,-0.034852
15.4625,0.623559,-0.310581,-0.215948
15.475,0.706175,0.014501,-0.393241
15.4875,0.7832,0.340449,-0.561624
15.5,0.850735,0.663059,-0.716427
15.5125,0.905605,0.977994,-0.853735
15.525,0.9456,1.28082,-0.970622
15.5375,0.969596,1.567083,-1.065262
15.55,0.977554,1.832405,-1.136917
15.5625,0.970408,2.072596,-1.185814
15.575,0.949877,2.283761,-1.212947
15.5875,0.918241,2.462421,-1.219838
15.6,0.878106,2.605596,-1.208304
15.6125,0.832199,2.710883,-1.180246
15.625,0.783198,2.776512,-1.137494
15.6375,0.733607,2.80137,-1.081701
15.65,0.685668,2.785017,-1.014293
15.6625,0.641301,2.72768,-0.936469
15.675,0.602074,2.630227,-0.849233
15.6875,0.569173,2.494141,-0.75346
15.7,0.543384,2.321477,-0.649968
15.7125,0.525083,2.114815,-0.539611
15.725,0.514225,1.877206,-0.423346
15.7375,0.510349,1.612122,-0.302303
15.75,0.512595,1.323402,-0.177816
15.7625,0.519749,1.015196,-0.051429
15.775,0.530309,0.691914,0.075136
15.7875,0.542578,0.358178,0.200044
15.8,0.554779,0.018764,0.321443
15.8125,0.565178,-0.321445,0.437571
15.825,0.572203,-0.657523,0.546863
15.8375,0.574547,-0.984558,0.648047
15.85,0.571244,-1.297723,0.74021
15.8625,0.561706,-1.592348,0.822826
15.875,0.545731,-1.863993,0.895745
15.8875,0.52347,-2.108525,0.959155
15.9,0.495382,-2.322189,1.013509
15.9125,0.462172,-2.501676,1.059442
15.925,0.424726,-2.64418,1.097682
15.9375,0.384058,-2.747449,1.128961
15.95,0.341262,-2.809821,1.153945
15.9625,0.29748,-2.830255,1.173172
15.975,0.253883,-2.808347,1.18701
15.9875,0.211653,-2.74433,1.195638
16,0.171969,-2.639079,1.199044
16.0125,0.135995,-2.494085,1.197043
16.025,0.104845,-2.311435,1.189329
16.0375,0.079542,-2.093776,1.175531
16.05,0.060961,-1.844269,1.155306
16.0625,0.04976,-1.566537,1.12843
16.075,0.046305,-1.264607,1.0949
16.0875,0.050611,-0.942839,1.055019
16.1,0.062303,-0.605862,1.009456
16.1125,0.080617,-0.258499,0.95926
16.125,0.104447,0.094298,0.905831
16.1375,0.132436,0.447523,0.850834
16.15,0.1631,0.79618,0.796085
16.1625,0.194972,1.135345,0.743412
16.175,0.226729,1.460229,0.694522
16.1875,0.257307,1.76624,0.650892
16.2,0.285961,2.049037,0.613701
16.2125,0.312293,2.304593,0.583792
16.225,0.336234,2.529245,0.561685
16.2375,0.357999,2.719751,0.547606
16.25,0.378016,2.873332,0.541536
16.2625,0.396858,2.98772,0.543263
16.275,0.415162,3.061185,0.552426
16.2875,0.43356,3.092568,0.568548
16.3,0.45262,3.081296,0.591056
16.3125,0.472788,3.027396,0.619284
16.325,0.494347,2.93149,0.652469
16.3375,0.517378,2.794796,0.689737
16.35,0.541737,2.619109,0.730087
16.3625,0.567044,2.406782,0.772383
16.375,0.592688,2.160698,0.815357
16.3875,0.617854,1.884235,0.857632
16.4,0.641568,1.581225,0.89776
16.4125,0.66277,1.255901,0.93429
16.425,0.6804,0.912845,0.965849
16.4375,0.693496,0.556923,0.99124
16.45,0.701287,0.19321,1.009529
16.4625,0.703274,-0.173085,1.020124
16.475,0.699278,-0.536704,1.022825
16.4875,0.689454,-0.892423,1.017836
16.5,0.674268,-1.23514,1.005737
16.5125,0.654442,-1.559952,0.987432
16.525,0.630871,-1.862236,0.964063
16.5375,0.604531,-2.137717,0.93692
16.55,0.576394,-2.382527,0.907349
16.5625,0.54735,-2.593259,0.876681
16.575,0.518152,-2.767012,0.846165
16.5875,0.489377,-2.901424,0.816937
16.6,0.461413,-2.994703,0.789997
16.6125,0.43446,-3.045645,0.7662
16.625,0.408552,-3.053648,0.746264
16.6375,0.383581,-3.018715,0.730773
16.65,0.359336,-2.941455,0.720184
16.6625,0.335551,-2.823065,0.714824
16.675,0.311949,-2.66532,0.714888
16.6875,0.288298,-2.47054,0.720419
16.7,0.264463,-2.24156,0.731295
16.7125,0.240449,-1.98169,0.747204
16.725,0.216443,-1.694665,0.767633
16.7375,0.192826,-1.384598,0.791864
16.75,0.170177,-1.055922,0.818991
16.7625,0.149239,-0.713329,0.847959
16.775,0.130862,-0.361708,0.87763
16.7875,0.115928,-0.00608,0.906856
16.8,0.10527,0.348471,0.93457
16.8125,0.099582,0.696869,0.959859
16.825,0.099365,1.034118,0.982024
16.8375,0.104881,1.35537,1.000611
16.85,0.116145,1.656001,1.015404
16.8625,0.132942,1.931678,1.026394
16.875,0.154862,2.178424,1.033725
16.8875,0.181342,2.392679,1.037624
16.9,0.211711,2.571354,1.038335
16.9125,0.245223,2.711879,1.036055
16.925,0.281088,2.812246,1.030879
16.9375,0.318484,2.871034,1.022764
16.95,0.356563,2.887438,1.011504
16.9625,0.394453,2.861281,0.996721
16.975,0.431261,2.793019,0.977872
16.9875,0.466079,2.683734,0.954269
17,0.498002,2.535123,0.925117
17.0125,0.526158,2.349466,0.889566
17.025,0.549752,2.129595,0.84678
17.0375,0.56812,1.878846,0.79601
17.05,0.5808,1.601,0.73668
17.0625,0.587592,1.300223,0.668469
17.075,0.588612,0.980991,0.591373
17.0875,0.584331,0.648021,0.505757
17.1,0.575578,0.306192,0.412358
17.1125,0.563505,-0.039525,0.312271
17.125,0.549533,-0.384143,0.20688
17.1375,0.535246,-0.722719,0.097777
17.15,0.522289,-1.050417,-0.013343
17.1625,0.512247,-1.362568,-0.124791
17.175,0.506537,-1.654722,-0.234971
17.1875,0.506322,-1.922701,-0.342449
17.2,0.512444,-2.162654,-0.445985
17.2125,0.525384,-2.371107,-0.544535
17.225,0.545247,-2.545015,-0.63722
17.2375,0.571755,-2.681816,-0.723272
17.25,0.604264,-2.779473,-0.801964
17.2625,0.641768,-2.836519,-0.872535
17.275,0.682925,-2.852094,-0.934116
17.2875,0.726072,-2.825974,-0.985674
17.3,0.769261,-2.758583,-1.025976
17.3125,0.810305,-2.651006,-1.053586
17.325,0.846854,-2.50497,-1.066904
17.3375,0.8765,-2.322824,-1.064251
17.35,0.89692,-2.10749,-1.044005
17.3625,0.906061,-1.862398,-1.00478
17.375,0.902338,-1.591404,-0.945632
17.3875,0.884836,-1.298698,-0.866271
17.4,0.853484,-0.988695,-0.767237
17.4125,0.809155,-0.665939,-0.650025
17.425,0.753684,-0.335007,-0.5171
17.4375,0.689765,-0.000435,-0.371807
17.45,0.620749,0.333336,-0.218181
17.4625,0.550357,0.661998,-0.060666
17.475,0.482354,0.981385,0.096206
17.4875,0.42023,1.28749,0.248116
17.5,0.366929,1.576471,0.391224
17.5125,0.324658,1.844672,0.522339
17.525,0.294788,2.08865,0.639
17.5375,0.277844,2.305221,0.739466
17.55,0.273561,2.491519,0.822629
17.5625,0.280995,2.645059,0.887888
17.575,0.29865,2.763799,0.93499
17.5875,0.324619,2.846203,0.96389
17.6,0.356707,2.891289,0.974612
17.6125,0.392547,2.898667,0.967162
17.625,0.429705,2.868562,0.941468
17.6375,0.465772,2.80181,0.897364
17.65,0.498451,2.699845,0.834621
17.6625,0.525647,2.564662,0.753006
17.675,0.545561,2.398761,0.652375
17.6875,0.55679,2.205087,0.532786
17.7,0.558417,1.986943,0.394623
17.7125,0.550094,1.747913,0.238703
17.725,0.532107,1.491779,0.066374
17.7375,0.50539,1.222442,-0.120441
17.75,0.471512,0.943864,-0.31923
17.7625,0.432592,0.660016,-0.526957
17.775,0.391178,0.374848,-0.740159
17.7875,0.35007,0.092272,-0.955103
17.8,0.312129,-0.18385,-1.167961
17.8125,0.280064,-0.449711,-1.374996
17.825,0.256245,-0.701575,-1.572727
17.8375,0.242536,-0.9358,-1.758061
17.85,0.240185,-1.148882,-1.928374
17.8625,0.249754,-1.337512,-2.081532
17.875,0.271109,-1.498648,-2.215871
17.8875,0.303447,-1.629599,-2.330121
17.9,0.345365,-1.728111,-2.423315
17.9125,0.394948,-1.792448,-2.494681
17.925,0.449881,-1.821465,-2.543547
17.9375,0.507564,-1.814666,-2.569266
17.95,0.565239,-1.772232,-2.571178
17.9625,0.620128,-1.695038,-2.548613
17.975,0.669571,-1.584626,-2.500942
17.9875,0.711169,-1.443163,-2.427657
18,0.742936,-1.273368,-2.328499
18.0125,0.763431,-1.078414,-2.20358
18.025,0.771878,-0.861822,-2.053524
18.0375,0.768244,-0.627341,-1.879561
18.05,0.753279,-0.378844,-1.683601
18.0625,0.728489,-0.120218,-1.468238
18.075,0.696056,0.144706,-1.236699
18.0875,0.65869,0.412207,-0.992733
18.1,0.619453,0.678702,-0.740449
18.1125,0.58154,0.94075,-0.48414
18.125,0.548065,1.195043,-0.228081
18.1375,0.521854,1.438389,0.023639
18.15,0.505269,1.667706,0.26726
18.1625,0.500079,1.880025,0.499448
18.175,0.507362,2.07251,0.717329
18.1875,0.527468,2.242503,0.918484
18.2,0.560007,2.38758,1.10089
18.2125,0.603874,2.505633,1.262829
18.225,0.657296,2.594946,1.402784
18.2375,0.717893,2.654284,1.51932
18.25,0.782753,2.682961,1.61099
18.2625,0.848519,2.680905,1.676256
18.275,0.911496,2.64869,1.713459
18.2875,0.967766,2.587538,1.720831
18.3,1.013345,2.499294,1.696563
18.3125,1.044354,2.386353,1.638933
18.325,1.057222,2.251558,1.546476
18.3375,1.048906,2.098057,1.418196
18.35,1.017112,1.929142,1.253786
18.3625,0.960496,1.748081,1.053843
18.375,0.878834,1.557947,0.820044
18.3875,0.773118,1.361486,0.555259
18.4,0.645588,1.16102,0.263588
18.4125,0.499674,0.958416,-0.049695
18.425,0.339853,0.755108,-0.378286
18.4375,0.171435,0.552192,-0.715066
18.45,0.000287,0.350562,-1.052395
18.4625,-0.167486,0.151077,-1.382434
18.475,-0.325889,-0.045262,-1.6975
18.4875,-0.469375,-0.237165,-1.990414
18.5,-0.593167,-0.422939,-2.25482
18.5125,-0.693523,-0.600446,-2.485449
18.525,-0.767925,-0.767118,-2.678295
18.5375,-0.815171,-0.920055,-2.830705
18.55,-0.835363,-1.05616,-2.941353
18.5625,-0.829797,-1.172325,-3.010124
18.575,-0.800764,-1.265623,-3.037919
18.5875,-0.751305,-1.333493,-3.026422
18.6,-0.684933,-1.373899,-2.977845
18.6125,-0.60536,-1.385451,-2.894705
18.625,-0.516249,-1.367483,-2.779632
18.6375,-0.42101,-1.320078,-2.635238
18.65,-0.322635,-1.244065,-2.464044
18.6625,-0.223589,-1.140974,-2.268456
18.675,-0.125735,-1.012964,-2.050784
18.6875,-0.030304,-0.862745,-1.813279
18.7,0.062098,-0.693482,-1.558189
18.7125,0.151458,-0.508701,-1.28781
18.725,0.238288,-0.3122,-1.00452
18.7375,0.323537,-0.10797,-0.710804
18.75,0.408481,0.099885,-0.409253
18.7625,0.494589,0.307205,-0.10255
18.775,0.583387,0.509842,0.206547
18.7875,0.676308,0.703712,0.515234
18.8,0.774541,0.884861,0.820674
18.8125,0.878898,1.049524,1.119996
18.825,0.989674,1.194212,1.410276
18.8375,1.106541,1.315795,1.688495
18.85,1.228454,1.411606,1.951482
18.8625,1.353588,1.479551,2.195848
18.875,1.479317,1.518218,2.417929
18.8875,1.602235,1.526991,2.613756
18.9,1.718246,1.50613,2.779072
18.9125,1.822715,1.45683,2.909419
18.925,1.910706,1.38123,3.000302
18.9375,1.977284,1.282356,3.047434
18.95,2.017873,1.163998,3.047053
18.9625,2.028634,1.030513,2.996264
18.975,2.006811,0.88657,2.893371
18.9875,1.951009,0.73685,2.738147
19,1.861345,0.585738,2.531991
19.0125,1.739458,0.437046,2.27795
19.025,1.588388,0.293781,1.980605
19.0375,1.412341,0.158014,1.645844
19.05,1.216385,0.030828,1.280569
19.0625,1.006135,-0.087626,0.892372
19.075,0.787458,-0.197992,0.489229
19.0875,0.566221,-0.301516,0.079234
19.1,0.348105,-0.399804,-0.32962
19.1125,0.138458,-0.494574,-0.729614
19.125,-0.057813,-0.58741,-1.113446
19.1375,-0.236337,-0.679555,-1.474354
19.15,-0.393362,-0.771738,-1.806233
19.1625,-0.525849,-0.86407,-2.103743
19.175,-0.631558,-0.955999,-2.362418
19.1875,-0.709124,-1.046333,-2.578749
19.2,-0.758103,-1.133331,-2.750236
19.2125,-0.778983,-1.214842,-2.8754
19.225,-0.773139,-1.288484,-2.953745
19.2375,-0.742734,-1.35184,-2.985671
19.25,-0.690579,-1.402659,-2.97235
19.2625,-0.619955,-1.439026,-2.915575
19.275,-0.534416,-1.459514,-2.817612
19.2875,-0.4376,-1.463276,-2.681057
19.3,-0.333048,-1.4501,-2.508728
19.3125,-0.224054,-1.420421,-2.303583
19.325,-0.113555,-1.375281,-2.068682
19.3375,-0.004049,-1.316264,-1.807173
19.35,0.102443,-1.245409,-1.522305
19.3625,0.204383,-1.165098,-1.217453
19.375,0.300694,-1.077953,-0.89615
19.3875,0.390706,-0.986717,-0.56211
19.4,0.474093,-0.894158,-0.219237
19.4125,0.550789,-0.80297,0.128369
19.425,0.620898,-0.715694,0.476437
19.4375,0.684612,-0.634643,0.820558
19.45,0.742128,-0.561851,1.156233
19.4625,0.793582,-0.499015,1.478933
19.475,0.839002,-0.447465,1.784172
19.4875,0.878284,-0.408127,2.067576
19.5,0.911194,-0.381514,2.324974
19.5125,0.937388,-0.367708,2.552469
19.525,0.956463,-0.36638,2.74653
19.5375,0.968016,-0.376802,2.904064
19.55,0.971719,-0.397897,3.022496
19.5625,0.967393,-0.428289,3.099832
19.575,0.955073,-0.466381,3.134711
19.5875,0.935059,-0.510437,3.12644
19.6,0.907951,-0.558667,3.075014
19.6125,0.874649,-0.60932,2.981113
19.625,0.83634,-0.660755,2.846081
19.6375,0.79445,-0.71151,2.671888
19.65,0.750589,-0.760341,2.461081
19.6625,0.706478,-0.806244,2.216724
19.675,0.663869,-0.848453,1.942329
19.6875,0.624468,-0.88642,1.641794
19.7,0.589866,-0.919776,1.319329
19.7125,0.56147,-0.948284,0.979396
19.725,0.540453,-0.971795,0.626646
19.7375,0.52771,-0.990194,0.265856
19.75,0.523823,-1.00337,-0.098123
19.7625,0.529046,-1.011191,-0.460423
19.775,0.543285,-1.013496,-0.81621
19.7875,0.566103,-1.010107,-1.160732
19.8,0.596726,-1.000859,-1.489372
19.8125,0.634064,-0.98564,-1.79769
19.825,0.676745,-0.964442,-2.081478
19.8375,0.723163,-0.93742,-2.336808
19.85,0.771538,-0.904939,-2.560086
19.8625,0.81999,-0.867621,-2.748106
19.875,0.866617,-0.826365,-2.898114
19.8875,0.909581,-0.782357,-3.007864
19.9,0.947194,-0.737044,-3.075673
19.9125,0.977985,-0.692094,-3.100478
19.925,1.000762,-0.649322,-3.081871
19.9375,1.014641,-0.610609,-3.020123
19.95,1.019058,-0.577805,-2.916191
19.9625,1.013749,-0.552628,-2.771702
19.975,0.998711,-0.536568,-2.588917
19.9875,0.974143,-0.530805,-2.370675
20,0.940381,-0.536143,-2.120324
20.0125,0.897824,-0.55296,-1.841639
20.025,0.846879,-0.58118,-1.538737
20.0375,0.787915,-0.620269,-1.215987
20.05,0.72124,-0.669243,-0.877923
20.0625,0.647096,-0.726698,-0.529163
20.075,0.565692,-0.790847,-0.174337
20.0875,0.477239,-0.859582,0.181976
20.1,0.38202,-0.930539,0.535297
20.1125,0.280464,-1.001176,0.88128
20.125,0.173217,-1.068869,1.215736
20.1375,0.061228,-1.131013,1.53463
20.15,-0.054192,-1.185132,1.834084
20.1625,-0.171323,-1.228993,2.110354
20.175,-0.288011,-1.260721,2.359821
20.1875,-0.401682,-1.278903,2.578975
20.2,-0.50938,-1.282678,2.764432
20.2125,-0.607857,-1.271796,2.912958
20.225,-0.693691,-1.246645,3.021534
20.2375,-0.763436,-1.208236,3.087451
20.25,-0.813804,-1.15814,3.108426
20.2625,-0.841844,-1.098377,3.082742
20.275,-0.84512,-1.031264,3.009386
20.2875,-0.821857,-0.959232,2.88817
20.3,-0.771053,-0.884628,2.719824
20.3125,-0.692528,-0.80952,2.506041
20.325,-0.58693,-0.73552,2.249473
20.3375,-0.455694,-0.663651,1.953687
20.35,-0.300963,-0.594265,1.623085
20.3625,-0.125504,-0.527017,1.262802
20.375,0.067375,-0.460907,0.878605
20.3875,0.273899,-0.394381,0.476795
20.4,0.489873,-0.325483,0.064122
20.4125,0.710722,-0.252055,-0.352288
20.425,0.931532,-0.17196,-0.765019
20.4375,1.147111,-0.083333,-1.166458
20.45,1.352089,0.015183,-1.548939
20.4625,1.541082,0.124218,-1.904926
20.475,1.70892,0.243503,-2.227264
20.4875,1.85093,0.371764,-2.509468
20.5,1.963252,0.506704,-2.746037
20.5125,2.043133,0.64508,-2.932749
20.525,2.089168,0.782872,-3.066879
20.5375,2.101423,0.91553,-3.147319
20.55,2.081423,1.038273,-3.174554
20.5625,2.032002,1.146407,-3.150513
20.575,1.957029,1.235623,-3.078303
20.5875,1.861063,1.302249,-2.961883
20.6,1.748977,1.343431,-2.805731
20.6125,1.625603,1.357251,-2.614535
20.625,1.495438,1.342753,-2.392951
20.6375,1.362415,1.299933,-2.145446
20.65,1.229758,1.22966,-1.876209
20.6625,1.099904,1.133578,-1.589133
20.675,0.9745,1.013999,-1.287836
20.6875,0.854435,0.873774,-0.975717
20.7,0.739921,0.716187,-0.656003
20.7125,0.630599,0.544849,-0.331809
20.725,0.525668,0.363607,-0.006168
20.7375,0.424025,0.176463,0.317948
20.75,0.324414,-0.0125,0.637624
20.7625,0.225578,-0.199179,0.950005
20.775,0.126405,-0.379524,1.252307
20.7875,0.026065,-0.549606,1.541815
20.8,-0.075875,-0.705693,1.815887
20.8125,-0.179346,-0.844333,2.071925
20.825,-0.283711,-0.962445,2.307349
20.8375,-0.387722,-1.057415,2.519563
20.85,-0.489511,-1.127184,2.705911
20.8625,-0.586628,-1.170331,2.863662
20.875,-0.676114,-1.186143,2.990011
20.8875,-0.754626,-1.174646,3.082123
20.9,-0.818612,-1.136616,3.13723
20.9125,-0.864524,-1.073532,3.152772
20.925,-0.889069,-0.987494,3.126591
20.9375,-0.889474,-0.881088,3.057152
20.95,-0.863746,-0.757218,2.94377
20.9625,-0.810891,-0.618914,2.786819
20.975,-0.731074,-0.469127,2.587881
20.9875,-0.625691,-0.310555,2.349829
21,-0.497356,-0.145496,2.076814
21.0125,-0.34979,0.024231,1.774161
21.025,-0.187634,0.197308,1.448195
21.0375,-0.016209,0.372859,1.105991
21.05,0.158766,0.550336,0.755096
21.0625,0.331467,0.729362,0.403226
21.075,0.496252,0.909545,0.057965
21.0875,0.647942,1.090298,-0.273526
21.1,0.78206,1.270684,-0.584766
21.1125,0.89504,1.449307,-0.870166
21.125,0.984375,1.624257,-1.125191
21.1375,1.048703,1.793128,-1.346444
21.15,1.08783,1.953089,-1.531679
21.1625,1.102668,2.101016,-1.679737
21.175,1.095124,2.233646,-1.790419
21.1875,1.067929,2.347763,-1.864309
21.2,1.024445,2.44037,-1.90257
21.2125,0.968447,2.508846,-1.906738
21.225,0.903925,2.551072,-1.878549
21.2375,0.834891,2.565524,-1.819786
21.25,0.765218,2.551318,-1.732189
21.2625,0.698494,2.508222,-1.617415
21.275,0.637907,2.436628,-1.477047
21.2875,0.586144,2.337501,-1.312645
21.3,0.545306,2.212307,-1.125831
21.3125,0.516842,2.062921,-0.918396
21.325,0.501491,1.891544,-0.692398
21.3375,0.499256,1.700616,-0.450263
21.35,0.509395,1.492749,-0.194846
21.3625,0.530457,1.270671,0.070537
21.375,0.560351,1.037205,0.34213
21.3875,0.596458,0.795253,0.615803
21.4,0.635789,0.547814,0.887175
21.4125,0.67517,0.297996,1.151764
21.425,0.71145,0.049046,1.405169
21.4375,0.741716,-0.195647,1.643256
21.45,0.763485,-0.432552,1.862324
21.4625,0.774874,-0.658037,2.059245
21.475,0.77471,-0.868423,2.231548
21.4875,0.762592,-1.060076,2.377448
21.5,0.73889,-1.229512,2.495819
21.5125,0.704692,-1.373508,2.586119
21.525,0.661707,-1.489227,2.648283
21.5375,0.612134,-1.574316,2.682599
21.55,0.558519,-1.626998,2.689592
21.5625,0.503597,-1.646129,2.669927
21.575,0.450144,-1.631233,2.624344
21.5875,0.400822,-1.582505,2.553635
21.6,0.358041,-1.500786,2.458662
21.6125,0.323832,-1.387514,2.340411
21.625,0.299732,-1.244655,2.200064
21.6375,0.286685,-1.074621,2.039095
21.65,0.284976,-0.880189,1.859352
21.6625,0.2942,-0.664412,1.66312
21.675,0.313266,-0.430551,1.453146
21.6875,0.340461,-0.182011,1.232625
21.7,0.373552,0.077696,1.005125
21.7125,0.409935,0.344978,0.774475
21.725,0.44682,0.616174,0.544609
21.7375,0.481427,0.887558,0.319395
21.75,0.511181,1.155343,0.102465
21.7625,0.533884,1.415695,-0.102934
21.775,0.547855,1.664757,-0.294055
21.7875,0.55202,1.898693,-0.468712
21.8,0.545952,2.113752,-0.625286
21.8125,0.52987,2.306337,-0.762694
21.825,0.504595,2.473094,-0.880296
21.8375,0.471484,2.610999,-0.977799
21.85,0.432343,2.717442,-1.055127
21.8625,0.389342,2.790302,-1.112312
21.875,0.344917,2.828008,-1.149387
21.8875,0.301685,2.829585,-1.166317
21.9,0.262351,2.794674,-1.162965
21.9125,0.229608,2.723532,-1.139095
21.925,0.206025,2.617019,-1.094429
21.9375,0.19392,2.476553,-1.028741
21.95,0.195215,2.304056,-0.942004
21.9625,0.21127,2.101884,-0.834551
21.975,0.242725,1.87275,-0.70726
21.9875,0.289356,1.619653,-0.561717
22,0.349974,1.345809,-0.400344
22.0125,0.422396,1.054598,-0.226441
22.025,0.503518,0.749537,-0.044148
22.0375,0.58948,0.43427,0.14172
22.05,0.675948,0.112575,0.325929
22.0625,0.758457,-0.211623,0.503169
22.075,0.832795,-0.534237,0.668422
22.0875,0.895362,-0.851026,0.817319
22.1,0.943456,-1.157623,0.946415
22.1125,0.975451,-1.449597,1.053362
22.125,0.990847,-1.72254,1.136944
22.1375,0.990202,-1.972174,1.196999
22.15,0.974963,-2.194469,1.23424
22.1625,0.947252,-2.385754,1.25003
22.175,0.909624,-2.542828,1.246129
22.1875,0.864841,-2.663035,1.224471
22.2,0.815684,-2.744337,1.186978
22.2125,0.764805,-2.785345,1.135429
22.225,0.714618,-2.785345,1.071387
22.2375,0.667235,-2.744296,0.996178
22.25,0.624412,-2.662812,0.910909
22.2625,0.58753,-2.542139,0.816526
22.275,0.557569,-2.384108,0.713882
22.2875,0.53509,-2.1911,0.603826
22.3,0.520233,-1.965983,0.487285
22.3125,0.512707,-1.712071,0.36533
22.325,0.511807,-1.433057,0.239231
22.3375,0.516448,-1.132969,0.110469
22.35,0.525217,-0.816114,-0.019274
22.3625,0.536467,-0.487023,-0.148175
22.375,0.548414,-0.150408,-0.274347
22.3875,0.559268,0.188899,-0.39595
22.4,0.567349,0.525993,-0.511294
22.4125,0.571208,0.855961,-0.618949
22.425,0.56971,1.173947,-0.717821
22.4375,0.562091,1.475219,-0.807197
22.45,0.547979,1.755244,-0.886749
22.4625,0.527376,2.009765,-0.956511
22.475,0.500624,2.234876,-1.016813
22.4875,0.468341,2.427087,-1.068203
22.5,0.431363,2.583389,-1.111359
22.5125,0.390685,2.701312,-1.146994
22.525,0.347406,2.778961,-1.175782
22.5375,0.302699,2.815053,-1.198285
22.55,0.257777,2.808939,-1.214906
22.5625,0.21388,2.760611,-1.225858
22.575,0.172258,2.670702,-1.231159
22.5875,0.134151,2.540475,-1.230641
22.6,0.100765,2.371801,-1.223994
22.6125,0.073223,2.167123,-1.210825
22.625,0.052513,1.929421,-1.190744
22.6375,0.039411,1.662153,-1.163463
22.65,0.034406,1.369201,-1.128903
22.6625,0.037623,1.054806,-1.08729
22.675,0.048777,0.723498,-1.039229
22.6875,0.067159,0.380026,-0.985736
22.7,0.091668,0.029284,-0.928217
22.7125,0.120899,-0.323754,-0.8684
22.725,0.153269,-0.6741,-0.808208
22.7375,0.187162,-1.016819,-0.749626
22.75,0.221082,-1.347085,-0.694542
22.7625,0.253779,-1.660242,-0.644632
22.775,0.284335,-1.951866,-0.601257
22.7875,0.312204,-2.217814,-0.565428
22.8,0.337211,-2.454289,-0.537795
22.8125,0.359504,-2.657886,-0.518681
22.825,0.379493,-2.825648,-0.508129
22.8375,0.39777,-2.955106,-0.505963
22.85,0.415028,-3.04432,-0.511841
22.8625,0.431983,-3.091908,-0.525297
22.875,0.449308,-3.097067,-0.545767
22.8875,0.467573,-3.059587,-0.572605
22.9,0.487196,-2.979859,-0.605075
22.9125,0.5084,-2.858867,-0.642343
22.925,0.531185,-2.698176,-0.68346
22.9375,0.555308,-2.499921,-0.727344
22.95,0.580281,-2.266773,-0.77278
22.9625,0.605386,-2.00191,-0.818422
22.975,0.629712,-1.708982,-0.862829
22.9875,0.652213,-1.392059,-0.904517
23,0.671791,-1.05558,-0.942029
23.0125,0.687391,-0.704297,-0.974035
23.025,0.6981,-0.3432,-0.999418
23.0375,0.703235,0.022551,-1.017368
23.05,0.702415,0.387711,-1.027444
23.0625,0.695591,0.747034,-1.02961
23.075,0.683047,1.095357,-1.024228
23.0875,0.665355,1.427683,-1.012015
23.1,0.643313,1.739263,-0.993978
23.1125,0.617852,2.025668,-0.971319
23.125,0.589949,2.282852,-0.945348
23.1375,0.560544,2.507213,-0.917394
23.15,0.530475,2.695638,-0.888741
23.1625,0.500426,2.845543,-0.86057
23.175,0.470909,2.954907,-0.833937
23.1875,0.442251,3.022289,-0.809753
23.2,0.414611,3.046849,-0.788784
23.2125,0.387999,3.028355,-0.771652
23.225,0.362312,2.967181,-0.758844
23.2375,0.33737,2.864298,-0.750716
23.25,0.312968,2.721264,-0.747484
23.2625,0.288917,2.540195,-0.749224
23.275,0.265096,2.323736,-0.755855
23.2875,0.241494,2.075025,-0.767125
23.3,0.21825,1.797649,-0.782601
23.3125,0.195667,1.49559,-0.801669
23.325,0.174221,1.173177,-0.823541
23.3375,0.154537,0.835022,-0.847295
23.35,0.137343,0.48596,-0.871923
23.3625,0.123409,0.130982,-0.8964
23.375,0.113472,-0.224831,-0.91976
23.3875,0.108163,-0.576383,-0.941167
23.4,0.107946,-0.91863,-0.959971
23.4125,0.113079,-1.246655,-0.975737
23.425,0.123602,-1.555738,-0.98825
23.4375,0.139343,-1.841428,-0.997487
23.45,0.159952,-2.099608,-1.00357
23.4625,0.184936,-2.326554,-1.006708
23.475,0.213698,-2.518998,-1.007131
23.4875,0.245572,-2.674171,-1.00503
23.5,0.279845,-2.789849,-1.000508
23.5125,0.315773,-2.864385,-0.993538
23.525,0.352584,-2.896739,-0.983941
23.5375,0.389478,-2.886492,-0.971369
23.55,0.425629,-2.833855,-0.955311
23.5625,0.46018,-2.73967,-0.935106
23.575,0.492265,-2.605396,-0.909973
23.5875,0.521025,-2.433088,-0.879056
23.6,0.545648,-2.225368,-0.841484
23.6125,0.565425,-1.985379,-0.796443
23.625,0.579807,-1.716737,-0.743258
23.6375,0.588472,-1.423466,-0.681468
23.65,0.591389,-1.109934,-0.610907
23.6625,0.588861,-0.780777,-0.531755
23.675,0.581546,-0.44083,-0.444563
23.6875,0.57044,-0.095043,-0.35025
23.7,0.556831,0.251582,-0.250054
23.7125,0.542216,0.594064,-0.145457
23.725,0.528201,0.927508,-0.038089
23.7375,0.516379,1.247161,0.070379
23.75,0.508228,1.548469,0.178333
23.7625,0.505007,1.827134,0.284292
23.775,0.507685,2.079164,0.386957
23.7875,0.516894,2.300928,0.485223
23.8,0.532899,2.489204,0.578166
23.8125,0.555593,2.641234,0.664994
23.825,0.584503,2.754769,0.74499
23.8375,0.6188,2.828116,0.817432
23.85,0.657317,2.86017,0.881525
23.8625,0.698564,2.850452,0.936335
23.875,0.74076,2.799126,0.980745
23.8875,0.781868,2.70701,1.013438
23.9,0.819657,2.575571,1.032913
23.9125,0.851791,2.406906,1.037555
23.925,0.875953,2.203705,1.02574
23.9375,0.890009,1.969193,0.995995
23.95,0.892198,1.707061,0.947193
23.9625,0.881328,1.421373,0.878753
23.975,0.856962,1.116472,0.790838
23.9875,0.81955,0.796874,0.684499
24,0.770483,0.467174,0.561734
24.0125,0.712043,0.131966,0.42545
24.025,0.647241,-0.204227,0.279312
24.0375,0.579575,-0.536993,0.127507
24.05,0.512718,-0.862061,-0.025561
24.0625,0.450202,-1.17531,-0.175574
24.075,0.395129,-1.472789,-0.318581
24.0875,0.349951,-1.750728,-0.451197
24.1,0.316336,-2.005566,-0.570726
24.1125,0.295127,-2.233993,-0.675178
24.125,0.286365,-2.433002,-0.763217
24.1375,0.289387,-2.599947,-0.834049
24.15,0.302934,-2.732609,-0.887279
24.1625,0.325293,-2.829255,-0.92276
24.175,0.354417,-2.888691,-0.940466
24.1875,0.388045,-2.910304,-0.940379
24.2,0.423807,-2.894088,-0.92242
24.2125,0.459318,-2.840651,-0.886423
24.225,0.492263,-2.751206,-0.832144
24.2375,0.520491,-2.627541,-0.759312
24.25,0.542103,-2.471976,-0.667709
24.2625,0.555551,-2.287295,-0.557277
24.275,0.559734,-2.076681,-0.42824
24.2875,0.55409,-1.843625,-0.281215
24.3,0.538664,-1.591853,-0.117321
24.3125,0.51415,-1.325242,0.061758
24.325,0.481888,-1.047753,0.253748
24.3375,0.443805,-0.763377,0.455816
24.35,0.402311,-0.476101,0.664661
24.3625,0.360138,-0.189878,0.876649
24.375,0.320152,0.091379,1.087986
24.3875,0.285146,0.363808,1.294905
24.4,0.257638,0.623612,1.49384
24.4125,0.239697,0.867075,1.681576
24.425,0.232807,1.090605,1.855344
24.4375,0.237788,1.290779,2.012875
24.45,0.254759,1.464415,2.15238
24.4625,0.283158,1.608655,2.272501
24.475,0.321797,1.721043,2.372216
24.4875,0.368943,1.799615,2.450737
24.5,0.422423,1.842976,2.507402
24.5125,0.479736,1.850359,2.54159
24.525,0.538175,1.821669,2.55267
24.5375,0.59496,1.757504,2.53998
24.55,0.647367,1.659144,2.502863
24.5625,0.692878,1.528519,2.440738
24.575,0.72932,1.368143,2.353207
24.5875,0.755007,1.181034,2.240184
24.6,0.768873,0.970602,2.102032
24.6125,0.77056,0.740544,1.939683
24.625,0.760487,0.494722,1.754722
24.6375,0.739843,0.237064,1.549423
24.65,0.710534,-0.02853,1.326724
24.6625,0.675066,-0.298249,1.090135
24.675,0.636373,-0.568407,0.843607
24.6875,0.597618,-0.835462,0.591345
24.7,0.561972,-1.096009,0.337623
24.7125,0.532398,-1.346769,0.086595
24.725,0.511468,-1.584578,-0.157863
24.7375,0.501203,-1.806385,-0.392265
24.75,0.502973,-2.009269,-0.613579
24.7625,0.51743,-2.190468,-0.819236
24.775,0.544486,-2.347439,-1.007091
24.7875,0.583329,-2.477922,-1.175342
24.8,0.632459,-2.580022,-1.322431
24.8125,0.689747,-2.652292,-1.446926
24.825,0.752501,-2.693811,-1.547415
24.8375,0.817549,-2.704248,-1.622419
24.85,0.881336,-2.683909,-1.67034
24.8625,0.940032,-2.63375,-1.689453
24.875,0.989675,-2.555366,-1.677954
24.8875,1.026329,-2.450935,-1.634061
24.9,1.046281,-2.323128,-1.556168
24.9125,1.046251,-2.174986,-1.443046
24.925,1.023619,-2.009767,-1.294062
24.9375,0.976639,-1.830774,-1.109406
24.95,0.904631,-1.64119,-0.890286
24.9625,0.808106,-1.443929,-0.639074
24.975,0.688833,-1.241522,-0.359378
24.9875,0.549817,-1.036059,-0.056023
25,0.395185,-0.829194,0.265058
25.0125,0.229999,-0.622207,0.597015
25.025,0.059996,-0.416127,0.932356
25.0375,-0.108732,-0.211892,1.263263
25.05,-0.270075,-0.010515,1.581952
25.0625,-0.41827,0.186752,1.881027
25.075,-0.548228,0.378291,2.153825
25.0875,-0.655831,0.562057,2.394697
25.1,-0.738149,0.735573,2.599227
25.1125,-0.793561,0.895998,2.764342
25.125,-0.821782,1.040258,2.888322
25.1375,-0.823767,1.165211,2.970706
25.15,-0.801545,1.267844,3.012117
25.1625,-0.757973,1.345455,3.014028
25.175,-0.696469,1.395828,2.97851
25.1875,-0.620726,1.417359,2.907996
25.2,-0.534465,1.40915,2.805071
25.2125,-0.441205,1.371048,2.672329
25.225,-0.344098,1.303656,2.51228
25.2375,-0.245795,1.208289,2.327314
25.25,-0.148364,1.086921,2.11971
25.2625,-0.053248,0.942103,1.891675
25.275,0.038743,0.776869,1.645395
25.2875,0.127407,0.594647,1.383094
25.3,0.213097,0.399167,1.107072
25.3125,0.296639,0.194372,0.819738
25.325,0.379231,-0.015653,0.523614
25.3375,0.46232,-0.226751,0.22133
25.35,0.547463,-0.434755,-0.084405
25.3625,0.636184,-0.635541,-0.390822
25.375,0.729825,-0.825087,-0.695118
25.3875,0.829402,-0.999539,-0.994467
25.4,0.935469,-1.155279,-1.286004
25.4125,1.048001,-1.289009,-1.566799
25.425,1.166291,-1.397849,-1.833803
25.4375,1.288878,-1.479437,-2.083781
25.45,1.413502,-1.532047,-2.31325
25.4625,1.537107,-1.554694,-2.518432
25.475,1.6559,-1.547234,-2.695243
25.4875,1.765466,-1.510433,-2.839342
25.5,1.860969,-1.446001,-2.94626
25.5125,1.937423,-1.356561,-3.011602
25.525,1.990024,-1.245567,-3.031336
25.5375,2.014528,-1.117131,-3.002127
25.55,2.007614,-0.975803,-2.921682
25.5625,1.967208,-0.82628,-2.78906
25.575,1.892697,-0.673112,-2.604887
25.5875,1.785012,-0.520394,-2.371451
25.6,1.646571,-0.371521,-2.092651
25.6125,1.481095,-0.229007,-1.773823
25.625,1.293332,-0.094395,-1.421476
25.6375,1.088738,0.031727,-1.04297
25.65,0.873172,0.149631,-0.646199
25.6625,0.652608,0.26027,-0.239299
25.675,0.432919,0.365056,0.169605
25.6875,0.2197,0.46561,0.572592
25.7,0.018135,0.563514,0.962117
25.7125,-0.167109,0.660085,1.331142
25.725,-0.331979,0.756188,1.673267
25.7375,-0.47313,0.852105,1.982842
25.75,-0.588017,0.947469,2.255079
25.7625,-0.674972,1.041265,2.486144
25.775,-0.733263,1.1319,2.673214
25.7875,-0.76311,1.217327,2.814501
25.8,-0.765648,1.29521,2.909224
25.8125,-0.742851,1.363126,2.957529
25.825,-0.697386,1.418753,2.960371
25.8375,-0.632448,1.460063,2.919364
25.85,-0.551563,1.485473,2.836631
25.8625,-0.458394,1.493958,2.714655
25.875,-0.35655,1.485119,2.556158
25.8875,-0.249436,1.459204,2.364014
25.9,-0.140116,1.417087,2.141198
25.9125,-0.031235,1.360208,1.890769
25.925,0.07504,1.290488,1.615878
25.9375,0.177035,1.210234,1.319795
25.95,0.273553,1.122021,1.005939
25.9625,0.363834,1.028586,0.677906
25.975,0.44749,0.932724,0.339491
25.9875,0.524432,0.837185,-0.005312
26,0.594776,0.744596,-0.352323
26.0125,0.658757,0.657384,-0.697201
26.025,0.716644,0.577717,-1.035493
26.0375,0.768664,0.507454,-1.362692
26.05,0.814948,0.448102,-1.6743
26.0625,0.855488,0.400784,-1.965902
26.075,0.890131,0.36622,-2.233248
26.0875,0.91859,0.34471,-2.47233
26.1,0.940479,0.336138,-2.679467
26.1125,0.955371,0.339984,-2.851381
26.125,0.962866,0.355354,-2.985278
26.1375,0.962668,0.381033,-3.078912
26.15,0.954655,0.415542,-3.130648
26.1625,0.938945,0.457218,-3.139501
26.175,0.915937,0.504298,-3.10517
26.1875,0.886333,0.55501,-3.028039
26.2,0.851134,0.607647,-2.909172
26.2125,0.811611,0.660647,-2.75028
26.225,0.769256,0.712638,-2.553678
26.2375,0.725717,0.762477,-2.32223
26.25,0.682722,0.809255,-2.059283
26.2625,0.642003,0.852286,-1.768598
26.275,0.605218,0.891081,-1.454283
26.2875,0.573882,0.925304,-1.120723
26.3,0.54931,0.954725,-0.772516
26.3125,0.532562,0.979169,-0.414409
26.325,0.524407,0.998481,-0.051237
26.3375,0.525291,1.012492,0.312129
26.35,0.535322,1.021006,0.670839
26.3625,0.554257,1.023803,1.020111
26.375,0.581506,1.02066,1.355282
26.3875,0.616145,1.011387,1.671855
26.4,0.656939,0.995878,1.965544
26.4125,0.702387,0.974164,2.232323
26.425,0.75077,0.946469,2.468477
26.4375,0.800225,0.913258,2.670651
26.45,0.848813,0.875276,2.83591
26.4625,0.894616,0.833559,2.961797
26.475,0.935815,0.789428,3.04639
26.4875,0.970772,0.744457,3.088356
26.5,0.998102,0.700409,3.086997
26.5125,1.016716,0.659166,3.042285
26.525,1.025849,0.622628,2.954878
26.5375,1.025055,0.592612,2.82611
26.55,1.01418,0.570755,2.657974
26.5625,0.993312,0.558422,2.453067
26.575,0.96272,0.556624,2.214534
26.5875,0.922784,0.565963,1.945986
26.6,0.873928,0.586594,1.651417
26.6125,0.816573,0.618204,1.335113
26.625,0.751094,0.660022,1.001565
26.6375,0.677816,0.710833,0.655383
26.65,0.59702,0.76902,0.30122
26.6625,0.50898,0.832614,-0.056294
26.675,0.414018,0.899359,-0.412608
26.6875,0.312569,0.966793,-0.763288
26.7,0.205262,1.032333,-1.104044
26.7125,0.092991,1.093381,-1.430737
26.725,-0.023014,1.14743,-1.739379
26.7375,-0.141132,1.19218,-2.026123
26.75,-0.259326,1.225651,-2.287247
26.7625,-0.375138,1.246299,-2.519143
26.775,-0.485726,1.2531,-2.718329
26.7875,-0.58793,1.245629,-2.881467
26.8,-0.678388,1.224094,-3.005423
26.8125,-0.753677,1.189335,-3.087353
26.825,-0.810482,1.142771,-3.124812
26.8375,-0.845777,1.08631,-3.115894
26.85,-0.857004,1.0222,-3.059362
26.8625,-0.842227,0.952862,-2.954779
26.875,-0.80025,0.880688,-2.802606
26.8875,-0.730678,0.807848,-2.60425
26.9,-0.633934,0.736101,-2.362082
26.9125,-0.51122,0.666652,-2.079388
26.925,-0.364452,0.60005,-1.7603
26.9375,-0.196168,0.536144,-1.409695
26.95,-0.009442,0.474105,-1.033092
26.9625,0.192189,0.412502,-0.636555
26.975,0.404776,0.349442,-0.226605
26.9875,0.623999,0.282746,0.18985
27,0.845185,0.210173,0.605585
27.0125,1.063359,0.129647,1.013139
27.025,1.273307,0.039513,1.404927
27.0375,1.469707,-0.061247,1.773392
27.05,1.647324,-0.172808,2.111229
27.0625,1.801259,-0.294376,2.411644
27.075,1.927257,-0.424124,2.668668
27.0875,2.022021,-0.559228,2.877462
27.1,2.083479,-0.695991,3.034579
27.1125,2.110978,-0.830064,3.138142
27.125,2.10534,-0.956723,3.18789
27.1375,2.06878,-1.071183,3.185092
27.15,2.00469,-1.168913,3.132337
27.1625,1.917323,-1.24591,3.033232
27.175,1.81143,-1.298918,2.892067
27.1875,1.691887,-1.325577,2.713491
27.2,1.563369,-1.324486,2.502234
27.2125,1.430089,-1.295213,2.262908
27.225,1.295608,-1.238242,1.999884
27.2375,1.162736,-1.154884,1.71724
27.25,1.033484,-1.047168,1.418766
27.2625,0.90909,-0.91772,1.108001
27.275,0.790077,-0.76965,0.788288
27.2875,0.676349,-0.606438,0.462825
27.3,0.567314,-0.43184,0.134711
27.3125,0.46202,-0.249796,-0.193027
27.325,0.3593,-0.06436,-0.517424
27.3375,0.257927,0.120376,-0.835573
27.35,0.156762,0.300346,-1.144633
27.3625,0.054895,0.471581,-1.441828
27.375,-0.04823,0.630286,-1.724452
27.3875,-0.152704,0.772919,-1.989845
27.4,-0.258076,0.896281,-2.235374
27.4125,-0.363298,0.997608,-2.458393
27.425,-0.466705,1.074665,-2.656215
27.4375,-0.566035,1.125831,-2.826079
27.45,-0.658494,1.150174,-2.965155
27.4625,-0.740867,1.147491,-3.070574
27.475,-0.80967,1.118333,-3.139507
27.4875,-0.861361,1.063968,-3.169298
27.5,-0.892575,0.986315,-3.157642
27.5125,-0.900388,0.887823,-3.102795
27.525,-0.882578,0.771307,-3.003803
27.5375,-0.837856,0.639766,-2.860711
27.55,-0.766039,0.496177,-2.674733
27.5625,-0.668151,0.343308,-2.448348
27.575,-0.546431,0.183561,-2.185313
27.5875,-0.404248,0.018867,-1.890589
27.6,-0.245941,-0.149348,-1.570186
27.6125,-0.076593,-0.320137,-1.230936
27.625,0.09823,-0.492929,-0.880231
27.6375,0.272764,-0.667387,-0.525733
27.65,0.441328,-0.843222,-0.175075
27.6625,0.5986,-1.020015,0.16442
27.675,0.739867,-1.197045,0.486008
27.6875,0.861234,-1.373156,0.783751
27.7,0.9598,-1.546688,1.052689
27.7125,1.033769,-1.715459,1.288963
27.725,1.082491,-1.876822,1.489855
27.7375,1.106448,-2.02777,1.653758
27.75,1.107158,-2.165085,1.780076
27.7625,1.087032,-2.285519,1.86907
27.775,1.049194,-2.385965,1.921665
27.7875,0.997268,-2.463632,1.939248
27.8,0.935178,-2.516183,1.923477
27.8125,0.866951,-2.541841,1.876122
27.825,0.796537,-2.539454,1.798949
27.8375,0.727661,-2.50852,1.693661
27.85,0.663696,-2.449178,1.561879
27.8625,0.607551,-2.362162,1.405187
27.875,0.561582,-2.248734,1.225196
27.8875,0.527516,-2.1106,1.023645
27.9,0.50639,-1.949825,0.802503
27.9125,0.498515,-1.768739,0.56407
27.925,0.503454,-1.569867,0.311053
27.9375,0.520045,-1.355865,0.04661
27.95,0.546451,-1.129483,-0.225646
27.9625,0.580261,-0.893553,-0.5017
27.975,0.618623,-0.650988,-0.777229
27.9875,0.658422,-0.404805,-1.047748
28,0.696477,-0.158144,-1.308772
28.0125,0.729755,0.085709,-1.556006
28.025,0.755575,0.323324,-1.785522
28.0375,0.771785,0.551148,-1.99391
28.05,0.776902,0.765551,-2.178382
28.0625,0.770194,0.962903,-2.336833
28.075,0.751704,1.139674,-2.467833
28.0875,0.722223,1.292544,-2.570577
28.1,0.683207,1.418526,-2.644786
28.1125,0.63666,1.51507,-2.690595
28.125,0.584996,1.580166,-2.708432
28.1375,0.530884,1.612412,-2.698911
28.15,0.477095,1.611059,-2.662755
28.1625,0.426345,1.57603,-2.600757
28.175,0.381152,1.507901,-2.513779
28.1875,0.343703,1.407867,-2.402789
28.2,0.315729,1.277672,-2.268932
28.2125,0.298402,1.119541,-2.113609
28.225,0.29226,0.936091,-1.938567
28.2375,0.297155,0.730245,-1.745968
28.25,0.31225,0.50516,-1.538425
28.2625,0.33606,0.264158,-1.319008
28.275,0.366537,0.010678,-1.091184
28.2875,0.401209,-0.251748,-0.858722
28.3,0.437344,-0.519518,-0.625553
28.3125,0.472151,-0.788957,-0.395604
28.325,0.502968,-1.056329,-0.172626
28.3375,0.527448,-1.317836,0.03996
28.35,0.543714,-1.569647,0.239198
28.3625,0.550461,-1.807928,0.422667
28.375,0.547025,-2.0289,0.58852
28.3875,0.533387,-2.228908,0.735455
28.4,0.510157,-2.404504,0.862652
28.4125,0.478508,-2.552534,0.969671
28.425,0.440101,-2.670228,1.056338
28.4375,0.396999,-2.755275,1.122624
28.45,0.351576,-2.805896,1.168535
28.4625,0.306425,-2.820892,1.194031
28.475,0.264271,-2.799676,1.198973
28.4875,0.227869,-2.742282,1.183116
28.5,0.1999,-2.649354,1.146145
28.5125,0.182847,-2.52211,1.087759
28.525,0.17885,-2.362296,1.0078
28.5375,0.189544,-2.172111,0.906414
28.55,0.215896,-1.954139,0.784233
28.5625,0.25804,-1.711264,0.642556
28.575,0.315161,-1.446602,0.483497
28.5875,0.385428,-1.163441,0.310063
28.6,0.466024,-0.865203,0.126155
28.6125,0.553277,-0.555428,-0.063551
28.625,0.642902,-0.23778,-0.253831
28.6375,0.730332,0.083937,-0.439233
28.65,0.811093,0.40576,-0.614446
28.6625,0.881196,0.72356,-0.774678
28.675,0.937459,1.033055,-0.915978
28.6875,0.977743,1.329863,-1.035459
28.7,1.001054,1.609572,-1.131391
28.7125,1.007523,1.867843,-1.203175
28.725,0.998274,2.100532,-1.251188
28.7375,0.975216,2.303801,-1.276577
28.75,0.940806,2.474235,-1.281002
28.7625,0.897809,2.608939,-1.266393
28.775,0.849081,2.705607,-1.234745
28.7875,0.797406,2.762578,-1.187951
28.8,0.745368,2.778857,-1.127715
28.8125,0.695261,2.754132,-1.055496
28.825,0.64904,2.688756,-0.97252
28.8375,0.608281,2.583726,-0.87982
28.85,0.574158,2.440648,-0.7783
28.8625,0.547428,2.26169,-0.668825
28.875,0.528417,2.049534,-0.552298
28.8875,0.517013,1.807323,-0.429745
28.9,0.512678,1.538603,-0.30237
28.9125,0.514467,1.247272,-0.171591
28.925,0.521079,0.937523,-0.039034
28.9375,0.530934,0.613796,0.093502
28.95,0.542267,0.280726,0.224117
28.9625,0.553251,-0.056909,0.35091
28.975,0.562125,-0.394239,0.472089
28.9875,0.567307,-0.72636,0.586078
29,0.567503,-1.048396,0.691609
29.0125,0.561774,-1.355568,0.787783
29.025,0.54957,-1.643266,0.87409
29.0375,0.530736,-1.907121,0.950398
29.05,0.505478,-2.143085,1.016899
29.0625,0.474313,-2.3475,1.074041
29.075,0.438008,-2.517165,1.122434
29.0875,0.397523,-2.649395,1.162763
29.1,0.353952,-2.742067,1.195697
29.1125,0.308482,-2.793661,1.221819
29.125,0.262363,-2.803283,1.241563
29.1375,0.216885,-2.770679,1.255181
29.15,0.173361,-2.696244,1.26272
29.1625,0.133105,-2.581005,1.264035
29.175,0.09741,-2.426612,1.25882
29.1875,0.067501,-2.235301,1.246664
29.2,0.044478,-2.009861,1.227133
29.2125,0.029243,-1.753578,1.199875
29.225,0.022413,-1.470187,1.164729
29.2375,0.024243,-1.163799,1.121831
29.25,0.034556,-0.838838,1.071705
29.2625,0.052722,-0.499967,1.015313
29.275,0.077672,-0.152021,0.954045
29.2875,0.107979,0.200069,0.889664
29.3,0.141975,0.551335,0.824188
29.3125,0.177909,0.896838,0.759743
29.325,0.214111,1.231728,0.698405
29.3375,0.249135,1.551301,0.642049
29.35,0.281874,1.851054,0.592241
29.3625,0.311612,2.126746,0.550175
29.375,0.33804,2.374452,0.516654
29.3875,0.361217,2.590618,0.492118
29.4,0.381514,2.772115,0.476689
29.4125,0.399522,2.916282,0.470237
29.425,0.415976,3.020972,0.472443
29.4375,0.431667,3.084583,0.482851
29.45,0.447365,3.106086,0.500906
29.4625,0.46376,3.085039,0.52597
29.475,0.4814,3.021595,0.557329
29.4875,0.500653,2.916506,0.594184
29.5,0.521664,2.77111,0.635631
29.5125,0.544335,2.587315,0.680643
29.525,0.568312,2.36758,0.728057
29.5375,0.59299,2.11488,0.776574
29.55,0.617541,1.832674,0.824775
29.5625,0.640961,1.524861,0.871163
29.575,0.662142,1.19573,0.914227
29.5875,0.679965,0.849905,0.952527
29.6,0.693396,0.49228,0.984788
29.6125,0.701591,0.127948,1.009997
29.625,0.703969,-0.237878,1.02748
29.6375,0.700278,-0.599944,1.03696
29.65,0.690603,-0.953042,1.038563
29.6625,0.675349,-1.292098,1.032805
29.675,0.655188,-1.612249,1.020528
29.6875,0.630978,-1.908923,1.002823
29.7,0.603675,-2.177907,0.980937
29.7125,0.574247,-2.41541,0.956182
29.725,0.543597,-2.618112,0.929859
29.7375,0.512506,-2.783212,0.90319
29.75,0.481599,-2.908457,0.877285
29.7625,0.451328,-2.992174,0.853112
29.775,0.421975,-3.033285,0.831488
29.7875,0.393671,-3.031318,0.813084
29.8,0.366423,-2.986414,0.798422
29.8125,0.340147,-2.899314,0.787887
29.825,0.314714,-2.771353,0.781723
29.8375,0.289991,-2.604438,0.780033
29.85,0.265888,-2.401018,0.782771
29.8625,0.242394,-2.164053,0.789736
29.875,0.219618,-1.896968,0.800562
29.8875,0.197807,-1.60361,0.814719
29.9,0.177352,-1.288191,0.831525
29.9125,0.158774,-0.955232,0.850175
29.925,0.142691,-0.609503,0.869784
29.9375,0.129762,-0.255955,0.889447
29.95,0.120627,0.100348,0.908303
29.9625,0.11584,0.454296,0.925602
29.975,0.115816,0.800811,0.940755
29.9875,0.12079,1.134914,0.953365
30,0.130808,1.4518,0.963231
30.0125,0.145725,1.746908,0.970332
30.025,0.165236,2.015987,0.974779
30.0375,0.188905,2.255161,0.97677
30.05,0.216202,2.460985,0.976523
30.0625,0.246532,2.6305,0.974227
30.075,0.279258,2.76127,0.969989
30.0875,0.313713,2.851429,0.963798
30.1,0.349201,2.899703,0.955496
30.1125,0.384999,2.905434,0.944766
30.125,0.42035,2.868588,0.931127
30.1375,0.45446,2.789765,0.913948
30.15,0.48651,2.670185,0.892465
30.1625,0.515668,2.511672,0.865828
30.175,0.541124,2.316631,0.833145
30.1875,0.562138,2.088006,0.793551
30.2,0.578092,1.829234,0.746283
30.2125,0.588562,1.544188,0.690761
30.225,0.593382,1.237113,0.626666
30.2375,0.592695,0.912554,0.554
30.25,0.586988,0.575281,0.473129
30.2625,0.577093,0.230219,0.384788
30.275,0.564153,-0.117632,0.290055
30.2875,0.549559,-0.463263,0.190282
30.3,0.534852,-0.801727,0.087017
30.3125,0.521615,-1.128195,-0.018111
30.325,0.51136,-1.438019,-0.123484
30.3375,0.505428,-1.726786,-0.227586
30.35,0.504901,-1.990369,-0.329064
30.3625,0.510549,-2.224985,-0.426752
30.375,0.522792,-2.427245,-0.519674
30.3875,0.541687,-2.5942,-0.607006
30.4,0.566931,-2.723398,-0.68802
30.4125,0.597865,-2.812921,-0.762023
30.425,0.633495,-2.861429,-0.828277
30.4375,0.672506,-2.868195,-0.885934
30.45,0.713281,-2.833124,-0.933985
30.4625,0.753941,-2.756771,-0.971229
30.475,0.792386,-2.64034,-0.996274
30.4875,0.826374,-2.485673,-1.007583
30.5,0.853626,-2.295221,-1.003562
30.5125,0.871967,-2.071995,-0.982691
30.525,0.879506,-1.819499,-0.943705
30.5375,0.874821,-1.541657,-0.885784
30.55,0.857155,-1.242712,-0.808757
30.5625,0.826564,-0.927132,-0.713263
30.575,0.784009,-0.59951,-0.60085
30.5875,0.731348,-0.264474,-0.473976
30.6,0.671227,0.073381,-0.335912
30.6125,0.606872,0.409552,-0.190542
30.625,0.54181,0.739663,-0.042086
30.6375,0.479557,1.059484,0.105191
30.65,0.423324,1.364951,0.247273
30.6625,0.375767,1.652181,0.380624
30.675,0.338828,1.917495,0.50233
30.6875,0.313653,2.157458,0.610163
30.7,0.30059,2.368924,0.702557
30.7125,0.299261,2.549092,0.778515
30.725,0.308661,2.69557,0.837482
30.7375,0.327284,2.806433,0.879202
30.75,0.353248,2.88028,0.903576
30.7625,0.384416,2.916278,0.910555
30.775,0.4185,2.91419,0.900051
30.7875,0.453153,2.874396,0.871894
30.8,0.486066,2.797883,0.825834
30.8125,0.515047,2.686228,0.761571
30.825,0.538115,2.541554,0.678827
30.8375,0.553599,2.366481,0.577447
30.85,0.560231,2.164052,0.457508
30.8625,0.557245,1.937655,0.319444
30.875,0.544454,1.690945,0.164152
30.8875,0.522312,1.427759,-0.00692
30.9,0.491919,1.152049,-0.19174
30.9125,0.454995,0.867819,-0.387696
30.925,0.413787,0.579084,-0.591665
30.9375,0.370932,0.289837,-0.80014
30.95,0.329271,0.004037,-1.009385
30.9625,0.291652,-0.274402,-1.215624
30.975,0.260717,-0.541624,-1.415224
30.9875,0.238719,-0.793846,-1.604859
31,0.22737,-1.02739,-1.781622
31.0125,0.227738,-1.238732,-1.9431
31.025,0.240201,-1.424562,-2.087374
31.0375,0.264443,-1.581861,-2.212983
31.05,0.299499,-1.707987,-2.318838
31.0625,0.343832,-1.800759,-2.404122
31.075,0.395426,-1.858536,-2.468175
31.0875,0.451896,-1.88029,-2.510404
31.1,0.510608,-1.865649,-2.530207
31.1125,0.568799,-1.814934,-2.526948
31.125,0.623714,-1.729154,-2.499964
31.1375,0.672737,-1.609989,-2.448622
31.15,0.71354,-1.459735,-2.372416
31.1625,0.744221,-1.281229,-2.27109
31.175,0.763438,-1.077752,-2.144775
31.1875,0.770527,-0.85292,-1.994117
31.2,0.765571,-0.610568,-1.820385
31.2125,0.749433,-0.354639,-1.625528
31.225,0.723726,-0.089091,-1.412176
31.2375,0.690715,0.182182,-1.183579
31.25,0.653172,0.455398,-0.94349
31.2625,0.614186,0.726912,-0.695997
31.275,0.576945,0.993219,-0.445334
31.2875,0.544519,1.25095,-0.195695
31.3,0.519658,1.496855,0.048946
31.3125,0.504622,1.727801,0.284963
31.325,0.501057,1.940781,0.509167
31.3375,0.509911,2.132938,0.718834
31.35,0.531401,2.301613,0.911682
31.3625,0.565012,2.444407,1.085811
31.375,0.609526,2.559257,1.239602
31.3875,0.663072,2.644517,1.371611
31.4,0.723192,2.69904,1.48045
31.4125,0.786915,2.722244,1.564693
31.425,0.850845,2.714169,1.622806
31.4375,0.911267,2.675504,1.653121
31.45,0.96427,2.607584,1.653858
31.4625,1.005899,2.512355,1.623207
31.475,1.032335,2.392296,1.559461
31.4875,1.040104,2.250314,1.461198
31.5,1.026296,2.089596,1.327499
31.5125,0.988795,1.913453,1.158178
31.525,0.926479,1.725144,0.953995
31.5375,0.839382,1.527727,0.71683
31.55,0.72879,1.323924,0.449786
31.5625,0.597254,1.116041,0.157215
31.575,0.448514,0.905953,-0.15536
31.5875,0.287338,0.695137,-0.481406
31.6,0.11928,0.484777,-0.813629
31.6125,-0.049623,0.275908,-1.144284
31.625,-0.213197,0.069579,-1.465529
31.6375,-0.365493,-0.132974,-1.769791
31.65,-0.501138,-0.330198,-2.050125
31.6625,-0.615653,-0.520134,-2.300523
31.675,-0.705697,-0.700394,-2.516162
31.6875,-0.769229,-0.868207,-2.693544
31.7,-0.805554,-1.020531,-2.830543
31.7125,-0.815268,-1.154208,-2.926334
31.725,-0.800108,-1.266152,-2.981239
31.7375,-0.762719,-1.353539,-2.996498
31.75,-0.706393,-1.413979,-2.974026
31.7625,-0.634782,-1.445664,-2.916155
31.775,-0.551639,-1.447467,-2.825419
31.7875,-0.460578,-1.419,-2.70439
31.8,-0.364894,-1.36063,-2.555568
31.8125,-0.267415,-1.273456,-2.381331
31.825,-0.170412,-1.159255,-2.183934
31.8375,-0.075538,-1.020407,-1.965545
31.85,0.016187,-0.859809,-1.728293
31.8625,0.104364,-0.680779,-1.474329
31.875,0.189175,-0.486967,-1.205875
31.8875,0.271304,-0.282264,-0.92526
31.9,0.351854,-0.070725,-0.634934
31.9125,0.432225,0.143501,-0.337463
31.925,0.513981,0.356233,-0.035509
31.9375,0.598714,0.563316,0.268198
31.95,0.68789,0.760674,0.570887
31.9625,0.782708,0.944372,0.869767
31.975,0.88396,1.11068,1.162023
31.9875,0.991903,1.256151,1.444795
32,1.106153,1.377712,1.715137
32.0125,1.225603,1.47276,1.969953
32.025,1.348359,1.539277,2.205932
32.0375,1.471726,1.575933,2.419482
32.05,1.592238,1.582198,2.606706
32.0625,1.705744,1.558419,2.763414
32.075,1.807572,1.505875,2.885214
32.0875,1.892759,1.426775,2.967673
32.1,1.956362,1.324201,3.006574
32.1125,1.993815,1.201978,2.998224
32.125,2.001309,1.064475,2.939809
32.1375,1.976138,0.916345,2.829723
32.15,1.916974,0.76223,2.667841
32.1625,1.824019,0.606457,2.455674
32.175,1.699018,0.452764,2.196392
32.1875,1.545132,0.304083,1.894712
32.2,1.366703,0.162413,1.556664
32.2125,1.168949,0.028788,1.189299
32.225,0.957646,-0.09666,0.800357
32.2375,0.738825,-0.214558,0.397958
32.25,0.518511,-0.326082,-0.009678
32.2625,0.302525,-0.432719,-0.414456
32.275,0.096322,-0.53601,-0.808599
32.2875,-0.095137,-0.637317,-1.184802
32.3,-0.267491,-0.737618,-1.536367
32.3125,-0.417079,-0.837354,-1.857332
32.325,-0.54104,-0.936339,-2.142583
32.3375,-0.637393,-1.033737,-2.387952
32.35,-0.705102,-1.128113,-2.590287
32.3625,-0.7441,-1.217537,-2.747481
32.375,-0.755273,-1.299739,-2.858456
32.3875,-0.740378,-1.372301,-2.923093
32.4,-0.701923,-1.432853,-2.942117
32.4125,-0.642997,-1.479264,-2.916957
32.425,-0.567081,-1.509803,-2.849584
32.4375,-0.477846,-1.523275,-2.742362
32.45,-0.37896,-1.519092,-2.597916
32.4625,-0.273925,-1.497313,-2.419036
32.475,-0.165934,-1.458636,-2.208616
32.4875,-0.057776,-1.404345,-1.969629
32.5,0.048231,-1.336238,-1.705133
32.5125,0.150269,-1.25653,-1.418293
32.525,0.24701,-1.167739,-1.112416
32.5375,0.337589,-1.072585,-0.790982
32.55,0.421543,-0.973875,-0.457669
32.5625,0.498742,-0.874407,-0.116361
32.575,0.569299,-0.776883,0.228857
32.5875,0.63348,-0.683831,0.573724
32.6,0.691617,-0.597548,0.913843
32.6125,0.744023,-0.520038,1.244737
32.625,0.790929,-0.452978,1.56191
32.6375,0.83243,-0.39768,1.860919
32.65,0.86847,-0.355062,2.137452
32.6625,0.898833,-0.325639,2.387404
32.675,0.923176,-0.309508,2.606963
32.6875,0.941069,-0.30636,2.792683
32.7,0.952067,-0.315498,2.941567
32.7125,0.95578,-0.335877,3.051134
32.725,0.951951,-0.366158,3.119485
32.7375,0.940527,-0.404776,3.145355
32.75,0.921714,-0.450019,3.128145
32.7625,0.896012,-0.500116,3.067945
32.775,0.864228,-0.553318,2.965528
32.7875,0.82746,-0.607981,2.822334
32.8,0.787061,-0.662619,2.640433
32.8125,0.744579,-0.715955,2.422472
32.825,0.701693,-0.766938,2.171612
32.8375,0.660133,-0.814744,1.891467
32.85,0.621601,-0.858757,1.586026
32.8625,0.587701,-0.898529,1.259587
32.875,0.55987,-0.933742,0.916684
32.8875,0.539323,-0.964154,0.562025
32.9,0.527005,-0.989558,0.200427
32.9125,0.523552,-1.009745,-0.16324
32.925,0.529272,-1.024486,-0.524114
32.9375,0.54412,-1.033522,-0.877387
32.95,0.567699,-1.036579,-1.218356
32.9625,0.599261,-1.033401,-1.542468
32.975,0.637727,-1.023792,-1.84537
32.9875,0.681719,-1.007668,-2.122946
33,0.729606,-0.985118,-2.371371
33.0125,0.779564,-0.956458,-2.587157
33.025,0.82965,-0.92227,-2.767206
33.0375,0.877885,-0.883435,-2.908865
33.05,0.922344,-0.841135,-3.009985
33.0625,0.961242,-0.796827,-3.068981
33.075,0.993011,-0.752204,-3.084874
33.0875,1.016361,-0.709118,-3.057341
33.1,1.03032,-0.669494,-2.986737
33.1125,1.034246,-0.635227,-2.874099
33.125,1.027816,-0.60808,-2.721136
33.1375,1.010982,-0.589585,-2.530191
33.15,0.983923,-0.580952,-2.304183
33.1625,0.946971,-0.583004,-2.04654
33.175,0.90055,-0.596125,-1.761113
33.1875,0.845112,-0.620232,-1.452087
33.2,0.781091,-0.654773,-1.123892
33.2125,0.708886,-0.698734,-0.781117
33.225,0.628852,-0.750679,-0.428425
33.2375,0.541332,-0.808791,-0.070484
33.25,0.446693,-0.870937,0.288091
33.2625,0.345394,-0.934745,0.642784
33.275,0.238056,-0.997688,0.989208
33.2875,0.125534,-1.057186,1.323123
33.3,0.008993,-1.110715,1.640434
33.3125,-0.110039,-1.155918,1.937189
33.325,-0.229632,-1.190726,2.20956
33.3375,-0.347442,-1.213467,2.453843
33.35,-0.460734,-1.222968,2.666452
33.3625,-0.566446,-1.218631,2.843948
33.375,-0.661281,-1.200486,2.983083
33.3875,-0.741847,-1.169197,3.080879
33.4,-0.804816,-1.126027,3.134738
33.4125,-0.847102,-1.072758,3.142566
33.425,-0.866041,-1.011559,3.102914
33.4375,-0.859548,-0.944822,3.015102
33.45,-0.826246,-0.874968,2.879324
33.4625,-0.765535,-0.804253,2.696714
33.475,-0.677624,-0.734571,2.46936
33.4875,-0.563495,-0.667302,2.200271
33.5,-0.424845,-0.603189,1.893313
33.5125,-0.263993,-0.54228,1.55311
33.525,-0.083794,-0.483927,1.184939
33.5375,0.112442,-0.426847,0.794629
33.55,0.321003,-0.369233,0.388475
33.562501,0.537814,-0.308923,-0.026834
33.575001,0.758451,-0.243602,-0.444275
33.587501,0.978172,-0.171032,-0.85656
33.600001,1.191954,-0.089293,-1.256222
33.612501,1.394594,0.002983,-1.635741
33.625001,1.580858,0.106397,-1.987727
33.637501,1.745707,0.220626,-2.305164
33.650001,1.88458,0.344324,-2.581693
33.662501,1.993707,0.475114,-2.81193
33.675001,2.070408,0.609676,-2.991755
33.687501,2.113328,0.743924,-3.118536
33.700001,2.122572,0.873257,-3.191248
33.712501,2.099684,0.99287,-3.210449
33.725001,2.047505,1.098064,-3.178134
33.737501,1.969896,1.184553,-3.097472
33.750001,1.871395,1.248706,-2.972486
33.762501,1.756844,1.28773,-2.807714
33.775001,1.631036,1.299779,-2.607907
33.787501,1.498416,1.283979,-2.37779
33.800001,1.362863,1.240405,-2.121903
33.812501,1.227544,1.170009,-1.844509
33.825001,1.094842,1.074512,-1.549579
33.837501,0.966354,0.956291,-1.240809
33.850001,0.842932,0.818258,-0.921671
33.862501,0.724766,0.663744,-0.595464
33.875001,0.611497,0.496395,-0.265363
33.887501,0.502349,0.320081,0.065544
33.900001,0.39627,0.138813,0.394239
33.912501,0.29209,-0.043334,0.717764
33.925001,0.188666,-0.222286,1.03322
33.937501,0.085029,-0.394045,1.337775
33.950001,-0.019482,-0.554758,1.628659
33.962501,-0.125105,-0.700803,1.903153
33.975001,-0.231563,-0.828871,2.158564
33.987501,-0.338003,-0.936058,2.392203
34.000001,-0.442959,-1.019963,2.60134
34.012501,-0.544366,-1.078772,2.783187
34.025001,-0.639603,-1.111339,2.934885
34.037501,-0.725592,-1.117238,3.053531
34.050001,-0.798939,-1.09679,3.136245
34.062501,-0.856129,-1.05105,3.180283
34.075001,-0.893751,-0.981746,3.183206
34.087501,-0.908756,-0.891174,3.14308
34.100001,-0.898721,-0.782049,3.058699
34.112501,-0.862081,-0.657322,2.929799
34.125001,-0.798328,-0.519979,2.757237
34.137501,-0.708126,-0.372849,2.543105
34.150001,-0.59334,-0.21843,2.29077
34.162501,-0.456987,-0.058769,2.004822
34.175001,-0.303089,0.104595,1.690939
34.187501,-0.136474,0.270626,1.355688
34.200001,0.037474,0.438711,1.006273
34.212501,0.213085,0.608525,0.650266
34.225001,0.384679,0.779864,0.295308
34.237501,0.546833,0.952453,-0.051162
34.250001,0.694638,1.125769,-0.382184
34.262501,0.823912,1.298897,-0.691503
34.275001,0.931393,1.470425,-0.973772
34.287501,1.014864,1.638415,-1.224686
34.300001,1.073236,1.800422,-1.441059
34.312501,1.106547,1.953589,-1.620825
34.325001,1.115908,2.094776,-1.762969
34.337501,1.103381,2.220735,-1.867396
34.350001,1.071814,2.328285,-1.934757
34.362501,1.024644,2.414488,-1.966248
34.375001,0.965692,2.476808,-1.963421
34.387501,0.898962,2.513225,-1.928003
34.400001,0.828456,2.522325,-1.86177
34.412501,0.758013,2.503337,-1.766459
34.425001,0.691167,2.456137,-1.643736
34.437501,0.631035,2.381218,-1.495212
34.450001,0.580216,2.279627,-1.322501
34.462501,0.540705,2.152889,-1.127308
34.475001,0.513832,2.002919,-0.911528
34.487501,0.500211,1.83193,-0.677346
34.500001,0.499714,1.642353,-0.427331
34.512501,0.511475,1.436766,-0.164487
34.525001,0.533931,1.217852,0.107726
34.537501,0.564898,0.988371,0.385421
34.550001,0.601693,0.751161,0.664359
34.562501,0.641294,0.509149,0.940077
34.575001,0.680531,0.265376,1.208042
34.587501,0.71629,0.02302,1.463834
34.600001,0.745723,-0.214595,1.703323
34.612501,0.766442,-0.444003,1.922838
34.625001,0.776668,-0.661641,2.11929
34.637501,0.775345,-0.863904,2.290251
34.650001,0.762185,-1.047241,2.43398
34.662501,0.737666,-1.208258,2.549387
34.675001,0.702969,-1.343841,2.635955
34.687501,0.659877,-1.451264,2.693639
34.700001,0.610644,-1.528298,2.722742
34.712501,0.557844,-1.573295,2.723805
34.725001,0.504215,-1.585238,2.697519
34.737501,0.452505,-1.563776,2.644668
34.750001,0.405317,-1.509219,2.56611
34.762501,0.364975,-1.422506,2.462805
34.775001,0.33339,-1.305155,2.335862
34.787501,0.311952,-1.159187,2.186626
34.800001,0.301442,-0.987049,2.01675
34.812501,0.301969,-0.791525,1.828282
34.825001,0.312955,-0.575656,1.623706
34.837501,0.333152,-0.342673,1.405961
34.850001,0.360718,-0.095942,1.178404
34.862501,0.393332,0.161074,0.944731
34.875001,0.428352,0.424829,0.708846
34.887501,0.462999,0.691706,0.474712
34.900001,0.494556,0.958019,0.246178
34.912501,0.520552,1.220016,0.026816
34.925001,0.538929,1.473895,-0.180217
34.937501,0.548166,1.715836,-0.37228
34.950001,0.547359,1.942045,-0.547289
34.962501,0.536255,2.148824,-0.703722
34.975001,0.515237,2.332643,-0.840562
34.987501,0.485282,2.490236,-0.95721
35.000001,0.447889,2.61868,-1.053377
35.012501,0.404998,2.715488,-1.128958
35.025001,0.3589,2.778679,-1.183921
35.037501,0.312148,2.806835,-1.218213
35.050001,0.267464,2.799143,-1.231696
35.062501,0.227651,2.755411,-1.224121
35.075001,0.195478,2.676062,-1.195147
35.087501,0.173572,2.562111,-1.144414
35.100001,0.164271,2.41512,-1.071651
35.112501,0.169468,2.237126,-0.976836
35.125001,0.190439,2.030575,-0.860373
35.137501,0.227675,1.798237,-0.723282
35.150001,0.28074,1.543125,-0.567362
35.162501,0.348174,1.268439,-0.395311
35.175001,0.427487,0.977509,-0.210757
35.187501,0.515248,0.673779,-0.01818
35.200001,0.607285,0.360802,0.177264
35.212501,0.698992,0.042263,0.370047
35.225001,0.7857,-0.278004,0.554621
35.237501,0.863072,-0.595991,0.725819
35.250001,0.927471,-0.907521,0.879204
35.262501,0.976241,-1.208281,1.011345
35.275001,1.007871,-1.493883,1.119975
35.287501,1.022022,-1.759958,1.204007
35.300001,1.019439,-2.002267,1.263431
35.312501,1.001766,-2.21683,1.299119
35.325001,0.971311,-2.400039,1.31258
35.337501,0.930796,-2.548763,1.305702
35.350001,0.883127,-2.660441,1.280521
35.362501,0.831201,-2.733134,1.239034
35.375001,0.777757,-2.765572,1.183078
35.387501,0.725273,-2.757161,1.114255
35.400001,0.675899,-2.707989,1.033921
35.412501,0.63141,-2.618798,0.943211
35.425001,0.59318,-2.490957,0.843099
35.437501,0.562163,-2.326416,0.734481
35.450001,0.538878,-2.12766,0.618253
35.462501,0.523401,-1.897656,0.495405
35.475001,0.515366,-1.639795,0.367081
35.487501,0.513985,-1.357836,0.234633
35.500001,0.518082,-1.055856,0.099625
35.512501,0.526166,-0.738194,-0.036181
35.525001,0.536513,-0.409404,-0.170893
35.537501,0.547286,-0.0742,-0.302569
35.550001,0.556658,0.26259,-0.429332
35.562501,0.562937,0.596082,-0.549479
35.575001,0.564678,0.921395,-0.661578
35.587501,0.56077,1.233712,-0.764548
35.600001,0.550488,1.528359,-0.857693
35.612501,0.533505,1.800869,-0.940707
35.625001,0.50988,2.047067,-1.013632
35.637501,0.48001,2.263136,-1.076798
35.650001,0.44458,2.445692,-1.130735
35.662501,0.404495,2.591845,-1.176084
35.675001,0.36083,2.699249,-1.213501
35.687501,0.314775,2.766148,-1.24358
35.700001,0.267607,2.791406,-1.266786
35.712501,0.220657,2.774525,-1.283404
35.725001,0.175292,2.715655,-1.293518
35.737501,0.1329,2.615588,-1.297011
35.750001,0.094852,2.475746,-1.293585
35.762501,0.062474,2.298153,-1.282817
35.775001,0.036977,2.085399,-1.264236
35.787501,0.019392,1.840597,-1.237425
35.800001,0.010474,1.567321,-1.202138
35.812501,0.010616,1.269549,-1.158413
35.825001,0.019773,0.95159,-1.10668
35.837501,0.037414,0.618017,-1.047821
35.850001,0.062533,0.273594,-0.983188
35.862501,0.093702,-0.076798,-0.914554
35.875001,0.129194,-0.428218,-0.84401
35.887501,0.167137,-0.775737,-0.773811
35.900001,0.205692,-1.114489,-0.706209
35.912501,0.243216,-1.439732,-0.643289
35.925001,0.278392,-1.7469,-0.586832
35.937501,0.310316,-2.031664,-0.538235
35.950001,0.33852,-2.289983,-0.498479
35.962501,0.36295,-2.518165,-0.468139
35.975001,0.383909,-2.712916,-0.447434
35.987501,0.401973,-2.871393,-0.436295
36.000001,0.4179,-2.991248,-0.434435
36.012501,0.432542,-3.070663,-0.44141
36.025001,0.446761,-3.108383,-0.456667
36.037501,0.461357,-3.103737,-0.479577
36.050001,0.477009,-3.056644,-0.509438
36.062501,0.494226,-2.967621,-0.545476
36.075001,0.5133,-2.837775,-0.586827
36.087501,0.534282,-2.668791,-0.632515
36.100001,0.556962,-2.462907,-0.681434
36.112501,0.580863,-2.222894,-0.732335
36.125001,0.605258,-1.952016,-0.783837
36.137501,0.629208,-1.653992,-0.834451
36.150001,0.651624,-1.332953,-0.882633
36.162501,0.67135,-0.993385,-0.926862
36.175001,0.687262,-0.640071,-0.965729
36.187501,0.698369,-0.278024,-0.998039
36.200001,0.703912,0.08759,-1.022898
36.212501,0.70343,0.451528,-1.039787
36.225001,0.696805,0.808555,-1.048592
36.237501,0.684256,1.153533,-1.049607
36.250001,0.666306,1.481501,-1.043488
36.262501,0.643711,1.787757,-1.031189
36.275001,0.61738,2.067931,-1.013868
36.287501,0.588282,2.318049,-0.9928
36.300001,0.557367,2.534593,-0.969283
36.312501,0.525496,2.714545,-0.944574
36.325001,0.493398,2.855426,-0.919829
36.337501,0.461642,2.955331,-0.896073
36.350001,0.430634,3.012944,-0.874182
36.362501,0.400625,3.027555,-0.854876
36.375001,0.371734,2.999065,-0.838723
36.387501,0.343978,2.927984,-0.82614
36.400001,0.317314,2.815422,-0.817403
36.412501,0.291674,2.66307,-0.81264
36.425001,0.267009,2.473177,-0.81184
36.437501,0.243327,2.248515,-0.814841
36.450001,0.220725,1.992342,-0.821331
36.462501,0.19941,1.708356,-0.830853
36.475001,0.179709,1.400646,-0.842814
36.487501,0.162057,1.073631,-0.856512
36.500001,0.146972,0.732003,-0.871174
36.512501,0.135011,0.380663,-0.886007
36.525001,0.126715,0.024649,-0.900258
36.537501,0.122556,-0.330929,-0.913269
36.550001,0.122886,-0.680967,-0.924521
36.562501,0.127905,-1.020435,-0.933671
36.575001,0.137642,-1.344452,-0.940548
36.587501,0.151966,-1.648355,-0.945144
36.600001,0.170598,-1.927771,-0.947574
36.612501,0.193147,-2.178676,-0.948032
36.625001,0.219139,-2.397459,-0.946733
36.637501,0.248043,-2.580973,-0.943864
36.650001,0.279293,-2.726581,-0.939538
36.662501,0.312295,-2.832198,-0.933755
36.675001,0.346431,-2.896322,-0.926379
36.687501,0.381055,-2.918056,-0.917118
36.700001,0.415484,-2.897126,-0.905523
36.712501,0.448994,-2.833888,-0.890992
36.725001,0.480821,-2.729318,-0.872787
36.737501,0.510174,-2.585011,-0.850066
36.750001,0.53626,-2.403144,-0.821927
36.762501,0.558322,-2.186457,-0.78747
36.775001,0.575696,-1.938198,-0.745862
36.787501,0.587873,-1.662077,-0.696417
36.800001,0.594565,-1.362202,-0.638676
36.812501,0.595766,-1.043015,-0.572475
36.825001,0.591799,-0.70921,-0.497995
36.837501,0.583325,-0.36567,-0.415786
36.850001,0.571334,-0.017383,-0.326751
36.862501,0.55709,0.330627,-0.232101
36.875001,0.542052,0.673369,-0.133275
36.887501,0.527766,1.005948,-0.031846
36.900001,0.51576,1.323628,0.070586
36.912501,0.507432,1.621887,0.172484
36.925001,0.503966,1.896473,0.272449
36.937501,0.506256,2.143457,0.369257
36.950001,0.514868,2.359285,0.461874
36.962501,0.53002,2.540829,0.549433
36.975001,0.55157,2.685435,0.631189
36.987501,0.579029,2.790972,0.706457
37.000001,0.611573,2.85587,0.774541
37.012501,0.648056,2.879157,0.834669
37.025001,0.68703,2.860484,0.885926
37.037501,0.726774,2.800145,0.927223
37.050001,0.765331,2.699086,0.95728
37.062501,0.800569,2.558889,0.974653
37.075001,0.830272,2.38176,0.977798
37.087501,0.852263,2.170484,0.965185
37.100001,0.864562,1.928369,0.935453
37.112501,0.865567,1.659176,0.887593
37.125001,0.854244,1.36703,0.821146
37.137501,0.830292,1.056327,0.736378
37.150001,0.794263,0.731633,0.634406
37.162501,0.747593,0.397597,0.517245
37.175001,0.69254,0.058864,0.387752
37.187501,0.632023,-0.279981,0.24947
37.200001,0.569368,-0.614464,0.106389
37.212501,0.508022,-0.94025,-0.037335
37.225001,0.45125,-1.253162,-0.177675
37.237501,0.401872,-1.549203,-0.310978
37.250001,0.362069,-1.824577,-0.434145
37.262501,0.333273,-2.075724,-0.544726
37.275001,0.316135,-2.299361,-0.640922
37.287501,0.310566,-2.492537,-0.72153
37.300001,0.315821,-2.65269,-0.785822
37.312501,0.330619,-2.777711,-0.833414
37.325001,0.35326,-2.865994,-0.864128
37.337501,0.381744,-2.916489,-0.877866
37.350001,0.413881,-2.928733,-0.874524
37.362501,0.447386,-2.902875,-0.85393
37.375001,0.479966,-2.839673,-0.815828
37.387501,0.509411,-2.740486,-0.7599
37.400001,0.53368,-2.607237,-0.685822
37.412501,0.550992,-2.442365,-0.593354
37.425001,0.559933,-2.248762,-0.482448
37.437501,0.559547,-2.0297,-0.353367
37.450001,0.549427,-1.788746,-0.2068
37.462501,0.529785,-1.529689,-0.04396
37.475001,0.501482,-1.256457,0.133363
37.487501,0.466015,-0.973056,0.322788
37.500001,0.425447,-0.683525,0.521391
37.512501,0.382291,-0.39189,0.725811
37.525001,0.339335,-0.102156,0.932397
37.537501,0.299452,0.181717,1.137389
37.550001,0.265381,0.455816,1.337109
37.562501,0.23954,0.716294,1.528131
37.575001,0.223852,0.959397,1.707417
37.587501,0.219629,1.181504,1.872409
37.600001,0.227503,1.379187,2.021051
37.612501,0.247409,1.549281,2.151766
37.625001,0.278615,1.688966,2.263386
37.637501,0.319791,1.795855,2.355049
37.650001,0.36909,1.868074,2.426092
37.662501,0.424262,1.904336,2.475941
37.675001,0.48276,1.903999,2.504031
37.687501,0.541867,1.867104,2.509757
37.700001,0.598816,1.794387,2.492468
37.712501,0.650924,1.687266,2.451505
37.725001,0.695734,1.547804,2.386283
37.737501,0.731153,1.378639,2.296403
37.750001,0.755594,1.182899,2.181791
37.762501,0.768095,0.964097,2.042832
37.775001,0.768415,0.726016,1.880488
37.787501,0.757087,0.472599,1.696383
37.800001,0.735409,0.207839,1.492829
37.812501,0.70538,-0.064297,1.272792
37.825001,0.669576,-0.339936,1.039795
37.837501,0.63097,-0.615331,0.797775
37.850001,0.592731,-0.886878,0.550895
37.862501,0.557996,-1.15111,0.303354
37.875001,0.529664,-1.40469,0.059202
37.887501,0.510211,-1.644401,-0.177812
37.900001,0.501543,-1.86715,-0.404344
37.912501,0.5049,-2.069989,-0.61751
37.925001,0.520799,-2.25015,-0.814886
37.937501,0.549025,-2.405104,-0.994454
37.950001,0.588649,-2.53263,-1.15452
37.962501,0.638069,-2.630896,-1.293609
37.975001,0.695069,-2.698538,-1.410343
37.987501,0.756895,-2.734732,-1.50334
38.000001,0.820328,-2.739259,-1.571129
38.012501,0.881789,-2.712539,-1.612108
38.025001,0.937446,-2.655643,-1.62454
38.037501,0.983359,-2.570272,-1.606614
38.050001,1.015643,-2.458695,-1.556556
38.062501,1.030668,-2.323657,-1.472792
38.075001,1.025277,-2.168247,-1.35416
38.087501,0.997013,-1.995749,-1.200133
38.100001,0.944339,-1.80947,-1.011049
38.112501,0.866822,-1.612579,-0.788308
38.125001,0.765257,-1.40797,-0.534508
38.137501,0.641722,-1.198156,-0.253504
38.150001,0.499535,-0.985228,0.049623
38.162501,0.343125,-0.77087,0.368702
38.175001,0.177814,-0.556435,0.696689
38.187501,0.009531,-0.343076,1.025962
38.200001,-0.155528,-0.131905,1.348671
38.212501,-0.31127,0.075845,1.657106
38.225001,-0.452069,0.278665,1.944073
38.237501,-0.573103,0.474676,2.203228
38.250001,-0.670631,0.661575,2.429348
38.262501,-0.742185,0.836667,2.618511
38.275001,-0.786649,0.996955,2.768174
38.287501,-0.804238,1.139276,2.87713
38.300001,-0.796369,1.26049,2.945377
38.312501,-0.765447,1.357662,2.973905
38.325001,-0.71461,1.428244,2.964447
38.337501,-0.647442,1.470231,2.919221
38.350001,-0.567702,1.482271,2.840702
38.362501,-0.479081,1.463742,2.731433
38.375001,-0.385001,1.414774,2.593905
38.387501,-0.28846,1.336241,2.430488
38.400001,-0.191921,1.229715,2.24342
38.412501,-0.097248,1.097395,2.034834
38.425001,-0.005671,0.94203,1.806805
38.437501,0.082208,0.766818,1.561417
38.450001,0.166383,0.57532,1.300812
38.462501,0.247387,0.371365,1.027237
38.475001,0.326205,0.158971,0.743064
38.487501,0.404168,-0.057727,0.45079
38.500001,0.482827,-0.274542,0.153024
38.512501,0.563815,-0.487295,-0.147545
38.525001,0.648698,-0.691864,-0.448179
38.537501,0.738834,-0.884245,-0.746116
38.550001,0.835228,-1.06061,-1.038578
38.562501,0.9384,-1.217381,-1.322764
38.575001,1.048274,-1.35131,-1.595814
38.587501,1.164081,-1.459578,-1.854751
38.600001,1.28429,-1.539895,-2.096418
38.612501,1.406571,-1.590615,-2.317408
38.625001,1.527803,-1.61084,-2.514013
38.637501,1.644135,-1.600512,-2.682218
38.650001,1.751108,-1.560484,-2.817749
38.662501,1.843855,-1.492542,-2.916198
38.675001,1.917375,-1.399376,-2.973239
38.687501,1.966871,-1.284482,-2.98491
38.700001,1.988121,-1.151996,-2.947952
38.712501,1.977853,-1.006463,-2.860161
38.725001,1.934056,-0.852555,-2.720694
38.737501,1.8562,-0.694766,-2.53029
38.750001,1.745318,-0.537126,-2.291358
38.762501,1.603948,-0.382955,-2.007932
38.775001,1.435945,-0.234693,-1.68549
38.787501,1.246205,-0.093825,-1.33069
38.800001,1.040345,0.039094,-0.95104
38.812501,0.824384,0.164331,-0.554582
38.825001,0.604459,0.282788,-0.149581
38.837501,0.386587,0.395775,0.255725
38.850001,0.176477,0.504755,0.653349
38.862501,-0.020619,0.611104,1.035725
38.875001,-0.200028,0.715887,1.395863
38.887501,-0.357767,0.819685,1.727487
38.900001,-0.490647,0.922487,2.025151
38.912501,-0.596363,1.023637,2.284348
38.925001,-0.673559,1.121865,2.501589
38.937501,-0.72187,1.21537,2.674437
38.950001,-0.741909,1.301964,2.801506
38.962501,-0.735203,1.379255,2.882399
38.975001,-0.704077,1.444836,2.917602
38.987501,-0.651496,1.496489,2.908345
39.000001,-0.580875,1.532351,2.85644
39.012501,-0.495877,1.551055,2.764126
39.025001,-0.400216,1.551831,2.633928
39.037501,-0.297482,1.534545,2.468554
39.050001,-0.190991,1.499713,2.270817
39.062501,-0.083673,1.448457,2.043609
39.075001,0.022,1.382437,1.789898
39.087501,0.124058,1.303765,1.512749
39.100001,0.221034,1.214893,1.215357
39.112501,0.311944,1.118508,0.901086
39.125001,0.396235,1.01742,0.573494
39.137501,0.47372,0.914462,0.236352
39.150001,0.544492,0.812402,-0.106357
39.162501,0.608836,0.713861,-0.45046
39.175001,0.667133,0.621248,-0.791627
39.187501,0.719776,0.536708,-1.12542
39.200001,0.767093,0.462077,-1.447358
39.212501,0.809288,0.398842,-1.75298
39.225001,0.846406,0.348119,-2.037928
39.237501,0.878323,0.310625,-2.298016
39.250001,0.904753,0.286671,-2.529315
39.262501,0.925293,0.27616,-2.728231
39.275001,0.939476,0.2786,-2.891579
39.287501,0.946843,0.29313,-3.016661
39.300001,0.947024,0.318567,-3.101329
39.312501,0.939811,0.353464,-3.144045
39.325001,0.925229,0.396183,-3.143921
39.337501,0.903578,0.444983,-3.100748
39.350001,0.875464,0.498094,-3.015009
39.362501,0.841799,0.553808,-2.887861
39.375001,0.803775,0.610544,-2.721113
39.387501,0.762821,0.6669,-2.51718
39.400001,0.720537,0.721687,-2.279025
39.412501,0.678624,0.773943,-2.010091
39.425001,0.638806,0.822916,-1.714237
39.437501,0.60275,0.868043,-1.395658
39.450001,0.571999,0.908905,-1.058817
39.462501,0.547906,0.945185,-0.708373
39.475001,0.531581,0.976617,-0.349119
39.487501,0.523846,1.00295,0.014084
39.500001,0.525203,1.023916,0.376363
39.512501,0.53581,1.039222,0.732886
39.525001,0.555465,1.04855,1.078914
39.537501,0.583611,1.051586,1.409845
39.550001,0.619336,1.048052,1.72126
39.562501,0.661406,1.037763,2.008966
39.575001,0.708296,1.020679,2.269038
39.587501,0.75825,0.996969,2.497866
39.600001,0.809345,0.967059,2.692203
39.612501,0.85957,0.931667,2.849221
39.625001,0.906919,0.89182,2.96656
39.637501,0.949479,0.848849,3.042394
39.650001,0.985515,0.804348,3.075479
39.662501,1.013542,0.760117,3.065202
39.675001,1.032381,0.718081,3.011616
39.687501,1.041186,0.680185,2.915458
39.700001,1.039445,0.648297,2.778143
39.712501,1.026957,0.624097,2.601743
39.725001,1.003782,0.608982,2.388936
39.737501,0.970183,0.60399,2.142944
39.750001,0.926556,0.609733,1.867456
39.762501,0.873365,0.626361,1.566537
39.775001,0.811092,0.653546,1.244538
39.787501,0.740197,0.69049,0.906007
39.800001,0.661111,0.735945,0.555606
39.812501,0.574244,0.788261,0.198031
39.825001,0.48002,0.845441,-0.162051
39.837501,0.378932,0.905216,-0.520048
39.850001,0.271604,0.965128,-0.871484
39.862501,0.158869,1.02263,-1.212018
39.875001,0.041837,1.075191,-1.537451
39.887501,-0.078044,1.120412,-1.843725
39.900001,-0.198941,1.156143,-2.126909
39.912501,-0.318617,1.180598,-2.383196
39.925001,-0.434447,1.19246,-2.6089
39.937501,-0.543462,1.190967,-2.800477
39.950001,-0.642441,1.175971,-2.954566
39.962501,-0.728029,1.14796,-3.06806
39.975001,-0.796899,1.108034,-3.138208
39.987501,-0.845916,1.057841,-3.16274
40.000001,-0.872324,0.999456,-3.139996
40.012501,-0.873904,0.935226,-3.069062
40.025001,-0.849108,0.867587,-2.949873
40.037501,-0.797147,0.798863,-2.78329
40.050001,-0.718022,0.731072,-2.571124
40.062501,-0.612505,0.665755,-2.316112
40.075001,-0.482084,0.603848,-2.021857
40.087501,-0.32887,0.545601,-1.692731
40.100001,-0.155511,0.490558,-1.333773
40.112501,0.034896,0.437594,-0.950585
40.125001,0.238864,0.385017,-0.549238
40.137501,0.452554,0.330712,-0.136206
40.150001,0.671791,0.272329,0.281697
40.162501,0.892072,0.207502,0.697371
40.175001,1.108594,0.13409,1.103497
40.187501,1.316314,0.05041,1.492636
40.200001,1.510065,-0.044537,1.85738
40.212501,1.684747,-0.150883,2.190561
40.225001,1.83558,-0.267766,2.485517
40.237501,1.958402,-0.393281,2.736398
40.250001,2.04999,-0.524522,2.93847
40.262501,2.108331,-0.657723,3.08838
40.275001,2.132808,-0.788478,3.184336
40.287501,2.124267,-0.912024,3.22615
40.300001,2.08493,-1.023565,3.215158
40.312501,2.018185,-1.11858,3.154012
40.325001,1.928267,-1.193098,3.04638
40.337501,1.819898,-1.243918,2.896611
40.350001,1.697917,-1.268744,2.709418
40.362501,1.566952,-1.266254,2.489596
40.375001,1.431162,-1.236099,2.241829
40.387501,1.294056,-1.178841,1.970561
40.400001,1.158387,-1.095871,1.679948
40.412501,1.026118,-0.989289,1.373858
40.425001,0.898445,-0.861785,1.055906
40.437501,0.775865,-0.716519,0.729507
40.450001,0.658278,-0.557013,0.397926
40.462501,0.545107,-0.38705,0.064319
40.475001,0.435445,-0.210587,-0.268236
40.487501,0.328199,-0.031672,-0.596727
40.500001,0.222249,0.14562,-0.918203
40.512501,0.116591,0.317269,-1.229774
40.525001,0.010477,0.479375,-1.528609
40.537501,-0.096461,0.628241,-1.811929
40.550001,-0.20411,0.760458,-2.076986
40.562501,-0.311802,0.872995,-2.321038
40.575001,-0.418271,0.963289,-2.541316
40.587501,-0.521647,1.029345,-2.734999
40.600001,-0.619488,1.069807,-2.899199
40.612501,-0.708869,1.08403,-3.03098
40.625001,-0.786501,1.072107,-3.127412
40.637501,-0.848915,1.034874,-3.185674
40.650001,-0.892679,0.973861,-3.203207
40.662501,-0.914646,0.891201,-3.177903
40.675001,-0.912215,0.789491,-3.10832
40.687501,-0.883575,0.67162,-2.993903
40.700001,-0.827909,0.540568,-2.835166
40.712501,-0.745534,0.399211,-2.633827
40.725001,-0.637953,0.250135,-2.392864
40.737501,-0.507826,0.095503,-2.116491
40.750001,-0.358851,-0.063028,-1.810042
40.762501,-0.195584,-0.224321,-1.4798
40.775001,-0.023203,-0.387699,-1.132755
40.787501,0.152747,-0.55283,-0.776352
40.800001,0.326619,-0.719566,-0.418203
40.812501,0.492936,-0.887754,-0.065817
40.825001,0.646629,-1.057056,0.273669
40.837501,0.783274,-1.226781,0.593731
40.850001,0.899278,-1.395771,0.888665
40.862501,0.992036,-1.562337,1.153745
40.875001,1.060025,-1.724261,1.385331
40.887501,1.102845,-1.87886,1.580892
40.900001,1.121184,-2.023107,1.738976
40.912501,1.116728,-2.153788,1.859105
40.925001,1.092019,-2.267677,1.941618
40.937501,1.050266,-2.361723,1.987485
40.950001,0.99515,-2.433207,1.998114
40.962501,0.930618,-2.479888,1.975161
40.975001,0.860692,-2.500093,1.92039
40.987501,0.789296,-2.492784,1.835561
41.000001,0.720108,-2.45757,1.722378
41.012501,0.656433,-2.394693,1.582487
41.025001,0.601097,-2.304974,1.417517
41.037501,0.556355,-2.189744,1.229151
41.050001,0.523821,-2.050756,1.019225
41.062501,0.504408,-1.890095,0.789828
41.075001,0.498296,-1.710088,0.543399
41.087501,0.504923,-1.513235,0.282791
41.100001,0.523009,-1.302147,0.01131
41.112501,0.55062,-1.07952,-0.267295
41.125001,0.585268,-0.848117,-0.54889
41.137501,0.624061,-0.610783,-0.829063
41.150001,0.663872,-0.370462,-1.103263
41.162501,0.701549,-0.130229,-1.366976
41.175001,0.734114,0.106699,-1.615906
41.187501,0.75897,0.336958,-1.846144
41.200001,0.774068,0.557061,-2.054316
41.212501,0.778037,0.76345,-2.237679
41.225001,0.77026,0.952573,-2.394172
41.237501,0.750892,1.12099,-2.522406
41.250001,0.72082,1.265481,-2.621605
41.262501,0.681581,1.383167,-2.691515
41.275001,0.635239,1.47162,-2.732289
41.287501,0.584246,1.528954,-2.744371
41.300001,0.53128,1.553894,-2.728399
41.312501,0.479093,1.545818,-2.685136
41.325001,0.430352,1.504764,-2.615433
41.337501,0.387496,1.431413,-2.520239
41.350001,0.352603,1.327042,-2.40064
41.362501,0.327265,1.193462,-2.257927
41.375001,0.312496,1.032936,-2.093679
41.387501,0.308662,0.848096,-1.909832
41.400001,0.315442,0.64186,-1.708748
41.412501,0.331836,0.417359,-1.493237
41.425001,0.356221,0.177877,-1.266537
41.437501,0.38645,-0.07319,-1.032253
41.450001,0.419995,-0.332359,-0.79425
41.462501,0.45412,-0.596071,-0.556502
41.475001,0.48608,-0.860694,-0.322932
41.487501,0.513305,-1.122524,-0.097243
41.500001,0.533577,-1.377798,0.117227
41.512501,0.545173,-1.622717,0.317618
41.525001,0.546959,-1.853486,0.50162
41.537501,0.53844,-2.066373,0.667481
41.550001,0.519771,-2.257786,0.813977
41.562501,0.491718,-2.424354,0.940339
41.575001,0.455604,-2.563023,1.046142
41.587501,0.413227,-2.671137,1.131193
41.600001,0.366778,-2.746521,1.19541
41.612501,0.318749,-2.787544,1.238719
41.625001,0.271845,-2.793169,1.260978
41.637501,0.228891,-2.762977,1.261937
41.650001,0.19273,-2.697169,1.241242
41.662501,0.166108,-2.596552,1.198485
41.675001,0.151541,-2.462493,1.133305
41.687501,0.151158,-2.296865,1.045528
41.700001,0.166529,-2.101968,0.93535
41.712501,0.198493,-1.880451,0.803521
41.725001,0.246989,-1.635229,0.651533
41.737501,0.310948,-1.36941,0.481759
41.750001,0.388237,-1.086239,0.297522
41.762501,0.475711,-0.789067,0.103067
41.775001,0.569375,-0.481347,-0.096582
41.787501,0.664651,-0.166644,-0.295884
41.800001,0.756736,0.151333,-0.489122
41.812501,0.841004,0.468709,-0.670803
41.825001,0.913397,0.781424,-0.836035
41.837501,0.970751,1.085258,-0.980857
41.850001,1.011021,1.37587,-1.102442
41.862501,1.033362,1.648888,-1.199178
41.875001,1.03809,1.900012,-1.270613
41.887501,1.026527,2.125138,-1.317289
41.900001,1.000776,2.320482,-1.340507
41.912501,0.963474,2.4827,-1.342067
41.925001,0.917537,2.608975,-1.324011
41.937501,0.865952,2.697102,-1.288423
41.950001,0.8116,2.745526,-1.237262
41.962501,0.757136,2.753375,-1.172274
41.975001,0.704903,2.720461,-1.094956
41.987501,0.656879,2.647264,-1.006561
42.000001,0.61464,2.534908,-0.908151
42.012501,0.579343,2.385119,-0.800668
42.025001,0.551703,2.200175,-0.68502
42.037501,0.53199,1.982858,-0.562171
42.050001,0.520021,1.736395,-0.433215
42.062501,0.515172,1.464404,-0.299438
42.075001,0.516411,1.170836,-0.162339
42.087501,0.522353,0.859925,-0.023628
42.100001,0.531337,0.536134,0.114823
42.112501,0.541539,0.20411,0.251054
42.125001,0.55109,-0.131373,0.383123
42.137501,0.558204,-0.465459,0.509215
42.150001,0.561305,-0.793271,0.627751
42.162501,0.559115,-1.10997,0.737473
42.175001,0.55073,-1.410829,0.8375
42.187501,0.53565,-1.691298,0.927344
42.200001,0.513771,-1.947084,1.006887
42.212501,0.485359,-2.174228,1.076326
42.225001,0.450995,-2.369171,1.136098
42.237501,0.411518,-2.528826,1.186781
42.250001,0.367964,-2.650631,1.22901
42.262501,0.321516,-2.732599,1.26338
42.275001,0.273464,-2.773354,1.29038
42.287501,0.225171,-2.772153,1.31033
42.300001,0.178055,-2.728901,1.323353
42.312501,0.133564,-2.644151,1.32936
42.325001,0.093148,-2.519094,1.328071
42.337501,0.058226,-2.355535,1.319056
42.350001,0.03012,-2.155864,1.301814
42.362501,0.00999,-1.923006,1.275868
42.375001,-0.001267,-1.660373,1.240884
42.387501,-0.003105,-1.3718,1.196799
42.400001,0.004573,-1.061477,1.143931
42.412501,0.021363,-0.733878,1.083067
42.425001,0.046343,-0.393687,1.015494
42.437501,0.078118,-0.045733,0.942969
42.450001,0.114926,0.305086,0.86763
42.462501,0.154794,0.653853,0.791844
42.475001,0.195724,0.995701,0.718029
42.487501,0.235873,1.325859,0.648477
42.500001,0.27371,1.639713,0.585197
42.512501,0.308118,1.932857,0.529807
42.525001,0.338447,2.201146,0.483484
42.537501,0.364503,2.440761,0.446965
42.550001,0.386497,2.648253,0.420586
42.562501,0.404966,2.820605,0.404354
42.575001,0.420674,2.955274,0.398026
42.587501,0.43452,3.050232,0.401173
42.600001,0.447445,3.104004,0.413249
42.612501,0.460355,3.115688,0.433624
42.625001,0.474054,3.084971,0.461602
42.637501,0.489189,3.012135,0.496427
42.650001,0.506201,2.898056,0.537268
42.662501,0.525294,2.74419,0.583194
42.675001,0.546406,2.552559,0.633153
42.687501,0.569199,2.325719,0.685954
42.700001,0.593065,2.066738,0.740262
42.712501,0.617154,1.77915,0.794614
42.725001,0.64042,1.466918,0.847455
42.737501,0.6617,1.134382,0.897208
42.750001,0.679805,0.786201,0.94236
42.762501,0.693627,0.427294,0.981553
42.775001,0.70224,0.062766,1.013693
42.787501,0.704989,-0.302168,1.038024
42.800001,0.701543,-0.662264,1.05419
42.812501,0.691925,-1.012336,1.062247
42.825001,0.676486,-1.347342,1.062649
42.837501,0.655856,-1.662461,1.056183
42.850001,0.630867,-1.953178,1.043897
42.862501,0.602464,-2.215347,1.027
42.875001,0.571619,-2.445255,1.006773
42.887501,0.539259,-2.639675,0.98449
42.900001,0.506201,-2.795907,0.961349
42.912501,0.473126,-2.911811,0.93843
42.925001,0.440558,-2.985836,0.916667
42.937501,0.408868,-3.017031,0.896836
42.950001,0.378289,-3.00506,0.879555
42.962501,0.348944,-2.950197,0.865283
42.975001,0.32088,-2.853322,0.854326
42.987501,0.294103,-2.715909,0.846846
43.000001,0.26862,-2.539996,0.842859
43.012501,0.244467,-2.328165,0.842238
43.025001,0.221746,-2.083497,0.844718
43.037501,0.200646,-1.809534,0.849899
43.050001,0.181444,-1.51023,0.857264
43.062501,0.164509,-1.189893,0.866197
43.075001,0.150274,-0.853127,0.876027
43.087501,0.139202,-0.504771,0.886065
43.100001,0.13174,-0.149827,0.895661
43.112501,0.128275,0.206607,0.90425
43.125001,0.129087,0.559411,0.911397
43.137501,0.134326,0.903515,0.916817
43.150001,0.143991,1.23397,0.920388
43.162501,0.157944,1.546023,0.922129
43.175001,0.175919,1.835185,0.922172
43.187501,0.197554,2.097295,0.920718
43.200001,0.222418,2.328581,0.917984
43.212501,0.250036,2.525717,0.914163
43.225001,0.279904,2.685869,0.909371
43.237501,0.311499,2.80674,0.903623
43.250001,0.34428,2.886602,0.896799
43.262501,0.377677,2.924326,0.888634
43.275001,0.411085,2.919396,0.878706
43.287501,0.443852,2.871923,0.866443
43.300001,0.475282,2.782644,0.851135
43.312501,0.504632,2.652913,0.831955
43.325001,0.53114,2.484682,0.808004
43.337501,0.554053,2.280474,0.778354
43.350001,0.572675,2.043343,0.742119
43.362501,0.58643,1.776824,0.698524
43.375001,0.594928,1.484879,0.646985
43.387501,0.598028,1.171827,0.587183
43.400001,0.595891,0.84228,0.519121
43.412501,0.589012,0.501061,0.443161
43.425001,0.578218,0.153133,0.360026
43.437501,0.564633,-0.196474,0.270769
43.450001,0.549611,-0.542737,0.176705
43.462501,0.534642,-0.880704,0.079325
43.475001,0.521244,-1.205559,-0.019806
43.487501,0.510856,-1.51268,-0.119147
43.500001,0.50474,-1.797693,-0.217262
43.512501,0.503905,-2.056532,-0.312875
43.525001,0.509054,-2.285484,-0.404894
43.537501,0.520553,-2.481246,-0.492403
43.550001,0.538423,-2.640974,-0.574625
43.562501,0.562337,-2.762326,-0.650872
43.575001,0.591639,-2.843507,-0.720477
43.587501,0.62535,-2.883308,-0.782722
43.600001,0.662188,-2.881131,-0.836781
43.612501,0.700595,-2.837015,-0.881667
43.625001,0.73876,-2.751642,-0.916212
43.637501,0.774677,-2.626339,-0.93907
43.650001,0.806215,-2.463061,-0.948768
43.662501,0.831225,-2.264359,-0.943796
43.675001,0.847679,-2.033333,-0.922736
43.687501,0.853839,-1.773565,-0.884435
43.700001,0.848441,-1.489043,-0.828192
43.712501,0.830868,-1.184069,-0.753943
43.725001,0.80129,-0.863162,-0.662406
43.737501,0.76073,-0.530965,-0.555162
43.750001,0.711051,-0.192161,-0.434644
43.762501,0.654828,0.1486,-0.304027
43.775001,0.595147,0.486754,-0.167026
43.787501,0.53533,0.817864,-0.027636
43.800001,0.478642,1.137644,0.110154
43.812501,0.428019,1.441984,0.242622
43.825001,0.385848,1.726969,0.366516
43.837501,0.353822,1.988915,0.47918
43.850001,0.332882,2.224405,0.578598
43.862501,0.323229,2.43034,0.66335
43.875001,0.324389,2.603995,0.732529
43.887501,0.335313,2.743079,0.785609
43.900001,0.354498,2.845786,0.822314
43.912501,0.380101,2.910854,0.842491
43.925001,0.410045,2.937596,0.846008
43.937501,0.44212,2.925929,0.832688
43.950001,0.474073,2.876384,0.80227
43.962501,0.503689,2.790093,0.754426
43.975001,0.528886,2.668773,0.688798
43.987501,0.547797,2.514672,0.605075
44.000001,0.558877,2.33052,0.5031
44.012501,0.560999,2.119457,0.382982
44.025001,0.553546,1.884952,0.245216
44.037501,0.536498,1.630726,0.090787
44.050001,0.51047,1.360674,-0.078755
44.062501,0.476728,1.078797,-0.261268
44.075001,0.437134,0.789144,-0.454043
44.087501,0.394051,0.495773,-0.653888
44.100001,0.350186,0.202727,-0.857259
44.112501,0.308404,-0.085987,-1.060441
44.125001,0.271517,-0.366403,-1.259729
44.137501,0.242081,-0.634615,-1.451616
44.150001,0.222215,-0.886797,-1.632942
44.162501,0.213464,-1.11924,-1.801006
44.175001,0.216711,-1.328407,-1.953608
44.187501,0.232144,-1.510996,-2.089046
44.200001,0.259273,-1.664022,-2.206059
44.212501,0.296979,-1.784902,-2.303728
44.225001,0.343604,-1.871539,-2.381372
44.237501,0.397042,-1.922396,-2.438432
44.250001,0.454856,-1.936567,-2.474378
44.262501,0.514389,-1.913814,-2.488644
44.275001,0.572888,-1.854594,-2.480605
44.287501,0.62763,-1.760059,-2.449598
44.300001,0.676056,-1.632022,-2.394984
44.312501,0.715913,-1.472909,-2.316252
44.325001,0.745389,-1.285673,-2.213153
44.337501,0.763248,-1.0737,-2.085832
44.350001,0.768938,-0.840699,-1.934963
44.362501,0.762657,-0.590587,-1.761851
44.375001,0.745381,-0.32738,-1.568482
44.387501,0.71882,-0.0551,-1.357519
44.400001,0.685318,0.222297,-1.132233
44.412501,0.647699,0.500966,-0.89637
44.425001,0.609067,0.777202,-0.653988
44.437501,0.572592,1.04744,-0.409259
44.450001,0.541289,1.308249,-0.166282
44.462501,0.51782,1.556327,0.071088
44.475001,0.504337,1.788495,0.299365
44.487501,0.502358,2.001713,0.515504
44.500001,0.512699,2.193114,0.716927
44.512501,0.535445,2.360044,0.901489
44.525001,0.56996,2.500137,1.067404
44.537501,0.614918,2.611383,1.213145
44.550001,0.668359,2.692214,1.337331
44.562501,0.727753,2.741574,1.438611
44.575001,0.790078,2.75899,1.515576
44.587501,0.851908,2.744617,1.566689
44.600001,0.90952,2.699259,1.590273
44.612501,0.959016,2.624361,1.584538
44.625001,0.996482,2.521967,1.547676
44.637501,1.018175,2.394637,1.478002
44.650001,1.020728,2.245336,1.374148
44.662501,1.001382,2.077286,1.235288
44.675001,0.958215,1.89381,1.061372
44.687501,0.89034,1.698163,0.853336
44.700001,0.798068,1.493383,0.613278
44.712501,0.682986,1.282174,0.344545
44.725001,0.54796,1.066839,0.051743
44.737501,0.39704,0.849271,-0.259356
44.750001,0.235267,0.631006,-0.582009
44.762501,0.068413,0.413336,-0.90877
44.775001,-0.097358,0.197453,-1.231829
44.787501,-0.255849,-0.015387,-1.543388
44.800001,-0.401216,-0.223705,-1.836041
44.812501,-0.52832,-0.425687,-2.103132
44.825001,-0.633032,-0.619116,-2.339053
44.837501,-0.712456,-0.801373,-2.539461
44.850001,-0.765048,-0.969512,-2.701388
44.862501,-0.790622,-1.120384,-2.823228
44.875001,-0.790248,-1.250808,-2.904636
44.887501,-0.766064,-1.357752,-2.946327
44.900001,-0.721023,-1.438525,-2.949833
44.912501,-0.658613,-1.490933,-2.917242
44.925001,-0.582575,-1.513409,-2.850954
44.937501,-0.496657,-1.505095,-2.753479
44.950001,-0.40439,-1.465884,-2.627298
44.962501,-0.308927,-1.396418,-2.474776
44.975001,-0.21292,-1.298055,-2.298139
44.987501,-0.118436,-1.172808,-2.099491
45.000001,-0.026918,-1.023261,-1.880862
45.012501,0.060823,-0.852487,-1.644268
45.025001,0.144588,-0.663943,-1.391775
45.037501,0.22474,-0.461391,-1.125543
45.050001,0.302133,-0.248804,-0.847863
45.062501,0.378007,-0.030294,-0.561158
45.075001,0.453875,0.189954,-0.267976
45.087501,0.531387,0.407741,0.029039
45.100001,0.612188,0.618909,0.327182
45.112501,0.697767,0.819392,0.623717
45.125001,0.78932,1.005279,0.915899
45.137501,0.88761,1.172875,1.20097
45.150001,0.992847,1.318778,1.476137
45.162501,1.104589,1.439972,1.738528
45.175001,1.221655,1.533922,1.985121
45.187501,1.342083,1.598685,2.212682
45.200001,1.463109,1.633019,2.417691
45.212501,1.581205,1.63648,2.596322
45.225001,1.692169,1.609504,2.74445
45.237501,1.791292,1.553451,2.857747
45.250001,1.873593,1.470602,2.931847
45.262501,1.934127,1.364093,2.962599
45.275001,1.96835,1.237784,2.946388
45.287501,1.972492,1.09605,2.880483
45.300001,1.943907,0.943528,2.763377
45.312501,1.88135,0.784817,2.595054
45.325001,1.785121,0.624184,2.377145
45.337501,1.657083,0.465293,2.112954
45.350001,1.500529,0.311001,1.807339
45.362501,1.319948,0.163244,1.466481
45.375001,1.120717,0.023013,1.097579
45.387501,0.908775,-0.109572,0.708522
45.400001,0.690311,-0.235101,0.307568
45.412501,0.471502,-0.354667,-0.096949
45.425001,0.258291,-0.469618,-0.496853
45.437501,0.056212,-0.581305,-0.884333
45.450001,-0.129752,-0.690853,-1.252116
45.462501,-0.295291,-0.798965,-1.593606
45.475001,-0.436879,-0.90579,-1.903028
45.487501,-0.551873,-1.010852,-2.175528
45.500001,-0.638588,-1.11305,-2.40727
45.512501,-0.696343,-1.210724,-2.59548
45.525001,-0.72546,-1.301784,-2.738451
45.537501,-0.727216,-1.383877,-2.835496
45.550001,-0.703733,-1.454583,-2.88685
45.562501,-0.657832,-1.511606,-2.893529
45.575001,-0.592842,-1.552964,-2.85718
45.587501,-0.5124,-1.577131,-2.779907
45.600001,-0.420251,-1.583151,-2.664136
45.612501,-0.320061,-1.570701,-2.512486
45.625001,-0.21526,-1.540109,-2.327695
45.637501,-0.108919,-1.492323,-2.112579
45.650001,-0.003663,-1.42886,-1.870017
45.662501,0.09838,-1.351715,-1.602978
45.675001,0.195595,-1.263261,-1.31455
45.687501,0.286867,-1.166142,-1.007978
45.700001,0.37154,-1.063158,-0.686703
45.712501,0.449353,-0.957168,-0.354375
45.725001,0.520365,-0.850993,-0.01487
45.737501,0.58486,-0.747334,0.327735
45.750001,0.643259,-0.648709,0.669183
45.762501,0.696023,-0.557391,1.005089
45.775001,0.743573,-0.475363,1.330995
45.787501,0.786222,-0.404281,1.642437
45.800001,0.824126,-0.345446,1.93502
45.812501,0.857259,-0.299773,2.204495
45.825001,0.885416,-0.267784,2.446831
45.837501,0.908238,-0.249593,2.6583
45.850001,0.925264,-0.244916,2.835551
45.862501,0.935992,-0.253087,2.975683
45.875001,0.939963,-0.273093,3.076314
45.887501,0.936834,-0.303625,3.135644
45.900001,0.926461,-0.343145,3.152506
45.912501,0.908951,-0.38996,3.126397
45.925001,0.884709,-0.442309,3.057503
45.937501,0.854448,-0.49844,2.946693
45.950001,0.819185,-0.556693,2.795505
45.962501,0.780205,-0.615554,2.606105
45.975001,0.739007,-0.673706,2.381238
45.987501,0.697235,-0.730047,2.124167
46.000001,0.656608,-0.783689,1.838598
46.012501,0.618833,-0.833944,1.528612
46.025001,0.585538,-0.880286,1.198585
46.037501,0.558197,-0.922312,0.853122
46.050001,0.538072,-0.959688,0.49698
46.062501,0.526161,-0.992115,0.13501
46.075001,0.523158,-1.019286,-0.227912
46.087501,0.529419,-1.040873,-0.586932
46.100001,0.544948,-1.05652,-0.937277
46.112501,0.569379,-1.065861,-1.2743
46.125001,0.601984,-1.068546,-1.593523
46.137501,0.641686,-1.064299,-1.890679
46.150001,0.687091,-1.052962,-2.161755
46.162501,0.736532,-1.034565,-2.403029
46.175001,0.788131,-1.009375,-2.611123
46.187501,0.839875,-0.977949,-2.783044
46.200001,0.889702,-0.941152,-2.916242
46.212501,0.935593,-0.900169,-3.008667
46.225001,0.975665,-0.856481,-3.05882
46.237501,1.008252,-0.811809,-3.065809
46.250001,1.031968,-0.768051,-3.029393
46.262501,1.045759,-0.727178,-2.950003
46.275001,1.048912,-0.691137,-2.828756
46.287501,1.04105,-0.661736,-2.667438
46.300001,1.022095,-0.640546,-2.468469
46.312501,0.992213,-0.628807,-2.234849
46.325001,0.951747,-0.627356,-1.970081
46.337501,0.901154,-0.636577,-1.678089
46.350001,0.840942,-0.656375,-1.363127
46.362501,0.771626,-0.686173,-1.029688
46.375001,0.693703,-0.724925,-0.682412
46.387501,0.607654,-0.771161,-0.326011
46.400001,0.513963,-0.823031,0.034802
46.412501,0.413166,-0.878384,0.395371
46.425001,0.305905,-0.934845,0.751136
46.437501,0.193001,-0.989911,1.09766
46.450001,0.075524,-1.041059,1.430642
46.462501,-0.045144,-1.085861,1.745918
46.475001,-0.167258,-1.122098,2.039453
46.487501,-0.288683,-1.14788,2.307337
46.500001,-0.406897,-1.161756,2.545782
46.512501,-0.519029,-1.162804,2.751139
46.525001,-0.621932,-1.150703,2.919934
46.537501,-0.712302,-1.125765,3.048934
46.550001,-0.786816,-1.088922,3.13524
46.562501,-0.84231,-1.041678,3.176406
46.575001,-0.875945,-0.986004,3.170573
46.587501,-0.885381,-0.924188,3.116595
46.600001,-0.868914,-0.858662,3.014157
46.612501,-0.825573,-0.791804,2.863851
46.625001,-0.755162,-0.725739,2.667213
46.637501,-0.658253,-0.662162,2.426711
46.650001,-0.536133,-0.602194,2.145687
46.662501,-0.390718,-0.546286,1.828265
46.675001,-0.224457,-0.49418,1.479251
46.687501,-0.040249,-0.444927,1.104023
46.700001,0.158631,-0.396968,0.708435
46.712501,0.368568,-0.348263,0.298749
46.725001,0.585626,-0.296459,-0.118432
46.737501,0.80555,-0.239106,-0.536204
46.750001,1.023771,-0.173877,-0.947417
46.762501,1.235439,-0.098815,-1.34475
46.775001,1.435512,-0.012554,-1.720832
46.787501,1.618897,0.085471,-2.068415
46.800001,1.780678,0.194875,-2.380615
46.812501,1.916394,0.314237,-2.651194
46.825001,2.022352,0.441102,-2.874878
46.837501,2.095931,0.572072,-3.047643
46.850001,2.13582,0.702996,-3.166943
46.862501,2.142146,0.82923,-3.231826
46.875001,2.116465,0.945942,-3.24292
46.887501,2.061614,1.048436,-3.202282
46.900001,1.981439,1.132448,-3.113141
46.912501,1.880453,1.194391,-2.979577
46.925001,1.76346,1.231535,-2.806191
46.937501,1.635211,1.242104,-2.597798
46.950001,1.500101,1.225305,-2.359193
46.962501,1.361956,1.181295,-2.094986
46.975001,1.223888,1.111105,-1.80952
46.987501,1.088232,1.01653,-1.506841
47.000001,0.95654,0.900013,-1.190726
47.012501,0.829635,0.764524,-0.864719
47.025001,0.707697,0.613438,-0.532188
47.037501,0.590375,0.450437,-0.196372
47.050001,0.47693,0.279409,0.139587
47.062501,0.366378,0.104368,0.472621
47.075001,0.257642,-0.070623,0.799724
47.087501,0.149708,-0.241526,1.117949
47.100001,0.041761,-0.404404,1.424409
47.112501,-0.066678,-0.555494,1.716264
47.125001,-0.175646,-0.691294,1.99071
47.137501,-0.284653,-0.808654,2.244954
47.150001,-0.392625,-0.904863,2.476182
47.162501,-0.497888,-0.977747,2.681539
47.175001,-0.598188,-1.025754,2.858105
47.187501,-0.690758,-1.048019,3.002911
47.200001,-0.772429,-1.044411,3.112983
47.212501,-0.8398,-1.015545,3.18543
47.225001,-0.88944,-0.962745,3.217582
47.237501,-0.918128,-0.88797,3.207172
47.250001,-0.923113,-0.793687,3.152542
47.262501,-0.90236,-0.682706,3.052861
47.275001,-0.854766,-0.557984,2.908316
47.287501,-0.780316,-0.422431,2.720261
47.300001,-0.680161,-0.278713,2.491292
47.312501,-0.556605,-0.129103,2.225244
47.325001,-0.413019,0.02462,1.927101
47.337501,-0.253671,0.181206,1.602841
47.350001,-0.083514,0.339898,1.259219
47.362501,0.092056,0.500336,0.90352
47.375001,0.267465,0.6624,0.543292
47.387501,0.437211,0.82604,0.186074
47.400001,0.596114,0.991077,-0.160867
47.412501,0.739544,1.157035,-0.490776
47.425001,0.863617,1.323004,-0.797632
47.437501,0.965367,1.487551,-1.076319
47.450001,1.04286,1.648699,-1.322755
47.462501,1.095261,1.803967,-1.533952
47.475001,1.122828,1.950469,-1.708008
47.487501,1.126853,2.085059,-1.844039
47.500001,1.109538,2.204503,-1.942039
47.512501,1.073832,2.305662,-2.002715
47.525001,1.023237,2.385667,-2.027293
47.537501,0.961606,2.442066,-2.017328
47.550001,0.892947,2.472943,-1.974544
47.562501,0.821242,2.476996,-1.900709
47.575001,0.750288,2.453564,-1.79756
47.587501,0.683558,2.40263,-1.666778
47.600001,0.624091,2.32478,-1.510012
47.612501,0.574387,2.221136,-1.328939
47.625001,0.536335,2.093278,-1.125352
47.637501,0.511142,1.943149,-0.901259
47.650001,0.499295,1.772967,-0.65898
47.662501,0.500538,1.585144,-0.401226
47.675001,0.513885,1.382221,-0.13115
47.687501,0.537666,1.166825,0.147647
47.700001,0.569616,0.941654,0.431152
47.712501,0.606998,0.709474,0.715026
47.725001,0.646771,0.473141,0.994731
47.737501,0.685778,0.235626,1.265693
47.750001,0.720951,0.00004,1.52348
47.762501,0.74952,-0.23036,1.763975
47.775001,0.769189,-0.452175,1.983538
47.787501,0.778293,-0.661911,2.179123
47.800001,0.775888,-0.856039,2.348348
47.812501,0.7618,-1.031093,2.489515
47.825001,0.736608,-1.183773,2.601569
47.837501,0.70158,-1.311071,2.684022
47.850001,0.658565,-1.410378,2.736849
47.862501,0.609862,-1.479587,2.760372
47.875001,0.558062,-1.517174,2.755156
47.887501,0.505892,-1.52225,2.721926
47.900001,0.456061,-1.494581,2.661517
47.912501,0.411102,-1.434585,2.574869
47.925001,0.373238,-1.34329,2.463045
47.937501,0.34425,-1.222285,2.327297
47.950001,0.325378,-1.073637,2.169131
47.962501,0.317234,-0.899816,1.990389
47.975001,0.319754,-0.703604,1.793315
47.987501,0.332194,-0.488026,1.580589
48.000001,0.353161,-0.256276,1.355328
48.012501,0.380701,-0.011678,1.121039
48.025001,0.412423,0.242351,0.881522
48.037501,0.445665,0.502311,0.640746
48.050001,0.477679,0.764626,0.402684
48.062501,0.505824,1.025646,0.171149
48.075001,0.527748,1.28165,-0.050356
48.087501,0.541539,1.52887,-0.258771
48.100001,0.545842,1.763518,-0.451556
48.112501,0.539926,1.981846,-0.626734
48.125001,0.523709,2.180208,-0.782864
48.137501,0.49774,2.355151,-0.91899
48.150001,0.463149,2.503495,-1.034541
48.162501,0.421577,2.62243,-1.129219
48.175001,0.375095,2.709597,-1.202876
48.187501,0.326119,2.763161,-1.255408
48.200001,0.277315,2.781862,-1.286666
48.212501,0.231514,2.765055,-1.296399
48.225001,0.191609,2.712717,-1.284247
48.237501,0.160447,2.62544,-1.249767
48.250001,0.140699,2.504394,-1.192523
48.262501,0.134708,2.351277,-1.112216
48.275001,0.144319,2.168238,-1.008847
48.287501,0.170703,1.957802,-0.882917
48.300001,0.214174,1.722779,-0.735613
48.312501,0.274059,1.466188,-0.568979
48.325001,0.348606,1.191191,-0.386013
48.337501,0.435001,0.901057,-0.190684
48.350001,0.529478,0.59914,0.012171
48.362501,0.627556,0.288894,0.217063
48.375001,0.724369,-0.026098,0.418174
48.387501,0.81506,-0.342094,0.609743
48.400001,0.895194,-0.655166,0.786469
48.412501,0.961122,-0.961202,0.943875
48.425001,1.010259,-1.255937,1.078571
48.437501,1.041226,-1.535022,1.188389
48.450001,1.053865,-1.794121,1.272386
48.462501,1.049116,-2.029037,1.330716
48.475001,1.028827,-2.235835,1.364414
48.487501,0.995493,-2.410965,1.375138
48.500001,0.952001,-2.551374,1.364901
48.512501,0.901397,-2.654589,1.335841
48.525001,0.846686,-2.718778,1.290029
48.537501,0.790691,-2.742782,1.229354
48.550001,0.735945,-2.726135,1.155458
48.562501,0.684629,-2.669048,1.069727
48.575001,0.638526,-2.57239,0.973325
48.587501,0.598996,-2.437653,0.867261
48.600001,0.566961,-2.266901,0.752471
48.612501,0.542886,-2.062724,0.629909
48.625001,0.526777,-1.828177,0.500629
48.637501,0.518189,-1.566728,0.365854
48.650001,0.516245,-1.282196,0.227016
48.662501,0.519682,-0.978702,0.085765
48.675001,0.526925,-0.660616,-0.05606
48.687501,0.536185,-0.332505,-0.196502
48.700001,0.545573,0.000912,-0.333573
48.712501,0.553235,0.334818,-0.465366
48.725001,0.557473,0.664352,-0.590169
48.737501,0.556858,0.984665,-0.706558
48.750001,0.550312,1.290987,-0.81347
48.762501,0.537152,1.5787,-0.910232
48.775001,0.517106,1.84341,-0.996554
48.787501,0.490294,2.081021,-1.072491
48.800001,0.457177,2.287815,-1.138366
48.812501,0.41851,2.460516,-1.194685
48.825001,0.375276,2.596354,-1.242045
48.837501,0.328636,2.693117,-1.281034
48.850001,0.279881,2.749189,-1.312156
48.862501,0.230396,2.763586,-1.335766
48.875001,0.181639,2.735966,-1.352023
48.887501,0.135114,2.66664,-1.360875
48.900001,0.092343,2.556565,-1.362061
48.912501,0.05483,2.407323,-1.355157
48.925001,0.024009,2.221094,-1.339634
48.937501,0.001163,2.000614,-1.314961
48.950001,-0.012663,1.749123,-1.280721
48.962501,-0.016767,1.470308,-1.236742
48.975001,-0.01089,1.168231,-1.183224
48.987501,0.004708,0.84726,-1.120839
49.000001,0.029217,0.511996,-1.050785
49.012501,0.061303,0.167202,-0.974779
49.025001,0.099198,-0.182267,-0.894976
49.037501,0.140853,-0.531521,-0.813831
49.050001,0.184127,-0.875698,-0.733913
49.062501,0.226981,-1.210013,-0.657719
49.075001,0.267661,-1.529812,-0.587488
49.087501,0.304824,-1.830624,-0.525076
49.100001,0.337614,-2.108217,-0.471879
49.112501,0.365669,-2.358652,-0.428817
49.125001,0.389084,-2.578341,-0.396368
49.137501,0.408329,-2.764097,-0.374635
49.150001,0.424154,-2.913193,-0.363428
49.162501,0.43749,-3.023396,-0.362348
49.175001,0.449345,-3.093013,-0.370852
49.187501,0.460723,-3.120915,-0.388307
49.200001,0.472545,-3.106558,-0.41402
49.212501,0.485594,-3.049989,-0.447244
49.225001,0.500459,-2.951853,-0.48717
49.237501,0.517497,-2.813376,-0.532907
49.250001,0.536801,-2.636356,-0.583454
49.262501,0.558182,-2.42314,-0.637679
49.275001,0.581165,-2.176588,-0.6943
49.287501,0.605005,-1.900048,-0.751892
49.300001,0.628725,-1.597308,-0.808914
49.312501,0.651184,-1.272551,-0.863756
49.325001,0.671159,-0.930304,-0.914824
49.337501,0.687449,-0.575379,-0.960629
49.350001,0.698984,-0.212804,-0.99989
49.362501,0.704924,0.152249,-1.031633
49.375001,0.704733,0.514544,-1.055256
49.387501,0.698225,0.868867,-1.070574
49.400001,0.685562,1.210106,-1.077815
49.412501,0.667224,1.533341,-1.077582
49.425001,0.643938,1.83392,-1.070782
49.437501,0.616599,2.107537,-1.058536
49.450001,0.586178,2.350293,-1.042086
49.462501,0.553643,2.558757,-1.022705
49.475001,0.519888,2.73001,-1.001623
49.487501,0.485695,2.861682,-0.97997
49.500001,0.451699,2.951986,-0.95874
49.512501,0.418389,2.999733,-0.938769
49.525001,0.386114,3.004344,-0.920727
49.537501,0.355105,2.965857,-0.905122
49.550001,0.325506,2.884921,-0.892299
49.562501,0.297404,2.762784,-0.882452
49.575001,0.270868,2.601274,-0.875626
49.587501,0.245978,2.40277,-0.871728
49.600001,0.222857,2.170173,-0.870529
49.612501,0.201687,1.90686,-0.871677
49.625001,0.182719,1.61664,-0.874715
49.637501,0.16627,1.3037,-0.879105
49.650001,0.152704,0.972547,-0.884258
49.662501,0.142404,0.627946,-0.889581
49.675001,0.135729,0.274852,-0.89452
49.687501,0.132981,-0.081659,-0.898604
49.700001,0.134366,-0.436463,-0.901483
49.712501,0.139969,-0.784458,-0.902945
49.725001,0.14975,-1.12064,-0.902924
49.737501,0.163543,-1.440175,-0.901484
49.750001,0.18108,-1.738466,-0.898784
49.762501,0.202013,-2.011225,-0.895045
49.775001,0.22594,-2.254526,-0.890499
49.787501,0.252429,-2.464872,-0.885343
49.800001,0.281033,-2.639238,-0.879708
49.812501,0.311294,-2.77512,-0.873618
49.825001,0.342742,-2.870571,-0.866971
49.837501,0.374883,-2.924229,-0.859524
49.850001,0.407193,-2.935341,-0.850884
49.862501,0.439097,-2.903775,-0.840507
49.875001,0.469968,-2.830024,-0.827711
49.887501,0.499127,-2.715202,-0.811692
49.900001,0.525853,-2.561031,-0.791557
49.912501,0.549411,-2.369812,-0.766366
49.925001,0.569093,-2.144395,-0.735193
49.937501,0.584276,-1.888132,-0.697189
49.950001,0.594482,-1.604825,-0.651661
49.962501,0.599451,-1.298662,-0.598148
49.975001,0.599196,-0.974154,-0.536485
49.987501,0.594046,-0.636053,-0.466849
50.000001,0.584662,-0.289285,-0.389778
50.012501,0.572017,0.061128,-0.306153
50.025001,0.557343,0.410142,-0.21715
50.037501,0.542051,0.752758,-0.124159
50.050001,0.527627,1.084088,-0.028688
50.062501,0.515526,1.399416,0.067737
50.075001,0.507073,1.694257,0.163657
50.087501,0.503374,1.96441,0.257751
50.100001,0.505258,2.206012,0.34887
50.112501,0.513232,2.415593,0.436043
50.125001,0.527472,2.59012,0.518456
50.137501,0.547813,2.727051,0.595404
50.150001,0.57376,2.824371,0.666231
50.162501,0.604499,2.880639,0.730265
50.175001,0.638914,2.895014,0.786748
50.187501,0.675607,2.867279,0.834791
50.200001,0.712921,2.797862,0.873329
50.212501,0.748985,2.68783,0.901124
50.225001,0.781768,2.538885,0.916784
50.237501,0.809178,2.353339,0.918842
50.250001,0.829174,2.134072,0.905859
50.262501,0.839926,1.884476,0.876581
50.275001,0.839985,1.608381,0.830111
50.287501,0.828461,1.309975,0.766099
50.300001,0.805174,0.993709,0.684899
50.312501,0.770756,0.664201,0.587677
50.325001,0.726667,0.32615,0.476444
50.337501,0.675123,-0.015742,0.353985
50.350001,0.618928,-0.356836,0.223704
50.362501,0.561228,-0.692599,0.089386
50.375001,0.505239,-1.018637,-0.045068
50.387501,0.45396,-1.330729,-0.175915
50.400001,0.409942,-1.624843,-0.299787
50.412501,0.375115,-1.897171,-0.413851
50.425001,0.350693,-2.144163,-0.515878
50.437501,0.337161,-2.362576,-0.604242
50.450001,0.334317,-2.549525,-0.677843
50.462501,0.34136,-2.70254,-0.736003
50.475001,0.356996,-2.819625,-0.778336
50.487501,0.379549,-2.899305,-0.804617
50.500001,0.407075,-2.940674,-0.814681
50.512501,0.437456,-2.943418,-0.808334
50.525001,0.468492,-2.907838,-0.785316
50.537501,0.497986,-2.83484,-0.745289
50.550001,0.52383,-2.725922,-0.687871
50.562501,0.544092,-2.583137,-0.612699
50.575001,0.557116,-2.409042,-0.519519
50.587501,0.561619,-2.206628,-0.408305
50.600001,0.556793,-1.979254,-0.279371
50.612501,0.542391,-1.730562,-0.133488
50.625001,0.518787,-1.464398,0.028035
50.637501,0.487007,-1.184745,0.203298
50.650001,0.448698,-0.895656,0.389817
50.662501,0.40605,-0.601214,0.58459
50.675001,0.361661,-0.305494,0.784206
50.687501,0.318359,-0.012549,0.985017
50.700001,0.278998,0.273608,1.183318
50.712501,0.246247,0.549012,1.375539
50.725001,0.222403,0.809772,1.558412
50.737501,0.209229,1.052098,1.729094
50.750001,0.207854,1.27235,1.885242
50.762501,0.21872,1.467101,2.025018
50.775001,0.241581,1.633212,2.147054
50.787501,0.275544,1.767916,2.250362
50.800001,0.319144,1.868902,2.33423
50.812501,0.370438,1.934395,2.398104
50.825001,0.427111,1.963226,2.441485
50.837501,0.486588,1.954883,2.463851
50.850001,0.54615,1.909546,2.464615
50.862501,0.603059,1.828092,2.443125
50.875001,0.654681,1.712078,2.398715
50.887501,0.69863,1.563697,2.330793
50.900001,0.732899,1.38571,2.23896
50.912501,0.756001,1.181355,2.123152
50.925001,0.767084,0.954242,1.983775
50.937501,0.766023,0.708241,1.821825
50.950001,0.753464,0.447369,1.638961
50.962501,0.730807,0.175688,1.437532
50.975001,0.70014,-0.102773,1.220528
50.987501,0.664098,-0.384079,0.991477
51.000001,0.625684,-0.664425,0.754295
51.012501,0.588058,-0.940144,0.513094
51.025001,0.554315,-1.20771,0.271989
51.037501,0.527278,-1.463731,0.03492
51.050001,0.50932,-1.704942,-0.194495
51.062501,0.502223,-1.928215,-0.413059
51.075001,0.507095,-2.130581,-0.618036
51.087501,0.524323,-2.309275,-0.807138
51.100001,0.553565,-2.461789,-0.978471
51.112501,0.593778,-2.585952,-1.130442
51.125001,0.643265,-2.679999,-1.261647
51.137501,0.699735,-2.742654,-1.370755
51.150001,0.760375,-2.773198,-1.456408
51.162501,0.821931,-2.771524,-1.517137
51.175001,0.880808,-2.738168,-1.551332
51.187501,0.933183,-2.674315,-1.557246
51.200001,0.975147,-2.581769,-1.533063
51.212501,1.002879,-2.462886,-1.477024
51.225001,1.012846,-2.320479,-1.387599
51.237501,1.002027,-2.157682,-1.263702
51.250001,0.968147,-1.9778,-1.10493
51.262501,0.909891,-1.784141,-0.911784
51.275001,0.82709,-1.579863,-0.68587
51.287501,0.720835,-1.367842,-0.430023
51.300001,0.593519,-1.150581,-0.148354
51.312501,0.448771,-0.930182,0.153804
51.325001,0.291309,-0.708377,0.470054
51.337501,0.126694,-0.486608,0.793179
51.350001,-0.038991,-0.266171,1.115465
51.362501,-0.199495,-0.048367,1.429071
51.375001,-0.348796,0.165338,1.726421
51.387501,-0.481465,0.373182,2.000576
51.400001,-0.593003,0.573022,2.245566
51.412501,-0.680092,0.762321,2.456632
51.425001,-0.740752,0.938192,2.630375
51.437501,-0.774379,1.097509,2.764778
51.450001,-0.781675,1.237063,2.859132
51.462501,-0.764481,1.353746,2.913854
51.475001,-0.725535,1.444733,2.930255
51.487501,-0.668199,1.507657,2.91027
51.500001,-0.596175,1.540739,2.856214
51.512501,-0.513238,1.542889,2.770555
51.525001,-0.423016,1.513763,2.655761
51.537501,-0.328802,1.453766,2.514194
51.550001,-0.233424,1.364037,2.348072
51.562501,-0.139148,1.246389,2.15948
51.575001,-0.047631,1.103236,1.950404
51.587501,0.040106,0.937509,1.722802
51.600001,0.123662,0.752558,1.478661
51.612501,0.203221,0.552062,1.220058
51.625001,0.279487,0.339942,0.949195
51.637501,0.353591,0.120281,0.668417
51.650001,0.426986,-0.102743,0.380206
51.662501,0.501317,-0.32492,0.087152
51.675001,0.578278,-0.542061,-0.208075
51.687501,0.65947,-0.750052,-0.502766
51.700001,0.746254,-0.944906,-0.7942
51.712501,0.839613,-1.122825,-1.079653
51.725001,0.940026,-1.280271,-1.356385
51.737501,1.047359,-1.41405,-1.621608
51.750001,1.160773,-1.521406,-1.872421
51.762501,1.278665,-1.600123,-2.105742
51.775001,1.398634,-1.648637,-2.318238
51.787501,1.517494,-1.666136,-2.506272
51.800001,1.631336,-1.652654,-2.665896
51.812501,1.73566,-1.609128,-2.7929
51.825001,1.825574,-1.537423,-2.882942
51.837501,1.896071,-1.44029,-2.93176
51.850001,1.942367,-1.321271,-2.935467
51.862501,1.960275,-1.184521,-2.890888
51.875001,1.94658,-1.034578,-2.795912
51.887501,1.899348,-0.876082,-2.649804
51.900001,1.818147,-0.713476,-2.453422
51.912501,1.704126,-0.55072,-2.209307
51.925001,1.559953,-0.391059,-1.921633
51.937501,1.389628,-0.236864,-1.59603
51.950001,1.198205,-0.089569,-1.239305
51.962501,0.991462,0.050294,-0.859119
51.975001,0.775582,0.182973,-0.463653
51.987501,0.556853,0.309305,-0.061295
52.000001,0.341422,0.430479,0.339628
52.012501,0.135089,0.547786,0.73108
52.025001,-0.056857,0.662379,1.105511
52.037501,-0.229777,0.77506,1.456016
52.050001,-0.3798,0.886124,1.776482
52.062501,-0.503938,0.995269,2.061707
52.075001,-0.600159,1.101563,2.307499
52.087501,-0.667452,1.203499,2.510737
52.100001,-0.705834,1.299097,2.669383
52.112501,-0.716308,1.386063,2.782446
52.125001,-0.700777,1.461977,2.849893
52.137501,-0.661891,1.524487,2.872521
52.150001,-0.602874,1.571499,2.851793
52.162501,-0.527321,1.601339,2.789676
52.175001,-0.438987,1.612873,2.688487
52.187501,-0.341604,1.605586,2.550759
52.200001,-0.238706,1.579613,2.379156
52.212501,-0.133501,1.535725,2.176418
52.225001,-0.028765,1.475282,1.945343
52.237501,0.073212,1.400153,1.688808
52.250001,0.17066,1.312621,1.409793
52.262501,0.262323,1.215271,1.111432
52.275001,0.347426,1.110884,0.797041
52.287501,0.425621,1.002333,0.470153
52.300001,0.496913,0.892481,0.134525
52.312501,0.561573,0.784102,-0.205865
52.325001,0.620045,0.67981,-0.546843
52.337501,0.672847,0.581995,-0.884086
52.350001,0.720487,0.492781,-1.21317
52.362501,0.763383,0.413982,-1.529639
52.375001,0.801804,0.347074,-1.829076
52.387501,0.835836,0.293166,-2.107177
52.400001,0.865367,0.25298,-2.359829
52.412501,0.890105,0.226842,-2.583185
52.425001,0.909617,0.214678,-2.773741
52.437501,0.923385,0.216022,-2.928412
52.450001,0.930883,0.230046,-3.044599
52.462501,0.93166,0.255597,-3.120254
52.475001,0.925417,0.291254,-3.15394
52.487501,0.91208,0.335402,-3.144867
52.500001,0.891853,0.386306,-3.092924
52.512501,0.865248,0.442199,-2.998688
52.525001,0.833092,0.501359,-2.863414
52.537501,0.796505,0.562178,-2.689008
52.550001,0.75686,0.623217,-2.477983
52.562501,0.715721,0.68324,-2.233398
52.575001,0.674774,0.741223,-1.958795
52.587501,0.635741,0.796346,-1.658123
52.600001,0.600312,0.84797,-1.335659
52.612501,0.570062,0.895593,-0.995939
52.625001,0.546392,0.938809,-0.64368
52.637501,0.530462,0.977259,-0.283711
52.650001,0.523153,1.010597,0.079087
52.662501,0.525019,1.038457,0.439848
52.675001,0.536265,1.060448,0.793766
52.687501,0.556727,1.076158,1.13615
52.700001,0.58587,1.085178,1.462469
52.712501,0.622789,1.087146,1.768387
52.725001,0.666238,1.081799,2.049808
52.737501,0.714661,1.069034,2.302914
52.750001,0.766251,1.048969,2.524202
52.762501,0.81902,1.021994,2.710535
52.775001,0.870876,0.98881,2.859186
52.787501,0.919723,0.950445,2.967898
52.800001,0.963547,0.908245,3.034935
52.812501,1.000514,0.863835,3.059138
52.825001,1.029046,0.819057,3.039976
52.837501,1.047874,0.775882,2.977579
52.850001,1.056078,0.736311,2.87276
52.862501,1.053088,0.702259,2.727009
52.875001,1.038666,0.675449,2.542476
52.887501,1.012853,0.657312,2.321915
52.900001,0.97592,0.648905,2.068625
52.912501,0.928288,0.650844,1.78637
52.925001,0.870474,0.663271,1.479285
52.937501,0.803032,0.685838,1.151786
52.950001,0.726519,0.717712,0.80848
52.962501,0.641481,0.757613,0.45408
52.975001,0.54847,0.803856,0.093329
52.987501,0.448068,0.854418,-0.269058
53.000001,0.340947,0.907021,-0.628444
53.012501,0.227931,0.959222,-0.980303
53.025001,0.110061,1.00852,-1.320233
53.037501,-0.011334,1.052468,-1.643966
53.050001,-0.134586,1.08879,-1.947364
53.062501,-0.257654,1.115505,-2.226413
53.075001,-0.378113,1.131037,-2.47722
53.087501,-0.493187,1.134312,-2.696032
53.100001,-0.599812,1.12484,-2.879262
53.112501,-0.694734,1.102755,-3.023551
53.125001,-0.77465,1.068822,-3.125857
53.137501,-0.836372,1.024393,-3.183566
53.150001,-0.876993,0.97132,-3.19462
53.162501,-0.894066,0.911822,-3.15765
53.175001,-0.885742,0.84831,-3.072094
53.187501,-0.850877,0.783199,-2.938281
53.200001,-0.789089,0.718707,-2.757478
53.212501,-0.700758,0.656671,-2.531882
53.225001,-0.586978,0.598389,-2.264577
53.237501,-0.449478,0.544511,-1.959443
53.250001,-0.290523,0.494979,-1.621054
53.262501,-0.112824,0.449034,-1.254571
53.275001,0.08054,0.405268,-0.865636
53.287501,0.286165,0.361738,-0.460302
53.300001,0.500346,0.316124,-0.044967
53.312501,0.719068,0.265923,0.373667
53.325001,0.938007,0.208667,0.788633
53.337501,1.152535,0.14216,1.192757
53.350001,1.357773,0.064709,1.57875
53.362501,1.548704,-0.024661,1.939348
53.375001,1.720353,-0.126027,2.267519
53.387501,1.868045,-0.238457,2.556724
53.400001,1.987704,-0.359965,2.801225
53.412501,2.076168,-0.487569,2.996388
53.425001,2.131466,-0.617431,3.138946
53.437501,2.153012,-0.74509,3.227185
53.450001,2.141663,-0.865753,3.260984
53.462501,2.099638,-0.97461,3.241744
53.475001,2.030314,-1.067155,3.172174
53.487501,1.937901,-1.139453,3.055999
53.500001,1.827088,-1.188355,2.897629
53.512501,1.702672,-1.211634,2.701839
53.525001,1.569235,-1.208044,2.473493
53.537501,1.430884,-1.177316,2.217342
53.550001,1.291074,-1.120095,1.93791
53.562501,1.152509,-1.037847,1.639428
53.575001,1.017108,-0.932741,1.325844
53.587501,0.886034,-0.807528,1.000849
53.600001,0.759768,-0.665421,0.667929
53.612501,0.638212,-0.509978,0.330416
53.625001,0.520821,-0.345009,-0.008474
53.637501,0.406742,-0.174479,-0.345611
53.650001,0.294972,-0.002432,-0.677932
53.662501,0.184506,0.167089,-1.002435
53.675001,0.07449,0.330113,-1.316176
53.687501,-0.035652,0.482822,-1.616257
53.700001,-0.146089,0.62163,-1.899818
53.712501,-0.256499,0.743275,-2.164013
53.725001,-0.365993,0.844906,-2.405984
53.737501,-0.473092,0.924185,-2.622836
53.750001,-0.57573,0.979363,-2.811617
53.762501,-0.671308,1.009366,-2.969325
53.775001,-0.756793,1.01384,-3.092943
53.787501,-0.828865,0.993176,-3.179516
53.800001,-0.884117,0.94849,-3.226274
53.812501,-0.919279,0.881556,-3.230806
53.825001,-0.931474,0.794697,-3.191253
53.837501,-0.918469,0.690628,-3.106524
53.850001,-0.878897,0.57227,-2.976497
53.862501,-0.812429,0.442551,-2.802172
53.875001,-0.719874,0.304204,-2.585772
53.887501,-0.603187,0.159609,-2.330751
53.900001,-0.465406,0.010666,-2.041738
53.912501,-0.310503,-0.141254,-1.724394
53.925001,-0.143191,-0.2953,-1.385215
53.937501,0.031311,-0.451058,-1.031304
53.950001,0.207527,-0.608419,-0.670106
53.962501,0.379969,-0.767405,-0.309153
53.975001,0.543382,-0.927979,0.044198
53.987501,0.69297,-1.089862,0.383007
54.000001,0.8246,-1.252382,0.700973
54.012501,0.934977,-1.414364,0.992624
54.025001,1.02178,-1.574085,1.253459
54.037501,1.083751,-1.729285,1.480041
54.050001,1.120718,-1.87725,1.670016
54.062501,1.133562,-2.014936,1.822072
54.075001,1.124124,-2.139133,1.935834
54.087501,1.095056,-2.246649,2.011709
54.100001,1.049644,-2.33449,2.050703
54.112501,0.991612,-2.400017,2.054237
54.125001,0.924917,-2.441085,2.023966
54.137501,0.85357,-2.45613,1.961645
54.150001,0.781457,-2.444227,1.869032
54.162501,0.712203,-2.405093,1.747842
54.175001,0.649037,-2.339066,1.59975
54.187501,0.594695,-2.247052,1.426438
54.200001,0.551326,-2.13044,1.22967
54.212501,0.520425,-1.991023,1.011387
54.225001,0.502781,-1.830896,0.773806
54.237501,0.498447,-1.652378,0.519505
54.250001,0.506736,-1.457933,0.251485
54.262501,0.526259,-1.250124,-0.026802
54.275001,0.55499,-1.031584,-0.311476
54.287501,0.59038,-0.805007,-0.598293
54.300001,0.629502,-0.573165,-0.882756
54.312501,0.669236,-0.338932,-1.160263
54.325001,0.706462,-0.105312,-1.426277
54.337501,0.738271,0.124545,-1.676505
54.350001,0.762153,0.347341,-1.907065
54.362501,0.776167,0.559656,-2.114623
54.375001,0.779054,0.758008,-2.296481
54.387501,0.770312,0.938924,-2.450624
54.400001,0.750201,1.099055,-2.575702
54.412501,0.719698,1.235283,-2.670973
54.425001,0.680415,1.344839,-2.736207
54.437501,0.634467,1.425415,-2.771577
54.450001,0.58433,1.475249,-2.777551
54.462501,0.53268,1.493191,-2.7548
54.475001,0.482239,1.478739,-2.704131
54.487501,0.435613,1.432041,-2.626468
54.500001,0.395148,1.353874,-2.522858
54.512501,0.362802,1.245589,-2.394514
54.525001,0.340023,1.109051,-2.242886
54.537501,0.327663,0.946553,-2.069727
54.550001,0.325914,0.760732,-1.877171
54.562501,0.33429,0.554494,-1.667774
54.575001,0.351637,0.330939,-1.444529
54.587501,0.376212,0.09331,-1.210833
54.600001,0.405782,-0.155041,-0.970413
54.612501,0.437784,-0.410678,-0.727207
54.625001,0.469497,-0.670084,-0.485219
54.637501,0.498238,-0.929662,-0.24835
54.650001,0.521542,-1.185743,-0.020246
54.662501,0.537331,-1.434591,0.195843
54.675001,0.544041,-1.672442,0.397162
54.687501,0.540708,-1.895537,0.581503
54.700001,0.527015,-2.100196,0.747205
54.712501,0.503281,-2.282892,0.893114
54.725001,0.470434,-2.44034,1.018498
54.737501,0.429941,-2.569585,1.122935
54.750001,0.383739,-2.668098,1.206202
54.762501,0.334146,-2.733842,1.26815
54.775001,0.283772,-2.765344,1.308617
54.787501,0.235434,-2.761733,1.327351
54.800001,0.192057,-2.72276,1.323987
54.812501,0.156566,-2.648798,1.298063
54.825001,0.131764,-2.540816,1.249083
54.837501,0.120188,-2.400327,1.17664
54.850001,0.123936,-2.229324,1.080565
54.862501,0.144493,-2.0302,0.961124
54.875001,0.182541,-1.805657,0.819216
54.887501,0.237802,-1.558625,0.656551
54.900001,0.308926,-1.292187,0.475789
54.912501,0.39346,-1.00953,0.280589
54.925001,0.487923,-0.713923,0.075554
54.937501,0.587993,-0.408715,-0.133944
54.950001,0.688811,-0.097366,-0.342052
54.962501,0.785355,0.216516,-0.542809
54.975001,0.872867,0.529141,-0.730556
54.987501,0.947247,0.836524,-0.900331
55.000001,1.005377,1.134495,-1.048184
55.012501,1.045324,1.418756,-1.171373
55.025001,1.066413,1.684969,-1.268419
55.037501,1.069156,1.928867,-1.339032
55.050001,1.055079,2.146387,-1.383922
55.062501,1.026484,2.3338,-1.404551
55.075001,0.986184,2.487825,-1.402855
55.087501,0.937246,2.605731,-1.380991
55.100001,0.882778,2.685408,-1.341124
55.112501,0.825754,2.725414,-1.285278
55.125001,0.768893,2.724996,-1.215245
55.137501,0.714578,2.68409,-1.132552
55.150001,0.664801,2.603304,-1.038483
55.162501,0.621134,2.483885,-0.934132
55.175001,0.584702,2.327676,-0.820482
55.187501,0.556176,2.137063,-0.69849
55.200001,0.535758,1.914924,-0.569183
55.212501,0.523188,1.664566,-0.43373
55.225001,0.517755,1.389673,-0.293498
55.237501,0.518339,1.094246,-0.15007
55.250001,0.523466,0.782553,-0.005236
55.262501,0.531405,0.459079,0.13906
55.275001,0.540273,0.128476,0.280808
55.287501,0.548166,-0.204485,0.418028
55.300001,0.553288,-0.534967,0.548892
55.312501,0.55407,-0.858122,0.671824
55.325001,0.549263,-1.169151,0.785583
55.337501,0.538006,-1.463381,0.889311
55.350001,0.519851,-1.736326,0.98254
55.362501,0.494756,-1.983773,1.065168
55.375001,0.463052,-2.201852,1.137393
55.387501,0.42539,-2.387111,1.199634
55.400001,0.382686,-2.536577,1.252432
55.412501,0.336061,-2.64782,1.296359
55.425001,0.286796,-2.718991,1.331928
55.437501,0.236287,-2.748863,1.359521
55.450001,0.186024,-2.736849,1.379335
55.462501,0.137555,-2.683017,1.391354
55.475001,0.092467,-2.588084,1.395347
55.487501,0.052349,-2.453405,1.390898
55.500001,0.018732,-2.280946,1.377462
55.512501,-0.006973,-2.073246,1.35446
55.525001,-0.023577,-1.833368,1.321395
55.537501,-0.030214,-1.564841,1.277988
55.550001,-0.026456,-1.271595,1.22431
55.562501,-0.012398,-0.957885,1.160906
55.575001,0.011288,-0.628222,1.088862
55.587501,0.043355,-0.287296,1.009827
55.600001,0.082063,0.060088,0.925943
55.612501,0.125315,0.409075,0.839726
55.625001,0.170844,0.754818,0.753881
55.637501,0.21643,1.092526,0.671092
55.650001,0.260092,1.417518,0.593836
55.662501,0.300249,1.725274,0.524215
55.675001,0.335816,2.011482,0.463865
55.687501,0.366239,2.2721,0.413915
55.700001,0.391465,2.503409,0.375006
55.712501,0.411875,2.702066,0.347361
55.725001,0.428182,2.865164,0.330862
55.737501,0.441327,2.990274,0.325144
55.750001,0.452373,3.075489,0.329677
55.762501,0.462409,3.119458,0.343825
55.775001,0.472471,3.121404,0.36689
55.787501,0.483472,3.081143,0.398126
55.800001,0.496145,2.999084,0.436741
55.812501,0.511003,2.876225,0.481874
55.825001,0.528295,2.714139,0.53257
55.837501,0.547988,2.514956,0.587752
55.850001,0.569752,2.281331,0.646198
55.862501,0.592965,2.016416,0.706534
55.875001,0.616742,1.723818,0.767244
55.887501,0.63999,1.40756,0.826713
55.900001,0.661478,1.072025,0.883292
55.912501,0.679944,0.721907,0.935383
55.925001,0.694199,0.362142,0.981549
55.937501,0.703234,-0.002157,1.020606
55.950001,0.706315,-0.365778,1.05172
55.962501,0.703044,-0.723494,1.074458
55.975001,0.693382,-1.070142,1.088811
55.987501,0.677635,-1.400716,1.095174
56.000001,0.656401,-1.710445,1.094289
56.012501,0.630494,-1.994871,1.087163
56.025001,0.600859,-2.24992,1.074974
56.037501,0.568484,-2.471962,1.058978
56.050001,0.534323,-2.657863,1.040421
56.062501,0.499244,-2.80503,1.020478
56.075001,0.463988,-2.911439,1.000197
56.087501,0.429157,-2.975661,0.980476
56.100001,0.395216,-2.996878,0.962047
56.112501,0.362507,-2.974887,0.945467
56.125001,0.331271,-2.910102,0.931129
56.137501,0.301686,-2.803544,0.919262
56.150001,0.27389,-2.656822,0.909944
56.162501,0.248018,-2.472111,0.903111
56.175001,0.224225,-2.252122,0.898567
56.187501,0.202705,-2.000059,0.895999
56.200001,0.183697,-1.71958,0.895001
56.212501,0.167486,-1.41474,0.895092
56.225001,0.154383,-1.089938,0.895758
56.237501,0.144703,-0.749856,0.896488
56.250001,0.138729,-0.399389,0.896816
56.262501,0.136681,-0.043582,0.896361
56.275001,0.138689,0.312446,0.894858
56.287501,0.144769,0.663577,0.892175
56.300001,0.154825,1.004758,0.888313
56.312501,0.168653,1.331085,0.883391
56.325001,0.185965,1.637865,0.877613
56.337501,0.206409,1.920687,0.871229
56.350001,0.229599,2.175485,0.864495
56.362501,0.255135,2.398595,0.857627
56.375001,0.282614,2.58681,0.850767
56.387501,0.311636,2.737423,0.843956
56.400001,0.341798,2.848272,0.837108
56.412501,0.372682,2.917769,0.830001
56.425001,0.403841,2.944924,0.822268
56.437501,0.434781,2.929363,0.813393
56.450001,0.464953,2.871338,0.802722
56.462501,0.493744,2.771721,0.789477
56.475001,0.520489,2.631996,0.772777
56.487501,0.544483,2.454241,0.751682
56.500001,0.565026,2.241093,0.725236
56.512501,0.581463,1.995712,0.692533
56.525001,0.59325,1.721731,0.652789
56.537501,0.600025,1.423194,0.605415
56.550001,0.601664,1.104496,0.550087
56.562501,0.598338,0.770307,0.486805
56.575001,0.590541,0.425502,0.41592
56.587501,0.579087,0.075081,0.338133
56.600001,0.56507,-0.275902,0.254466
56.612501,0.549802,-0.622411,0.166186
56.625001,0.534716,-0.959496,0.074725
56.637501,0.52126,-1.282357,-0.018423
56.650001,0.510801,-1.586401,-0.111795
56.662501,0.504525,-1.867302,-0.204035
56.675001,0.503371,-2.121054,-0.293941
56.687501,0.507984,-2.344022,-0.380487
56.700001,0.518683,-2.532995,-0.462811
56.712501,0.535461,-2.685232,-0.540184
56.725001,0.557981,-2.798509,-0.611946
56.737501,0.585593,-2.871157,-0.677455
56.750001,0.617342,-2.902095,-0.736011
56.762501,0.651991,-2.890859,-0.786807
56.775001,0.68804,-2.837619,-0.828878
56.787501,0.723756,-2.743188,-0.86109
56.800001,0.757228,-2.609013,-0.882146
56.812501,0.786439,-2.437161,-0.890636
56.825001,0.809368,-2.230284,-0.885133
56.837501,0.824131,-1.99157,-0.864317
56.850001,0.829139,-1.72468,-0.827144
56.862501,0.823272,-1.433667,-0.773021
56.875001,0.80604,-1.122891,-0.701975
56.887501,0.777705,-0.796925,-0.614786
56.900001,0.739337,-0.460465,-0.513051
56.912501,0.692778,-0.118244,-0.399155
56.925001,0.640516,0.225031,-0.27616
56.937501,0.585481,0.564742,-0.147601
56.950001,0.530785,0.896397,-0.017237
56.962501,0.479441,1.215662,0.111213
56.975001,0.434121,1.51839,0.234308
56.987501,0.396955,1.800649,0.349067
57.000001,0.369411,2.05876,0.45307
57.012501,0.35225,2.289336,0.544483
57.025001,0.345543,2.489336,0.622015
57.037501,0.34874,2.656118,0.684825
57.050001,0.360768,2.787495,0.732402
57.062501,0.380137,2.88179,0.76444
57.075001,0.405046,2.937877,0.780723
57.087501,0.433486,2.955215,0.78104
57.100001,0.463328,2.933872,0.765125
57.112501,0.492409,2.874527,0.732635
57.125001,0.518613,2.778457,0.683172
57.137501,0.539964,2.647507,0.61633
57.150001,0.554713,2.484049,0.53178
57.162501,0.561442,2.290921,0.429373
57.175001,0.559166,2.071351,0.309261
57.187501,0.547422,1.828889,0.172009
57.200001,0.526352,1.567321,0.018698
57.212501,0.496737,1.290598,-0.149019
57.225001,0.459996,1.002769,-0.328893
57.237501,0.418128,0.707932,-0.518125
57.250001,0.373595,0.410191,-0.713464
57.262501,0.329158,0.11364,-0.911353
57.275001,0.287683,-0.177663,-1.108112
57.287501,0.251928,-0.4597,-1.30013
57.300001,0.224339,-0.728516,-1.484044
57.312501,0.206888,-0.980247,-1.656881
57.325001,0.20094,-1.21116,-1.81615
57.337501,0.207187,-1.417709,-1.959874
57.350001,0.225632,-1.596615,-2.086563
57.362501,0.255613,-1.744935,-2.195148
57.375001,0.295871,-1.860156,-2.284872
57.387501,0.344638,-1.940275,-2.355175
57.400001,0.399735,-1.983869,-2.405583
57.412501,0.458686,-1.990156,-2.435618
57.425001,0.518826,-1.959038,-2.444736
57.437501,0.577423,-1.891114,-2.432316
57.450001,0.631799,-1.787676,-2.397687
57.462501,0.679458,-1.650673,-2.3402
57.475001,0.718229,-1.482655,-2.25934
57.487501,0.746397,-1.286691,-2.15486
57.500001,0.762834,-1.066271,-2.026923
57.512501,0.767098,-0.825192,-1.876232
57.525001,0.759505,-0.567451,-1.704125
57.537501,0.741137,-0.297135,-1.512625
57.550001,0.713797,-0.01833,-1.304425
57.562501,0.6799,0.264947,-1.082806
57.575001,0.642308,0.548792,-0.851506
57.587501,0.604132,0.829439,-0.614542
57.600001,0.568511,1.103264,-0.376015
57.612501,0.538393,1.36678,-0.139921
57.625001,0.516346,1.616635,0.090009
57.637501,0.504404,1.84961,0.310429
57.650001,0.503956,2.062642,0.518445
57.662501,0.515683,2.252856,0.711619
57.675001,0.539543,2.417616,0.887935
57.687501,0.574781,2.554594,1.045716
57.700001,0.619971,2.661844,1.183517
57.712501,0.67307,2.737877,1.300011
57.725001,0.731485,2.781739,1.39388
57.737501,0.792152,2.793065,1.463721
57.750001,0.851624,2.772128,1.507994
57.762501,0.906178,2.719845,1.525009
57.775001,0.951941,2.637772,1.512972
57.787501,0.985054,2.528044,1.470079
57.800001,1.001857,2.393299,1.39468
57.812501,0.999109,2.236554,1.285471
57.825001,0.974218,2.061065,1.141734
57.837501,0.925469,1.870163,0.963567
57.850001,0.852229,1.667095,0.752103
57.862501,0.755095,1.454886,0.509666
57.875001,0.635966,1.236227,0.239857
57.887501,0.498024,1.013427,-0.052461
57.900001,0.345617,0.788412,-0.361281
57.912501,0.184043,0.562796,-0.679664
57.925001,0.019255,0.337994,-1.000047
57.937501,-0.142496,0.115373,-1.314599
57.950001,-0.295049,-0.103593,-1.615619
57.962501,-0.432723,-0.317177,-1.895922
57.975001,-0.550671,-0.523306,-2.149197
57.987501,-0.645163,-0.719518,-2.370281
58.000001,-0.713778,-0.902992,-2.555343
58.012501,-0.755483,-1.070634,-2.701945
58.025001,-0.770589,-1.219224,-2.808993
58.037501,-0.760612,-1.345591,-2.876587
58.050001,-0.728048,-1.446793,-2.90579
58.062501,-0.676103,-1.520298,-2.898368
58.075001,-0.608409,-1.564127,-2.856531
58.087501,-0.52875,-1.576963,-2.782697
58.100001,-0.440826,-1.558222,-2.679316
58.112501,-0.348057,-1.508073,-2.548749
58.125001,-0.253435,-1.427426,-2.393211
58.137501,-0.15942,-1.317887,-2.214771
58.150001,-0.067876,-1.181689,-2.015382
58.162501,0.019962,-1.021611,-1.796947
58.175001,0.103487,-0.840883,-1.561379
58.187501,0.182692,-0.643094,-1.31067
58.200001,0.258117,-0.432103,-1.046933
58.212501,0.330768,-0.211956,-0.772427
58.225001,0.402016,0.013183,-0.489558
58.237501,0.473476,0.239101,-0.200862
58.250001,0.546869,0.461583,0.091034
58.262501,0.623882,0.676473,0.383449
58.275001,0.706019,0.879719,0.673683
58.287501,0.794459,1.067435,0.959038
58.300001,0.889929,1.235961,1.236816
58.312501,0.992586,1.381944,1.504292
58.325001,1.101919,1.502426,1.758667
58.337501,1.216676,1.594943,1.996997
58.350001,1.334818,1.657631,2.21612
58.362501,1.453514,1.689334,2.412591
58.375001,1.569173,1.689697,2.582649
58.387501,1.677549,1.659246,2.722237
58.400001,1.773898,1.599423,2.827088
58.412501,1.853227,1.512581,2.892903
58.425001,1.9106,1.401909,2.915602
58.437501,1.941501,1.271296,2.891649
58.450001,1.942211,1.125125,2.818407
58.462501,1.91016,0.96801,2.694471
58.475001,1.844194,0.804507,2.519943
58.487501,1.74473,0.638821,2.296585
58.500001,1.613757,0.474541,2.027843
58.512501,1.454716,0.314456,1.718723
58.525001,1.272249,0.16044,1.375559
58.537501,1.071897,0.013451,1.005703
58.550001,0.859761,-0.126387,0.61719
58.562501,0.642188,-0.259617,0.218403
58.575001,0.425488,-0.387231,-0.182221
58.587501,0.215706,-0.510421,-0.576449
58.600001,0.018426,-0.630332,-0.956469
58.612501,-0.161383,-0.747839,-1.315071
58.625001,-0.319505,-0.863366,-1.645807
58.637501,-0.452592,-0.976772,-1.943122
58.650001,-0.558259,-1.087298,-2.202465
58.662501,-0.635147,-1.193595,-2.420353
58.675001,-0.682948,-1.293806,-2.594408
58.687501,-0.702378,-1.385712,-2.72332
58.700001,-0.695092,-1.46691,-2.806778
58.712501,-0.663553,-1.535008,-2.845339
58.725001,-0.610859,-1.587817,-2.840278
58.737501,-0.540536,-1.623524,-2.793411
58.750001,-0.456338,-1.640823,-2.70694
58.762501,-0.362044,-1.639007,-2.583313
58.775001,-0.261286,-1.618019,-2.425117
58.787501,-0.157396,-1.578445,-2.235019
58.800001,-0.053304,-1.521478,-2.015744
58.812501,0.048539,-1.448852,-1.770077
58.825001,0.146202,-1.362744,-1.5009
58.837501,0.238277,-1.265672,-1.211232
58.850001,0.323858,-1.160385,-0.904268
58.862501,0.402494,-1.049757,-0.583417
58.875001,0.474122,-0.936684,-0.252319
58.887501,0.538983,-0.824003,0.085158
58.900001,0.597526,-0.714413,0.424931
58.912501,0.650316,-0.610415,0.762748
58.925001,0.697935,-0.51426,1.094228
58.937501,0.740904,-0.427913,1.414936
58.950001,0.779604,-0.353016,1.720442
58.962501,0.81424,-0.290861,2.006403
58.975001,0.844807,-0.242367,2.268635
58.987501,0.871098,-0.208066,2.503186
59.000001,0.892729,-0.188093,2.70642
59.012501,0.909191,-0.182191,2.875081
59.025001,0.919921,-0.189722,3.006369
59.037501,0.924378,-0.209705,3.098007
59.050001,0.922134,-0.240857,3.148295
59.062501,0.912944,-0.281661,3.156167
59.075001,0.896818,-0.330435,3.121218
59.087501,0.874066,-0.385419,3.043731
59.100001,0.845314,-0.444852,2.924672
59.112501,0.811503,-0.507048,2.765675
59.125001,0.773859,-0.570461,2.569003
59.137501,0.733837,-0.633726,2.3375
59.150001,0.693063,-0.695683,2.074522
59.162501,0.653251,-0.75538,1.78387
59.175001,0.616125,-0.812055,1.469709
59.187501,0.583345,-0.865101,1.136493
59.200001,0.556428,-0.914028,0.788885
59.212501,0.536688,-0.958412,0.43169
59.225001,0.52518,-0.997859,0.069781
59.237501,0.522652,-1.031966,-0.29196
59.250001,0.529511,-1.060306,-0.648702
59.262501,0.5458,-1.082426,-0.995714
59.275001,0.57118,-1.097866,-1.32841
59.287501,0.604934,-1.10619,-1.642393
59.300001,0.645977,-1.107038,-1.933492
59.312501,0.692889,-1.100186,-2.197795
59.325001,0.743957,-1.085607,-2.431691
59.337501,0.79724,-1.06353,-2.631911
59.350001,0.850649,-1.034487,-2.795569
59.362501,0.902031,-0.99934,-2.920215
59.375001,0.949271,-0.959286,-3.003894
59.387501,0.990385,-0.915832,-3.045194
59.400001,1.023608,-0.870743,-3.043304
59.412501,1.047467,-0.825961,-2.998059
59.425001,1.060827,-0.783514,-2.909966
59.437501,1.062913,-0.745398,-2.780213
59.450001,1.053305,-0.713471,-2.610664
59.462501,1.0319,-0.689339,-2.403813
59.475001,0.998866,-0.674267,-2.162735
59.487501,0.954568,-0.669103,-1.89101
59.500001,0.899508,-0.674225,-1.592633
59.512501,0.834261,-0.68952,-1.271926
59.525001,0.759432,-0.714381,-0.933443
59.537501,0.675632,-0.747729,-0.581883
59.550001,0.583473,-0.788053,-0.222008
59.562501,0.483596,-0.833478,0.141421
59.575001,0.37671,-0.881835,0.503698
59.587501,0.263652,-0.930754,0.86021
59.600001,0.145449,-0.977769,1.206461
59.612501,0.023388,-1.020429,1.538081
59.625001,-0.100927,-1.056415,1.850827
59.637501,-0.225538,-1.083664,2.140581
59.650001,-0.348115,-1.100486,2.403347
59.662501,-0.465974,-1.105663,2.635263
59.675001,-0.57613,-1.098541,2.832632
59.687501,-0.675389,-1.079079,2.991972
59.700001,-0.760475,-1.04787,3.110098
59.712501,-0.828185,-1.00611,3.18423
59.725001,-0.875558,-0.955524,3.212122
59.737501,-0.900048,-0.898243,3.192185
59.750001,-0.899673,-0.836647,3.123615
59.762501,-0.873129,-0.773171,3.006483
59.775001,-0.819857,-0.71011,2.841786
59.787501,-0.74005,-0.649429,2.631457
59.800001,-0.634619,-0.592593,2.378321
59.812501,-0.505114,-0.540449,2.086017
59.825001,-0.353627,-0.493142,1.758889
59.837501,-0.182692,-0.450108,1.401884
59.850001,0.004791,-0.410106,1.02044
59.862501,0.205617,-0.371314,0.620406
59.875001,0.416295,-0.331474,0.20798
59.887501,0.633049,-0.288062,-0.210338
59.900001,0.851796,-0.238508,-0.627774
59.912501,1.068148,-0.180417,-1.037321
59.925001,1.277424,-0.111805,-1.431807
59.937501,1.474735,-0.031323,-1.804007
59.950001,1.655123,0.061551,-2.146812
59.962501,1.813782,0.166368,-2.453463
59.975001,1.946338,0.281628,-2.71784
59.987501,2.049166,0.404794,-2.934769
