Time,Value_1,Value_2,Value_3,Value_4,Value_5,Value_6,Value_7,Value_8,Value_9
0,0,0,0,101.269,0,0,0,0,0
0.0125,0.00656394,0.012489,0.00227648,101.269,0,0,1.26076,-0.0040658,-0.012934
0.025,0.0132408,0.0249116,0.00907552,101.269,0,0,2.52127,-0.00237263,-0.0416318
0.0375,0.0201391,0.0372012,0.0203062,101.269,0,0,3.78125,0.0107218,-0.0860188
0.05,0.0273592,0.0492906,0.035818,101.269,0,0,5.04029,0.0406924,-0.145971
0.0625,0.0349891,0.0611128,0.0554025,101.269,0,0,6.29777,0.0927629,-0.221315
0.075,0.0431011,0.0726011,0.0787957,101.269,0,0,7.55284,0.171822,-0.311823
0.0875,0.0517489,0.0836913,0.105681,101.269,0,0,8.80435,0.282342,-0.41722
0.1,0.0609654,0.0943236,0.135692,101.269,0,0,10.0509,0.428299,-0.537176
0.1125,0.0707611,0.104445,0.168419,101.269,0,0,11.2908,0.6131,-0.671311
0.125,0.081124,0.114013,0.203412,101.269,0,0,12.5223,0.839521,-0.819193
0.1375,0.09202,0.122998,0.240188,101.269,0,0,13.7432,1.10966,-0.980345
0.15,0.103394,0.131389,0.278239,101.269,0,0,14.9514,1.42488,-1.15425
0.1625,0.115174,0.13919,0.317035,101.269,0,0,16.145,1.78584,-1.34033
0.175,0.127272,0.146432,0.356038,101.269,0,0,17.3219,2.19245,-1.53802
0.1875,0.139589,0.153165,0.394705,101.269,0,0,18.4804,2.64391,-1.74669
0.2,0.152018,0.159463,0.432501,101.269,0,0,19.6191,3.13876,-1.9657
0.2125,0.164451,0.16542,0.468905,101.269,0,0,20.7371,3.67495,-2.19443
0.225,0.176776,0.171153,0.503419,101.269,0,0,21.8336,4.24986,-2.43224
0.2375,0.188886,0.176791,0.535574,101.269,0,0,22.9089,4.86043,-2.67851
0.25,0.200676,0.182478,0.56494,101.269,0,0,23.9633,5.50322,-2.93264
0.2625,0.212047,0.188363,0.591129,101.269,0,0,24.998,6.17451,-3.19406
0.275,0.222904,0.194599,0.613802,101.269,0,0,26.0147,6.87032,-3.46224
0.2875,0.233157,0.201333,0.63267,101.269,0,0,27.0154,7.58653,-3.73671
0.3,0.242718,0.208704,0.647501,101.269,0,0,28.0027,8.31894,-4.01703
0.3125,0.251502,0.216837,0.658118,101.269,0,0,28.9794,9.06325,-4.30283
0.325,0.259422,0.225836,0.664402,101.269,0,0,29.9488,9.81517,-4.59379
0.3375,0.266396,0.235783,0.666291,101.269,0,0,30.9141,10.5704,-4.88965
0.35,0.272336,0.246731,0.663777,101.269,0,0,31.8787,11.3246,-5.1902
0.3625,0.277161,0.258703,0.65691,101.269,0,0,32.846,12.0737,-5.4953
0.375,0.280788,0.271688,0.645791,101.269,0,0,33.8191,12.8132,-5.80487
0.3875,0.283143,0.285643,0.630572,101.269,0,0,34.8009,13.5393,-6.11884
0.4,0.284162,0.30049,0.611452,101.269,0,0,35.794,14.2478,-6.43724
0.4125,0.283793,0.316121,0.588678,101.269,0,0,36.8006,14.9349,-6.76008
0.425,0.282008,0.332397,0.562542,101.269,0,0,37.8225,15.597,-7.08745
0.4375,0.278802,0.349156,0.533376,101.269,0,0,38.8607,16.2306,-7.41944
0.45,0.274205,0.366216,0.501556,101.269,0,0,39.9161,16.8326,-7.75616
0.4625,0.268279,0.383385,0.467499,101.269,0,0,40.9887,17.4004,-8.09773
0.475,0.261132,0.400465,0.431658,101.269,0,0,42.0783,17.9317,-8.44428
0.4875,0.252912,0.417261,0.394525,101.269,0,0,43.1841,18.4247,-8.79593
0.5,0.243812,0.433593,0.356624,101.269,0,0,44.305,18.8785,-9.15278
0.5125,0.23407,0.449295,0.318507,101.269,0,0,45.4395,19.2925,-9.51494
0.525,0.223961,0.46423,0.280749,101.269,0,0,46.5859,19.6668,-9.88247
0.5375,0.213793,0.478287,0.24394,101.269,0,0,47.7426,20.0024,-10.2554
0.55,0.203899,0.491386,0.20867,101.269,0,0,48.9077,20.3007,-10.6338
0.5625,0.194629,0.503475,0.175526,101.269,0,0,50.0794,20.564,-11.0177
0.575,0.186333,0.514532,0.14507,101.269,0,0,51.2562,20.795,-11.4069
0.5875,0.179358,0.524554,0.117838,101.269,0,0,52.4365,20.9972,-11.8013
0.6,0.174032,0.533549,0.0943162,101.269,0,0,53.6191,21.1743,-12.201
0.6125,0.170656,0.541537,0.0749386,101.269,0,0,54.803,21.3308,-12.6057
0.625,0.169495,0.548528,0.0600728,101.269,0,0,55.9871,21.4714,-13.0151
0.6375,0.17077,0.554528,0.0500123,101.269,0,0,57.171,21.6008,-13.4292
0.65,0.17465,0.559519,0.044969,101.269,0,0,58.354,21.7244,-13.8475
0.6625,0.181249,0.563466,0.0450669,101.269,0,0,59.5356,21.8474,-14.2698
0.675,0.190617,0.566307,0.0503372,101.269,0,0,60.7155,21.975,-14.6958
0.6875,0.202738,0.567957,0.0607144,101.269,0,0,61.893,22.1126,-15.1249
0.7,0.217528,0.56831,0.076035,101.269,0,0,63.0676,22.2653,-15.5569
0.7125,0.234831,0.567251,0.0960371,101.269,0,0,64.2386,22.438,-15.9912
0.725,0.254422,0.564658,0.120364,101.269,0,0,65.4051,22.6353,-16.4273
0.7375,0.276013,0.560421,0.14857,101.269,0,0,66.5657,22.8614,-16.8648
0.75,0.299258,0.554447,0.180133,101.269,0,0,67.7192,23.1203,-17.303
0.7625,0.323767,0.546679,0.214465,101.269,0,0,68.864,23.4152,-17.7413
0.775,0.349126,0.537105,0.250936,101.269,0,0,69.9982,23.7488,-18.1793
0.7875,0.374907,0.525764,0.288887,101.269,0,0,71.12,24.1233,-18.6162
0.8,0.400693,0.512753,0.327654,101.269,0,0,72.2275,24.5401,-19.0514
0.8125,0.426096,0.49823,0.366589,101.269,0,0,73.3186,24.9999,-19.4844
0.825,0.450767,0.482408,0.405072,101.269,0,0,74.3917,25.503,-19.9145
0.837499,0.474412,0.465552,0.442529,101.269,0,0,75.4452,26.0486,-20.3411
0.849999,0.496797,0.447969,0.478435,101.269,0,0,76.4779,26.6357,-20.7636
0.862499,0.51775,0.429996,0.512326,101.269,0,0,77.4888,27.2625,-21.1814
0.874999,0.537156,0.411991,0.54379,101.269,0,0,78.4778,27.9268,-21.5941
0.887499,0.554958,0.394318,0.572476,101.269,0,0,79.4448,28.6259,-22.0011
0.899999,0.571142,0.377338,0.598083,101.269,0,0,80.3907,29.3568,-22.4019
0.912499,0.585731,0.361397,0.620359,101.269,0,0,81.3168,30.1162,-22.7961
0.924999,0.598776,0.346817,0.639098,101.269,0,0,82.2248,30.9005,-23.1833
0.937499,0.610343,0.333892,0.654137,101.269,0,0,83.1172,31.7062,-23.5632
0.949999,0.620507,0.322874,0.665353,101.269,0,0,83.9967,32.5294,-23.9352
0.962499,0.629341,0.313976,0.67266,101.269,0,0,84.8666,33.3664,-24.2992
0.974999,0.636911,0.307362,0.67601,101.269,0,0,85.7303,34.2132,-24.6549
0.987499,0.643272,0.30315,0.675392,101.269,0,0,86.5917,35.0661,-25.0018
0.999999,0.648461,0.301406,0.67083,101.269,0,0,87.4546,35.921,-25.3399
1.0125,0.652497,0.302145,0.662385,101.269,0,0,88.3229,36.774,-25.6687
1.025,0.655384,0.305329,0.65015,101.269,0,0,89.2003,37.6213,-25.9881
1.0375,0.65711,0.310871,0.634255,101.269,0,0,90.0903,38.4589,-26.2978
1.05,0.657652,0.318634,0.614859,101.269,0,0,90.9964,39.2828,-26.5977
1.0625,0.65698,0.328433,0.592155,101.269,0,0,91.9212,40.0893,-26.8873
1.075,0.655065,0.34004,0.566366,101.269,0,0,92.8674,40.8744,-27.1666
1.0875,0.651887,0.353188,0.537744,101.269,0,0,93.8366,41.6347,-27.4352
1.1,0.64744,0.367576,0.506571,101.269,0,0,94.8304,42.3665,-27.6931
1.1125,0.641741,0.382878,0.473164,101.269,0,0,95.8494,43.0667,-27.9398
1.125,0.634839,0.398748,0.437867,101.269,0,0,96.8938,43.7325,-28.1753
1.1375,0.62682,0.414832,0.40106,101.269,0,0,97.9632,44.3615,-28.3994
1.15,0.617811,0.430773,0.363158,101.269,0,0,99.0569,44.9517,-28.6118
1.1625,0.607986,0.446226,0.324607,101.269,0,0,100.173,45.5019,-28.8124
1.175,0.597563,0.460862,0.285887,101.269,0,0,101.311,46.0114,-29.001
1.1875,0.586803,0.474377,0.247504,101.269,0,0,102.468,46.4802,-29.1775
1.2,0.576006,0.486503,0.209986,101.269,0,0,103.642,46.909,-29.3417
1.2125,0.565494,0.497004,0.17387,101.269,0,0,104.831,47.2993,-29.4934
1.225,0.555609,0.505685,0.139689,101.269,0,0,106.034,47.6531,-29.6326
1.2375,0.546687,0.512388,0.10796,101.269,0,0,107.246,47.9732,-29.759
1.25,0.539053,0.516991,0.0791629,101.269,0,0,108.468,48.2631,-29.8727
1.2625,0.532997,0.5194,0.0537288,101.269,0,0,109.697,48.5267,-29.9733
1.275,0.528762,0.519549,0.0320216,101.269,0,0,110.931,48.7684,-30.0609
1.2875,0.526534,0.517387,0.0143258,101.269,0,0,112.17,48.9929,-30.1351
1.3,0.52643,0.512881,0.000836678,101.269,0,0,113.411,49.2054,-30.1959
1.3125,0.528493,0.506005,-0.00834569,101.269,0,0,114.654,49.4112,-30.2431
1.325,0.532693,0.496739,-0.0132187,101.269,0,0,115.898,49.6157,-30.2764
1.3375,0.538924,0.485075,-0.0138752,101.269,0,0,117.141,49.8245,-30.2957
1.35,0.54702,0.471012,-0.0104973,101.269,0,0,118.383,50.0428,-30.3006
1.3625,0.556754,0.454566,-0.00334742,101.269,0,0,119.622,50.276,-30.2909
1.375,0.567857,0.435773,0.00724419,101.269,0,0,120.857,50.5289,-30.2664
1.3875,0.58003,0.414695,0.020893,101.269,0,0,122.086,50.8063,-30.2267
1.4,0.59296,0.391425,0.0371754,101.269,0,0,123.308,51.1124,-30.1716
1.4125,0.606332,0.366097,0.0556432,101.269,0,0,124.521,51.4509,-30.1008
1.425,0.619848,0.338881,0.0758373,101.269,0,0,125.721,51.8249,-30.0141
1.4375,0.633235,0.309991,0.0972994,101.269,0,0,126.909,52.2368,-29.9112
1.45,0.646255,0.279677,0.119581,101.269,0,0,128.08,52.6885,-29.7919
1.4625,0.658716,0.248231,0.142251,101.269,0,0,129.232,53.1811,-29.6559
1.475,0.670472,0.215972,0.164898,101.269,0,0,130.364,53.7149,-29.5032
1.4875,0.681428,0.183245,0.187133,101.269,0,0,131.473,54.2896,-29.3335
1.5,0.691538,0.150413,0.20859,101.269,0,0,132.558,54.9041,-29.1469
1.5125,0.700805,0.117849,0.228924,101.269,0,0,133.618,55.5568,-28.9432
1.525,0.709273,0.0859233,0.247809,101.269,0,0,134.65,56.2454,-28.7225
1.5375,0.717027,0.0550031,0.264939,101.269,0,0,135.656,56.9674,-28.4847
1.55,0.724182,0.0254402,0.280026,101.269,0,0,136.635,57.7195,-28.23
1.5625,0.730878,-0.00243323,0.292803,101.269,0,0,137.589,58.4984,-27.9584
1.575,0.73727,-0.0283101,0.303024,101.269,0,0,138.518,59.3005,-27.67
1.5875,0.743521,-0.051912,0.310468,101.269,0,0,139.425,60.1219,-27.3649
1.6,0.749791,-0.0729925,0.314945,101.269,0,0,140.311,60.9588,-27.0432
1.6125,0.756229,-0.0913393,0.316299,101.269,0,0,141.18,61.8072,-26.7051
1.625,0.762965,-0.106776,0.314419,101.269,0,0,142.035,62.6632,-26.3507
1.6375,0.770098,-0.119161,0.309237,101.269,0,0,142.88,63.5229,-25.98
1.65,0.777697,-0.128395,0.30074,101.269,0,0,143.717,64.3823,-25.5932
1.6625,0.78579,-0.134414,0.288967,101.269,0,0,144.552,65.2376,-25.1904
1.675,0.794364,-0.137197,0.274013,101.269,0,0,145.386,66.0851,-24.7715
1.6875,0.80337,-0.136765,0.256025,101.269,0,0,146.224,66.9208,-24.3367
1.7,0.812721,-0.133184,0.235202,101.269,0,0,147.069,67.7412,-23.886
1.7125,0.822304,-0.126566,0.211783,101.269,0,0,147.923,68.5426,-23.4195
1.725,0.831981,-0.117069,0.186045,101.269,0,0,148.789,69.3216,-22.9371
1.7375,0.841603,-0.1049,0.158293,101.269,0,0,149.669,70.0747,-22.4389
1.75,0.851021,-0.0903109,0.128848,101.269,0,0,150.564,70.7987,-21.9249
1.7625,0.860091,-0.0735983,0.0980453,101.269,0,0,151.475,71.4909,-21.3953
1.775,0.868686,-0.0550984,0.0662219,101.269,0,0,152.402,72.1484,-20.8501
1.7875,0.8767,-0.0351825,0.0337143,101.269,0,0,153.346,72.7692,-20.2893
1.8,0.884059,-0.0142502,0.000853702,101.269,0,0,154.304,73.3514,-19.7131
1.8125,0.89072,0.00727846,-0.0320359,101.269,0,0,155.277,73.8938,-19.1217
1.825,0.896675,0.0289704,-0.0646391,101.269,0,0,156.261,74.3957,-18.5153
1.8375,0.90195,0.0503887,-0.0966491,101.269,0,0,157.257,74.8568,-17.8941
1.85,0.906605,0.0711007,-0.127768,101.269,0,0,158.261,75.2777,-17.2583
1.8625,0.91073,0.0906862,-0.157709,101.269,0,0,159.272,75.6594,-16.6083
1.875,0.914437,0.108745,-0.186193,101.269,0,0,160.287,76.0037,-15.9443
1.8875,0.91786,0.124903,-0.212958,101.269,0,0,161.304,76.3127,-15.2667
1.9,0.921142,0.138818,-0.237757,101.269,0,0,162.322,76.5893,-14.5758
1.9125,0.924429,0.150185,-0.260366,101.269,0,0,163.338,76.8366,-13.8719
1.925,0.92786,0.158738,-0.280587,101.269,0,0,164.352,77.0582,-13.1554
1.9375,0.93156,0.164254,-0.298258,101.269,0,0,165.361,77.2579,-12.4267
1.95,0.935632,0.166553,-0.313254,101.269,0,0,166.365,77.4401,-11.6861
1.9625,0.94015,0.165501,-0.325496,101.269,0,0,167.363,77.6088,-10.9338
1.975,0.945155,0.16101,-0.33495,101.269,0,0,168.353,77.7686,-10.1703
1.9875,0.950651,0.15304,-0.341634,101.269,0,0,169.336,77.9236,-9.3958
2,0.956609,0.141598,-0.34561,101.269,0,0,170.31,78.0784,-8.61058
2.0125,0.962966,0.126739,-0.346986,101.269,0,0,171.275,78.2368,-7.81489
2.025,0.969634,0.108566,-0.34591,101.269,0,0,172.231,78.403,-7.00898
2.0375,0.976503,0.0872337,-0.342563,101.269,0,0,173.175,78.5806,-6.19306
2.05,0.983452,0.0629426,-0.337149,101.269,0,0,174.109,78.7728,-5.36735
2.0625,0.990353,0.0359415,-0.329894,101.269,0,0,175.029,78.9827,-4.53203
2.075,0.997084,0.00652377,-0.321033,101.269,0,0,175.937,79.2127,-3.68729
2.0875,1.00353,-0.0249755,-0.310809,101.269,0,0,176.829,79.4648,-2.8333
2.1,1.00961,-0.058184,-0.299468,101.269,0,0,177.706,79.7406,-1.97026
2.1125,1.01523,-0.0926972,-0.287253,101.269,0,0,178.566,80.0411,-1.09832
2.125,1.02036,-0.128085,-0.274408,101.269,0,0,179.407,80.3667,-0.217659
2.1375,1.02498,-0.163898,-0.261172,101.269,0,0,180.229,80.7175,0.671538
2.15,1.0291,-0.199677,-0.247787,101.269,0,0,181.031,81.0928,1.56909
2.1625,1.03278,-0.234957,-0.234493,101.269,0,0,181.812,81.4917,2.47482
2.175,1.03609,-0.269279,-0.221531,101.269,0,0,182.572,81.9128,3.38853
2.1875,1.03915,-0.302193,-0.209146,101.269,0,0,183.311,82.3542,4.31003
2.2,1.04208,-0.33327,-0.197582,101.269,0,0,184.029,82.8139,5.23911
2.2125,1.04505,-0.362104,-0.187084,101.269,0,0,184.726,83.2895,6.17558
2.225,1.04822,-0.388321,-0.177888,101.269,0,0,185.405,83.7786,7.11923
2.2375,1.05179,-0.41158,-0.170221,101.269,0,0,186.065,84.2785,8.06986
2.25,1.0559,-0.431579,-0.164285,101.269,0,0,186.709,84.7864,9.02725
2.2625,1.06073,-0.448058,-0.160256,101.269,0,0,187.339,85.2996,9.99119
2.275,1.06641,-0.460802,-0.158266,101.269,0,0,187.958,85.8152,10.9615
2.2875,1.07301,-0.469639,-0.158397,101.269,0,0,188.567,86.3306,11.9379
2.3,1.08059,-0.474449,-0.160676,101.269,0,0,189.169,86.8428,12.9202
2.3125,1.08915,-0.475157,-0.165067,101.269,0,0,189.766,87.3493,13.9083
2.325,1.09862,-0.471744,-0.171473,101.269,0,0,190.362,87.8472,14.9018
2.3375,1.10889,-0.464242,-0.179742,101.269,0,0,190.958,88.3339,15.9005
2.35,1.11983,-0.452738,-0.189671,101.269,0,0,191.557,88.8068,16.9041
2.3625,1.13127,-0.437377,-0.201023,101.269,0,0,192.16,89.2634,17.9125
2.375,1.14301,-0.418357,-0.213536,101.269,0,0,192.771,89.701,18.9254
2.3875,1.15486,-0.395934,-0.226937,101.269,0,0,193.389,90.1174,19.9424
2.4,1.16665,-0.370416,-0.240954,101.269,0,0,194.016,90.5103,20.9632
2.4125,1.17821,-0.34216,-0.255327,101.269,0,0,194.653,90.8776,21.9875
2.425,1.1894,-0.311568,-0.269811,101.269,0,0,195.3,91.2173,23.0149
2.4375,1.20014,-0.279081,-0.284185,101.269,0,0,195.957,91.5278,24.0452
2.45,1.21033,-0.24517,-0.298249,101.269,0,0,196.624,91.8078,25.0779
2.4625,1.21994,-0.210329,-0.311824,101.269,0,0,197.3,92.0562,26.1125
2.475,1.22896,-0.175068,-0.324753,101.269,0,0,197.985,92.2724,27.1488
2.4875,1.23741,-0.139905,-0.336897,101.269,0,0,198.677,92.456,28.1862
2.50001,1.24533,-0.105356,-0.348128,101.269,0,0,199.377,92.6073,29.2244
2.51251,1.25278,-0.071928,-0.358334,101.269,0,0,200.081,92.7267,30.263
2.52501,1.25984,-0.0401103,-0.367411,101.269,0,0,200.791,92.8153,31.3015
2.53751,1.26658,-0.0103686,-0.375267,101.269,0,0,201.504,92.8744,32.3394
2.55001,1.27311,0.0168623,-0.381819,101.269,0,0,202.221,92.9056,33.3765
2.56251,1.27951,0.0411848,-0.386994,101.269,0,0,202.939,92.9112,34.4123
2.57501,1.28586,0.0622435,-0.390734,101.269,0,0,203.661,92.8934,35.4464
2.58751,1.29225,0.0797305,-0.392996,101.269,0,0,204.384,92.8548,36.4785
2.60001,1.29873,0.0933887,-0.393755,101.269,0,0,205.109,92.7983,37.5082
2.61251,1.30535,0.103016,-0.393008,101.269,0,0,205.837,92.727,38.5352
2.62501,1.31213,0.108468,-0.390771,101.269,0,0,206.568,92.6439,39.5593
2.63751,1.31908,0.10966,-0.387086,101.269,0,0,207.302,92.5523,40.58
2.65001,1.32617,0.106568,-0.382014,101.269,0,0,208.041,92.4555,41.5972
2.66251,1.33337,0.0992302,-0.375636,101.269,0,0,208.785,92.3569,42.6105
2.67501,1.34063,0.0877461,-0.36805,101.269,0,0,209.534,92.2597,43.6199
2.68751,1.34787,0.0722767,-0.359364,101.269,0,0,210.29,92.1672,44.625
2.70001,1.35502,0.0530418,-0.349694,101.269,0,0,211.052,92.0825,45.6256
2.71251,1.362,0.0303177,-0.339156,101.269,0,0,211.822,92.0087,46.6216
2.72501,1.36875,0.00443323,-0.327866,101.269,0,0,212.599,91.9485,47.6127
2.73751,1.37517,-0.0242346,-0.315934,101.269,0,0,213.383,91.9046,48.599
2.75001,1.38122,-0.0552661,-0.303461,101.269,0,0,214.175,91.8792,49.5801
2.76251,1.38684,-0.0882051,-0.290538,101.269,0,0,214.973,91.8743,50.5561
2.77501,1.39199,-0.122566,-0.277247,101.269,0,0,215.777,91.8915,51.5267
2.78751,1.39664,-0.157839,-0.263661,101.269,0,0,216.587,91.932,52.4919
2.80001,1.40077,-0.193503,-0.249845,101.269,0,0,217.403,91.9965,53.4517
2.81251,1.40438,-0.229027,-0.235857,101.269,0,0,218.222,92.0853,54.4058
2.82501,1.40748,-0.263881,-0.221753,101.269,0,0,219.045,92.1983,55.3544
2.83751,1.4101,-0.297546,-0.207587,101.269,0,0,219.871,92.3349,56.2972
2.85001,1.41227,-0.329518,-0.193412,101.269,0,0,220.699,92.4939,57.2344
2.86251,1.41404,-0.359319,-0.179285,101.269,0,0,221.53,92.6739,58.1657
2.87501,1.41548,-0.3865,-0.165268,101.269,0,0,222.363,92.8729,59.0911
2.88751,1.41665,-0.410652,-0.151424,101.269,0,0,223.198,93.0888,60.0105
2.90001,1.41763,-0.431408,-0.137821,101.269,0,0,224.036,93.3188,60.924
2.91251,1.41851,-0.448452,-0.124528,101.269,0,0,224.878,93.5602,61.8312
2.92501,1.41938,-0.46152,-0.111612,101.269,0,0,225.724,93.8098,62.7321
2.93751,1.42031,-0.470407,-0.099136,101.269,0,0,226.575,94.0641,63.6265
2.95001,1.4214,-0.474966,-0.087152,101.269,0,0,227.433,94.3197,64.5143
2.96251,1.4227,-0.475113,-0.0757002,101.269,0,0,228.299,94.5728,65.3951
2.97501,1.42428,-0.470827,-0.0648037,101.269,0,0,229.174,94.8197,66.2688
2.98751,1.42617,-0.46215,-0.0544673,101.269,0,0,230.059,95.0565,67.1349
3.00001,1.4284,-0.449186,-0.0446761,101.269,0,0,230.955,95.2792,67.9933
3.01251,1.43099,-0.4321,-0.0353966,101.269,0,0,231.864,95.484,68.8434
3.02501,1.43392,-0.411115,-0.0265781,101.269,0,0,232.785,95.667,69.685
3.03751,1.43719,-0.386511,-0.0181561,101.269,0,0,233.718,95.8246,70.5175
3.05001,1.44079,-0.358618,-0.0100551,101.269,0,0,234.665,95.9532,71.3406
3.06251,1.44468,-0.327814,-0.00219271,101.269,0,0,235.623,96.0496,72.1537
3.07501,1.44887,-0.294518,0.00551766,101.269,0,0,236.594,96.1109,72.9564
3.08751,1.45332,-0.259186,0.0131635,101.269,0,0,237.575,96.1346,73.7482
3.10001,1.45804,-0.222304,0.020831,101.269,0,0,238.565,96.1187,74.5286
3.11251,1.46301,-0.184381,0.028603,101.269,0,0,239.562,96.0615,75.2972
3.12501,1.46825,-0.145941,0.0365574,101.269,0,0,240.566,95.9621,76.0534
3.13751,1.47376,-0.10752,0.044766,101.269,0,0,241.575,95.8201,76.7969
3.15001,1.47955,-0.0696523,0.0532926,101.269,0,0,242.586,95.6357,77.5272
3.16251,1.48564,-0.0328664,0.0621923,101.269,0,0,243.598,95.4098,78.244
3.17501,1.49205,0.00232192,0.0715095,101.269,0,0,244.61,95.1436,78.9469
3.18751,1.49878,0.0354184,0.0812765,101.269,0,0,245.621,94.8392,79.6356
3.20001,1.50585,0.0659567,0.0915118,101.269,0,0,246.631,94.4989,80.3098
3.21251,1.51325,0.0935055,0.102218,101.269,0,0,247.639,94.1256,80.9692
3.22501,1.52098,0.117674,0.113382,101.269,0,0,248.645,93.7227,81.6137
3.23751,1.529,0.13812,0.124972,101.269,0,0,249.65,93.2938,82.2429
3.25001,1.5373,0.154552,0.136938,101.269,0,0,250.654,92.8428,82.8568
3.26251,1.54581,0.166735,0.149217,101.269,0,0,251.66,92.3738,83.4551
3.27501,1.55448,0.174495,0.161728,101.269,0,0,252.669,91.8912,84.0378
3.28751,1.56325,0.177722,0.174382,101.269,0,0,253.682,91.3995,84.6046
3.30001,1.57204,0.176369,0.187082,101.269,0,0,254.702,90.9033,85.1554
3.31251,1.58077,0.170458,0.199729,101.269,0,0,255.73,90.4072,85.6903
3.32501,1.58938,0.160072,0.212231,101.269,0,0,256.769,89.916,86.209
3.33751,1.59779,0.145361,0.2245,101.269,0,0,257.82,89.4344,86.7115
3.35001,1.60596,0.126537,0.236462,101.269,0,0,258.886,88.9669,87.1977
3.36251,1.61385,0.103869,0.248059,101.269,0,0,259.966,88.5182,87.6675
3.37501,1.62141,0.0776808,0.259247,101.269,0,0,261.063,88.0925,88.1211
3.38751,1.62863,0.0483449,0.270002,101.269,0,0,262.176,87.694,88.5583
3.40001,1.63552,0.0162782,0.280316,101.269,0,0,263.306,87.3264,88.9792
3.41251,1.64205,-0.0180654,0.290196,101.269,0,0,264.453,86.9932,89.3839
3.42501,1.64826,-0.054201,0.299665,101.269,0,0,265.615,86.6971,89.7725
3.43751,1.65414,-0.0916199,0.308759,101.269,0,0,266.792,86.4407,90.1452
3.45001,1.65972,-0.129797,0.317524,101.269,0,0,267.982,86.2257,90.5021
3.46251,1.66501,-0.168197,0.326015,101.269,0,0,269.183,86.0532,90.8435
3.47501,1.67001,-0.206285,0.334297,101.269,0,0,270.394,85.9235,91.1696
3.48751,1.67474,-0.243531,0.34244,101.269,0,0,271.613,85.8363,91.4808
3.50001,1.6792,-0.279417,0.35052,101.269,0,0,272.837,85.7906,91.7774
3.51251,1.68337,-0.313447,0.358616,101.269,0,0,274.066,85.7847,92.0596
3.52501,1.68727,-0.345153,0.36681,101.269,0,0,275.298,85.8162,92.328
3.53751,1.69086,-0.374099,0.37518,101.269,0,0,276.531,85.8819,92.5828
3.55001,1.69415,-0.39989,0.383806,101.269,0,0,277.764,85.9785,92.8244
3.56251,1.69712,-0.422178,0.392759,101.269,0,0,278.998,86.1017,93.0532
3.57501,1.69975,-0.440661,0.402102,101.269,0,0,280.232,86.2472,93.2694
3.58751,1.70206,-0.455095,0.411884,101.269,0,0,281.465,86.4101,93.4735
3.60001,1.70404,-0.465291,0.422142,101.269,0,0,282.699,86.5853,93.6657
3.61251,1.70573,-0.471124,0.432895,101.269,0,0,283.934,86.7675,93.8463
3.62501,1.70716,-0.472525,0.444142,101.269,0,0,285.169,86.9514,94.0155
3.63751,1.70838,-0.469495,0.455869,101.269,0,0,286.407,87.1315,94.1735
3.65001,1.70945,-0.462093,0.468042,101.269,0,0,287.648,87.3024,94.3204
3.66251,1.71045,-0.450442,0.480619,101.269,0,0,288.891,87.4588,94.4564
3.67501,1.71146,-0.434727,0.493543,101.269,0,0,290.139,87.5953,94.5816
3.68751,1.71255,-0.415192,0.506757,101.269,0,0,291.389,87.7072,94.696
3.70001,1.71382,-0.392133,0.520198,101.269,0,0,292.643,87.7898,94.7998
3.71251,1.71532,-0.3659,0.533805,101.269,0,0,293.899,87.8389,94.8928
3.72501,1.71715,-0.336887,0.54752,101.269,0,0,295.157,87.8506,94.9752
3.73751,1.71934,-0.305529,0.561288,101.269,0,0,296.416,87.8219,95.0469
3.75001,1.72196,-0.272296,0.575059,101.269,0,0,297.673,87.75,95.1079
3.76251,1.72504,-0.237681,0.588783,101.269,0,0,298.927,87.6331,95.1584
3.77501,1.72861,-0.202202,0.602412,101.269,0,0,300.177,87.4699,95.1982
3.78751,1.73269,-0.166385,0.615897,101.269,0,0,301.42,87.26,95.2274
3.80001,1.73727,-0.130761,0.629186,101.269,0,0,302.654,87.0035,95.2461
3.81251,1.74234,-0.0958573,0.642222,101.269,0,0,303.878,86.7015,95.2544
3.82501,1.74788,-0.0621899,0.654938,101.269,0,0,305.09,86.3556,95.2522
3.83751,1.75386,-0.0302546,0.66726,101.269,0,0,306.29,85.9681,95.2399
3.85001,1.76022,-0.000520466,0.679104,101.269,0,0,307.477,85.5419,95.2173
3.86251,1.76691,0.0265773,0.690376,101.269,0,0,308.649,85.0803,95.1848
3.87501,1.77387,0.0506441,0.700971,101.269,0,0,309.809,84.5871,95.1425
3.88751,1.78101,0.0713311,0.710779,101.269,0,0,310.956,84.0666,95.0905
3.90001,1.78827,0.0883409,0.719685,101.269,0,0,312.092,83.5232,95.0291
3.91251,1.79556,0.101431,0.727573,101.269,0,0,313.219,82.9615,94.9585
3.92501,1.80282,0.110417,0.734335,101.269,0,0,314.338,82.3863,94.879
3.93751,1.80999,0.115174,0.739867,101.269,0,0,315.452,81.8027,94.7907
3.95001,1.81702,0.115642,0.744083,101.269,0,0,316.564,81.2156,94.6941
3.96251,1.82389,0.111819,0.746912,101.269,0,0,317.675,80.63,94.5894
3.97501,1.83059,0.103768,0.748306,101.269,0,0,318.79,80.0509,94.477
3.98751,1.83713,0.09161,0.748236,101.269,0,0,319.909,79.4833,94.3572
4.00001,1.84355,0.0755258,0.746696,101.269,0,0,321.036,78.9321,94.2304
4.01251,1.8499,0.0557522,0.743703,101.269,0,0,322.172,78.4019,94.0971
4.02501,1.85625,0.0325788,0.73929,101.269,0,0,323.319,77.8975,93.9576
4.03751,1.86268,0.00634372,0.733507,101.269,0,0,324.478,77.423,93.8126
4.05001,1.86929,-0.0225701,0.72642,101.269,0,0,325.65,76.9824,93.6625
4.06251,1.87615,-0.0537408,0.718104,101.269,0,0,326.835,76.5794,93.5079
4.07501,1.88336,-0.086713,0.708647,101.269,0,0,328.032,76.2171,93.3494
4.08751,1.891,-0.121004,0.698144,101.269,0,0,329.241,75.898,93.1876
4.10001,1.89912,-0.156113,0.686702,101.269,0,0,330.46,75.6243,93.0231
4.11251,1.90779,-0.191524,0.674436,101.269,0,0,331.689,75.3971,92.8566
4.12501,1.91703,-0.226718,0.661479,101.269,0,0,332.926,75.2173,92.6888
4.13751,1.92684,-0.261182,0.647975,101.269,0,0,334.168,75.0846,92.5203
4.15001,1.93719,-0.29441,0.634089,101.269,0,0,335.415,74.9983,92.3519
4.16251,1.94804,-0.32592,0.620007,101.269,0,0,336.664,74.9569,92.1842
4.17501,1.95929,-0.355258,0.605936,101.269,0,0,337.913,74.958,92.0178
4.18751,1.97082,-0.382003,0.592105,101.269,0,0,339.163,74.999,91.8534
4.20001,1.98248,-0.405779,0.578762,101.269,0,0,340.411,75.0762,91.6917
4.21251,1.99412,-0.426254,0.566168,101.269,0,0,341.657,75.1857,91.5332
4.22501,2.00554,-0.443151,0.55459,101.269,0,0,342.9,75.3232,91.3784
4.23751,2.01657,-0.456245,0.544288,101.269,0,0,344.142,75.4837,91.228
4.25001,2.02702,-0.465369,0.535506,101.269,0,0,345.381,75.6623,91.0823
4.26251,2.03675,-0.470412,0.528458,101.269,0,0,346.62,75.8536,90.9418
4.27501,2.04563,-0.471318,0.523313,101.269,0,0,347.858,76.052,90.8071
4.28751,2.05359,-0.468087,0.520189,101.269,0,0,349.096,76.2522,90.6783
4.30001,2.0606,-0.460772,0.519148,101.269,0,0,350.335,76.4484,90.556
4.31251,2.06669,-0.449476,0.520187,101.269,0,0,351.577,76.6353,90.4403
4.32501,2.07192,-0.434351,0.523251,101.269,0,0,352.821,76.8073,90.3316
4.33751,2.07642,-0.415599,0.528229,101.269,0,0,354.069,76.9592,90.2301
4.35001,2.08031,-0.393465,0.534967,101.269,0,0,355.319,77.0862,90.1361
4.3625,2.08377,-0.368237,0.543279,101.269,0,0,356.573,77.1836,90.0496
4.375,2.08696,-0.340244,0.552954,101.269,0,0,357.83,77.2472,89.9709
4.3875,2.09005,-0.309851,0.563763,101.269,0,0,359.089,77.2734,89.9001
4.4,2.09321,-0.277455,0.575472,101.269,0,0,360.348,77.2589,89.8372
4.4125,2.09657,-0.24348,0.587841,101.269,0,0,361.606,77.2012,89.7822
4.425,2.10025,-0.208371,0.600633,101.269,0,0,362.862,77.0986,89.7353
4.4375,2.10434,-0.172588,0.61361,101.269,0,0,364.113,76.9499,89.6964
4.45,2.10889,-0.136595,0.626534,101.269,0,0,365.358,76.7547,89.6654
4.4625,2.11394,-0.10086,0.639171,101.269,0,0,366.596,76.5133,89.6423
4.475,2.11947,-0.0658365,0.651283,101.269,0,0,367.823,76.2268,89.627
4.4875,2.12546,-0.0319668,0.662632,101.269,0,0,369.04,75.897,89.6195
4.5,2.13184,0.000332225,0.672977,101.269,0,0,370.245,75.5261,89.6196
4.5125,2.13853,0.0306732,0.682074,101.269,0,0,371.438,75.1172,89.6273
4.525,2.14541,0.0587041,0.689684,101.269,0,0,372.618,74.6736,89.6424
4.5375,2.15237,0.084113,0.695567,101.269,0,0,373.786,74.1993,89.6649
4.55,2.15929,0.106632,0.699496,101.269,0,0,374.943,73.6983,89.6948
4.5625,2.16603,0.12604,0.701259,101.269,0,0,376.089,73.1752,89.732
4.575,2.1725,0.142163,0.700665,101.269,0,0,377.227,72.6347,89.7766
4.5875,2.17858,0.154878,0.697555,101.269,0,0,378.359,72.0815,89.8285
4.6,2.18421,0.164108,0.691806,101.269,0,0,379.487,71.5205,89.8879
4.6125,2.18934,0.169828,0.683337,101.269,0,0,380.613,70.9568,89.9549
4.625,2.19397,0.17206,0.672115,101.269,0,0,381.739,70.3954,90.0297
4.6375,2.19813,0.170874,0.658154,101.269,0,0,382.868,69.8411,90.1126
4.65,2.20188,0.166386,0.641515,101.269,0,0,384.003,69.2989,90.2038
4.6625,2.20531,0.158759,0.622307,101.269,0,0,385.145,68.7735,90.3037
4.675,2.20855,0.148201,0.600677,101.269,0,0,386.295,68.2695,90.4126
4.6875,2.21172,0.134963,0.576808,101.269,0,0,387.456,67.7914,90.5311
4.7,2.21498,0.119337,0.550914,101.269,0,0,388.627,67.3432,90.6594
4.7125,2.21847,0.101655,0.523231,101.269,0,0,389.81,66.9287,90.7982
4.725,2.22233,0.0822814,0.494012,101.269,0,0,391.004,66.5511,90.948
4.7375,2.22669,0.0616093,0.463526,101.269,0,0,392.207,66.2132,91.1092
4.75,2.23163,0.0400557,0.432053,101.269,0,0,393.421,65.9173,91.2823
4.7625,2.23724,0.0180528,0.399882,101.269,0,0,394.642,65.665,91.468
4.775,2.24356,-0.00395948,0.367311,101.269,0,0,395.87,65.4572,91.6666
4.7875,2.25059,-0.0255419,0.334647,101.269,0,0,397.102,65.294,91.8787
4.8,2.2583,-0.0462644,0.302205,101.269,0,0,398.336,65.175,92.1047
4.8125,2.26663,-0.0657144,0.270308,101.269,0,0,399.572,65.0989,92.3449
4.825,2.27549,-0.0835051,0.239285,101.269,0,0,400.806,65.0637,92.5999
4.8375,2.28476,-0.0992817,0.209469,101.269,0,0,402.037,65.0668,92.8698
4.85,2.2943,-0.112728,0.181193,101.269,0,0,403.265,65.105,93.1549
4.8625,2.30396,-0.123571,0.15478,101.269,0,0,404.487,65.1746,93.4555
4.875,2.3136,-0.131582,0.130539,101.269,0,0,405.704,65.2712,93.7717
4.8875,2.32306,-0.136582,0.108757,101.269,0,0,406.915,65.3902,94.1038
4.9,2.33222,-0.138438,0.0896869,101.269,0,0,408.119,65.5268,94.4517
4.9125,2.34099,-0.137064,0.073543,101.269,0,0,409.317,65.6757,94.8155
4.925,2.34929,-0.132421,0.0604927,101.269,0,0,410.509,65.8317,95.1952
4.9375,2.3571,-0.124513,0.0506515,101.269,0,0,411.696,65.9893,95.5908
4.95,2.36443,-0.113387,0.0440809,101.269,0,0,412.877,66.1431,96.0023
4.9625,2.37133,-0.0991296,0.040788,101.269,0,0,414.055,66.2878,96.4294
4.975,2.37789,-0.0818669,0.0407275,101.269,0,0,415.228,66.4182,96.8722
4.9875,2.38422,-0.0617631,0.0438052,101.269,0,0,416.398,66.5291,97.3303
5,2.39046,-0.0390187,0.0498838,101.269,0,0,417.563,66.6159,97.8036
5.0125,2.39677,-0.0138695,0.058788,101.269,0,0,418.724,66.6742,98.2918
5.02499,2.40332,0.0134158,0.0703106,101.269,0,0,419.88,66.6999,98.7946
5.03749,2.41026,0.042538,0.0842174,101.269,0,0,421.03,66.6896,99.3117
5.04999,2.41773,0.0731708,0.100251,101.269,0,0,422.172,66.6401,99.8426
5.06249,2.42587,0.104966,0.118136,101.269,0,0,423.306,66.5491,100.387
5.07499,2.43477,0.137559,0.137574,101.269,0,0,424.429,66.4148,100.944
5.08749,2.44449,0.170575,0.158254,101.269,0,0,425.539,66.2362,101.514
5.09999,2.45505,0.203637,0.179841,101.269,0,0,426.635,66.0127,102.096
5.11249,2.46643,0.236373,0.201981,101.269,0,0,427.715,65.7446,102.688
5.12499,2.47855,0.268428,0.224298,101.269,0,0,428.777,65.4328,103.292
5.13749,2.49129,0.299464,0.246394,101.269,0,0,429.82,65.0787,103.906
5.14999,2.50446,0.329176,0.267849,101.269,0,0,430.842,64.6845,104.529
5.16249,2.51787,0.357291,0.288223,101.269,0,0,431.844,64.2526,105.161
5.17499,2.53123,0.383576,0.307065,101.269,0,0,432.825,63.7859,105.802
5.18749,2.54427,0.407839,0.323916,101.269,0,0,433.785,63.2878,106.45
5.19999,2.55667,0.429928,0.338327,101.269,0,0,434.724,62.7617,107.105
5.21249,2.56813,0.44973,0.349862,101.269,0,0,435.646,62.2114,107.767
5.22499,2.57833,0.467168,0.358123,101.269,0,0,436.55,61.6406,108.436
5.23749,2.58698,0.482192,0.362757,101.269,0,0,437.439,61.0532,109.109
5.24999,2.59386,0.494776,0.363476,101.269,0,0,438.315,60.4532,109.789
5.26249,2.59877,0.504914,0.360065,101.269,0,0,439.182,59.8445,110.473
5.27499,2.60158,0.512609,0.3524,101.269,0,0,440.041,59.2308,111.162
5.28749,2.60223,0.517877,0.340445,101.269,0,0,440.896,58.616,111.856
5.29999,2.60074,0.52074,0.324267,101.269,0,0,441.749,58.0039,112.553
5.31249,2.59721,0.521232,0.304025,101.269,0,0,442.604,57.398,113.255
5.32499,2.59179,0.519397,0.279974,101.269,0,0,443.461,56.8019,113.962
5.33749,2.58472,0.515301,0.25245,101.269,0,0,444.325,56.2189,114.672
5.34999,2.57627,0.509029,0.22186,101.269,0,0,445.196,55.6523,115.386
5.36249,2.56676,0.500698,0.188667,101.269,0,0,446.076,55.1051,116.104
5.37499,2.55652,0.490458,0.153374,101.269,0,0,446.966,54.5799,116.826
5.38749,2.54589,0.478496,0.116507,101.269,0,0,447.867,54.0793,117.553
5.39999,2.5352,0.46504,0.0785996,101.269,0,0,448.778,53.6054,118.283
5.41249,2.52477,0.450352,0.0401787,101.269,0,0,449.701,53.1597,119.018
5.42499,2.51485,0.434732,0.00175355,101.269,0,0,450.634,52.7436,119.757
5.43749,2.5057,0.418503,-0.0361919,101.269,0,0,451.576,52.3578,120.501
5.44999,2.49748,0.402014,-0.0732044,101.269,0,0,452.527,52.0023,121.248
5.46249,2.49034,0.385621,-0.108864,101.269,0,0,453.485,51.677,122
5.47499,2.48437,0.369685,-0.142783,101.269,0,0,454.449,51.3809,122.757
5.48749,2.47964,0.354561,-0.17461,101.269,0,0,455.418,51.1124,123.518
5.49999,2.47617,0.340586,-0.204023,101.269,0,0,456.391,50.8696,124.283
5.51249,2.47395,0.328073,-0.23073,101.269,0,0,457.365,50.6501,125.052
5.52499,2.47297,0.317307,-0.254471,101.269,0,0,458.341,50.4508,125.826
5.53749,2.47319,0.30853,-0.275014,101.269,0,0,459.316,50.2685,126.603
5.54999,2.47459,0.301947,-0.292158,101.269,0,0,460.291,50.0996,127.385
5.56249,2.47712,0.297713,-0.305731,101.269,0,0,461.265,49.9399,128.169
5.57499,2.48079,0.295937,-0.315594,101.269,0,0,462.237,49.7856,128.958
5.58749,2.48557,0.296675,-0.321639,101.269,0,0,463.206,49.6322,129.749
5.59999,2.49148,0.299932,-0.323794,101.269,0,0,464.173,49.4755,130.544
5.61249,2.49856,0.305663,-0.322019,101.269,0,0,465.136,49.311,131.34
5.62499,2.50684,0.313768,-0.316314,101.269,0,0,466.095,49.1346,132.139
5.63749,2.5164,0.324102,-0.30671,101.269,0,0,467.05,48.9422,132.94
5.64999,2.5273,0.336469,-0.293278,101.269,0,0,467.999,48.7297,133.742
5.66249,2.53963,0.350631,-0.276125,101.269,0,0,468.942,48.4935,134.545
5.67498,2.55345,0.366309,-0.255396,101.269,0,0,469.877,48.2304,135.349
5.68748,2.56882,0.38319,-0.231279,101.269,0,0,470.804,47.9374,136.153
5.69998,2.58579,0.400935,-0.204002,101.269,0,0,471.72,47.612,136.956
5.71248,2.60436,0.419184,-0.173843,101.269,0,0,472.623,47.2522,137.758
5.72498,2.6245,0.437572,-0.141128,101.269,0,0,473.513,46.8567,138.558
5.73748,2.64612,0.455732,-0.106238,101.269,0,0,474.388,46.4244,139.357
5.74998,2.66908,0.473313,-0.0696105,101.269,0,0,475.246,45.955,140.153
5.76248,2.69317,0.48999,-0.0317406,101.269,0,0,476.085,45.4487,140.946
5.77498,2.71813,0.505475,0.00682293,101.269,0,0,476.905,44.9062,141.735
5.78748,2.74364,0.519527,0.0454833,101.269,0,0,477.704,44.3286,142.521
5.79998,2.76932,0.531957,0.0836066,101.269,0,0,478.483,43.7176,143.302
5.81248,2.79477,0.542638,0.120536,101.269,0,0,479.241,43.0751,144.078
5.82498,2.81956,0.5515,0.155613,101.269,0,0,479.979,42.4032,144.849
5.83748,2.84328,0.558529,0.188191,101.269,0,0,480.697,41.7046,145.614
5.84998,2.86551,0.563759,0.217664,101.269,0,0,481.398,40.9819,146.373
5.86248,2.88589,0.567264,0.24348,101.269,0,0,482.083,40.2377,147.126
5.87498,2.9041,0.569142,0.265158,101.269,0,0,482.754,39.4751,147.872
5.88748,2.91989,0.569509,0.282304,101.269,0,0,483.416,38.6967,148.611
5.89998,2.93307,0.56848,0.294615,101.269,0,0,484.07,37.9057,149.343
5.91248,2.94352,0.566165,0.301886,101.269,0,0,484.72,37.1048,150.068
5.92498,2.95121,0.562654,0.304011,101.269,0,0,485.371,36.2971,150.785
5.93748,2.95614,0.558019,0.300985,101.269,0,0,486.025,35.4854,151.494
5.94998,2.95843,0.552307,0.292896,101.269,0,0,486.687,34.6728,152.195
5.96248,2.9582,0.545543,0.279923,101.269,0,0,487.36,33.8623,152.888
5.97498,2.95568,0.537732,0.262332,101.269,0,0,488.047,33.057,153.573
5.98748,2.95111,0.528869,0.240463,101.269,0,0,488.753,32.2599,154.248
5.99998,2.94478,0.518942,0.214729,101.269,0,0,489.48,31.4742,154.915
6.01248,2.93702,0.507942,0.1856,101.269,0,0,490.23,30.7029,155.572
6.02498,2.92817,0.495873,0.153593,101.269,0,0,491.006,29.9492,156.22
6.03748,2.91858,0.482756,0.119264,101.269,0,0,491.809,29.2159,156.858
6.04998,2.9086,0.468638,0.0831892,101.269,0,0,492.64,28.5058,157.486
6.06248,2.89858,0.453597,0.0459589,101.269,0,0,493.5,27.8215,158.104
6.07498,2.88883,0.437738,0.00816092,101.269,0,0,494.388,27.165,158.712
6.08748,2.87964,0.421196,-0.0296272,101.269,0,0,495.305,26.5382,159.309
6.09998,2.87125,0.404135,-0.0668475,101.269,0,0,496.249,25.9424,159.895
6.11248,2.86388,0.386735,-0.102969,101.269,0,0,497.219,25.3783,160.47
6.12498,2.85768,0.369194,-0.137492,101.269,0,0,498.213,24.8461,161.034
6.13748,2.85278,0.351712,-0.169951,101.269,0,0,499.23,24.3454,161.586
6.14998,2.84924,0.33449,-0.199921,101.269,0,0,500.267,23.875,162.126
6.16248,2.8471,0.317719,-0.227014,101.269,0,0,501.323,23.4334,162.655
6.17498,2.84637,0.301571,-0.250881,101.269,0,0,502.395,23.018,163.172
6.18748,2.84702,0.286197,-0.271218,101.269,0,0,503.483,22.6262,163.676
6.19998,2.84901,0.271718,-0.287762,101.269,0,0,504.582,22.2543,164.168
6.21248,2.85226,0.258227,-0.300296,101.269,0,0,505.693,21.8985,164.647
6.22498,2.85672,0.24578,-0.308649,101.269,0,0,506.813,21.5545,165.113
6.23748,2.8623,0.234401,-0.3127,101.269,0,0,507.94,21.2178,165.566
6.24998,2.86892,0.22408,-0.312379,101.269,0,0,509.074,20.8835,166.005
6.26248,2.87648,0.214775,-0.30767,101.269,0,0,510.212,20.5467,166.431
6.27498,2.88492,0.206416,-0.298613,101.269,0,0,511.353,20.2024,166.843
6.28748,2.89414,0.198906,-0.285301,101.269,0,0,512.495,19.8457,167.241
6.29998,2.90406,0.192125,-0.26789,101.269,0,0,513.636,19.4716,167.624
6.31248,2.91461,0.18594,-0.246587,101.269,0,0,514.775,19.0758,167.992
6.32498,2.92569,0.180204,-0.221657,101.269,0,0,515.91,18.654,168.345
6.33747,2.93722,0.174762,-0.193418,101.269,0,0,517.037,18.2023,168.683
6.34997,2.9491,0.16946,-0.162238,101.269,0,0,518.155,17.7174,169.006
6.36247,2.96124,0.16415,-0.128528,101.269,0,0,519.262,17.1967,169.312
6.37497,2.97354,0.158689,-0.0927415,101.269,0,0,520.354,16.638,169.603
6.38747,2.98588,0.152952,-0.0553639,101.269,0,0,521.43,16.0397,169.877
6.39997,2.99817,0.146829,-0.0169069,101.269,0,0,522.486,15.4012,170.134
6.41247,3.0103,0.140233,0.0220997,101.269,0,0,523.521,14.7224,170.375
6.42497,3.02216,0.133095,0.061116,101.269,0,0,524.532,14.0037,170.599
6.43747,3.03367,0.125374,0.0996011,101.269,0,0,525.518,13.2463,170.807
6.44997,3.04474,0.117046,0.137021,101.269,0,0,526.479,12.452,170.998
6.46247,3.05532,0.108111,0.172858,101.269,0,0,527.412,11.6229,171.171
6.47497,3.06535,0.0985862,0.206618,101.269,0,0,528.32,10.7617,171.329
6.48747,3.07481,0.0885028,0.237836,101.269,0,0,529.201,9.87136,171.469
6.49997,3.08371,0.0779054,0.266085,101.269,0,0,530.058,8.95501,171.593
6.51247,3.09206,0.0668471,0.290981,101.269,0,0,530.893,8.01603,171.7
6.52497,3.0999,0.055387,0.312186,101.269,0,0,531.707,7.05789,171.791
6.53747,3.1073,0.0435879,0.329416,101.269,0,0,532.505,6.08413,171.866
6.54997,3.11434,0.0315146,0.342439,101.269,0,0,533.289,5.09831,171.924
6.56247,3.12111,0.0192325,0.351082,101.269,0,0,534.063,4.10396,171.966
6.57497,3.12771,0.00680746,0.355232,101.269,0,0,534.831,3.10465,171.992
6.58747,3.13426,-0.00569467,0.354833,101.269,0,0,535.598,2.10392,172.002
6.59997,3.14087,-0.0182075,0.349893,101.269,0,0,536.368,1.1053,171.995
6.61247,3.14765,-0.0306638,0.340479,101.269,0,0,537.144,0.11234,171.973
6.62497,3.15471,-0.0429955,0.326719,101.269,0,0,537.932,-0.871408,171.934
6.63747,3.16214,-0.0551335,0.308799,101.269,0,0,538.734,-1.84238,171.879
6.64997,3.17002,-0.0670083,0.28696,101.269,0,0,539.555,-2.797,171.807
6.66247,3.17842,-0.0785515,0.2615,101.269,0,0,540.396,-3.73176,171.72
6.67497,3.18738,-0.0896973,0.232765,101.269,0,0,541.261,-4.64317,171.615
6.68747,3.19693,-0.100385,0.201146,101.269,0,0,542.151,-5.52791,171.494
6.69997,3.20707,-0.110563,0.167079,101.269,0,0,543.068,-6.38281,171.356
6.71247,3.21776,-0.12019,0.131032,101.269,0,0,544.011,-7.20498,171.201
6.72497,3.22898,-0.129241,0.0935063,101.269,0,0,544.981,-7.99188,171.03
6.73747,3.24065,-0.137708,0.0550216,101.269,0,0,545.977,-8.7414,170.841
6.74997,3.25269,-0.145605,0.0161142,101.269,0,0,546.998,-9.45192,170.636
6.76247,3.265,-0.152966,-0.0226738,101.269,0,0,548.042,-10.1224,170.414
6.77497,3.27749,-0.15985,-0.0608028,101.269,0,0,549.108,-10.7525,170.176
6.78747,3.29003,-0.166338,-0.0977439,101.269,0,0,550.193,-11.3424,169.921
6.79997,3.30252,-0.172531,-0.132988,101.269,0,0,551.294,-11.8931,169.649
6.81247,3.31484,-0.178551,-0.166051,101.269,0,0,552.409,-12.4062,169.362
6.82497,3.32688,-0.184532,-0.196487,101.269,0,0,553.536,-12.8839,169.058
6.83747,3.33853,-0.190617,-0.223888,101.269,0,0,554.671,-13.3293,168.739
6.84997,3.34969,-0.196955,-0.247892,101.269,0,0,555.813,-13.7457,168.404
6.86247,3.36028,-0.203695,-0.26819,101.269,0,0,556.96,-14.137,168.055
6.87497,3.37018,-0.210977,-0.284525,101.269,0,0,558.108,-14.5076,167.691
6.88747,3.37932,-0.218932,-0.296696,101.269,0,0,559.258,-14.8621,167.312
6.89997,3.3876,-0.227671,-0.30456,101.269,0,0,560.405,-15.2055,166.919
6.91247,3.39494,-0.237284,-0.30803,101.269,0,0,561.55,-15.5426,166.512
6.92497,3.40125,-0.247837,-0.307078,101.269,0,0,562.69,-15.8786,166.091
6.93747,3.40645,-0.259363,-0.301731,101.269,0,0,563.824,-16.2183,165.657
6.94997,3.41046,-0.271866,-0.292067,101.269,0,0,564.95,-16.5666,165.209
6.96247,3.41319,-0.285316,-0.27822,101.269,0,0,566.067,-16.9281,164.749
6.97497,3.41459,-0.299649,-0.260372,101.269,0,0,567.172,-17.3069,164.276
6.98746,3.41459,-0.31477,-0.238753,101.269,0,0,568.265,-17.707,163.79
6.99996,3.41317,-0.330552,-0.213637,101.269,0,0,569.343,-18.1315,163.292
7.01246,3.41031,-0.346844,-0.185345,101.269,0,0,570.403,-18.5834,162.782
7.02496,3.40604,-0.363475,-0.154239,101.269,0,0,571.445,-19.0649,162.26
7.03746,3.4004,-0.380259,-0.120724,101.269,0,0,572.466,-19.5775,161.726
7.04996,3.3935,-0.397004,-0.0852418,101.269,0,0,573.464,-20.1222,161.18
7.06246,3.38547,-0.413518,-0.0482757,101.269,0,0,574.436,-20.6992,160.624
7.07496,3.37649,-0.42962,-0.0103417,101.269,0,0,575.383,-21.3084,160.056
7.08746,3.36679,-0.445145,0.0280132,101.269,0,0,576.302,-21.9487,159.477
7.09996,3.35662,-0.459952,0.066218,101.269,0,0,577.192,-22.6188,158.887
7.11246,3.3463,-0.473925,0.103685,101.269,0,0,578.054,-23.3168,158.287
7.12496,3.33615,-0.486981,0.13982,101.269,0,0,578.887,-24.0403,157.677
7.13746,3.3265,-0.499066,0.174032,101.269,0,0,579.692,-24.7868,157.057
7.14996,3.31771,-0.510153,0.205747,101.269,0,0,580.47,-25.5535,156.427
7.16246,3.31013,-0.520239,0.23442,101.269,0,0,581.222,-26.3373,155.787
7.17496,3.30408,-0.529335,0.259545,101.269,0,0,581.952,-27.1352,155.139
7.18746,3.29989,-0.537463,0.280668,101.269,0,0,582.661,-27.944,154.481
7.19996,3.29782,-0.544642,0.297397,101.269,0,0,583.353,-28.7606,153.814
7.21246,3.29811,-0.550884,0.309412,101.269,0,0,584.03,-29.5819,153.139
7.22496,3.30095,-0.556183,0.316469,101.269,0,0,584.698,-30.4047,152.456
7.23746,3.30646,-0.560513,0.318411,101.269,0,0,585.359,-31.2261,151.764
7.24996,3.31474,-0.563823,0.315171,101.269,0,0,586.017,-32.0429,151.064
7.26246,3.32578,-0.566035,0.306773,101.269,0,0,586.676,-32.8523,150.357
7.27496,3.33953,-0.567052,0.293342,101.269,0,0,587.34,-33.6512,149.643
7.28746,3.35588,-0.566756,0.275099,101.269,0,0,588.012,-34.4367,148.921
7.29996,3.37462,-0.565025,0.25236,101.269,0,0,588.695,-35.2059,148.192
7.31246,3.39549,-0.561738,0.225534,101.269,0,0,589.392,-35.9558,147.456
7.32496,3.41818,-0.556787,0.195111,101.269,0,0,590.106,-36.6835,146.715
7.33746,3.44231,-0.550095,0.161653,101.269,0,0,590.839,-37.3863,145.967
7.34996,3.46749,-0.541624,0.125776,101.269,0,0,591.591,-38.0615,145.213
7.36246,3.49328,-0.531382,0.08813,101.269,0,0,592.364,-38.7067,144.454
7.37496,3.51926,-0.519438,0.0493813,101.269,0,0,593.158,-39.3196,143.691
7.38746,3.54503,-0.505917,0.0101906,101.269,0,0,593.974,-39.8984,142.923
7.39996,3.57023,-0.491004,-0.0288042,101.269,0,0,594.81,-40.4415,142.151
7.41246,3.59452,-0.474937,-0.0670034,101.269,0,0,595.665,-40.9479,141.375
7.42496,3.61764,-0.458003,-0.103856,101.269,0,0,596.539,-41.417,140.597
7.43746,3.63939,-0.440522,-0.138866,101.269,0,0,597.43,-41.8487,139.816
7.44996,3.65963,-0.422842,-0.171595,101.269,0,0,598.336,-42.2435,139.033
7.46246,3.67828,-0.405322,-0.201663,101.269,0,0,599.255,-42.6025,138.249
7.47496,3.69529,-0.388322,-0.228743,101.269,0,0,600.187,-42.9272,137.464
7.48746,3.71068,-0.372194,-0.252562,101.269,0,0,601.128,-43.2199,136.678
7.49996,3.72448,-0.357269,-0.272892,101.269,0,0,602.079,-43.4831,135.893
7.51246,3.73675,-0.343851,-0.289552,101.269,0,0,603.037,-43.7199,135.108
7.52496,3.74755,-0.332207,-0.3024,101.269,0,0,604.001,-43.9338,134.324
7.53746,3.75697,-0.322567,-0.311336,101.269,0,0,604.97,-44.1285,133.541
7.54996,3.76508,-0.315113,-0.316295,101.269,0,0,605.944,-44.308,132.761
7.56246,3.77192,-0.309982,-0.317252,101.269,0,0,606.921,-44.4767,131.983
7.57496,3.77754,-0.307259,-0.314218,101.269,0,0,607.902,-44.6387,131.207
7.58746,3.78198,-0.306979,-0.307239,101.269,0,0,608.886,-44.7986,130.434
7.59996,3.78524,-0.309124,-0.296397,101.269,0,0,609.871,-44.9607,129.665
7.61246,3.78731,-0.313629,-0.281808,101.269,0,0,610.858,-45.1293,128.899
7.62496,3.78819,-0.320373,-0.263622,101.269,0,0,611.846,-45.3086,128.136
7.63745,3.78784,-0.329192,-0.242019,101.269,0,0,612.835,-45.5024,127.378
7.64995,3.78625,-0.339875,-0.217214,101.269,0,0,613.822,-45.7145,126.623
7.66245,3.78337,-0.35217,-0.189451,101.269,0,0,614.808,-45.948,125.873
7.67495,3.77922,-0.365793,-0.159003,101.269,0,0,615.792,-46.2058,125.127
7.68745,3.7738,-0.380427,-0.126178,101.269,0,0,616.771,-46.4903,124.385
7.69995,3.76715,-0.395736,-0.0913137,101.269,0,0,617.744,-46.8035,123.648
7.71245,3.75935,-0.411373,-0.0547835,101.269,0,0,618.711,-47.1465,122.915
7.72495,3.75051,-0.426986,-0.0169939,101.269,0,0,619.67,-47.5203,122.187
7.73745,3.7408,-0.442228,0.0216141,101.269,0,0,620.619,-47.925,121.462
7.74995,3.73042,-0.456769,0.0605663,101.269,0,0,621.558,-48.3602,120.742
7.76245,3.71962,-0.470302,0.0993594,101.269,0,0,622.486,-48.8252,120.027
7.77495,3.70868,-0.482551,0.137468,101.269,0,0,623.403,-49.3185,119.315
7.78745,3.69793,-0.493274,0.174351,101.269,0,0,624.308,-49.8384,118.608
7.79995,3.68771,-0.502267,0.209471,101.269,0,0,625.202,-50.3826,117.905
7.81245,3.67834,-0.509365,0.242298,101.269,0,0,626.085,-50.9485,117.205
7.82495,3.67017,-0.514438,0.272336,101.269,0,0,626.959,-51.5334,116.51
7.83745,3.66349,-0.517388,0.299133,101.269,0,0,627.826,-52.1342,115.819
7.84995,3.65857,-0.518143,0.322299,101.269,0,0,628.687,-52.7475,115.131
7.86245,3.6556,-0.516651,0.341519,101.269,0,0,629.544,-53.3699,114.448
7.87495,3.65474,-0.512875,0.356563,101.269,0,0,630.401,-53.9979,113.769
7.88745,3.65604,-0.506785,0.367297,101.269,0,0,631.26,-54.6278,113.094
7.89995,3.65951,-0.498363,0.373682,101.269,0,0,632.124,-55.2558,112.424
7.91245,3.66506,-0.487593,0.375776,101.269,0,0,632.995,-55.8781,111.758
7.92495,3.67254,-0.47447,0.373729,101.269,0,0,633.877,-56.4908,111.098
7.93745,3.68177,-0.459,0.367773,101.269,0,0,634.772,-57.09,110.443
7.94995,3.69247,-0.441207,0.358216,101.269,0,0,635.683,-57.6718,109.793
7.96245,3.70436,-0.421139,0.345423,101.269,0,0,636.611,-58.2323,109.15
7.97495,3.71712,-0.398872,0.329806,101.269,0,0,637.559,-58.7677,108.513
7.98745,3.73046,-0.374518,0.311806,101.269,0,0,638.527,-59.2744,107.884
7.99995,3.74404,-0.348229,0.291883,101.269,0,0,639.516,-59.7487,107.262
8.01245,3.7576,-0.320196,0.270498,101.269,0,0,640.526,-60.1876,106.649
8.02495,3.77088,-0.290651,0.248109,101.269,0,0,641.558,-60.5882,106.045
8.03745,3.78366,-0.259865,0.225157,101.269,0,0,642.61,-60.948,105.45
8.04995,3.79579,-0.228142,0.202065,101.269,0,0,643.681,-61.2651,104.866
8.06245,3.80714,-0.195814,0.179236,101.269,0,0,644.77,-61.5381,104.293
8.07495,3.81765,-0.163233,0.157048,101.269,0,0,645.875,-61.7663,103.73
8.08745,3.8273,-0.130764,0.135859,101.269,0,0,646.995,-61.9497,103.18
8.09995,3.83612,-0.0987772,0.116005,101.269,0,0,648.127,-62.0887,102.643
8.11245,3.84418,-0.0676371,0.0978037,101.269,0,0,649.269,-62.1847,102.118
8.12495,3.85159,-0.0376987,0.0815533,101.269,0,0,650.42,-62.2396,101.607
8.13745,3.85846,-0.00929938,0.0675325,101.269,0,0,651.579,-62.2559,101.11
8.14995,3.86497,0.0172465,0.055999,101.269,0,0,652.743,-62.2369,100.627
8.16245,3.87126,0.0416517,0.0471865,101.269,0,0,653.913,-62.1861,100.159
8.17495,3.8775,0.0636596,0.0412997,101.269,0,0,655.087,-62.1078,99.7061
8.18745,3.88384,0.0830463,0.0385099,101.269,0,0,656.265,-62.0064,99.2682
8.19995,3.89043,0.0996228,0.0389486,101.269,0,0,657.447,-61.8868,98.8457
8.21245,3.89738,0.113236,0.0427022,101.269,0,0,658.633,-61.7541,98.4389
8.22495,3.90477,0.12377,0.0498067,101.269,0,0,659.823,-61.6136,98.0478
8.23745,3.91265,0.131146,0.0602449,101.269,0,0,661.018,-61.4708,97.6725
8.24995,3.92101,0.135327,0.0739438,101.269,0,0,662.219,-61.331,97.3131
8.26245,3.92984,0.136316,0.0907762,101.269,0,0,663.425,-61.1996,96.9697
8.27495,3.93906,0.13416,0.110563,101.269,0,0,664.637,-61.0821,96.6421
8.28745,3.94856,0.128949,0.133079,101.269,0,0,665.854,-60.9835,96.3304
8.29994,3.95822,0.120822,0.158058,101.269,0,0,667.078,-60.9087,96.0343
8.31244,3.9679,0.109963,0.185204,101.269,0,0,668.306,-60.8622,95.7539
8.32494,3.97744,0.0966032,0.214197,101.269,0,0,669.539,-60.8483,95.4888
8.33744,3.98669,0.0810182,0.244704,101.269,0,0,670.774,-60.8704,95.2388
8.34994,3.99553,0.0635251,0.276382,101.269,0,0,672.011,-60.9318,95.0037
8.36244,4.00383,0.0444783,0.308891,101.269,0,0,673.248,-61.0347,94.783
8.37494,4.01151,0.0242628,0.34189,101.269,0,0,674.483,-61.1811,94.5764
8.38744,4.01851,0.00328759,0.375047,101.269,0,0,675.715,-61.372,94.3836
8.39994,4.02482,-0.0180223,0.408039,101.269,0,0,676.94,-61.6076,94.2039
8.41244,4.03043,-0.0392343,0.44055,101.269,0,0,678.158,-61.8876,94.037
8.42494,4.0354,-0.0599167,0.472272,101.269,0,0,679.367,-62.211,93.8823
8.43744,4.03981,-0.079647,0.502911,101.269,0,0,680.565,-62.5758,93.7393
8.44994,4.04376,-0.0980194,0.532179,101.269,0,0,681.752,-62.9797,93.6075
8.46244,4.04737,-0.114652,0.559805,101.269,0,0,682.927,-63.4198,93.4863
8.47494,4.05078,-0.129192,0.585531,101.269,0,0,684.091,-63.8926,93.3753
8.48744,4.05414,-0.141323,0.609121,101.269,0,0,685.243,-64.3944,93.274
8.49994,4.05759,-0.150763,0.630366,101.269,0,0,686.385,-64.921,93.1818
8.51244,4.06126,-0.157274,0.649088,101.269,0,0,687.518,-65.4678,93.0985
8.52494,4.06526,-0.160662,0.665145,101.269,0,0,688.644,-66.0304,93.0235
8.53744,4.06968,-0.160773,0.67844,101.269,0,0,689.765,-66.6039,92.9566
8.54994,4.07456,-0.157504,0.688922,101.269,0,0,690.883,-67.1835,92.8975
8.56244,4.07992,-0.150794,0.696588,101.269,0,0,692.001,-67.7642,92.846
8.57494,4.08575,-0.140631,0.701485,101.269,0,0,693.121,-68.3411,92.8018
8.58744,4.092,-0.127051,0.703704,101.269,0,0,694.246,-68.9092,92.7649
8.59994,4.09858,-0.110137,0.703379,101.269,0,0,695.378,-69.4637,92.7352
8.61244,4.10539,-0.0900224,0.700678,101.269,0,0,696.519,-69.9998,92.7126
8.62494,4.11231,-0.0668882,0.6958,101.269,0,0,697.67,-70.5129,92.6972
8.63744,4.11922,-0.0409627,0.688965,101.269,0,0,698.834,-70.9987,92.6889
8.64994,4.126,-0.0125204,0.680405,101.269,0,0,700.01,-71.453,92.6878
8.66244,4.13251,0.0181214,0.670365,101.269,0,0,701.199,-71.8721,92.6941
8.67494,4.13867,0.0506064,0.65909,101.269,0,0,702.401,-72.2526,92.7077
8.68744,4.14438,0.0845441,0.646827,101.269,0,0,703.615,-72.5918,92.7289
8.69994,4.1496,0.119516,0.633823,101.269,0,0,704.84,-72.8875,92.7576
8.71244,4.1543,0.155081,0.620322,101.269,0,0,706.075,-73.1379,92.7941
8.72494,4.15848,0.190786,0.606569,101.269,0,0,707.319,-73.3423,92.8382
8.73744,4.16217,0.22617,0.592808,101.269,0,0,708.568,-73.5004,92.8902
8.74994,4.16546,0.260772,0.579285,101.269,0,0,709.823,-73.6127,92.95
8.76244,4.16843,0.294142,0.566248,101.269,0,0,711.08,-73.6806,93.0177
8.77494,4.17123,0.325845,0.553949,101.269,0,0,712.338,-73.706,93.0932
8.78744,4.17399,0.355467,0.542637,101.269,0,0,713.596,-73.6915,93.1765
8.79994,4.1769,0.382625,0.53256,101.269,0,0,714.853,-73.6404,93.2675
8.81244,4.18014,0.406967,0.523956,101.269,0,0,716.107,-73.5566,93.366
8.82494,4.18388,0.428178,0.517045,101.269,0,0,717.358,-73.4443,93.472
8.83744,4.1883,0.445984,0.51202,101.269,0,0,718.606,-73.3082,93.5853
8.84994,4.19354,0.460155,0.509037,101.269,0,0,719.852,-73.1533,93.7055
8.86244,4.19972,0.470502,0.508204,101.269,0,0,721.095,-72.9849,93.8326
8.87494,4.20689,0.476886,0.509574,101.269,0,0,722.336,-72.8084,93.9661
8.88744,4.21507,0.479215,0.513137,101.269,0,0,723.576,-72.6294,94.1059
8.89994,4.22424,0.477447,0.51882,101.269,0,0,724.816,-72.4535,94.2514
8.91244,4.23429,0.471592,0.52649,101.269,0,0,726.057,-72.2862,94.4024
8.92494,4.24509,0.461714,0.535961,101.269,0,0,727.299,-72.1329,94.5583
8.93744,4.25649,0.447933,0.547002,101.269,0,0,728.542,-71.999,94.7188
8.94993,4.26829,0.430423,0.559355,101.269,0,0,729.787,-71.8894,94.8834
8.96243,4.2803,0.409416,0.572742,101.269,0,0,731.034,-71.8088,95.0514
8.97493,4.29231,0.385197,0.586883,101.269,0,0,732.283,-71.7617,95.2224
8.98743,4.30417,0.358101,0.601505,101.269,0,0,733.531,-71.7517,95.3957
8.99993,4.31572,0.328511,0.61635,101.269,0,0,734.78,-71.7823,95.5707
9.01243,4.32682,0.296851,0.631179,101.269,0,0,736.026,-71.856,95.7468
9.02493,4.33741,0.263578,0.645778,101.269,0,0,737.268,-71.975,95.9232
9.03743,4.34741,0.229178,0.659955,101.269,0,0,738.506,-72.1406,96.0994
9.04993,4.35682,0.194154,0.673539,101.269,0,0,739.736,-72.3533,96.2747
9.06243,4.36562,0.159021,0.68638,101.269,0,0,740.958,-72.6131,96.4483
9.07493,4.37385,0.124293,0.698341,101.269,0,0,742.169,-72.919,96.6196
9.08743,4.38158,0.0904826,0.709303,101.269,0,0,743.368,-73.2697,96.788
9.09993,4.38885,0.0580849,0.719153,101.269,0,0,744.554,-73.6629,96.9528
9.11243,4.39577,0.0275751,0.727794,101.269,0,0,745.728,-74.0958,97.1134
9.12493,4.40242,-0.000600152,0.735134,101.269,0,0,746.887,-74.5652,97.2692
9.13743,4.40888,-0.0260289,0.741095,101.269,0,0,748.034,-75.0675,97.4198
9.14993,4.41526,-0.0483396,0.74561,101.269,0,0,749.168,-75.5985,97.5645
9.16243,4.42163,-0.0672056,0.748628,101.269,0,0,750.292,-76.154,97.7029
9.17493,4.42807,-0.0823502,0.750114,101.269,0,0,751.406,-76.7293,97.8345
9.18743,4.43462,-0.0935501,0.750055,101.269,0,0,752.513,-77.3197,97.959
9.19993,4.44132,-0.100638,0.748458,101.269,0,0,753.615,-77.9204,98.0759
9.21243,4.44819,-0.103506,0.745355,101.269,0,0,754.716,-78.5264,98.1849
9.22493,4.4552,-0.102106,0.740796,101.269,0,0,755.816,-79.1329,98.2856
9.23743,4.46233,-0.0964514,0.734858,101.269,0,0,756.92,-79.7347,98.3778
9.24993,4.46954,-0.0866178,0.727631,101.269,0,0,758.03,-80.3269,98.4612
9.26243,4.47676,-0.0727418,0.719221,101.269,0,0,759.149,-80.9048,98.5355
9.27493,4.48391,-0.0550198,0.709742,101.269,0,0,760.277,-81.4635,98.6004
9.28743,4.49092,-0.0337057,0.699314,101.269,0,0,761.417,-81.9984,98.6558
9.29993,4.49771,-0.00910755,0.688054,101.269,0,0,762.571,-82.5052,98.7015
9.31243,4.5042,0.0184166,0.676078,101.269,0,0,763.738,-82.9798,98.7372
9.32493,4.51032,0.0484638,0.663493,101.269,0,0,764.92,-83.4185,98.7627
9.33743,4.51602,0.0805921,0.650397,101.269,0,0,766.116,-83.8181,98.778
9.34993,4.52125,0.114327,0.636881,101.269,0,0,767.325,-84.1756,98.7829
9.36243,4.52598,0.149168,0.623023,101.269,0,0,768.546,-84.4891,98.7774
9.37493,4.53018,0.184599,0.608896,101.269,0,0,769.778,-84.757,98.7612
9.38743,4.53384,0.220091,0.594565,101.269,0,0,771.019,-84.9784,98.7343
9.39993,4.53698,0.255114,0.580091,101.269,0,0,772.267,-85.1532,98.6968
9.41243,4.53961,0.289145,0.565533,101.269,0,0,773.52,-85.2821,98.6485
9.42493,4.54177,0.321674,0.550952,101.269,0,0,774.777,-85.3665,98.5894
9.43743,4.5435,0.352211,0.536409,101.269,0,0,776.035,-85.4084,98.5196
9.44993,4.54487,0.380298,0.521972,101.269,0,0,777.293,-85.4104,98.4389
9.46243,4.54596,0.405509,0.507709,101.269,0,0,778.55,-85.3761,98.3474
9.47493,4.54683,0.427462,0.493695,101.269,0,0,779.805,-85.3091,98.2451
9.48743,4.54758,0.445822,0.480006,101.269,0,0,781.057,-85.2139,98.1318
9.49993,4.54831,0.460304,0.466717,101.269,0,0,782.306,-85.0951,98.0076
9.51243,4.54909,0.470681,0.453899,101.269,0,0,783.552,-84.9578,97.8724
9.52493,4.55003,0.476785,0.441614,101.269,0,0,784.795,-84.8072,97.7261
9.53743,4.55119,0.478507,0.42991,101.269,0,0,786.036,-84.6486,97.5685
9.54993,4.55264,0.475804,0.418819,101.269,0,0,787.275,-84.4875,97.3994
9.56243,4.55442,0.468692,0.408352,101.269,0,0,788.513,-84.3294,97.2188
9.57493,4.55656,0.457252,0.3985,101.269,0,0,789.75,-84.1796,97.0262
9.58743,4.55907,0.441626,0.389233,101.269,0,0,790.987,-84.0435,96.8215
9.59993,4.56196,0.422014,0.380502,101.269,0,0,792.223,-83.926,96.6044
9.61242,4.56521,0.398673,0.37224,101.269,0,0,793.459,-83.8319,96.3745
9.62492,4.56879,0.371915,0.36437,101.269,0,0,794.695,-83.7655,96.1316
9.63742,4.57269,0.342097,0.356804,101.269,0,0,795.928,-83.7309,95.8752
9.64992,4.57688,0.309623,0.34945,101.269,0,0,797.16,-83.7314,95.605
9.66242,4.58134,0.274936,0.342215,101.269,0,0,798.388,-83.7699,95.3206
9.67492,4.58605,0.238507,0.335005,101.269,0,0,799.61,-83.8486,95.0217
9.68742,4.59101,0.200839,0.327731,101.269,0,0,800.825,-83.969,94.708
9.69992,4.59622,0.162448,0.320305,101.269,0,0,802.031,-84.1321,94.3791
9.71242,4.60167,0.123867,0.312651,101.269,0,0,803.227,-84.3379,94.0348
9.72492,4.60739,0.0856286,0.304694,101.269,0,0,804.409,-84.5858,93.6747
9.73742,4.61338,0.0482657,0.296373,101.269,0,0,805.577,-84.8745,93.2988
9.74992,4.61966,0.0122988,0.287633,101.269,0,0,806.73,-85.2022,92.9069
9.76242,4.62625,-0.0217692,0.278433,101.269,0,0,807.866,-85.5662,92.4987
9.77492,4.63316,-0.0534608,0.268744,101.269,0,0,808.985,-85.9636,92.0743
9.78742,4.6404,-0.0823304,0.258552,101.269,0,0,810.086,-86.3909,91.6335
9.79992,4.64797,-0.107971,0.24786,101.269,0,0,811.17,-86.8441,91.1763
9.81242,4.65584,-0.130021,0.236688,101.269,0,0,812.238,-87.3192,90.7027
9.82492,4.664,-0.148167,0.225073,101.269,0,0,813.29,-87.8117,90.2129
9.83742,4.67241,-0.162152,0.213072,101.269,0,0,814.328,-88.3172,89.7067
9.84992,4.681,-0.171778,0.200754,101.269,0,0,815.354,-88.831,89.1843
9.86242,4.68973,-0.176908,0.188205,101.269,0,0,816.37,-89.3485,88.6458
9.87492,4.69852,-0.17747,0.175517,101.269,0,0,817.378,-89.865,88.0913
9.88742,4.70729,-0.173458,0.162789,101.269,0,0,818.379,-90.376,87.5208
9.89992,4.71597,-0.16493,0.150117,101.269,0,0,819.377,-90.8768,86.9346
9.91242,4.7245,-0.15201,0.137595,101.269,0,0,820.372,-91.3631,86.3327
9.92492,4.7328,-0.134885,0.125303,101.269,0,0,821.367,-91.8305,85.7152
9.93742,4.74084,-0.113802,0.113311,101.269,0,0,822.363,-92.2751,85.0824
9.94992,4.74857,-0.0890629,0.101671,101.269,0,0,823.36,-92.693,84.4345
9.96242,4.75596,-0.0610223,0.0904214,101.269,0,0,824.36,-93.0806,83.7715
9.97492,4.763,-0.0300803,0.07958,101.269,0,0,825.363,-93.4348,83.0938
9.98742,4.76969,0.00332279,0.06915,101.269,0,0,826.367,-93.7528,82.4016
9.99992,4.77603,0.0387131,0.0591192,101.269,0,0,827.374,-94.0322,81.6952
10.0124,4.78202,0.0755899,0.0494617,101.269,0,0,828.38,-94.2712,80.975
10.0249,4.78769,0.113433,0.0401401,101.269,0,0,829.387,-94.4685,80.2411
10.0374,4.79304,0.15171,0.0311066,101.269,0,0,830.39,-94.6236,79.4941
10.0499,4.79809,0.189884,0.022305,101.269,0,0,831.39,-94.7361,78.7344
10.0624,4.80285,0.227421,0.0136724,101.269,0,0,832.384,-94.8068,77.9623
10.0749,4.80732,0.263798,0.00514036,101.269,0,0,833.371,-94.8366,77.1783
10.0874,4.8115,0.298507,-0.00336347,101.269,0,0,834.349,-94.8271,76.3829
10.0999,4.8154,0.33107,-0.0119135,101.269,0,0,835.318,-94.7806,75.5766
10.1124,4.819,0.361035,-0.0205841,101.269,0,0,836.275,-94.6996,74.7598
10.1249,4.8223,0.38799,-0.0294478,101.269,0,0,837.22,-94.5871,73.933
10.1374,4.82529,0.411568,-0.0385721,101.269,0,0,838.153,-94.4464,73.0967
10.1499,4.82797,0.431448,-0.048017,101.269,0,0,839.073,-94.2811,72.2512
10.1624,4.83033,0.447362,-0.057832,101.269,0,0,839.982,-94.0948,71.3971
10.1749,4.8324,0.4591,-0.0680536,101.269,0,0,840.879,-93.8915,70.5347
10.1874,4.83419,0.466511,-0.0787034,101.269,0,0,841.765,-93.6749,69.6644
10.1999,4.83573,0.469505,-0.089787,101.269,0,0,842.641,-93.4492,68.7865
10.2124,4.83707,0.468055,-0.101294,101.269,0,0,843.509,-93.2181,67.9012
10.2249,4.83827,0.462198,-0.1132,101.269,0,0,844.369,-92.9854,67.009
10.2374,4.8394,0.452034,-0.125467,101.269,0,0,845.222,-92.7548,66.1099
10.2499,4.84052,0.437724,-0.138051,101.269,0,0,846.07,-92.5299,65.2042
10.2624,4.84173,0.419491,-0.150897,101.269,0,0,846.913,-92.3139,64.292
10.2749,4.84308,0.397611,-0.163953,101.269,0,0,847.753,-92.1099,63.3735
10.2874,4.84466,0.372414,-0.177163,101.269,0,0,848.589,-91.9208,62.4488
10.2999,4.84654,0.344281,-0.190477,101.269,0,0,849.422,-91.7491,61.518
10.3124,4.84876,0.31363,-0.203844,101.269,0,0,850.252,-91.5969,60.5812
10.3249,4.85139,0.280918,-0.217219,101.269,0,0,851.079,-91.4661,59.6385
10.3374,4.85445,0.246634,-0.230559,101.269,0,0,851.902,-91.3579,58.6899
10.3499,4.85798,0.211284,-0.243822,101.269,0,0,852.722,-91.2734,57.7355
10.3624,4.862,0.175395,-0.256965,101.269,0,0,853.537,-91.2129,56.7753
10.3749,4.86651,0.139495,-0.269942,101.269,0,0,854.346,-91.1766,55.8095
10.3874,4.87151,0.104117,-0.282703,101.269,0,0,855.15,-91.164,54.8381
10.3999,4.87697,0.069781,-0.295189,101.269,0,0,855.947,-91.1741,53.8612
10.4124,4.88287,0.0369926,-0.307333,101.269,0,0,856.737,-91.2058,52.8789
10.4249,4.88916,0.00623273,-0.319058,101.269,0,0,857.519,-91.2572,51.8914
10.4374,4.8958,-0.0220486,-0.330278,101.269,0,0,858.293,-91.3264,50.8987
10.4499,4.90271,-0.0474395,-0.340894,101.269,0,0,859.059,-91.411,49.901
10.4624,4.90984,-0.0695719,-0.350802,101.269,0,0,859.818,-91.5083,48.8984
10.4749,4.9171,-0.0881269,-0.359889,101.269,0,0,860.569,-91.6155,47.8912
10.4874,4.92442,-0.102839,-0.368043,101.269,0,0,861.312,-91.7295,46.8795
10.4999,4.93174,-0.113501,-0.375152,101.269,0,0,862.05,-91.8474,45.8635
10.5124,4.93898,-0.119964,-0.381111,101.269,0,0,862.781,-91.9657,44.8434
10.5249,4.94609,-0.122141,-0.385828,101.269,0,0,863.508,-92.0814,43.8195
10.5374,4.95305,-0.120007,-0.389224,101.269,0,0,864.23,-92.191,42.792
10.5499,4.95983,-0.113599,-0.391242,101.269,0,0,864.949,-92.2913,41.7612
10.5624,4.96644,-0.103017,-0.391845,101.269,0,0,865.666,-92.3792,40.7274
10.5749,4.97291,-0.0884182,-0.391016,101.269,0,0,866.38,-92.4515,39.6908
10.5874,4.97928,-0.0700178,-0.388761,101.269,0,0,867.092,-92.5055,38.6519
10.5999,4.98561,-0.0480856,-0.385104,101.269,0,0,867.803,-92.5381,37.6109
10.6124,4.99198,-0.0229418,-0.380089,101.269,0,0,868.512,-92.5471,36.5682
10.6249,4.99847,0.00504699,-0.373773,101.269,0,0,869.218,-92.53,35.5243
10.6374,5.00517,0.0354727,-0.366223,101.269,0,0,869.922,-92.4849,34.4793
10.6499,5.01216,0.0678915,-0.357522,101.269,0,0,870.623,-92.4101,33.4339
10.6624,5.01954,0.10183,-0.347757,101.269,0,0,871.32,-92.3045,32.3883
10.6749,5.02736,0.136792,-0.337027,101.269,0,0,872.011,-92.167,31.3431
10.6874,5.03569,0.172266,-0.325442,101.269,0,0,872.697,-91.9972,30.2986
10.6999,5.04456,0.207733,-0.313122,101.269,0,0,873.375,-91.7951,29.2552
10.7124,5.054,0.242674,-0.300203,101.269,0,0,874.046,-91.561,28.2133
10.7249,5.06397,0.276578,-0.286837,101.269,0,0,874.707,-91.2956,27.1735
10.7374,5.07446,0.308952,-0.273195,101.269,0,0,875.36,-90.9999,26.136
10.7499,5.08538,0.339327,-0.259469,101.269,0,0,876.003,-90.6755,25.1012
10.7624,5.09663,0.367268,-0.245874,101.269,0,0,876.637,-90.3239,24.0695
10.7749,5.10808,0.392376,-0.232644,101.269,0,0,877.262,-89.9472,23.0412
10.7874,5.11958,0.414299,-0.220029,101.269,0,0,877.878,-89.5473,22.0167
10.7999,5.13095,0.432737,-0.208286,101.269,0,0,878.488,-89.1267,20.9963
10.8124,5.14202,0.44744,-0.197674,101.269,0,0,879.091,-88.6878,19.9802
10.8249,5.15261,0.458217,-0.188439,101.269,0,0,879.691,-88.2329,18.9688
10.8374,5.16255,0.464932,-0.180803,101.269,0,0,880.289,-87.7648,17.9623
10.8499,5.17173,0.467505,-0.174951,101.269,0,0,880.887,-87.286,16.9609
10.8624,5.18005,0.465914,-0.171021,101.269,0,0,881.488,-86.7993,15.9649
10.8749,5.18745,0.46019,-0.169096,101.269,0,0,882.094,-86.3073,14.9745
10.8874,5.19395,0.450417,-0.169202,101.269,0,0,882.707,-85.8129,13.99
10.8999,5.19959,0.436728,-0.171306,101.269,0,0,883.33,-85.3187,13.0115
10.9124,5.20447,0.419309,-0.175323,101.269,0,0,883.965,-84.8277,12.0393
10.9249,5.20871,0.398387,-0.181122,101.269,0,0,884.614,-84.3425,11.0735
10.9374,5.21247,0.374237,-0.188533,101.269,0,0,885.28,-83.866,10.1145
10.9499,5.2159,0.347176,-0.197359,101.269,0,0,885.963,-83.4009,9.16228
10.9624,5.21917,0.317556,-0.207386,101.269,0,0,886.665,-82.9498,8.21719
10.9749,5.22245,0.285766,-0.218388,101.269,0,0,887.387,-82.515,7.2794
10.9874,5.22587,0.252223,-0.230132,101.269,0,0,888.129,-82.099,6.34911
10.9999,5.22957,0.217368,-0.242385,101.269,0,0,888.892,-81.7037,5.4265
11.0124,5.23363,0.181656,-0.254915,101.269,0,0,889.676,-81.3307,4.51176
11.0249,5.23813,0.145556,-0.26749,101.269,0,0,890.479,-80.9814,3.60509
11.0374,5.2431,0.109536,-0.279878,101.269,0,0,891.302,-80.6567,2.70666
11.0499,5.24854,0.074058,-0.291846,101.269,0,0,892.143,-80.3568,1.81665
11.0624,5.25444,0.0395732,-0.303161,101.269,0,0,893.002,-80.0818,0.935224
11.0749,5.26075,0.00651063,-0.313584,101.269,0,0,893.877,-79.8311,0.0625618
11.0874,5.26738,-0.0247277,-0.322877,101.269,0,0,894.766,-79.6034,-0.80117
11.0999,5.27423,-0.0537732,-0.330799,101.269,0,0,895.67,-79.3971,-1.6558
11.1124,5.28119,-0.0802957,-0.337112,101.269,0,0,896.587,-79.2102,-2.50115
11.1249,5.28815,-0.104008,-0.341586,101.269,0,0,897.515,-79.0399,-3.33704
11.1374,5.29497,-0.124668,-0.344004,101.269,0,0,898.455,-78.8834,-4.16327
11.1499,5.30153,-0.142082,-0.344165,101.269,0,0,899.404,-78.7372,-4.97964
11.1624,5.30773,-0.156105,-0.3419,101.269,0,0,900.364,-78.5976,-5.78593
11.1749,5.3135,-0.166641,-0.337071,101.269,0,0,901.332,-78.4607,-6.58188
11.1874,5.31877,-0.173645,-0.329581,101.269,0,0,902.308,-78.3223,-7.36725
11.1999,5.32353,-0.177118,-0.319379,101.269,0,0,903.293,-78.1781,-8.14176
11.2124,5.3278,-0.177111,-0.306459,101.269,0,0,904.284,-78.0239,-8.90511
11.2249,5.33162,-0.173724,-0.290867,101.269,0,0,905.282,-77.8552,-9.65698
11.2374,5.33508,-0.167101,-0.272691,101.269,0,0,906.286,-77.6679,-10.397
11.2499,5.33829,-0.157434,-0.252064,101.269,0,0,907.294,-77.4579,-11.125
11.2624,5.34138,-0.144958,-0.229155,101.269,0,0,908.305,-77.2213,-11.8404
11.2749,5.3445,-0.129952,-0.204164,101.269,0,0,909.317,-76.9548,-12.5429
11.2874,5.34779,-0.112734,-0.177316,101.269,0,0,910.329,-76.6551,-13.2323
11.2999,5.3514,-0.0936592,-0.148857,101.269,0,0,911.339,-76.3196,-13.9081
11.3124,5.35546,-0.0731124,-0.119045,101.269,0,0,912.345,-75.9463,-14.57
11.3249,5.36009,-0.0515056,-0.0881532,101.269,0,0,913.345,-75.5335,-15.2178
11.3374,5.36535,-0.0292689,-0.0564609,101.269,0,0,914.337,-75.0803,-15.8511
11.3499,5.37132,-0.00684367,-0.0242582,101.269,0,0,915.318,-74.5863,-16.4696
11.3624,5.378,0.0153258,0.0081571,101.269,0,0,916.287,-74.0517,-17.0732
11.3749,5.38539,0.0368011,0.0404787,101.269,0,0,917.243,-73.4775,-17.6616
11.3874,5.39344,0.0571579,0.0723919,101.269,0,0,918.184,-72.8649,-18.2347
11.3999,5.40206,0.0759942,0.103575,101.269,0,0,919.11,-72.2158,-18.7924
11.4124,5.41115,0.092938,0.133701,101.269,0,0,920.021,-71.5326,-19.3344
11.4249,5.42057,0.107653,0.162441,101.269,0,0,920.916,-70.8179,-19.8609
11.4374,5.43019,0.119846,0.189472,101.269,0,0,921.797,-70.0746,-20.3716
11.4499,5.43985,0.129266,0.214481,101.269,0,0,922.665,-69.3061,-20.8666
11.4624,5.44939,0.135711,0.237174,101.269,0,0,923.523,-68.5156,-21.3457
11.4749,5.4587,0.139028,0.257286,101.269,0,0,924.372,-67.7068,-21.809
11.4874,5.46765,0.13911,0.274587,101.269,0,0,925.215,-66.8833,-22.2564
11.4999,5.47616,0.135897,0.288892,101.269,0,0,926.056,-66.0489,-22.6879
11.5124,5.48418,0.129377,0.300064,101.269,0,0,926.898,-65.2073,-23.1034
11.5249,5.49172,0.119578,0.308019,101.269,0,0,927.744,-64.3623,-23.5028
11.5374,5.4988,0.106572,0.31273,101.269,0,0,928.599,-63.518,-23.8861
11.5499,5.5055,0.090471,0.314218,101.269,0,0,929.465,-62.6782,-24.2531
11.5624,5.51191,0.0714245,0.31256,101.269,0,0,930.345,-61.8468,-24.6038
11.5749,5.51818,0.0496207,0.307873,101.269,0,0,931.244,-61.028,-24.938
11.5874,5.52445,0.0252837,0.300317,101.269,0,0,932.163,-60.2256,-25.2556
11.5999,5.53087,-0.00132808,0.290085,101.269,0,0,933.105,-59.4435,-25.5565
11.6124,5.53762,-0.0299243,0.277399,101.269,0,0,934.072,-58.6855,-25.8405
11.6249,5.54484,-0.060186,0.262505,101.269,0,0,935.064,-57.9552,-26.1077
11.6374,5.55266,-0.0917699,0.245668,101.269,0,0,936.083,-57.256,-26.3579
11.6499,5.56121,-0.124313,0.227174,101.269,0,0,937.128,-56.5909,-26.5911
11.6624,5.57054,-0.157441,0.207326,101.269,0,0,938.2,-55.9624,-26.8073
11.6749,5.5807,-0.190773,0.186445,101.269,0,0,939.296,-55.3726,-27.0065
11.6874,5.59169,-0.22393,0.164874,101.269,0,0,940.416,-54.8231,-27.1887
11.6999,5.60345,-0.256545,0.142975,101.269,0,0,941.558,-54.3146,-27.3541
11.7124,5.61587,-0.288267,0.121134,101.269,0,0,942.719,-53.8475,-27.5028
11.7249,5.62881,-0.318774,0.0997584,101.269,0,0,943.898,-53.421,-27.635
11.7374,5.64205,-0.347774,0.0792774,101.269,0,0,945.093,-53.034,-27.7509
11.7499,5.65536,-0.375014,0.0601349,101.269,0,0,946.3,-52.6844,-27.8506
11.7624,5.66847,-0.40028,0.0427843,101.269,0,0,947.518,-52.3697,-27.9346
11.7749,5.68106,-0.4234,0.0276786,101.269,0,0,948.745,-52.0864,-28.003
11.7874,5.69282,-0.444241,0.0152579,101.269,0,0,949.978,-51.8309,-28.0561
11.7999,5.70345,-0.462708,0.00593538,101.269,0,0,951.217,-51.5987,-28.0943
11.8124,5.71264,-0.478738,8.23368e-05,101.269,0,0,952.459,-51.3851,-28.1177
11.8249,5.72015,-0.492293,-0.00198699,101.269,0,0,953.704,-51.1851,-28.1266
11.8374,5.72576,-0.503356,-2.93911e-05,101.269,0,0,954.95,-50.9933,-28.1214
11.8499,5.72931,-0.511926,0.00611553,101.269,0,0,956.196,-50.8043,-28.1022
11.8624,5.73073,-0.518013,0.0165165,101.269,0,0,957.442,-50.6126,-28.0693
11.8749,5.73,-0.521636,0.0311456,101.269,0,0,958.686,-50.4129,-28.0229
11.8874,5.7272,-0.522827,0.0498772,101.269,0,0,959.927,-50.1997,-27.9631
11.8999,5.72246,-0.521627,0.0724913,101.269,0,0,961.165,-49.9682,-27.8901
11.9124,5.71599,-0.518096,0.0986813,101.269,0,0,962.397,-49.7134,-27.8042
11.9249,5.70806,-0.512315,0.128065,101.269,0,0,963.621,-49.4311,-27.7053
11.9374,5.69896,-0.504394,0.1602,101.269,0,0,964.837,-49.1175,-27.5936
11.9499,5.68903,-0.494474,0.194597,101.269,0,0,966.043,-48.7692,-27.4694
11.9624,5.6786,-0.482736,0.23074,101.269,0,0,967.235,-48.3836,-27.3326
11.9749,5.66802,-0.469398,0.268102,101.269,0,0,968.413,-47.9587,-27.1835
11.9874,5.6576,-0.454715,0.306155,101.269,0,0,969.573,-47.4932,-27.0221
11.9999,5.64762,-0.43898,0.344389,101.269,0,0,970.715,-46.9865,-26.8487
12.0124,5.63833,-0.422515,0.382315,101.269,0,0,971.835,-46.4388,-26.6633
12.0249,5.62992,-0.405665,0.419475,101.269,0,0,972.933,-45.8508,-26.4661
12.0374,5.62255,-0.388789,0.455441,101.269,0,0,974.007,-45.224,-26.2573
12.0499,5.61632,-0.372252,0.489822,101.269,0,0,975.056,-44.5603,-26.0372
12.0624,5.61131,-0.356417,0.522256,101.269,0,0,976.08,-43.8624,-25.8058
12.0749,5.60754,-0.341631,0.552414,101.269,0,0,977.079,-43.1331,-25.5634
12.0874,5.60502,-0.328222,0.579999,101.269,0,0,978.055,-42.3758,-25.3102
12.0999,5.60373,-0.316486,0.604742,101.269,0,0,979.008,-41.5938,-25.0464
12.1124,5.60364,-0.306686,0.626402,101.269,0,0,979.941,-40.7911,-24.7723
12.1249,5.6047,-0.299042,0.644767,101.269,0,0,980.856,-39.9714,-24.4881
12.1374,5.6069,-0.29373,0.659657,101.269,0,0,981.756,-39.1386,-24.194
12.1499,5.6102,-0.290879,0.67092,101.269,0,0,982.644,-38.2968,-23.8903
12.1624,5.61459,-0.290564,0.678438,101.269,0,0,983.524,-37.4499,-23.5772
12.1749,5.62008,-0.292812,0.682123,101.269,0,0,984.4,-36.6019,-23.2549
12.1874,5.62668,-0.297596,0.681924,101.269,0,0,985.275,-35.7567,-22.9237
12.1999,5.63445,-0.30484,0.677825,101.269,0,0,986.153,-34.9184,-22.584
12.2124,5.64342,-0.314413,0.669845,101.269,0,0,987.038,-34.091,-22.236
12.2249,5.65369,-0.326141,0.658037,101.269,0,0,987.934,-33.2782,-21.8799
12.2374,5.66532,-0.3398,0.642494,101.269,0,0,988.843,-32.4839,-21.5162
12.2499,5.67838,-0.355127,0.623343,101.269,0,0,989.769,-31.7121,-21.1452
12.2624,5.69296,-0.371819,0.600753,101.269,0,0,990.712,-30.9662,-20.7673
12.2749,5.7091,-0.389547,0.574933,101.269,0,0,991.676,-30.2499,-20.383
12.2874,5.72683,-0.407954,0.546137,101.269,0,0,992.661,-29.5664,-19.9926
12.2999,5.74614,-0.426675,0.514665,101.269,0,0,993.668,-28.9187,-19.5966
12.3124,5.76696,-0.445338,0.480872,101.269,0,0,994.696,-28.3093,-19.1957
12.3249,5.78918,-0.463581,0.445166,101.269,0,0,995.745,-27.7404,-18.7903
12.3374,5.81263,-0.481062,0.408013,101.269,0,0,996.815,-27.2136,-18.381
12.3499,5.83708,-0.497471,0.369933,101.269,0,0,997.904,-26.7299,-17.9684
12.3624,5.86222,-0.512541,0.331499,101.269,0,0,999.01,-26.2897,-17.5531
12.3749,5.88771,-0.526055,0.293326,101.269,0,0,1000.13,-25.8928,-17.1357
12.3874,5.91316,-0.537854,0.256059,101.269,0,0,1001.27,-25.5381,-16.7169
12.3999,5.93815,-0.547837,0.220356,101.269,0,0,1002.41,-25.2241,-16.2973
12.4124,5.96226,-0.55596,0.186868,101.269,0,0,1003.57,-24.9483,-15.8775
12.4249,5.98506,-0.562234,0.15622,101.269,0,0,1004.73,-24.708,-15.4581
12.4374,6.00618,-0.56671,0.12899,101.269,0,0,1005.91,-24.4997,-15.0397
12.4499,6.02526,-0.569473,0.105691,101.269,0,0,1007.08,-24.3194,-14.6228
12.4624,6.04203,-0.570628,0.0867552,101.269,0,0,1008.26,-24.1627,-14.2079
12.4749,6.05626,-0.570289,0.0725266,101.269,0,0,1009.45,-24.0248,-13.7956
12.4874,6.0678,-0.568566,0.0632516,101.269,0,0,1010.63,-23.9008,-13.3863
12.4999,6.07659,-0.565556,0.0590767,101.269,0,0,1011.82,-23.7854,-12.9804
12.5124,6.08262,-0.561337,0.0600484,101.269,0,0,1013.01,-23.6733,-12.5783
12.5249,6.08595,-0.555968,0.0661153,101.269,0,0,1014.2,-23.5593,-12.1803
12.5374,6.08671,-0.549482,0.0771324,101.269,0,0,1015.39,-23.4379,-11.7869
12.5499,6.08509,-0.541895,0.0928662,101.269,0,0,1016.58,-23.3042,-11.3981
12.5624,6.08133,-0.533208,0.113002,101.269,0,0,1017.78,-23.153,-11.0143
12.5749,6.0757,-0.523415,0.137154,101.269,0,0,1018.97,-22.9798,-10.6357
12.5874,6.06852,-0.51251,0.16487,101.269,0,0,1020.15,-22.7804,-10.2624
12.5999,6.06014,-0.500497,0.195649,101.269,0,0,1021.34,-22.551,-9.89446
12.6124,6.05089,-0.487395,0.228948,101.269,0,0,1022.52,-22.2882,-9.53205
12.6249,6.04115,-0.473251,0.264199,101.269,0,0,1023.69,-21.9894,-9.17517
12.6374,6.03125,-0.458134,0.300816,101.269,0,0,1024.85,-21.6525,-8.82385
12.6499,6.02152,-0.442148,0.338212,101.269,0,0,1026,-21.2761,-8.47804
12.6624,6.01227,-0.425424,0.375807,101.269,0,0,1027.14,-20.8596,-8.1377
12.6749,6.00374,-0.408122,0.413041,101.269,0,0,1028.27,-20.4028,-7.80275
12.6874,5.99615,-0.390423,0.449373,101.269,0,0,1029.38,-19.9064,-7.4731
12.6999,5.9897,-0.372524,0.484298,101.269,0,0,1030.48,-19.3717,-7.14861
12.7124,5.98449,-0.354632,0.51734,101.269,0,0,1031.55,-18.8006,-6.82919
12.7249,5.98062,-0.336952,0.548062,101.269,0,0,1032.61,-18.1953,-6.51469
12.7374,5.97813,-0.319684,0.576065,101.269,0,0,1033.66,-17.5588,-6.20499
12.7499,5.97704,-0.30301,0.600988,101.269,0,0,1034.68,-16.8941,-5.9
12.7624,5.97732,-0.287094,0.622511,101.269,0,0,1035.7,-16.2049,-5.5996
12.7749,5.97894,-0.27207,0.640357,101.269,0,0,1036.69,-15.4948,-5.30375
12.7874,5.98183,-0.258044,0.65429,101.269,0,0,1037.68,-14.7677,-5.01241
12.7999,5.98592,-0.245086,0.664123,101.269,0,0,1038.66,-14.0278,-4.72558
12.8124,5.99114,-0.233236,0.669715,101.269,0,0,1039.64,-13.2793,-4.44332
12.8249,5.9974,-0.222495,0.670973,101.269,0,0,1040.61,-12.5263,-4.16574
12.8374,6.00461,-0.212836,0.667861,101.269,0,0,1041.58,-11.7731,-3.89298
12.8499,6.0127,-0.204197,0.660393,101.269,0,0,1042.56,-11.0241,-3.62526
12.8624,6.02158,-0.196491,0.648642,101.269,0,0,1043.55,-10.2836,-3.36286
12.8749,6.03117,-0.189607,0.632737,101.269,0,0,1044.54,-9.55597,-3.1061
12.8874,6.0414,-0.183416,0.612862,101.269,0,0,1045.56,-8.84546,-2.85538
12.8999,6.05218,-0.177772,0.589258,101.269,0,0,1046.58,-8.15631,-2.61112
12.9124,6.06343,-0.172522,0.562221,101.269,0,0,1047.63,-7.49263,-2.37383
12.9249,6.07507,-0.167508,0.532097,101.269,0,0,1048.69,-6.85833,-2.14403
12.9374,6.08701,-0.162576,0.499278,101.269,0,0,1049.78,-6.25711,-1.92231
12.9499,6.09915,-0.157575,0.4642,101.269,0,0,1050.89,-5.69232,-1.70926
12.9624,6.11138,-0.152369,0.427335,101.269,0,0,1052.01,-5.16693,-1.5055
12.9749,6.12361,-0.146836,0.389183,101.269,0,0,1053.16,-4.68343,-1.31166
12.9874,6.13574,-0.140872,0.350266,101.269,0,0,1054.33,-4.24374,-1.12839
12.9999,6.14766,-0.134397,0.311121,101.269,0,0,1055.51,-3.84915,-0.956305
13.0124,6.15927,-0.12735,0.272288,101.269,0,0,1056.72,-3.50028,-0.796011
13.0249,6.1705,-0.119694,0.234305,101.269,0,0,1057.93,-3.19705,-0.648091
13.0374,6.18127,-0.111415,0.197698,101.269,0,0,1059.16,-2.93862,-0.513092
13.0499,6.19152,-0.102515,0.162972,101.269,0,0,1060.39,-2.72343,-0.391522
13.0624,6.20123,-0.0930159,0.130604,101.269,0,0,1061.64,-2.54921,-0.283845
13.0749,6.21038,-0.0829514,0.101037,101.269,0,0,1062.89,-2.41301,-0.190474
13.0874,6.21897,-0.0723669,0.0746753,101.269,0,0,1064.14,-2.31127,-0.111776
13.0999,6.22704,-0.0613157,0.0518746,101.269,0,0,1065.4,-2.23988,-0.0480605
13.1124,6.23465,-0.0498559,0.0329419,101.269,0,0,1066.66,-2.19426,0.000409793
13.1249,6.24185,-0.0380491,0.0181304,101.269,0,0,1067.92,-2.16941,0.0334266
13.1374,6.24873,-0.0259587,0.0076366,101.269,0,0,1069.18,-2.16005,0.0508319
13.1499,6.2554,-0.013649,0.00159824,101.269,0,0,1070.44,-2.16064,0.0525178
13.1624,6.26196,-0.00118512,9.31416e-05,101.269,0,0,1071.7,-2.16551,0.0384261
13.1749,6.26853,0.0113669,0.00313837,101.269,0,0,1072.96,-2.16894,0.00854724
13.1874,6.27521,0.0239398,0.0106902,101.269,0,0,1074.22,-2.1652,-0.0370794
13.1999,6.28212,0.0364649,0.0226447,101.269,0,0,1075.48,-2.14869,-0.0983652
13.2124,0.00617522,0.0488718,0.038839,101.269,0,0,1076.74,-2.11399,-0.175172
13.2249,0.0138353,0.0610888,0.059053,101.269,0,0,1077.99,-2.05595,-0.267311
13.2374,0.0219901,0.0730441,0.083012,101.269,0,0,1079.25,-1.96979,-0.374543
13.2499,0.0306957,0.0846669,0.11039,101.269,0,0,1080.5,-1.85113,-0.496576
13.2624,0.0399872,0.09589,0.140812,101.269,0,0,1081.74,-1.69615,-0.633065
13.2749,0.0498769,0.106653,0.173862,101.269,0,0,1082.98,-1.50158,-0.783617
13.2874,0.0603539,0.116904,0.209084,101.269,0,0,1084.2,-1.26482,-0.947787
13.2999,0.0713841,0.126606,0.24599,101.269,0,0,1085.42,-0.983932,-1.12509
13.3124,0.082912,0.135737,0.284067,101.269,0,0,1086.62,-0.657731,-1.31498
13.3249,0.0948626,0.144295,0.322786,101.269,0,0,1087.81,-0.285747,-1.5169
13.3374,0.107145,0.1523,0.361605,101.269,0,0,1088.98,0.131758,-1.73024
13.3499,0.119655,0.159794,0.399982,101.269,0,0,1090.13,0.593828,-1.95439
13.3624,0.132282,0.166844,0.437383,101.269,0,0,1091.26,1.09885,-2.1887
13.3749,0.144908,0.173537,0.473287,101.269,0,0,1092.37,1.64463,-2.43255
13.3874,0.157415,0.179981,0.5072,101.269,0,0,1093.46,2.22845,-2.68529
13.3999,0.169688,0.186302,0.538657,101.269,0,0,1094.53,2.84715,-2.94631
13.4124,0.181613,0.192636,0.567232,101.269,0,0,1095.58,3.49723,-3.21502
13.4249,0.193082,0.199127,0.592542,101.269,0,0,1096.6,4.17489,-3.49085
13.4374,0.203992,0.205923,0.614256,101.269,0,0,1097.61,4.87613,-3.77329
13.4499,0.214244,0.213165,0.632092,101.269,0,0,1098.61,5.59684,-4.06186
13.4624,0.223743,0.220988,0.645826,101.269,0,0,1099.59,6.33277,-4.35616
13.4749,0.232398,0.229509,0.655289,101.269,0,0,1100.56,7.07967,-4.6558
13.4874,0.240119,0.238827,0.660372,101.269,0,0,1101.52,7.83324,-4.96049
13.4999,0.246817,0.249018,0.661022,101.269,0,0,1102.48,8.58919,-5.26998
13.5124,0.252407,0.260127,0.657242,101.269,0,0,1103.44,9.34328,-5.58409
13.5249,0.256804,0.272171,0.649091,101.269,0,0,1104.4,10.0913,-5.90266
13.5374,0.259932,0.285134,0.63668,101.269,0,0,1105.37,10.829,-6.22563
13.5499,0.261721,0.298964,0.620174,101.269,0,0,1106.35,11.5525,-6.55296
13.5624,0.262115,0.313581,0.599783,101.269,0,0,1107.35,12.2577,-6.88466
13.5749,0.261075,0.328871,0.575767,101.269,0,0,1108.35,12.9408,-7.22077
13.5874,0.258584,0.344694,0.548431,101.269,0,0,1109.37,13.5982,-7.56137
13.5999,0.254654,0.360889,0.518123,101.269,0,0,1110.41,14.2267,-7.90656
13.6124,0.249331,0.377279,0.485235,101.269,0,0,1111.46,14.8232,-8.25645
13.6249,0.2427,0.393676,0.450198,101.269,0,0,1112.53,15.3852,-8.61116
13.6374,0.234886,0.409893,0.413486,101.269,0,0,1113.62,15.9105,-8.97083
13.6499,0.226057,0.42575,0.375604,101.269,0,0,1114.73,16.3975,-9.33556
13.6624,0.216427,0.44108,0.337095,101.269,0,0,1115.85,16.8454,-9.70546
13.6749,0.206249,0.455741,0.298524,101.269,0,0,1116.98,17.2536,-10.0806
13.6874,0.19581,0.469613,0.260476,101.269,0,0,1118.12,17.6227,-10.4611
13.6999,0.185429,0.482608,0.223548,101.269,0,0,1119.28,17.9535,-10.847
13.7124,0.175443,0.494668,0.188335,101.269,0,0,1120.44,18.2477,-11.2382
13.7249,0.166201,0.505764,0.155418,101.269,0,0,1121.61,18.5078,-11.6348
13.7374,0.158049,0.51589,0.125356,101.269,0,0,1122.78,18.7365,-12.0368
13.7499,0.151324,0.52506,0.0986699,101.269,0,0,1123.95,18.9375,-12.4439
13.7624,0.146341,0.533299,0.0758327,101.269,0,0,1125.13,19.1146,-12.8561
13.7749,0.143386,0.54063,0.0572592,101.269,0,0,1126.31,19.2722,-13.2732
13.7874,0.142708,0.547075,0.043297,101.269,0,0,1127.49,19.4151,-13.695
13.7999,0.14451,0.552637,0.0342184,101.269,0,0,1128.67,19.5483,-14.1212
13.8124,0.148946,0.557301,0.0302139,101.269,0,0,1129.85,19.6768,-14.5516
13.8249,0.156115,0.561027,0.0313869,101.269,0,0,1131.03,19.8061,-14.9859
13.8374,0.166054,0.563748,0.0377492,101.269,0,0,1132.2,19.9414,-15.4236
13.8499,0.178737,0.565372,0.0492175,101.269,0,0,1133.37,20.0878,-15.8645
13.8624,0.194069,0.565786,0.0656122,101.269,0,0,1134.54,20.2505,-16.3079
13.8749,0.211889,0.564867,0.086657,101.269,0,0,1135.71,20.4342,-16.7536
13.8874,0.231968,0.562487,0.111983,101.269,0,0,1136.87,20.6436,-17.2009
13.8999,0.254012,0.558527,0.141133,101.269,0,0,1138.02,20.8827,-17.6493
13.9124,0.277675,0.55289,0.173576,101.269,0,0,1139.17,21.1553,-18.0983
13.9249,0.302567,0.545513,0.208718,101.269,0,0,1140.3,21.4645,-18.5473
13.9374,0.328272,0.536379,0.245918,101.269,0,0,1141.43,21.8128,-18.9957
13.9499,0.354364,0.525525,0.284514,101.269,0,0,1142.54,22.2023,-19.4428
13.9624,0.380427,0.513044,0.323837,101.269,0,0,1143.64,22.6341,-19.8882
13.9749,0.406073,0.49909,0.363234,101.269,0,0,1144.72,23.109,-20.331
13.9874,0.430956,0.483876,0.402082,101.269,0,0,1145.78,23.6268,-20.7708
13.9999,0.454783,0.467661,0.439804,101.269,0,0,1146.82,24.1867,-21.207
14.0124,0.477319,0.45075,0.475875,101.269,0,0,1147.84,24.7877,-21.6389
14.0249,0.498393,0.433475,0.509826,101.269,0,0,1148.84,25.4276,-22.066
14.0374,0.517893,0.416189,0.541249,101.269,0,0,1149.82,26.1043,-22.4878
14.0499,0.535757,0.39925,0.569789,101.269,0,0,1150.77,26.8149,-22.9037
14.0624,0.551973,0.383012,0.595149,101.269,0,0,1151.71,27.5565,-23.3134
14.0749,0.566561,0.367813,0.61708,101.269,0,0,1152.62,28.3256,-23.7164
14.0874,0.579569,0.353967,0.635378,101.269,0,0,1153.52,29.1187,-24.1123
14.0999,0.591061,0.341756,0.649885,101.269,0,0,1154.4,29.9323,-24.5006
14.1124,0.601107,0.331424,0.660482,101.269,0,0,1155.27,30.7624,-24.8812
14.1249,0.609778,0.323172,0.667091,101.269,0,0,1156.13,31.6054,-25.2536
14.1374,0.617136,0.317155,0.66967,101.269,0,0,1156.99,32.4573,-25.6176
14.1499,0.623232,0.313478,0.668215,101.269,0,0,1157.84,33.3144,-25.9729
14.1624,0.628099,0.312197,0.662759,101.269,0,0,1158.7,34.1727,-26.3191
14.1749,0.631757,0.313313,0.653371,101.269,0,0,1159.56,35.0284,-26.6562
14.1874,0.634207,0.316781,0.640153,101.269,0,0,1160.43,35.8776,-26.9838
14.1999,0.63544,0.3225,0.623244,101.269,0,0,1161.32,36.7163,-27.3016
14.2124,0.635436,0.330326,0.602814,101.269,0,0,1162.22,37.5407,-27.6094
14.2249,0.63417,0.340066,0.579066,101.269,0,0,1163.14,38.3469,-27.9071
14.2374,0.631621,0.351484,0.552235,101.269,0,0,1164.09,39.1312,-28.1944
14.2499,0.627781,0.36431,0.522587,101.269,0,0,1165.06,39.8901,-28.4709
14.2624,0.622655,0.378242,0.49042,101.269,0,0,1166.05,40.62,-28.7367
14.2749,0.616278,0.392953,0.456064,101.269,0,0,1167.07,41.318,-28.9913
14.2874,0.608716,0.408103,0.419885,101.269,0,0,1168.11,41.9812,-29.2346
14.2999,0.600073,0.423345,0.382282,101.269,0,0,1169.18,42.6073,-29.4664
14.3124,0.590499,0.438335,0.34369,101.269,0,0,1170.27,43.1947,-29.6865
14.3249,0.580185,0.45274,0.304576,101.269,0,0,1171.39,43.7421,-29.8948
14.3374,0.569371,0.46625,0.26544,101.269,0,0,1172.53,44.2489,-30.0911
14.3499,0.558333,0.478583,0.226805,101.269,0,0,1173.68,44.7154,-30.2751
14.3624,0.54738,0.48949,0.189211,101.269,0,0,1174.86,45.1424,-30.4468
14.3749,0.536846,0.498759,0.153205,101.269,0,0,1176.05,45.5314,-30.606
14.3874,0.52707,0.506218,0.119324,101.269,0,0,1177.25,45.8848,-30.7527
14.3999,0.518386,0.511728,0.0880781,101.269,0,0,1178.46,46.2054,-30.8865
14.4124,0.511106,0.515187,0.0599406,101.269,0,0,1179.68,46.4968,-31.0075
14.4249,0.505506,0.516516,0.0353262,101.269,0,0,1180.91,46.7629,-31.1154
14.4374,0.501809,0.515662,0.0145791,101.269,0,0,1182.14,47.0083,-31.2102
14.4499,0.500178,0.512583,-0.00203906,101.269,0,0,1183.38,47.2378,-31.2916
14.4624,0.500707,0.507251,-0.0143578,101.269,0,0,1184.62,47.4566,-31.3595
14.4749,0.503415,0.499643,-0.0223024,101.269,0,0,1185.86,47.67,-31.4136
14.4874,0.508251,0.489741,-0.0258949,101.269,0,0,1187.1,47.8834,-31.4538
14.4999,0.515092,0.477534,-0.0252507,101.269,0,0,1188.34,48.1024,-31.4799
14.5124,0.523753,0.463022,-0.0205725,101.269,0,0,1189.58,48.3323,-31.4915
14.5248,0.533998,0.446218,-0.0121402,101.269,0,0,1190.82,48.5781,-31.4884
14.5373,0.545548,0.427156,-0.000299088,101.269,0,0,1192.05,48.845,-31.4704
14.5498,0.558101,0.405896,0.0145546,101.269,0,0,1193.28,49.1373,-31.4371
14.5623,0.57134,0.382531,0.0319879,101.269,0,0,1194.5,49.4592,-31.3883
14.5748,0.584953,0.357193,0.0515452,101.269,0,0,1195.7,49.8143,-31.3237
14.5873,0.598646,0.33005,0.0727619,101.269,0,0,1196.9,50.2055,-31.2431
14.5998,0.61215,0.301316,0.0951754,101.269,0,0,1198.08,50.6352,-31.1462
14.6123,0.625235,0.27124,0.118334,101.269,0,0,1199.25,51.1049,-31.0328
14.6248,0.637716,0.24011,0.141802,101.269,0,0,1200.39,51.6156,-30.9027
14.6373,0.649457,0.208242,0.165166,101.269,0,0,1201.52,52.1675,-30.7558
14.6498,0.66037,0.175978,0.188034,101.269,0,0,1202.62,52.76,-30.592
14.6623,0.670419,0.143674,0.210035,101.269,0,0,1203.69,53.3919,-30.4111
14.6748,0.679613,0.111695,0.230822,101.269,0,0,1204.74,54.0616,-30.2131
14.6873,0.688007,0.0804034,0.250066,101.269,0,0,1205.76,54.7665,-29.9981
14.6998,0.695689,0.050157,0.267457,101.269,0,0,1206.76,55.504,-29.7661
14.7123,0.702783,0.0212967,0.282706,101.269,0,0,1207.73,56.2709,-29.5171
14.7248,0.70943,-0.00585648,0.295543,101.269,0,0,1208.67,57.0637,-29.2512
14.7373,0.715792,-0.0310072,0.305723,101.269,0,0,1209.59,57.8787,-28.9685
14.7498,0.722031,-0.053889,0.313026,101.269,0,0,1210.49,58.7122,-28.6692
14.7623,0.728309,-0.0742672,0.317266,101.269,0,0,1211.37,59.5602,-28.3534
14.7748,0.734773,-0.0919407,0.318293,101.269,0,0,1212.23,60.4188,-28.0211
14.7873,0.74155,-0.106743,0.316,101.269,0,0,1213.08,61.2841,-27.6726
14.7998,0.748737,-0.118546,0.310331,101.269,0,0,1213.92,62.1523,-27.3078
14.8123,0.756397,-0.127255,0.301279,101.269,0,0,1214.75,63.0193,-26.9269
14.8248,0.764552,-0.132816,0.288896,101.269,0,0,1215.58,63.8815,-26.53
14.8373,0.773187,-0.135217,0.273287,101.269,0,0,1216.41,64.7349,-26.1171
14.8498,0.782248,-0.134484,0.254612,101.269,0,0,1217.25,65.576,-25.6882
14.8623,0.791644,-0.130689,0.233079,101.269,0,0,1218.09,66.4009,-25.2434
14.8748,0.801258,-0.123949,0.20894,101.269,0,0,1218.94,67.2063,-24.7828
14.8873,0.810953,-0.114427,0.182483,101.269,0,0,1219.81,67.9884,-24.3063
14.8998,0.820581,-0.102332,0.154022,101.269,0,0,1220.69,68.7441,-23.814
14.9123,0.829991,-0.087919,0.12389,101.269,0,0,1221.59,69.4702,-23.3059
14.9248,0.839044,-0.0714852,0.0924293,101.269,0,0,1222.5,70.1639,-22.7821
14.9373,0.847616,-0.0533667,0.0599883,101.269,0,0,1223.43,70.8225,-22.2426
14.9498,0.855607,-0.033933,0.0269122,101.269,0,0,1224.38,71.444,-21.6877
14.9623,0.862946,-0.0135804,-0.00645842,101.269,0,0,1225.34,72.0267,-21.1173
14.9748,0.869597,0.0072754,-0.0397904,101.269,0,0,1226.31,72.5694,-20.5316
14.9873,0.875558,0.0282079,-0.0727594,101.269,0,0,1227.3,73.0715,-19.9309
14.9998,0.88086,0.0487877,-0.10505,101.269,0,0,1228.3,73.5329,-19.3154
15.0123,0.885568,0.0685914,-0.136357,101.269,0,0,1229.31,73.9544,-18.6853
15.0248,0.889775,0.087209,-0.166387,101.269,0,0,1230.32,74.337,-18.041
15.0373,0.893597,0.104252,-0.194856,101.269,0,0,1231.34,74.6826,-17.3826
15.0498,0.897167,0.119357,-0.221498,101.269,0,0,1232.36,74.9935,-16.7106
15.0623,0.900628,0.132196,-0.246066,101.269,0,0,1233.38,75.2726,-16.0253
15.0748,0.904121,0.142475,-0.268338,101.269,0,0,1234.4,75.5232,-15.3271
15.0873,0.90778,0.14994,-0.28812,101.269,0,0,1235.42,75.7489,-14.6162
15.0998,0.911725,0.154381,-0.305255,101.269,0,0,1236.43,75.9538,-13.893
15.1123,0.916047,0.155629,-0.319629,101.269,0,0,1237.44,76.142,-13.1579
15.1248,0.920811,0.153561,-0.331172,101.269,0,0,1238.44,76.3178,-12.4111
15.1373,0.926047,0.148098,-0.339861,101.269,0,0,1239.43,76.4856,-11.653
15.1498,0.931748,0.13921,-0.345725,101.269,0,0,1240.42,76.6499,-10.8839
15.1623,0.937877,0.126913,-0.348839,101.269,0,0,1241.39,76.8148,-10.1041
15.1748,0.944361,0.111271,-0.349321,101.269,0,0,1242.36,76.9845,-9.31367
15.1873,0.951105,0.0923949,-0.347328,101.269,0,0,1243.32,77.1629,-8.513
15.1998,0.957995,0.0704462,-0.343049,101.269,0,0,1244.26,77.3536,-7.70226
15.2123,0.964906,0.0456332,-0.336696,101.269,0,0,1245.2,77.5598,-6.88167
15.2248,0.971711,0.0182105,-0.328499,101.269,0,0,1246.12,77.7844,-6.05141
15.2373,0.978286,-0.0115228,-0.318702,101.269,0,0,1247.03,78.0299,-5.21166
15.2498,0.984525,-0.0432273,-0.30755,101.269,0,0,1247.92,78.298,-4.36262
15.2623,0.990335,-0.0765274,-0.295293,101.269,0,0,1248.8,78.5902,-3.50445
15.2748,0.995651,-0.111017,-0.282182,101.269,0,0,1249.66,78.9074,-2.63733
15.2873,1.00044,-0.146266,-0.268463,101.269,0,0,1250.5,79.25,-1.76144
15.2998,1.00468,-0.181826,-0.254385,101.269,0,0,1251.32,79.6177,-0.876959
15.3123,1.00841,-0.217242,-0.240197,101.269,0,0,1252.12,80.0099,0.0159259
15.3248,1.01169,-0.252054,-0.226148,101.269,0,0,1252.89,80.4256,0.917027
15.3373,1.01461,-0.285811,-0.21249,101.269,0,0,1253.65,80.863,1.82615
15.3498,1.01728,-0.318072,-0.19948,101.269,0,0,1254.38,81.3205,2.7431
15.3623,1.01987,-0.348418,-0.187374,101.269,0,0,1255.1,81.7957,3.66766
15.3748,1.02253,-0.376457,-0.176427,101.269,0,0,1255.79,82.2865,4.59965
15.3873,1.02546,-0.401826,-0.16689,101.269,0,0,1256.46,82.7901,5.53885
15.3998,1.02884,-0.424199,-0.158996,101.269,0,0,1257.12,83.3038,6.48504
15.4123,1.03285,-0.443289,-0.152957,101.269,0,0,1257.76,83.8251,7.43803
15.4248,1.03765,-0.458848,-0.148952,101.269,0,0,1258.39,84.351,8.3976
15.4373,1.04337,-0.470675,-0.147113,101.269,0,0,1259,84.8787,9.36355
15.4498,1.0501,-0.478611,-0.14752,101.269,0,0,1259.61,85.4055,10.3356
15.4623,1.05788,-0.482546,-0.15019,101.269,0,0,1260.21,85.9287,11.3137
15.4748,1.0667,-0.482418,-0.155077,101.269,0,0,1260.8,86.4454,12.2974
15.4873,1.07648,-0.478216,-0.16207,101.269,0,0,1261.4,86.9531,13.2866
15.4998,1.0871,-0.469979,-0.171,101.269,0,0,1261.99,87.4489,14.2811
15.5123,1.09841,-0.457805,-0.18165,101.269,0,0,1262.59,87.9305,15.2806
15.5248,1.11022,-0.441843,-0.193764,101.269,0,0,1263.2,88.3951,16.2848
15.5373,1.12234,-0.422299,-0.207064,101.269,0,0,1263.81,88.8403,17.2934
15.5498,1.13456,-0.399435,-0.221264,101.269,0,0,1264.43,89.2638,18.3062
15.5623,1.14669,-0.373564,-0.236078,101.269,0,0,1265.06,89.6633,19.3228
15.5748,1.15857,-0.345049,-0.251235,101.269,0,0,1265.7,90.0367,20.343
15.5873,1.17005,-0.314295,-0.266481,101.269,0,0,1266.35,90.3822,21.3663
15.5998,1.18103,-0.281745,-0.281586,101.269,0,0,1267.01,90.6981,22.3924
15.6123,1.19144,-0.247872,-0.296343,101.269,0,0,1267.68,90.9832,23.4208
15.6248,1.20124,-0.213172,-0.310568,101.269,0,0,1268.36,91.2365,24.4513
15.6373,1.21042,-0.178155,-0.324097,101.269,0,0,1269.05,91.4573,25.4834
15.6498,1.219,-0.143336,-0.336786,101.269,0,0,1269.75,91.6456,26.5166
15.6623,1.22702,-0.109226,-0.348503,101.269,0,0,1270.45,91.8014,27.5505
15.6748,1.23455,-0.0763279,-0.359132,101.269,0,0,1271.16,91.9255,28.5848
15.6873,1.24167,-0.0451247,-0.368565,101.269,0,0,1271.88,92.0189,29.619
15.6998,1.24846,-0.0160738,-0.376706,101.269,0,0,1272.6,92.0829,30.6526
15.7123,1.25503,0.0103991,-0.383469,101.269,0,0,1273.32,92.1196,31.6854
15.7248,1.26146,0.0339069,-0.388779,101.269,0,0,1274.05,92.1309,32.7168
15.7373,1.26784,0.0541053,-0.392577,101.269,0,0,1274.77,92.1193,33.7465
15.7498,1.27424,0.0706984,-0.39482,101.269,0,0,1275.5,92.0875,34.7742
15.7623,1.28074,0.0834418,-0.395484,101.269,0,0,1276.23,92.0384,35.7995
15.7748,1.28737,0.0921463,-0.394566,101.269,0,0,1276.97,91.9751,36.822
15.7873,1.29415,0.0966805,-0.392086,101.269,0,0,1277.71,91.9008,37.8416
15.7998,1.30108,0.0969725,-0.388088,101.269,0,0,1278.45,91.8187,38.8578
15.8123,1.30814,0.0930116,-0.382637,101.269,0,0,1279.2,91.7323,39.8705
15.8248,1.3153,0.0848486,-0.37582,101.269,0,0,1279.95,91.6448,40.8794
15.8373,1.32248,0.0725957,-0.367737,101.269,0,0,1280.7,91.5597,41.8842
15.8498,1.32962,0.0564255,-0.3585,101.269,0,0,1281.47,91.48,42.8848
15.8623,1.33664,0.0365689,-0.348229,101.269,0,0,1282.24,91.409,43.8809
15.8748,1.34347,0.0133124,-0.337045,101.269,0,0,1283.01,91.3497,44.8723
15.8873,1.35002,-0.0130056,-0.325067,101.269,0,0,1283.8,91.3048,45.859
15.8998,1.35621,-0.042,-0.312409,101.269,0,0,1284.59,91.2769,46.8408
15.9123,1.362,-0.0732441,-0.299175,101.269,0,0,1285.38,91.2682,47.8175
15.9248,1.36731,-0.106276,-0.285462,101.269,0,0,1286.19,91.2804,48.789
15.9373,1.37212,-0.140606,-0.271357,101.269,0,0,1287,91.3153,49.7552
15.9498,1.3764,-0.175722,-0.256939,101.269,0,0,1287.81,91.3738,50.7161
15.9623,1.38012,-0.211102,-0.24228,101.269,0,0,1288.63,91.4565,51.6715
15.9748,1.38331,-0.246214,-0.227446,101.269,0,0,1289.45,91.5637,52.6214
15.9873,1.38596,-0.280534,-0.212504,101.269,0,0,1290.28,91.695,53.5658
15.9998,1.38812,-0.313545,-0.197519,101.269,0,0,1291.1,91.8497,54.5045
16.0123,1.38982,-0.34475,-0.182557,101.269,0,0,1291.93,92.0266,55.4375
16.0248,1.39114,-0.373679,-0.167691,101.269,0,0,1292.77,92.2241,56.3648
16.0373,1.39214,-0.399892,-0.152996,101.269,0,0,1293.6,92.4402,57.2863
16.0498,1.39291,-0.422992,-0.138553,101.269,0,0,1294.43,92.6726,58.2019
16.0623,1.39353,-0.442624,-0.124444,101.269,0,0,1295.27,92.9185,59.1115
16.0748,1.39411,-0.458485,-0.110753,101.269,0,0,1296.11,93.175,60.015
16.0873,1.39474,-0.470327,-0.0975592,101.269,0,0,1296.96,93.4389,60.9123
16.0998,1.39552,-0.477959,-0.0849337,101.269,0,0,1297.81,93.7068,61.8031
16.1123,1.39652,-0.48125,-0.0729346,101.269,0,0,1298.67,93.9752,62.6873
16.1248,1.39782,-0.480131,-0.0616027,101.269,0,0,1299.53,94.2402,63.5646
16.1373,1.39947,-0.474596,-0.0509577,101.269,0,0,1300.41,94.4981,64.4348
16.1498,1.40151,-0.464701,-0.040997,101.269,0,0,1301.29,94.7451,65.2975
16.1623,1.40394,-0.450565,-0.0316948,101.269,0,0,1302.19,94.9771,66.1525
16.1748,1.40677,-0.432364,-0.0230042,101.269,0,0,1303.1,95.1903,66.9992
16.1873,1.40998,-0.410335,-0.0148597,101.269,0,0,1304.02,95.381,67.8374
16.1998,1.41355,-0.384766,-0.00718103,101.269,0,0,1304.96,95.5454,68.6665
16.2123,1.41745,-0.355998,0.000122787,101.269,0,0,1305.91,95.6801,69.4862
16.2248,1.42165,-0.324416,0.00714913,101.269,0,0,1306.87,95.782,70.2959
16.2373,1.42612,-0.290448,0.0139983,101.269,0,0,1307.84,95.8481,71.0951
16.2498,1.43084,-0.254553,0.0207704,101.269,0,0,1308.82,95.8762,71.8834
16.2623,1.43579,-0.217222,0.027563,101.269,0,0,1309.82,95.8641,72.6604
16.2748,1.44098,-0.178966,0.0344689,101.269,0,0,1310.82,95.8105,73.4254
16.2873,1.4464,-0.140311,0.0415754,101.269,0,0,1311.82,95.7145,74.1781
16.2998,1.45205,-0.10179,0.0489622,101.269,0,0,1312.84,95.5758,74.918
16.3123,1.45796,-0.0639362,0.0567009,101.269,0,0,1313.85,95.3948,75.6447
16.3248,1.46413,-0.0272752,0.0648537,101.269,0,0,1314.87,95.1724,76.3578
16.3373,1.4706,0.00768323,0.0734716,101.269,0,0,1315.88,94.91,77.057
16.3498,1.47736,0.0404512,0.0825934,101.269,0,0,1316.9,94.6097,77.7419
16.3623,1.48445,0.0705703,0.0922436,101.269,0,0,1317.91,94.2741,78.4123
16.3748,1.49185,0.0976179,0.102431,101.269,0,0,1318.92,93.9062,79.0679
16.3874,1.49957,0.121214,0.113146,101.269,0,0,1319.93,93.5092,79.7085
16.3999,1.50759,0.141026,0.124364,101.269,0,0,1320.94,93.087,80.3339
16.4124,1.51587,0.156774,0.136038,101.269,0,0,1321.95,92.6436,80.9439
16.4249,1.52437,0.168235,0.148108,101.269,0,0,1322.97,92.1831,81.5383
16.4374,1.53304,0.175249,0.160495,101.269,0,0,1323.98,91.7099,82.117
16.4499,1.5418,0.177718,0.173112,101.269,0,0,1325,91.2287,82.6799
16.4624,1.55059,0.175607,0.185863,101.269,0,0,1326.03,90.7441,83.2268
16.4749,1.55934,0.16895,0.198648,101.269,0,0,1327.07,90.2607,83.7576
16.4874,1.56796,0.157844,0.211371,101.269,0,0,1328.11,89.7833,84.2722
16.4999,1.57639,0.142452,0.223944,101.269,0,0,1329.17,89.3166,84.7707
16.5124,1.58457,0.122997,0.236289,101.269,0,0,1330.25,88.8652,85.2529
16.5249,1.59246,0.0997599,0.248342,101.269,0,0,1331.34,88.4337,85.7187
16.5374,1.60002,0.0730747,0.260056,101.269,0,0,1332.44,88.0264,86.1683
16.5499,1.60723,0.0433247,0.271401,101.269,0,0,1333.56,87.6472,86.6015
16.5624,1.61407,0.0109354,0.282362,101.269,0,0,1334.7,87.2999,87.0185
16.5749,1.62055,-0.0236312,0.292942,101.269,0,0,1335.86,86.9878,87.4194
16.5874,1.62667,-0.0598837,0.303156,101.269,0,0,1337.02,86.7136,87.8042
16.5999,1.63244,-0.0973079,0.313033,101.269,0,0,1338.21,86.4797,88.1732
16.6124,1.63788,-0.135375,0.322611,101.269,0,0,1339.4,86.2875,88.5265
16.6249,1.64299,-0.173548,0.33194,101.269,0,0,1340.61,86.138,88.8644
16.6374,1.64779,-0.21129,0.341075,101.269,0,0,1341.82,86.0314,89.1872
16.6499,1.65228,-0.248071,0.350077,101.269,0,0,1343.04,85.9672,89.4952
16.6624,1.65648,-0.283379,0.359011,101.269,0,0,1344.27,85.9441,89.7887
16.6749,1.66038,-0.316719,0.367945,101.269,0,0,1345.5,85.9603,90.0681
16.6874,1.66399,-0.347629,0.376948,101.269,0,0,1346.73,86.0133,90.3338
16.6999,1.6673,-0.375681,0.386086,101.269,0,0,1347.96,86.0997,90.5861
16.7124,1.67031,-0.400489,0.395422,101.269,0,0,1349.19,86.216,90.8254
16.7249,1.67302,-0.421711,0.405014,101.269,0,0,1350.43,86.3579,91.052
16.7374,1.67543,-0.43906,0.414908,101.269,0,0,1351.66,86.521,91.2663
16.7499,1.67756,-0.452303,0.425141,101.269,0,0,1352.89,86.7002,91.4686
16.7624,1.67943,-0.461264,0.435737,101.269,0,0,1354.12,86.8906,91.6592
16.7749,1.68107,-0.465831,0.446703,101.269,0,0,1355.35,87.0867,91.8384
16.7874,1.68252,-0.465953,0.458035,101.269,0,0,1356.59,87.2833,92.0063
16.7999,1.68383,-0.461641,0.469714,101.269,0,0,1357.82,87.4748,92.1631
16.8124,1.68508,-0.452974,0.48171,101.269,0,0,1359.06,87.6558,92.309
16.8249,1.68632,-0.440089,0.493983,101.269,0,0,1360.31,87.821,92.4442
16.8374,1.68763,-0.423185,0.50649,101.269,0,0,1361.55,87.9654,92.5686
16.8499,1.68908,-0.402521,0.519182,101.269,0,0,1362.8,88.084,92.6824
16.8624,1.69074,-0.378408,0.532012,101.269,0,0,1364.06,88.1722,92.7855
16.8749,1.69267,-0.351206,0.544934,101.269,0,0,1365.31,88.2261,92.8781
16.8874,1.69493,-0.321321,0.557906,101.269,0,0,1366.57,88.2418,92.9601
16.8999,1.69757,-0.289199,0.570886,101.269,0,0,1367.83,88.2163,93.0316
16.9124,1.70064,-0.255315,0.583839,101.269,0,0,1369.09,88.1472,93.0925
16.9249,1.70414,-0.220172,0.596727,101.269,0,0,1370.34,88.0327,93.1428
16.9374,1.70812,-0.184289,0.609514,101.269,0,0,1371.59,87.8716,93.1826
16.9499,1.71257,-0.148196,0.622161,101.269,0,0,1372.83,87.6637,93.2119
16.9624,1.7175,-0.112425,0.634623,101.269,0,0,1374.07,87.4093,93.2308
16.9749,1.72288,-0.0775025,0.64685,101.269,0,0,1375.29,87.1096,93.2392
16.9874,1.7287,-0.0439415,0.658783,101.269,0,0,1376.51,86.7663,93.2374
16.9999,1.73493,-0.0122339,0.670351,101.269,0,0,1377.71,86.3819,93.2254
17.0124,1.7415,0.0171569,0.681476,101.269,0,0,1378.89,85.9594,93.2034
17.0249,1.74837,0.0438028,0.692067,101.269,0,0,1380.07,85.5021,93.1714
17.0374,1.75547,0.0673175,0.702024,101.269,0,0,1381.23,85.0142,93.1297
17.0499,1.76273,0.0873616,0.71124,101.269,0,0,1382.38,84.4997,93.0785
17.0624,1.77007,0.103648,0.719604,101.269,0,0,1383.52,83.9632,93.018
17.0749,1.77743,0.115946,0.727005,101.269,0,0,1384.65,83.4095,92.9483
17.0874,1.78473,0.124082,0.733337,101.269,0,0,1385.77,82.8433,92.8699
17.0999,1.79193,0.127947,0.738502,101.269,0,0,1386.89,82.2698,92.7828
17.1124,1.79897,0.127489,0.742416,101.269,0,0,1388.01,81.6939,92.6875
17.1249,1.80584,0.122723,0.745013,101.269,0,0,1389.13,81.1207,92.5843
17.1374,1.81254,0.113724,0.746247,101.269,0,0,1390.25,80.5552,92.4734
17.1499,1.81907,0.100628,0.746092,101.269,0,0,1391.38,80.0024,92.3553
17.1624,1.82547,0.0836268,0.744543,101.269,0,0,1392.51,79.4671,92.2304
17.1749,1.8318,0.0629717,0.741616,101.269,0,0,1393.66,78.9542,92.099
17.1874,1.83813,0.0389639,0.737346,101.269,0,0,1394.81,78.4679,91.9618
17.1999,1.84453,0.0119536,0.731781,101.269,0,0,1395.98,78.0128,91.8192
17.2124,1.8511,-0.0176659,0.724983,101.269,0,0,1397.16,77.5925,91.6717
17.2249,1.85791,-0.0494629,0.717026,101.269,0,0,1398.35,77.2107,91.5198
17.2374,1.86506,-0.0829738,0.707993,101.269,0,0,1399.55,76.8704,91.3643
17.2499,1.87261,-0.117709,0.697975,101.269,0,0,1400.77,76.574,91.2057
17.2624,1.88063,-0.153162,0.687073,101.269,0,0,1401.99,76.3233,91.0447
17.2749,1.88916,-0.188814,0.675402,101.269,0,0,1403.23,76.1196,90.8819
17.2874,1.89823,-0.224142,0.663084,101.269,0,0,1404.47,75.9632,90.718
17.2999,1.90785,-0.258633,0.650262,101.269,0,0,1405.71,75.8539,90.5537
17.3124,1.91797,-0.291782,0.637093,101.269,0,0,1406.96,75.7908,90.3897
17.3249,1.92855,-0.323109,0.623756,101.269,0,0,1408.21,75.7721,90.2267
17.3374,1.93951,-0.352163,0.610452,101.269,0,0,1409.46,75.7953,90.0652
17.3499,1.95072,-0.378527,0.597398,101.269,0,0,1410.71,75.8575,89.906
17.3624,1.96205,-0.40183,0.584833,101.269,0,0,1411.96,75.9551,89.7496
17.3749,1.97333,-0.421748,0.573006,101.269,0,0,1413.2,76.084,89.5966
17.3874,1.98439,-0.438009,0.562169,101.269,0,0,1414.45,76.2396,89.4476
17.3999,1.99506,-0.450395,0.552569,101.269,0,0,1415.69,76.4172,89.3031
17.4124,2.00518,-0.458748,0.544432,101.269,0,0,1416.92,76.6114,89.1636
17.4249,2.01461,-0.462965,0.537956,101.269,0,0,1418.16,76.817,89.0295
17.4374,2.02324,-0.462999,0.533295,101.269,0,0,1419.4,77.0286,88.9012
17.4499,2.031,-0.458861,0.530555,101.269,0,0,1420.63,77.2404,88.7791
17.4624,2.03789,-0.450614,0.529783,101.269,0,0,1421.87,77.447,88.6635
17.4749,2.04392,-0.438373,0.530973,101.269,0,0,1423.11,77.6429,88.5548
17.4874,2.04918,-0.422304,0.534062,101.269,0,0,1424.36,77.8227,88.4532
17.4999,2.05377,-0.402621,0.538942,101.269,0,0,1425.6,77.9813,88.3589
17.5124,2.05783,-0.379584,0.545461,101.269,0,0,1426.85,78.1137,88.2721
17.5249,2.06152,-0.353495,0.55344,101.269,0,0,1428.11,78.2155,88.1931
17.5374,2.06499,-0.324696,0.562677,101.269,0,0,1429.37,78.2826,88.1219
17.5499,2.06841,-0.293566,0.572954,101.269,0,0,1430.62,78.3114,88.0587
17.5624,2.07192,-0.260513,0.584049,101.269,0,0,1431.88,78.2988,88.0035
17.5749,2.07565,-0.225974,0.595734,101.269,0,0,1433.14,78.2426,87.9564
17.5874,2.07971,-0.190401,0.607782,101.269,0,0,1434.4,78.1409,87.9174
17.5999,2.08416,-0.154262,0.619965,101.269,0,0,1435.65,77.9929,87.8864
17.6124,2.08906,-0.118028,0.632056,101.269,0,0,1436.9,77.7984,87.8635
17.6249,2.09443,-0.0821677,0.643827,101.269,0,0,1438.13,77.5577,87.8485
17.6374,2.10025,-0.0471389,0.655049,101.269,0,0,1439.36,77.2721,87.8415
17.6499,2.10648,-0.0133822,0.665487,101.269,0,0,1440.58,76.9435,87.8422
17.6624,2.11305,0.018687,0.674906,101.269,0,0,1441.78,76.5744,87.8507
17.6749,2.11987,0.0486844,0.683069,101.269,0,0,1442.98,76.1679,87.8668
17.6874,2.12683,0.0762626,0.689738,101.269,0,0,1444.16,75.7275,87.8905
17.6999,2.13381,0.101116,0.694682,101.269,0,0,1445.33,75.257,87.9216
17.7124,2.14068,0.122982,0.697677,101.269,0,0,1446.49,74.7609,87.9602
17.7249,2.14734,0.141647,0.698519,101.269,0,0,1447.64,74.2436,88.0063
17.7374,2.15365,0.156946,0.697027,101.269,0,0,1448.78,73.7098,88.0597
17.7499,2.15955,0.168764,0.69305,101.269,0,0,1449.91,73.1645,88.1207
17.7624,2.16496,0.177033,0.686478,101.269,0,0,1451.04,72.6125,88.1893
17.7749,2.16985,0.181737,0.67724,101.269,0,0,1452.17,72.0589,88.2657
17.7874,2.17423,0.182909,0.665315,101.269,0,0,1453.3,71.5086,88.3501
17.7999,2.17814,0.180628,0.650729,101.269,0,0,1454.44,70.9667,88.4426
17.8124,2.18164,0.175024,0.633555,101.269,0,0,1455.58,70.438,88.5437
17.8249,2.18485,0.166269,0.613908,101.269,0,0,1456.73,69.9273,88.6537
17.8374,2.18788,0.154586,0.591944,101.269,0,0,1457.88,69.4391,88.7729
17.8499,2.19088,0.140237,0.567849,101.269,0,0,1459.05,68.9777,88.9018
17.8624,2.19401,0.123529,0.541838,101.269,0,0,1460.23,68.5472,89.0409
17.8749,2.1974,0.104805,0.514148,101.269,0,0,1461.41,68.1512,89.1906
17.8874,2.20119,0.0844425,0.485027,101.269,0,0,1462.61,67.7928,89.3515
17.8999,2.2055,0.0628463,0.45474,101.269,0,0,1463.82,67.4748,89.524
17.9124,2.21044,0.0404438,0.42356,101.269,0,0,1465.04,67.1992,89.7087
17.9249,2.21606,0.0176766,0.391767,101.269,0,0,1466.26,66.9675,89.9061
17.9374,2.2224,-0.00500757,0.359652,101.269,0,0,1467.49,66.7802,90.1167
17.9499,2.22947,-0.0271632,0.327511,101.269,0,0,1468.72,66.6376,90.3409
17.9624,2.23722,-0.0483557,0.295651,101.269,0,0,1469.96,66.5387,90.5791
17.9749,2.24559,-0.0681697,0.264386,101.269,0,0,1471.19,66.4823,90.8317
17.9874,2.25447,-0.086217,0.234035,101.269,0,0,1472.42,66.4661,91.0991
17.9999,2.26376,-0.102143,0.204923,101.269,0,0,1473.65,66.4874,91.3817
18.0124,2.2733,-0.115633,0.17737,101.269,0,0,1474.87,66.5428,91.6795
18.025,2.28295,-0.126417,0.151693,101.269,0,0,1476.09,66.6284,91.9929
18.0375,2.29256,-0.13427,0.128189,101.269,0,0,1477.3,66.7398,92.322
18.05,2.30197,-0.139018,0.107134,101.269,0,0,1478.51,66.8725,92.6669
18.0625,2.31108,-0.140533,0.0887696,101.269,0,0,1479.71,67.0213,93.0277
18.075,2.31979,-0.138736,0.0732995,101.269,0,0,1480.9,67.1812,93.4044
18.0875,2.32802,-0.133596,0.0608788,101.269,0,0,1482.09,67.3467,93.7971
18.1,2.33577,-0.125124,0.0516116,101.269,0,0,1483.27,67.5124,94.2056
18.1125,2.34304,-0.113377,0.0455484,101.269,0,0,1484.45,67.6731,94.6299
18.125,2.34989,-0.0984495,0.0426864,101.269,0,0,1485.62,67.8233,95.07
18.1375,2.35641,-0.08048,0.0429713,101.269,0,0,1486.78,67.958,95.5255
18.15,2.36273,-0.0596433,0.0463022,101.269,0,0,1487.95,68.0721,95.9964
18.1625,2.36898,-0.0361517,0.0525363,101.269,0,0,1489.11,68.161,96.4825
18.175,2.37532,-0.010253,0.0614946,101.269,0,0,1490.26,68.2204,96.9833
18.1875,2.38191,0.0177717,0.0729683,101.269,0,0,1491.41,68.2464,97.4987
18.2,2.38891,0.0476109,0.086723,101.269,0,0,1492.56,68.2356,98.0282
18.2125,2.39646,0.078927,0.102503,101.269,0,0,1493.7,68.1851,98.5715
18.225,2.40467,0.111361,0.120033,101.269,0,0,1494.82,68.0927,99.1282
18.2375,2.41364,0.144537,0.139021,101.269,0,0,1495.94,67.9568,99.6977
18.25,2.42342,0.178074,0.159156,101.269,0,0,1497.04,67.7764,100.279
18.2625,2.43403,0.211585,0.180107,101.269,0,0,1498.13,67.5512,100.873
18.275,2.44542,0.244696,0.201525,101.269,0,0,1499.21,67.2816,101.478
18.2875,2.45751,0.277042,0.223035,101.269,0,0,1500.26,66.9686,102.093
18.3,2.47017,0.308287,0.244243,101.269,0,0,1501.3,66.6138,102.719
18.3125,2.48323,0.33812,0.264732,101.269,0,0,1502.31,66.2195,103.353
18.325,2.49644,0.366269,0.284066,101.269,0,0,1503.31,65.7882,103.997
18.3375,2.50955,0.3925,0.301798,101.269,0,0,1504.28,65.3228,104.649
18.35,2.52227,0.41662,0.317475,101.269,0,0,1505.23,64.8268,105.308
18.3625,2.53427,0.438477,0.330654,101.269,0,0,1506.17,64.3037,105.975
18.375,2.54526,0.457957,0.340912,101.269,0,0,1507.08,63.7572,106.648
18.3875,2.55493,0.474981,0.34786,101.269,0,0,1507.98,63.1912,107.327
18.4,2.563,0.489499,0.351163,101.269,0,0,1508.87,62.6095,108.012
18.4125,2.56925,0.501485,0.35055,101.269,0,0,1509.74,62.016,108.702
18.425,2.5735,0.510929,0.345831,101.269,0,0,1510.6,61.4146,109.397
18.4375,2.57565,0.517837,0.336901,101.269,0,0,1511.46,60.8092,110.097
18.45,2.57566,0.522223,0.323755,101.269,0,0,1512.31,60.2035,110.801
18.4625,2.57357,0.524117,0.306483,101.269,0,0,1513.16,59.6013,111.51
18.475,2.5695,0.523555,0.285272,101.269,0,0,1514.01,59.0061,112.223
18.4875,2.56364,0.520595,0.260399,101.269,0,0,1514.87,58.4213,112.94
18.5,2.55623,0.515312,0.232221,101.269,0,0,1515.73,57.8504,113.661
18.5125,2.54757,0.50781,0.201158,101.269,0,0,1516.6,57.2965,114.386
18.525,2.53797,0.498224,0.167684,101.269,0,0,1517.48,56.7624,115.115
18.5375,2.52779,0.486727,0.132304,101.269,0,0,1518.37,56.251,115.848
18.55,2.51735,0.473527,0.0955401,101.269,0,0,1519.27,55.7644,116.586
18.5625,2.50698,0.458876,0.0579154,101.269,0,0,1520.18,55.3046,117.327
18.575,2.49697,0.443058,0.0199424,101.269,0,0,1521.1,54.8734,118.073
18.5875,2.48758,0.42639,-0.0178876,101.269,0,0,1522.03,54.4716,118.823
18.6,2.47902,0.409218,-0.0551111,101.269,0,0,1522.97,54.0999,119.578
18.6125,2.47145,0.391901,-0.091296,101.269,0,0,1523.92,53.7583,120.337
18.625,2.465,0.374808,-0.126043,101.269,0,0,1524.87,53.4464,121.1
18.6375,2.45974,0.358307,-0.158985,101.269,0,0,1525.83,53.1631,121.867
18.65,2.45571,0.342756,-0.189788,101.269,0,0,1526.79,52.9067,122.639
18.6625,2.45291,0.328493,-0.218146,101.269,0,0,1527.76,52.6753,123.416
18.675,2.45134,0.315831,-0.243784,101.269,0,0,1528.73,52.4661,124.196
18.6875,2.45096,0.305046,-0.266452,101.269,0,0,1529.7,52.2762,124.981
18.7,2.45174,0.296376,-0.285932,101.269,0,0,1530.67,52.1021,125.769
18.7125,2.45363,0.290016,-0.302032,101.269,0,0,1531.63,51.9403,126.561
18.725,2.45661,0.286113,-0.314591,101.269,0,0,1532.6,51.7867,127.357
18.7375,2.46065,0.284762,-0.323478,101.269,0,0,1533.56,51.6371,128.156
18.75,2.46576,0.286009,-0.328596,101.269,0,0,1534.52,51.4874,128.959
18.7625,2.47194,0.289848,-0.329879,101.269,0,0,1535.48,51.3332,129.764
18.775,2.47923,0.29622,-0.327298,101.269,0,0,1536.44,51.1702,130.571
18.7875,2.48769,0.305016,-0.320859,101.269,0,0,1537.39,50.9942,131.38
18.8,2.49737,0.316076,-0.310601,101.269,0,0,1538.33,50.8012,132.192
18.8125,2.50835,0.329194,-0.296602,101.269,0,0,1539.27,50.5874,133.004
18.825,2.52072,0.34412,-0.278974,101.269,0,0,1540.21,50.3491,133.817
18.8375,2.53455,0.360567,-0.257867,101.269,0,0,1541.13,50.0833,134.631
18.85,2.54991,0.378211,-0.233474,101.269,0,0,1542.05,49.787,135.445
18.8625,2.56683,0.396705,-0.206026,101.269,0,0,1542.95,49.4579,136.258
18.875,2.58532,0.415682,-0.175801,101.269,0,0,1543.85,49.0943,137.069
18.8875,2.60534,0.434769,-0.143129,101.269,0,0,1544.73,48.6948,137.88
18.9,2.62682,0.453594,-0.108391,101.269,0,0,1545.59,48.2586,138.688
18.9125,2.6496,0.471804,-0.0720238,101.269,0,0,1546.44,47.7854,139.493
18.925,2.67348,0.489069,-0.0345207,101.269,0,0,1547.27,47.2757,140.296
18.9375,2.6982,0.505097,0.00357115,101.269,0,0,1548.08,46.7302,141.094
18.95,2.72342,0.519646,0.0416578,101.269,0,0,1548.86,46.1501,141.889
18.9625,2.74877,0.532526,0.0791092,101.269,0,0,1549.63,45.5371,142.679
18.975,2.77385,0.543608,0.115274,101.269,0,0,1550.38,44.8933,143.464
18.9875,2.79824,0.552817,0.149498,101.269,0,0,1551.11,44.2209,144.244
19,2.8215,0.560138,0.181144,101.269,0,0,1551.82,43.5224,145.018
19.0125,2.84324,0.5656,0.209614,101.269,0,0,1552.51,42.8005,145.787
19.025,2.86309,0.569271,0.234368,101.269,0,0,1553.18,42.0579,146.548
19.0375,2.88074,0.571245,0.254936,101.269,0,0,1553.85,41.2975,147.304
19.05,2.89594,0.57163,0.270938,101.269,0,0,1554.5,40.5222,148.052
19.0625,2.90852,0.570533,0.282087,101.269,0,0,1555.15,39.7349,148.793
19.075,2.91835,0.568057,0.288196,101.269,0,0,1555.8,38.9384,149.527
19.0875,2.92543,0.564286,0.289181,101.269,0,0,1556.44,38.1357,150.253
19.1,2.92978,0.559287,0.285055,101.269,0,0,1557.1,37.3297,150.971
19.1125,2.93151,0.553104,0.275929,101.269,0,0,1557.76,36.5234,151.681
19.125,2.93078,0.545759,0.262006,101.269,0,0,1558.43,35.7199,152.383
19.1375,2.92783,0.537263,0.243572,101.269,0,0,1559.11,34.9221,153.076
19.15,2.92291,0.527614,0.220989,101.269,0,0,1559.82,34.1332,153.76
19.1625,2.91634,0.516811,0.194688,101.269,0,0,1560.55,33.3563,154.436
19.175,2.90844,0.504858,0.165155,101.269,0,0,1561.3,32.5944,155.102
19.1875,2.89958,0.491777,0.132918,101.269,0,0,1562.08,31.8505,155.759
19.2,2.8901,0.477608,0.0985382,101.269,0,0,1562.88,31.1276,156.406
19.2125,2.88037,0.462421,0.0625949,101.269,0,0,1563.72,30.4282,157.043
19.225,2.87071,0.446313,0.0256731,101.269,0,0,1564.58,29.7549,157.67
19.2375,2.86143,0.429413,-0.0116468,101.269,0,0,1565.47,29.1097,158.287
19.25,2.8528,0.411879,-0.0487993,101.269,0,0,1566.39,28.4943,158.893
19.2625,2.84506,0.393891,-0.0852412,101.269,0,0,1567.33,27.9099,159.488
19.275,2.83838,0.375647,-0.120458,101.269,0,0,1568.3,27.357,160.072
19.2875,2.83291,0.357356,-0.153966,101.269,0,0,1569.3,26.8357,160.645
19.3,2.82876,0.339231,-0.18532,101.269,0,0,1570.32,26.3454,161.206
19.3125,2.82596,0.321477,-0.214108,101.269,0,0,1571.35,25.8849,161.756
19.325,2.82455,0.304288,-0.239959,101.269,0,0,1572.41,25.4523,162.294
19.3375,2.8245,0.287837,-0.262541,101.269,0,0,1573.48,25.0452,162.819
19.35,2.82578,0.272272,-0.281561,101.269,0,0,1574.56,24.6605,163.333
19.3625,2.82834,0.257711,-0.296769,101.269,0,0,1575.66,24.2946,163.833
19.375,2.8321,0.244239,-0.307961,101.269,0,0,1576.77,23.9438,164.322
19.3875,2.83699,0.231909,-0.314976,101.269,0,0,1577.89,23.6035,164.797
19.4,2.84292,0.220735,-0.317705,101.269,0,0,1579.01,23.2692,165.259
19.4125,2.84981,0.210701,-0.316089,101.269,0,0,1580.14,22.9359,165.707
19.425,2.85757,0.201757,-0.310122,101.269,0,0,1581.28,22.5989,166.142
19.4375,2.86613,0.193827,-0.299853,101.269,0,0,1582.41,22.253,166.563
19.45,2.87541,0.186806,-0.285388,101.269,0,0,1583.55,21.8935,166.97
19.4625,2.88533,0.18057,-0.26689,101.269,0,0,1584.69,21.5155,167.362
19.475,2.89582,0.174978,-0.244577,101.269,0,0,1585.82,21.1146,167.74
19.4875,2.9068,0.169878,-0.218722,101.269,0,0,1586.95,20.6868,168.102
19.5,2.91818,0.165109,-0.189651,101.269,0,0,1588.07,20.2282,168.449
19.5125,2.9299,0.160513,-0.157736,101.269,0,0,1589.19,19.7357,168.78
19.525,2.94186,0.155933,-0.123398,101.269,0,0,1590.29,19.2068,169.095
19.5375,2.95396,0.151222,-0.0870916,101.269,0,0,1591.37,18.6394,169.395
19.55,2.9661,0.146248,-0.0493065,101.269,0,0,1592.44,18.0324,169.678
19.5625,2.97819,0.140893,-0.0105564,101.269,0,0,1593.49,17.385,169.944
19.575,2.99013,0.135061,0.0286279,101.269,0,0,1594.52,16.6972,170.194
19.5875,3.00181,0.128679,0.0677069,101.269,0,0,1595.52,15.9699,170.427
19.6,3.01316,0.121694,0.106141,101.269,0,0,1596.5,15.2043,170.644
19.6125,3.02409,0.114075,0.1434,101.269,0,0,1597.45,14.4022,170.843
19.625,3.03454,0.105814,0.178968,101.269,0,0,1598.37,13.566,171.026
19.6375,3.04447,0.0969185,0.212358,101.269,0,0,1599.27,12.6983,171.192
19.65,3.05384,0.0874125,0.24311,101.269,0,0,1600.15,11.8022,171.342
19.6625,3.06267,0.0773329,0.270807,101.269,0,0,1601,10.8808,171.475
19.6751,3.07097,0.0667257,0.295071,101.269,0,0,1601.83,9.93762,171.591
19.6876,3.07877,0.0556442,0.315578,101.269,0,0,1602.64,8.97606,171.691
19.7001,3.08614,0.0441458,0.332053,101.269,0,0,1603.43,7.99968,171.775
19.7126,3.09316,0.0322912,0.344278,101.269,0,0,1604.21,7.01204,171.842
19.7251,3.09991,0.0201428,0.352092,101.269,0,0,1604.98,6.01668,171.894
19.7376,3.10651,0.00776464,0.355396,101.269,0,0,1605.75,5.01714,171.929
19.7501,3.11306,-0.0047781,0.35415,101.269,0,0,1606.52,4.01698,171.948
19.7626,3.11967,-0.0174184,0.348375,101.269,0,0,1607.29,3.01972,171.951
19.7751,3.12646,-0.0300874,0.338153,101.269,0,0,1608.07,2.02893,171.938
19.7876,3.13354,-0.0427138,0.323625,101.269,0,0,1608.86,1.04816,171.908
19.8001,3.141,-0.0552243,0.30499,101.269,0,0,1609.67,0.0809802,171.862
19.8126,3.14893,-0.0675444,0.282502,101.269,0,0,1610.5,-0.869038,171.8
19.8251,3.1574,-0.0795992,0.256467,101.269,0,0,1611.34,-1.79837,171.721
19.8376,3.16644,-0.0913159,0.227243,101.269,0,0,1612.22,-2.70356,171.626
19.8501,3.17609,-0.102626,0.19523,101.269,0,0,1613.11,-3.58131,171.514
19.8626,3.18634,-0.11347,0.160868,101.269,0,0,1614.04,-4.4285,171.385
19.8751,3.19718,-0.123798,0.124634,101.269,0,0,1614.99,-5.24232,171.239
19.8876,3.20855,-0.133576,0.08703,101.269,0,0,1615.97,-6.02032,171.077
19.9001,3.22039,-0.142787,0.0485812,101.269,0,0,1616.97,-6.76048,170.897
19.9126,3.23262,-0.151436,0.00982512,101.269,0,0,1618,-7.46133,170.701
19.9251,3.24513,-0.159551,-0.0286956,101.269,0,0,1619.06,-8.12199,170.488
19.9376,3.25782,-0.167182,-0.0664416,101.269,0,0,1620.13,-8.74222,170.258
19.9501,3.27056,-0.174403,-0.102886,101.269,0,0,1621.22,-9.32243,170.012
19.9626,3.28323,-0.181311,-0.137521,101.269,0,0,1622.33,-9.86375,169.749
19.9751,3.29571,-0.188018,-0.169869,101.269,0,0,1623.45,-10.368,169.471
19.9876,3.30789,-0.194653,-0.199486,101.269,0,0,1624.58,-10.8375,169.176
20.0001,3.31964,-0.201357,-0.225971,101.269,0,0,1625.72,-11.2755,168.866
20.0126,3.33086,-0.208271,-0.248971,101.269,0,0,1626.87,-11.6854,168.541
20.0251,3.34144,-0.215538,-0.268183,101.269,0,0,1628.02,-12.0713,168.2
20.0376,3.35129,-0.223295,-0.283359,101.269,0,0,1629.18,-12.4377,167.845
20.0501,3.3603,-0.231665,-0.294308,101.269,0,0,1630.33,-12.7893,167.475
20.0626,3.36838,-0.240753,-0.300896,101.269,0,0,1631.48,-13.1309,167.091
20.0751,3.37545,-0.250644,-0.303049,101.269,0,0,1632.63,-13.4677,166.693
20.0876,3.38141,-0.261394,-0.300747,101.269,0,0,1633.77,-13.8047,166.282
20.1001,3.38617,-0.273031,-0.294029,101.269,0,0,1634.91,-14.1468,165.857
20.1126,3.38967,-0.285551,-0.282986,101.269,0,0,1636.04,-14.4987,165.419
20.1251,3.39183,-0.298916,-0.267763,101.269,0,0,1637.16,-14.8651,164.967
20.1376,3.39258,-0.313058,-0.248556,101.269,0,0,1638.26,-15.25,164.503
20.1501,3.3919,-0.327875,-0.225606,101.269,0,0,1639.36,-15.6572,164.027
20.1626,3.38974,-0.34324,-0.199205,101.269,0,0,1640.44,-16.0899,163.538
20.1751,3.38613,-0.359,-0.169688,101.269,0,0,1641.5,-16.5507,163.037
20.1876,3.3811,-0.374987,-0.137433,101.269,0,0,1642.54,-17.0419,162.524
20.2001,3.37473,-0.391019,-0.102863,101.269,0,0,1643.56,-17.5647,161.999
20.2126,3.36712,-0.406914,-0.06644,101.269,0,0,1644.56,-18.12,161.463
20.2251,3.35844,-0.422493,-0.0286628,101.269,0,0,1645.53,-18.7079,160.915
20.2376,3.34889,-0.437591,0.00993479,101.269,0,0,1646.47,-19.328,160.357
20.2501,3.33872,-0.452062,0.0487906,101.269,0,0,1647.39,-19.9793,159.787
20.2626,3.32819,-0.465785,0.0873213,101.269,0,0,1648.28,-20.6602,159.207
20.2751,3.31763,-0.478669,0.124931,101.269,0,0,1649.14,-21.3686,158.616
20.2876,3.30736,-0.490652,0.161021,101.269,0,0,1649.97,-22.1022,158.015
20.3001,3.29772,-0.501702,0.195002,101.269,0,0,1650.77,-22.8584,157.404
20.3126,3.28907,-0.511814,0.226307,101.269,0,0,1651.55,-23.6342,156.783
20.3251,3.28175,-0.521,0.254401,101.269,0,0,1652.3,-24.4265,156.153
20.3376,3.27607,-0.529289,0.278794,101.269,0,0,1653.03,-25.2324,155.513
20.3501,3.27232,-0.536711,0.299051,101.269,0,0,1653.74,-26.0485,154.865
20.3626,3.27077,-0.543292,0.314802,101.269,0,0,1654.43,-26.8718,154.207
20.3751,3.27163,-0.549047,0.325748,101.269,0,0,1655.11,-27.6991,153.541
20.3876,3.27507,-0.55397,0.33167,101.269,0,0,1655.78,-28.5273,152.867
20.4001,3.28121,-0.558032,0.332432,101.269,0,0,1656.44,-29.3534,152.184
20.4126,3.29012,-0.561175,0.327989,101.269,0,0,1657.11,-30.1743,151.494
20.4251,3.30178,-0.563317,0.318388,101.269,0,0,1657.77,-30.9869,150.796
20.4376,3.31614,-0.56435,0.303769,101.269,0,0,1658.44,-31.7885,150.09
20.4501,3.33306,-0.564151,0.284371,101.269,0,0,1659.12,-32.5758,149.378
20.4626,3.35235,-0.562588,0.260526,101.269,0,0,1659.81,-33.346,148.658
20.4751,3.37372,-0.559532,0.232655,101.269,0,0,1660.52,-34.0962,147.932
20.4876,3.39687,-0.554873,0.201261,101.269,0,0,1661.24,-34.8234,147.199
20.5001,3.42142,-0.548527,0.166914,101.269,0,0,1661.99,-35.5249,146.461
20.5126,3.44697,-0.54045,0.130238,101.269,0,0,1662.75,-36.1982,145.717
20.5251,3.47309,-0.530652,0.0918905,101.269,0,0,1663.53,-36.8406,144.967
20.5376,3.49935,-0.519196,0.0525428,101.269,0,0,1664.34,-37.4501,144.213
20.5501,3.52537,-0.506207,0.01286,101.269,0,0,1665.17,-38.0249,143.455
20.5626,3.55076,-0.491868,-0.0265172,101.269,0,0,1666.01,-38.5636,142.693
20.5751,3.57522,-0.476416,-0.0649871,101.269,0,0,1666.88,-39.0651,141.927
20.5876,3.59847,-0.460134,-0.101997,101.269,0,0,1667.77,-39.5291,141.158
20.6001,3.62032,-0.44334,-0.137051,101.269,0,0,1668.67,-39.9556,140.387
20.6126,3.64063,-0.426375,-0.169712,101.269,0,0,1669.58,-40.3452,139.615
20.6251,3.65931,-0.409595,-0.1996,101.269,0,0,1670.52,-40.6992,138.84
20.6376,3.67633,-0.393353,-0.226391,101.269,0,0,1671.46,-41.0194,138.066
20.6501,3.69168,-0.377993,-0.249814,101.269,0,0,1672.41,-41.3079,137.29
20.6626,3.70542,-0.363836,-0.269646,101.269,0,0,1673.37,-41.5675,136.515
20.6751,3.71759,-0.351176,-0.285711,101.269,0,0,1674.34,-41.8015,135.741
20.6876,3.72826,-0.340271,-0.297873,101.269,0,0,1675.31,-42.0134,134.968
20.7001,3.73749,-0.331338,-0.306037,101.269,0,0,1676.29,-42.2072,134.197
20.7126,3.74536,-0.324547,-0.310148,101.269,0,0,1677.27,-42.3868,133.427
20.7251,3.75192,-0.320023,-0.310188,101.269,0,0,1678.26,-42.5566,132.66
20.7376,3.75721,-0.317839,-0.306177,101.269,0,0,1679.24,-42.7211,131.895
20.7501,3.76125,-0.318017,-0.29817,101.269,0,0,1680.24,-42.8846,131.134
20.7626,3.76406,-0.320527,-0.286259,101.269,0,0,1681.23,-43.0516,130.376
20.7751,3.76563,-0.325291,-0.27057,101.269,0,0,1682.22,-43.2263,129.621
20.7876,3.76594,-0.33218,-0.251263,101.269,0,0,1683.22,-43.4129,128.87
20.8001,3.76498,-0.341018,-0.228532,101.269,0,0,1684.22,-43.6152,128.123
20.8126,3.76273,-0.351586,-0.202603,101.269,0,0,1685.21,-43.8369,127.38
20.8251,3.75917,-0.363628,-0.173733,101.269,0,0,1686.2,-44.081,126.642
20.8376,3.75431,-0.376854,-0.142214,101.269,0,0,1687.19,-44.3504,125.907
20.8501,3.74817,-0.390949,-0.108368,101.269,0,0,1688.17,-44.6473,125.177
20.8626,3.74083,-0.40558,-0.0725533,101.269,0,0,1689.15,-44.9735,124.452
20.8751,3.73237,-0.420405,-0.0351635,101.269,0,0,1690.12,-45.3302,123.73
20.8876,3.72292,-0.435083,0.00337331,101.269,0,0,1691.09,-45.7179,123.014
20.9001,3.71268,-0.449282,0.0425942,101.269,0,0,1692.04,-46.1368,122.301
20.9126,3.70187,-0.46269,0.0820041,101.269,0,0,1692.98,-46.5863,121.593
20.9251,3.69076,-0.47502,0.121081,101.269,0,0,1693.91,-47.0656,120.889
20.9376,3.67964,-0.486017,0.159285,101.269,0,0,1694.83,-47.5729,120.189
20.9501,3.66885,-0.495463,0.196065,101.269,0,0,1695.73,-48.1065,119.493
20.9626,3.65872,-0.503179,0.230878,101.269,0,0,1696.63,-48.664,118.801
20.9751,3.64959,-0.509022,0.263198,101.269,0,0,1697.51,-49.2427,118.114
20.9876,3.64179,-0.512882,0.292538,101.269,0,0,1698.39,-49.8397,117.43
21.0001,3.63559,-0.514677,0.31846,101.269,0,0,1699.25,-50.4518,116.75
21.0126,3.63124,-0.514351,0.340596,101.269,0,0,1700.12,-51.0758,116.074
21.0251,3.62891,-0.51186,0.358653,101.269,0,0,1700.98,-51.7081,115.402
21.0376,3.62873,-0.507175,0.372431,101.269,0,0,1701.83,-52.3451,114.734
21.0501,3.63074,-0.500272,0.381822,101.269,0,0,1702.7,-52.9832,114.071
21.0626,3.63491,-0.49113,0.386815,101.269,0,0,1703.56,-53.6184,113.412
21.0751,3.64113,-0.479737,0.387493,101.269,0,0,1704.44,-54.247,112.758
21.0876,3.64925,-0.466083,0.384029,101.269,0,0,1705.33,-54.8651,112.109
21.1001,3.65905,-0.450176,0.376678,101.269,0,0,1706.23,-55.4688,111.465
21.1126,3.67025,-0.432035,0.365762,101.269,0,0,1707.14,-56.054,110.828
21.1251,3.68256,-0.411709,0.351663,101.269,0,0,1708.08,-56.617,110.196
21.1376,3.69568,-0.389273,0.334803,101.269,0,0,1709.03,-57.154,109.571
21.1501,3.70928,-0.364838,0.315633,101.269,0,0,1710.01,-57.6613,108.954
21.1626,3.72307,-0.338557,0.294616,101.269,0,0,1711,-58.1354,108.345
21.1751,3.73675,-0.31062,0.272221,101.269,0,0,1712.02,-58.5733,107.744
21.1876,3.7501,-0.281259,0.248908,101.269,0,0,1713.06,-58.9722,107.152
21.2001,3.7629,-0.250744,0.225121,101.269,0,0,1714.12,-59.3298,106.57
21.2126,3.775,-0.219377,0.201287,101.269,0,0,1715.2,-59.6442,105.998
21.2251,3.78629,-0.187486,0.177809,101.269,0,0,1716.3,-59.9143,105.437
21.2376,3.79671,-0.155418,0.155071,101.269,0,0,1717.41,-60.1394,104.888
21.2501,3.80627,-0.123532,0.133432,101.269,0,0,1718.54,-60.3196,104.351
21.2626,3.81499,-0.0921886,0.113231,101.269,0,0,1719.67,-60.4558,103.826
21.2751,3.82296,-0.0617444,0.0947888,101.269,0,0,1720.82,-60.5493,103.315
21.2876,3.83028,-0.0325432,0.0784053,101.269,0,0,1721.98,-60.6022,102.817
21.3001,3.83709,-0.00491065,0.0643604,101.269,0,0,1723.14,-60.6173,102.333
21.3127,3.84355,0.0208511,0.0529117,101.269,0,0,1724.31,-60.5978,101.864
21.3252,3.84981,0.0444676,0.0442908,101.269,0,0,1725.49,-60.5477,101.41
21.3377,3.85606,0.0656947,0.0386992,101.269,0,0,1726.67,-60.471,100.97
21.3502,3.86242,0.0843211,0.0363024,101.269,0,0,1727.85,-60.3725,100.546
21.3627,3.86906,0.10017,0.0372244,101.269,0,0,1729.04,-60.2572,100.137
21.3752,3.87607,0.113098,0.0415424,101.269,0,0,1730.23,-60.1301,99.7444
21.3877,3.88353,0.123001,0.0492815,101.269,0,0,1731.43,-59.9967,99.3671
21.4002,3.89148,0.129811,0.0604125,101.269,0,0,1732.63,-59.8624,99.0057
21.4127,3.89993,0.133498,0.0748498,101.269,0,0,1733.83,-59.7326,98.6601
21.4252,3.90883,0.134073,0.0924529,101.269,0,0,1735.04,-59.6129,98.3305
21.4377,3.9181,0.131591,0.11303,101.269,0,0,1736.26,-59.5083,98.0168
21.4502,3.92765,0.126149,0.136342,101.269,0,0,1737.48,-59.4241,97.7188
21.4627,3.93733,0.11789,0.162112,101.269,0,0,1738.71,-59.3651,97.4365
21.4752,3.94701,0.107004,0.190033,101.269,0,0,1739.94,-59.3356,97.1697
21.4877,3.95654,0.0937262,0.219773,101.269,0,0,1741.18,-59.3398,96.9181
21.5002,3.96577,0.0783341,0.250988,101.269,0,0,1742.41,-59.381,96.6816
21.5127,3.97457,0.0611463,0.283328,101.269,0,0,1743.65,-59.4622,96.4597
21.5252,3.98284,0.042517,0.316441,101.269,0,0,1744.89,-59.5857,96.2522
21.5377,3.99048,0.0228291,0.349978,101.269,0,0,1746.12,-59.753,96.0587
21.5502,3.99745,0.00248818,0.383598,101.269,0,0,1747.35,-59.965,95.8786
21.5627,4.00374,-0.0180863,0.416969,101.269,0,0,1748.58,-60.2218,95.7116
21.5752,4.00936,-0.0384689,0.449765,101.269,0,0,1749.79,-60.5228,95.5571
21.5877,4.01436,-0.0582369,0.481673,101.269,0,0,1751,-60.8667,95.4147
21.6002,4.01883,-0.076978,0.51239,101.269,0,0,1752.19,-61.2515,95.2837
21.6127,4.02287,-0.0942981,0.541624,101.269,0,0,1753.37,-61.6748,95.1636
21.6252,4.02661,-0.109828,0.569101,101.269,0,0,1754.54,-62.1333,95.054
21.6377,4.0302,-0.123228,0.594561,101.269,0,0,1755.7,-62.6236,94.9543
21.6502,4.03376,-0.134193,0.617772,101.269,0,0,1756.84,-63.1417,94.8641
21.6627,4.03744,-0.142458,0.638526,101.269,0,0,1757.98,-63.6834,94.7828
21.6752,4.04136,-0.147797,0.656654,101.269,0,0,1759.11,-64.2443,94.7101
21.6877,4.04562,-0.150027,0.672023,101.269,0,0,1760.23,-64.8196,94.6457
21.7002,4.0503,-0.149009,0.684547,101.269,0,0,1761.34,-65.4046,94.5891
21.7127,4.05543,-0.144649,0.694188,101.269,0,0,1762.45,-65.9945,94.5401
21.7252,4.06102,-0.136899,0.700955,101.269,0,0,1763.57,-66.5842,94.4985
21.7377,4.06704,-0.125756,0.704907,101.269,0,0,1764.69,-67.1689,94.4642
21.7502,4.07344,-0.111268,0.70615,101.269,0,0,1765.81,-67.7436,94.437
21.7627,4.08011,-0.0935262,0.704826,101.269,0,0,1766.94,-68.3036,94.4168
21.7752,4.08696,-0.0726739,0.701116,101.269,0,0,1768.08,-68.844,94.4036
21.7877,4.09386,-0.0489004,0.695226,101.269,0,0,1769.23,-69.3605,94.3975
21.8002,4.10069,-0.0224424,0.687382,101.269,0,0,1770.39,-69.8487,94.3985
21.8127,4.10731,0.00641854,0.677823,101.269,0,0,1771.56,-70.3046,94.4066
21.8252,4.11361,0.037359,0.666797,101.269,0,0,1772.75,-70.7244,94.422
21.8377,4.11949,0.0700178,0.654556,101.269,0,0,1773.95,-71.1052,94.4447
21.8502,4.12489,0.104001,0.641352,101.269,0,0,1775.17,-71.4441,94.4748
21.8627,4.12975,0.138889,0.627437,101.269,0,0,1776.39,-71.7391,94.5124
21.8752,4.13405,0.174242,0.613062,101.269,0,0,1777.63,-71.9888,94.5576
21.8877,4.13782,0.209607,0.598478,101.269,0,0,1778.87,-72.1923,94.6105
21.9002,4.14109,0.244529,0.583941,101.269,0,0,1780.12,-72.3498,94.6711
21.9127,4.14395,0.278556,0.569706,101.269,0,0,1781.37,-72.4619,94.7395
21.9252,4.14652,0.311244,0.556033,101.269,0,0,1782.63,-72.5301,94.8157
21.9377,4.14895,0.342171,0.543186,101.269,0,0,1783.89,-72.5565,94.8996
21.9502,4.15139,0.370935,0.531426,101.269,0,0,1785.15,-72.5439,94.9911
21.9627,4.15403,0.397167,0.521015,101.269,0,0,1786.4,-72.4956,95.0903
21.9752,4.15707,0.420529,0.512198,101.269,0,0,1787.66,-72.4158,95.1969
21.9877,4.1607,0.440724,0.505204,101.269,0,0,1788.91,-72.3086,95.3109
22.0002,4.16509,0.457492,0.50023,101.269,0,0,1790.16,-72.179,95.4319
22.0127,4.17038,0.470616,0.497433,101.269,0,0,1791.4,-72.032,95.5599
22.0252,4.17669,0.479925,0.496916,101.269,0,0,1792.64,-71.873,95.6945
22.0377,4.18408,0.485292,0.498723,101.269,0,0,1793.89,-71.7073,95.8354
22.0502,4.19254,0.486636,0.502833,101.269,0,0,1795.13,-71.5407,95.9823
22.0627,4.20204,0.483928,0.509156,101.269,0,0,1796.37,-71.3785,96.1349
22.0752,4.21246,0.477188,0.517543,101.269,0,0,1797.61,-71.2265,96.2928
22.0877,4.22367,0.466489,0.527788,101.269,0,0,1798.85,-71.09,96.4554
22.1002,4.23547,0.451961,0.539643,101.269,0,0,1800.1,-70.9742,96.6223
22.1127,4.24766,0.433785,0.55283,101.269,0,0,1801.34,-70.8841,96.7931
22.1252,4.26005,0.412203,0.567058,101.269,0,0,1802.59,-70.8242,96.9672
22.1377,4.27243,0.387504,0.582033,101.269,0,0,1803.84,-70.7989,97.1439
22.1502,4.28461,0.360033,0.597469,101.269,0,0,1805.09,-70.8116,97.3227
22.1627,4.29645,0.330177,0.613098,101.269,0,0,1806.33,-70.8657,97.503
22.1752,4.30781,0.298365,0.628675,101.269,0,0,1807.58,-70.9635,97.6842
22.1877,4.31861,0.265058,0.643978,101.269,0,0,1808.82,-71.1069,97.8654
22.2002,4.3288,0.230743,0.658809,101.269,0,0,1810.05,-71.2971,98.0461
22.2127,4.33835,0.195923,0.672994,101.269,0,0,1811.28,-71.5345,98.2256
22.2252,4.34727,0.161112,0.686375,101.269,0,0,1812.49,-71.8186,98.4032
22.2377,4.3556,0.126822,0.698814,101.269,0,0,1813.69,-72.1485,98.5783
22.2502,4.3634,0.0935593,0.710185,101.269,0,0,1814.89,-72.5224,98.7502
22.2627,4.37074,0.0618126,0.720374,101.269,0,0,1816.07,-72.9381,98.9182
22.2752,4.3777,0.0320489,0.729278,101.269,0,0,1817.23,-73.3926,99.0819
22.2877,4.38439,0.00470482,0.736804,101.269,0,0,1818.38,-73.8825,99.2406
22.3002,4.39089,-0.0198189,0.742873,101.269,0,0,1819.52,-74.4041,99.3937
22.3127,4.39729,-0.0411629,0.747415,101.269,0,0,1820.64,-74.9532,99.5408
22.3252,4.40369,-0.0590143,0.75038,101.269,0,0,1821.76,-75.5255,99.6815
22.3377,4.41015,-0.0731106,0.751735,101.269,0,0,1822.86,-76.1163,99.8152
22.3502,4.41672,-0.083243,0.751467,101.269,0,0,1823.96,-76.7209,99.9416
22.3627,4.42342,-0.0892595,0.749588,101.269,0,0,1825.06,-77.3344,100.06
22.3752,4.43028,-0.0910671,0.746133,101.269,0,0,1826.15,-77.952,100.171
22.3877,4.43727,-0.0886333,0.741157,101.269,0,0,1827.25,-78.5687,100.273
22.4002,4.44437,-0.0819867,0.734741,101.269,0,0,1828.35,-79.1795,100.367
22.4127,4.45151,-0.0712175,0.726981,101.269,0,0,1829.45,-79.7796,100.451
22.4252,4.45863,-0.0564764,0.717986,101.269,0,0,1830.57,-80.3641,100.527
22.4377,4.46565,-0.0379736,0.707876,101.269,0,0,1831.69,-80.9283,100.593
22.4502,4.4725,-0.0159754,0.696773,101.269,0,0,1832.83,-81.4678,100.649
22.4627,4.47908,0.00919833,0.6848,101.269,0,0,1833.98,-81.9782,100.696
22.4752,4.48534,0.0371791,0.672075,101.269,0,0,1835.15,-82.4555,100.732
22.4877,4.49118,0.067555,0.658709,101.269,0,0,1836.33,-82.8961,100.758
22.5002,4.49657,0.0998765,0.644804,101.269,0,0,1837.52,-83.297,100.774
22.5127,4.50144,0.133663,0.630456,101.269,0,0,1838.73,-83.6554,100.78
22.5252,4.50577,0.168411,0.61575,101.269,0,0,1839.95,-83.9694,100.775
22.5377,4.50954,0.203601,0.600763,101.269,0,0,1841.19,-84.2377,100.759
22.5502,4.51276,0.238705,0.58557,101.269,0,0,1842.43,-84.4594,100.732
22.5627,4.51542,0.273196,0.570241,101.269,0,0,1843.67,-84.6349,100.695
22.5752,4.51756,0.306553,0.554847,101.269,0,0,1844.93,-84.7647,100.647
22.5877,4.51923,0.338273,0.539462,101.269,0,0,1846.18,-84.8505,100.588
22.6002,4.52048,0.367876,0.524161,101.269,0,0,1847.44,-84.8946,100.518
22.6127,4.52139,0.394912,0.509026,101.269,0,0,1848.7,-84.8997,100.437
22.6252,4.52204,0.41897,0.494145,101.269,0,0,1849.96,-84.8693,100.345
22.6377,4.52253,0.439681,0.479606,101.269,0,0,1851.21,-84.8074,100.242
22.6502,4.52296,0.456724,0.465502,101.269,0,0,1852.47,-84.7186,100.129
22.6627,4.52343,0.469832,0.45192,101.269,0,0,1853.72,-84.6074,100.004
22.6752,4.52405,0.478796,0.438941,101.269,0,0,1854.96,-84.4791,99.8679
22.6877,4.52489,0.483464,0.426632,101.269,0,0,1856.21,-84.3388,99.7207
22.7002,4.52605,0.483746,0.415043,101.269,0,0,1857.45,-84.1921,99.5621
22.7127,4.52757,0.479615,0.404203,101.269,0,0,1858.69,-84.0444,99.3919
22.7252,4.52949,0.471106,0.394116,101.269,0,0,1859.93,-83.9011,99.2099
22.7377,4.53184,0.458315,0.384761,101.269,0,0,1861.17,-83.7676,99.0159
22.7502,4.53461,0.441399,0.376094,101.269,0,0,1862.41,-83.6491,98.8096
22.7627,4.53779,0.420573,0.36805,101.269,0,0,1863.64,-83.5506,98.5906
22.7752,4.54136,0.396107,0.360546,101.269,0,0,1864.88,-83.4767,98.3587
22.7877,4.54527,0.368323,0.353489,101.269,0,0,1866.12,-83.4318,98.1135
22.8002,4.54949,0.337591,0.346776,101.269,0,0,1867.35,-83.4195,97.8547
22.8127,4.55399,0.304322,0.3403,101.269,0,0,1868.58,-83.4432,97.5818
22.8252,4.55874,0.268964,0.333953,101.269,0,0,1869.81,-83.5055,97.2947
22.8377,4.56372,0.231998,0.327632,101.269,0,0,1871.03,-83.6086,96.9928
22.8502,4.56891,0.193927,0.321236,101.269,0,0,1872.24,-83.7537,96.676
22.8627,4.57432,0.155271,0.314669,101.269,0,0,1873.44,-83.9414,96.3438
22.8752,4.57994,0.116561,0.307845,101.269,0,0,1874.63,-84.1717,95.9961
22.8877,4.58579,0.0783305,0.300684,101.269,0,0,1875.81,-84.4437,95.6326
22.9002,4.59188,0.0411064,0.293115,101.269,0,0,1876.97,-84.756,95.2531
22.9127,4.59824,0.00540488,0.28508,101.269,0,0,1878.11,-85.1065,94.8574
22.9252,4.60489,-0.0282784,0.276529,101.269,0,0,1879.24,-85.4925,94.4455
22.9377,4.61184,-0.0594743,0.267429,101.269,0,0,1880.35,-85.9108,94.0172
22.9503,4.6191,-0.0877474,0.257761,101.269,0,0,1881.44,-86.3578,93.5726
22.9628,4.62667,-0.112702,0.247521,101.269,0,0,1882.51,-86.8296,93.1115
22.9753,4.63455,-0.133989,0.236727,101.269,0,0,1883.57,-87.322,92.6341
22.9878,4.6427,-0.151308,0.225412,101.269,0,0,1884.62,-87.8306,92.1403
23.0003,4.65111,-0.164416,0.213629,101.269,0,0,1885.64,-88.3507,91.6303
23.0128,4.6597,-0.173131,0.201448,101.269,0,0,1886.66,-88.878,91.1041
23.0253,4.66843,-0.177329,0.18895,101.269,0,0,1887.67,-89.4076,90.5618
23.0378,4.67722,-0.176955,0.176229,101.269,0,0,1888.67,-89.9349,90.0034
23.0503,4.686,-0.172017,0.163384,101.269,0,0,1889.66,-90.4555,89.4292
23.0628,4.69469,-0.162589,0.150513,101.269,0,0,1890.65,-90.9649,88.8392
23.0753,4.70323,-0.148811,0.137711,101.269,0,0,1891.64,-91.4585,88.2336
23.0878,4.71154,-0.130883,0.125063,101.269,0,0,1892.63,-91.9324,87.6124
23.1003,4.71958,-0.109066,0.112641,101.269,0,0,1893.62,-92.3824,86.976
23.1128,4.7273,-0.0836752,0.100504,101.269,0,0,1894.62,-92.8048,86.3244
23.1253,4.73466,-0.0550779,0.088691,101.269,0,0,1895.61,-93.1963,85.6579
23.1378,4.74166,-0.0236849,0.077228,101.269,0,0,1896.61,-93.5536,84.9766
23.1503,4.74829,0.0100538,0.0661229,101.269,0,0,1897.61,-93.8741,84.281
23.1628,4.75453,0.0456561,0.0553696,101.269,0,0,1898.62,-94.1557,83.5711
23.1753,4.76041,0.0826147,0.0449485,101.269,0,0,1899.62,-94.3966,82.8474
23.1878,4.76593,0.120404,0.034829,101.269,0,0,1900.62,-94.5957,82.1102
23.2003,4.77111,0.15849,0.0249706,101.269,0,0,1901.63,-94.7524,81.3598
23.2128,4.77595,0.196332,0.0153253,101.269,0,0,1902.62,-94.8669,80.5968
23.2253,4.78048,0.233399,0.00583896,101.269,0,0,1903.61,-94.9397,79.8215
23.2378,4.78469,0.269169,-0.00354694,101.269,0,0,1904.6,-94.972,79.0343
23.2503,4.78859,0.30314,-0.0128936,101.269,0,0,1905.57,-94.9657,78.2358
23.2628,4.7922,0.334838,-0.0222631,101.269,0,0,1906.54,-94.9229,77.4263
23.2753,4.7955,0.363821,-0.0317165,101.269,0,0,1907.49,-94.8464,76.6064
23.2878,4.79851,0.389686,-0.0413117,101.269,0,0,1908.44,-94.7393,75.7766
23.3003,4.80124,0.412077,-0.0511011,101.269,0,0,1909.37,-94.6048,74.9372
23.3128,4.80368,0.430686,-0.0611292,101.269,0,0,1910.29,-94.4466,74.0887
23.3253,4.80585,0.445259,-0.0714309,101.269,0,0,1911.2,-94.2686,73.2316
23.3378,4.80778,0.455602,-0.0820294,101.269,0,0,1912.09,-94.0744,72.3662
23.3503,4.80949,0.461579,-0.0929354,101.269,0,0,1912.98,-93.8682,71.4928
23.3628,4.81103,0.463117,-0.104147,101.269,0,0,1913.85,-93.6537,70.6118
23.3753,4.81245,0.460208,-0.115649,101.269,0,0,1914.72,-93.4349,69.7234
23.3878,4.8138,0.452906,-0.127418,101.269,0,0,1915.58,-93.2156,68.828
23.4003,4.81515,0.441329,-0.13942,101.269,0,0,1916.43,-92.9993,67.9257
23.4128,4.81657,0.425656,-0.151619,101.269,0,0,1917.28,-92.7897,67.0168
23.4253,4.81812,0.406125,-0.163973,101.269,0,0,1918.13,-92.5898,66.1013
23.4378,4.81987,0.38303,-0.176441,101.269,0,0,1918.97,-92.4028,65.1794
23.4503,4.82188,0.356716,-0.188984,101.269,0,0,1919.8,-92.2315,64.2513
23.4628,4.8242,0.327574,-0.201565,101.269,0,0,1920.63,-92.0781,63.317
23.4753,4.82688,0.296036,-0.214151,101.269,0,0,1921.46,-91.9447,62.3766
23.4878,4.82996,0.26257,-0.226709,101.269,0,0,1922.29,-91.8331,61.4302
23.5003,4.83347,0.227669,-0.239211,101.269,0,0,1923.11,-91.7444,60.4779
23.5128,4.83743,0.191848,-0.251625,101.269,0,0,1923.93,-91.6795,59.5197
23.5253,4.84185,0.155635,-0.263918,101.269,0,0,1924.74,-91.6386,58.5557
23.5378,4.84673,0.119562,-0.276053,101.269,0,0,1925.55,-91.6217,57.586
23.5503,4.85206,0.0841593,-0.287986,101.269,0,0,1926.34,-91.6282,56.6107
23.5628,4.85783,0.0499456,-0.299666,101.269,0,0,1927.14,-91.657,55.6299
23.5753,4.86399,0.0174217,-0.31103,101.269,0,0,1927.92,-91.7068,54.6436
23.5878,4.87051,-0.0129376,-0.322006,101.269,0,0,1928.7,-91.7756,53.6521
23.6003,4.87734,-0.0406903,-0.332511,101.269,0,0,1929.46,-91.8615,52.6553
23.6128,4.88441,-0.0654342,-0.342451,101.269,0,0,1930.22,-91.9618,51.6536
23.6253,4.89166,-0.086812,-0.351723,101.269,0,0,1930.97,-92.074,50.647
23.6378,4.89902,-0.104517,-0.360221,101.269,0,0,1931.72,-92.1952,49.6358
23.6503,4.90641,-0.118297,-0.367834,101.269,0,0,1932.45,-92.3223,48.62
23.6628,4.91377,-0.127959,-0.374456,101.269,0,0,1933.18,-92.4522,47.6
23.6753,4.92104,-0.133369,-0.379986,101.269,0,0,1933.91,-92.5816,46.5759
23.6878,4.92817,-0.134455,-0.384335,101.269,0,0,1934.63,-92.7074,45.548
23.7003,4.93512,-0.131208,-0.387431,101.269,0,0,1935.34,-92.8262,44.5166
23.7128,4.9419,-0.123682,-0.389218,101.269,0,0,1936.05,-92.9349,43.4818
23.7253,4.9485,-0.111991,-0.389663,101.269,0,0,1936.76,-93.0303,42.4441
23.7378,4.95495,-0.0963088,-0.388752,101.269,0,0,1937.47,-93.1095,41.4037
23.7503,4.9613,-0.076866,-0.386492,101.269,0,0,1938.18,-93.1695,40.3609
23.7628,4.96761,-0.053947,-0.382909,101.269,0,0,1938.88,-93.2076,39.3161
23.7753,4.97396,-0.0278859,-0.378044,101.269,0,0,1939.58,-93.2215,38.2696
23.7878,4.98042,0.000937853,-0.371952,101.269,0,0,1940.29,-93.2089,37.2219
23.8003,4.98709,0.0321048,-0.3647,101.269,0,0,1940.98,-93.1679,36.1733
23.8128,4.99404,0.065161,-0.356365,101.269,0,0,1941.68,-93.097,35.1241
23.8253,5.00136,0.0996246,-0.347032,101.269,0,0,1942.37,-92.995,34.075
23.8378,5.0091,0.134993,-0.336796,101.269,0,0,1943.06,-92.8611,33.0261
23.8503,5.01733,0.170749,-0.325762,101.269,0,0,1943.74,-92.695,31.978
23.8628,5.02607,0.206371,-0.314046,101.269,0,0,1944.41,-92.4966,30.9311
23.8753,5.03534,0.241339,-0.301778,101.269,0,0,1945.08,-92.2664,29.8858
23.8878,5.04513,0.275143,-0.289106,101.269,0,0,1945.74,-92.0053,28.8424
23.9003,5.05538,0.307293,-0.276194,101.269,0,0,1946.39,-91.7143,27.8014
23.9128,5.06603,0.337322,-0.263229,101.269,0,0,1947.03,-91.3949,26.7632
23.9253,5.07699,0.364802,-0.250417,101.269,0,0,1947.66,-91.0488,25.7281
23.9378,5.08811,0.389341,-0.237983,101.269,0,0,1948.28,-90.6781,24.6964
23.9503,5.09926,0.410594,-0.226164,101.269,0,0,1948.9,-90.2849,23.6685
23.9628,5.11027,0.42827,-0.215206,101.269,0,0,1949.5,-89.8716,22.6446
23.9753,5.12097,0.442129,-0.205354,101.269,0,0,1950.11,-89.4405,21.6251
23.9878,5.1312,0.451989,-0.196835,101.269,0,0,1950.71,-88.9941,20.6103
24.0003,5.14081,0.457725,-0.189855,101.269,0,0,1951.31,-88.5352,19.6004
24.0128,5.14969,0.459269,-0.184582,101.269,0,0,1951.91,-88.0663,18.5955
24.0253,5.15776,0.456611,-0.181138,101.269,0,0,1952.51,-87.5902,17.5961
24.0378,5.16499,0.449794,-0.179592,101.269,0,0,1953.12,-87.1096,16.6023
24.0503,5.17138,0.438917,-0.179958,101.269,0,0,1953.74,-86.6272,15.6143
24.0628,5.17699,0.424128,-0.182198,101.269,0,0,1954.37,-86.1459,14.6323
24.0753,5.18191,0.405626,-0.186221,101.269,0,0,1955.01,-85.6684,13.6566
24.0878,5.18627,0.383657,-0.191899,101.269,0,0,1955.66,-85.1976,12.6873
24.1003,5.19022,0.358509,-0.199066,101.269,0,0,1956.33,-84.7361,11.7247
24.1128,5.19391,0.330514,-0.207533,101.269,0,0,1957.02,-84.2868,10.769
24.1253,5.19749,0.300042,-0.217095,101.269,0,0,1957.73,-83.8521,9.82029
24.1378,5.20111,0.267493,-0.227536,101.269,0,0,1958.45,-83.4345,8.8789
24.1503,5.2049,0.233298,-0.238638,101.269,0,0,1959.2,-83.036,7.94497
24.1628,5.20898,0.197906,-0.250177,101.269,0,0,1959.97,-82.6587,7.0187
24.1753,5.21342,0.161783,-0.261931,101.269,0,0,1960.76,-82.3041,6.10027
24.1878,5.21829,0.125402,-0.273679,101.269,0,0,1961.56,-81.9733,5.18986
24.2003,5.2236,0.0892366,-0.285197,101.269,0,0,1962.39,-81.6671,4.28765
24.2128,5.22935,0.053751,-0.296259,101.269,0,0,1963.23,-81.3857,3.39381
24.2253,5.23552,0.0193951,-0.306637,101.269,0,0,1964.09,-81.1289,2.50851
24.2378,5.24203,-0.013404,-0.316098,101.269,0,0,1964.97,-80.8959,1.63192
24.2503,5.24881,-0.0442481,-0.324408,101.269,0,0,1965.86,-80.6855,0.764199
24.2628,5.25576,-0.0727745,-0.331331,101.269,0,0,1966.76,-80.4958,-0.0944724
24.2753,5.26276,-0.0986598,-0.336636,101.269,0,0,1967.68,-80.3245,-0.943922
24.2878,5.26968,-0.121625,-0.340097,101.269,0,0,1968.61,-80.1691,-1.78396
24.3003,5.27641,-0.141437,-0.341505,101.269,0,0,1969.54,-80.0263,-2.6144
24.3128,5.28282,-0.157911,-0.340669,101.269,0,0,1970.49,-79.8928,-3.43503
24.3253,5.28883,-0.170914,-0.33743,101.269,0,0,1971.45,-79.7646,-4.24562
24.3378,5.29437,-0.18036,-0.331662,101.269,0,0,1972.42,-79.638,-5.04593
24.3503,5.29938,-0.186214,-0.323283,101.269,0,0,1973.39,-79.5086,-5.83568
24.3628,5.30387,-0.188491,-0.312253,101.269,0,0,1974.37,-79.3723,-6.61461
24.3753,5.30786,-0.187253,-0.298582,101.269,0,0,1975.36,-79.2246,-7.3824
24.3878,5.31141,-0.182614,-0.282328,101.269,0,0,1976.36,-79.0613,-8.13873
24.4003,5.31462,-0.174732,-0.26359,101.269,0,0,1977.36,-78.8782,-8.88327
24.4128,5.31761,-0.163812,-0.24251,101.269,0,0,1978.36,-78.6714,-9.61568
24.4253,5.32052,-0.150105,-0.219263,101.269,0,0,1979.37,-78.437,-10.3356
24.4378,5.32349,-0.133904,-0.194053,101.269,0,0,1980.38,-78.1718,-11.0426
24.4503,5.32669,-0.115541,-0.167105,101.269,0,0,1981.39,-77.8727,-11.7365
24.4628,5.33024,-0.0953858,-0.138664,101.269,0,0,1982.4,-77.5371,-12.4168
24.4753,5.33427,-0.0738367,-0.108983,101.269,0,0,1983.4,-77.1632,-13.0833
24.4878,5.3389,-0.0513171,-0.0783281,101.269,0,0,1984.4,-76.7496,-13.7355
24.5003,5.3442,-0.0282676,-0.0469726,101.269,0,0,1985.38,-76.2953,-14.3733
24.5128,5.35021,-0.00513812,-0.0151978,101.269,0,0,1986.36,-75.8002,-14.9963
24.5253,5.35696,0.0176204,0.0167075,101.269,0,0,1987.33,-75.2647,-15.6044
24.5378,5.36441,0.0395647,0.0484457,101.269,0,0,1988.28,-74.6897,-16.1974
24.5503,5.37252,0.0602678,0.0797115,101.269,0,0,1989.22,-74.0768,-16.775
24.5628,5.38119,0.0793272,0.110192,101.269,0,0,1990.14,-73.4279,-17.3373
24.5753,5.39032,0.0963719,0.13957,101.269,0,0,1991.05,-72.7454,-17.8839
24.5879,5.39976,0.111069,0.167526,101.269,0,0,1991.94,-72.0321,-18.4149
24.6004,5.40938,0.123127,0.193747,101.269,0,0,1992.82,-71.291,-18.9303
24.6129,5.41901,0.132303,0.21793,101.269,0,0,1993.69,-70.5254,-19.4299
24.6254,5.42851,0.138401,0.239794,101.269,0,0,1994.55,-69.7387,-19.9136
24.6379,5.43774,0.141275,0.259086,101.269,0,0,1995.4,-68.9346,-20.3816
24.6504,5.44661,0.140825,0.275588,101.269,0,0,1996.25,-68.1167,-20.8336
24.6629,5.45504,0.137003,0.28913,101.269,0,0,1997.09,-67.2888,-21.2697
24.6754,5.46298,0.129804,0.299587,101.269,0,0,1997.94,-66.4548,-21.6898
24.6879,5.47044,0.119268,0.30689,101.269,0,0,1998.79,-65.6185,-22.0939
24.7004,5.47745,0.105477,0.311022,101.269,0,0,1999.66,-64.7838,-22.4817
24.7129,5.48409,0.0885549,0.312018,101.269,0,0,2000.53,-63.9547,-22.8532
24.7254,5.49048,0.068665,0.309961,101.269,0,0,2001.42,-63.1352,-23.2084
24.7379,5.49675,0.0460082,0.30498,101.269,0,0,2002.33,-62.3294,-23.5471
24.7504,5.50304,0.0208221,0.297237,101.269,0,0,2003.26,-61.541,-23.8691
24.7629,5.50951,-0.00662121,0.286929,101.269,0,0,2004.21,-60.7742,-24.1744
24.7754,5.51633,-0.0360179,0.27428,101.269,0,0,2005.19,-60.0325,-24.4629
24.7879,5.52364,-0.0670361,0.259536,101.269,0,0,2006.19,-59.3196,-24.7345
24.8004,5.53156,-0.0993203,0.242961,101.269,0,0,2007.22,-58.6387,-24.989
24.8129,5.54021,-0.132497,0.224838,101.269,0,0,2008.28,-57.9927,-25.2266
24.8254,5.54964,-0.166182,0.205469,101.269,0,0,2009.36,-57.384,-25.4472
24.8379,5.55988,-0.199986,0.185171,101.269,0,0,2010.47,-56.8147,-25.6508
24.8504,5.57092,-0.233525,0.164284,101.269,0,0,2011.6,-56.2859,-25.8375
24.8629,5.58269,-0.266426,0.14317,101.269,0,0,2012.75,-55.7984,-26.0075
24.8754,5.59507,-0.298337,0.122211,101.269,0,0,2013.92,-55.3521,-26.1608
24.8879,5.60791,-0.328933,0.101812,101.269,0,0,2015.1,-54.9462,-26.2977
24.9004,5.62099,-0.357924,0.0824,101.269,0,0,2016.3,-54.5793,-26.4184
24.9129,5.63407,-0.385056,0.064415,101.269,0,0,2017.51,-54.2492,-26.5231
24.9254,5.64685,-0.410116,0.0483054,101.269,0,0,2018.74,-53.953,-26.6121
24.9379,5.65903,-0.432934,0.0345169,101.269,0,0,2019.97,-53.6873,-26.6857
24.9504,5.67031,-0.453379,0.0234797,101.269,0,0,2021.2,-53.4481,-26.7441
24.9629,5.68037,-0.471354,0.0155939,101.269,0,0,2022.44,-53.2309,-26.7877
24.9754,5.68893,-0.486798,0.0112139,101.269,0,0,2023.69,-53.0309,-26.8166
24.9879,5.69574,-0.499671,0.0106334,101.269,0,0,2024.94,-52.8429,-26.8313
25.0004,5.70062,-0.509958,0.0140716,101.269,0,0,2026.18,-52.6615,-26.8318
25.0129,5.70343,-0.517657,0.0216617,101.269,0,0,2027.43,-52.4814,-26.8185
25.0254,5.70412,-0.522779,0.0334432,101.269,0,0,2028.68,-52.297,-26.7916
25.0379,5.70269,-0.525349,0.0493576,101.269,0,0,2029.92,-52.103,-26.7512
25.0504,5.69926,-0.525402,0.0692493,101.269,0,0,2031.17,-51.894,-26.6976
25.0629,5.69398,-0.52299,0.0928704,101.269,0,0,2032.4,-51.6651,-26.6309
25.0754,5.68708,-0.518186,0.11989,101.269,0,0,2033.64,-51.4116,-26.5512
25.0879,5.67885,-0.511088,0.149907,101.269,0,0,2034.86,-51.1294,-26.4588
25.1004,5.66959,-0.501825,0.182466,101.269,0,0,2036.08,-50.8147,-26.3536
25.1129,5.65966,-0.490562,0.217073,101.269,0,0,2037.28,-50.4643,-26.2359
25.1254,5.64938,-0.477501,0.253214,101.269,0,0,2038.48,-50.0758,-26.1057
25.1379,5.63909,-0.462887,0.290368,101.269,0,0,2039.65,-49.6474,-25.9632
25.1504,5.62909,-0.446999,0.328024,101.269,0,0,2040.81,-49.1779,-25.8085
25.1629,5.61964,-0.430151,0.365689,101.269,0,0,2041.95,-48.667,-25.6418
25.1754,5.61096,-0.412684,0.402896,101.269,0,0,2043.07,-48.1149,-25.4632
25.1879,5.60323,-0.394959,0.439209,101.269,0,0,2044.17,-47.5226,-25.2729
25.2004,5.59659,-0.377349,0.474223,101.269,0,0,2045.24,-46.8917,-25.0711
25.2129,5.59112,-0.360227,0.507567,101.269,0,0,2046.29,-46.2244,-24.8579
25.2254,5.58686,-0.343959,0.5389,101.269,0,0,2047.31,-45.5234,-24.6335
25.2379,5.58382,-0.328894,0.567912,101.269,0,0,2048.31,-44.7916,-24.3982
25.2504,5.58201,-0.315356,0.59432,101.269,0,0,2049.29,-44.0324,-24.1522
25.2629,5.58138,-0.303638,0.617871,101.269,0,0,2050.24,-43.2494,-23.8956
25.2754,5.5819,-0.293993,0.638337,101.269,0,0,2051.18,-42.4465,-23.6288
25.2879,5.58353,-0.286632,0.655519,101.269,0,0,2052.1,-41.6274,-23.3519
25.3004,5.58623,-0.28172,0.669245,101.269,0,0,2053,-40.7963,-23.0652
25.3129,5.58997,-0.279371,0.679376,101.269,0,0,2053.89,-39.9571,-22.7689
25.3254,5.59474,-0.279649,0.685803,101.269,0,0,2054.78,-39.1138,-22.4633
25.3379,5.60056,-0.282566,0.688449,101.269,0,0,2055.66,-38.2705,-22.1486
25.3504,5.60743,-0.288082,0.687274,101.269,0,0,2056.54,-37.4311,-21.8251
25.3629,5.61542,-0.296105,0.682268,101.269,0,0,2057.43,-36.5997,-21.4931
25.3754,5.62458,-0.306492,0.673461,101.269,0,0,2058.33,-35.7801,-21.1529
25.3879,5.63499,-0.319054,0.660914,101.269,0,0,2059.24,-34.9765,-20.8048
25.4004,5.64672,-0.333555,0.644727,101.269,0,0,2060.16,-34.1926,-20.4492
25.4129,5.65987,-0.349719,0.625035,101.269,0,0,2061.09,-33.4321,-20.0863
25.4254,5.67449,-0.367233,0.602012,101.269,0,0,2062.05,-32.6989,-19.7167
25.4379,5.69065,-0.385756,0.575872,101.269,0,0,2063.03,-31.9963,-19.3408
25.4504,5.70837,-0.404926,0.546872,101.269,0,0,2064.03,-31.3275,-18.959
25.4629,5.72763,-0.424367,0.515319,101.269,0,0,2065.05,-30.6955,-18.5718
25.4754,5.74837,-0.443703,0.481568,101.269,0,0,2066.09,-30.1027,-18.1798
25.4879,5.77048,-0.462568,0.446029,101.269,0,0,2067.15,-29.551,-17.7835
25.5004,5.79377,-0.480617,0.40917,101.269,0,0,2068.23,-29.042,-17.3836
25.5129,5.81801,-0.497539,0.371512,101.269,0,0,2069.33,-28.5764,-16.9805
25.5254,5.8429,-0.513065,0.333626,101.269,0,0,2070.45,-28.1545,-16.575
25.5379,5.86808,-0.52698,0.296125,101.269,0,0,2071.58,-27.7758,-16.1676
25.5504,5.89317,-0.539124,0.259651,101.269,0,0,2072.72,-27.439,-15.759
25.5629,5.91773,-0.549395,0.224856,101.269,0,0,2073.88,-27.1425,-15.3499
25.5754,5.94135,-0.557752,0.192383,101.269,0,0,2075.04,-26.8835,-14.9407
25.5879,5.96361,-0.564199,0.162847,101.269,0,0,2076.21,-26.6592,-14.5322
25.6004,5.98413,-0.568788,0.136813,101.269,0,0,2077.39,-26.4657,-14.1248
25.6129,6.00257,-0.571597,0.11478,101.269,0,0,2078.57,-26.2991,-13.7192
25.6254,6.01865,-0.572726,0.0971637,101.269,0,0,2079.76,-26.1548,-13.3158
25.6379,6.03218,-0.572281,0.0842875,101.269,0,0,2080.95,-26.0279,-12.9152
25.6504,6.043,-0.570365,0.0763767,101.269,0,0,2082.14,-25.9134,-12.5177
25.6629,6.05107,-0.567067,0.0735547,101.269,0,0,2083.33,-25.806,-12.1239
25.6754,6.05639,-0.562461,0.0758431,101.269,0,0,2084.53,-25.7002,-11.734
25.6879,6.05905,-0.556598,0.0831648,101.269,0,0,2085.72,-25.5909,-11.3484
25.7004,6.0592,-0.549512,0.0953485,101.269,0,0,2086.92,-25.4727,-10.9674
25.7129,6.05703,-0.541218,0.112135,101.269,0,0,2088.11,-25.3404,-10.5912
25.7254,6.05282,-0.531722,0.133185,101.269,0,0,2089.31,-25.1893,-10.2202
25.7379,6.04685,-0.521026,0.158091,101.269,0,0,2090.5,-25.0148,-9.8544
25.7504,6.03946,-0.509138,0.186383,101.269,0,0,2091.7,-24.8127,-9.49402
25.7629,6.031,-0.496078,0.217544,101.269,0,0,2092.88,-24.5794,-9.13914
25.7754,6.02181,-0.481886,0.251025,101.269,0,0,2094.06,-24.3117,-8.78983
25.7879,6.01227,-0.466629,0.286253,101.269,0,0,2095.24,-24.007,-8.44613
25.8004,6.00271,-0.450402,0.322644,101.269,0,0,2096.4,-23.6636,-8.10804
25.8129,5.99344,-0.43333,0.35962,101.269,0,0,2097.56,-23.2802,-7.77551
25.8254,5.98475,-0.415569,0.396612,101.269,0,0,2098.7,-22.8562,-7.4485
25.8379,5.97688,-0.397298,0.433073,101.269,0,0,2099.83,-22.3919,-7.12691
25.8504,5.97002,-0.378717,0.468483,101.269,0,0,2100.94,-21.888,-6.81065
25.8629,5.96434,-0.360037,0.502352,101.269,0,0,2102.03,-21.346,-6.49959
25.8754,5.95993,-0.341476,0.534225,101.269,0,0,2103.11,-20.7679,-6.19361
25.8879,5.95686,-0.323246,0.563682,101.269,0,0,2104.17,-20.1563,-5.89259
25.9004,5.95516,-0.30555,0.590341,101.269,0,0,2105.21,-19.5139,-5.5964
25.9129,5.95481,-0.288571,0.613859,101.269,0,0,2106.24,-18.8442,-5.30494
25.9254,5.9558,-0.272469,0.633931,101.269,0,0,2107.26,-18.1508,-5.01812
25.9379,5.95806,-0.257376,0.650293,101.269,0,0,2108.26,-17.4374,-4.73589
25.9504,5.96152,-0.243388,0.662726,101.269,0,0,2109.25,-16.7081,-4.45822
25.9629,5.9661,-0.230571,0.671052,101.269,0,0,2110.23,-15.9669,-4.18514
25.9754,5.97173,-0.218953,0.675145,101.269,0,0,2111.21,-15.2182,-3.91671
25.9879,5.97832,-0.208529,0.674927,101.269,0,0,2112.18,-14.4661,-3.65305
26.0004,5.98579,-0.199262,0.67037,101.269,0,0,2113.16,-13.7151,-3.39432
26.0129,5.99405,-0.191082,0.661504,101.269,0,0,2114.15,-12.9693,-3.14076
26.0254,6.00303,-0.183896,0.648414,101.269,0,0,2115.14,-12.2333,-2.89266
26.0379,6.01266,-0.177584,0.631239,101.269,0,0,2116.15,-11.5114,-2.65036
26.0504,6.02286,-0.172009,0.610177,101.269,0,0,2117.17,-10.8078,-2.41426
26.0629,6.03357,-0.167021,0.58548,101.269,0,0,2118.2,-10.1267,-2.18482
26.0754,6.04471,-0.16246,0.557452,101.269,0,0,2119.26,-9.47226,-1.96253
26.0879,6.0562,-0.158163,0.526449,101.269,0,0,2120.33,-8.84829,-1.74796
26.1004,6.06797,-0.153967,0.492871,101.269,0,0,2121.42,-8.25841,-1.54166
26.1129,6.07991,-0.149719,0.457161,101.269,0,0,2122.54,-7.70588,-1.34426
26.1254,6.09195,-0.145274,0.419794,101.269,0,0,2123.68,-7.19354,-1.15638
26.1379,6.10398,-0.140504,0.381275,101.269,0,0,2124.83,-6.7237,-0.978647
26.1504,6.11591,-0.135299,0.342127,101.269,0,0,2126.01,-6.29811,-0.811691
26.1629,6.12764,-0.129571,0.302889,101.269,0,0,2127.2,-5.91789,-0.656133
26.1754,6.13907,-0.123251,0.264098,101.269,0,0,2128.41,-5.58342,-0.512571
26.1879,6.15014,-0.116297,0.226291,101.269,0,0,2129.63,-5.29441,-0.381575
26.2004,6.16076,-0.108684,0.189987,101.269,0,0,2130.86,-5.0498,-0.263679
26.2129,6.17089,-0.100408,0.155688,101.269,0,0,2132.1,-4.8478,-0.159376
26.2255,6.18049,-0.0914824,0.123862,101.269,0,0,2133.35,-4.68594,-0.069112
26.238,6.18954,-0.0819345,0.0949441,101.269,0,0,2134.6,-4.56109,0.00671409
26.2505,6.19806,-0.0718029,0.0693267,101.269,0,0,2135.85,-4.4695,0.0677559
26.263,6.20607,-0.0611345,0.0473546,101.269,0,0,2137.11,-4.40691,0.113719
26.2755,6.21362,-0.0499825,0.0293213,101.269,0,0,2138.37,-4.3686,0.144359
26.288,6.22078,-0.0384041,0.0154654,101.269,0,0,2139.63,-4.34949,0.159486
26.3005,6.22764,-0.0264594,0.00596779,101.269,0,0,2140.89,-4.3442,0.15896
26.313,6.23429,-0.0142107,0.000950162,101.269,0,0,2142.15,-4.34714,0.142688
26.3255,6.24084,-0.00172219,0.000473579,101.269,0,0,2143.42,-4.35263,0.11063
26.338,6.24741,0.0109398,0.00453825,101.269,0,0,2144.68,-4.35493,0.0627933
26.3505,6.25411,0.0237063,0.0130838,101.269,0,0,2145.93,-4.34834,-0.000766359
26.363,6.26104,0.0365059,0.02599,101.269,0,0,2147.19,-4.32731,-0.0799434
26.3755,6.26833,0.0492642,0.0430785,101.269,0,0,2148.45,-4.2865,-0.174583
26.388,6.27605,0.0619044,0.0641148,101.269,0,0,2149.7,-4.22085,-0.284478
26.4005,0.00109022,0.0743486,0.0888109,101.269,0,0,2150.95,-4.12571,-0.409372
26.413,0.00989024,0.0865191,0.116829,101.269,0,0,2152.2,-3.99685,-0.548956
26.4255,0.019296,0.0983413,0.147784,101.269,0,0,2153.44,-3.83062,-0.70287
26.438,0.02932,0.109746,0.181249,101.269,0,0,2154.67,-3.62395,-0.8707
26.4505,0.0399506,0.120675,0.216763,101.269,0,0,2155.9,-3.37442,-1.05199
26.463,0.0511522,0.131082,0.253832,101.269,0,0,2157.11,-3.08034,-1.24623
26.4755,0.0628665,0.140936,0.291939,101.269,0,0,2158.3,-2.74072,-1.45288
26.488,0.0750147,0.150228,0.330551,101.269,0,0,2159.48,-2.35532,-1.67135
26.5005,0.087501,0.15897,0.369126,101.269,0,0,2160.65,-1.92462,-1.90104
26.513,0.100216,0.167199,0.407121,101.269,0,0,2161.79,-1.44977,-2.14131
26.5255,0.113041,0.174973,0.444005,101.269,0,0,2162.91,-0.932553,-2.39154
26.538,0.125851,0.182375,0.479259,101.269,0,0,2164.01,-0.37534,-2.65107
26.5505,0.138521,0.189508,0.512395,101.269,0,0,2165.09,0.21902,-2.91929
26.563,0.150926,0.19649,0.542952,101.269,0,0,2166.15,0.847265,-3.19557
26.5755,0.162944,0.203455,0.570512,101.269,0,0,2167.19,1.5058,-3.47933
26.588,0.174458,0.210542,0.594702,101.269,0,0,2168.2,2.19077,-3.77002
26.6005,0.185357,0.217891,0.615199,101.269,0,0,2169.2,2.89816,-4.06714
26.613,0.195535,0.225639,0.631732,101.269,0,0,2170.19,3.6238,-4.37023
26.6255,0.204891,0.233914,0.644089,101.269,0,0,2171.16,4.36347,-4.67888
26.638,0.213327,0.242827,0.652112,101.269,0,0,2172.13,5.1129,-4.99274
26.6505,0.220749,0.252469,0.655706,101.269,0,0,2173.08,5.86783,-5.31153
26.663,0.227067,0.262908,0.65483,101.269,0,0,2174.04,6.62398,-5.63501
26.6755,0.232195,0.274181,0.649501,101.269,0,0,2175,7.37715,-5.963
26.688,0.236051,0.286296,0.639792,101.269,0,0,2175.96,8.12314,-6.2954
26.7005,0.238562,0.299228,0.625828,101.269,0,0,2176.93,8.85784,-6.63212
26.713,0.239668,0.31292,0.607788,101.269,0,0,2177.9,9.57723,-6.97316
26.7255,0.239323,0.327282,0.5859,101.269,0,0,2178.89,10.2774,-7.31852
26.738,0.2375,0.342198,0.560438,101.269,0,0,2179.9,10.9547,-7.66826
26.7505,0.2342,0.357526,0.531725,101.269,0,0,2180.92,11.6055,-8.02246
26.763,0.229455,0.373105,0.500128,101.269,0,0,2181.95,12.2267,-8.38123
26.7755,0.22333,0.388762,0.466058,101.269,0,0,2183.01,12.8153,-8.74468
26.788,0.215933,0.404318,0.429967,101.269,0,0,2184.08,13.369,-9.11293
26.8005,0.207412,0.419598,0.392346,101.269,0,0,2185.17,13.8858,-9.48612
26.813,0.197959,0.434438,0.353722,101.269,0,0,2186.27,14.3643,-9.86434
26.8255,0.187805,0.448689,0.314653,101.269,0,0,2187.39,14.8037,-10.2477
26.838,0.177222,0.462231,0.275718,101.269,0,0,2188.52,15.2038,-10.6363
26.8505,0.166511,0.474969,0.237514,101.269,0,0,2189.66,15.5651,-11.0302
26.863,0.155999,0.486838,0.200641,101.269,0,0,2190.81,15.8889,-11.4294
26.8755,0.146024,0.497805,0.165693,101.269,0,0,2191.97,16.1771,-11.8339
26.888,0.136934,0.507861,0.133248,101.269,0,0,2193.14,16.432,-12.2437
26.9005,0.129065,0.517023,0.10385,101.269,0,0,2194.31,16.6568,-12.6588
26.913,0.122743,0.525318,0.0780058,101.269,0,0,2195.48,16.8551,-13.0789
26.9255,0.118267,0.532783,0.0561671,101.269,0,0,2196.65,17.031,-13.504
26.938,0.115904,0.539451,0.0387253,101.269,0,0,2197.83,17.1889,-13.9339
26.9505,0.115883,0.545344,0.0260027,101.269,0,0,2199,17.3337,-14.3684
26.963,0.118388,0.550469,0.0182453,101.269,0,0,2200.18,17.4704,-14.8072
26.9755,0.123555,0.554804,0.0156172,101.269,0,0,2201.35,17.6041,-15.25
26.988,0.131464,0.558305,0.0181965,101.269,0,0,2202.52,17.7401,-15.6965
27.0005,0.142137,0.560895,0.0259704,101.269,0,0,2203.69,17.8837,-16.1464
27.013,0.155535,0.562475,0.0388329,101.269,0,0,2204.85,18.04,-16.5991
27.0255,0.171551,0.562925,0.0565833,101.269,0,0,2206.02,18.2141,-17.0543
27.038,0.190013,0.56211,0.0789262,101.269,0,0,2207.18,18.4105,-17.5114
27.0505,0.210686,0.559896,0.105475,101.269,0,0,2208.33,18.6338,-17.97
27.063,0.233269,0.556159,0.13576,101.269,0,0,2209.48,18.8879,-18.4296
27.0755,0.257413,0.550796,0.169235,101.269,0,0,2210.61,19.1764,-18.8895
27.088,0.282725,0.543744,0.205295,101.269,0,0,2211.74,19.5022,-19.3491
27.1005,0.30879,0.534983,0.243294,101.269,0,0,2212.86,19.8676,-19.808
27.113,0.335181,0.524549,0.28256,101.269,0,0,2213.96,20.2745,-20.2654
27.1255,0.361486,0.512537,0.322422,101.269,0,0,2215.05,20.7239,-20.7207
27.138,0.38732,0.499101,0.362224,101.269,0,0,2216.11,21.2161,-21.1734
27.1505,0.41234,0.484453,0.401342,101.269,0,0,2217.16,21.7509,-21.6228
27.163,0.436259,0.468854,0.439199,101.269,0,0,2218.19,22.3275,-22.0683
27.1755,0.458845,0.452605,0.475272,101.269,0,0,2219.2,22.9442,-22.5094
27.188,0.479932,0.436036,0.509095,101.269,0,0,2220.19,23.5992,-22.9455
27.2005,0.499409,0.419495,0.540262,101.269,0,0,2221.15,24.29,-23.3761
27.213,0.517219,0.403333,0.568424,101.269,0,0,2222.09,25.0137,-23.8008
27.2255,0.533348,0.387897,0.593287,101.269,0,0,2223.01,25.7672,-24.2191
27.238,0.547817,0.373514,0.614607,101.269,0,0,2223.91,26.5471,-24.6305
27.2505,0.560672,0.36049,0.632188,101.269,0,0,2224.8,27.3499,-25.0346
27.263,0.571975,0.349093,0.645879,101.269,0,0,2225.67,28.1719,-25.4312
27.2755,0.581792,0.339555,0.655569,101.269,0,0,2226.52,29.0093,-25.8199
27.288,0.59019,0.332063,0.661188,101.269,0,0,2227.37,29.8584,-26.2004
27.3005,0.597227,0.326757,0.662704,101.269,0,0,2228.22,30.7154,-26.5723
27.313,0.602949,0.32373,0.660123,101.269,0,0,2229.07,31.5765,-26.9354
27.3255,0.607387,0.32302,0.653489,101.269,0,0,2229.92,32.4377,-27.2895
27.338,0.610558,0.324617,0.642882,101.269,0,0,2230.78,33.2952,-27.6343
27.3505,0.612464,0.328459,0.628415,101.269,0,0,2231.64,34.1452,-27.9696
27.363,0.613096,0.334436,0.61024,101.269,0,0,2232.53,34.9838,-28.295
27.3755,0.612438,0.342388,0.58854,101.269,0,0,2233.43,35.8072,-28.6105
27.388,0.610473,0.352114,0.563531,101.269,0,0,2234.35,36.6115,-28.9157
27.4005,0.607191,0.36337,0.535464,101.269,0,0,2235.3,37.3931,-29.2104
27.413,0.602593,0.37588,0.504621,101.269,0,0,2236.26,38.1484,-29.4944
27.4255,0.596705,0.389339,0.471319,101.269,0,0,2237.26,38.8742,-29.7674
27.438,0.589578,0.403424,0.435908,101.269,0,0,2238.28,39.5674,-30.0293
27.4505,0.5813,0.417798,0.398777,101.269,0,0,2239.32,40.2254,-30.2799
27.463,0.571998,0.432125,0.360345,101.269,0,0,2240.4,40.8461,-30.5189
27.4755,0.561845,0.446073,0.321073,101.269,0,0,2241.49,41.4279,-30.7462
27.488,0.551057,0.459329,0.281449,101.269,0,0,2242.61,41.9696,-30.9615
27.5005,0.53989,0.471603,0.241995,101.269,0,0,2243.75,42.4711,-31.1648
27.513,0.528639,0.482636,0.203249,101.269,0,0,2244.9,42.9327,-31.3558
27.5255,0.517626,0.492203,0.165765,101.269,0,0,2246.08,43.3553,-31.5345
27.538,0.507186,0.50012,0.130093,101.269,0,0,2247.27,43.7408,-31.7006
27.5505,0.497658,0.506237,0.0967691,101.269,0,0,2248.47,44.0916,-31.854
27.563,0.489368,0.510439,0.066296,101.269,0,0,2249.68,44.4108,-31.9946
27.5755,0.482611,0.512642,0.0391298,101.269,0,0,2250.9,44.702,-32.1223
27.588,0.477641,0.512784,0.0156634,101.269,0,0,2252.13,44.9694,-32.2368
27.6005,0.474657,0.510823,-0.00378543,101.269,0,0,2253.36,45.2176,-32.3381
27.613,0.473795,0.506727,-0.0189851,101.269,0,0,2254.6,45.4515,-32.426
27.6255,0.475119,0.50047,-0.0297964,101.269,0,0,2255.83,45.6763,-32.5002
27.638,0.478622,0.492033,-0.0361761,101.269,0,0,2257.07,45.8974,-32.5606
27.6505,0.484228,0.481398,-0.0381763,101.269,0,0,2258.31,46.1203,-32.607
27.663,0.491792,0.468553,-0.0359402,101.269,0,0,2259.55,46.3504,-32.6391
27.6755,0.501112,0.453496,-0.0296951,101.269,0,0,2260.79,46.5929,-32.6567
27.688,0.511937,0.436239,-0.0197421,101.269,0,0,2262.02,46.853,-32.6594
27.7005,0.523981,0.416815,-0.00644348,101.269,0,0,2263.25,47.1355,-32.6471
27.713,0.536936,0.395285,0.00979059,101.269,0,0,2264.47,47.4447,-32.6194
27.7255,0.550487,0.371744,0.0285167,101.269,0,0,2265.69,47.7848,-32.5761
27.738,0.564324,0.346323,0.0492718,101.269,0,0,2266.89,48.1589,-32.5169
27.7505,0.578157,0.319193,0.071586,101.269,0,0,2268.08,48.5699,-32.4416
27.763,0.591729,0.290569,0.0949929,101.269,0,0,2269.25,49.0199,-32.3498
27.7755,0.604819,0.260701,0.119038,101.269,0,0,2270.41,49.5103,-32.2415
27.788,0.617253,0.229875,0.143285,101.269,0,0,2271.55,50.0418,-32.1164
27.8005,0.628907,0.198406,0.167317,101.269,0,0,2272.66,50.6143,-31.9744
27.813,0.639706,0.166632,0.190741,101.269,0,0,2273.75,51.2271,-31.8155
27.8255,0.649624,0.134903,0.213184,101.269,0,0,2274.82,51.8788,-31.6394
27.838,0.658683,0.103576,0.234296,101.269,0,0,2275.85,52.5675,-31.4463
27.8505,0.666946,0.073006,0.253746,101.269,0,0,2276.87,53.2907,-31.2362
27.8631,0.674513,0.0435382,0.271224,101.269,0,0,2277.85,54.0454,-31.009
27.8756,0.68151,0.015502,0.28644,101.269,0,0,2278.81,54.8285,-30.7649
27.8881,0.688089,-0.0107949,0.299124,101.269,0,0,2279.74,55.6364,-30.5039
27.9006,0.694411,-0.0350708,0.309033,101.269,0,0,2280.65,56.4653,-30.2262
27.9131,0.700641,-0.0570731,0.315952,101.269,0,0,2281.54,57.3115,-29.9319
27.9256,0.706941,-0.0765809,0.319701,101.269,0,0,2282.4,58.171,-29.621
27.9381,0.713453,-0.0934067,0.320138,101.269,0,0,2283.26,59.04,-29.2938
27.9506,0.7203,-0.107397,0.317168,101.269,0,0,2284.1,59.9146,-28.9503
27.9631,0.727574,-0.118435,0.310746,101.269,0,0,2284.93,60.7909,-28.5907
27.9756,0.735328,-0.126438,0.30088,101.269,0,0,2285.76,61.6649,-28.2149
27.9881,0.743581,-0.131363,0.287635,101.269,0,0,2286.58,62.5331,-27.8231
28.0006,0.752307,-0.133206,0.271134,101.269,0,0,2287.41,63.3915,-27.4153
28.0131,0.761446,-0.132005,0.25155,101.269,0,0,2288.25,64.2365,-26.9916
28.0256,0.770903,-0.127837,0.229108,101.269,0,0,2289.09,65.0645,-26.552
28.0381,0.780557,-0.120829,0.204072,101.269,0,0,2289.94,65.8718,-26.0964
28.0506,0.790269,-0.11115,0.176744,101.269,0,0,2290.81,66.6552,-25.6251
28.0631,0.79989,-0.0990153,0.14745,101.269,0,0,2291.7,67.4112,-25.1378
28.0756,0.809274,-0.0846833,0.116534,101.269,0,0,2292.59,68.1369,-24.6348
28.0881,0.818284,-0.068455,0.0843482,101.269,0,0,2293.51,68.8295,-24.1161
28.1006,0.826802,-0.0506679,0.0512509,101.269,0,0,2294.45,69.4864,-23.5816
28.1131,0.834735,-0.0316913,0.0175968,101.269,0,0,2295.4,70.1058,-23.0317
28.1256,0.84202,-0.0119191,-0.0162648,101.269,0,0,2296.36,70.686,-22.4663
28.1381,0.848628,0.00823732,-0.049992,101.269,0,0,2297.34,71.226,-21.8856
28.1506,0.854565,0.0283579,-0.0832523,101.269,0,0,2298.34,71.7253,-21.2899
28.1631,0.85987,0.0480219,-0.115723,101.269,0,0,2299.34,72.1842,-20.6794
28.1756,0.864614,0.066816,-0.147092,101.269,0,0,2300.35,72.6033,-20.0543
28.1881,0.868894,0.0843423,-0.17706,101.269,0,0,2301.37,72.9841,-19.4149
28.2006,0.872831,0.100225,-0.205342,101.269,0,0,2302.39,73.3285,-18.7615
28.2131,0.876558,0.114116,-0.231669,101.269,0,0,2303.41,73.639,-18.0946
28.2256,0.880214,0.125701,-0.255798,101.269,0,0,2304.44,73.9186,-17.4143
28.2381,0.883937,0.134701,-0.277508,101.269,0,0,2305.46,74.1708,-16.721
28.2506,0.887854,0.140878,-0.296617,101.269,0,0,2306.48,74.3992,-16.0151
28.2631,0.892073,0.144034,-0.312976,101.269,0,0,2307.49,74.608,-15.2969
28.2756,0.896676,0.144017,-0.326482,101.269,0,0,2308.5,74.8015,-14.5668
28.2881,0.901714,0.140715,-0.337081,101.269,0,0,2309.51,74.9839,-13.825
28.3006,0.907202,0.134064,-0.344766,101.269,0,0,2310.5,75.1597,-13.0719
28.3131,0.913124,0.124046,-0.349578,101.269,0,0,2311.49,75.3333,-12.3077
28.3256,0.919428,0.110689,-0.351607,101.269,0,0,2312.47,75.5089,-11.5327
28.3381,0.926033,0.0940671,-0.350985,101.269,0,0,2313.44,75.6906,-10.7472
28.3506,0.932836,0.0743049,-0.347881,101.269,0,0,2314.4,75.8822,-9.95134
28.3631,0.939717,0.0515734,-0.342493,101.269,0,0,2315.35,76.0873,-9.14537
28.3756,0.946549,0.0260912,-0.335041,101.269,0,0,2316.28,76.3089,-8.3295
28.3881,0.953204,-0.00187774,-0.325763,101.269,0,0,2317.2,76.5499,-7.50391
28.4006,0.959563,-0.0320262,-0.314907,101.269,0,0,2318.11,76.8125,-6.6688
28.4131,0.965522,-0.064008,-0.302724,101.269,0,0,2319,77.0985,-5.82433
28.4256,0.970997,-0.0974423,-0.289469,101.269,0,0,2319.88,77.409,-4.97069
28.4381,0.975931,-0.13192,-0.275396,101.269,0,0,2320.73,77.7449,-4.10807
28.4506,0.980296,-0.16701,-0.260762,101.269,0,0,2321.57,78.1063,-3.23663
28.4631,0.984097,-0.202266,-0.245821,101.269,0,0,2322.38,78.4928,-2.35656
28.4756,0.987374,-0.237235,-0.230829,101.269,0,0,2323.18,78.9036,-1.46806
28.4881,0.9902,-0.271466,-0.216049,101.269,0,0,2323.95,79.3375,-0.571308
28.5006,0.992682,-0.304515,-0.201743,101.269,0,0,2324.7,79.7928,0.333488
28.5131,0.994958,-0.335953,-0.18818,101.269,0,0,2325.43,80.2676,1.24613
28.5256,0.997192,-0.365375,-0.175629,101.269,0,0,2326.14,80.7595,2.16641
28.5381,0.999569,-0.392403,-0.164358,101.269,0,0,2326.83,81.2662,3.09413
28.5506,1.00229,-0.416691,-0.154628,101.269,0,0,2327.49,81.785,4.02907
28.5631,1.00554,-0.437929,-0.14668,101.269,0,0,2328.15,82.3132,4.97103
28.5756,1.00951,-0.455848,-0.140731,101.269,0,0,2328.78,82.8481,5.91979
28.5881,1.01437,-0.470217,-0.136958,101.269,0,0,2329.4,83.3867,6.87514
28.6006,1.02025,-0.48085,-0.13549,101.269,0,0,2330.01,83.9265,7.83687
28.6131,1.02722,-0.487606,-0.136396,101.269,0,0,2330.62,84.4645,8.80477
28.6256,1.03531,-0.490388,-0.139681,101.269,0,0,2331.21,84.998,9.77861
28.6381,1.04449,-0.489147,-0.14528,101.269,0,0,2331.81,85.5244,10.7582
28.6506,1.05467,-0.483885,-0.153062,101.269,0,0,2332.4,86.0408,11.7432
28.6631,1.06573,-0.474655,-0.162839,101.269,0,0,2333,86.5448,12.7335
28.6756,1.07748,-0.461562,-0.174371,101.269,0,0,2333.6,87.0337,13.7288
28.6881,1.08972,-0.444768,-0.187383,101.269,0,0,2334.2,87.5049,14.7288
28.7006,1.10224,-0.42449,-0.201581,101.269,0,0,2334.82,87.9561,15.7333
28.7131,1.11484,-0.400997,-0.216663,101.269,0,0,2335.44,88.3849,16.7418
28.7256,1.12731,-0.374612,-0.232331,101.269,0,0,2336.08,88.789,17.7543
28.7381,1.13949,-0.345706,-0.248304,101.269,0,0,2336.72,89.1665,18.7702
28.7506,1.15123,-0.314689,-0.264321,101.269,0,0,2337.37,89.5155,19.7892
28.7631,1.16243,-0.282011,-0.280144,101.269,0,0,2338.04,89.8345,20.811
28.7756,1.17302,-0.248148,-0.295562,101.269,0,0,2338.72,90.1222,21.8351
28.7881,1.18296,-0.213597,-0.310386,101.269,0,0,2339.4,90.3779,22.8612
28.8006,1.19224,-0.178867,-0.324449,101.269,0,0,2340.1,90.6009,23.8888
28.8131,1.20091,-0.144471,-0.337603,101.269,0,0,2340.8,90.7913,24.9175
28.8256,1.209,-0.110916,-0.349712,101.269,0,0,2341.51,90.9493,25.9469
28.8381,1.21658,-0.0786983,-0.360657,101.269,0,0,2342.23,91.0757,26.9766
28.8506,1.22374,-0.0482911,-0.370327,101.269,0,0,2342.95,91.1716,28.0062
28.8631,1.23057,-0.0201418,-0.378624,101.269,0,0,2343.68,91.2387,29.0351
28.8756,1.23717,0.00533642,-0.385459,101.269,0,0,2344.41,91.2787,30.0631
28.8881,1.24363,0.0277698,-0.390759,101.269,0,0,2345.14,91.2941,31.0897
28.9006,1.25004,0.0468292,-0.394462,101.269,0,0,2345.87,91.2872,32.1145
28.9131,1.25647,0.0622345,-0.396529,101.269,0,0,2346.61,91.261,33.1373
28.9256,1.26299,0.0737582,-0.396938,101.269,0,0,2347.35,91.2183,34.1576
28.9381,1.26963,0.0812282,-0.395689,101.269,0,0,2348.09,91.1623,35.1752
28.9506,1.27642,0.0845307,-0.392809,101.269,0,0,2348.84,91.0963,36.1897
28.9631,1.28334,0.0836115,-0.388346,101.269,0,0,2349.59,91.0236,37.2008
28.9756,1.29037,0.0784775,-0.382371,101.269,0,0,2350.34,90.9476,38.2084
28.9881,1.29746,0.0691969,-0.374976,101.269,0,0,2351.1,90.8716,39.2121
29.0006,1.30455,0.0558986,-0.366266,101.269,0,0,2351.87,90.7991,40.2117
29.0131,1.31157,0.0387715,-0.356359,101.269,0,0,2352.64,90.7332,41.2071
29.0256,1.31842,0.0180616,-0.345378,101.269,0,0,2353.41,90.6771,42.198
29.0381,1.32504,-0.00593024,-0.333449,101.269,0,0,2354.2,90.6336,43.1843
29.0506,1.33134,-0.032853,-0.320694,101.269,0,0,2354.99,90.6056,44.1658
29.0631,1.33725,-0.0623103,-0.30723,101.269,0,0,2355.79,90.5953,45.1423
29.0756,1.3427,-0.0938657,-0.293165,101.269,0,0,2356.59,90.6051,46.1138
29.0881,1.34764,-0.12705,-0.278601,101.269,0,0,2357.4,90.6366,47.0802
29.1006,1.35203,-0.161367,-0.263628,101.269,0,0,2358.21,90.6911,48.0413
29.1131,1.35585,-0.196303,-0.248333,101.269,0,0,2359.03,90.7697,48.997
29.1256,1.3591,-0.231333,-0.232795,101.269,0,0,2359.85,90.8727,49.9474
29.1381,1.36178,-0.265929,-0.21709,101.269,0,0,2360.68,91.0003,50.8923
29.1506,1.36392,-0.299568,-0.201295,101.269,0,0,2361.51,91.1518,51.8317
29.1631,1.36555,-0.331741,-0.185488,101.269,0,0,2362.34,91.3266,52.7656
29.1756,1.36675,-0.361961,-0.16975,101.269,0,0,2363.17,91.5231,53.6938
29.1881,1.36757,-0.389766,-0.154169,101.269,0,0,2364,91.7397,54.6163
29.2006,1.36811,-0.414733,-0.138837,101.269,0,0,2364.83,91.9742,55.5331
29.2131,1.36846,-0.436478,-0.123852,101.269,0,0,2365.67,92.2241,56.4441
29.2256,1.36874,-0.454665,-0.109312,101.269,0,0,2366.5,92.4868,57.3491
29.2381,1.36904,-0.469008,-0.0953147,101.269,0,0,2367.34,92.7591,58.2481
29.2506,1.36948,-0.479279,-0.081949,101.269,0,0,2368.19,93.0377,59.1409
29.2631,1.37015,-0.485307,-0.069293,101.269,0,0,2369.04,93.3193,60.0273
29.2756,1.37114,-0.486982,-0.0574068,101.269,0,0,2369.9,93.6002,60.9071
29.2881,1.37251,-0.484254,-0.0463281,101.269,0,0,2370.77,93.8766,61.78
29.3006,1.37431,-0.477137,-0.0360692,101.269,0,0,2371.64,94.1447,62.6458
29.3131,1.37656,-0.465707,-0.0266159,101.269,0,0,2372.53,94.4007,63.5042
29.3256,1.37926,-0.450099,-0.0179278,101.269,0,0,2373.43,94.6406,64.3548
29.3381,1.3824,-0.430508,-0.00994167,101.269,0,0,2374.34,94.8606,65.1972
29.3506,1.38594,-0.407184,-0.00257449,101.269,0,0,2375.27,95.0569,66.0309
29.3631,1.38986,-0.38043,0.00427125,101.269,0,0,2376.21,95.2259,66.8556
29.3756,1.3941,-0.350599,0.0107029,101.269,0,0,2377.16,95.3643,67.6708
29.3881,1.39863,-0.318087,0.0168332,101.269,0,0,2378.12,95.4689,68.4759
29.4006,1.40342,-0.28333,0.022776,101.269,0,0,2379.1,95.537,69.2706
29.4131,1.40842,-0.246795,0.0286435,101.269,0,0,2380.09,95.5663,70.0542
29.4256,1.41363,-0.208978,0.0345438,101.269,0,0,2381.08,95.555,70.8264
29.4381,1.41904,-0.170392,0.0405793,101.269,0,0,2382.09,95.5019,71.5866
29.4506,1.42465,-0.131565,0.0468453,101.269,0,0,2383.1,95.4061,72.3343
29.4631,1.43045,-0.093029,0.053429,101.269,0,0,2384.11,95.2675,73.0693
29.4756,1.43648,-0.0553128,0.0604088,101.269,0,0,2385.13,95.0868,73.7909
29.4881,1.44276,-0.0189368,0.0678529,101.269,0,0,2386.15,94.8649,74.499
29.5007,1.44929,0.0155962,0.0758181,101.269,0,0,2387.17,94.6035,75.193
29.5132,1.45611,0.0478076,0.0843485,101.269,0,0,2388.19,94.3048,75.8727
29.5257,1.46323,0.0772499,0.0934734,101.269,0,0,2389.21,93.9716,76.5379
29.5382,1.47066,0.103513,0.103206,101.269,0,0,2390.22,93.6068,77.1882
29.5507,1.47839,0.126231,0.113541,101.269,0,0,2391.24,93.2141,77.8234
29.5632,1.48641,0.145085,0.124455,101.269,0,0,2392.25,92.7972,78.4434
29.5757,1.4947,0.159813,0.135905,101.269,0,0,2393.27,92.3602,79.0479
29.5882,1.50321,0.170209,0.147832,101.269,0,0,2394.29,91.9075,79.6368
29.6007,1.51189,0.176128,0.160159,101.269,0,0,2395.31,91.4435,80.2099
29.6132,1.52066,0.17749,0.172798,101.269,0,0,2396.34,90.9727,80.7672
29.6257,1.52946,0.17428,0.185651,101.269,0,0,2397.38,90.5,81.3085
29.6382,1.53821,0.166549,0.198618,101.269,0,0,2398.42,90.0301,81.8337
29.6507,1.54683,0.154411,0.211602,101.269,0,0,2399.48,89.5676,82.3428
29.6632,1.55526,0.138045,0.22451,101.269,0,0,2400.55,89.1174,82.8356
29.6757,1.56344,0.117692,0.237262,101.269,0,0,2401.63,88.6841,83.3121
29.6882,1.57131,0.0936463,0.24979,101.269,0,0,2402.73,88.272,83.7723
29.7007,1.57883,0.0662582,0.262043,101.269,0,0,2403.85,87.8855,84.2162
29.7132,1.58599,0.0359231,0.273986,101.269,0,0,2404.98,87.5284,84.6439
29.7257,1.59277,0.00307807,0.2856,101.269,0,0,2406.12,87.2045,85.0554
29.7382,1.59915,-0.0318051,0.296881,101.269,0,0,2407.29,86.9167,85.4508
29.7507,1.60515,-0.0682268,0.30784,101.269,0,0,2408.46,86.6678,85.8303
29.7632,1.61077,-0.105667,0.318499,101.269,0,0,2409.65,86.4597,86.194
29.7757,1.61603,-0.143593,0.328889,101.269,0,0,2410.85,86.2938,86.5423
29.7882,1.62093,-0.181465,0.339051,101.269,0,0,2412.06,86.1709,86.8752
29.8007,1.62549,-0.218748,0.349033,101.269,0,0,2413.28,86.0908,87.1933
29.8132,1.62972,-0.254914,0.358886,101.269,0,0,2414.5,86.0528,87.4967
29.8257,1.63364,-0.289454,0.368665,101.269,0,0,2415.73,86.0555,87.7858
29.8382,1.63724,-0.321881,0.378425,101.269,0,0,2416.96,86.0967,88.061
29.8507,1.64055,-0.351743,0.388221,101.269,0,0,2418.19,86.1738,88.3226
29.8632,1.64356,-0.378621,0.398107,101.269,0,0,2419.42,86.2832,88.5711
29.8757,1.64629,-0.402141,0.408129,101.269,0,0,2420.65,86.4212,88.8068
29.8882,1.64875,-0.421978,0.41833,101.269,0,0,2421.88,86.5834,89.0301
29.9007,1.65095,-0.437858,0.42874,101.269,0,0,2423.11,86.7653,89.2413
29.9132,1.65292,-0.449566,0.439384,101.269,0,0,2424.34,86.9618,89.4406
29.9257,1.65469,-0.456945,0.450272,101.269,0,0,2425.57,87.1677,89.6285
29.9382,1.65631,-0.459901,0.461403,101.269,0,0,2426.8,87.3778,89.805
29.9507,1.65781,-0.458403,0.472768,101.269,0,0,2428.03,87.5866,89.9705
29.9632,1.65926,-0.452483,0.484347,101.269,0,0,2429.27,87.7887,90.1251
29.9757,1.66071,-0.442239,0.496112,101.269,0,0,2430.51,87.9787,90.2689
29.9882,1.66223,-0.427828,0.508032,101.269,0,0,2431.75,88.1514,90.402
30.0007,1.66388,-0.40947,0.520072,101.269,0,0,2433,88.3016,90.5246
30.0132,1.66572,-0.387438,0.532198,101.269,0,0,2434.24,88.4247,90.6367
30.0257,1.6678,-0.362062,0.544378,101.269,0,0,2435.5,88.5162,90.7382
30.0382,1.67018,-0.333718,0.556579,101.269,0,0,2436.75,88.572,90.8293
30.0507,1.67291,-0.302825,0.568776,101.269,0,0,2438.01,88.5888,90.9099
30.0632,1.67602,-0.269838,0.580942,101.269,0,0,2439.27,88.5635,90.9799
30.0757,1.67953,-0.235245,0.593054,101.269,0,0,2440.53,88.4939,91.0396
30.0882,1.68348,-0.199552,0.605087,101.269,0,0,2441.78,88.3785,91.0887
30.1007,1.68787,-0.163285,0.617015,101.269,0,0,2443.03,88.2163,91.1274
30.1132,1.69271,-0.126976,0.628807,101.269,0,0,2444.28,88.0071,91.1557
30.1257,1.69799,-0.0911563,0.640427,101.269,0,0,2445.51,87.7517,91.1737
30.1382,1.7037,-0.0563507,0.65183,101.269,0,0,2446.73,87.4513,91.1813
30.1507,1.7098,-0.0230676,0.662961,101.269,0,0,2447.95,87.1079,91.1787
30.1632,1.71627,0.00820792,0.673756,101.269,0,0,2449.15,86.724,91.1661
30.1757,1.72305,0.037021,0.684138,101.269,0,0,2450.34,86.3029,91.1435
30.1882,1.73009,0.0629539,0.694021,101.269,0,0,2451.51,85.8481,91.1111
30.2007,1.73733,0.0856323,0.703309,101.269,0,0,2452.68,85.3636,91.0691
30.2132,1.74469,0.104731,0.711897,101.269,0,0,2453.83,84.8539,91.0177
30.2257,1.75211,0.119976,0.719679,101.269,0,0,2454.97,84.3235,90.957
30.2382,1.75951,0.131154,0.726548,101.269,0,0,2456.1,83.7773,90.8874
30.2507,1.76685,0.138109,0.732401,101.269,0,0,2457.23,83.2201,90.8091
30.2632,1.77405,0.140746,0.737147,101.269,0,0,2458.36,82.6569,90.7224
30.2757,1.78109,0.139034,0.740705,101.269,0,0,2459.48,82.0929,90.6275
30.2882,1.78795,0.133005,0.743014,101.269,0,0,2460.61,81.5332,90.5248
30.3007,1.79463,0.122751,0.744031,101.269,0,0,2461.74,80.9827,90.4147
30.3132,1.80114,0.108426,0.743734,101.269,0,0,2462.87,80.4465,90.2975
30.3257,1.80753,0.0902405,0.742122,101.269,0,0,2464.01,79.9293,90.1738
30.3382,1.81384,0.0684615,0.73921,101.269,0,0,2465.17,79.4359,90.0438
30.3507,1.82016,0.0434063,0.735033,101.269,0,0,2466.33,78.9707,89.9081
30.3632,1.82655,0.0154396,0.729638,101.269,0,0,2467.51,78.538,89.7673
30.3757,1.83309,-0.015032,0.723086,101.269,0,0,2468.69,78.1414,89.6218
30.3882,1.83988,-0.0475651,0.715447,101.269,0,0,2469.89,77.7843,89.4722
30.4007,1.84698,-0.0816861,0.706801,101.269,0,0,2471.11,77.4696,89.3193
30.4132,1.85448,-0.116898,0.697235,101.269,0,0,2472.33,77.1996,89.1635
30.4257,1.86242,-0.152687,0.686847,101.269,0,0,2473.56,76.9758,89.0056
30.4382,1.87085,-0.188531,0.675745,101.269,0,0,2474.8,76.7993,88.8462
30.4507,1.87979,-0.223908,0.664049,101.269,0,0,2476.04,76.6702,88.686
30.4632,1.88924,-0.258301,0.651897,101.269,0,0,2477.29,76.588,88.5257
30.4757,1.89917,-0.291212,0.63944,101.269,0,0,2478.54,76.5515,88.366
30.4882,1.90952,-0.322162,0.626852,101.269,0,0,2479.79,76.5587,88.2075
30.5007,1.9202,-0.350708,0.614325,101.269,0,0,2481.04,76.607,88.0508
30.5132,1.9311,-0.376441,0.602071,101.269,0,0,2482.29,76.6933,87.8967
30.5257,1.94209,-0.398998,0.590317,101.269,0,0,2483.53,76.8136,87.7457
30.5382,1.95302,-0.418065,0.579299,101.269,0,0,2484.78,76.9639,87.5984
30.5507,1.96371,-0.433381,0.569257,101.269,0,0,2486.02,77.1394,87.4553
30.5632,1.97401,-0.444742,0.56042,101.269,0,0,2487.25,77.3352,87.3169
30.5757,1.98378,-0.452,0.552999,101.269,0,0,2488.49,77.546,87.1837
30.5882,1.99288,-0.455066,0.547171,101.269,0,0,2489.72,77.7665,87.0561
30.6007,2.00122,-0.453908,0.543074,101.269,0,0,2490.96,77.9912,86.9345
30.6132,2.00876,-0.44855,0.540796,101.269,0,0,2492.19,78.2144,86.8193
30.6257,2.01549,-0.439071,0.540374,101.269,0,0,2493.43,78.4307,86.7108
30.6382,2.02144,-0.425602,0.541789,101.269,0,0,2494.67,78.6346,86.6093
30.6507,2.0267,-0.408326,0.544973,101.269,0,0,2495.92,78.8208,86.5151
30.6632,2.03137,-0.387473,0.549816,101.269,0,0,2497.16,78.9842,86.4283
30.6757,2.03559,-0.36332,0.55617,101.269,0,0,2498.41,79.1201,86.3493
30.6882,2.0395,-0.336187,0.563861,101.269,0,0,2499.67,79.224,86.278
30.7007,2.04325,-0.306432,0.572694,101.269,0,0,2500.93,79.292,86.2147
30.7132,2.047,-0.274448,0.582464,101.269,0,0,2502.18,79.3207,86.1595
30.7257,2.05087,-0.240658,0.592959,101.269,0,0,2503.44,79.3072,86.1124
30.7382,2.05498,-0.205508,0.603962,101.269,0,0,2504.7,79.2494,86.0735
30.7507,2.05942,-0.169463,0.615258,101.269,0,0,2505.96,79.1457,86.0427
30.7632,2.06426,-0.132995,0.626628,101.269,0,0,2507.21,78.9955,86.0201
30.7757,2.06951,-0.0965806,0.637854,101.269,0,0,2508.46,78.7986,86.0056
30.7882,2.07521,-0.060691,0.648716,101.269,0,0,2509.69,78.5557,85.9991
30.8007,2.08131,-0.0257843,0.658989,101.269,0,0,2510.92,78.2684,86.0006
30.8132,2.08776,0.00770149,0.668446,101.269,0,0,2512.14,77.9386,86.01
30.8257,2.09451,0.0393554,0.676855,101.269,0,0,2513.34,77.5691,86.0272
30.8382,2.10143,0.0687993,0.683984,101.269,0,0,2514.54,77.163,86.0521
30.8507,2.10844,0.0956935,0.689601,101.269,0,0,2515.72,76.724,86.0846
30.8632,2.1154,0.119741,0.69348,101.269,0,0,2516.89,76.2561,86.1248
30.8757,2.12219,0.14069,0.695406,101.269,0,0,2518.05,75.7637,86.1724
30.8882,2.1287,0.158339,0.695184,101.269,0,0,2519.2,75.2515,86.2277
30.9007,2.13482,0.172532,0.692642,101.269,0,0,2520.34,74.7243,86.2905
30.9132,2.14048,0.183167,0.687645,101.269,0,0,2521.48,74.1868,86.3609
30.9257,2.14562,0.190191,0.680095,101.269,0,0,2522.62,73.6442,86.4392
30.9382,2.15022,0.193598,0.669938,101.269,0,0,2523.75,73.1015,86.5253
30.9507,2.15431,0.193437,0.657167,101.269,0,0,2524.89,72.5636,86.6196
30.9632,2.15793,0.189801,0.641822,101.269,0,0,2526.03,72.0355,86.7224
30.9757,2.16116,0.182834,0.623989,101.269,0,0,2527.17,71.5222,86.8338
30.9882,2.16414,0.172725,0.603795,101.269,0,0,2528.33,71.0282,86.9544
31.0007,2.16697,0.159712,0.581403,101.269,0,0,2529.49,70.5581,87.0845
31.0132,2.16982,0.144074,0.557005,101.269,0,0,2530.66,70.1162,87.2245
31.0257,2.17284,0.126132,0.530818,101.269,0,0,2531.84,69.7063,87.3749
31.0382,2.17617,0.106247,0.503076,101.269,0,0,2533.04,69.332,87.5362
31.0507,2.17994,0.0848076,0.474025,101.269,0,0,2534.24,68.9962,87.7089
31.0632,2.18427,0.0622342,0.443925,101.269,0,0,2535.45,68.7014,87.8935
31.0757,2.18926,0.0389648,0.41304,101.269,0,0,2536.67,68.4496,88.0905
31.0882,2.19495,0.0154504,0.381644,101.269,0,0,2537.9,68.2418,88.3004
31.1007,2.20137,-0.00785391,0.350017,101.269,0,0,2539.13,68.0786,88.5237
31.1132,2.20853,-0.0304976,0.318449,101.269,0,0,2540.36,67.9598,88.7608
31.1257,2.21636,-0.0520432,0.287235,101.269,0,0,2541.59,67.8843,89.0122
31.1383,2.2248,-0.0720749,0.256681,101.269,0,0,2542.83,67.8506,89.2781
31.1508,2.23375,-0.0902057,0.227098,101.269,0,0,2544.05,67.8562,89.559
31.1633,2.24307,-0.106085,0.1988,101.269,0,0,2545.28,67.8981,89.855
31.1758,2.25262,-0.119402,0.172099,101.269,0,0,2546.5,67.9729,90.1665
31.1883,2.26226,-0.129894,0.147299,101.269,0,0,2547.71,68.0765,90.4936
31.2008,2.27182,-0.137344,0.124685,101.269,0,0,2548.92,68.2045,90.8365
31.2133,2.28117,-0.141586,0.104522,101.269,0,0,2550.12,68.3519,91.1952
31.2258,2.2902,-0.142501,0.0870376,101.269,0,0,2551.31,68.5139,91.5699
31.2383,2.2988,-0.140022,0.0724198,101.269,0,0,2552.5,68.6852,91.9605
31.2508,2.30694,-0.134126,0.0608095,101.269,0,0,2553.68,68.8604,92.367
31.2633,2.31459,-0.124838,0.052296,101.269,0,0,2554.85,69.0341,92.7894
31.2758,2.32178,-0.112226,0.0469157,101.269,0,0,2556.02,69.201,93.2276
31.2883,2.32856,-0.0963984,0.0446528,101.269,0,0,2557.19,69.3559,93.6814
31.3008,2.33504,-0.0775064,0.045442,101.269,0,0,2558.35,69.4937,94.1507
31.3133,2.34134,-0.0557391,0.0491728,101.269,0,0,2559.51,69.6095,94.6353
31.3258,2.34761,-0.0313235,0.0556955,101.269,0,0,2560.66,69.6988,95.1349
31.3383,2.35399,-0.00452192,0.0648264,101.269,0,0,2561.81,69.7573,95.6492
31.3508,2.36066,0.02437,0.0763538,101.269,0,0,2562.96,69.7814,96.178
31.3633,2.36775,0.0550269,0.0900423,101.269,0,0,2564.1,69.7679,96.7208
31.3758,2.3754,0.0870981,0.105637,101.269,0,0,2565.23,69.714,97.2773
31.3883,2.38373,0.120212,0.122864,101.269,0,0,2566.35,69.6176,97.847
31.4008,2.39282,0.153985,0.141433,101.269,0,0,2567.46,69.4775,98.4293
31.4133,2.4027,0.188024,0.161035,101.269,0,0,2568.55,69.2927,99.0239
31.4258,2.41338,0.221938,0.181343,101.269,0,0,2569.63,69.0633,99.6301
31.4383,2.42481,0.255346,0.202007,101.269,0,0,2570.7,68.7897,100.247
31.4508,2.4369,0.287884,0.222658,101.269,0,0,2571.75,68.4733,100.875
31.4633,2.4495,0.319211,0.2429,101.269,0,0,2572.77,68.1158,101.513
31.4758,2.46241,0.349018,0.26232,101.269,0,0,2573.78,67.7194,102.159
31.4883,2.4754,0.377035,0.280485,101.269,0,0,2574.77,67.2868,102.815
31.5008,2.48821,0.40303,0.296951,101.269,0,0,2575.73,66.8213,103.478
31.5133,2.50052,0.426811,0.311274,101.269,0,0,2576.68,66.3262,104.149
31.5258,2.51204,0.448229,0.323019,101.269,0,0,2577.6,65.8051,104.827
31.5383,2.52246,0.467172,0.331776,101.269,0,0,2578.51,65.2617,105.512
31.5508,2.53147,0.483563,0.337174,101.269,0,0,2579.41,64.6998,106.202
31.5633,2.53882,0.497352,0.338898,101.269,0,0,2580.29,64.1235,106.898
31.5758,2.5443,0.508512,0.336702,101.269,0,0,2581.15,63.5366,107.599
31.5883,2.54777,0.517036,0.330424,101.269,0,0,2582.01,62.9429,108.306
31.6008,2.54912,0.522929,0.319993,101.269,0,0,2582.87,62.3462,109.017
31.6133,2.54837,0.526212,0.305434,101.269,0,0,2583.72,61.7503,109.732
31.6258,2.54559,0.526916,0.28687,101.269,0,0,2584.57,61.1589,110.452
31.6383,2.54091,0.525091,0.264521,101.269,0,0,2585.42,60.5755,111.176
31.6508,2.53455,0.520805,0.23869,101.269,0,0,2586.27,60.0036,111.904
31.6633,2.52677,0.514149,0.209755,101.269,0,0,2587.14,59.4463,112.636
31.6758,2.5179,0.505248,0.178155,101.269,0,0,2588,58.9067,113.372
31.6883,2.50825,0.49426,0.144369,101.269,0,0,2588.88,58.3878,114.113
31.7008,2.49817,0.481381,0.108903,101.269,0,0,2589.77,57.892,114.857
31.7133,2.48799,0.466847,0.0722731,101.269,0,0,2590.67,57.4215,115.606
31.7258,2.47801,0.450931,0.0349889,101.269,0,0,2591.58,56.9782,116.359
31.7383,2.46852,0.433943,-0.00245531,101.269,0,0,2592.5,56.5635,117.116
31.7508,2.45975,0.416222,-0.0395898,101.269,0,0,2593.43,56.1783,117.878
31.7633,2.45189,0.398129,-0.0759741,101.269,0,0,2594.36,55.823,118.644
31.7758,2.44507,0.380038,-0.1112,101.269,0,0,2595.31,55.4975,119.414
31.7883,2.43939,0.362326,-0.14489,101.269,0,0,2596.26,55.201,120.188
31.8008,2.43492,0.345369,-0.176699,101.269,0,0,2597.21,54.9325,120.967
31.8133,2.43166,0.329523,-0.206311,101.269,0,0,2598.17,54.69,121.751
31.8258,2.42961,0.315127,-0.23344,101.269,0,0,2599.13,54.4714,122.538
31.8383,2.42874,0.302486,-0.257823,101.269,0,0,2600.09,54.2739,123.33
31.8508,2.42902,0.291868,-0.279227,101.269,0,0,2601.05,54.0945,124.126
31.8633,2.4304,0.283503,-0.297445,101.269,0,0,2602.01,53.9297,124.926
31.8758,2.43283,0.277572,-0.312298,101.269,0,0,2602.97,53.7756,125.729
31.8883,2.43629,0.274207,-0.323634,101.269,0,0,2603.93,53.6284,126.536
31.9008,2.44076,0.273491,-0.331336,101.269,0,0,2604.88,53.4838,127.346
31.9133,2.44622,0.275455,-0.335315,101.269,0,0,2605.84,53.3376,128.159
31.9258,2.45271,0.280075,-0.335518,101.269,0,0,2606.79,53.1855,128.975
31.9383,2.46027,0.287279,-0.331925,101.269,0,0,2607.73,53.0234,129.793
31.9508,2.46894,0.296942,-0.324552,101.269,0,0,2608.67,52.847,130.613
31.9633,2.4788,0.308889,-0.313447,101.269,0,0,2609.61,52.6524,131.435
31.9758,2.48992,0.322901,-0.298696,101.269,0,0,2610.54,52.4359,132.258
31.9883,2.50241,0.338714,-0.280419,101.269,0,0,2611.46,52.1941,133.081
32.0008,2.51632,0.356027,-0.258776,101.269,0,0,2612.38,51.9239,133.905
32.0133,2.53173,0.374507,-0.233962,101.269,0,0,2613.28,51.6227,134.729
32.0258,2.54868,0.393795,-0.206216,101.269,0,0,2614.18,51.2882,135.552
32.0383,2.56717,0.413519,-0.17582,101.269,0,0,2615.06,50.9189,136.373
32.0508,2.58716,0.433297,-0.143107,101.269,0,0,2615.93,50.5136,137.193
32.0633,2.60856,0.452755,-0.108461,101.269,0,0,2616.78,50.0716,138.011
32.0758,2.63122,0.471534,-0.0723237,101.269,0,0,2617.62,49.593,138.825
32.0883,2.65493,0.489306,-0.0351884,101.269,0,0,2618.43,49.0781,139.637
32.1008,2.67942,0.505777,0.00239668,101.269,0,0,2619.23,48.5279,140.445
32.1133,2.70435,0.520707,0.0398385,101.269,0,0,2620,47.9438,141.249
32.1258,2.72935,0.533908,0.0765095,101.269,0,0,2620.76,47.3275,142.048
32.1383,2.75401,0.54525,0.111763,101.269,0,0,2621.5,46.6811,142.842
32.1508,2.77791,0.554663,0.144953,101.269,0,0,2622.21,46.007,143.63
32.1633,2.80061,0.562127,0.175452,101.269,0,0,2622.91,45.3077,144.413
32.1758,2.82173,0.567673,0.202674,101.269,0,0,2623.59,44.5859,145.19
32.1883,2.84091,0.571364,0.226095,101.269,0,0,2624.26,43.8444,145.961
32.2008,2.85784,0.573288,0.245264,101.269,0,0,2624.92,43.0859,146.724
32.2133,2.87228,0.573548,0.259821,101.269,0,0,2625.56,42.3133,147.481
32.2258,2.88408,0.572244,0.269502,101.269,0,0,2626.21,41.5296,148.231
32.2383,2.89313,0.569471,0.274147,101.269,0,0,2626.85,40.7376,148.973
32.2508,2.89944,0.565306,0.273696,101.269,0,0,2627.49,39.9402,149.708
32.2633,2.90305,0.55981,0.268192,101.269,0,0,2628.14,39.1403,150.435
32.2758,2.90409,0.553024,0.257773,101.269,0,0,2628.8,38.341,151.153
32.2883,2.90276,0.54497,0.24267,101.269,0,0,2629.47,37.5452,151.864
32.3008,2.89928,0.535662,0.223195,101.269,0,0,2630.16,36.7559,152.565
32.3133,2.89396,0.525106,0.199736,101.269,0,0,2630.87,35.9764,153.258
32.3258,2.88711,0.513313,0.172743,101.269,0,0,2631.6,35.2095,153.943
32.3383,2.87908,0.500303,0.142718,101.269,0,0,2632.36,34.4584,154.617
32.3508,2.87023,0.486116,0.1102,101.269,0,0,2633.14,33.7261,155.283
32.3633,2.86092,0.470815,0.0757547,101.269,0,0,2633.95,33.0153,155.938
32.3758,2.85149,0.454494,0.0399611,101.269,0,0,2634.78,32.3286,156.584
32.3883,2.84226,0.437274,0.00339771,101.269,0,0,2635.65,31.6684,157.22
32.4008,2.83354,0.419309,-0.0333664,101.269,0,0,2636.54,31.0366,157.845
32.4133,2.82556,0.400776,-0.0697803,101.269,0,0,2637.47,30.4347,158.459
32.4258,2.81855,0.381875,-0.105318,101.269,0,0,2638.41,29.8638,159.063
32.4383,2.81266,0.362821,-0.139484,101.269,0,0,2639.39,29.3243,159.655
32.4508,2.80802,0.343835,-0.171816,101.269,0,0,2640.38,28.8159,160.237
32.4633,2.80469,0.325136,-0.201884,101.269,0,0,2641.4,28.338,160.806
32.4758,2.80271,0.306935,-0.229297,101.269,0,0,2642.44,27.8892,161.364
32.4883,2.80209,0.289425,-0.253702,101.269,0,0,2643.5,27.4673,161.911
32.5008,2.80278,0.272779,-0.27478,101.269,0,0,2644.57,27.0698,162.445
32.5133,2.80475,0.257138,-0.292257,101.269,0,0,2645.65,26.6935,162.967
32.5258,2.80791,0.242615,-0.305896,101.269,0,0,2646.75,26.3348,163.476
32.5383,2.81221,0.229287,-0.315506,101.269,0,0,2647.85,25.9896,163.972
32.5508,2.81755,0.217195,-0.320942,101.269,0,0,2648.97,25.6534,164.456
32.5633,2.82384,0.206347,-0.322107,101.269,0,0,2650.09,25.3215,164.927
32.5758,2.83102,0.196716,-0.318956,101.269,0,0,2651.22,24.9892,165.384
32.5883,2.83898,0.188245,-0.311496,101.269,0,0,2652.35,24.6515,165.827
32.6008,2.84767,0.180847,-0.29979,101.269,0,0,2653.48,24.3034,166.256
32.6133,2.85701,0.174411,-0.283959,101.269,0,0,2654.61,23.9401,166.671
32.6258,2.86693,0.168805,-0.264176,101.269,0,0,2655.75,23.557,167.072
32.6383,2.87737,0.163881,-0.240673,101.269,0,0,2656.88,23.1496,167.457
32.6508,2.88825,0.15948,-0.213733,101.269,0,0,2658,22.7141,167.828
32.6633,2.8995,0.155436,-0.183694,101.269,0,0,2659.12,22.2468,168.183
32.6758,2.91105,0.151584,-0.150937,101.269,0,0,2660.22,21.7448,168.522
32.6883,2.92282,0.147762,-0.115888,101.269,0,0,2661.31,21.2057,168.846
32.7008,2.93473,0.143816,-0.0790096,101.269,0,0,2662.39,20.6277,169.153
32.7133,2.94667,0.139607,-0.0407958,101.269,0,0,2663.45,20.0098,169.444
32.7258,2.95856,0.135012,-0.00176269,101.269,0,0,2664.49,19.3514,169.719
32.7383,2.9703,0.129929,0.0375578,101.269,0,0,2665.51,18.6529,169.977
32.7508,2.9818,0.124275,0.0766271,101.269,0,0,2666.5,17.9152,170.218
32.7633,2.99297,0.117991,0.114908,101.269,0,0,2667.47,17.1396,170.443
32.7758,3.00374,0.111041,0.151874,101.269,0,0,2668.41,16.3282,170.65
32.7883,3.01405,0.103405,0.187016,101.269,0,0,2669.33,15.4834,170.842
32.8008,3.02385,0.0950873,0.219853,101.269,0,0,2670.22,14.608,171.016
32.8134,3.03312,0.0861032,0.249937,101.269,0,0,2671.08,13.705,171.174
32.8259,3.04186,0.0764832,0.276858,101.269,0,0,2671.93,12.7778,171.315
32.8384,3.05008,0.0662674,0.300254,101.269,0,0,2672.75,11.8298,171.44
32.8509,3.05782,0.0555037,0.319813,101.269,0,0,2673.55,10.8643,171.548
32.8634,3.06514,0.0442452,0.335276,101.269,0,0,2674.34,9.88511,171.641
32.8759,3.07212,0.0325492,0.34644,101.269,0,0,2675.12,8.89562,171.717
32.8884,3.07884,0.0204757,0.353162,101.269,0,0,2675.89,7.8994,171.777
32.9009,3.08543,0.00808762,0.355361,101.269,0,0,2676.66,6.90001,171.82
32.9134,3.09197,-0.00454976,0.353015,101.269,0,0,2677.43,5.90099,171.848
32.9259,3.0986,-0.0173681,0.346162,101.269,0,0,2678.2,4.90587,171.859
32.9384,3.10541,-0.0302958,0.334901,101.269,0,0,2678.98,3.91823,171.854
32.9509,3.11253,-0.0432579,0.319391,101.269,0,0,2679.78,2.94162,171.833
32.9634,3.12005,-0.0561762,0.299845,101.269,0,0,2680.6,1.97963,171.796
32.9759,3.12806,-0.06897,0.276533,101.269,0,0,2681.43,1.03583,171.742
32.9884,3.13662,-0.0815577,0.249775,101.269,0,0,2682.29,0.113723,171.672
33.0009,3.14578,-0.0938593,0.219938,101.269,0,0,2683.17,-0.783259,171.584
33.0134,3.15557,-0.105798,0.187432,101.269,0,0,2684.08,-1.65185,171.481
33.0259,3.16599,-0.117306,0.152708,101.269,0,0,2685.01,-2.48902,171.36
33.0384,3.177,-0.128326,0.116247,101.269,0,0,2685.97,-3.29204,171.222
33.0509,3.18857,-0.138815,0.0785576,101.269,0,0,2686.96,-4.05858,171.068
33.0634,3.20061,-0.148749,0.0401672,101.269,0,0,2687.98,-4.78678,170.896
33.0759,3.21305,-0.158126,0.00161528,101.269,0,0,2689.02,-5.47532,170.708
33.0884,3.22578,-0.166966,-0.0365552,101.269,0,0,2690.08,-6.12352,170.503
33.1009,3.23867,-0.175315,-0.0738065,101.269,0,0,2691.16,-6.73133,170.282
33.1134,3.2516,-0.18324,-0.109614,101.269,0,0,2692.26,-7.29937,170.044
33.1259,3.26444,-0.190831,-0.143476,101.269,0,0,2693.38,-7.82899,169.789
33.1384,3.27706,-0.198199,-0.174919,101.269,0,0,2694.5,-8.32217,169.519
33.1509,3.28933,-0.205467,-0.203508,101.269,0,0,2695.64,-8.78156,169.232
33.1634,3.30114,-0.21277,-0.228851,101.269,0,0,2696.79,-9.21037,168.931
33.1759,3.31235,-0.220244,-0.250603,101.269,0,0,2697.94,-9.61236,168.613
33.1884,3.32287,-0.228028,-0.268474,101.269,0,0,2699.1,-9.9917,168.281
33.2009,3.33257,-0.236252,-0.282226,101.269,0,0,2700.25,-10.3529,167.934
33.2134,3.34137,-0.245031,-0.291683,101.269,0,0,2701.41,-10.7009,167.573
33.2259,3.34915,-0.254465,-0.296725,101.269,0,0,2702.57,-11.0406,167.198
33.2384,3.35584,-0.264628,-0.297289,101.269,0,0,2703.72,-11.377,166.808
33.2509,3.36134,-0.275569,-0.293371,101.269,0,0,2704.86,-11.7152,166.405
33.2634,3.36556,-0.287307,-0.285025,101.269,0,0,2706,-12.0601,165.989
33.2759,3.36844,-0.299828,-0.272357,101.269,0,0,2707.13,-12.4165,165.559
33.2884,3.3699,-0.313087,-0.255527,101.269,0,0,2708.25,-12.7887,165.117
33.3009,3.3699,-0.327008,-0.234746,101.269,0,0,2709.36,-13.1809,164.662
33.3134,3.36842,-0.341485,-0.210275,101.269,0,0,2710.46,-13.5965,164.194
33.3259,3.36544,-0.356386,-0.182422,101.269,0,0,2711.53,-14.0388,163.714
33.3384,3.36099,-0.371558,-0.151541,101.269,0,0,2712.59,-14.5102,163.221
33.3509,3.35512,-0.386837,-0.118032,101.269,0,0,2713.64,-15.0127,162.717
33.3634,3.34795,-0.402048,-0.0823369,101.269,0,0,2714.65,-15.5473,162.201
33.3759,3.3396,-0.417019,-0.0449376,101.269,0,0,2715.65,-16.1149,161.673
33.3884,3.33026,-0.431588,-0.00635369,101.269,0,0,2716.62,-16.7153,161.134
33.4009,3.32015,-0.445608,0.0328633,101.269,0,0,2717.56,-17.3479,160.584
33.4134,3.30953,-0.458953,0.0721362,101.269,0,0,2718.47,-18.0115,160.023
33.4259,3.29869,-0.471527,0.11087,101.269,0,0,2719.36,-18.7043,159.452
33.4384,3.28796,-0.483264,0.148464,101.269,0,0,2720.21,-19.4244,158.87
33.4509,3.27768,-0.494127,0.184317,101.269,0,0,2721.04,-20.169,158.277
33.4634,3.26817,-0.504106,0.217846,101.269,0,0,2721.84,-20.9356,157.675
33.4759,3.25979,-0.513218,0.248494,101.269,0,0,2722.61,-21.7211,157.063
33.4884,3.25286,-0.521492,0.275743,101.269,0,0,2723.36,-22.5225,156.442
33.5009,3.24768,-0.528968,0.299122,101.269,0,0,2724.09,-23.3366,155.811
33.5134,3.24454,-0.535688,0.318221,101.269,0,0,2724.8,-24.1601,155.171
33.5259,3.24366,-0.541681,0.332695,101.269,0,0,2725.49,-24.99,154.523
33.5384,3.24524,-0.546962,0.342273,101.269,0,0,2726.17,-25.8231,153.865
33.5509,3.24945,-0.551524,0.346762,101.269,0,0,2726.85,-26.6562,153.2
33.5634,3.25637,-0.55533,0.346055,101.269,0,0,2727.51,-27.4863,152.526
33.5759,3.26604,-0.558315,0.340131,101.269,0,0,2728.18,-28.3104,151.845
33.5884,3.27846,-0.560387,0.329061,101.269,0,0,2728.85,-29.1255,151.156
33.6009,3.29355,-0.561431,0.313009,101.269,0,0,2729.53,-29.9284,150.459
33.6134,3.31115,-0.561312,0.292234,101.269,0,0,2730.22,-30.7163,149.755
33.6259,3.33107,-0.559892,0.267087,101.269,0,0,2730.92,-31.4861,149.045
33.6384,3.35303,-0.557036,0.238005,101.269,0,0,2731.64,-32.2349,148.328
33.6509,3.3767,-0.552628,0.205505,101.269,0,0,2732.37,-32.9599,147.604
33.6634,3.4017,-0.546581,0.17017,101.269,0,0,2733.13,-33.6582,146.875
33.6759,3.42764,-0.538851,0.132633,101.269,0,0,2733.9,-34.3274,146.14
33.6884,3.45408,-0.529445,0.0935583,101.269,0,0,2734.7,-34.9649,145.4
33.7009,3.48061,-0.51843,0.0536224,101.269,0,0,2735.52,-35.5688,144.656
33.7134,3.50683,-0.505931,0.0134932,101.269,0,0,2736.36,-36.1372,143.907
33.7259,3.53236,-0.492132,-0.0261876,101.269,0,0,2737.22,-36.6691,143.154
33.7384,3.55691,-0.47727,-0.0648188,101.269,0,0,2738.1,-37.1634,142.398
33.7509,3.58021,-0.461627,-0.10185,101.269,0,0,2739,-37.6199,141.64
33.7634,3.60207,-0.44552,-0.136787,101.269,0,0,2739.91,-38.0389,140.879
33.7759,3.62235,-0.429286,-0.169198,101.269,0,0,2740.84,-38.4212,140.116
33.7884,3.64096,-0.413274,-0.198706,101.269,0,0,2741.78,-38.7681,139.352
33.8009,3.65788,-0.39783,-0.224993,101.269,0,0,2742.73,-39.0817,138.588
33.8134,3.67311,-0.383289,-0.247795,101.269,0,0,2743.7,-39.3643,137.824
33.8259,3.68668,-0.369962,-0.266895,101.269,0,0,2744.67,-39.6189,137.059
33.8384,3.69865,-0.358131,-0.282124,101.269,0,0,2745.64,-39.8488,136.296
33.8509,3.70908,-0.348041,-0.293354,101.269,0,0,2746.63,-40.0577,135.534
33.8634,3.71804,-0.339894,-0.3005,101.269,0,0,2747.61,-40.2496,134.774
33.8759,3.72558,-0.333848,-0.303517,101.269,0,0,2748.6,-40.4287,134.016
33.8884,3.73176,-0.330011,-0.302397,101.269,0,0,2749.6,-40.5995,133.26
33.9009,3.73662,-0.328441,-0.297171,101.269,0,0,2750.6,-40.7663,132.507
33.9134,3.74017,-0.329145,-0.287906,101.269,0,0,2751.6,-40.9336,131.757
33.9259,3.74243,-0.332081,-0.274704,101.269,0,0,2752.6,-41.1058,131.011
33.9384,3.7434,-0.337154,-0.257706,101.269,0,0,2753.6,-41.2873,130.268
33.9509,3.74305,-0.344222,-0.237085,101.269,0,0,2754.6,-41.482,129.529
33.9634,3.74139,-0.3531,-0.213048,101.269,0,0,2755.6,-41.6939,128.794
33.9759,3.73839,-0.36356,-0.185836,101.269,0,0,2756.61,-41.9263,128.063
33.9884,3.73406,-0.375338,-0.155724,101.269,0,0,2757.6,-42.1824,127.336
34.0009,3.72842,-0.388142,-0.123022,101.269,0,0,2758.6,-42.4647,126.614
34.0134,3.72152,-0.401656,-0.0880717,101.269,0,0,2759.59,-42.7755,125.896
34.0259,3.71344,-0.415552,-0.0512546,101.269,0,0,2760.57,-43.1162,125.183
34.0384,3.70429,-0.429496,-0.0129862,101.269,0,0,2761.54,-43.4879,124.474
34.0509,3.69424,-0.443161,0.0262813,101.269,0,0,2762.51,-43.8911,123.769
34.0634,3.68349,-0.456231,0.066062,101.269,0,0,2763.46,-44.3256,123.068
34.0759,3.67229,-0.468413,0.10584,101.269,0,0,2764.4,-44.7908,122.372
34.0884,3.66092,-0.479446,0.145074,101.269,0,0,2765.33,-45.2855,121.68
34.1009,3.64971,-0.489099,0.183212,101.269,0,0,2766.25,-45.808,120.992
34.1134,3.63898,-0.49718,0.219696,101.269,0,0,2767.16,-46.3562,120.309
34.1259,3.62907,-0.503535,0.253983,101.269,0,0,2768.05,-46.9278,119.629
34.1384,3.62032,-0.508044,0.285554,101.269,0,0,2768.94,-47.5198,118.953
34.1509,3.61302,-0.510618,0.313937,101.269,0,0,2769.81,-48.1294,118.281
34.1634,3.60745,-0.511193,0.338715,101.269,0,0,2770.68,-48.7533,117.613
34.1759,3.60381,-0.509725,0.359546,101.269,0,0,2771.55,-49.3881,116.949
34.1884,3.60227,-0.506181,0.37617,101.269,0,0,2772.41,-50.0301,116.289
34.2009,3.6029,-0.500535,0.388414,101.269,0,0,2773.27,-50.6759,115.633
34.2134,3.60573,-0.492766,0.396206,101.269,0,0,2774.14,-51.3216,114.982
34.2259,3.6107,-0.482856,0.399564,101.269,0,0,2775.01,-51.9634,114.335
34.2384,3.61768,-0.470789,0.398602,101.269,0,0,2775.89,-52.5975,113.693
34.2509,3.62649,-0.456556,0.393519,101.269,0,0,2776.78,-53.2199,113.056
34.2634,3.63691,-0.440161,0.384592,101.269,0,0,2777.69,-53.8266,112.424
34.2759,3.64864,-0.421626,0.372163,101.269,0,0,2778.61,-54.4139,111.799
34.2884,3.66139,-0.400996,0.356628,101.269,0,0,2779.55,-54.9777,111.18
34.3009,3.67485,-0.378349,0.338421,101.269,0,0,2780.52,-55.5144,110.568
34.3134,3.68871,-0.353797,0.318001,101.269,0,0,2781.5,-56.0203,109.963
34.3259,3.70266,-0.327495,0.295839,101.269,0,0,2782.5,-56.4922,109.366
34.3384,3.71643,-0.299634,0.272407,101.269,0,0,2783.53,-56.9268,108.778
34.3509,3.72979,-0.270448,0.248166,101.269,0,0,2784.58,-57.3217,108.2
34.3634,3.74255,-0.240206,0.223565,101.269,0,0,2785.65,-57.6746,107.631
34.3759,3.75456,-0.209209,0.19903,101.269,0,0,2786.74,-57.9839,107.072
34.3884,3.76574,-0.177781,0.174968,101.269,0,0,2787.84,-58.2486,106.525
34.4009,3.77603,-0.146266,0.151762,101.269,0,0,2788.96,-58.4682,105.99
34.4134,3.78544,-0.115014,0.129774,101.269,0,0,2790.09,-58.643,105.466
34.4259,3.79402,-0.0843788,0.109346,101.269,0,0,2791.24,-58.7741,104.956
34.4384,3.80186,-0.0547049,0.0907988,101.269,0,0,2792.39,-58.863,104.459
34.451,3.80907,-0.0263248,0.074433,101.269,0,0,2793.56,-58.912,103.975
34.4635,3.8158,0.000448881,0.0605283,101.269,0,0,2794.73,-58.9241,103.506
34.476,3.8222,0.0253279,0.0493402,101.269,0,0,2795.9,-58.9028,103.052
34.4885,3.82845,0.0480516,0.0410966,101.269,0,0,2797.08,-58.8519,102.612
34.501,3.8347,0.0683902,0.0359928,101.269,0,0,2798.27,-58.776,102.187
34.5135,3.84111,0.0861461,0.0341861,101.269,0,0,2799.46,-58.6797,101.778
34.526,3.84781,0.101155,0.0357903,101.269,0,0,2800.65,-58.5681,101.384
34.5385,3.85491,0.113288,0.0408698,101.269,0,0,2801.85,-58.4465,101.006
34.551,3.86246,0.122452,0.0494363,101.269,0,0,2803.05,-58.3202,100.643
34.5635,3.87052,0.128588,0.0614451,101.269,0,0,2804.25,-58.1948,100.297
34.576,3.87906,0.131677,0.0767949,101.269,0,0,2805.46,-58.0757,99.9663
34.5885,3.88804,0.131742,0.0953296,101.269,0,0,2806.68,-57.9683,99.6516
34.601,3.89739,0.128843,0.116842,101.269,0,0,2807.9,-57.8779,99.3527
34.6135,3.90698,0.123088,0.141078,101.269,0,0,2809.13,-57.8095,99.0695
34.626,3.91669,0.114625,0.167748,101.269,0,0,2810.36,-57.7677,98.802
34.6385,3.92638,0.103652,0.19653,101.269,0,0,2811.6,-57.7569,98.5499
34.651,3.93588,0.0904078,0.227083,101.269,0,0,2812.83,-57.781,98.3129
34.6635,3.94508,0.0751742,0.259052,101.269,0,0,2814.07,-57.8432,98.0908
34.676,3.95383,0.0582721,0.292076,101.269,0,0,2815.31,-57.9463,97.8832
34.6885,3.96203,0.0400557,0.325794,101.269,0,0,2816.55,-58.0923,97.6898
34.701,3.96961,0.0209066,0.359849,101.269,0,0,2817.78,-58.2825,97.5102
34.7135,3.97654,0.00122659,0.39389,101.269,0,0,2819.01,-58.5176,97.3439
34.726,3.98279,-0.0185707,0.427577,101.269,0,0,2820.23,-58.7974,97.1904
34.7385,3.9884,-0.0380679,0.460578,101.269,0,0,2821.44,-59.1212,97.0491
34.751,3.99343,-0.0568519,0.492572,101.269,0,0,2822.64,-59.4872,96.9197
34.7635,3.99796,-0.0745221,0.523251,101.269,0,0,2823.83,-59.8935,96.8015
34.776,4.0021,-0.0906973,0.55232,101.269,0,0,2825,-60.3373,96.694
34.7885,4.00599,-0.105022,0.579502,101.269,0,0,2826.17,-60.8153,96.5967
34.801,4.00976,-0.117172,0.60454,101.269,0,0,2827.32,-61.3239,96.509
34.8135,4.01354,-0.126857,0.627205,101.269,0,0,2828.46,-61.859,96.4306
34.826,4.01747,-0.133827,0.647297,101.269,0,0,2829.58,-62.4164,96.3609
34.8385,4.02166,-0.13787,0.664655,101.269,0,0,2830.7,-62.9915,96.2995
34.851,4.0262,-0.138818,0.67916,101.269,0,0,2831.82,-63.5797,96.2462
34.8635,4.03115,-0.136547,0.690739,101.269,0,0,2832.93,-64.176,96.2005
34.876,4.03655,-0.130974,0.699368,101.269,0,0,2834.04,-64.7757,96.1623
34.8885,4.04237,-0.122065,0.705073,101.269,0,0,2835.15,-65.3738,96.1313
34.901,4.04858,-0.109831,0.707927,101.269,0,0,2836.26,-65.9655,96.1074
34.9135,4.05511,-0.0943286,0.708049,101.269,0,0,2837.38,-66.5458,96.0905
34.926,4.06186,-0.0756632,0.705595,101.269,0,0,2838.51,-67.11,96.0805
34.9385,4.06871,-0.0539879,0.700755,101.269,0,0,2839.64,-67.6535,96.0774
34.951,4.07555,-0.0295029,0.693744,101.269,0,0,2840.79,-68.1718,96.0813
34.9635,4.08223,-0.00245462,0.684795,101.269,0,0,2841.96,-68.6607,96.0922
34.976,4.08865,0.0268667,0.674155,101.269,0,0,2843.13,-69.1162,96.1101
34.9885,4.09468,0.0581301,0.662075,101.269,0,0,2844.32,-69.535,96.1352
35.001,4.10023,0.0909688,0.648813,101.269,0,0,2845.52,-69.9138,96.1675
35.0135,4.10525,0.124985,0.634625,101.269,0,0,2846.74,-70.2504,96.2072
35.026,4.10968,0.159757,0.619771,101.269,0,0,2847.96,-70.5426,96.2544
35.0385,4.11354,0.194846,0.604507,101.269,0,0,2849.2,-70.7894,96.3091
35.051,4.11683,0.229803,0.589095,101.269,0,0,2850.44,-70.9901,96.3713
35.0635,4.11964,0.264178,0.573799,101.269,0,0,2851.69,-71.145,96.4413
35.076,4.12205,0.297527,0.558887,101.269,0,0,2852.94,-71.255,96.5189
35.0885,4.1242,0.329417,0.54463,101.269,0,0,2854.2,-71.3217,96.6042
35.101,4.12625,0.35944,0.531306,101.269,0,0,2855.46,-71.3475,96.6972
35.1135,4.12837,0.387208,0.519189,101.269,0,0,2856.71,-71.3353,96.7977
35.126,4.13078,0.412367,0.50855,101.269,0,0,2857.97,-71.2887,96.9057
35.1385,4.13366,0.434599,0.499645,101.269,0,0,2859.22,-71.2119,97.021
35.151,4.13723,0.453622,0.492708,101.269,0,0,2860.47,-71.1092,97.1436
35.1635,4.14165,0.469194,0.487937,101.269,0,0,2861.72,-70.9856,97.2731
35.176,4.14708,0.481116,0.485486,101.269,0,0,2862.97,-70.8462,97.4093
35.1885,4.15361,0.489231,0.485448,101.269,0,0,2864.21,-70.6965,97.552
35.201,4.16129,0.493427,0.487856,101.269,0,0,2865.45,-70.542,97.7009
35.2135,4.17012,0.493638,0.49267,101.269,0,0,2866.69,-70.3881,97.8556
35.226,4.18002,0.489847,0.499782,101.269,0,0,2867.94,-70.2406,98.0158
35.2385,4.19088,0.482087,0.509021,101.269,0,0,2869.18,-70.1049,98.181
35.251,4.20253,0.470441,0.520158,101.269,0,0,2870.42,-69.9863,98.3508
35.2635,4.21478,0.45505,0.532927,101.269,0,0,2871.67,-69.8901,98.5247
35.276,4.22741,0.436106,0.547031,101.269,0,0,2872.91,-69.821,98.7021
35.2885,4.24019,0.413858,0.562162,101.269,0,0,2874.16,-69.7835,98.8826
35.301,4.25293,0.388607,0.578013,101.269,0,0,2875.41,-69.7818,99.0655
35.3135,4.26543,0.360705,0.594288,101.269,0,0,2876.65,-69.8192,99.2502
35.326,4.27754,0.330545,0.61071,101.269,0,0,2877.9,-69.8987,99.4361
35.3385,4.28914,0.298562,0.627028,101.269,0,0,2879.14,-70.0226,99.6226
35.351,4.30013,0.265221,0.643013,101.269,0,0,2880.38,-70.1925,99.8088
35.3635,4.31048,0.231011,0.658465,101.269,0,0,2881.6,-70.4093,99.9943
35.376,4.32015,0.196436,0.673203,101.269,0,0,2882.82,-70.6731,100.178
35.3885,4.32917,0.162007,0.687069,101.269,0,0,2884.03,-70.9833,100.36
35.401,4.33757,0.128233,0.699919,101.269,0,0,2885.23,-71.3388,100.539
35.4135,4.34543,0.0956133,0.711624,101.269,0,0,2886.41,-71.7375,100.715
35.426,4.35281,0.0646293,0.722068,101.269,0,0,2887.58,-72.177,100.886
35.4385,4.35981,0.0357373,0.731145,101.269,0,0,2888.73,-72.6542,101.053
35.451,4.36653,0.00936244,0.738762,101.269,0,0,2889.88,-73.1656,101.214
35.4635,4.37306,-0.014108,0.744835,101.269,0,0,2891,-73.7073,101.37
35.476,4.3795,-0.0343293,0.749298,101.269,0,0,2892.12,-74.2751,101.52
35.4885,4.38593,-0.0510044,0.752101,101.269,0,0,2893.22,-74.8646,101.663
35.501,4.39241,-0.0638871,0.753214,101.269,0,0,2894.32,-75.4711,101.799
35.5135,4.399,-0.072786,0.752627,101.269,0,0,2895.41,-76.0899,101.927
35.526,4.40571,-0.0775666,0.750358,101.269,0,0,2896.5,-76.7162,102.047
35.5385,4.41256,-0.0781536,0.746445,101.269,0,0,2897.59,-77.345,102.16
35.551,4.41953,-0.0745321,0.740951,101.269,0,0,2898.68,-77.9713,102.263
35.5635,4.42657,-0.0667483,0.733962,101.269,0,0,2899.77,-78.5905,102.358
35.576,4.43362,-0.0549093,0.725579,101.269,0,0,2900.87,-79.1974,102.444
35.5885,4.44063,-0.0391824,0.715917,101.269,0,0,2901.98,-79.7875,102.521
35.601,4.44749,-0.0197931,0.7051,101.269,0,0,2903.11,-80.356,102.588
35.6135,4.45414,0.00297748,0.693254,101.269,0,0,2904.24,-80.8986,102.645
35.626,4.46048,0.0287963,0.680505,101.269,0,0,2905.4,-81.411,102.692
35.6385,4.46644,0.0572832,0.666975,101.269,0,0,2906.56,-81.8894,102.729
35.651,4.47196,0.088016,0.65278,101.269,0,0,2907.74,-82.3303,102.756
35.6635,4.47697,0.120537,0.638024,101.269,0,0,2908.94,-82.7307,102.773
35.676,4.48143,0.15436,0.622808,101.269,0,0,2910.15,-83.0882,102.779
35.6885,4.48531,0.188976,0.607223,101.269,0,0,2911.37,-83.4009,102.774
35.701,4.48861,0.223865,0.591354,101.269,0,0,2912.6,-83.6677,102.758
35.7135,4.49131,0.2585,0.575284,101.269,0,0,2913.84,-83.8881,102.732
35.726,4.49345,0.292356,0.559093,101.269,0,0,2915.09,-84.0623,102.694
35.7385,4.49507,0.32492,0.542867,101.269,0,0,2916.34,-84.1915,102.646
35.751,4.49621,0.355695,0.526691,101.269,0,0,2917.6,-84.2773,102.587
35.7635,4.49695,0.384213,0.510658,101.269,0,0,2918.86,-84.3222,102.517
35.776,4.49739,0.410037,0.494866,101.269,0,0,2920.11,-84.3291,102.436
35.7885,4.49761,0.43277,0.47942,101.269,0,0,2921.37,-84.3018,102.344
35.801,4.49773,0.45206,0.464425,101.269,0,0,2922.63,-84.2443,102.241
35.8135,4.49787,0.467604,0.449986,101.269,0,0,2923.88,-84.1612,102.126
35.826,4.49813,0.479156,0.436205,101.269,0,0,2925.13,-84.0574,102.001
35.8385,4.49861,0.486524,0.423167,101.269,0,0,2926.38,-83.9379,101.864
35.851,4.49942,0.489579,0.410945,101.269,0,0,2927.62,-83.8083,101.716
35.8635,4.50063,0.488251,0.399586,101.269,0,0,2928.87,-83.6738,101.556
35.876,4.50229,0.482532,0.389112,101.269,0,0,2930.11,-83.54,101.385
35.8885,4.50442,0.472475,0.379516,101.269,0,0,2931.35,-83.4123,101.201
35.901,4.50703,0.458196,0.370763,101.269,0,0,2932.59,-83.2961,101.005
35.9135,4.51011,0.439868,0.362793,101.269,0,0,2933.83,-83.1965,100.797
35.926,4.51363,0.417722,0.355522,101.269,0,0,2935.07,-83.1183,100.576
35.9385,4.51755,0.392042,0.348852,101.269,0,0,2936.31,-83.0662,100.342
35.951,4.52181,0.363163,0.34267,101.269,0,0,2937.54,-83.0442,100.094
35.9635,4.52638,0.331464,0.336858,101.269,0,0,2938.78,-83.056,99.833
35.976,4.5312,0.297368,0.331296,101.269,0,0,2940,-83.1046,99.5573
35.9885,4.53625,0.261329,0.325864,101.269,0,0,2941.23,-83.1926,99.2671
36.001,4.54149,0.223834,0.320446,101.269,0,0,2942.45,-83.3218,98.962
36.0135,4.54691,0.185389,0.314932,101.269,0,0,2943.65,-83.4932,98.6418
36.026,4.55252,0.146517,0.309219,101.269,0,0,2944.85,-83.7073,98.3061
36.0385,4.5583,0.107747,0.303212,101.269,0,0,2946.03,-83.9637,97.9547
36.051,4.56428,0.0696092,0.296824,101.269,0,0,2947.2,-84.2614,97.5873
36.0635,4.57048,0.0326278,0.28998,101.269,0,0,2948.35,-84.5986,97.2039
36.076,4.57692,-0.00268872,0.282612,101.269,0,0,2949.49,-84.9732,96.8043
36.0886,4.58362,-0.0358532,0.274669,101.269,0,0,2950.61,-85.3822,96.3883
36.1011,4.5906,-0.066407,0.266111,101.269,0,0,2951.71,-85.8223,95.956
36.1136,4.59789,-0.0939266,0.256913,101.269,0,0,2952.79,-86.2898,95.5072
36.1261,4.60548,-0.11803,0.247071,101.269,0,0,2953.85,-86.7807,95.0421
36.1386,4.61337,-0.138382,0.236597,101.269,0,0,2954.9,-87.2908,94.5605
36.1511,4.62154,-0.154699,0.225522,101.269,0,0,2955.93,-87.8156,94.0626
36.1636,4.62995,-0.166755,0.213897,101.269,0,0,2956.95,-88.3505,93.5485
36.1761,4.63855,-0.174382,0.201791,101.269,0,0,2957.96,-88.891,93.0182
36.1886,4.64729,-0.177478,0.189287,101.269,0,0,2958.96,-89.4325,92.4718
36.2011,4.65609,-0.176002,0.176478,101.269,0,0,2959.95,-89.9703,91.9094
36.2136,4.66488,-0.169982,0.163465,101.269,0,0,2960.94,-90.5,91.3311
36.2261,4.67358,-0.159509,0.150349,101.269,0,0,2961.92,-91.0171,90.7372
36.2386,4.68212,-0.144739,0.137226,101.269,0,0,2962.91,-91.5174,90.1276
36.2511,4.69043,-0.12589,0.124185,101.269,0,0,2963.89,-91.9967,89.5026
36.2636,4.69845,-0.103238,0.111302,101.269,0,0,2964.88,-92.4511,88.8623
36.2761,4.70614,-0.0771138,0.0986385,101.269,0,0,2965.87,-92.8769,88.2069
36.2886,4.71346,-0.0478966,0.0862408,101.269,0,0,2966.86,-93.2709,87.5365
36.3011,4.7204,-0.0160098,0.074138,101.269,0,0,2967.85,-93.6301,86.8516
36.3136,4.72693,0.0180864,0.0623438,101.269,0,0,2968.85,-93.9519,86.1522
36.3261,4.73307,0.0539011,0.0508577,101.269,0,0,2969.85,-94.2342,85.4387
36.3386,4.7388,0.0909203,0.0396665,101.269,0,0,2970.85,-94.4756,84.7114
36.3511,4.74415,0.128614,0.0287462,101.269,0,0,2971.86,-94.675,83.9706
36.3636,4.74913,0.166445,0.0180641,101.269,0,0,2972.85,-94.8322,83.2168
36.3761,4.75374,0.203874,0.00758033,101.269,0,0,2973.85,-94.9472,82.4504
36.3886,4.75801,0.24037,-0.00274991,101.269,0,0,2974.84,-95.0209,81.6717
36.4011,4.76195,0.275415,-0.0129747,101.269,0,0,2975.82,-95.0546,80.8812
36.4136,4.76557,0.308515,-0.0231435,101.269,0,0,2976.79,-95.0504,80.0794
36.4261,4.76888,0.339202,-0.0333057,101.269,0,0,2977.75,-95.0104,79.2668
36.4386,4.77189,0.367045,-0.0435082,101.269,0,0,2978.71,-94.9376,78.4438
36.4511,4.77462,0.391654,-0.053794,101.269,0,0,2979.65,-94.8351,77.6108
36.4636,4.77709,0.412686,-0.0642002,101.269,0,0,2980.58,-94.7064,76.7683
36.4761,4.77932,0.429848,-0.0747565,101.269,0,0,2981.49,-94.555,75.9168
36.4886,4.78132,0.442904,-0.0854835,101.269,0,0,2982.4,-94.3849,75.0566
36.5011,4.78315,0.451677,-0.0963923,101.269,0,0,2983.3,-94.1999,74.1881
36.5136,4.78482,0.45605,-0.107484,101.269,0,0,2984.18,-94.0039,73.3117
36.5261,4.7864,0.45597,-0.118751,101.269,0,0,2985.06,-93.801,72.4276
36.5386,4.78794,0.451449,-0.130177,101.269,0,0,2985.92,-93.5949,71.5362
36.5511,4.78948,0.442561,-0.141739,101.269,0,0,2986.78,-93.3893,70.6376
36.5636,4.79109,0.429444,-0.153412,101.269,0,0,2987.64,-93.188,69.7321
36.5761,4.79283,0.412296,-0.165166,101.269,0,0,2988.49,-92.9943,68.8199
36.5886,4.79476,0.391373,-0.176974,101.269,0,0,2989.33,-92.8114,67.9011
36.6011,4.79692,0.366986,-0.188809,101.269,0,0,2990.17,-92.6423,66.9759
36.6136,4.79936,0.339495,-0.200647,101.269,0,0,2991.01,-92.4895,66.0443
36.6261,4.80214,0.309306,-0.212466,101.269,0,0,2991.84,-92.3554,65.1065
36.6386,4.80528,0.276863,-0.224247,101.269,0,0,2992.67,-92.242,64.1626
36.6511,4.80881,0.242642,-0.235972,101.269,0,0,2993.49,-92.1506,63.2125
36.6636,4.81276,0.207145,-0.247623,101.269,0,0,2994.31,-92.0824,62.2565
36.6761,4.81713,0.170893,-0.25918,101.269,0,0,2995.12,-92.0381,61.2946
36.6886,4.82194,0.134415,-0.270619,101.269,0,0,2995.93,-92.0178,60.3268
36.7011,4.82717,0.0982446,-0.281911,101.269,0,0,2996.73,-92.0212,59.3533
36.7136,4.83282,0.0629105,-0.293018,101.269,0,0,2997.53,-92.0475,58.3741
36.7261,4.83887,0.0289279,-0.303894,101.269,0,0,2998.31,-92.0958,57.3894
36.7386,4.84528,-0.00320868,-0.314481,101.269,0,0,2999.09,-92.1643,56.3992
36.7511,4.85201,-0.0330323,-0.324711,101.269,0,0,2999.86,-92.2511,55.4037
36.7636,4.85901,-0.0601108,-0.334504,101.269,0,0,3000.62,-92.354,54.403
36.7761,4.86622,-0.0840535,-0.34377,101.269,0,0,3001.37,-92.4705,53.3973
36.7886,4.87358,-0.104516,-0.352409,101.269,0,0,3002.11,-92.5979,52.3868
36.8011,4.88102,-0.121207,-0.360319,101.269,0,0,3002.85,-92.7332,51.3716
36.8136,4.88847,-0.133888,-0.367394,101.269,0,0,3003.58,-92.8733,50.3519
36.8261,4.89586,-0.142384,-0.37353,101.269,0,0,3004.3,-93.0152,49.328
36.8386,4.90314,-0.146577,-0.378632,101.269,0,0,3005.02,-93.1556,48.3
36.8511,4.91027,-0.146413,-0.382615,101.269,0,0,3005.73,-93.2913,47.2682
36.8636,4.91722,-0.141902,-0.385412,101.269,0,0,3006.44,-93.419,46.2329
36.8761,4.92398,-0.133115,-0.386971,101.269,0,0,3007.14,-93.5357,45.1943
36.8886,4.93056,-0.120184,-0.387261,101.269,0,0,3007.84,-93.6382,44.1528
36.9011,4.937,-0.1033,-0.386272,101.269,0,0,3008.55,-93.7236,43.1086
36.9136,4.94333,-0.0827116,-0.384011,101.269,0,0,3009.25,-93.789,42.0622
36.9261,4.94963,-0.0587185,-0.380505,101.269,0,0,3009.94,-93.832,41.0137
36.9386,4.95596,-0.03167,-0.375794,101.269,0,0,3010.64,-93.8501,39.9636
36.9511,4.96241,-0.00195938,-0.369932,101.269,0,0,3011.34,-93.8412,38.9123
36.9636,4.96906,0.0299816,-0.362981,101.269,0,0,3012.03,-93.8035,37.8601
36.9761,4.97598,0.0636886,-0.355016,101.269,0,0,3012.72,-93.7357,36.8076
36.9886,4.98324,0.098671,-0.346119,101.269,0,0,3013.41,-93.6365,35.7549
37.0011,4.99092,0.134419,-0.336379,101.269,0,0,3014.09,-93.5055,34.7027
37.0136,4.99906,0.170413,-0.325898,101.269,0,0,3014.77,-93.3422,33.6513
37.0261,5.00769,0.206127,-0.314786,101.269,0,0,3015.44,-93.1468,32.6011
37.0386,5.01681,0.241042,-0.30317,101.269,0,0,3016.1,-92.9199,31.5525
37.0511,5.02641,0.274648,-0.291192,101.269,0,0,3016.75,-92.6623,30.5059
37.0636,5.03645,0.306461,-0.279011,101.269,0,0,3017.4,-92.3752,29.4617
37.0761,5.04685,0.33602,-0.266807,101.269,0,0,3018.04,-92.0603,28.4204
37.0886,5.05752,0.362902,-0.254778,101.269,0,0,3018.67,-91.7193,27.3821
37.1011,5.06832,0.386725,-0.24314,101.269,0,0,3019.29,-91.3543,26.3473
37.1136,5.07913,0.407155,-0.232119,101.269,0,0,3019.9,-90.9674,25.3163
37.1261,5.08978,0.423909,-0.221949,101.269,0,0,3020.51,-90.561,24.2893
37.1386,5.10012,0.436762,-0.212856,101.269,0,0,3021.11,-90.1376,23.2668
37.1511,5.11,0.445542,-0.205054,101.269,0,0,3021.71,-89.6997,22.2489
37.1636,5.11929,0.450139,-0.198729,101.269,0,0,3022.32,-89.25,21.2358
37.1761,5.12788,0.450498,-0.194033,101.269,0,0,3022.92,-88.7911,20.2279
37.1886,5.13571,0.446623,-0.191071,101.269,0,0,3023.52,-88.3257,19.2254
37.2011,5.14276,0.438574,-0.189899,101.269,0,0,3024.14,-87.8567,18.2285
37.2136,5.14904,0.426464,-0.190519,101.269,0,0,3024.76,-87.3868,17.2373
37.2261,5.15463,0.410458,-0.192886,101.269,0,0,3025.39,-86.9188,16.2522
37.2386,5.1596,0.390772,-0.196907,101.269,0,0,3026.04,-86.4554,15.2734
37.2511,5.1641,0.367669,-0.202454,101.269,0,0,3026.7,-85.9996,14.301
37.2636,5.16824,0.341455,-0.209366,101.269,0,0,3027.38,-85.554,13.3352
37.2761,5.17219,0.312477,-0.217463,101.269,0,0,3028.07,-85.1212,12.3763
37.2886,5.17608,0.28112,-0.226549,101.269,0,0,3028.78,-84.7038,11.4245
37.3011,5.18004,0.247799,-0.23642,101.269,0,0,3029.52,-84.3042,10.4799
37.3136,5.1842,0.212955,-0.246867,101.269,0,0,3030.27,-83.9243,9.54276
37.3261,5.18865,0.17705,-0.257678,101.269,0,0,3031.04,-83.566,8.61323
37.3386,5.19346,0.140557,-0.268642,101.269,0,0,3031.84,-83.2306,7.69151
37.3511,5.19868,0.103953,-0.279545,101.269,0,0,3032.65,-82.9193,6.77778
37.3636,5.20431,0.0677156,-0.290172,101.269,0,0,3033.48,-82.6326,5.8722
37.3761,5.21035,0.0323096,-0.300303,101.269,0,0,3034.32,-82.3706,4.97496
37.3886,5.21675,-0.00181671,-0.309715,101.269,0,0,3035.18,-82.1328,4.0862
37.4011,5.22345,-0.0342399,-0.318181,101.269,0,0,3036.06,-81.9184,3.2061
37.4136,5.23035,-0.0645677,-0.325471,101.269,0,0,3036.95,-81.7258,2.33483
37.4261,5.23735,-0.0924442,-0.331355,101.269,0,0,3037.85,-81.5532,1.47255
37.4386,5.24434,-0.117555,-0.335607,101.269,0,0,3038.77,-81.3982,0.619433
37.4511,5.25119,-0.139631,-0.338007,101.269,0,0,3039.7,-81.2579,-0.224326
37.4636,5.25779,-0.158449,-0.338356,101.269,0,0,3040.63,-81.1291,-1.05853
37.4761,5.26402,-0.173838,-0.336475,101.269,0,0,3041.58,-81.0083,-1.88297
37.4886,5.2698,-0.185673,-0.332214,101.269,0,0,3042.53,-80.8917,-2.69741
37.5011,5.27506,-0.193884,-0.325464,101.269,0,0,3043.5,-80.7751,-3.5016
37.5136,5.27979,-0.198449,-0.316155,101.269,0,0,3044.47,-80.6545,-4.29527
37.5261,5.28398,-0.199395,-0.304265,101.269,0,0,3045.45,-80.5256,-5.07813
37.5386,5.28768,-0.196801,-0.289817,101.269,0,0,3046.44,-80.384,-5.84988
37.5511,5.29096,-0.190793,-0.272883,101.269,0,0,3047.43,-80.2255,-6.61018
37.5636,5.29393,-0.181546,-0.253573,101.269,0,0,3048.43,-80.046,-7.35869
37.5761,5.29671,-0.169281,-0.232039,101.269,0,0,3049.43,-79.8416,-8.09506
37.5886,5.29946,-0.154264,-0.208461,101.269,0,0,3050.44,-79.6086,-8.81894
37.6011,5.30231,-0.136805,-0.183045,101.269,0,0,3051.44,-79.3438,-9.52996
37.6136,5.30543,-0.117253,-0.156018,101.269,0,0,3052.45,-79.0443,-10.2278
37.6261,5.30895,-0.0959902,-0.127619,101.269,0,0,3053.46,-78.7077,-10.912
37.6386,5.313,-0.0734292,-0.0980972,101.269,0,0,3054.45,-78.3323,-11.5824
37.6511,5.31767,-0.0500056,-0.0677123,101.269,0,0,3055.45,-77.9168,-12.2386
37.6636,5.32304,-0.02617,-0.0367291,101.269,0,0,3056.43,-77.4605,-12.8803
37.6761,5.32914,-0.00238029,-0.00542025,101.269,0,0,3057.41,-76.9635,-13.5072
37.6886,5.33597,0.0209067,0.0259342,101.269,0,0,3058.37,-76.4262,-14.1193
37.7011,5.34352,0.0432444,0.057046,101.269,0,0,3059.32,-75.8497,-14.7162
37.7136,5.35171,0.0642046,0.0876187,101.269,0,0,3060.25,-75.2358,-15.2977
37.7262,5.36045,0.0833855,0.117349,101.269,0,0,3061.17,-74.5864,-15.8639
37.7387,5.36962,0.100419,0.145927,101.269,0,0,3062.08,-73.9042,-16.4145
37.7512,5.37908,0.114977,0.173046,101.269,0,0,3062.97,-73.1918,-16.9495
37.7637,5.38869,0.126774,0.198401,101.269,0,0,3063.85,-72.4526,-17.4688
37.7762,5.39829,0.135575,0.221703,101.269,0,0,3064.72,-71.6898,-17.9724
37.7887,5.40773,0.141192,0.24268,101.269,0,0,3065.58,-70.9069,-18.4602
37.8012,5.41689,0.143487,0.261094,101.269,0,0,3066.43,-70.1075,-18.9321
37.8137,5.42567,0.142374,0.276741,101.269,0,0,3067.28,-69.2954,-19.3882
37.8262,5.434,0.137811,0.289465,101.269,0,0,3068.13,-68.4743,-19.8283
37.8387,5.44184,0.129807,0.299158,101.269,0,0,3068.99,-67.6483,-20.2523
37.8512,5.44921,0.118414,0.305762,101.269,0,0,3069.85,-66.821,-20.6603
37.8637,5.45615,0.103727,0.309276,101.269,0,0,3070.72,-65.9967,-21.052
37.8762,5.46274,0.0858837,0.309745,101.269,0,0,3071.6,-65.1791,-21.4275
37.8887,5.4691,0.0650601,0.307263,101.269,0,0,3072.5,-64.3724,-21.7865
37.9012,5.47537,0.0414723,0.301964,101.269,0,0,3073.42,-63.5805,-22.1289
37.9137,5.48169,0.0153726,0.294019,101.269,0,0,3074.36,-62.8074,-22.4548
37.9262,5.48823,-0.0129524,0.283628,101.269,0,0,3075.32,-62.057,-22.7638
37.9387,5.49513,-0.0431847,0.271014,101.269,0,0,3076.31,-61.333,-23.056
37.9512,5.50254,-0.0749789,0.256423,101.269,0,0,3077.33,-60.6388,-23.3313
37.9637,5.51058,-0.107967,0.24012,101.269,0,0,3078.37,-59.9776,-23.5896
37.9762,5.51933,-0.141766,0.222385,101.269,0,0,3079.44,-59.3523,-23.8309
37.9887,5.52887,-0.17598,0.203516,101.269,0,0,3080.53,-58.7649,-24.0553
38.0012,5.53919,-0.210215,0.183831,101.269,0,0,3081.65,-58.2174,-24.2627
38.0137,5.55028,-0.24408,0.163665,101.269,0,0,3082.79,-57.7109,-24.4533
38.0262,5.56205,-0.2772,0.143379,101.269,0,0,3083.95,-57.2456,-24.6272
38.0387,5.57439,-0.30922,0.123352,101.269,0,0,3085.12,-56.8215,-24.7845
38.0512,5.58711,-0.339816,0.10399,101.269,0,0,3086.32,-56.4374,-24.9256
38.0637,5.59999,-0.368699,0.0857146,101.269,0,0,3087.52,-56.0918,-25.0505
38.0762,5.61278,-0.395616,0.0689626,101.269,0,0,3088.74,-55.7821,-25.1596
38.0887,5.62519,-0.420358,0.0541765,101.269,0,0,3089.97,-55.5053,-25.2531
38.1012,5.63691,-0.442756,0.0417935,101.269,0,0,3091.2,-55.2578,-25.3313
38.1137,5.64764,-0.462682,0.0322319,101.269,0,0,3092.44,-55.0354,-25.3944
38.1262,5.65707,-0.48004,0.025876,101.269,0,0,3093.68,-54.8336,-25.4429
38.1387,5.66493,-0.49477,0.0230605,101.269,0,0,3094.93,-54.6474,-25.4769
38.1512,5.67099,-0.506834,0.0240553,101.269,0,0,3096.18,-54.4714,-25.4966
38.1637,5.67509,-0.516215,0.0290518,101.269,0,0,3097.43,-54.3005,-25.5025
38.1762,5.67711,-0.522915,0.0381527,101.269,0,0,3098.68,-54.129,-25.4946
38.1887,5.67703,-0.526948,0.0513647,101.269,0,0,3099.92,-53.9515,-25.4731
38.2012,5.67489,-0.528342,0.0685966,101.269,0,0,3101.17,-53.7626,-25.4384
38.2137,5.67083,-0.527143,0.089661,101.269,0,0,3102.41,-53.5572,-25.3905
38.2262,5.66502,-0.523413,0.114281,101.269,0,0,3103.65,-53.3302,-25.3295
38.2387,5.65773,-0.517241,0.142104,101.269,0,0,3104.88,-53.0773,-25.2557
38.2512,5.64925,-0.508745,0.172709,101.269,0,0,3106.11,-52.7943,-25.1692
38.2637,5.63991,-0.498074,0.205632,101.269,0,0,3107.33,-52.4776,-25.07
38.2762,5.63005,-0.485418,0.240378,101.269,0,0,3108.53,-52.1242,-24.9583
38.2887,5.62,-0.471006,0.276435,101.269,0,0,3109.72,-51.732,-24.8343
38.3012,5.61007,-0.455105,0.313297,101.269,0,0,3110.9,-51.2991,-24.698
38.3137,5.60056,-0.438019,0.350469,101.269,0,0,3112.06,-50.8248,-24.5496
38.3262,5.59171,-0.420085,0.387479,101.269,0,0,3113.2,-50.3088,-24.3892
38.3387,5.58371,-0.401661,0.423883,101.269,0,0,3114.32,-49.7516,-24.2169
38.3512,5.57672,-0.383123,0.459267,101.269,0,0,3115.41,-49.1544,-24.0331
38.3637,5.57085,-0.364853,0.493251,101.269,0,0,3116.48,-48.5189,-23.8377
38.3762,5.56616,-0.347233,0.525484,101.269,0,0,3117.53,-47.8475,-23.6311
38.3887,5.56268,-0.330629,0.555645,101.269,0,0,3118.55,-47.143,-23.4133
38.4012,5.5604,-0.315391,0.583443,101.269,0,0,3119.55,-46.4084,-23.1847
38.4137,5.5593,-0.301836,0.608609,101.269,0,0,3120.53,-45.6472,-22.9454
38.4262,5.55934,-0.29025,0.630905,101.269,0,0,3121.48,-44.8632,-22.6957
38.4387,5.56048,-0.280878,0.650115,101.269,0,0,3122.42,-44.0602,-22.4358
38.4512,5.56266,-0.273917,0.666051,101.269,0,0,3123.34,-43.242,-22.1658
38.4637,5.56585,-0.26952,0.678555,101.269,0,0,3124.25,-42.4129,-21.8861
38.4762,5.57002,-0.267787,0.687497,101.269,0,0,3125.14,-41.5767,-21.5969
38.4887,5.57517,-0.268766,0.692779,101.269,0,0,3126.04,-40.7376,-21.2985
38.5012,5.5813,-0.272455,0.694335,101.269,0,0,3126.93,-39.8996,-20.9911
38.5137,5.58845,-0.278797,0.692133,101.269,0,0,3127.82,-39.0668,-20.6749
38.5262,5.59666,-0.287685,0.686176,101.269,0,0,3128.72,-38.2431,-20.3504
38.5387,5.606,-0.298962,0.676501,101.269,0,0,3129.62,-37.4325,-20.0177
38.5512,5.61656,-0.312425,0.66318,101.269,0,0,3130.54,-36.6391,-19.6772
38.5637,5.62841,-0.327822,0.646319,101.269,0,0,3131.48,-35.8667,-19.3293
38.5762,5.64164,-0.344866,0.626062,101.269,0,0,3132.43,-35.119,-18.9744
38.5887,5.65633,-0.363232,0.602587,101.269,0,0,3133.4,-34.3997,-18.6128
38.6012,5.67252,-0.382569,0.576115,101.269,0,0,3134.39,-33.7123,-18.2451
38.6137,5.69024,-0.402505,0.546909,101.269,0,0,3135.4,-33.0598,-17.8717
38.6262,5.70947,-0.422658,0.515277,101.269,0,0,3136.43,-32.4449,-17.4931
38.6387,5.73015,-0.442646,0.48158,101.269,0,0,3137.49,-31.8702,-17.1099
38.6512,5.75215,-0.462101,0.446232,101.269,0,0,3138.56,-31.3372,-16.7226
38.6637,5.77529,-0.480674,0.409699,101.269,0,0,3139.66,-30.8475,-16.3318
38.6762,5.79932,-0.498056,0.372506,101.269,0,0,3140.77,-30.4014,-15.9382
38.6887,5.82394,-0.513977,0.335223,101.269,0,0,3141.9,-29.9992,-15.5423
38.7012,5.84879,-0.528224,0.298462,101.269,0,0,3143.04,-29.6399,-15.1449
38.7137,5.87347,-0.540639,0.262859,101.269,0,0,3144.19,-29.3223,-14.7464
38.7262,5.89757,-0.551122,0.22906,101.269,0,0,3145.36,-29.0442,-14.3476
38.7387,5.92065,-0.559629,0.197701,101.269,0,0,3146.53,-28.803,-13.9491
38.7512,5.94231,-0.566167,0.169383,101.269,0,0,3147.71,-28.5954,-13.5514
38.7637,5.96217,-0.570782,0.144657,101.269,0,0,3148.89,-28.4175,-13.1551
38.7762,5.9799,-0.573551,0.124004,101.269,0,0,3150.08,-28.2651,-12.7608
38.7887,5.99523,-0.574565,0.10782,101.269,0,0,3151.27,-28.1335,-12.3689
38.8012,6.00798,-0.573926,0.0964046,101.269,0,0,3152.46,-28.0179,-11.98
38.8137,6.01802,-0.571727,0.0899596,101.269,0,0,3153.66,-27.9129,-11.5945
38.8262,6.02531,-0.568053,0.0885815,101.269,0,0,3154.85,-27.8133,-11.2127
38.8387,6.02988,-0.56297,0.0922642,101.269,0,0,3156.05,-27.7137,-10.835
38.8512,6.03184,-0.556526,0.100902,101.269,0,0,3157.25,-27.6088,-10.4618
38.8637,6.03136,-0.548752,0.114296,101.269,0,0,3158.45,-27.4933,-10.0934
38.8762,6.02866,-0.539668,0.13216,101.269,0,0,3159.65,-27.3621,-9.72991
38.8887,6.02401,-0.529286,0.15413,101.269,0,0,3160.85,-27.2105,-9.37166
38.9012,6.01774,-0.517619,0.179775,101.269,0,0,3162.05,-27.034,-9.01878
38.9137,6.01018,-0.504688,0.20861,101.269,0,0,3163.25,-26.8285,-8.6714
38.9262,6.00169,-0.490532,0.240107,101.269,0,0,3164.44,-26.5906,-8.32962
38.9387,5.99263,-0.475215,0.273708,101.269,0,0,3165.62,-26.3172,-7.99349
38.9512,5.98336,-0.458824,0.308841,101.269,0,0,3166.8,-26.006,-7.66303
38.9637,5.9742,-0.441479,0.344928,101.269,0,0,3167.96,-25.6554,-7.33823
38.9762,5.96546,-0.423331,0.3814,101.269,0,0,3169.12,-25.2642,-7.01906
38.9887,5.9574,-0.404555,0.417702,101.269,0,0,3170.26,-24.8323,-6.70543
39.0012,5.95024,-0.385352,0.453304,101.269,0,0,3171.39,-24.3599,-6.39727
39.0137,5.94416,-0.365938,0.487705,101.269,0,0,3172.5,-23.848,-6.09446
39.0262,5.93929,-0.346537,0.520433,101.269,0,0,3173.59,-23.2984,-5.79688
39.0387,5.93571,-0.327375,0.551054,101.269,0,0,3174.67,-22.7131,-5.50441
39.0512,5.93346,-0.30867,0.579165,101.269,0,0,3175.73,-22.0948,-5.21692
39.0637,5.93256,-0.290627,0.604402,101.269,0,0,3176.78,-21.4466,-4.9343
39.0762,5.93297,-0.273428,0.626438,101.269,0,0,3177.8,-20.7719,-4.65643
39.0887,5.93465,-0.257227,0.644984,101.269,0,0,3178.82,-20.0744,-4.38326
39.1012,5.93753,-0.24215,0.65979,101.269,0,0,3179.82,-19.358,-4.11472
39.1137,5.94154,-0.228287,0.670649,101.269,0,0,3180.81,-18.6267,-3.85081
39.1262,5.94659,-0.215693,0.677401,101.269,0,0,3181.8,-17.8848,-3.59156
39.1387,5.95261,-0.204388,0.67993,101.269,0,0,3182.78,-17.1364,-3.33705
39.1512,5.9595,-0.194358,0.678171,101.269,0,0,3183.76,-16.386,-3.08741
39.1637,5.96718,-0.185556,0.672112,101.269,0,0,3184.75,-15.6377,-2.84283
39.1762,5.97559,-0.177904,0.661796,101.269,0,0,3185.74,-14.8962,-2.60355
39.1887,5.98464,-0.171299,0.64732,101.269,0,0,3186.74,-14.1656,-2.36989
39.2012,5.99429,-0.165616,0.628838,101.269,0,0,3187.75,-13.4503,-2.14219
39.2137,6.00445,-0.16071,0.606559,101.269,0,0,3188.78,-12.7547,-1.92089
39.2262,6.01507,-0.156423,0.580746,101.269,0,0,3189.83,-12.0829,-1.70644
39.2387,6.02608,-0.15259,0.551716,101.269,0,0,3190.89,-11.4389,-1.49937
39.2512,6.03741,-0.149042,0.519833,101.269,0,0,3191.97,-10.8266,-1.30023
39.2637,6.04899,-0.145609,0.485506,101.269,0,0,3193.08,-10.2494,-1.1096
39.2762,6.06075,-0.142131,0.449183,101.269,0,0,3194.2,-9.71043,-0.928096
39.2887,6.07258,-0.138458,0.411345,101.269,0,0,3195.35,-9.21247,-0.756346
39.3012,6.08441,-0.134456,0.3725,101.269,0,0,3196.51,-8.75763,-0.594981
39.3137,6.09614,-0.130006,0.333174,101.269,0,0,3197.7,-8.34745,-0.444624
39.3262,6.10769,-0.125015,0.293902,101.269,0,0,3198.9,-7.98283,-0.305887
39.3387,6.11895,-0.119406,0.255223,101.269,0,0,3200.11,-7.66394,-0.179359
39.3512,6.12985,-0.113129,0.217669,101.269,0,0,3201.33,-7.39023,-0.0655955
39.3638,6.14033,-0.106153,0.181753,101.269,0,0,3202.57,-7.16042,0.0348834
39.3763,6.15033,-0.0984659,0.14797,101.269,0,0,3203.81,-6.9725,0.121601
39.3888,6.15981,-0.0900747,0.11678,101.269,0,0,3205.06,-6.82378,0.194129
39.4013,6.16877,-0.0809997,0.0886078,101.269,0,0,3206.32,-6.7109,0.252087
39.4138,6.1772,-0.0712737,0.0638328,101.269,0,0,3207.58,-6.62998,0.295148
39.4263,6.18514,-0.0609382,0.0427869,101.269,0,0,3208.83,-6.57657,0.323035
39.4388,6.19264,-0.0500419,0.0257487,101.269,0,0,3210.1,-6.54585,0.335524
39.4513,6.19976,-0.0386383,0.0129407,101.269,0,0,3211.36,-6.53262,0.332442
39.4638,6.20658,-0.0267852,0.00452724,101.269,0,0,3212.62,-6.53142,0.313666
39.4763,6.21321,-0.0145433,0.000612251,101.269,0,0,3213.88,-6.53664,0.279125
39.4888,6.21976,-0.0019767,0.00123902,101.269,0,0,3215.14,-6.54256,0.228794
39.5013,6.22633,0.0108471,0.00638991,101.269,0,0,3216.4,-6.54345,0.162698
39.5138,6.23304,0.023857,0.015987,101.269,0,0,3217.65,-6.53365,0.08091
39.5263,6.24002,0.0369778,0.0298931,101.269,0,0,3218.91,-6.50767,-0.0164456
39.5388,6.24735,0.0501303,0.0479139,101.269,0,0,3220.17,-6.46026,-0.129196
39.5513,6.25514,0.0632321,0.0698001,101.269,0,0,3221.42,-6.38648,-0.257118
39.5638,6.26346,0.0761984,0.0952502,101.269,0,0,3222.67,-6.2818,-0.399935
39.5763,6.27237,0.0889442,0.123914,101.269,0,0,3223.91,-6.14218,-0.557321
39.5888,6.28191,0.101387,0.155397,101.269,0,0,3225.15,-5.96414,-0.728896
39.6013,0.00890845,0.11345,0.189263,101.269,0,0,3226.37,-5.74482,-0.914233
39.6138,0.0197134,0.125064,0.225044,101.269,0,0,3227.59,-5.48204,-1.11286
39.6263,0.0311059,0.136177,0.26224,101.269,0,0,3228.79,-5.1743,-1.32424
39.6388,0.0430237,0.14675,0.300331,101.269,0,0,3229.98,-4.82088,-1.54783
39.6513,0.0553833,0.156767,0.338782,101.269,0,0,3231.16,-4.42176,-1.78304
39.6638,0.0680829,0.166232,0.377049,101.269,0,0,3232.31,-3.97761,-2.02924
39.6763,0.0810064,0.175175,0.414593,101.269,0,0,3233.44,-3.48982,-2.28581
39.6888,0.0940273,0.18365,0.450881,101.269,0,0,3234.56,-2.96035,-2.5521
39.7013,0.107013,0.191735,0.485402,101.269,0,0,3235.65,-2.39172,-2.82747
39.7138,0.11983,0.199527,0.517671,101.269,0,0,3236.72,-1.78691,-3.11129
39.7263,0.132343,0.20714,0.547236,101.269,0,0,3237.77,-1.1493,-3.40297
39.7388,0.144424,0.214704,0.573685,101.269,0,0,3238.79,-0.482562,-3.70191
39.7513,0.155946,0.222351,0.596657,101.269,0,0,3239.8,0.209405,-4.0076
39.7638,0.166792,0.230218,0.615836,101.269,0,0,3240.79,0.922534,-4.31952
39.7763,0.176846,0.238436,0.630967,101.269,0,0,3241.77,1.65266,-4.63724
39.7888,0.186004,0.247125,0.641848,101.269,0,0,3242.74,2.39555,-4.96037
39.8013,0.194161,0.256391,0.648336,101.269,0,0,3243.7,3.14695,-5.28858
39.8138,0.201222,0.266316,0.650348,101.269,0,0,3244.65,3.90261,-5.62159
39.8263,0.207095,0.276958,0.647858,101.269,0,0,3245.6,4.65829,-5.95919
39.8388,0.211696,0.288347,0.640898,101.269,0,0,3246.55,5.40982,-6.30123
39.8513,0.214946,0.300481,0.629555,101.269,0,0,3247.51,6.15303,-6.64759
39.8638,0.21678,0.313327,0.613972,101.269,0,0,3248.48,6.88386,-6.99822
39.8763,0.217145,0.326821,0.594342,101.269,0,0,3249.45,7.59836,-7.35311
39.8888,0.216009,0.340867,0.57091,101.269,0,0,3250.44,8.29269,-7.7123
39.9013,0.213361,0.355344,0.54397,101.269,0,0,3251.45,8.9632,-8.07583
39.9138,0.209221,0.37011,0.513864,101.269,0,0,3252.47,9.60649,-8.44381
39.9263,0.203639,0.385006,0.480977,101.269,0,0,3253.5,10.2195,-8.81634
39.9388,0.196706,0.399864,0.445741,101.269,0,0,3254.56,10.7994,-9.19353
39.9513,0.188551,0.414517,0.40863,101.269,0,0,3255.63,11.344,-9.57551
39.9638,0.179347,0.428804,0.370155,101.269,0,0,3256.71,11.8514,-9.9624
39.9763,0.169306,0.442576,0.33086,101.269,0,0,3257.82,12.3205,-10.3543
39.9888,0.158681,0.455709,0.29132,101.269,0,0,3258.93,12.7506,-10.7513
40.0013,0.147758,0.468104,0.252126,101.269,0,0,3260.06,13.1419,-11.1535
40.0138,0.136848,0.47969,0.213882,101.269,0,0,3261.2,13.4949,-11.561
40.0263,0.126285,0.490429,0.177191,101.269,0,0,3262.35,13.8112,-11.9737
40.0388,0.116407,0.50031,0.142642,101.269,0,0,3263.51,14.0927,-12.3917
40.0513,0.107553,0.509347,0.110804,101.269,0,0,3264.67,14.3422,-12.8149
40.0638,0.100052,0.517574,0.0822073,101.269,0,0,3265.83,14.5628,-13.2432
40.0763,0.0942121,0.525033,0.057337,101.269,0,0,3267,14.7583,-13.6766
40.0888,0.0903151,0.53177,0.036623,101.269,0,0,3268.17,14.9329,-14.1148
40.1013,0.0886089,0.537825,0.0204311,101.269,0,0,3269.34,15.0911,-14.5577
40.1138,0.0893021,0.543222,0.00905653,101.269,0,0,3270.51,15.2378,-15.005
40.1263,0.0925593,0.547963,0.00271806,101.269,0,0,3271.68,15.3781,-15.4565
40.1388,0.0984968,0.552024,0.00155308,101.269,0,0,3272.85,15.5172,-15.9119
40.1513,0.107178,0.55535,0.00561348,101.269,0,0,3274.01,15.6602,-16.3708
40.1638,0.118611,0.557858,0.0148621,101.269,0,0,3275.18,15.8125,-16.8329
40.1763,0.132741,0.559439,0.02917,101.269,0,0,3276.34,15.979,-17.2976
40.1888,0.149453,0.559961,0.0483155,101.269,0,0,3277.49,16.1648,-17.7646
40.2013,0.168565,0.559284,0.0719841,101.269,0,0,3278.64,16.3743,-18.2334
40.2138,0.189832,0.557265,0.0997727,101.269,0,0,3279.79,16.6119,-18.7035
40.2263,0.212951,0.553774,0.131195,101.269,0,0,3280.93,16.8813,-19.1742
40.2388,0.237568,0.548706,0.165694,101.269,0,0,3282.06,17.186,-19.6451
40.2513,0.263288,0.541995,0.202654,101.269,0,0,3283.17,17.5287,-20.1155
40.2638,0.289695,0.533619,0.241421,101.269,0,0,3284.28,17.9116,-20.5849
40.2763,0.316365,0.523616,0.281317,101.269,0,0,3285.37,18.3361,-21.0526
40.2888,0.342888,0.512082,0.321667,101.269,0,0,3286.45,18.8031,-21.518
40.3013,0.368883,0.499173,0.361814,101.269,0,0,3287.5,19.3127,-21.9806
40.3138,0.394011,0.4851,0.401135,101.269,0,0,3288.54,19.8646,-22.4396
40.3263,0.417989,0.470124,0.439053,101.269,0,0,3289.55,20.4577,-22.8946
40.3388,0.440593,0.454545,0.475048,101.269,0,0,3290.55,21.0902,-23.345
40.3513,0.461658,0.438689,0.508657,101.269,0,0,3291.52,21.76,-23.7902
40.3638,0.481076,0.422899,0.539479,101.269,0,0,3292.47,22.4646,-24.2298
40.3763,0.498794,0.407521,0.56717,101.269,0,0,3293.39,23.2011,-24.6632
40.3888,0.514797,0.392891,0.591441,101.269,0,0,3294.3,23.9662,-25.0901
40.4013,0.529108,0.379329,0.612056,101.269,0,0,3295.19,24.7565,-25.51
40.4138,0.541769,0.367127,0.628826,101.269,0,0,3296.06,25.5684,-25.9226
40.4263,0.55284,0.356542,0.641607,101.269,0,0,3296.92,26.3984,-26.3275
40.4388,0.562384,0.347791,0.650298,101.269,0,0,3297.77,27.2426,-26.7244
40.4513,0.570464,0.341049,0.654838,101.269,0,0,3298.61,28.0974,-27.113
40.4638,0.577132,0.33644,0.655206,101.269,0,0,3299.45,28.9588,-27.4929
40.4763,0.582433,0.334041,0.651419,101.269,0,0,3300.29,29.8232,-27.864
40.4888,0.586394,0.333876,0.643531,101.269,0,0,3301.13,30.6868,-28.2261
40.5013,0.58903,0.335921,0.631635,101.269,0,0,3301.98,31.5456,-28.5787
40.5138,0.590344,0.3401,0.615857,101.269,0,0,3302.85,32.3958,-28.9217
40.5263,0.59033,0.346287,0.596362,101.269,0,0,3303.73,33.2336,-29.2549
40.5388,0.588978,0.354314,0.573346,101.269,0,0,3304.63,34.0553,-29.578
40.5513,0.586278,0.363968,0.547041,101.269,0,0,3305.55,34.857,-29.8908
40.5638,0.582233,0.374999,0.517715,101.269,0,0,3306.5,35.6351,-30.1931
40.5763,0.576859,0.387126,0.485668,101.269,0,0,3307.47,36.3862,-30.4846
40.5888,0.570199,0.400045,0.451236,101.269,0,0,3308.46,37.1071,-30.7651
40.6013,0.562326,0.413433,0.414793,101.269,0,0,3309.48,37.7949,-31.0344
40.6138,0.553349,0.426964,0.376747,101.269,0,0,3310.53,38.447,-31.2923
40.6263,0.543421,0.440311,0.337545,101.269,0,0,3311.61,39.0616,-31.5386
40.6388,0.532736,0.45316,0.297668,101.269,0,0,3312.7,39.6371,-31.7731
40.6513,0.521532,0.465215,0.257629,101.269,0,0,3313.82,40.1727,-31.9956
40.6638,0.510085,0.476211,0.217965,101.269,0,0,3314.96,40.6683,-32.206
40.6763,0.498704,0.485913,0.179231,101.269,0,0,3316.12,41.1245,-32.4041
40.6888,0.487718,0.494122,0.141988,101.269,0,0,3317.3,41.5424,-32.5897
40.7013,0.477465,0.500679,0.106789,101.269,0,0,3318.48,41.9241,-32.7628
40.7138,0.468277,0.505459,0.0741631,101.269,0,0,3319.69,42.2721,-32.9231
40.7263,0.460466,0.508369,0.0446004,101.269,0,0,3320.9,42.5897,-33.0705
40.7388,0.45431,0.509341,0.0185373,101.269,0,0,3322.12,42.8807,-33.205
40.7513,0.450039,0.508329,-0.00365826,101.269,0,0,3323.34,43.1494,-33.3262
40.7638,0.447824,0.505299,-0.0216979,101.269,0,0,3324.57,43.4005,-33.4341
40.7763,0.447772,0.500227,-0.0353812,101.269,0,0,3325.81,43.6389,-33.5285
40.7888,0.44992,0.493091,-0.0446016,101.269,0,0,3327.04,43.87,-33.6092
40.8013,0.454234,0.48387,-0.0493473,101.269,0,0,3328.28,44.0991,-33.676
40.8138,0.460613,0.472547,-0.0497003,101.269,0,0,3329.52,44.3317,-33.7286
40.8263,0.468893,0.459109,-0.0458308,101.269,0,0,3330.76,44.5732,-33.7669
40.8388,0.478854,0.443551,-0.0379899,101.269,0,0,3331.99,44.8288,-33.7904
40.8513,0.490236,0.425884,-0.0264986,101.269,0,0,3333.22,45.1035,-33.7991
40.8638,0.502744,0.406142,-0.0117356,101.269,0,0,3334.45,45.402,-33.7926
40.8763,0.516069,0.384385,0.00587634,101.269,0,0,3335.66,45.7286,-33.7705
40.8888,0.529895,0.360709,0.0258843,101.269,0,0,3336.87,46.087,-33.7328
40.9013,0.543919,0.335246,0.0478184,101.269,0,0,3338.07,46.4805,-33.679
40.9138,0.557859,0.308172,0.0712043,101.269,0,0,3339.25,46.9116,-33.609
40.9263,0.571464,0.279699,0.0955725,101.269,0,0,3340.42,47.3821,-33.5225
40.9388,0.584527,0.250079,0.120466,101.269,0,0,3341.57,47.8934,-33.4194
40.9513,0.596887,0.219599,0.145447,101.269,0,0,3342.69,48.4457,-33.2994
40.9638,0.608429,0.188569,0.170098,101.269,0,0,3343.8,49.0388,-33.1624
40.9763,0.619094,0.157323,0.194022,101.269,0,0,3344.88,49.6719,-33.0085
40.9888,0.628866,0.126205,0.216847,101.269,0,0,3345.93,50.3433,-32.8374
41.0014,0.637779,0.0955649,0.238219,101.269,0,0,3346.96,51.0508,-32.6493
41.0139,0.645905,0.0657463,0.257808,101.269,0,0,3347.96,51.792,-32.4441
41.0264,0.653353,0.0370835,0.275301,101.269,0,0,3348.93,52.5637,-32.222
41.0389,0.660256,0.00989315,0.290408,101.269,0,0,3349.87,53.3626,-31.9828
41.0514,0.66677,-0.0155305,0.302862,101.269,0,0,3350.79,54.1851,-31.7269
41.0639,0.673059,-0.0389196,0.312424,101.269,0,0,3351.69,55.0275,-31.4543
41.0764,0.679289,-0.0600357,0.318882,101.269,0,0,3352.57,55.886,-31.1651
41.0889,0.685618,-0.0786718,0.322065,101.269,0,0,3353.43,56.7566,-30.8594
41.1014,0.692187,-0.0946536,0.321841,101.269,0,0,3354.27,57.6356,-30.5374
41.1139,0.699112,-0.107841,0.318126,101.269,0,0,3355.11,58.5189,-30.1991
41.1264,0.706478,-0.118127,0.310888,101.269,0,0,3355.93,59.4027,-29.8447
41.1389,0.714332,-0.125442,0.300152,101.269,0,0,3356.75,60.2834,-29.4742
41.1514,0.722682,-0.129754,0.285998,101.269,0,0,3357.58,61.157,-29.0877
41.1639,0.731499,-0.131066,0.268564,101.269,0,0,3358.4,62.0198,-28.6852
41.1764,0.740714,-0.129425,0.248039,101.269,0,0,3359.24,62.8682,-28.2667
41.1889,0.750229,-0.124919,0.224663,101.269,0,0,3360.08,63.6986,-27.8324
41.2014,0.759918,-0.117679,0.198715,101.269,0,0,3360.94,64.5075,-27.3821
41.2139,0.769641,-0.107882,0.170509,101.269,0,0,3361.81,65.2915,-26.916
41.2264,0.779252,-0.0957474,0.140384,101.269,0,0,3362.69,66.0473,-26.434
41.2389,0.788605,-0.0815391,0.108693,101.269,0,0,3363.6,66.772,-25.9361
41.2514,0.79757,-0.0655601,0.0758017,101.269,0,0,3364.52,67.4629,-25.4226
41.2639,0.806034,-0.0481488,0.0420754,101.269,0,0,3365.46,68.1176,-24.8933
41.2764,0.813912,-0.0296733,0.00787849,101.269,0,0,3366.41,68.7342,-24.3485
41.2889,0.821148,-0.0105247,-0.026431,101.269,0,0,3367.38,69.3114,-23.7882
41.3014,0.827721,0.00889116,-0.0605029,101.269,0,0,3368.37,69.8483,-23.2127
41.3139,0.833646,0.0281612,-0.0939972,101.269,0,0,3369.37,70.3445,-22.6221
41.3264,0.838968,0.046874,-0.126584,101.269,0,0,3370.37,70.8003,-22.0166
41.3389,0.843765,0.0646272,-0.157946,101.269,0,0,3371.39,71.2169,-21.3966
41.3514,0.848137,0.0810354,-0.18778,101.269,0,0,3372.41,71.5956,-20.7624
41.3639,0.852207,0.0957365,-0.215798,101.269,0,0,3373.44,71.9386,-20.1142
41.3764,0.856107,0.108397,-0.241734,101.269,0,0,3374.46,72.2485,-19.4523
41.3889,0.859974,0.118717,-0.265345,101.269,0,0,3375.49,72.5285,-18.7771
41.4014,0.863939,0.126433,-0.286419,101.269,0,0,3376.52,72.7822,-18.089
41.4139,0.868121,0.131321,-0.304781,101.269,0,0,3377.54,73.0134,-17.3883
41.4264,0.872617,0.133199,-0.320295,101.269,0,0,3378.56,73.2263,-16.6752
41.4389,0.877496,0.131927,-0.332871,101.269,0,0,3379.57,73.4251,-15.9502
41.4514,0.882796,0.127407,-0.342469,101.269,0,0,3380.57,73.6142,-15.2136
41.4639,0.888521,0.119589,-0.349097,101.269,0,0,3381.57,73.7982,-14.4656
41.4764,0.894639,0.108465,-0.352812,101.269,0,0,3382.56,73.9813,-13.7064
41.4889,0.901089,0.0940768,-0.353718,101.269,0,0,3383.54,74.1678,-12.9365
41.5014,0.907781,0.0765102,-0.351959,101.269,0,0,3384.51,74.3617,-12.156
41.5139,0.914603,0.0559002,-0.347716,101.269,0,0,3385.47,74.5668,-11.3651
41.5264,0.921434,0.0324289,-0.341195,101.269,0,0,3386.42,74.7865,-10.564
41.5389,0.928142,0.00632466,-0.332626,101.269,0,0,3387.36,75.0238,-9.75304
41.5514,0.934603,-0.0221392,-0.322251,101.269,0,0,3388.28,75.2814,-8.93228
41.5639,0.940701,-0.0526479,-0.310325,101.269,0,0,3389.19,75.5614,-8.10194
41.5764,0.946336,-0.0848486,-0.297103,101.269,0,0,3390.08,75.8653,-7.26221
41.5889,0.951434,-0.118356,-0.282845,101.269,0,0,3390.95,76.1942,-6.41327
41.6014,0.955946,-0.152759,-0.267813,101.269,0,0,3391.8,76.5488,-5.5553
41.6139,0.959858,-0.187626,-0.252268,101.269,0,0,3392.64,76.9289,-4.68847
41.6264,0.963186,-0.222514,-0.236474,101.269,0,0,3393.45,77.3341,-3.81299
41.6389,0.965984,-0.256974,-0.220697,101.269,0,0,3394.24,77.7635,-2.92904
41.6514,0.968342,-0.290563,-0.205209,101.269,0,0,3395.01,78.2155,-2.03681
41.6639,0.970382,-0.322847,-0.190287,101.269,0,0,3395.75,78.6885,-1.13652
41.6764,0.972258,-0.35341,-0.176211,101.269,0,0,3396.47,79.1804,-0.228364
41.6889,0.974151,-0.381861,-0.163265,101.269,0,0,3397.18,79.6887,0.687452
41.7014,0.976258,-0.407838,-0.151727,101.269,0,0,3397.86,80.2111,1.61072
41.7139,0.97879,-0.431012,-0.141869,101.269,0,0,3398.52,80.7448,2.54122
41.7264,0.98195,-0.45109,-0.133938,101.269,0,0,3399.17,81.2871,3.47875
41.7389,0.985932,-0.46782,-0.128154,101.269,0,0,3399.8,81.8353,4.42309
41.7514,0.990897,-0.48099,-0.124692,101.269,0,0,3400.41,82.3864,5.37404
41.7639,0.996968,-0.49043,-0.123674,101.269,0,0,3401.02,82.9378,6.33137
41.7764,1.00422,-0.496012,-0.125158,101.269,0,0,3401.62,83.4866,7.29488
41.7889,1.01266,-0.497654,-0.12913,101.269,0,0,3402.22,84.0302,8.26433
41.8014,1.02224,-0.495321,-0.135509,101.269,0,0,3402.81,84.5658,9.23951
41.8139,1.03287,-0.489025,-0.144141,101.269,0,0,3403.4,85.0908,10.2202
41.8264,1.04438,-0.478831,-0.154814,101.269,0,0,3404,85.6025,11.2061
41.8389,1.05659,-0.464855,-0.16727,101.269,0,0,3404.6,86.0984,12.197
41.8514,1.06928,-0.44727,-0.181213,101.269,0,0,3405.21,86.5759,13.1926
41.8639,1.08222,-0.426299,-0.196333,101.269,0,0,3405.83,87.0326,14.1927
41.8764,1.0952,-0.402224,-0.212311,101.269,0,0,3406.45,87.4663,15.1969
41.8889,1.10801,-0.375375,-0.22884,101.269,0,0,3407.09,87.8747,16.2049
41.9014,1.12048,-0.346128,-0.245629,101.269,0,0,3407.74,88.2559,17.2163
41.9139,1.13248,-0.314902,-0.262409,101.269,0,0,3408.4,88.6081,18.2309
41.9264,1.14389,-0.282149,-0.278938,101.269,0,0,3409.07,88.9298,19.2481
41.9389,1.15464,-0.24835,-0.294998,101.269,0,0,3409.76,89.2199,20.2677
41.9514,1.16472,-0.214002,-0.310399,101.269,0,0,3410.45,89.4777,21.2892
41.9639,1.17411,-0.179612,-0.324968,101.269,0,0,3411.15,89.7026,22.3121
41.9764,1.18286,-0.14569,-0.338554,101.269,0,0,3411.86,89.8949,23.3362
41.9889,1.19101,-0.112739,-0.351019,101.269,0,0,3412.58,90.0548,24.3608
42.0014,1.19865,-0.0812462,-0.362239,101.269,0,0,3413.3,90.1833,25.3857
42.0139,1.20585,-0.051676,-0.372103,101.269,0,0,3414.03,90.2817,26.4103
42.0264,1.21272,-0.0244646,-0.380509,101.269,0,0,3414.76,90.3515,27.4343
42.0389,1.21935,-1.23158e-05,-0.387369,101.269,0,0,3415.5,90.395,28.4573
42.0514,1.22584,0.0213213,-0.392607,101.269,0,0,3416.24,90.4143,29.4788
42.0639,1.23228,0.0392226,-0.396166,101.269,0,0,3416.98,90.4122,30.4986
42.0764,1.23874,0.0534275,-0.398006,101.269,0,0,3417.72,90.3915,31.5161
42.0889,1.24528,0.0637255,-0.398109,101.269,0,0,3418.47,90.3553,32.5312
42.1014,1.25193,0.0699621,-0.396482,101.269,0,0,3419.22,90.3067,33.5435
42.1139,1.25872,0.0720409,-0.393155,101.269,0,0,3419.97,90.2491,34.5527
42.1264,1.26561,0.0699256,-0.388182,101.269,0,0,3420.73,90.186,35.5586
42.1389,1.2726,0.0636405,-0.381641,101.269,0,0,3421.49,90.1206,36.5607
42.1514,1.27961,0.053271,-0.373628,101.269,0,0,3422.26,90.0564,37.559
42.1639,1.28659,0.0389626,-0.364255,101.269,0,0,3423.03,89.9967,38.5533
42.1764,1.29345,0.02092,-0.353644,101.269,0,0,3423.81,89.9448,39.5432
42.1889,1.30012,-0.000595756,-0.341923,101.269,0,0,3424.6,89.9037,40.5286
42.2014,1.3065,-0.0252702,-0.329221,101.269,0,0,3425.39,89.8763,41.5094
42.2139,1.31252,-0.05274,-0.315663,101.269,0,0,3426.19,89.8653,42.4855
42.2264,1.3181,-0.082598,-0.301369,101.269,0,0,3426.99,89.8729,43.4566
42.2389,1.32318,-0.114399,-0.286454,101.269,0,0,3427.8,89.9013,44.4226
42.2514,1.32771,-0.147667,-0.271021,101.269,0,0,3428.61,89.9521,45.3836
42.2639,1.33165,-0.181901,-0.255168,101.269,0,0,3429.43,90.0264,46.3393
42.2764,1.33499,-0.216585,-0.238987,101.269,0,0,3430.26,90.1251,47.2897
42.2889,1.33773,-0.251194,-0.222566,101.269,0,0,3431.08,90.2484,48.2348
42.3014,1.33988,-0.285202,-0.205992,101.269,0,0,3431.91,90.3962,49.1745
42.3139,1.34148,-0.318092,-0.189353,101.269,0,0,3432.74,90.5679,50.1087
42.3264,1.34259,-0.349362,-0.172741,101.269,0,0,3433.57,90.7625,51.0374
42.3389,1.34326,-0.378535,-0.156254,101.269,0,0,3434.4,90.9784,51.9605
42.3514,1.34359,-0.405162,-0.139996,101.269,0,0,3435.23,91.2138,52.8781
42.3639,1.34369,-0.428834,-0.124076,101.269,0,0,3436.07,91.4664,53.7899
42.3764,1.34365,-0.449183,-0.108609,101.269,0,0,3436.9,91.7336,54.696
42.3889,1.34361,-0.465891,-0.0937074,101.269,0,0,3437.74,92.0126,55.5962
42.4014,1.34368,-0.478692,-0.0794814,101.269,0,0,3438.58,92.3003,56.4904
42.4139,1.34398,-0.487377,-0.0660294,101.269,0,0,3439.43,92.5934,57.3785
42.4264,1.34459,-0.491796,-0.0534334,101.269,0,0,3440.28,92.8882,58.2602
42.4389,1.34562,-0.491859,-0.0417525,101.269,0,0,3441.14,93.1812,59.1354
42.4514,1.34711,-0.487536,-0.0310185,101.269,0,0,3442,93.4687,60.0037
42.4639,1.34911,-0.478861,-0.0212337,101.269,0,0,3442.88,93.7466,60.8649
42.4764,1.35161,-0.465927,-0.0123697,101.269,0,0,3443.77,94.0113,61.7187
42.4889,1.35462,-0.448886,-0.00436997,101.269,0,0,3444.67,94.2587,62.5646
42.5014,1.3581,-0.42795,0.00284673,101.269,0,0,3445.59,94.485,63.4023
42.5139,1.36201,-0.403382,0.00938134,101.269,0,0,3446.52,94.6867,64.2314
42.5264,1.36628,-0.3755,0.0153489,101.269,0,0,3447.46,94.86,65.0513
42.5389,1.37088,-0.344667,0.0208729,101.269,0,0,3448.41,95.0016,65.8617
42.5514,1.37574,-0.31129,0.0260807,101.269,0,0,3449.38,95.1087,66.662
42.5639,1.38084,-0.27581,0.0310993,101.269,0,0,3450.36,95.1786,67.4517
42.5764,1.38612,-0.238704,0.0360523,101.269,0,0,3451.35,95.209,68.2304
42.5889,1.39158,-0.200469,0.0410575,101.269,0,0,3452.35,95.1983,68.9975
42.6014,1.39719,-0.161622,0.0462261,101.269,0,0,3453.36,95.1454,69.7525
42.6139,1.40297,-0.122691,0.051661,101.269,0,0,3454.38,95.0497,70.4951
42.6264,1.40891,-0.084204,0.0574564,101.269,0,0,3455.39,94.9112,71.2248
42.639,1.41505,-0.046688,0.0636971,101.269,0,0,3456.42,94.7308,71.9411
42.6515,1.42141,-0.0106565,0.0704571,101.269,0,0,3457.44,94.5095,72.6437
42.664,1.428,0.0233957,0.0777988,101.269,0,0,3458.46,94.2492,73.3323
42.6765,1.43486,0.0549999,0.0857712,101.269,0,0,3459.49,93.9523,74.0064
42.689,1.44201,0.08372,0.0944082,101.269,0,0,3460.51,93.6216,74.666
42.7015,1.44946,0.109159,0.103727,101.269,0,0,3461.53,93.2603,75.3106
42.714,1.4572,0.130965,0.113725,101.269,0,0,3462.55,92.872,75.9402
42.7265,1.46524,0.148836,0.124383,101.269,0,0,3463.57,92.4607,76.5544
42.739,1.47354,0.162525,0.13566,101.269,0,0,3464.6,92.0306,77.1531
42.7515,1.48206,0.171842,0.147495,101.269,0,0,3465.62,91.586,77.7362
42.764,1.49074,0.176662,0.159813,101.269,0,0,3466.65,91.1314,78.3035
42.7765,1.49953,0.176921,0.172525,101.269,0,0,3467.69,90.6717,78.8549
42.789,1.50834,0.172622,0.185531,101.269,0,0,3468.73,90.2113,79.3903
42.8015,1.5171,0.163833,0.19873,101.269,0,0,3469.79,89.7553,79.9096
42.814,1.52573,0.150686,0.212021,101.269,0,0,3470.85,89.3083,80.4126
42.8265,1.53416,0.133378,0.225309,101.269,0,0,3471.93,88.875,80.8995
42.839,1.54233,0.112163,0.238508,101.269,0,0,3473.03,88.4601,81.3701
42.8515,1.55017,0.0873532,0.251549,101.269,0,0,3474.14,88.0679,81.8243
42.864,1.55766,0.0593107,0.264374,101.269,0,0,3475.26,87.7027,82.2624
42.8765,1.56476,0.028444,0.276945,101.269,0,0,3476.4,87.3682,82.6842
42.889,1.57146,-0.004799,0.289236,101.269,0,0,3477.55,87.0679,83.0899
42.9015,1.57773,-0.0399374,0.301238,101.269,0,0,3478.72,86.8049,83.4796
42.914,1.5836,-0.0764644,0.312956,101.269,0,0,3479.91,86.5814,83.8535
42.9265,1.58906,-0.113855,0.324404,101.269,0,0,3481.1,86.3994,84.2117
42.939,1.59412,-0.151572,0.335609,101.269,0,0,3482.31,86.2599,84.5546
42.9515,1.5988,-0.189076,0.346601,101.269,0,0,3483.52,86.1635,84.8824
42.964,1.60312,-0.225832,0.35742,101.269,0,0,3484.74,86.1099,85.1954
42.9765,1.60709,-0.261317,0.368106,101.269,0,0,3485.97,86.098,85.494
42.989,1.61072,-0.295026,0.378704,101.269,0,0,3487.2,86.1262,85.7785
43.0015,1.61404,-0.326481,0.389255,101.269,0,0,3488.42,86.1922,86.0493
43.014,1.61705,-0.355238,0.399802,101.269,0,0,3489.65,86.2929,86.3067
43.0265,1.61979,-0.380891,0.410382,101.269,0,0,3490.88,86.4249,86.5512
43.039,1.62226,-0.403079,0.421029,101.269,0,0,3492.11,86.5842,86.7831
43.0515,1.6245,-0.421492,0.431769,101.269,0,0,3493.34,86.7663,87.0028
43.064,1.62653,-0.435873,0.442619,101.269,0,0,3494.57,86.9665,87.2106
43.0765,1.62839,-0.446023,0.45359,101.269,0,0,3495.8,87.1797,87.4068
43.089,1.63012,-0.451806,0.464684,101.269,0,0,3497.02,87.4007,87.5917
43.1015,1.63176,-0.453147,0.475893,101.269,0,0,3498.25,87.6243,87.7654
43.114,1.63336,-0.450033,0.487204,101.269,0,0,3499.48,87.8448,87.9283
43.1265,1.63499,-0.442519,0.4986,101.269,0,0,3500.72,88.057,88.0804
43.139,1.63668,-0.43072,0.510058,101.269,0,0,3501.95,88.2555,88.2219
43.1515,1.63851,-0.414815,0.521556,101.269,0,0,3503.19,88.4351,88.3528
43.164,1.64051,-0.39504,0.53307,101.269,0,0,3504.44,88.5909,88.4733
43.1765,1.64275,-0.371687,0.544581,101.269,0,0,3505.69,88.718,88.5834
43.189,1.64526,-0.345101,0.55607,101.269,0,0,3506.94,88.8124,88.6831
43.2015,1.64809,-0.315673,0.567522,101.269,0,0,3508.2,88.87,88.7724
43.214,1.65127,-0.283833,0.578923,101.269,0,0,3509.46,88.8875,88.8513
43.2265,1.65482,-0.250048,0.590263,101.269,0,0,3510.72,88.8623,88.9198
43.239,1.65877,-0.214812,0.601529,101.269,0,0,3511.97,88.7922,88.9779
43.2515,1.66313,-0.17864,0.612708,101.269,0,0,3513.23,88.6757,89.0257
43.264,1.6679,-0.14206,0.623783,101.269,0,0,3514.48,88.5124,89.063
43.2765,1.67309,-0.105605,0.634731,101.269,0,0,3515.72,88.3021,89.0901
43.289,1.67869,-0.0698059,0.645523,101.269,0,0,3516.95,88.0457,89.1069
43.3015,1.68468,-0.0351845,0.656119,101.269,0,0,3518.18,87.7448,89.1135
43.314,1.69104,-0.00224371,0.666469,101.269,0,0,3519.39,87.4015,89.1099
43.3265,1.69771,0.0285385,0.676514,101.269,0,0,3520.59,87.0185,89.0964
43.339,1.70467,0.0567165,0.68618,101.269,0,0,3521.78,86.5991,89.0731
43.3515,1.71186,0.0818837,0.695384,101.269,0,0,3522.96,86.1471,89.04
43.364,1.7192,0.103678,0.704033,101.269,0,0,3524.12,85.6667,88.9974
43.3765,1.72665,0.121789,0.712028,101.269,0,0,3525.28,85.1622,88.9456
43.389,1.73413,0.135957,0.719264,101.269,0,0,3526.42,84.6384,88.8846
43.4015,1.74157,0.145986,0.72564,101.269,0,0,3527.56,84.1001,88.8148
43.414,1.74892,0.151734,0.731057,101.269,0,0,3528.69,83.5524,88.7364
43.4265,1.75613,0.153127,0.735427,101.269,0,0,3529.82,83.0002,88.6498
43.439,1.76317,0.150151,0.738675,101.269,0,0,3530.95,82.4487,88.5551
43.4515,1.77001,0.142855,0.740744,101.269,0,0,3532.09,81.903,88.4529
43.464,1.77668,0.13135,0.741593,101.269,0,0,3533.22,81.3682,88.3433
43.4765,1.78318,0.115807,0.741204,101.269,0,0,3534.37,80.8491,88.2269
43.489,1.78955,0.0964551,0.739576,101.269,0,0,3535.52,80.3507,88.1041
43.5015,1.79585,0.0735758,0.736726,101.269,0,0,3536.68,79.8775,87.9753
43.514,1.80216,0.0475028,0.732687,101.269,0,0,3537.85,79.4339,87.841
43.5265,1.80853,0.0186149,0.727506,101.269,0,0,3539.04,79.0241,87.7018
43.539,1.81506,-0.0126683,0.721239,101.269,0,0,3540.23,78.6516,87.5582
43.5515,1.82182,-0.0458924,0.713954,101.269,0,0,3541.44,78.3197,87.4108
43.564,1.82889,-0.0805747,0.705726,101.269,0,0,3542.66,78.0311,87.2602
43.5765,1.83632,-0.116211,0.69664,101.269,0,0,3543.88,77.7878,87.1071
43.589,1.84419,-0.152282,0.686788,101.269,0,0,3545.12,77.5912,86.9522
43.6015,1.85252,-0.188262,0.676273,101.269,0,0,3546.36,77.442,86.796
43.614,1.86133,-0.223629,0.665212,101.269,0,0,3547.61,77.3402,86.6394
43.6265,1.87061,-0.257867,0.653737,101.269,0,0,3548.86,77.2851,86.4829
43.639,1.88034,-0.290481,0.641994,101.269,0,0,3550.11,77.2751,86.3274
43.6515,1.89045,-0.320998,0.63015,101.269,0,0,3551.36,77.3081,86.1733
43.664,1.90086,-0.348981,0.618391,101.269,0,0,3552.61,77.3812,86.0213
43.6765,1.91147,-0.374029,0.606919,101.269,0,0,3553.86,77.4912,85.8722
43.689,1.92213,-0.395789,0.595951,101.269,0,0,3555.1,77.6339,85.7264
43.7015,1.93271,-0.413959,0.585711,101.269,0,0,3556.34,77.8051,85.5846
43.714,1.94305,-0.428289,0.576424,101.269,0,0,3557.58,78.0001,85.4472
43.7265,1.95301,-0.438586,0.568304,101.269,0,0,3558.82,78.2137,85.3147
43.739,1.96245,-0.444716,0.561544,101.269,0,0,3560.05,78.4406,85.1877
43.7515,1.97125,-0.446605,0.556305,101.269,0,0,3561.28,78.6755,85.0664
43.764,1.97935,-0.444234,0.552708,101.269,0,0,3562.52,78.9128,84.9514
43.7765,1.9867,-0.437642,0.550827,101.269,0,0,3563.75,79.147,84.843
43.789,1.9933,-0.426925,0.550685,101.269,0,0,3564.99,79.3726,84.7414
43.8015,1.99921,-0.41223,0.552258,101.269,0,0,3566.22,79.584,84.6469
43.814,2.00449,-0.393756,0.555474,101.269,0,0,3567.47,79.7762,84.5599
43.8265,2.00927,-0.371752,0.56022,101.269,0,0,3568.72,79.9442,84.4805
43.839,2.01366,-0.34651,0.566354,101.269,0,0,3569.97,80.0831,84.4088
43.8515,2.0178,-0.318367,0.573708,101.269,0,0,3571.22,80.1889,84.3452
43.864,2.02185,-0.287697,0.582097,101.269,0,0,3572.48,80.2576,84.2896
43.8765,2.02592,-0.254906,0.591326,101.269,0,0,3573.74,80.286,84.2421
43.889,2.03014,-0.220431,0.601193,101.269,0,0,3575,80.2715,84.2029
43.9015,2.03461,-0.184729,0.611493,101.269,0,0,3576.26,80.212,84.172
43.914,2.03942,-0.148271,0.62202,101.269,0,0,3577.51,80.1063,84.1493
43.9265,2.04459,-0.111537,0.632566,101.269,0,0,3578.76,79.9539,84.1348
43.939,2.05017,-0.0750082,0.64292,101.269,0,0,3580.01,79.7548,84.1285
43.9515,2.05615,-0.0391557,0.652868,101.269,0,0,3581.25,79.5101,84.1303
43.964,2.06249,-0.00443712,0.662192,101.269,0,0,3582.47,79.2213,84.1402
43.9765,2.06914,0.0287126,0.670668,101.269,0,0,3583.69,78.8906,84.158
43.989,2.07601,0.0598875,0.678072,101.269,0,0,3584.9,78.521,84.1837
44.0015,2.083,0.0887163,0.684174,101.269,0,0,3586.09,78.1157,84.2172
44.014,2.09001,0.114867,0.688748,101.269,0,0,3587.27,77.6786,84.2584
44.0265,2.09691,0.138053,0.691575,101.269,0,0,3588.44,77.2138,84.3074
44.039,2.10358,0.158034,0.692449,101.269,0,0,3589.6,76.7258,84.3639
44.0515,2.10991,0.174616,0.691184,101.269,0,0,3590.76,76.2193,84.4282
44.064,2.11581,0.187658,0.687621,101.269,0,0,3591.9,75.6991,84.5001
44.0765,2.12121,0.197071,0.681637,101.269,0,0,3593.04,75.1702,84.5798
44.089,2.12607,0.202812,0.673149,101.269,0,0,3594.18,74.6375,84.6675
44.1015,2.13037,0.204892,0.662118,101.269,0,0,3595.32,74.1063,84.7633
44.114,2.13417,0.203372,0.648552,101.269,0,0,3596.46,73.5814,84.8674
44.1265,2.13751,0.198362,0.632507,101.269,0,0,3597.61,73.0679,84.9802
44.139,2.14049,0.190019,0.614079,101.269,0,0,3598.76,72.5705,85.1019
44.1515,2.14324,0.178551,0.593404,101.269,0,0,3599.92,72.0939,85.2329
44.164,2.14591,0.164209,0.570653,101.269,0,0,3601.09,71.6426,85.3736
44.1765,2.14863,0.14729,0.546021,101.269,0,0,3602.27,71.2206,85.5246
44.189,2.15156,0.128131,0.519725,101.269,0,0,3603.46,70.8319,85.6862
44.2015,2.15485,0.107106,0.491996,101.269,0,0,3604.66,70.4797,85.8589
44.214,2.15863,0.0846213,0.463079,101.269,0,0,3605.86,70.1669,86.0433
44.2265,2.163,0.061107,0.433222,101.269,0,0,3607.08,69.8958,86.2398
44.239,2.16805,0.0370127,0.402686,101.269,0,0,3608.3,69.668,86.449
44.2515,2.17382,0.012798,0.371733,101.269,0,0,3609.53,69.4844,86.6713
44.264,2.18034,-0.0110755,0.340636,101.269,0,0,3610.76,69.3454,86.9072
44.2766,2.18759,-0.0341531,0.309674,101.269,0,0,3611.99,69.2504,87.157
44.2891,2.19551,-0.0559955,0.279135,101.269,0,0,3613.22,69.1983,87.4213
44.3016,2.20403,-0.076187,0.249315,101.269,0,0,3614.45,69.1871,87.7004
44.3141,2.21303,-0.0943432,0.220516,101.269,0,0,3615.68,69.2143,87.9944
44.3266,2.22238,-0.110117,0.193042,101.269,0,0,3616.9,69.2767,88.3038
44.3391,2.23194,-0.123205,0.167195,101.269,0,0,3618.11,69.3706,88.6288
44.3516,2.24155,-0.13335,0.143268,101.269,0,0,3619.32,69.4919,88.9694
44.3641,2.25107,-0.140344,0.121536,101.269,0,0,3620.52,69.6359,89.3258
44.3766,2.26035,-0.14403,0.102249,101.269,0,0,3621.72,69.7979,89.6981
44.3891,2.26929,-0.144299,0.085621,101.269,0,0,3622.9,69.9726,90.0864
44.4016,2.2778,-0.141095,0.0718268,101.269,0,0,3624.08,70.1549,90.4907
44.4141,2.28584,-0.134407,0.0609919,101.269,0,0,3625.26,70.3394,90.9108
44.4266,2.29339,-0.124271,0.0531915,101.269,0,0,3626.43,70.5208,91.3468
44.4391,2.3005,-0.110767,0.0484485,101.269,0,0,3627.59,70.6937,91.7985
44.4516,2.30722,-0.0940184,0.0467349,101.269,0,0,3628.75,70.853,92.2659
44.4641,2.31367,-0.0741899,0.047975,101.269,0,0,3629.91,70.9936,92.7486
44.4766,2.31996,-0.051485,0.05205,101.269,0,0,3631.06,71.1109,93.2466
44.4891,2.32625,-0.0261453,0.0588042,101.269,0,0,3632.21,71.2003,93.7595
44.5016,2.33268,0.00155208,0.0680499,101.269,0,0,3633.35,71.2579,94.2871
44.5141,2.33942,0.0312972,0.0795735,101.269,0,0,3634.49,71.2801,94.829
44.5266,2.34661,0.0627509,0.0931395,101.269,0,0,3635.62,71.2638,95.3848
44.5391,2.35437,0.0955498,0.108494,101.269,0,0,3636.74,71.2065,95.9542
44.5516,2.36281,0.129311,0.125364,101.269,0,0,3637.86,71.1064,96.5366
44.5641,2.372,0.163641,0.143464,101.269,0,0,3638.96,70.9622,97.1316
44.5766,2.38197,0.198139,0.162485,101.269,0,0,3640.05,70.7734,97.7386
44.5891,2.3927,0.232408,0.182103,101.269,0,0,3641.12,70.54,98.3572
44.6016,2.40415,0.266063,0.201972,101.269,0,0,3642.18,70.263,98.9866
44.6141,2.4162,0.298737,0.221721,101.269,0,0,3643.22,69.9435,99.6263
44.6266,2.42869,0.33009,0.24096,101.269,0,0,3644.24,69.5836,100.276
44.6391,2.44143,0.359814,0.259275,101.269,0,0,3645.23,69.1856,100.934
44.6516,2.45417,0.387638,0.276239,101.269,0,0,3646.21,68.7525,101.601
44.6641,2.46663,0.413335,0.291412,101.269,0,0,3647.17,68.2873,102.276
44.6766,2.47851,0.436715,0.304358,101.269,0,0,3648.11,67.7936,102.959
44.6891,2.4895,0.457632,0.314653,101.269,0,0,3649.03,67.275,103.648
44.7016,2.49931,0.475975,0.321901,101.269,0,0,3649.93,66.7352,104.343
44.7141,2.50764,0.491668,0.32575,101.269,0,0,3650.82,66.1782,105.045
44.7266,2.51426,0.504662,0.325908,101.269,0,0,3651.69,65.6078,105.752
44.7391,2.51897,0.514931,0.322155,101.269,0,0,3652.56,65.0279,106.464
44.7516,2.52164,0.52247,0.314359,101.269,0,0,3653.41,64.4424,107.181
44.7641,2.52223,0.527288,0.302481,101.269,0,0,3654.26,63.8551,107.903
44.7766,2.52076,0.529408,0.28658,101.269,0,0,3655.11,63.2695,108.63
44.7891,2.51732,0.528871,0.266811,101.269,0,0,3655.96,62.6895,109.36
44.8016,2.51209,0.525736,0.243422,101.269,0,0,3656.81,62.1184,110.095
44.8141,2.50531,0.520087,0.216742,101.269,0,0,3657.67,61.5597,110.834
44.8266,2.49726,0.512034,0.187169,101.269,0,0,3658.53,61.0164,111.577
44.8391,2.48826,0.501721,0.155152,101.269,0,0,3659.4,60.4917,112.325
44.8516,2.47864,0.48933,0.121175,101.269,0,0,3660.27,59.9882,113.076
44.8641,2.46875,0.475082,0.0857404,101.269,0,0,3661.16,59.5084,113.832
44.8766,2.45891,0.459239,0.0493533,101.269,0,0,3662.06,59.0544,114.591
44.8891,2.4494,0.442099,0.0125077,101.269,0,0,3662.97,58.6278,115.355
44.9016,2.44049,0.423993,-0.0243223,101.269,0,0,3663.89,58.2299,116.124
44.9141,2.43238,0.405279,-0.0606896,101.269,0,0,3664.81,57.8614,116.897
44.9266,2.42524,0.386333,-0.0961771,101.269,0,0,3665.74,57.5225,117.674
44.9391,2.41919,0.367542,-0.130399,101.269,0,0,3666.68,57.213,118.455
44.9516,2.4143,0.34929,-0.163002,101.269,0,0,3667.63,56.932,119.241
44.9641,2.4106,0.331955,-0.193658,101.269,0,0,3668.58,56.6782,120.031
44.9766,2.4081,0.315896,-0.222072,101.269,0,0,3669.53,56.4495,120.826
44.9891,2.40678,0.301444,-0.24797,101.269,0,0,3670.48,56.2436,121.625
45.0016,2.4066,0.288899,-0.271107,101.269,0,0,3671.44,56.0577,122.428
45.0141,2.4075,0.278522,-0.291261,101.269,0,0,3672.39,55.8886,123.235
45.0266,2.40944,0.270528,-0.308237,101.269,0,0,3673.34,55.7327,124.046
45.0391,2.41238,0.265087,-0.321867,101.269,0,0,3674.3,55.5862,124.86
45.0516,2.41629,0.262318,-0.332011,101.269,0,0,3675.24,55.4451,125.678
45.0641,2.42113,0.262287,-0.338561,101.269,0,0,3676.19,55.3053,126.499
45.0766,2.42693,0.265011,-0.341439,101.269,0,0,3677.14,55.1625,127.323
45.0891,2.4337,0.270451,-0.340603,101.269,0,0,3678.08,55.0125,128.149
45.1016,2.44148,0.278519,-0.336042,101.269,0,0,3679.01,54.8511,128.978
45.1141,2.45034,0.289074,-0.327781,101.269,0,0,3679.94,54.6742,129.808
45.1266,2.46035,0.301927,-0.315879,101.269,0,0,3680.87,54.478,130.64
45.1391,2.4716,0.316845,-0.300428,101.269,0,0,3681.79,54.2589,131.473
45.1516,2.48418,0.333552,-0.281558,101.269,0,0,3682.71,54.0136,132.307
45.1641,2.49816,0.351733,-0.259433,101.269,0,0,3683.61,53.7392,133.141
45.1766,2.51361,0.371045,-0.234254,101.269,0,0,3684.51,53.4332,133.974
45.1891,2.53057,0.39112,-0.206266,101.269,0,0,3685.39,53.0936,134.806
45.2016,2.54904,0.411576,-0.175755,101.269,0,0,3686.26,52.7189,135.637
45.2141,2.56897,0.432028,-0.143058,101.269,0,0,3687.12,52.3081,136.467
45.2266,2.59028,0.452096,-0.108563,101.269,0,0,3687.96,51.8608,137.294
45.2391,2.6128,0.471419,-0.0727107,101.269,0,0,3688.78,51.3771,138.118
45.2516,2.63632,0.489667,-0.035999,101.269,0,0,3689.58,50.8575,138.938
45.2641,2.66055,0.50655,0.00102475,101.269,0,0,3690.37,50.3032,139.755
45.2766,2.68518,0.521826,0.0377687,101.269,0,0,3691.13,49.7156,140.568
45.2891,2.7098,0.535308,0.0736086,101.269,0,0,3691.88,49.0965,141.376
45.3016,2.73401,0.546871,0.107904,101.269,0,0,3692.6,48.4482,142.179
45.3141,2.75739,0.556442,0.140015,101.269,0,0,3693.3,47.773,142.976
45.3266,2.77951,0.564004,0.169327,101.269,0,0,3693.99,47.0735,143.767
45.3391,2.79999,0.569584,0.195267,101.269,0,0,3694.67,46.3523,144.553
45.3516,2.81846,0.573242,0.217328,101.269,0,0,3695.33,45.6123,145.332
45.3641,2.83465,0.575061,0.235079,101.269,0,0,3695.97,44.8562,146.104
45.3766,2.84832,0.575138,0.248182,101.269,0,0,3696.62,44.087,146.87
45.3891,2.85933,0.573566,0.256399,101.269,0,0,3697.25,43.3074,147.628
45.4016,2.86761,0.570432,0.259592,101.269,0,0,3697.89,42.5203,148.379
45.4141,2.87316,0.565808,0.257732,101.269,0,0,3698.53,41.7287,149.122
45.4266,2.87605,0.559751,0.250889,101.269,0,0,3699.18,40.9355,149.857
45.4391,2.87644,0.552299,0.239231,101.269,0,0,3699.84,40.1435,150.584
45.4516,2.87454,0.543477,0.223014,101.269,0,0,3700.51,39.356,151.303
45.4641,2.87061,0.533303,0.202577,101.269,0,0,3701.2,38.5757,152.013
45.4766,2.86495,0.521794,0.178331,101.269,0,0,3701.91,37.806,152.715
45.4891,2.8579,0.508973,0.150743,101.269,0,0,3702.65,37.0497,153.407
45.5016,2.84981,0.494879,0.120328,101.269,0,0,3703.41,36.3099,154.09
45.5141,2.84105,0.479572,0.087634,101.269,0,0,3704.19,35.5894,154.764
45.5266,2.83197,0.463138,0.0532281,101.269,0,0,3705,34.8912,155.428
45.5391,2.82291,0.445695,0.0176844,101.269,0,0,3705.85,34.2176,156.082
45.5516,2.81419,0.427388,-0.0184271,101.269,0,0,3706.72,33.5708,156.726
45.5641,2.80607,0.408393,-0.0545506,101.269,0,0,3707.61,32.9527,157.36
45.5766,2.79879,0.388908,-0.0901515,101.269,0,0,3708.54,32.3646,157.983
45.5891,2.79254,0.369151,-0.124722,101.269,0,0,3709.49,31.8075,158.595
45.6016,2.78746,0.34935,-0.157786,101.269,0,0,3710.46,31.2814,159.196
45.6141,2.78364,0.329736,-0.188898,101.269,0,0,3711.46,30.7861,159.785
45.6266,2.78114,0.310535,-0.21765,101.269,0,0,3712.48,30.3207,160.364
45.6391,2.77996,0.29196,-0.243667,101.269,0,0,3713.52,29.8835,160.93
45.6516,2.78009,0.274203,-0.26661,101.269,0,0,3714.58,29.4723,161.485
45.6641,2.78149,0.257434,-0.28618,101.269,0,0,3715.65,29.0843,162.027
45.6766,2.7841,0.241788,-0.302113,101.269,0,0,3716.73,28.7164,162.558
45.6891,2.78783,0.22737,-0.314188,101.269,0,0,3717.82,28.3645,163.075
45.7016,2.79262,0.214248,-0.322228,101.269,0,0,3718.93,28.0247,163.58
45.7141,2.79836,0.202456,-0.3261,101.269,0,0,3720.04,27.6924,164.072
45.7266,2.80497,0.19199,-0.32572,101.269,0,0,3721.16,27.363,164.551
45.7391,2.81238,0.182817,-0.321058,101.269,0,0,3722.28,27.0314,165.017
45.7516,2.82051,0.174868,-0.312134,101.269,0,0,3723.41,26.6928,165.468
45.7641,2.82929,0.168049,-0.299025,101.269,0,0,3724.54,26.3423,165.906
45.7766,2.83865,0.162241,-0.281863,101.269,0,0,3725.67,25.9751,166.329
45.7891,2.84854,0.157304,-0.260837,101.269,0,0,3726.8,25.5867,166.738
45.8016,2.85889,0.153084,-0.236188,101.269,0,0,3727.92,25.1728,167.132
45.8141,2.86965,0.149414,-0.208213,101.269,0,0,3729.04,24.7296,167.511
45.8266,2.88075,0.146124,-0.177256,101.269,0,0,3730.15,24.2537,167.874
45.8391,2.89213,0.14304,-0.14371,101.269,0,0,3731.25,23.7423,168.221
45.8516,2.90371,0.139995,-0.108008,101.269,0,0,3732.33,23.1932,168.553
45.8641,2.91541,0.136829,-0.0706164,101.269,0,0,3733.4,22.6048,168.868
45.8766,2.92715,0.133395,-0.0320338,101.269,0,0,3734.45,21.9762,169.167
45.8891,2.93885,0.129564,0.00722161,101.269,0,0,3735.48,21.3073,169.45
45.9016,2.9504,0.125226,0.0466177,101.269,0,0,3736.49,20.5984,169.716
45.9142,2.96172,0.120293,0.0856172,101.269,0,0,3737.48,19.8506,169.965
45.9267,2.97273,0.114697,0.123686,101.269,0,0,3738.43,19.0656,170.198
45.9392,2.98336,0.108394,0.160302,101.269,0,0,3739.37,18.2454,170.414
45.9517,2.99353,0.10136,0.194965,101.269,0,0,3740.27,17.3926,170.613
45.9642,3.00322,0.0935887,0.227199,101.269,0,0,3741.16,16.51,170.796
45.9767,3.01239,0.0850911,0.256568,101.269,0,0,3742.01,15.6008,170.962
45.9892,3.02104,0.075891,0.282673,101.269,0,0,3742.85,14.6683,171.112
46.0017,3.02918,0.0660232,0.305166,101.269,0,0,3743.66,13.716,171.245
46.0142,3.03686,0.0555309,0.323747,101.269,0,0,3744.46,12.7473,171.362
46.0267,3.04413,0.0444636,0.338175,101.269,0,0,3745.25,11.7658,171.463
46.0392,3.05107,0.0328757,0.348263,101.269,0,0,3746.02,10.775,171.547
46.0517,3.05777,0.0208257,0.353886,101.269,0,0,3746.79,9.77854,171.615
46.0642,3.06434,0.00837609,0.354979,101.269,0,0,3747.56,8.77987,171.668
46.0767,3.07088,-0.00440702,0.351539,101.269,0,0,3748.33,7.78256,171.704
46.0892,3.07751,-0.0174532,0.343622,101.269,0,0,3749.11,6.79017,171.723
46.1017,3.08436,-0.0306875,0.331344,101.269,0,0,3749.9,5.80626,171.727
46.1142,3.09152,-0.0440304,0.31488,101.269,0,0,3750.7,4.83442,171.714
46.1267,3.09911,-0.0573981,0.294459,101.269,0,0,3751.52,3.87823,171.685
46.1392,3.1072,-0.0707033,0.270363,101.269,0,0,3752.36,2.94124,171.64
46.1517,3.11587,-0.0838571,0.242926,101.269,0,0,3753.23,2.02697,171.578
46.1642,3.12516,-0.0967712,0.212526,101.269,0,0,3754.12,1.13881,171.499
46.1767,3.1351,-0.109361,0.179582,101.269,0,0,3755.04,0.27996,171.403
46.1892,3.14568,-0.12155,0.144551,101.269,0,0,3755.98,-0.546612,171.29
46.2017,3.15688,-0.133272,0.107921,101.269,0,0,3756.96,-1.33829,171.161
46.2142,3.16865,-0.144477,0.0702055,101.269,0,0,3757.96,-2.09286,171.015
46.2267,3.18091,-0.155132,0.0319335,101.269,0,0,3758.98,-2.80863,170.851
46.2392,3.19356,-0.16523,-0.00635406,101.269,0,0,3760.03,-3.48445,170.671
46.2517,3.2065,-0.174783,-0.0441147,101.269,0,0,3761.1,-4.11983,170.474
46.2642,3.21959,-0.183831,-0.0808127,101.269,0,0,3762.19,-4.71493,170.261
46.2767,3.2327,-0.192437,-0.115927,101.269,0,0,3763.3,-5.27058,170.031
46.2892,3.24569,-0.200687,-0.14896,101.269,0,0,3764.42,-5.78833,169.785
46.3017,3.25843,-0.208685,-0.179446,101.269,0,0,3765.56,-6.27038,169.522
46.3142,3.27078,-0.216551,-0.206957,101.269,0,0,3766.7,-6.71955,169.244
46.3267,3.28261,-0.224415,-0.23111,101.269,0,0,3767.85,-7.13925,168.951
46.3392,3.29378,-0.23241,-0.251571,101.269,0,0,3769.01,-7.53336,168.642
46.3517,3.30419,-0.240667,-0.26806,101.269,0,0,3770.17,-7.90622,168.318
46.3642,3.31371,-0.24931,-0.280353,101.269,0,0,3771.33,-8.26246,167.98
46.3767,3.32225,-0.258448,-0.288287,101.269,0,0,3772.49,-8.60699,167.627
46.3892,3.32969,-0.268173,-0.291753,101.269,0,0,3773.65,-8.94482,167.26
46.4017,3.33595,-0.278551,-0.290705,101.269,0,0,3774.8,-9.28105,166.879
46.4142,3.34093,-0.289623,-0.285154,101.269,0,0,3775.95,-9.6207,166.485
46.4267,3.34457,-0.301397,-0.275167,101.269,0,0,3777.09,-9.96867,166.077
46.4392,3.34678,-0.313852,-0.260866,101.269,0,0,3778.23,-10.3296,165.656
46.4517,3.34751,-0.326935,-0.242429,101.269,0,0,3779.35,-10.7079,165.222
46.4642,3.34673,-0.340563,-0.220084,101.269,0,0,3780.46,-11.1074,164.775
46.4767,3.34443,-0.354625,-0.194109,101.269,0,0,3781.55,-11.5317,164.316
46.4892,3.34061,-0.368989,-0.164831,101.269,0,0,3782.63,-11.9837,163.845
46.5017,3.33532,-0.383503,-0.132625,101.269,0,0,3783.69,-12.4656,163.361
46.5142,3.32864,-0.398006,-0.0979108,101.269,0,0,3784.73,-12.9793,162.865
46.5267,3.32069,-0.412334,-0.0611513,101.269,0,0,3785.75,-13.5257,162.358
46.5392,3.31164,-0.426328,-0.0228494,101.269,0,0,3786.74,-14.1054,161.839
46.5517,3.30168,-0.439843,0.0164564,101.269,0,0,3787.71,-14.718,161.309
46.5642,3.29107,-0.45275,0.0561981,101.269,0,0,3788.64,-15.3628,160.768
46.5767,3.28008,-0.46495,0.0957853,101.269,0,0,3789.55,-16.0384,160.215
46.5892,3.26902,-0.476369,0.134615,101.269,0,0,3790.44,-16.743,159.652
46.6017,3.25821,-0.486966,0.172081,101.269,0,0,3791.29,-17.4742,159.079
46.6142,3.24798,-0.496728,0.207588,101.269,0,0,3792.11,-18.2295,158.496
46.6267,3.23868,-0.50567,0.24056,101.269,0,0,3792.91,-19.0061,157.902
46.6392,3.23064,-0.513823,0.270452,101.269,0,0,3793.68,-19.8008,157.299
46.6517,3.22417,-0.521237,0.296767,101.269,0,0,3794.43,-20.6107,156.687
46.6642,3.21955,-0.52796,0.319055,101.269,0,0,3795.15,-21.4325,156.065
46.6767,3.21705,-0.534041,0.336932,101.269,0,0,3795.86,-22.263,155.434
46.6892,3.21687,-0.539513,0.350078,101.269,0,0,3796.55,-23.0989,154.794
46.7017,3.2192,-0.544389,0.358251,101.269,0,0,3797.24,-23.9373,154.146
46.7142,3.22417,-0.548655,0.361285,101.269,0,0,3797.91,-24.7748,153.489
46.7267,3.23186,-0.55227,0.359097,101.269,0,0,3798.59,-25.6085,152.825
46.7392,3.2423,-0.555159,0.351692,101.269,0,0,3799.26,-26.4353,152.152
46.7517,3.25546,-0.55722,0.339165,101.269,0,0,3799.94,-27.2521,151.472
46.7642,3.27125,-0.558328,0.3217,101.269,0,0,3800.62,-28.0559,150.785
46.7767,3.28952,-0.558341,0.299577,101.269,0,0,3801.32,-28.8438,150.09
46.7892,3.31005,-0.557111,0.273163,101.269,0,0,3802.03,-29.6126,149.388
46.8017,3.33256,-0.554498,0.242912,101.269,0,0,3802.76,-30.3594,148.68
46.8142,3.35671,-0.55038,0.209352,101.269,0,0,3803.51,-31.0815,147.966
46.8267,3.38215,-0.544668,0.173079,101.269,0,0,3804.28,-31.776,147.246
46.8392,3.40844,-0.537317,0.134733,101.269,0,0,3805.07,-32.4404,146.521
46.8517,3.43518,-0.528335,0.0949871,101.269,0,0,3805.88,-33.0725,145.79
46.8642,3.46194,-0.517788,0.0545206,101.269,0,0,3806.71,-33.6701,145.055
46.8767,3.48834,-0.505803,0.014004,101.269,0,0,3807.56,-34.2317,144.316
46.8892,3.514,-0.492565,-0.0259205,101.269,0,0,3808.43,-34.7562,143.573
46.9017,3.53862,-0.478311,-0.0646525,101.269,0,0,3809.33,-35.2428,142.827
46.9142,3.56195,-0.463322,-0.101644,101.269,0,0,3810.24,-35.6915,142.079
46.9267,3.58379,-0.447911,-0.136405,101.269,0,0,3811.16,-36.1026,141.328
46.9392,3.60402,-0.432413,-0.168505,101.269,0,0,3812.1,-36.4772,140.576
46.9517,3.62254,-0.41717,-0.197575,101.269,0,0,3813.05,-36.8169,139.822
46.9642,3.63934,-0.402521,-0.223301,101.269,0,0,3814.02,-37.1237,139.069
46.9767,3.65442,-0.38879,-0.245425,101.269,0,0,3814.99,-37.4002,138.315
46.9892,3.6678,-0.376278,-0.263739,101.269,0,0,3815.97,-37.6497,137.562
47.0017,3.67954,-0.365256,-0.27808,101.269,0,0,3816.96,-37.8754,136.81
47.0142,3.6897,-0.355954,-0.28833,101.269,0,0,3817.95,-38.0814,136.059
47.0267,3.69835,-0.348561,-0.294413,101.269,0,0,3818.94,-38.2716,135.31
47.0392,3.70553,-0.343221,-0.296294,101.269,0,0,3819.94,-38.4503,134.563
47.0517,3.7113,-0.340025,-0.293976,101.269,0,0,3820.95,-38.6221,133.819
47.0642,3.71569,-0.339019,-0.287501,101.269,0,0,3821.95,-38.7914,133.078
47.0767,3.71872,-0.340193,-0.276948,101.269,0,0,3822.96,-38.9627,132.34
47.0892,3.72041,-0.343491,-0.262433,101.269,0,0,3823.97,-39.1404,131.605
47.1017,3.72073,-0.348805,-0.244109,101.269,0,0,3824.98,-39.3288,130.874
47.1142,3.71971,-0.355981,-0.222163,101.269,0,0,3825.99,-39.5319,130.148
47.1267,3.71731,-0.364823,-0.196817,101.269,0,0,3827,-39.7534,129.425
47.1392,3.71356,-0.375096,-0.168329,101.269,0,0,3828.01,-39.9967,128.706
47.1517,3.70846,-0.386531,-0.136992,101.269,0,0,3829.01,-40.2648,127.992
47.1642,3.70204,-0.398833,-0.103134,101.269,0,0,3830.01,-40.5602,127.282
47.1767,3.69439,-0.41169,-0.0671209,101.269,0,0,3831,-40.8848,126.576
47.1892,3.6856,-0.424778,-0.0293554,101.269,0,0,3831.99,-41.24,125.875
47.2017,3.6758,-0.437777,0.00972312,101.269,0,0,3832.96,-41.6268,125.178
47.2142,3.6652,-0.450372,0.0496391,101.269,0,0,3833.93,-42.0453,124.485
47.2267,3.65401,-0.462266,0.0898841,101.269,0,0,3834.89,-42.4952,123.797
47.2392,3.6425,-0.47319,0.129922,101.269,0,0,3835.83,-42.9758,123.113
47.2517,3.63097,-0.482905,0.169199,101.269,0,0,3836.76,-43.4856,122.433
47.2642,3.61975,-0.491208,0.207149,101.269,0,0,3837.68,-44.0229,121.758
47.2767,3.60917,-0.497932,0.243215,101.269,0,0,3838.59,-44.5855,121.086
47.2892,3.59957,-0.502947,0.276854,101.269,0,0,3839.48,-45.1707,120.418
47.3017,3.59127,-0.506156,0.307562,101.269,0,0,3840.37,-45.7757,119.755
47.3142,3.58455,-0.507488,0.334883,101.269,0,0,3841.24,-46.3973,119.095
47.3267,3.57966,-0.506896,0.358425,101.269,0,0,3842.11,-47.0324,118.439
47.3392,3.57678,-0.504344,0.377873,101.269,0,0,3842.98,-47.6774,117.787
47.3517,3.57604,-0.499809,0.392998,101.269,0,0,3843.84,-48.3287,117.139
47.3642,3.5775,-0.493267,0.403662,101.269,0,0,3844.71,-48.9827,116.495
47.3767,3.58115,-0.4847,0.409821,101.269,0,0,3845.58,-49.6355,115.856
47.3892,3.58691,-0.474088,0.411525,101.269,0,0,3846.45,-50.2833,115.221
47.4017,3.59462,-0.461413,0.408916,101.269,0,0,3847.34,-50.9222,114.591
47.4142,3.6041,-0.446665,0.402218,101.269,0,0,3848.24,-51.5482,113.967
47.4267,3.6151,-0.429847,0.391728,101.269,0,0,3849.15,-52.1575,113.347
47.4392,3.62732,-0.410977,0.377806,101.269,0,0,3850.08,-52.7462,112.734
47.4517,3.64047,-0.390104,0.360862,101.269,0,0,3851.03,-53.3102,112.128
47.4642,3.65423,-0.367304,0.34134,101.269,0,0,3852,-53.846,111.528
47.4767,3.6683,-0.342693,0.319706,101.269,0,0,3853,-54.35,110.937
47.4892,3.68237,-0.316424,0.296438,101.269,0,0,3854.01,-54.819,110.353
47.5017,3.69619,-0.288693,0.27201,101.269,0,0,3855.05,-55.2499,109.778
47.5142,3.70954,-0.259732,0.246886,101.269,0,0,3856.1,-55.6403,109.213
47.5267,3.72224,-0.229811,0.221516,101.269,0,0,3857.18,-55.9881,108.657
47.5392,3.73415,-0.199228,0.196329,101.269,0,0,3858.28,-56.2919,108.113
47.5518,3.74519,-0.168305,0.171732,101.269,0,0,3859.39,-56.5508,107.579
47.5643,3.75533,-0.137378,0.148111,101.269,0,0,3860.52,-56.7646,107.058
47.5768,3.76459,-0.106792,0.12583,101.269,0,0,3861.66,-56.9338,106.549
47.5893,3.77303,-0.0768888,0.10523,101.269,0,0,3862.81,-57.0596,106.053
47.6018,3.78074,-0.0480037,0.0866353,101.269,0,0,3863.97,-57.1438,105.57
47.6143,3.78785,-0.0204564,0.0703456,101.269,0,0,3865.14,-57.1889,105.101
47.6268,3.7945,0.00545371,0.0566396,101.269,0,0,3866.32,-57.1981,104.647
47.6393,3.80086,0.0294521,0.04577,101.269,0,0,3867.5,-57.175,104.207
47.6518,3.80709,0.0512922,0.0379597,101.269,0,0,3868.69,-57.1236,103.782
47.6643,3.81336,0.0707581,0.0333973,101.269,0,0,3869.88,-57.0486,103.372
47.6768,3.81982,0.0876657,0.0322307,101.269,0,0,3871.07,-56.9547,102.978
47.6893,3.82659,0.101864,0.0345625,101.269,0,0,3872.27,-56.8472,102.599
47.7018,3.83377,0.113235,0.0404441,101.269,0,0,3873.47,-56.7313,102.236
47.7143,3.84143,0.121696,0.0498723,101.269,0,0,3874.68,-56.6126,101.889
47.7268,3.84958,0.127201,0.0627869,101.269,0,0,3875.89,-56.4964,101.558
47.7393,3.85821,0.129741,0.0790709,101.269,0,0,3877.1,-56.3883,101.242
47.7518,3.86728,0.129344,0.0985519,101.269,0,0,3878.32,-56.2937,100.943
47.7643,3.87669,0.126081,0.121007,101.269,0,0,3879.55,-56.2177,100.659
47.7768,3.88633,0.120066,0.146169,101.269,0,0,3880.78,-56.1653,100.391
47.7893,3.89606,0.111455,0.173732,101.269,0,0,3882.02,-56.141,100.138
47.8018,3.90574,0.100451,0.203364,101.269,0,0,3883.25,-56.1491,99.9009
47.8143,3.91523,0.0872959,0.234712,101.269,0,0,3884.49,-56.1933,99.6787
47.8268,3.92438,0.072276,0.26741,101.269,0,0,3885.73,-56.2766,99.4712
47.8393,3.93309,0.0557129,0.301087,101.269,0,0,3886.97,-56.4016,99.2781
47.8518,3.94124,0.0379605,0.335373,101.269,0,0,3888.21,-56.5701,99.099
47.8643,3.94878,0.019398,0.369903,101.269,0,0,3889.44,-56.7831,98.9334
47.8768,3.95566,0.000422332,0.404317,101.269,0,0,3890.67,-57.0411,98.781
47.8893,3.9619,-0.0185593,0.438267,101.269,0,0,3891.88,-57.3436,98.6411
47.9018,3.96752,-0.037138,0.471415,101.269,0,0,3893.09,-57.6897,98.5133
47.9143,3.97259,-0.0549114,0.503433,101.269,0,0,3894.28,-58.0775,98.397
47.9268,3.97721,-0.0714906,0.534008,101.269,0,0,3895.46,-58.5048,98.2917
47.9393,3.98147,-0.0865078,0.562845,101.269,0,0,3896.63,-58.9686,98.1969
47.9518,3.98552,-0.0996216,0.589665,101.269,0,0,3897.79,-59.4655,98.112
47.9643,3.98949,-0.110522,0.614215,101.269,0,0,3898.93,-59.9918,98.0365
47.9768,3.99351,-0.118935,0.63627,101.269,0,0,3900.06,-60.5433,97.9699
47.9893,3.9977,-0.124624,0.655639,101.269,0,0,3901.18,-61.1156,97.9119
48.0018,4.00216,-0.127392,0.672172,101.269,0,0,3902.3,-61.7043,97.8621
48.0143,4.00698,-0.127084,0.685761,101.269,0,0,3903.41,-62.3045,97.82
48.0268,4.0122,-0.12359,0.69635,101.269,0,0,3904.51,-62.9115,97.7854
48.0393,4.01783,-0.116841,0.703928,101.269,0,0,3905.61,-63.5204,97.7581
48.0518,4.02385,-0.106814,0.708538,101.269,0,0,3906.72,-64.1263,97.7378
48.0643,4.03022,-0.0935325,0.710266,101.269,0,0,3907.83,-64.7243,97.7245
48.0768,4.03685,-0.0770646,0.709245,101.269,0,0,3908.95,-65.3096,97.7181
48.0893,4.04364,-0.0575274,0.705643,101.269,0,0,3910.07,-65.8775,97.7185
48.1018,4.05045,-0.0350845,0.699659,101.269,0,0,3911.21,-66.4235,97.7257
48.1143,4.05718,-0.00994657,0.691517,101.269,0,0,3912.36,-66.943,97.7397
48.1268,4.06368,0.0176307,0.681456,101.269,0,0,3913.52,-67.4321,97.7606
48.1393,4.06985,0.0473488,0.669729,101.269,0,0,3914.7,-67.8869,97.7886
48.1518,4.07556,0.0788699,0.656592,101.269,0,0,3915.88,-68.3041,97.8236
48.1643,4.08075,0.111822,0.642309,101.269,0,0,3917.09,-68.6808,97.8658
48.1768,4.08534,0.145804,0.627141,101.269,0,0,3918.3,-69.0146,97.9153
48.1893,4.08932,0.180394,0.611353,101.269,0,0,3919.53,-69.3039,97.9722
48.2018,4.09269,0.215155,0.595212,101.269,0,0,3920.76,-69.5476,98.0365
48.2143,4.0955,0.249641,0.578988,101.269,0,0,3922.01,-69.7454,98.1084
48.2268,4.09783,0.28341,0.562955,101.269,0,0,3923.25,-69.8977,98.1879
48.2393,4.09978,0.316027,0.547394,101.269,0,0,3924.51,-70.0056,98.2749
48.2518,4.1015,0.347072,0.53259,101.269,0,0,3925.76,-70.0709,98.3696
48.2643,4.10318,0.376149,0.518832,101.269,0,0,3927.02,-70.0963,98.4718
48.2768,4.10501,0.402887,0.506409,101.269,0,0,3928.28,-70.0847,98.5815
48.2893,4.1072,0.426949,0.495601,101.269,0,0,3929.53,-70.0401,98.6985
48.3018,4.10996,0.448033,0.486674,101.269,0,0,3930.78,-69.9665,98.8227
48.3143,4.1135,0.465876,0.479863,101.269,0,0,3932.03,-69.8686,98.954
48.3268,4.118,0.480253,0.475368,101.269,0,0,3933.28,-69.7514,99.0922
48.3393,4.1236,0.490981,0.473336,101.269,0,0,3934.53,-69.6201,99.2369
48.3518,4.13039,0.497918,0.47385,101.269,0,0,3935.77,-69.4802,99.3879
48.3643,4.13841,0.500968,0.476927,101.269,0,0,3937.01,-69.3371,99.5449
48.3768,4.14763,0.500077,0.482509,101.269,0,0,3938.26,-69.1965,99.7076
48.3893,4.15798,0.495239,0.490466,101.269,0,0,3939.5,-69.064,99.8755
48.4018,4.16931,0.486499,0.500605,101.269,0,0,3940.74,-68.945,100.048
48.4143,4.18143,0.473951,0.512675,101.269,0,0,3941.99,-68.8448,100.225
48.4268,4.19414,0.457745,0.526389,101.269,0,0,3943.23,-68.7685,100.406
48.4393,4.2072,0.438083,0.541433,101.269,0,0,3944.48,-68.7208,100.591
48.4518,4.22039,0.415224,0.557482,101.269,0,0,3945.72,-68.706,100.778
48.4643,4.23349,0.389476,0.574216,101.269,0,0,3946.97,-68.7281,100.967
48.4768,4.24631,0.361197,0.59133,101.269,0,0,3948.22,-68.7903,101.158
48.4893,4.25869,0.33079,0.60854,101.269,0,0,3949.46,-68.8953,101.349
48.5018,4.27052,0.298693,0.625587,101.269,0,0,3950.69,-69.0453,101.541
48.5143,4.2817,0.265375,0.642239,101.269,0,0,3951.93,-69.2416,101.733
48.5268,4.29219,0.231325,0.658289,101.269,0,0,3953.15,-69.4848,101.923
48.5393,4.30198,0.197049,0.673556,101.269,0,0,3954.36,-69.7748,102.112
48.5518,4.31109,0.163053,0.687875,101.269,0,0,3955.56,-70.1109,102.298
48.5643,4.31957,0.129843,0.701102,101.269,0,0,3956.75,-70.4915,102.481
48.5768,4.32748,0.0979104,0.713104,101.269,0,0,3957.92,-70.9146,102.66
48.5893,4.33491,0.0677283,0.723762,101.269,0,0,3959.08,-71.3774,102.835
48.6018,4.34195,0.0397425,0.732969,101.269,0,0,3960.23,-71.8767,103.005
48.6143,4.34871,0.0143657,0.740629,101.269,0,0,3961.36,-72.409,103.17
48.6268,4.35527,-0.00802849,0.74666,101.269,0,0,3962.48,-72.9702,103.328
48.6393,4.36174,-0.0271105,0.750995,101.269,0,0,3963.58,-73.5561,103.481
48.6518,4.3682,-0.042599,0.753587,101.269,0,0,3964.68,-74.1621,103.626
48.6643,4.3747,-0.0542647,0.754408,101.269,0,0,3965.77,-74.7837,103.764
48.6768,4.38131,-0.0619334,0.753456,101.269,0,0,3966.85,-75.4161,103.895
48.6893,4.38802,-0.0654882,0.750749,101.269,0,0,3967.93,-76.0543,104.017
48.7018,4.39486,-0.0648713,0.746335,101.269,0,0,3969.01,-76.6937,104.131
48.7143,4.40178,-0.0600856,0.740282,101.269,0,0,3970.09,-77.3292,104.237
48.7268,4.40875,-0.0511944,0.732681,101.269,0,0,3971.18,-77.956,104.333
48.7393,4.4157,-0.0383218,0.723639,101.269,0,0,3972.28,-78.5694,104.421
48.7518,4.42256,-0.0216511,0.713276,101.269,0,0,3973.39,-79.1645,104.498
48.7643,4.42924,-0.00142313,0.70172,101.269,0,0,3974.51,-79.7369,104.567
48.7768,4.43565,0.0220669,0.689102,101.269,0,0,3975.65,-80.2821,104.625
48.7893,4.44172,0.0484732,0.675552,101.269,0,0,3976.8,-80.7962,104.673
48.8018,4.44737,0.0774042,0.661193,101.269,0,0,3977.96,-81.2753,104.712
48.8143,4.45252,0.108428,0.646146,101.269,0,0,3979.14,-81.7161,104.739
48.8268,4.45712,0.14108,0.630521,101.269,0,0,3980.34,-82.1158,104.756
48.8393,4.46113,0.174868,0.614422,101.269,0,0,3981.55,-82.4721,104.763
48.8518,4.46453,0.209282,0.597947,101.269,0,0,3982.77,-82.7834,104.759
48.8643,4.46731,0.243798,0.58119,101.269,0,0,3984,-83.0486,104.744
48.8768,4.46948,0.277892,0.564242,101.269,0,0,3985.24,-83.2675,104.718
48.8893,4.47108,0.311043,0.547198,101.269,0,0,3986.49,-83.4407,104.681
48.9018,4.47215,0.342746,0.530154,101.269,0,0,3987.75,-83.5693,104.633
48.9143,4.47276,0.372513,0.513212,101.269,0,0,3989,-83.6553,104.574
48.9268,4.473,0.399888,0.496482,101.269,0,0,3990.26,-83.7012,104.504
48.9393,4.47297,0.424447,0.480079,101.269,0,0,3991.52,-83.7103,104.422
48.9518,4.47279,0.445809,0.464124,101.269,0,0,3992.78,-83.6864,104.33
48.9643,4.47257,0.46364,0.44874,101.269,0,0,3994.03,-83.6336,104.227
48.9768,4.47245,0.477658,0.434044,101.269,0,0,3995.28,-83.5566,104.112
48.9893,4.47254,0.487633,0.420147,101.269,0,0,3996.54,-83.4605,103.986
49.0018,4.47296,0.493397,0.407142,101.269,0,0,3997.78,-83.3504,103.849
49.0143,4.47379,0.494839,0.3951,101.269,0,0,3999.03,-83.2318,103.7
49.0268,4.4751,0.49191,0.384064,101.269,0,0,4000.27,-83.11,103.539
49.0393,4.47694,0.48462,0.374046,101.269,0,0,4001.52,-82.9907,103.367
49.0518,4.47933,0.473044,0.365025,101.269,0,0,4002.76,-82.8791,103.182
49.0643,4.48225,0.457312,0.356952,101.269,0,0,4004,-82.7806,102.985
49.0768,4.48567,0.437614,0.349746,101.269,0,0,4005.24,-82.7002,102.775
49.0893,4.48956,0.414196,0.343308,101.269,0,0,4006.48,-82.6429,102.552
49.1018,4.49384,0.387356,0.337519,101.269,0,0,4007.72,-82.6128,102.316
49.1143,4.49847,0.357439,0.33225,101.269,0,0,4008.96,-82.6141,102.066
49.1268,4.50338,0.324836,0.32737,101.269,0,0,4010.19,-82.6503,101.802
49.1393,4.50852,0.289977,0.322742,101.269,0,0,4011.42,-82.7241,101.524
49.1518,4.51385,0.253324,0.318236,101.269,0,0,4012.64,-82.8379,101.231
49.1643,4.51935,0.215368,0.313727,101.269,0,0,4013.85,-82.9933,100.923
49.1768,4.525,0.176618,0.309094,101.269,0,0,4015.05,-83.191,100.599
49.1894,4.53078,0.137596,0.304226,101.269,0,0,4016.24,-83.4313,100.26
49.2019,4.53671,0.0988317,0.299023,101.269,0,0,4017.42,-83.7137,99.9056
49.2144,4.54281,0.0608519,0.29339,101.269,0,0,4018.58,-84.0367,99.5348
49.2269,4.5491,0.0241743,0.287246,101.269,0,0,4019.72,-84.3986,99.1478
49.2394,4.5556,-0.0106997,0.280519,101.269,0,0,4020.85,-84.7968,98.7445
49.2519,4.56235,-0.0432923,0.273151,101.269,0,0,4021.96,-85.2284,98.3248
49.2644,4.56936,-0.0731559,0.265097,101.269,0,0,4023.05,-85.6899,97.8886
49.2769,4.57667,-0.0998795,0.256331,101.269,0,0,4024.12,-86.1774,97.4361
49.2894,4.58428,-0.123095,0.246842,101.269,0,0,4025.17,-86.687,96.9671
49.3019,4.59218,-0.142482,0.236641,101.269,0,0,4026.21,-87.2143,96.4817
49.3144,4.60035,-0.157774,0.225756,101.269,0,0,4027.23,-87.7548,95.9801
49.3269,4.60878,-0.168761,0.21424,101.269,0,0,4028.24,-88.304,95.4621
49.3394,4.61739,-0.175293,0.202158,101.269,0,0,4029.24,-88.8573,94.9281
49.3519,4.62615,-0.177284,0.189596,101.269,0,0,4030.23,-89.4102,94.3779
49.3644,4.63496,-0.174713,0.176648,101.269,0,0,4031.22,-89.958,93.8119
49.3769,4.64377,-0.167624,0.163417,101.269,0,0,4032.2,-90.4964,93.2299
49.3894,4.65248,-0.156126,0.150007,101.269,0,0,4033.17,-91.021,92.6323
49.4019,4.66102,-0.140392,0.136517,101.269,0,0,4034.15,-91.5275,92.0192
49.4144,4.66932,-0.120656,0.123041,101.269,0,0,4035.13,-92.0119,91.3906
49.4269,4.67733,-0.097209,0.109658,101.269,0,0,4036.11,-92.4704,90.7467
49.4394,4.68498,-0.0703963,0.0964351,101.269,0,0,4037.1,-92.8994,90.0878
49.4519,4.69225,-0.0406101,0.0834221,101.269,0,0,4038.09,-93.2957,89.4141
49.4644,4.69911,-0.00828493,0.0706539,101.269,0,0,4039.08,-93.6565,88.7257
49.4769,4.70555,0.0261091,0.0581497,101.269,0,0,4040.08,-93.9794,88.023
49.4894,4.71156,0.0620733,0.0459152,101.269,0,0,4041.08,-94.2625,87.3061
49.5019,4.71714,0.099088,0.0339436,101.269,0,0,4042.07,-94.5043,86.5756
49.5144,4.72231,0.136619,0.022218,101.269,0,0,4043.07,-94.7041,85.8316
49.5269,4.72707,0.174128,0.0107137,101.269,0,0,4044.07,-94.8616,85.0747
49.5394,4.73145,0.211076,-0.000600311,101.269,0,0,4045.06,-94.9773,84.3051
49.5519,4.73546,0.246933,-0.0117589,101.269,0,0,4046.05,-95.052,83.5234
49.5644,4.73912,0.281189,-0.0227992,101.269,0,0,4047.03,-95.0874,82.7299
49.5769,4.74246,0.313354,-0.0337586,101.269,0,0,4048,-95.0853,81.9252
49.5894,4.74548,0.342972,-0.0446728,101.269,0,0,4048.96,-95.0484,81.1097
49.6019,4.74822,0.369622,-0.0555747,101.269,0,0,4049.91,-94.9796,80.2838
49.6144,4.7507,0.392927,-0.0664924,101.269,0,0,4050.85,-94.882,79.448
49.6269,4.75295,0.412558,-0.0774484,101.269,0,0,4051.77,-94.7593,78.6027
49.6394,4.755,0.428239,-0.0884579,101.269,0,0,4052.69,-94.6151,77.7484
49.6519,4.75688,0.439751,-0.0995293,101.269,0,0,4053.59,-94.4533,76.8855
49.6644,4.75865,0.446935,-0.110663,101.269,0,0,4054.49,-94.2777,76.0142
49.6769,4.76034,0.449695,-0.121854,101.269,0,0,4055.37,-94.0925,75.135
49.6894,4.76201,0.447998,-0.13309,101.269,0,0,4056.25,-93.9014,74.2481
49.7019,4.7637,0.441873,-0.144356,101.269,0,0,4057.12,-93.7083,73.3538
49.7144,4.76547,0.431417,-0.155634,101.269,0,0,4057.98,-93.5169,72.4524
49.7269,4.76737,0.416786,-0.166906,101.269,0,0,4058.83,-93.3309,71.544
49.7394,4.76946,0.398197,-0.178155,101.269,0,0,4059.68,-93.1535,70.6288
49.7519,4.77177,0.375924,-0.189365,101.269,0,0,4060.52,-92.9878,69.7069
49.7644,4.77434,0.350294,-0.200525,101.269,0,0,4061.36,-92.8368,68.7786
49.7769,4.77723,0.321682,-0.211625,101.269,0,0,4062.2,-92.7029,67.8438
49.7894,4.78045,0.290505,-0.222658,101.269,0,0,4063.03,-92.5884,66.9028
49.8019,4.78402,0.25722,-0.233619,101.269,0,0,4063.86,-92.4949,65.9556
49.8144,4.78798,0.222312,-0.244503,101.269,0,0,4064.68,-92.424,65.0022
49.8269,4.79234,0.186288,-0.255303,101.269,0,0,4065.5,-92.3764,64.0427
49.8394,4.79709,0.149673,-0.266007,101.269,0,0,4066.31,-92.3527,63.0773
49.8519,4.80225,0.113,-0.276602,101.269,0,0,4067.11,-92.3529,62.106
49.8644,4.8078,0.076802,-0.287063,101.269,0,0,4067.91,-92.3766,61.1289
49.8769,4.81374,0.0416048,-0.29736,101.269,0,0,4068.7,-92.4228,60.1461
49.8894,4.82003,0.00791911,-0.307451,101.269,0,0,4069.48,-92.4903,59.1577
49.9019,4.82666,-0.0237671,-0.317283,101.269,0,0,4070.25,-92.5773,58.1639
49.9144,4.83357,-0.0529955,-0.326791,101.269,0,0,4071.01,-92.6819,57.1647
49.9269,4.84072,-0.0793446,-0.335899,101.269,0,0,4071.76,-92.8017,56.1604
49.9394,4.84805,-0.102435,-0.34452,101.269,0,0,4072.51,-92.9342,55.151
49.9519,4.85549,-0.121938,-0.35256,101.269,0,0,4073.24,-93.0765,54.1368
49.9644,4.86299,-0.137574,-0.359917,101.269,0,0,4073.97,-93.2256,53.1179
49.9769,4.87048,-0.149123,-0.366491,101.269,0,0,4074.69,-93.3786,52.0945
49.9894,4.87789,-0.156425,-0.372182,101.269,0,0,4075.4,-93.5323,51.0669
50.0019,4.88518,-0.15938,-0.376899,101.269,0,0,4076.11,-93.6834,50.0353
50.0144,4.8923,-0.157953,-0.380562,101.269,0,0,4076.82,-93.8288,48.9999
50.0269,4.89924,-0.15217,-0.383106,101.269,0,0,4077.52,-93.9653,47.961
50.0394,4.90599,-0.142122,-0.384484,101.269,0,0,4078.22,-94.0897,46.9189
50.0519,4.91256,-0.127957,-0.384668,101.269,0,0,4078.91,-94.1992,45.8739
50.0644,4.91899,-0.109886,-0.383649,101.269,0,0,4079.61,-94.2907,44.8262
50.0769,4.92532,-0.0881711,-0.381436,101.269,0,0,4080.3,-94.3616,43.7763
50.0894,4.93161,-0.0631301,-0.378052,101.269,0,0,4081,-94.4094,42.7244
50.1019,4.93793,-0.0351265,-0.373539,101.269,0,0,4081.69,-94.4317,41.671
50.1144,4.94437,-0.00456682,-0.367945,101.269,0,0,4082.38,-94.4265,40.6164
50.1269,4.95099,0.0281055,-0.361333,101.269,0,0,4083.07,-94.3922,39.561
50.1394,4.95788,0.0624162,-0.353771,101.269,0,0,4083.76,-94.3275,38.5052
50.1519,4.9651,0.0978667,-0.345337,101.269,0,0,4084.44,-94.2313,37.4494
50.1644,4.97272,0.133942,-0.336118,101.269,0,0,4085.12,-94.1032,36.394
50.1769,4.98076,0.170117,-0.326208,101.269,0,0,4085.79,-93.9429,35.3395
50.1894,4.98927,0.205865,-0.315715,101.269,0,0,4086.45,-93.7507,34.2863
50.2019,4.99824,0.240667,-0.30476,101.269,0,0,4087.11,-93.5272,33.2347
50.2144,5.00766,0.274019,-0.293479,101.269,0,0,4087.76,-93.2733,32.1852
50.2269,5.01748,0.305436,-0.282027,101.269,0,0,4088.41,-92.9905,31.1381
50.2394,5.02763,0.334467,-0.270575,101.269,0,0,4089.04,-92.6803,30.0937
50.2519,5.03801,0.360697,-0.259315,101.269,0,0,4089.67,-92.3446,29.0526
50.2644,5.04851,0.383751,-0.248451,101.269,0,0,4090.29,-91.9855,28.0149
50.2769,5.05899,0.403308,-0.238199,101.269,0,0,4090.9,-91.6051,26.981
50.2894,5.0693,0.419097,-0.228779,101.269,0,0,4091.51,-91.206,25.9513
50.3019,5.0793,0.430902,-0.220402,101.269,0,0,4092.11,-90.7905,24.9258
50.3144,5.08885,0.438567,-0.213266,101.269,0,0,4092.72,-90.3614,23.9051
50.3269,5.09784,0.441993,-0.20754,101.269,0,0,4093.32,-89.9211,22.8892
50.3394,5.10617,0.441143,-0.20336,101.269,0,0,4093.93,-89.4725,21.8784
50.3519,5.1138,0.436034,-0.200816,101.269,0,0,4094.54,-89.0183,20.8731
50.3644,5.12071,0.426742,-0.19995,101.269,0,0,4095.15,-88.5612,19.8733
50.3769,5.12692,0.413397,-0.200758,101.269,0,0,4095.78,-88.1041,18.8793
50.3894,5.13251,0.396181,-0.203188,101.269,0,0,4096.42,-87.6497,17.8913
50.4019,5.13757,0.375325,-0.207146,101.269,0,0,4097.07,-87.2008,16.9096
50.4144,5.14221,0.35111,-0.212507,101.269,0,0,4097.74,-86.7603,15.9343
50.4269,5.14657,0.32386,-0.219116,101.269,0,0,4098.42,-86.3308,14.9656
50.4394,5.15078,0.293936,-0.2268,101.269,0,0,4099.12,-85.915,14.0038
50.4519,5.15497,0.261739,-0.235374,101.269,0,0,4099.84,-85.5153,13.049
50.4644,5.15927,0.227696,-0.244644,101.269,0,0,4100.58,-85.1339,12.1015
50.4769,5.16378,0.19226,-0.254412,101.269,0,0,4101.34,-84.7728,11.1613
50.4894,5.16858,0.155901,-0.264477,101.269,0,0,4102.12,-84.4337,10.2288
50.5019,5.17374,0.119099,-0.274637,101.269,0,0,4102.91,-84.1179,9.30399
50.5144,5.17927,0.0823371,-0.284686,101.269,0,0,4103.73,-83.8262,8.38717
50.5269,5.18519,0.0460936,-0.294416,101.269,0,0,4104.56,-83.5591,7.47846
50.5394,5.19147,0.0108337,-0.303613,101.269,0,0,4105.41,-83.3164,6.57803
50.5519,5.19807,-0.0229969,-0.312059,101.269,0,0,4106.27,-83.0977,5.68604
50.5644,5.2049,-0.0549792,-0.319533,101.269,0,0,4107.15,-82.9017,4.80266
50.5769,5.21188,-0.0847272,-0.325808,101.269,0,0,4108.04,-82.727,3.92804
50.5894,5.2189,-0.111893,-0.33066,101.269,0,0,4108.94,-82.5714,3.06237
50.6019,5.22584,-0.136171,-0.333868,101.269,0,0,4109.86,-82.4324,2.20581
50.6144,5.23258,-0.157302,-0.335223,101.269,0,0,4110.78,-82.307,1.35856
50.6269,5.23901,-0.175075,-0.334532,101.269,0,0,4111.72,-82.192,0.520805
50.6394,5.24502,-0.189329,-0.331629,101.269,0,0,4112.66,-82.0837,-0.307223
50.6519,5.25055,-0.199954,-0.326377,101.269,0,0,4113.62,-81.9783,-1.12529
50.6644,5.25554,-0.206891,-0.318681,101.269,0,0,4114.58,-81.8717,-1.93315
50.6769,5.25997,-0.210132,-0.308486,101.269,0,0,4115.55,-81.7597,-2.73051
50.6894,5.26386,-0.209719,-0.295784,101.269,0,0,4116.53,-81.6379,-3.51709
50.7019,5.26728,-0.205745,-0.280616,101.269,0,0,4117.51,-81.5022,-4.29257
50.7144,5.27029,-0.198351,-0.263062,101.269,0,0,4118.5,-81.3483,-5.0566
50.7269,5.27303,-0.187729,-0.243245,101.269,0,0,4119.5,-81.1722,-5.80886
50.7394,5.27563,-0.174116,-0.221324,101.269,0,0,4120.5,-80.9701,-6.54897
50.7519,5.27824,-0.157796,-0.197483,101.269,0,0,4121.5,-80.7383,-7.27658
50.7644,5.281,-0.139092,-0.17193,101.269,0,0,4122.51,-80.4739,-7.99133
50.7769,5.28407,-0.11837,-0.144889,101.269,0,0,4123.51,-80.174,-8.69285
50.7894,5.28759,-0.0960267,-0.116595,101.269,0,0,4124.51,-79.8365,-9.38081
50.8019,5.29167,-0.0724879,-0.0872921,101.269,0,0,4125.51,-79.4596,-10.0549
50.8144,5.2964,-0.0482002,-0.0572312,101.269,0,0,4126.5,-79.0424,-10.7147
50.827,5.30185,-0.0236237,-0.0266689,101.269,0,0,4127.48,-78.5843,-11.3601
50.8395,5.30804,0.000776313,0.00413124,101.269,0,0,4128.45,-78.0855,-11.9908
50.852,5.31498,0.0245384,0.0348983,101.269,0,0,4129.41,-77.5466,-12.6065
50.8645,5.32262,0.0472133,0.0653532,101.269,0,0,4130.36,-76.969,-13.2071
50.877,5.33089,0.0683725,0.0952085,101.269,0,0,4131.29,-76.3543,-13.7924
50.8895,5.33969,0.0876161,0.12417,101.269,0,0,4132.21,-75.7049,-14.3622
50.902,5.34891,0.10458,0.151937,101.269,0,0,4133.11,-75.0232,-14.9166
50.9145,5.35839,0.11894,0.178213,101.269,0,0,4134,-74.3124,-15.4553
50.927,5.36798,0.13042,0.202703,101.269,0,0,4134.88,-73.5754,-15.9784
50.9395,5.37754,0.138791,0.225129,101.269,0,0,4135.75,-72.8158,-16.4857
50.952,5.38692,0.143874,0.245233,101.269,0,0,4136.61,-72.037,-16.9772
50.9645,5.396,0.145543,0.262788,101.269,0,0,4137.47,-71.2428,-17.4529
50.977,5.40469,0.14372,0.277607,101.269,0,0,4138.32,-70.437,-17.9127
50.9895,5.41292,0.138377,0.289545,101.269,0,0,4139.18,-69.6233,-18.3565
51.002,5.42066,0.129533,0.29851,101.269,0,0,4140.04,-68.8057,-18.7843
51.0145,5.42795,0.117254,0.30446,101.269,0,0,4140.9,-67.9882,-19.1959
51.027,5.43482,0.101647,0.307402,101.269,0,0,4141.78,-67.1746,-19.5913
51.0395,5.44137,0.0828644,0.307395,101.269,0,0,4142.68,-66.3692,-19.9703
51.052,5.44771,0.0610968,0.304542,101.269,0,0,4143.59,-65.5758,-20.3329
51.0645,5.45399,0.0365746,0.298983,101.269,0,0,4144.52,-64.7985,-20.6789
51.077,5.46035,0.00956517,0.290892,101.269,0,0,4145.47,-64.0413,-21.0083
51.0895,5.46695,-0.0196304,0.280473,101.269,0,0,4146.45,-63.3079,-21.3208
51.102,5.47394,-0.0506802,0.26795,101.269,0,0,4147.45,-62.6021,-21.6165
51.1145,5.48145,-0.0832256,0.253569,101.269,0,0,4148.48,-61.9273,-21.8952
51.127,5.48959,-0.116887,0.23759,101.269,0,0,4149.53,-61.2864,-22.157
51.1395,5.49845,-0.15127,0.220294,101.269,0,0,4150.61,-60.6821,-22.4018
51.152,5.50808,-0.185972,0.201975,101.269,0,0,4151.71,-60.1166,-22.6297
51.1645,5.51846,-0.220591,0.182948,101.269,0,0,4152.84,-59.5913,-22.8407
51.177,5.52958,-0.254731,0.163548,101.269,0,0,4153.99,-59.1072,-23.035
51.1895,5.54133,-0.288016,0.144131,101.269,0,0,4155.15,-58.6645,-23.2126
51.202,5.55358,-0.320089,0.125077,101.269,0,0,4156.34,-58.2627,-23.3738
51.2145,5.56614,-0.350627,0.106788,101.269,0,0,4157.54,-57.9006,-23.5187
51.227,5.57879,-0.37934,0.0896829,101.269,0,0,4158.75,-57.5761,-23.6477
51.2395,5.59126,-0.405981,0.0741938,101.269,0,0,4159.97,-57.2868,-23.761
51.252,5.60326,-0.430342,0.0607565,101.269,0,0,4161.2,-57.0293,-23.8588
51.2645,5.61448,-0.452257,0.0497984,101.269,0,0,4162.44,-56.7998,-23.9414
51.277,5.62463,-0.471598,0.0417242,101.269,0,0,4163.68,-56.5941,-24.0092
51.2895,5.63339,-0.488274,0.0369012,101.269,0,0,4164.92,-56.4074,-24.0623
51.302,5.64053,-0.502223,0.0356423,101.269,0,0,4166.17,-56.2346,-24.1012
51.3145,5.64583,-0.513411,0.0381918,101.269,0,0,4167.42,-56.0705,-24.1259
51.327,5.64915,-0.521821,0.0447121,101.269,0,0,4168.67,-55.9096,-24.1369
51.3395,5.6504,-0.527458,0.0552741,101.269,0,0,4169.92,-55.7464,-24.1342
51.352,5.64959,-0.530341,0.0698516,101.269,0,0,4171.17,-55.5755,-24.1181
51.3645,5.64678,-0.530504,0.0883206,101.269,0,0,4172.42,-55.3915,-24.0888
51.377,5.64215,-0.528003,0.110464,101.269,0,0,4173.66,-55.1893,-24.0464
51.3895,5.63589,-0.522916,0.135978,101.269,0,0,4174.9,-54.9641,-23.991
51.402,5.62829,-0.515346,0.164488,101.269,0,0,4176.14,-54.7114,-23.9229
51.4145,5.61965,-0.505433,0.195563,101.269,0,0,4177.36,-54.4274,-23.8421
51.427,5.61031,-0.49335,0.22873,101.269,0,0,4178.58,-54.1086,-23.7488
51.4395,5.6006,-0.47931,0.263496,101.269,0,0,4179.78,-53.7522,-23.643
51.452,5.59085,-0.463568,0.29936,101.269,0,0,4180.97,-53.3561,-23.5249
51.4645,5.58137,-0.446416,0.33583,101.269,0,0,4182.15,-52.9189,-23.3947
51.477,5.57241,-0.428181,0.372429,101.269,0,0,4183.31,-52.4399,-23.2523
51.4895,5.5642,-0.409217,0.408709,101.269,0,0,4184.44,-51.919,-23.0981
51.502,5.55692,-0.389902,0.444247,101.269,0,0,4185.56,-51.3569,-22.9321
51.5145,5.55069,-0.370623,0.478655,101.269,0,0,4186.65,-50.755,-22.7545
51.527,5.54561,-0.351771,0.511574,101.269,0,0,4187.72,-50.1153,-22.5655
51.5395,5.5417,-0.333731,0.542673,101.269,0,0,4188.77,-49.4401,-22.3652
51.552,5.53898,-0.316872,0.571651,101.269,0,0,4189.79,-48.7324,-22.154
51.5645,5.53744,-0.301539,0.59823,101.269,0,0,4190.79,-47.9955,-21.9319
51.577,5.53703,-0.288045,0.622159,101.269,0,0,4191.77,-47.2329,-21.6992
51.5895,5.53771,-0.276665,0.64321,101.269,0,0,4192.72,-46.4483,-21.4561
51.602,5.53943,-0.267635,0.661181,101.269,0,0,4193.66,-45.6457,-21.2029
51.6145,5.54213,-0.261139,0.675895,101.269,0,0,4194.59,-44.8291,-20.9398
51.627,5.54578,-0.257316,0.687203,101.269,0,0,4195.5,-44.0024,-20.667
51.6395,5.55035,-0.256251,0.694986,101.269,0,0,4196.4,-43.1699,-20.3847
51.652,5.55583,-0.257979,0.699157,101.269,0,0,4197.3,-42.3356,-20.0933
51.6645,5.56225,-0.26248,0.699661,101.269,0,0,4198.2,-41.5036,-19.793
51.677,5.56964,-0.269682,0.696475,101.269,0,0,4199.1,-40.6779,-19.4841
51.6895,5.57804,-0.279465,0.689611,101.269,0,0,4200.01,-39.8627,-19.1668
51.702,5.58755,-0.291654,0.679116,101.269,0,0,4200.93,-39.0618,-18.8416
51.7145,5.59823,-0.306032,0.66507,101.269,0,0,4201.86,-38.2793,-18.5086
51.727,5.61018,-0.322336,0.647588,101.269,0,0,4202.8,-37.5191,-18.1684
51.7395,5.62348,-0.340264,0.626818,101.269,0,0,4203.77,-36.7849,-17.8213
51.752,5.63821,-0.35948,0.602947,101.269,0,0,4204.75,-36.0804,-17.4677
51.7645,5.65442,-0.379624,0.5762,101.269,0,0,4205.76,-35.4087,-17.1081
51.777,5.67213,-0.400314,0.546843,101.269,0,0,4206.78,-34.7731,-16.743
51.7895,5.69131,-0.421162,0.515191,101.269,0,0,4207.83,-34.1762,-16.3729
51.802,5.71191,-0.441782,0.481605,101.269,0,0,4208.9,-33.62,-15.9984
51.8145,5.73378,-0.4618,0.446502,101.269,0,0,4209.99,-33.1064,-15.62
51.827,5.75675,-0.48087,0.410352,101.269,0,0,4211.09,-32.6364,-15.2384
51.8395,5.78055,-0.498679,0.373679,101.269,0,0,4212.21,-32.2103,-14.8542
51.852,5.80487,-0.514961,0.337052,101.269,0,0,4213.35,-31.828,-14.4679
51.8645,5.82936,-0.529503,0.301081,101.269,0,0,4214.5,-31.4884,-14.0803
51.877,5.85362,-0.542149,0.266398,101.269,0,0,4215.66,-31.1901,-13.692
51.8895,5.87722,-0.5528,0.233641,101.269,0,0,4216.83,-30.9306,-13.3036
51.902,5.89974,-0.561413,0.203435,101.269,0,0,4218.01,-30.7072,-12.9156
51.9145,5.92077,-0.567992,0.176371,101.269,0,0,4219.2,-30.5162,-12.5288
51.927,5.93994,-0.572583,0.152981,101.269,0,0,4220.39,-30.3538,-12.1435
51.9395,5.95694,-0.575256,0.133728,101.269,0,0,4221.58,-30.2154,-11.7605
51.952,5.97151,-0.576098,0.118987,101.269,0,0,4222.78,-30.0964,-11.3801
51.9645,5.98348,-0.575204,0.109034,101.269,0,0,4223.98,-29.9917,-11.0028
51.977,5.99273,-0.572661,0.104044,101.269,0,0,4225.18,-29.896,-10.6291
51.9895,5.99926,-0.568546,0.104087,101.269,0,0,4226.38,-29.804,-10.2594
52.002,6.0031,-0.562921,0.109127,101.269,0,0,4227.58,-29.7103,-9.89393
52.0145,6.00439,-0.555833,0.119032,101.269,0,0,4228.79,-29.6095,-9.53309
52.027,6.00332,-0.547312,0.133573,101.269,0,0,4229.99,-29.4965,-9.17715
52.0395,6.00013,-0.537383,0.152438,101.269,0,0,4231.19,-29.3661,-8.82632
52.052,5.99511,-0.526067,0.17524,101.269,0,0,4232.4,-29.2137,-8.48082
52.0645,5.9886,-0.513388,0.20153,101.269,0,0,4233.6,-29.035,-8.1408
52.077,5.98095,-0.499385,0.230808,101.269,0,0,4234.79,-28.826,-7.80637
52.0895,5.97251,-0.484117,0.262535,101.269,0,0,4235.99,-28.5833,-7.47763
52.102,5.96365,-0.467668,0.296153,101.269,0,0,4237.17,-28.3042,-7.15462
52.1145,5.95472,-0.450151,0.33109,101.269,0,0,4238.35,-27.9865,-6.83734
52.127,5.94603,-0.431711,0.366778,101.269,0,0,4239.52,-27.6287,-6.52578
52.1395,5.93788,-0.412518,0.402659,101.269,0,0,4240.68,-27.2299,-6.2199
52.152,5.9305,-0.392772,0.438195,101.269,0,0,4241.82,-26.7902,-5.9196
52.1645,5.92409,-0.37269,0.472873,101.269,0,0,4242.95,-26.3099,-5.6248
52.177,5.91881,-0.352504,0.506209,101.269,0,0,4244.06,-25.7904,-5.33539
52.1895,5.91476,-0.332448,0.537754,101.269,0,0,4245.15,-25.2335,-5.05123
52.202,5.912,-0.312756,0.567089,101.269,0,0,4246.23,-24.6414,-4.77221
52.2145,5.91056,-0.29365,0.59383,101.269,0,0,4247.29,-24.017,-4.4982
52.227,5.91042,-0.275333,0.61763,101.269,0,0,4248.34,-23.3634,-4.22909
52.2395,5.91155,-0.257985,0.638176,101.269,0,0,4249.36,-22.6842,-3.96478
52.252,5.91388,-0.241756,0.655193,101.269,0,0,4250.38,-21.9832,-3.7052
52.2645,5.91735,-0.226763,0.668447,101.269,0,0,4251.38,-21.2644,-3.45032
52.277,5.92186,-0.213089,0.677743,101.269,0,0,4252.38,-20.5318,-3.20013
52.2895,5.92733,-0.20078,0.682934,101.269,0,0,4253.37,-19.7897,-2.95468
52.302,5.93368,-0.189847,0.683916,101.269,0,0,4254.35,-19.0424,-2.71407
52.3145,5.94083,-0.180264,0.680641,101.269,0,0,4255.34,-18.2942,-2.47845
52.327,5.94869,-0.171978,0.673107,101.269,0,0,4256.33,-17.5495,-2.24801
52.3395,5.9572,-0.164901,0.661372,101.269,0,0,4257.33,-16.8127,-2.02302
52.352,5.96629,-0.158922,0.645546,101.269,0,0,4258.34,-16.0883,-1.80381
52.3645,5.97591,-0.153908,0.625796,101.269,0,0,4259.36,-15.3805,-1.59075
52.377,5.986,-0.149708,0.602343,101.269,0,0,4260.4,-14.6936,-1.38426
52.3895,5.9965,-0.146157,0.575462,101.269,0,0,4261.45,-14.0317,-1.18485
52.402,6.00737,-0.143081,0.545481,101.269,0,0,4262.53,-13.3989,-0.993021
52.4145,6.01853,-0.140307,0.512771,101.269,0,0,4263.62,-12.7988,-0.809351
52.427,6.02993,-0.137658,0.47775,101.269,0,0,4264.73,-12.235,-0.63443
52.4395,6.04148,-0.134967,0.440873,101.269,0,0,4265.87,-11.7102,-0.468874
52.452,6.05312,-0.132077,0.402624,101.269,0,0,4267.02,-11.2272,-0.313309
52.4646,6.06475,-0.128847,0.363514,101.269,0,0,4268.19,-10.7879,-0.168362
52.4771,6.0763,-0.125153,0.324069,101.269,0,0,4269.38,-10.3935,-0.0346528
52.4896,6.08766,-0.120892,0.284825,101.269,0,0,4270.59,-10.0448,0.0872155
52.5021,6.09876,-0.115982,0.246317,101.269,0,0,4271.81,-9.7418,0.196667
52.5146,6.10951,-0.110364,0.209072,101.269,0,0,4273.04,-9.48359,0.293157
52.5271,6.11985,-0.104001,0.173599,101.269,0,0,4274.28,-9.26871,0.376183
52.5396,6.12973,-0.0968737,0.140383,101.269,0,0,4275.53,-9.09491,0.445286
52.5521,6.13911,-0.0889827,0.109876,101.269,0,0,4276.78,-8.95929,0.500053
52.5646,6.14798,-0.0803422,0.0824913,101.269,0,0,4278.04,-8.85831,0.540124
52.5771,6.15633,-0.0709794,0.0585956,101.269,0,0,4279.29,-8.7879,0.56519
52.5896,6.16421,-0.0609312,0.0385067,101.269,0,0,4280.55,-8.74349,0.574994
52.6021,6.17165,-0.0502424,0.0224878,101.269,0,0,4281.81,-8.72012,0.569331
52.6146,6.17872,-0.0389636,0.0107451,101.269,0,0,4283.08,-8.7125,0.548045
52.6271,6.18551,-0.0271508,0.0034257,101.269,0,0,4284.34,-8.71513,0.511033
52.6396,6.19212,-0.0148641,0.000615851,101.269,0,0,4285.6,-8.72233,0.45824
52.6521,6.19866,-0.00216809,0.00234094,101.269,0,0,4286.85,-8.72839,0.389659
52.6646,6.20523,0.0108679,0.00856554,101.269,0,0,4288.11,-8.72758,0.305334
52.6771,6.21197,0.0241695,0.0191944,101.269,0,0,4289.37,-8.71431,0.205354
52.6896,6.21898,0.0376574,0.0340738,101.269,0,0,4290.62,-8.68315,0.0898617
52.7021,6.22637,0.051247,0.0529938,101.269,0,0,4291.88,-8.62893,-0.0409526
52.7146,6.23423,0.0648492,0.0756909,101.269,0,0,4293.13,-8.54685,-0.186847
52.7271,6.24265,0.0783721,0.101851,101.269,0,0,4294.37,-8.43253,-0.347528
52.7396,6.25169,0.0917226,0.131112,101.269,0,0,4295.61,-8.28211,-0.52265
52.7521,6.26137,0.10481,0.16307,101.269,0,0,4296.84,-8.09228,-0.711818
52.7646,6.27172,0.117548,0.197281,101.269,0,0,4298.07,-7.86041,-0.914587
52.7771,6.2827,0.129861,0.233271,101.269,0,0,4299.28,-7.58453,-1.13046
52.7896,0.011111,0.141687,0.270536,101.269,0,0,4300.47,-7.26339,-1.35891
52.8021,0.0232387,0.152979,0.308551,101.269,0,0,4301.66,-6.89648,-1.59937
52.8146,0.0358136,0.163714,0.34678,101.269,0,0,4302.82,-6.48401,-1.85122
52.8271,0.0487271,0.173891,0.38468,101.269,0,0,4303.97,-6.02689,-2.11385
52.8396,0.0618556,0.183533,0.421712,101.269,0,0,4305.09,-5.52667,-2.38662
52.8521,0.0750647,0.192688,0.457348,101.269,0,0,4306.19,-4.98551,-2.66888
52.8646,0.0882135,0.20143,0.49108,101.269,0,0,4307.27,-4.40608,-2.96001
52.8771,0.101159,0.209852,0.522429,101.269,0,0,4308.33,-3.79147,-3.25936
52.8896,0.113758,0.218064,0.55095,101.269,0,0,4309.37,-3.14517,-3.56635
52.9021,0.125872,0.226189,0.576241,101.269,0,0,4310.39,-2.47092,-3.88041
52.9146,0.137369,0.234357,0.597948,101.269,0,0,4311.39,-1.77266,-4.20102
52.9271,0.148122,0.2427,0.61577,101.269,0,0,4312.37,-1.05449,-4.52769
52.9396,0.158011,0.251341,0.629461,101.269,0,0,4313.34,-0.320588,-4.85999
52.9521,0.166924,0.260396,0.638832,101.269,0,0,4314.3,0.424825,-5.19756
52.9646,0.174756,0.269961,0.643756,101.269,0,0,4315.25,1.17751,-5.54008
52.9771,0.181407,0.280112,0.644161,101.269,0,0,4316.2,1.93323,-5.88729
52.9896,0.186787,0.290897,0.640037,101.269,0,0,4317.15,2.68779,-6.239
53.0021,0.190813,0.302339,0.631431,101.269,0,0,4318.1,3.43703,-6.59506
53.0146,0.193414,0.314425,0.618447,101.269,0,0,4319.05,4.17685,-6.95538
53.0271,0.194531,0.327116,0.601243,101.269,0,0,4320.02,4.90322,-7.31991
53.0396,0.194124,0.340339,0.580029,101.269,0,0,4320.99,5.61224,-7.68867
53.0521,0.192174,0.353994,0.555069,101.269,0,0,4321.98,6.30015,-8.06169
53.0646,0.188687,0.367959,0.526676,101.269,0,0,4322.98,6.96339,-8.43904
53.0771,0.183704,0.382091,0.495211,101.269,0,0,4324,7.59867,-8.82081
53.0896,0.177297,0.396235,0.461081,101.269,0,0,4325.04,8.20299,-9.20711
53.1021,0.169579,0.410232,0.424739,101.269,0,0,4326.1,8.77377,-9.59807
53.1146,0.160703,0.423925,0.386678,101.269,0,0,4327.17,9.30887,-9.9938
53.1271,0.150865,0.43717,0.347431,101.269,0,0,4328.25,9.80669,-10.3944
53.1396,0.140299,0.44984,0.307559,101.269,0,0,4329.35,10.2662,-10.8
53.1521,0.129273,0.46183,0.267649,101.269,0,0,4330.47,10.6869,-11.2107
53.1646,0.118087,0.473067,0.228303,101.269,0,0,4331.6,11.0692,-11.6266
53.1771,0.107062,0.483505,0.190131,101.269,0,0,4332.73,11.414,-12.0477
53.1896,0.0965298,0.49313,0.153732,101.269,0,0,4333.88,11.7227,-12.4739
53.2021,0.0868275,0.501955,0.11969,101.269,0,0,4335.03,11.9977,-12.9054
53.2146,0.0782849,0.510014,0.0885597,101.269,0,0,4336.19,12.2418,-13.342
53.2271,0.0712165,0.517355,0.0608547,101.269,0,0,4337.35,12.4584,-13.7836
53.2396,0.0659143,0.524036,0.0370386,101.269,0,0,4338.51,12.6513,-14.2302
53.2521,0.0626408,0.530109,0.0175166,101.269,0,0,4339.68,12.8248,-14.6815
53.2646,0.0616238,0.535617,0.00262829,101.269,0,0,4340.84,12.9836,-15.1374
53.2771,0.0630521,0.540585,-0.00735821,101.269,0,0,4342.01,13.1325,-15.5976
53.2896,0.0670711,0.54501,-0.0122511,101.269,0,0,4343.17,13.2767,-16.0618
53.3021,0.0737798,0.548861,-0.0119392,101.269,0,0,4344.33,13.4213,-16.5297
53.3146,0.083226,0.552076,-0.00639563,101.269,0,0,4345.49,13.5716,-17.001
53.3271,0.0954032,0.554562,0.00431899,101.269,0,0,4346.65,13.7327,-17.4753
53.3396,0.110246,0.556198,0.0200541,101.269,0,0,4347.8,13.9097,-17.9521
53.3521,0.127629,0.556846,0.040568,101.269,0,0,4348.95,14.1073,-18.4309
53.3646,0.147363,0.556354,0.0655285,101.269,0,0,4350.1,14.3299,-18.9114
53.3771,0.169197,0.554574,0.0945163,101.269,0,0,4351.23,14.5818,-19.3928
53.3896,0.192822,0.55137,0.127032,101.269,0,0,4352.36,14.8666,-19.8748
53.4021,0.217882,0.546634,0.162506,101.269,0,0,4353.48,15.1875,-20.3567
53.4146,0.24398,0.540297,0.200313,101.269,0,0,4354.59,15.5469,-20.8379
53.4271,0.270702,0.532338,0.239791,101.269,0,0,4355.69,15.9469,-21.3178
53.4396,0.297624,0.522795,0.28026,101.269,0,0,4356.77,16.3887,-21.7958
53.4521,0.324339,0.511764,0.32104,101.269,0,0,4357.83,16.8729,-22.2713
53.4646,0.350471,0.499403,0.361473,101.269,0,0,4358.87,17.3996,-22.7438
53.4771,0.375684,0.485923,0.400935,101.269,0,0,4359.9,17.968,-23.2125
53.4896,0.399701,0.471586,0.438853,101.269,0,0,4360.9,18.577,-23.677
53.5021,0.4223,0.456687,0.474709,101.269,0,0,4361.88,19.2246,-24.1367
53.5146,0.443322,0.441552,0.508045,101.269,0,0,4362.83,19.9086,-24.591
53.5271,0.462661,0.426516,0.538462,101.269,0,0,4363.77,20.6264,-25.0396
53.5396,0.480265,0.411919,0.565624,101.269,0,0,4364.68,21.3748,-25.4818
53.5521,0.49612,0.398088,0.589248,101.269,0,0,4365.57,22.1508,-25.9174
53.5646,0.510247,0.385333,0.609103,101.269,0,0,4366.45,22.9508,-26.3459
53.5771,0.522688,0.373934,0.625009,101.269,0,0,4367.31,23.7712,-26.767
53.5896,0.533499,0.364136,0.636831,101.269,0,0,4368.16,24.6085,-27.1802
53.6021,0.54274,0.356143,0.644476,101.269,0,0,4368.99,25.4589,-27.5854
53.6146,0.550468,0.350113,0.647895,101.269,0,0,4369.83,26.3186,-27.9822
53.6271,0.556735,0.346158,0.647075,101.269,0,0,4370.66,27.1839,-28.3703
53.6396,0.56158,0.344338,0.642046,101.269,0,0,4371.49,28.0511,-28.7495
53.6521,0.565029,0.344663,0.632875,101.269,0,0,4372.33,28.9163,-29.1195
53.6646,0.567097,0.347095,0.619665,101.269,0,0,4373.18,29.7757,-29.4801
53.6771,0.567788,0.351542,0.602558,101.269,0,0,4374.04,30.6256,-29.831
53.6896,0.5671,0.35787,0.581729,101.269,0,0,4374.92,31.4622,-30.172
53.7021,0.56503,0.365895,0.557393,101.269,0,0,4375.82,32.2816,-30.5029
53.7146,0.56158,0.375399,0.529798,101.269,0,0,4376.74,33.0802,-30.8235
53.7271,0.556764,0.386125,0.499226,101.269,0,0,4377.69,33.8544,-31.1334
53.7396,0.550617,0.39779,0.466001,101.269,0,0,4378.66,34.6009,-31.4325
53.7521,0.543199,0.41009,0.430478,101.269,0,0,4379.66,35.3164,-31.7206
53.7646,0.534606,0.422709,0.393053,101.269,0,0,4380.68,35.9984,-31.9974
53.7771,0.52497,0.435329,0.354159,101.269,0,0,4381.73,36.6443,-32.2627
53.7896,0.514468,0.447637,0.314266,101.269,0,0,4382.8,37.2525,-32.5164
53.8021,0.503316,0.459336,0.273878,101.269,0,0,4383.9,37.8215,-32.7582
53.8146,0.491773,0.470155,0.233526,101.269,0,0,4385.02,38.3509,-32.9881
53.8271,0.480132,0.479849,0.193767,101.269,0,0,4386.17,38.8405,-33.2057
53.8396,0.46871,0.48821,0.155165,101.269,0,0,4387.33,39.2912,-33.411
53.8521,0.457843,0.495066,0.118287,101.269,0,0,4388.5,39.7045,-33.6038
53.8646,0.447865,0.500282,0.0836822,101.269,0,0,4389.69,40.0824,-33.7839
53.8771,0.439099,0.503755,0.0518706,101.269,0,0,4390.89,40.4277,-33.9513
53.8896,0.431841,0.505413,0.0233259,101.269,0,0,4392.1,40.7439,-34.1057
53.9021,0.426346,0.505205,-0.00153819,101.269,0,0,4393.32,41.0349,-34.247
53.9146,0.422819,0.503096,-0.0223809,101.269,0,0,4394.55,41.3051,-34.3751
53.9271,0.421404,0.49906,-0.0389442,101.269,0,0,4395.78,41.5593,-34.4898
53.9396,0.422179,0.493078,-0.0510597,101.269,0,0,4397.01,41.8026,-34.5909
53.9521,0.425153,0.485128,-0.0586525,101.269,0,0,4398.24,42.0402,-34.6781
53.9646,0.430267,0.475191,-0.0617418,101.269,0,0,4399.48,42.2776,-34.7514
53.9771,0.437398,0.463247,-0.0604377,101.269,0,0,4400.72,42.5202,-34.8104
53.9896,0.446363,0.44928,-0.0549363,101.269,0,0,4401.95,42.7734,-34.8549
54.0021,0.456931,0.433285,-0.0455105,101.269,0,0,4403.18,43.0423,-34.8846
54.0146,0.468829,0.41527,-0.0324999,101.269,0,0,4404.41,43.3318,-34.8993
54.0271,0.48176,0.395269,-0.0162978,101.269,0,0,4405.63,43.6465,-34.8987
54.0396,0.495411,0.373344,0.00266151,101.269,0,0,4406.84,43.9905,-34.8825
54.0521,0.509472,0.349589,0.0239166,101.269,0,0,4408.04,44.3675,-34.8504
54.0646,0.523644,0.324141,0.0469918,101.269,0,0,4409.24,44.7803,-34.8023
54.0771,0.537653,0.297175,0.0714085,101.269,0,0,4410.41,45.2313,-34.7378
54.0896,0.55126,0.268905,0.0966946,101.269,0,0,4411.57,45.7223,-34.6567
54.1021,0.564269,0.239583,0.122391,101.269,0,0,4412.71,46.2541,-34.5589
54.1147,0.576531,0.209493,0.148059,101.269,0,0,4413.83,46.827,-34.4442
54.1272,0.587945,0.178944,0.173278,101.269,0,0,4414.92,47.4404,-34.3125
54.1397,0.598463,0.148264,0.197651,101.269,0,0,4415.99,48.0933,-34.1637
54.1522,0.608081,0.11779,0.220803,101.269,0,0,4417.03,48.7838,-33.9978
54.1647,0.616844,0.0878617,0.242381,101.269,0,0,4418.04,49.5097,-33.8149
54.1772,0.624833,0.0588147,0.262051,101.269,0,0,4419.03,50.2683,-33.6149
54.1897,0.632165,0.0309705,0.2795,101.269,0,0,4419.99,51.0563,-33.3979
54.2022,0.63898,0.00463275,0.294441,101.269,0,0,4420.92,51.8705,-33.164
54.2147,0.645436,-0.0199179,0.306608,101.269,0,0,4421.83,52.7071,-32.9134
54.2272,0.651699,-0.0424275,0.315765,101.269,0,0,4422.72,53.5624,-32.6461
54.2397,0.657937,-0.0626715,0.321708,101.269,0,0,4423.59,54.4326,-32.3622
54.2522,0.664303,-0.0804564,0.324274,101.269,0,0,4424.44,55.3137,-32.0619
54.2647,0.670934,-0.0956209,0.323342,101.269,0,0,4425.28,56.2019,-31.7453
54.2772,0.677942,-0.108037,0.31884,101.269,0,0,4426.1,57.0935,-31.4125
54.2897,0.685402,-0.117609,0.310751,101.269,0,0,4426.92,57.9844,-31.0635
54.3022,0.693356,-0.124278,0.299115,101.269,0,0,4427.74,58.871,-30.6985
54.3147,0.701803,-0.128021,0.284029,101.269,0,0,4428.56,59.7496,-30.3174
54.3272,0.710708,-0.128851,0.265645,101.269,0,0,4429.39,60.6163,-29.9204
54.3397,0.719995,-0.126823,0.24417,101.269,0,0,4430.22,61.4677,-29.5075
54.3522,0.729562,-0.122031,0.219857,101.269,0,0,4431.07,62.3001,-29.0786
54.3647,0.739281,-0.114615,0.193001,101.269,0,0,4431.92,63.11,-28.6338
54.3772,0.749013,-0.104755,0.163927,101.269,0,0,4432.8,63.8941,-28.1731
54.3897,0.758611,-0.0926777,0.132987,101.269,0,0,4433.69,64.6492,-27.6965
54.4022,0.767935,-0.0786486,0.100546,101.269,0,0,4434.59,65.3725,-27.2041
54.4147,0.776857,-0.0629729,0.0669772,101.269,0,0,4435.52,66.0613,-26.6959
54.4272,0.785274,-0.0459891,0.0326572,101.269,0,0,4436.46,66.7134,-26.1719
54.4397,0.793105,-0.0280634,-0.0020414,101.269,0,0,4437.42,67.327,-25.6324
54.4522,0.800305,-0.00958288,-0.0367519,101.269,0,0,4438.4,67.9009,-25.0775
54.4647,0.806859,0.00905236,-0.0711166,101.269,0,0,4439.39,68.4343,-24.5073
54.4772,0.81279,0.0274374,-0.104788,101.269,0,0,4440.39,68.9272,-23.922
54.4897,0.81815,0.0451706,-0.13743,101.269,0,0,4441.4,69.38,-23.3218
54.5022,0.82302,0.0618611,-0.168721,101.269,0,0,4442.42,69.7937,-22.7072
54.5147,0.827505,0.0771364,-0.198355,101.269,0,0,4443.45,70.1703,-22.0782
54.5272,0.831728,0.0906479,-0.226042,101.269,0,0,4444.48,70.5119,-21.4353
54.5397,0.83582,0.102077,-0.25152,101.269,0,0,4445.51,70.8213,-20.7788
54.5522,0.839911,0.111138,-0.274549,101.269,0,0,4446.54,71.1018,-20.109
54.5647,0.844128,0.117582,-0.294925,101.269,0,0,4447.57,71.3571,-19.4262
54.5772,0.848578,0.121201,-0.312483,101.269,0,0,4448.59,71.5912,-18.7308
54.5897,0.853348,0.121824,-0.327099,101.269,0,0,4449.61,71.8082,-18.0231
54.6022,0.858494,0.119327,-0.338699,101.269,0,0,4450.63,72.0126,-17.3034
54.6147,0.864041,0.113624,-0.347254,101.269,0,0,4451.64,72.2087,-16.572
54.6272,0.869979,0.104677,-0.352791,101.269,0,0,4452.64,72.401,-15.8293
54.6397,0.876266,0.092492,-0.35538,101.269,0,0,4453.63,72.5939,-15.0754
54.6522,0.882828,0.0771198,-0.355139,101.269,0,0,4454.61,72.7915,-14.3107
54.6647,0.889567,0.0586592,-0.352225,101.269,0,0,4455.59,72.9978,-13.5354
54.6772,0.896368,0.0372559,-0.346827,101.269,0,0,4456.55,73.2166,-12.7496
54.6897,0.903103,0.0131024,-0.339162,101.269,0,0,4457.5,73.4511,-11.9537
54.7022,0.909644,-0.0135632,-0.329467,101.269,0,0,4458.43,73.7042,-11.1478
54.7147,0.915865,-0.0424591,-0.317989,101.269,0,0,4459.35,73.9785,-10.332
54.7272,0.921657,-0.0732629,-0.304988,101.269,0,0,4460.26,74.2758,-9.50667
54.7397,0.926926,-0.105616,-0.290726,101.269,0,0,4461.15,74.5977,-8.67188
54.7522,0.931608,-0.13913,-0.275468,101.269,0,0,4462.02,74.945,-7.82782
54.7647,0.935664,-0.173392,-0.259482,101.269,0,0,4462.87,75.3182,-6.9747
54.7772,0.939091,-0.20797,-0.243035,101.269,0,0,4463.7,75.7169,-6.1127
54.7897,0.941922,-0.242426,-0.226402,101.269,0,0,4464.5,76.1407,-5.242
54.8022,0.944224,-0.276318,-0.20986,101.269,0,0,4465.29,76.5883,-4.3628
54.8147,0.946103,-0.309209,-0.193691,101.269,0,0,4466.05,77.0582,-3.47531
54.8272,0.947698,-0.340678,-0.178187,101.269,0,0,4466.79,77.5486,-2.57973
54.8397,0.94918,-0.370323,-0.16364,101.269,0,0,4467.51,78.0572,-1.67627
54.8522,0.950746,-0.397767,-0.150348,101.269,0,0,4468.21,78.5816,-0.765133
54.8647,0.952607,-0.422665,-0.138601,101.269,0,0,4468.88,79.1193,0.153466
54.8772,0.954983,-0.444705,-0.128678,101.269,0,0,4469.54,79.6676,1.07932
54.8897,0.958088,-0.463613,-0.120833,101.269,0,0,4470.18,80.2236,2.0122
54.9022,0.962115,-0.479153,-0.115287,101.269,0,0,4470.8,80.7847,2.95192
54.9147,0.967227,-0.491131,-0.112211,101.269,0,0,4471.42,81.3479,3.89824
54.9272,0.973539,-0.499392,-0.111716,101.269,0,0,4472.02,81.9106,4.85096
54.9397,0.98111,-0.503822,-0.113847,101.269,0,0,4472.62,82.4699,5.80986
54.9522,0.989939,-0.504353,-0.118573,101.269,0,0,4473.21,83.0232,6.77472
54.9647,0.999962,-0.500962,-0.125789,101.269,0,0,4473.81,83.5677,7.7453
54.9772,1.01106,-0.493673,-0.135322,101.269,0,0,4474.4,84.1008,8.72139
54.9897,1.02305,-0.482559,-0.146935,101.269,0,0,4475,84.6199,9.70272
55.0022,1.03573,-0.467749,-0.160348,101.269,0,0,4475.6,85.1225,10.689
55.0147,1.04887,-0.449421,-0.175248,101.269,0,0,4476.21,85.606,11.6801
55.0272,1.06224,-0.427812,-0.191306,101.269,0,0,4476.83,86.068,12.6755
55.0397,1.0756,-0.403209,-0.20819,101.269,0,0,4477.47,86.5062,13.6751
55.0522,1.08876,-0.375951,-0.225583,101.269,0,0,4478.11,86.9186,14.6784
55.0647,1.10152,-0.346421,-0.243183,101.269,0,0,4478.76,87.3032,15.6852
55.0772,1.11377,-0.315042,-0.260717,101.269,0,0,4479.43,87.6582,16.695
55.0897,1.12538,-0.282272,-0.277936,101.269,0,0,4480.11,87.9824,17.7075
55.1022,1.1363,-0.248592,-0.294619,101.269,0,0,4480.79,88.2746,18.7223
55.1147,1.14651,-0.2145,-0.310571,101.269,0,0,4481.49,88.5342,19.7389
55.1272,1.15601,-0.180502,-0.325617,101.269,0,0,4482.2,88.7609,20.757
55.1397,1.16484,-0.147104,-0.339601,101.269,0,0,4482.92,88.9548,21.776
55.1522,1.17305,-0.114801,-0.352385,101.269,0,0,4483.64,89.1165,22.7957
55.1647,1.18074,-0.0840739,-0.363841,101.269,0,0,4484.37,89.2469,23.8155
55.1772,1.18798,-0.0553765,-0.373855,101.269,0,0,4485.11,89.3476,24.8349
55.1897,1.19489,-0.0291334,-0.382325,101.269,0,0,4485.85,89.4203,25.8537
55.2022,1.20155,-0.00573163,-0.389161,101.269,0,0,4486.59,89.467,26.8714
55.2147,1.20808,0.0144838,-0.39429,101.269,0,0,4487.34,89.4904,27.8877
55.2272,1.21455,0.0312149,-0.397655,101.269,0,0,4488.08,89.4931,28.902
55.2397,1.22103,0.0442142,-0.39922,101.269,0,0,4488.84,89.478,29.9142
55.2522,1.22759,0.053288,-0.39897,101.269,0,0,4489.59,89.4483,30.9238
55.2647,1.23425,0.0582993,-0.396918,101.269,0,0,4490.35,89.4073,31.9306
55.2772,1.24102,0.0591695,-0.393099,101.269,0,0,4491.11,89.3583,32.9342
55.2897,1.24789,0.0558796,-0.387575,101.269,0,0,4491.88,89.3048,33.9344
55.3022,1.25481,0.0484715,-0.380428,101.269,0,0,4492.65,89.2503,34.9309
55.3147,1.26172,0.0370475,-0.371761,101.269,0,0,4493.42,89.198,35.9236
55.3272,1.26857,0.0217694,-0.36169,101.269,0,0,4494.2,89.1514,36.9121
55.3397,1.27525,0.00285759,-0.350343,101.269,0,0,4494.99,89.1137,37.8963
55.3522,1.2817,-0.0194124,-0.337852,101.269,0,0,4495.78,89.0879,38.876
55.3647,1.28781,-0.044713,-0.324348,101.269,0,0,4496.58,89.0768,39.8511
55.3772,1.29351,-0.0726689,-0.309962,101.269,0,0,4497.39,89.0829,40.8214
55.3897,1.29873,-0.102863,-0.294818,101.269,0,0,4498.2,89.1087,41.7868
55.4022,1.3034,-0.134842,-0.279031,101.269,0,0,4499.01,89.1559,42.7472
55.4147,1.30749,-0.168123,-0.262713,101.269,0,0,4499.83,89.226,43.7025
55.4272,1.31095,-0.202202,-0.245967,101.269,0,0,4500.66,89.3201,44.6526
55.4397,1.31378,-0.236561,-0.228893,101.269,0,0,4501.48,89.4389,45.5974
55.4522,1.31598,-0.270677,-0.211587,101.269,0,0,4502.31,89.5824,46.5369
55.4647,1.31758,-0.304026,-0.194149,101.269,0,0,4503.14,89.7505,47.4711
55.4772,1.31863,-0.336099,-0.176679,101.269,0,0,4503.97,89.9422,48.3998
55.4897,1.31918,-0.366401,-0.159286,101.269,0,0,4504.81,90.1564,49.3232
55.5022,1.31934,-0.394467,-0.142082,101.269,0,0,4505.64,90.3914,50.241
55.5147,1.31919,-0.419862,-0.125189,101.269,0,0,4506.47,90.6454,51.1532
55.5272,1.31886,-0.44219,-0.108736,101.269,0,0,4507.3,90.9158,52.0599
55.5397,1.31847,-0.461104,-0.0928507,101.269,0,0,4508.14,91.2,52.9609
55.5522,1.31815,-0.476302,-0.0776628,101.269,0,0,4508.98,91.495,53.856
55.5647,1.31803,-0.487539,-0.0632919,101.269,0,0,4509.82,91.7977,54.7452
55.5772,1.31823,-0.494627,-0.0498434,101.269,0,0,4510.66,92.1047,55.6283
55.5897,1.31885,-0.497434,-0.0374005,101.269,0,0,4511.52,92.4125,56.505
55.6022,1.31997,-0.495892,-0.0260186,101.269,0,0,4512.38,92.7172,57.3753
55.6147,1.32163,-0.489991,-0.0157211,101.269,0,0,4513.24,93.0153,58.2387
55.6272,1.32388,-0.479782,-0.00649687,101.269,0,0,4514.12,93.3027,59.095
55.6397,1.32669,-0.465377,0.00169824,101.269,0,0,4515.02,93.5756,59.9438
55.6522,1.33004,-0.446945,0.00893887,101.269,0,0,4515.92,93.8301,60.7848
55.6647,1.33388,-0.42471,0.015325,101.269,0,0,4516.84,94.0625,61.6176
55.6772,1.33816,-0.398952,0.0209762,101.269,0,0,4517.77,94.2691,62.4417
55.6897,1.34281,-0.37,0.0260246,101.269,0,0,4518.72,94.4463,63.2566
55.7022,1.34777,-0.338226,0.0306097,101.269,0,0,4519.67,94.591,64.0618
55.7147,1.35296,-0.304046,0.0348729,101.269,0,0,4520.65,94.7003,64.857
55.7272,1.35836,-0.267912,0.0389533,101.269,0,0,4521.63,94.7716,65.6415
55.7397,1.36391,-0.230301,0.0429851,101.269,0,0,4522.63,94.8028,66.4148
55.7523,1.36959,-0.191717,0.0470955,101.269,0,0,4523.63,94.7926,67.1765
55.7648,1.3754,-0.152676,0.0514035,101.269,0,0,4524.64,94.7398,67.9261
55.7773,1.38133,-0.113707,0.0560193,101.269,0,0,4525.66,94.6441,68.6632
55.7898,1.38741,-0.0753345,0.0610437,101.269,0,0,4526.68,94.5057,69.3872
55.8023,1.39364,-0.0380807,0.0665674,101.269,0,0,4527.71,94.3255,70.0978
55.8148,1.40006,-0.00245224,0.0726701,101.269,0,0,4528.74,94.1049,70.7947
55.8273,1.40671,0.0310649,0.0794195,101.269,0,0,4529.77,93.8459,71.4774
55.8398,1.4136,0.0620124,0.0868692,101.269,0,0,4530.79,93.5508,72.1457
55.8523,1.42078,0.0899665,0.0950576,101.269,0,0,4531.82,93.2228,72.7993
55.8648,1.42824,0.114544,0.104005,101.269,0,0,4532.85,92.8652,73.438
55.8773,1.436,0.135407,0.113714,101.269,0,0,4533.87,92.4817,74.0615
55.8898,1.44404,0.152269,0.124164,101.269,0,0,4534.9,92.0763,74.6696
55.9023,1.45236,0.1649,0.135316,101.269,0,0,4535.93,91.6534,75.2622
55.9148,1.46089,0.173129,0.147111,101.269,0,0,4536.96,91.2172,75.8391
55.9273,1.46959,0.176846,0.159472,101.269,0,0,4538,90.7726,76.4002
55.9398,1.47839,0.176005,0.172308,101.269,0,0,4539.05,90.3242,76.9454
55.9523,1.48722,0.170629,0.185519,101.269,0,0,4540.1,89.8767,77.4745
55.9648,1.496,0.160801,0.198998,101.269,0,0,4541.16,89.435,77.9875
55.9773,1.50463,0.146671,0.212642,101.269,0,0,4542.24,89.0039,78.4843
55.9898,1.51306,0.128452,0.226352,101.269,0,0,4543.33,88.5881,78.9649
56.0023,1.52122,0.106414,0.240039,101.269,0,0,4544.43,88.1921,79.4291
56.0148,1.52904,0.0808842,0.253628,101.269,0,0,4545.55,87.8203,79.8772
56.0273,1.53648,0.052237,0.267057,101.269,0,0,4546.68,87.4767,80.309
56.0398,1.54351,0.0208931,0.280281,101.269,0,0,4547.83,87.1652,80.7246
56.0523,1.55011,-0.0126894,0.293271,101.269,0,0,4548.99,86.889,81.1243
56.0648,1.55627,-0.048021,0.306011,101.269,0,0,4550.17,86.6509,81.508
56.0773,1.56199,-0.0845885,0.318499,101.269,0,0,4551.36,86.4531,81.876
56.0898,1.56727,-0.121862,0.330744,101.269,0,0,4552.56,86.2973,82.2285
56.1023,1.57214,-0.159303,0.342763,101.269,0,0,4553.77,86.1844,82.5657
56.1148,1.57659,-0.196371,0.354579,101.269,0,0,4554.99,86.1146,82.8881
56.1273,1.58066,-0.232534,0.366221,101.269,0,0,4556.21,86.0873,83.1958
56.1398,1.58436,-0.267272,0.377719,101.269,0,0,4557.44,86.1014,83.4893
56.1523,1.58771,-0.300087,0.389105,101.269,0,0,4558.66,86.1549,83.7689
56.1648,1.59075,-0.33051,0.40041,101.269,0,0,4559.89,86.2453,84.0351
56.1773,1.5935,-0.358108,0.41166,101.269,0,0,4561.12,86.3694,84.2881
56.1898,1.59598,-0.382486,0.422879,101.269,0,0,4562.35,86.5236,84.5284
56.2023,1.59823,-0.403299,0.434086,101.269,0,0,4563.58,86.7037,84.7563
56.2148,1.60029,-0.420251,0.445291,101.269,0,0,4564.8,86.9052,84.9722
56.2273,1.60219,-0.433104,0.456502,101.269,0,0,4566.03,87.1232,85.1764
56.2398,1.60398,-0.441677,0.467717,101.269,0,0,4567.25,87.3526,85.3692
56.2523,1.60571,-0.445853,0.47893,101.269,0,0,4568.48,87.5882,85.5508
56.2648,1.60742,-0.445575,0.49013,101.269,0,0,4569.7,87.8246,85.7215
56.2773,1.60917,-0.440853,0.501305,101.269,0,0,4570.93,88.0564,85.8815
56.2898,1.61101,-0.43176,0.512438,101.269,0,0,4572.17,88.2783,86.0309
56.3023,1.61298,-0.418431,0.523517,101.269,0,0,4573.4,88.4848,86.1698
56.3148,1.61513,-0.401063,0.534529,101.269,0,0,4574.64,88.6709,86.2983
56.3273,1.61751,-0.379911,0.545464,101.269,0,0,4575.89,88.8317,86.4165
56.3398,1.62016,-0.355284,0.556315,101.269,0,0,4577.14,88.9626,86.5244
56.3523,1.62309,-0.327542,0.567079,101.269,0,0,4578.39,89.0595,86.622
56.3648,1.62636,-0.297087,0.577755,101.269,0,0,4579.65,89.1185,86.7092
56.3773,1.62997,-0.264363,0.588345,101.269,0,0,4580.9,89.1366,86.7862
56.3898,1.63394,-0.229845,0.598848,101.269,0,0,4582.16,89.1112,86.8529
56.4023,1.63829,-0.194035,0.609266,101.269,0,0,4583.42,89.0404,86.9093
56.4148,1.64303,-0.157453,0.619593,101.269,0,0,4584.67,88.9229,86.9553
56.4273,1.64816,-0.120629,0.629822,101.269,0,0,4585.92,88.7584,86.9911
56.4398,1.65367,-0.0840975,0.639938,101.269,0,0,4587.17,88.5471,87.0167
56.4523,1.65955,-0.0483877,0.649916,101.269,0,0,4588.4,88.29,87.032
56.4648,1.66579,-0.0140169,0.659723,101.269,0,0,4589.62,87.9887,87.0373
56.4773,1.67236,0.0185177,0.669313,101.269,0,0,4590.84,87.6457,87.0326
56.4898,1.67922,0.0487462,0.678631,101.269,0,0,4592.04,87.2639,87.0179
56.5023,1.68633,0.0762328,0.687607,101.269,0,0,4593.23,86.8467,86.9935
56.5148,1.69363,0.100582,0.69616,101.269,0,0,4594.41,86.3979,86.9596
56.5273,1.70107,0.121446,0.704203,101.269,0,0,4595.57,85.9219,86.9162
56.5398,1.70858,0.138527,0.711639,101.269,0,0,4596.73,85.4231,86.8636
56.5523,1.7161,0.151584,0.718367,101.269,0,0,4597.88,84.9064,86.8021
56.5648,1.72356,0.160433,0.72429,101.269,0,0,4599.02,84.3767,86.7319
56.5773,1.73092,0.164953,0.729313,101.269,0,0,4600.16,83.8389,86.6532
56.5898,1.73813,0.165087,0.733352,101.269,0,0,4601.29,83.2983,86.5664
56.6023,1.74516,0.160837,0.736337,101.269,0,0,4602.43,82.7599,86.4718
56.6148,1.752,0.152272,0.738213,101.269,0,0,4603.57,82.2289,86.3697
56.6273,1.75866,0.139521,0.738944,101.269,0,0,4604.71,81.7103,86.2606
56.6398,1.76515,0.122772,0.738511,101.269,0,0,4605.86,81.2091,86.1447
56.6523,1.77151,0.10227,0.736915,101.269,0,0,4607.02,80.73,86.0226
56.6648,1.77781,0.0783152,0.734173,101.269,0,0,4608.19,80.2776,85.8948
56.6773,1.78411,0.0512551,0.730316,101.269,0,0,4609.38,79.8562,85.7617
56.6898,1.79048,0.0214824,0.725389,101.269,0,0,4610.57,79.4699,85.6239
56.7023,1.79699,-0.0105711,0.719445,101.269,0,0,4611.77,79.122,85.482
56.7148,1.80373,-0.0444405,0.712547,101.269,0,0,4612.99,78.8158,85.3366
56.7273,1.81076,-0.0796342,0.704768,101.269,0,0,4614.21,78.5536,85.1883
56.7398,1.81814,-0.115641,0.696186,101.269,0,0,4615.44,78.3372,85.0377
56.7523,1.82593,-0.151938,0.68689,101.269,0,0,4616.68,78.168,84.8856
56.7648,1.83415,-0.187998,0.676979,101.269,0,0,4617.93,78.0463,84.7325
56.7773,1.84282,-0.223297,0.666563,101.269,0,0,4619.18,77.9719,84.5793
56.7898,1.85194,-0.257322,0.655769,101.269,0,0,4620.43,77.9438,84.4265
56.8023,1.86146,-0.28958,0.644739,101.269,0,0,4621.68,77.9602,84.2749
56.8148,1.87134,-0.319607,0.633633,101.269,0,0,4622.93,78.0188,84.1251
56.8273,1.88149,-0.346971,0.622628,101.269,0,0,4624.18,78.1166,83.9777
56.8398,1.8918,-0.371282,0.611918,101.269,0,0,4625.42,78.2499,83.8334
56.8523,1.90215,-0.392196,0.60171,101.269,0,0,4626.67,78.4147,83.6927
56.8648,1.9124,-0.409422,0.592214,101.269,0,0,4627.91,78.6065,83.5562
56.8773,1.92241,-0.422722,0.58364,101.269,0,0,4629.14,78.8204,83.4243
56.8898,1.93205,-0.431918,0.576189,101.269,0,0,4630.37,79.0513,83.2976
56.9023,1.94118,-0.436889,0.570035,101.269,0,0,4631.6,79.2939,83.1766
56.9148,1.94973,-0.437575,0.565325,101.269,0,0,4632.84,79.5428,83.0615
56.9273,1.95761,-0.433971,0.562164,101.269,0,0,4634.07,79.7923,82.9528
56.9398,1.9648,-0.426134,0.560614,101.269,0,0,4635.3,80.0369,82.8509
56.9523,1.97132,-0.414175,0.560688,101.269,0,0,4636.53,80.2713,82.756
56.9648,1.9772,-0.398257,0.562354,101.269,0,0,4637.77,80.4899,82.6684
56.9773,1.98254,-0.378599,0.565539,101.269,0,0,4639.02,80.6877,82.5884
56.9898,1.98744,-0.355463,0.570132,101.269,0,0,4640.26,80.8598,82.5161
57.0023,1.99202,-0.32916,0.575995,101.269,0,0,4641.51,81.0015,82.4517
57.0148,1.99641,-0.300043,0.582968,101.269,0,0,4642.77,81.1088,82.3954
57.0273,2.00074,-0.268499,0.590874,101.269,0,0,4644.03,81.178,82.3473
57.0398,2.00513,-0.234951,0.59953,101.269,0,0,4645.29,81.206,82.3074
57.0523,2.00968,-0.199844,0.608743,101.269,0,0,4646.55,81.1904,82.2759
57.0648,2.0145,-0.163647,0.618321,101.269,0,0,4647.81,81.1292,82.2527
57.0773,2.01963,-0.126838,0.628065,101.269,0,0,4649.06,81.0216,82.2378
57.0898,2.02513,-0.0899035,0.637775,101.269,0,0,4650.31,80.867,82.2313
57.1023,2.03099,-0.0533251,0.64725,101.269,0,0,4651.56,80.666,82.233
57.1148,2.03722,-0.017576,0.65628,101.269,0,0,4652.79,80.4195,82.2429
57.1273,2.04376,0.0168883,0.664652,101.269,0,0,4654.02,80.1295,82.2609
57.1398,2.05055,0.0496367,0.67215,101.269,0,0,4655.24,79.7983,82.287
57.1523,2.05751,0.0802687,0.678551,101.269,0,0,4656.44,79.429,82.321
57.1648,2.06453,0.108421,0.683632,101.269,0,0,4657.64,79.025,82.3629
57.1773,2.0715,0.133769,0.687173,101.269,0,0,4658.82,78.5903,82.4126
57.1898,2.0783,0.156038,0.688962,101.269,0,0,4659.99,78.1291,82.4701
57.2023,2.08482,0.174995,0.688801,101.269,0,0,4661.15,77.646,82.5353
57.2148,2.09094,0.190462,0.686516,101.269,0,0,4662.31,77.1457,82.6084
57.2273,2.0966,0.202309,0.68196,101.269,0,0,4663.46,76.6332,82.6893
57.2398,2.10172,0.210457,0.675024,101.269,0,0,4664.6,76.1134,82.7781
57.2523,2.10628,0.214881,0.665639,101.269,0,0,4665.75,75.5914,82.875
57.2648,2.11029,0.215603,0.653782,101.269,0,0,4666.89,75.0723,82.9803
57.2773,2.11379,0.2127,0.639477,101.269,0,0,4668.04,74.5611,83.094
57.2898,2.11686,0.206297,0.62279,101.269,0,0,4669.19,74.0627,83.2167
57.3023,2.11961,0.196567,0.60383,101.269,0,0,4670.35,73.5819,83.3484
57.3148,2.12216,0.183735,0.582742,101.269,0,0,4671.51,73.1234,83.4898
57.3273,2.12467,0.168067,0.5597,101.269,0,0,4672.69,72.6914,83.6411
57.3398,2.12729,0.149878,0.534902,101.269,0,0,4673.87,72.2901,83.8028
57.3523,2.13017,0.12952,0.508564,101.269,0,0,4675.07,71.9231,83.9754
57.3648,2.13344,0.107382,0.480915,101.269,0,0,4676.27,71.5935,84.1594
57.3773,2.13724,0.0838827,0.45219,101.269,0,0,4677.48,71.3041,84.3553
57.3899,2.14167,0.059466,0.422634,101.269,0,0,4678.7,71.057,84.5636
57.4024,2.1468,0.0345908,0.392495,101.269,0,0,4679.92,70.8534,84.7848
57.4149,2.15267,0.00972464,0.36203,101.269,0,0,4681.15,70.6943,85.0193
57.4274,2.15929,-0.0146654,0.331501,101.269,0,0,4682.38,70.5796,85.2676
57.4399,2.16664,-0.0381213,0.301178,101.269,0,0,4683.61,70.5085,85.5301
57.4524,2.17465,-0.0602027,0.27134,101.269,0,0,4684.84,70.4797,85.8071
57.4649,2.18325,-0.0804953,0.242273,101.269,0,0,4686.07,70.491,86.099
57.4774,2.1923,-0.0986177,0.214271,101.269,0,0,4687.29,70.5396,86.4062
57.4899,2.20168,-0.114228,0.187628,101.269,0,0,4688.51,70.6222,86.7287
57.5024,2.21123,-0.127029,0.162637,101.269,0,0,4689.72,70.735,87.0668
57.5149,2.22082,-0.136772,0.139578,101.269,0,0,4690.92,70.8736,87.4207
57.5274,2.23028,-0.143257,0.118716,101.269,0,0,4692.11,71.0334,87.7905
57.5399,2.23949,-0.146337,0.100286,101.269,0,0,4693.3,71.2095,88.1762
57.5524,2.24834,-0.145915,0.0844916,101.269,0,0,4694.48,71.3966,88.5779
57.5649,2.25675,-0.141944,0.0714905,101.269,0,0,4695.66,71.5896,88.9955
57.5774,2.26469,-0.134427,0.061395,101.269,0,0,4696.82,71.7831,89.429
57.5899,2.27216,-0.123411,0.0542662,101.269,0,0,4697.99,71.9718,89.8783
57.6024,2.27919,-0.108991,0.0501142,101.269,0,0,4699.15,72.1503,90.3434
57.6149,2.28586,-0.0913024,0.0488996,101.269,0,0,4700.3,72.3137,90.8239
57.6274,2.29228,-0.0705252,0.0505373,101.269,0,0,4701.45,72.457,91.3199
57.6399,2.29857,-0.0468775,0.0549011,101.269,0,0,4702.6,72.5755,91.831
57.6524,2.30488,-0.0206157,0.0618301,101.269,0,0,4703.74,72.665,92.3569
57.6649,2.31137,0.00796827,0.0711337,101.269,0,0,4704.88,72.7215,92.8975
57.6774,2.31819,0.0385502,0.0825972,101.269,0,0,4706.01,72.7417,93.4522
57.6899,2.32547,0.0707776,0.0959855,101.269,0,0,4707.13,72.7227,94.0208
57.7024,2.33333,0.104275,0.111046,101.269,0,0,4708.25,72.6621,94.6027
57.7149,2.34188,0.138648,0.127509,101.269,0,0,4709.36,72.5583,95.1976
57.7274,2.35116,0.173493,0.145089,101.269,0,0,4710.45,72.4103,95.805
57.7399,2.36119,0.208404,0.163483,101.269,0,0,4711.53,72.2177,96.4242
57.7524,2.37197,0.242979,0.182367,101.269,0,0,4712.6,71.9808,97.0548
57.7649,2.3834,0.276827,0.201396,101.269,0,0,4713.65,71.7005,97.6961
57.7774,2.39538,0.309582,0.220205,101.269,0,0,4714.68,71.3784,98.3476
57.7899,2.40774,0.340902,0.238402,101.269,0,0,4715.69,71.0166,99.0087
57.8024,2.42027,0.370482,0.255578,101.269,0,0,4716.68,70.6176,99.6787
57.8149,2.43271,0.398054,0.27131,101.269,0,0,4717.65,70.1843,100.357
57.8274,2.44479,0.42339,0.285164,101.269,0,0,4718.6,69.72,101.043
57.8399,2.45619,0.446305,0.296713,101.269,0,0,4719.53,69.2282,101.737
57.8524,2.46663,0.466655,0.305544,101.269,0,0,4720.44,68.7127,102.437
57.8649,2.4758,0.484332,0.311278,101.269,0,0,4721.34,68.1772,103.143
57.8774,2.48343,0.499261,0.313583,101.269,0,0,4722.22,67.6255,103.856
57.8899,2.48929,0.511393,0.312191,101.269,0,0,4723.09,67.0616,104.574
57.9024,2.49323,0.520707,0.306913,101.269,0,0,4723.95,66.4894,105.297
57.9149,2.49513,0.527197,0.297645,101.269,0,0,4724.8,65.9126,106.024
57.9274,2.49498,0.530877,0.284382,101.269,0,0,4725.65,65.335,106.757
57.9399,2.49282,0.531778,0.267216,101.269,0,0,4726.5,64.7603,107.494
57.9524,2.48879,0.529949,0.246332,101.269,0,0,4727.35,64.1922,108.235
57.9649,2.48309,0.525463,0.222007,101.269,0,0,4728.19,63.6339,108.981
57.9774,2.47596,0.518419,0.194592,101.269,0,0,4729.05,63.0888,109.731
57.9899,2.46771,0.508946,0.164498,101.269,0,0,4729.91,62.5601,110.485
58.0024,2.45868,0.497213,0.132185,101.269,0,0,4730.78,62.0507,111.243
58.0149,2.44918,0.483425,0.0981347,101.269,0,0,4731.66,61.563,112.005
58.0274,2.43956,0.467829,0.0628436,101.269,0,0,4732.54,61.0996,112.772
58.0399,2.43013,0.45071,0.0268022,101.269,0,0,4733.44,60.6623,113.542
58.0524,2.42115,0.43239,-0.00951353,101.269,0,0,4734.35,60.2526,114.318
58.0649,2.41287,0.413221,-0.0456514,101.269,0,0,4735.26,59.8717,115.097
58.0774,2.40546,0.393577,-0.0811873,101.269,0,0,4736.19,59.52,115.881
58.0899,2.39908,0.37385,-0.115728,101.269,0,0,4737.12,59.1977,116.669
58.1024,2.3938,0.354434,-0.148909,101.269,0,0,4738.05,58.9043,117.462
58.1149,2.38969,0.335721,-0.180398,101.269,0,0,4738.99,58.6388,118.259
58.1274,2.38677,0.318089,-0.209888,101.269,0,0,4739.94,58.3995,119.06
58.1399,2.38502,0.301895,-0.237097,101.269,0,0,4740.88,58.1845,119.866
58.1524,2.3844,0.287465,-0.261768,101.269,0,0,4741.83,57.9912,120.675
58.1649,2.38486,0.275092,-0.283668,101.269,0,0,4742.77,57.8167,121.489
58.1774,2.38636,0.265025,-0.302588,101.269,0,0,4743.72,57.6577,122.307
58.1899,2.38884,0.257469,-0.318343,101.269,0,0,4744.67,57.5106,123.129
58.2024,2.39225,0.252579,-0.330775,101.269,0,0,4745.61,57.3716,123.954
58.2149,2.39656,0.250459,-0.339756,101.269,0,0,4746.55,57.2365,124.783
58.2274,2.40176,0.251163,-0.345188,101.269,0,0,4747.49,57.1013,125.614
58.2399,2.40785,0.254689,-0.347002,101.269,0,0,4748.42,56.9617,126.449
58.2524,2.41486,0.260985,-0.345167,101.269,0,0,4749.35,56.8136,127.286
58.2649,2.42285,0.269946,-0.339682,101.269,0,0,4750.28,56.6528,128.125
58.2774,2.43187,0.281417,-0.33058,101.269,0,0,4751.2,56.4754,128.965
58.2899,2.44202,0.295195,-0.31793,101.269,0,0,4752.12,56.2776,129.808
58.3024,2.45337,0.311031,-0.301831,101.269,0,0,4753.03,56.0559,130.651
58.3149,2.46602,0.328636,-0.28242,101.269,0,0,4753.94,55.8073,131.494
58.3274,2.48005,0.347684,-0.259868,101.269,0,0,4754.83,55.5288,132.337
58.3399,2.49552,0.367822,-0.23438,101.269,0,0,4755.72,55.2183,133.18
58.3524,2.51247,0.388672,-0.206207,101.269,0,0,4756.59,54.8737,134.022
58.3649,2.5309,0.409845,-0.175639,101.269,0,0,4757.45,54.4939,134.863
58.3774,2.55077,0.43095,-0.143014,101.269,0,0,4758.29,54.0781,135.702
58.3899,2.57196,0.451604,-0.108725,101.269,0,0,4759.12,53.6258,136.538
58.4024,2.59432,0.471443,-0.0732153,101.269,0,0,4759.93,53.1374,137.371
58.4149,2.61763,0.490137,-0.0369819,101.269,0,0,4760.72,52.6137,138.2
58.4274,2.64159,0.507396,-0.000572659,101.269,0,0,4761.5,52.0557,139.026
58.4399,2.66588,0.522981,0.0354223,101.269,0,0,4762.25,51.4652,139.847
58.4524,2.69009,0.536706,0.0703826,101.269,0,0,4762.98,50.8439,140.664
58.4649,2.71383,0.548447,0.103674,101.269,0,0,4763.69,50.1942,141.475
58.4774,2.73667,0.558132,0.134666,101.269,0,0,4764.39,49.5185,142.281
58.4899,2.75818,0.565744,0.162755,101.269,0,0,4765.07,48.8193,143.081
58.5024,2.77799,0.571307,0.187385,101.269,0,0,4765.73,48.0993,143.875
58.5149,2.79575,0.574878,0.208065,101.269,0,0,4766.38,47.3614,144.663
58.5274,2.81118,0.576536,0.224386,101.269,0,0,4767.03,46.6082,145.444
58.5399,2.82407,0.57637,0.236032,101.269,0,0,4767.66,45.8428,146.218
58.5524,2.8343,0.574468,0.242792,101.269,0,0,4768.3,45.0678,146.984
58.5649,2.8418,0.570911,0.244556,101.269,0,0,4768.93,44.2862,147.743
58.5774,2.84661,0.565765,0.241321,101.269,0,0,4769.57,43.5009,148.495
58.5899,2.84882,0.559084,0.233187,101.269,0,0,4770.22,42.7147,149.238
58.6024,2.8486,0.550906,0.22035,101.269,0,0,4770.88,41.9307,149.974
58.6149,2.84618,0.541261,0.203093,101.269,0,0,4771.55,41.1518,150.701
58.6274,2.84185,0.530172,0.18178,101.269,0,0,4772.24,40.3811,151.42
58.6399,2.83592,0.517668,0.15684,101.269,0,0,4772.96,39.6215,152.13
58.6524,2.82874,0.503788,0.128758,101.269,0,0,4773.69,38.8762,152.831
58.6649,2.82066,0.48859,0.0980576,101.269,0,0,4774.45,38.1481,153.522
58.6774,2.81207,0.472155,0.065292,101.269,0,0,4775.24,37.4401,154.204
58.6899,2.8033,0.454594,0.0310266,101.269,0,0,4776.06,36.7547,154.877
58.7024,2.79468,0.436047,-0.0041712,101.269,0,0,4776.91,36.0945,155.539
58.7149,2.78651,0.416683,-0.0397429,101.269,0,0,4777.78,35.4615,156.191
58.7274,2.77905,0.3967,-0.0751475,101.269,0,0,4778.68,34.8574,156.833
58.7399,2.7725,0.376315,-0.109868,101.269,0,0,4779.61,34.2834,157.465
58.7524,2.76704,0.355761,-0.143415,101.269,0,0,4780.56,33.7401,158.085
58.7649,2.76277,0.335279,-0.17533,101.269,0,0,4781.54,33.2277,158.694
58.7774,2.75978,0.315107,-0.205189,101.269,0,0,4782.54,32.7455,159.292
58.7899,2.75808,0.295476,-0.2326,101.269,0,0,4783.56,32.2925,159.879
58.8024,2.75768,0.276599,-0.257203,101.269,0,0,4784.6,31.8669,160.454
58.8149,2.75854,0.258669,-0.278677,101.269,0,0,4785.65,31.4664,161.017
58.8274,2.76061,0.241847,-0.296736,101.269,0,0,4786.72,31.0879,161.568
58.8399,2.76382,0.226264,-0.311129,101.269,0,0,4787.8,30.728,162.106
58.8524,2.76807,0.212016,-0.32165,101.269,0,0,4788.9,30.3829,162.632
58.8649,2.77329,0.199164,-0.328133,101.269,0,0,4790,30.0484,163.146
58.8774,2.77938,0.18773,-0.330459,101.269,0,0,4791.11,29.7198,163.646
58.8899,2.78627,0.177702,-0.328558,101.269,0,0,4792.22,29.3924,164.133
58.9024,2.79387,0.169037,-0.322412,101.269,0,0,4793.34,29.0614,164.607
58.9149,2.80212,0.161659,-0.312055,101.269,0,0,4794.47,28.7218,165.067
58.9274,2.81094,0.155463,-0.297578,101.269,0,0,4795.59,28.3687,165.513
58.9399,2.8203,0.150324,-0.279125,101.269,0,0,4796.72,27.9976,165.944
58.9524,2.83012,0.146094,-0.256898,101.269,0,0,4797.84,27.6038,166.361
58.9649,2.84037,0.142612,-0.231151,101.269,0,0,4798.96,27.1833,166.763
58.9774,2.85099,0.139704,-0.20219,101.269,0,0,4800.07,26.7324,167.15
58.9899,2.86192,0.137193,-0.17037,101.269,0,0,4801.18,26.2479,167.521
59.0024,2.87311,0.1349,-0.136092,101.269,0,0,4802.27,25.7272,167.877
59.0149,2.8845,0.132648,-0.0997935,101.269,0,0,4803.34,25.1683,168.217
59.0275,2.89601,0.130273,-0.061949,101.269,0,0,4804.41,24.5697,168.54
59.04,2.90755,0.127621,-0.0230583,101.269,0,0,4805.45,23.9309,168.847
59.0525,2.91906,0.124555,0.0163586,101.269,0,0,4806.47,23.2517,169.138
59.065,2.93043,0.120957,0.0557697,101.269,0,0,4807.47,22.5329,169.412
59.0775,2.94158,0.116733,0.09464,101.269,0,0,4808.44,21.7756,169.669
59.09,2.95244,0.111808,0.132439,101.269,0,0,4809.39,20.9816,169.91
59.1025,2.96293,0.106131,0.168651,101.269,0,0,4810.32,20.1531,170.134
59.115,2.97298,0.0996695,0.202782,101.269,0,0,4811.21,19.2928,170.342
59.1275,2.98256,0.0924122,0.234366,101.269,0,0,4812.09,18.4036,170.533
59.14,2.99164,0.0843634,0.262977,101.269,0,0,4812.94,17.4888,170.707
59.1525,3.0002,0.0755417,0.288229,101.269,0,0,4813.77,16.5516,170.865
59.165,3.00827,0.065977,0.309786,101.269,0,0,4814.58,15.5956,171.007
59.1775,3.01589,0.0557085,0.327365,101.269,0,0,4815.37,14.6242,171.132
59.19,3.02311,0.0447826,0.340739,101.269,0,0,4816.15,13.641,171.241
59.2025,3.03001,0.0332518,0.349741,101.269,0,0,4816.92,12.6495,171.334
59.215,3.03669,0.0211738,0.354261,101.269,0,0,4817.69,11.6533,171.411
59.2275,3.04324,0.00861116,0.354252,101.269,0,0,4818.46,10.6559,171.471
59.24,3.04978,-0.00436822,0.34973,101.269,0,0,4819.24,9.66092,171.516
59.2525,3.05643,-0.0176911,0.340768,101.269,0,0,4820.02,8.67183,171.544
59.265,3.0633,-0.0312786,0.327499,101.269,0,0,4820.81,7.69224,171.556
59.2775,3.07051,-0.0450458,0.310113,101.269,0,0,4821.62,6.72575,171.552
59.29,3.07817,-0.0589026,0.288855,101.269,0,0,4822.45,5.77595,171.531
59.3025,3.08635,-0.0727546,0.26402,101.269,0,0,4823.3,4.84639,171.494
59.315,3.09513,-0.0865049,0.235952,101.269,0,0,4824.18,3.94055,171.44
59.3275,3.10456,-0.100057,0.205041,101.269,0,0,4825.08,3.0618,171.369
59.34,3.11466,-0.113317,0.171713,101.269,0,0,4826.01,2.21327,171.282
59.3525,3.12542,-0.1262,0.136434,101.269,0,0,4826.96,1.39785,171.177
59.365,3.13682,-0.138632,0.0996946,101.269,0,0,4827.94,0.618038,171.056
59.3775,3.14879,-0.150554,0.0620122,101.269,0,0,4828.95,-0.124089,170.917
59.39,3.16127,-0.161927,0.0239189,101.269,0,0,4829.99,-0.826993,170.762
59.4025,3.17414,-0.172734,-0.0140444,101.269,0,0,4831.05,-1.48972,170.59
59.415,3.18728,-0.182985,-0.0513363,101.269,0,0,4832.13,-2.11196,170.401
59.4275,3.20057,-0.192712,-0.0874233,101.269,0,0,4833.23,-2.69409,170.196
59.44,3.21385,-0.201975,-0.121789,101.269,0,0,4834.34,-3.23716,169.974
59.4525,3.22698,-0.210854,-0.15394,101.269,0,0,4835.47,-3.74291,169.736
59.465,3.23982,-0.21945,-0.183418,101.269,0,0,4836.62,-4.21376,169.482
59.4775,3.25221,-0.227879,-0.209803,101.269,0,0,4837.77,-4.65271,169.212
59.49,3.26403,-0.236265,-0.232721,101.269,0,0,4838.92,-5.06333,168.926
59.5025,3.27512,-0.244737,-0.251849,101.269,0,0,4840.09,-5.44968,168.626
59.515,3.28538,-0.253421,-0.266919,101.269,0,0,4841.25,-5.81618,168.311
59.5275,3.29468,-0.262435,-0.277719,101.269,0,0,4842.42,-6.16759,167.98
59.54,3.3029,-0.271881,-0.284099,101.269,0,0,4843.58,-6.50887,167.636
59.5525,3.30995,-0.281841,-0.285966,101.269,0,0,4844.74,-6.84509,167.278
59.565,3.31574,-0.292375,-0.283286,101.269,0,0,4845.9,-7.18134,166.905
59.5775,3.32017,-0.303514,-0.276087,101.269,0,0,4847.05,-7.52265,166.52
59.59,3.32316,-0.315258,-0.26445,101.269,0,0,4848.19,-7.87388,166.12
59.6025,3.32467,-0.327578,-0.248516,101.269,0,0,4849.32,-8.2396,165.708
59.615,3.32464,-0.340413,-0.228477,101.269,0,0,4850.45,-8.62407,165.283
59.6275,3.32306,-0.353674,-0.204581,101.269,0,0,4851.56,-9.03112,164.845
59.64,3.31992,-0.367249,-0.177125,101.269,0,0,4852.65,-9.46408,164.394
59.6525,3.31525,-0.381002,-0.146456,101.269,0,0,4853.73,-9.92571,163.932
59.665,3.30913,-0.394788,-0.11297,101.269,0,0,4854.79,-10.4182,163.457
59.6775,3.30165,-0.408451,-0.0771083,101.269,0,0,4855.83,-10.943,162.97
59.69,3.29297,-0.421838,-0.039354,101.269,0,0,4856.84,-11.5011,162.471
59.7025,3.28326,-0.434806,-0.000230577,101.269,0,0,4857.83,-12.0927,161.961
59.715,3.27275,-0.447228,0.0397056,101.269,0,0,4858.79,-12.7174,161.44
59.7275,3.26171,-0.458997,0.0798715,101.269,0,0,4859.73,-13.3741,160.907
59.74,3.25043,-0.470038,0.119666,101.269,0,0,4860.64,-14.0614,160.364
59.7525,3.23922,-0.480302,0.158481,101.269,0,0,4861.51,-14.7772,159.81
59.765,3.2284,-0.489773,0.195709,101.269,0,0,4862.36,-15.5193,159.245
59.7775,3.21832,-0.498462,0.230762,101.269,0,0,4863.18,-16.2848,158.67
59.79,3.20931,-0.506404,0.263073,101.269,0,0,4863.98,-17.0709,158.086
59.8025,3.20167,-0.513649,0.292118,101.269,0,0,4864.75,-17.8745,157.492
59.815,3.19572,-0.520258,0.317416,101.269,0,0,4865.49,-18.6924,156.888
59.8275,3.1917,-0.526292,0.338544,101.269,0,0,4866.22,-19.5214,156.275
59.84,3.18987,-0.531801,0.355142,101.269,0,0,4866.93,-20.3583,155.653
59.8525,3.19042,-0.536819,0.36692,101.269,0,0,4867.62,-21.1998,155.022
59.865,3.19351,-0.541356,0.373659,101.269,0,0,4868.31,-22.0429,154.383
59.8775,3.19925,-0.545394,0.375221,101.269,0,0,4868.99,-22.8843,153.736
59.89,3.20771,-0.548882,0.371549,101.269,0,0,4869.67,-23.7211,153.08
59.9025,3.21889,-0.551736,0.362671,101.269,0,0,4870.35,-24.55,152.416
59.915,3.23277,-0.553843,0.348704,101.269,0,0,4871.03,-25.368,151.745
59.9275,3.24925,-0.555069,0.329853,101.269,0,0,4871.73,-26.1722,151.067
59.94,3.26815,-0.555262,0.306414,101.269,0,0,4872.43,-26.9593,150.381
59.9525,3.28925,-0.554268,0.278773,101.269,0,0,4873.16,-27.7266,149.689
59.965,3.31228,-0.551939,0.247396,101.269,0,0,4873.9,-28.4709,148.99
59.9775,3.3369,-0.548149,0.212826,101.269,0,0,4874.65,-29.1894,148.285
59.99,3.36273,-0.542807,0.175668,101.269,0,0,4875.43,-29.8795,147.575
60.0025,3.38936,-0.535867,0.13657,101.269,0,0,4876.24,-30.5386,146.859
