Time,Value_1,Value_2,Value_3,Value_4,Value_5,Value_6,Value_7,Value_8,Value_9
0,0,0,0,101.269,0,0,0,0,0
0.025,0.0132407,0.0249116,0.00907553,101.269,0,0,2.52127,-0.0023691,-0.0416318
0.05,0.0273592,0.0492907,0.035818,101.269,0,0,5.04029,0.0406995,-0.145972
0.075,0.0431011,0.0726012,0.0787958,101.269,0,0,7.55284,0.171833,-0.311824
0.1,0.0609653,0.0943237,0.135692,101.269,0,0,10.0509,0.428313,-0.537177
0.125,0.0811239,0.114013,0.203412,101.269,0,0,12.5223,0.839538,-0.819194
0.15,0.103394,0.131389,0.278239,101.269,0,0,14.9514,1.4249,-1.15425
0.175,0.127272,0.146432,0.356038,101.269,0,0,17.3219,2.19247,-1.53802
0.2,0.152018,0.159463,0.432502,101.269,0,0,19.6191,3.13878,-1.96571
0.225,0.176776,0.171153,0.50342,101.269,0,0,21.8336,4.24987,-2.43224
0.25,0.200676,0.182478,0.564941,101.269,0,0,23.9633,5.50324,-2.93264
0.275,0.222904,0.194599,0.613802,101.269,0,0,26.0147,6.87033,-3.46224
0.3,0.242718,0.208704,0.647502,101.269,0,0,28.0027,8.31895,-4.01704
0.325,0.259423,0.225836,0.664403,101.269,0,0,29.9488,9.81519,-4.59379
0.35,0.272337,0.246731,0.663778,101.269,0,0,31.8787,11.3247,-5.1902
0.375,0.280788,0.271688,0.645792,101.269,0,0,33.8191,12.8133,-5.80487
0.4,0.284162,0.30049,0.611452,101.269,0,0,35.794,14.2478,-6.43724
0.425,0.282008,0.332397,0.562542,101.269,0,0,37.8225,15.597,-7.08745
0.45,0.274205,0.366217,0.501556,101.269,0,0,39.9161,16.8326,-7.75616
0.475,0.261132,0.400465,0.431658,101.269,0,0,42.0784,17.9317,-8.44428
0.5,0.243812,0.433593,0.356623,101.269,0,0,44.305,18.8785,-9.15278
0.525,0.223961,0.46423,0.280749,101.269,0,0,46.5859,19.6668,-9.88248
0.55,0.203899,0.491386,0.20867,101.269,0,0,48.9077,20.3007,-10.6338
0.575,0.186332,0.514533,0.14507,101.269,0,0,51.2562,20.795,-11.4069
0.6,0.174032,0.53355,0.0943161,101.269,0,0,53.6192,21.1743,-12.201
0.625,0.169495,0.548529,0.0600728,101.269,0,0,55.9872,21.4714,-13.0151
0.65,0.17465,0.559519,0.0449692,101.269,0,0,58.354,21.7244,-13.8475
0.675,0.190617,0.566307,0.0503375,101.269,0,0,60.7155,21.9751,-14.6958
0.7,0.217528,0.56831,0.0760356,101.269,0,0,63.0677,22.2653,-15.5569
0.725,0.254423,0.564659,0.120365,101.269,0,0,65.4051,22.6353,-16.4273
0.75,0.299258,0.554447,0.180134,101.269,0,0,67.7193,23.1203,-17.303
0.775,0.349126,0.537105,0.250937,101.269,0,0,69.9983,23.7489,-18.1793
0.8,0.400694,0.512753,0.327656,101.269,0,0,72.2275,24.5401,-19.0514
0.825,0.450768,0.482408,0.405073,101.269,0,0,74.3917,25.503,-19.9145
0.85,0.496798,0.447969,0.478437,101.269,0,0,76.4779,26.6357,-20.7636
0.875,0.537157,0.411991,0.543792,101.269,0,0,78.4778,27.9268,-21.5941
0.9,0.571142,0.377337,0.598084,101.269,0,0,80.3908,29.3568,-22.4019
0.925,0.598776,0.346817,0.639099,101.269,0,0,82.2248,30.9006,-23.1833
0.95,0.620507,0.322874,0.665354,101.269,0,0,83.9967,32.5295,-23.9352
0.975,0.636912,0.307362,0.676011,101.269,0,0,85.7304,34.2133,-24.6549
1,0.648461,0.301406,0.670831,101.269,0,0,87.4547,35.921,-25.3399
1.025,0.655384,0.305329,0.650151,101.269,0,0,89.2003,37.6213,-25.9881
1.05,0.657652,0.318634,0.61486,101.269,0,0,90.9964,39.2829,-26.5977
1.075,0.655065,0.34004,0.566366,101.269,0,0,92.8674,40.8745,-27.1666
1.1,0.64744,0.367576,0.506572,101.269,0,0,94.8304,42.3665,-27.6931
1.125,0.634839,0.398748,0.437867,101.269,0,0,96.8938,43.7326,-28.1753
1.15,0.617811,0.430773,0.363158,101.269,0,0,99.0569,44.9518,-28.6118
1.175,0.597563,0.460862,0.285887,101.269,0,0,101.311,46.0115,-29.001
1.2,0.576006,0.486503,0.209986,101.269,0,0,103.642,46.9091,-29.3417
1.225,0.555608,0.505686,0.139689,101.269,0,0,106.034,47.6531,-29.6326
1.25,0.539052,0.516991,0.0791619,101.269,0,0,108.468,48.2632,-29.8727
1.275,0.528761,0.51955,0.03202,101.269,0,0,110.932,48.7684,-30.0609
1.3,0.526429,0.512883,0.000834377,101.269,0,0,113.411,49.2054,-30.1959
1.325,0.532691,0.496741,-0.0132218,101.269,0,0,115.898,49.6158,-30.2764
1.35,0.547018,0.471014,-0.0105011,101.269,0,0,118.383,50.0429,-30.3006
1.375,0.567855,0.435776,0.00723983,101.269,0,0,120.857,50.529,-30.2664
1.4,0.592958,0.391429,0.0371706,101.269,0,0,123.308,51.1125,-30.1716
1.425,0.619846,0.338885,0.0758321,101.269,0,0,125.722,51.8249,-30.0141
1.45,0.646253,0.279681,0.119576,101.269,0,0,128.08,52.6885,-29.7919
1.475,0.67047,0.215976,0.164893,101.269,0,0,130.364,53.7149,-29.5032
1.5,0.691536,0.150418,0.208585,101.269,0,0,132.558,54.9041,-29.1469
1.525,0.709272,0.0859273,0.247804,101.269,0,0,134.65,56.2454,-28.7225
1.55,0.724181,0.0254437,0.280023,101.269,0,0,136.636,57.7195,-28.23
1.575,0.737269,-0.0283074,0.303022,101.269,0,0,138.518,59.3004,-27.67
1.6,0.74979,-0.0729908,0.314943,101.269,0,0,140.311,60.9588,-27.0432
1.625,0.762963,-0.106775,0.314418,101.269,0,0,142.035,62.6632,-26.3507
1.65,0.777696,-0.128396,0.300741,101.269,0,0,143.718,64.3823,-25.5932
1.675,0.794362,-0.1372,0.274015,101.269,0,0,145.386,66.085,-24.7715
1.7,0.81272,-0.133188,0.235205,101.269,0,0,147.069,67.7412,-23.886
1.725,0.831979,-0.117074,0.18605,101.269,0,0,148.789,69.3215,-22.9371
1.75,0.85102,-0.0903171,0.128853,101.269,0,0,150.564,70.7987,-21.925
1.775,0.868685,-0.0551055,0.0662276,101.269,0,0,152.402,72.1484,-20.8501
1.8,0.884058,-0.0142576,0.000859611,101.269,0,0,154.304,73.3514,-19.7131
1.825,0.896675,0.0289631,-0.0646333,101.269,0,0,156.261,74.3957,-18.5153
1.85,0.906605,0.0710939,-0.127763,101.269,0,0,158.261,75.2777,-17.2583
1.875,0.914438,0.108739,-0.186189,101.269,0,0,160.287,76.0037,-15.9443
1.9,0.921143,0.138814,-0.237754,101.269,0,0,162.322,76.5894,-14.5758
1.925,0.92786,0.158736,-0.280586,101.269,0,0,164.352,77.0583,-13.1554
1.95,0.935633,0.166553,-0.313254,101.269,0,0,166.365,77.4402,-11.6861
1.975,0.945155,0.161013,-0.334952,101.269,0,0,168.353,77.7687,-10.1703
2,0.956609,0.141603,-0.345614,101.269,0,0,170.31,78.0784,-8.61058
2.025,0.969634,0.108573,-0.345916,101.269,0,0,172.231,78.4031,-7.00898
2.05,0.983452,0.0629516,-0.337156,101.269,0,0,174.108,78.7729,-5.36735
2.075,0.997084,0.0065344,-0.321041,101.269,0,0,175.937,79.2127,-3.68728
2.1,1.00961,-0.0581723,-0.299478,101.269,0,0,177.706,79.7406,-1.97025
2.125,1.02036,-0.128073,-0.274418,101.269,0,0,179.407,80.3667,-0.217652
2.15,1.0291,-0.199665,-0.247797,101.269,0,0,181.031,81.0928,1.5691
2.175,1.03609,-0.269267,-0.221541,101.269,0,0,182.572,81.9127,3.38854
2.2,1.04208,-0.33326,-0.197592,101.269,0,0,184.029,82.8138,5.23912
2.225,1.04823,-0.388313,-0.177897,101.269,0,0,185.404,83.7785,7.11925
2.25,1.0559,-0.431574,-0.164293,101.269,0,0,186.709,84.7863,9.02727
2.275,1.06641,-0.460799,-0.158272,101.269,0,0,187.958,85.8151,10.9615
2.3,1.08059,-0.474449,-0.160681,101.269,0,0,189.169,86.8427,12.9203
2.325,1.09861,-0.471747,-0.171477,101.269,0,0,190.362,87.8471,14.9018
2.35,1.11983,-0.452744,-0.189673,101.269,0,0,191.557,88.8067,16.9042
2.375,1.143,-0.418365,-0.213537,101.269,0,0,192.771,89.7009,18.9254
2.4,1.16665,-0.370426,-0.240955,101.269,0,0,194.016,90.5102,20.9632
2.425,1.1894,-0.31158,-0.269812,101.269,0,0,195.3,91.2172,23.015
2.45,1.21033,-0.245182,-0.298249,101.269,0,0,196.624,91.8077,25.0779
2.475,1.22896,-0.175081,-0.324755,101.269,0,0,197.985,92.2723,27.1488
2.5,1.24533,-0.105369,-0.348129,101.269,0,0,199.377,92.6072,29.2245
2.525,1.25984,-0.0401213,-0.367413,101.269,0,0,200.791,92.8152,31.3015
2.55,1.27311,0.0168531,-0.381822,101.269,0,0,202.221,92.9056,33.3766
2.575,1.28586,0.0622368,-0.390738,101.269,0,0,203.66,92.8933,35.4465
2.6,1.29873,0.0933848,-0.39376,101.269,0,0,205.109,92.7983,37.5083
2.625,1.31213,0.108467,-0.390777,101.269,0,0,206.568,92.6438,39.5594
2.65,1.32617,0.10657,-0.382021,101.269,0,0,208.041,92.4555,41.5973
2.675,1.34063,0.087751,-0.368058,101.269,0,0,209.534,92.2596,43.62
2.7,1.35502,0.0530493,-0.349702,101.269,0,0,211.052,92.0825,45.6257
2.725,1.36875,0.00444287,-0.327876,101.269,0,0,212.599,91.9484,47.6129
2.75,1.38123,-0.0552549,-0.30347,101.269,0,0,214.174,91.8791,49.5802
2.775,1.39199,-0.122554,-0.277257,101.269,0,0,215.777,91.8914,51.5268
2.8,1.40077,-0.193491,-0.249855,101.269,0,0,217.402,91.9963,53.4518
2.825,1.40748,-0.263869,-0.221764,101.269,0,0,219.045,92.1981,55.3545
2.85,1.41227,-0.329508,-0.193422,101.269,0,0,220.699,92.4937,57.2345
2.875,1.41548,-0.386492,-0.165279,101.269,0,0,222.362,92.8727,59.0913
2.9,1.41763,-0.431403,-0.137832,101.269,0,0,224.036,93.3186,60.9241
2.925,1.41938,-0.461518,-0.111623,101.269,0,0,225.723,93.8095,62.7323
2.95,1.4214,-0.474966,-0.0871622,101.269,0,0,227.433,94.3194,64.5145
2.975,1.42428,-0.470831,-0.0648133,101.269,0,0,229.174,94.8194,66.269
3,1.42841,-0.449193,-0.0446852,101.269,0,0,230.955,95.2789,67.9935
3.025,1.43392,-0.411125,-0.0265866,101.269,0,0,232.784,95.6667,69.6852
3.05,1.44079,-0.35863,-0.0100632,101.269,0,0,234.664,95.9529,71.3408
3.075,1.44887,-0.294531,0.00550985,101.269,0,0,236.593,96.1106,72.9566
3.1,1.45804,-0.222318,0.0208234,101.269,0,0,238.564,96.1184,74.5289
3.125,1.46825,-0.145956,0.0365499,101.269,0,0,240.566,95.9618,76.0537
3.15,1.47955,-0.0696669,0.053285,101.269,0,0,242.585,95.6355,77.5275
3.175,1.49205,0.00230849,0.0715018,101.269,0,0,244.61,95.1434,78.9472
3.2,1.50585,0.0659451,0.091504,101.269,0,0,246.631,94.4987,80.3101
3.225,1.52098,0.117665,0.113374,101.269,0,0,248.644,93.7225,81.614
3.25,1.5373,0.154545,0.13693,101.269,0,0,250.654,92.8426,82.8571
3.275,1.55448,0.174492,0.16172,101.269,0,0,252.668,91.891,84.0381
3.3,1.57204,0.176369,0.187074,101.269,0,0,254.701,90.9031,85.1558
3.325,1.58938,0.160075,0.212223,101.269,0,0,256.769,89.9158,86.2094
3.35,1.60596,0.126543,0.236455,101.269,0,0,258.885,88.9667,87.1981
3.375,1.62141,0.077689,0.25924,101.269,0,0,261.062,88.0923,88.1215
3.4,1.63552,0.0162882,0.280309,101.269,0,0,263.306,87.3261,88.9796
3.425,1.64826,-0.0541898,0.299659,101.269,0,0,265.615,86.6968,89.773
3.45,1.65972,-0.129785,0.317517,101.269,0,0,267.982,86.2254,90.5026
3.475,1.67001,-0.206274,0.33429,101.269,0,0,270.394,85.923,91.1701
3.5,1.6792,-0.279407,0.350513,101.269,0,0,272.837,85.7902,91.7779
3.525,1.68727,-0.345144,0.366802,101.269,0,0,275.297,85.8157,92.3285
3.55,1.69415,-0.399884,0.383799,101.269,0,0,277.764,85.978,92.8249
3.575,1.69975,-0.440658,0.402094,101.269,0,0,280.231,86.2466,93.2699
3.6,1.70404,-0.465291,0.422134,101.269,0,0,282.699,86.5847,93.6663
3.625,1.70716,-0.472528,0.444134,101.269,0,0,285.169,86.9508,94.016
3.65,1.70946,-0.462099,0.468034,101.269,0,0,287.647,87.3018,94.321
3.675,1.71146,-0.434737,0.493534,101.269,0,0,290.138,87.5947,94.5822
3.70001,1.71382,-0.392145,0.520189,101.269,0,0,292.643,87.7892,94.8003
3.72501,1.71715,-0.3369,0.547511,101.269,0,0,295.157,87.85,94.9757
3.75001,1.72196,-0.27231,0.575051,101.269,0,0,297.673,87.7494,95.1085
3.77501,1.72861,-0.202218,0.602403,101.269,0,0,300.176,87.4694,95.1988
3.80001,1.73727,-0.130776,0.629178,101.269,0,0,302.654,87.003,95.2467
3.82501,1.74788,-0.0622043,0.65493,101.269,0,0,305.09,86.3551,95.2528
3.85001,1.76022,-0.000533257,0.679097,101.269,0,0,307.476,85.5414,95.2179
3.87501,1.77387,0.0506335,0.700965,101.269,0,0,309.808,84.5867,95.1431
3.90001,1.78827,0.0883329,0.719679,101.269,0,0,312.092,83.5227,95.0297
3.92501,1.80282,0.110412,0.73433,101.269,0,0,314.337,82.3859,94.8796
3.95001,1.81702,0.11564,0.744079,101.269,0,0,316.563,81.2151,94.6948
3.97501,1.83059,0.103769,0.748303,101.269,0,0,318.789,80.0504,94.4777
4.00001,1.84355,0.0755295,0.746695,101.269,0,0,321.035,78.9316,94.2311
4.02501,1.85625,0.0325847,0.739289,101.269,0,0,323.319,77.897,93.9583
4.05001,1.86928,-0.0225626,0.72642,101.269,0,0,325.65,76.9819,93.6632
4.07501,1.88336,-0.0867046,0.708648,101.269,0,0,328.031,76.2165,93.3501
4.10001,1.89912,-0.156104,0.686703,101.269,0,0,330.46,75.6237,93.0237
4.12501,1.91703,-0.22671,0.66148,101.269,0,0,332.925,75.2166,92.6894
4.15001,1.93719,-0.294402,0.63409,101.269,0,0,335.414,74.9976,92.3525
4.17501,1.95928,-0.35525,0.605938,101.269,0,0,337.913,74.9573,92.0185
4.20001,1.98248,-0.405772,0.578763,101.269,0,0,340.41,75.0754,91.6924
4.22501,2.00554,-0.443144,0.554591,101.269,0,0,342.9,75.3223,91.3791
4.25001,2.02702,-0.465362,0.535508,101.269,0,0,345.381,75.6614,91.0829
4.27501,2.04562,-0.471311,0.523315,101.269,0,0,347.857,76.0511,90.8077
4.30001,2.0606,-0.460764,0.519149,101.269,0,0,350.335,76.4475,90.5566
4.32501,2.07192,-0.434343,0.523253,101.269,0,0,352.821,76.8062,90.3323
4.35001,2.08031,-0.393455,0.53497,101.269,0,0,355.319,77.0852,90.1367
4.37501,2.08695,-0.340233,0.552956,101.269,0,0,357.83,77.2461,89.9716
4.40001,2.0932,-0.277443,0.575475,101.269,0,0,360.347,77.2577,89.8378
4.42501,2.10024,-0.208358,0.600636,101.269,0,0,362.861,77.0974,89.7359
4.45001,2.10889,-0.136582,0.626537,101.269,0,0,365.358,76.7534,89.666
4.47501,2.11947,-0.0658236,0.651285,101.269,0,0,367.823,76.2255,89.6276
4.50001,2.13184,0.00034406,0.672977,101.269,0,0,370.245,75.5247,89.6202
4.52501,2.14541,0.0587141,0.689683,101.269,0,0,372.617,74.6722,89.643
4.55001,2.15929,0.10664,0.699494,101.269,0,0,374.942,73.6969,89.6954
4.57501,2.17249,0.142167,0.70066,101.269,0,0,377.227,72.6332,89.7771
4.60001,2.1842,0.164108,0.691797,101.269,0,0,379.486,71.519,89.8885
4.62501,2.19397,0.172057,0.672103,101.269,0,0,381.738,70.3939,90.0303
4.65001,2.20188,0.166378,0.6415,101.269,0,0,384.003,69.2974,90.2044
4.67501,2.20854,0.148189,0.600659,101.269,0,0,386.295,68.2681,90.4132
4.70001,2.21498,0.119322,0.550894,101.269,0,0,388.627,67.3418,90.66
4.72501,2.22233,0.0822627,0.493989,101.269,0,0,391.003,66.5496,90.9485
4.75001,2.23163,0.0400352,0.432029,101.269,0,0,393.42,65.9159,91.2829
4.77501,2.24356,-0.00398045,0.367287,101.269,0,0,395.869,65.4558,91.6672
4.80001,2.2583,-0.0462844,0.302181,101.269,0,0,398.336,65.1737,92.1052
4.82501,2.27549,-0.0835226,0.239263,101.269,0,0,400.805,65.0625,92.6004
4.85001,2.2943,-0.112742,0.181174,101.269,0,0,403.264,65.1038,93.1554
4.87501,2.3136,-0.131591,0.130524,101.269,0,0,405.704,65.27,93.7723
4.90001,2.33222,-0.13844,0.0896772,101.269,0,0,408.118,65.5256,94.4522
4.92501,2.34929,-0.132417,0.0604892,101.269,0,0,410.508,65.8305,95.1957
4.95001,2.36443,-0.113376,0.0440843,101.269,0,0,412.877,66.1419,96.0028
4.97501,2.37789,-0.0818494,0.0407377,101.269,0,0,415.228,66.4168,96.8727
5.00001,2.39046,-0.038995,0.0499006,101.269,0,0,417.562,66.6145,97.8041
5.02501,2.40332,0.0134448,0.0703332,101.269,0,0,419.879,66.6984,98.7952
5.05001,2.41773,0.0732038,0.100279,101.269,0,0,422.172,66.6385,99.8431
5.07501,2.43477,0.137594,0.137605,101.269,0,0,424.428,66.4131,100.945
5.10001,2.45506,0.203673,0.179873,101.269,0,0,426.635,66.0108,102.096
5.12501,2.47856,0.268462,0.22433,101.269,0,0,428.776,65.4308,103.293
5.15001,2.50447,0.329208,0.267878,101.269,0,0,430.842,64.6824,104.53
5.17501,2.53124,0.383603,0.307089,101.269,0,0,432.824,63.7837,105.802
5.20001,2.55668,0.429949,0.338343,101.269,0,0,434.724,62.7594,107.106
5.22501,2.57832,0.467182,0.358129,101.269,0,0,436.549,61.6382,108.436
5.25001,2.59386,0.494783,0.363469,101.269,0,0,438.315,60.4508,109.789
5.27501,2.60156,0.512608,0.35238,101.269,0,0,440.041,59.2283,111.162
5.30001,2.60072,0.520731,0.324233,101.269,0,0,441.749,58.0014,112.554
5.32501,2.59177,0.51938,0.279929,101.269,0,0,443.461,56.7994,113.962
5.35001,2.57624,0.509004,0.221804,101.269,0,0,445.195,55.6499,115.386
5.37501,2.55648,0.490425,0.153312,101.269,0,0,446.965,54.5776,116.827
5.40001,2.53517,0.465001,0.0785345,101.269,0,0,448.778,53.6031,118.284
5.42501,2.51483,0.434689,0.00168915,101.269,0,0,450.633,52.7415,119.757
5.45001,2.49745,0.401969,-0.0732647,101.269,0,0,452.527,52.0003,121.248
5.47501,2.48436,0.369642,-0.142837,101.269,0,0,454.449,51.3789,122.757
5.50001,2.47616,0.340547,-0.204066,101.269,0,0,456.39,50.8678,124.283
5.52501,2.47297,0.317274,-0.254503,101.269,0,0,458.34,50.4491,125.826
5.55001,2.47459,0.301923,-0.292176,101.269,0,0,460.291,50.0979,127.385
5.57501,2.48079,0.295923,-0.315597,101.269,0,0,462.237,49.7839,128.958
5.60001,2.49149,0.299929,-0.32378,101.269,0,0,464.173,49.4738,130.544
5.62501,2.50686,0.313774,-0.316284,101.269,0,0,466.095,49.1329,132.139
5.65001,2.52732,0.336484,-0.293232,101.269,0,0,467.999,48.7279,133.742
5.67501,2.55347,0.366331,-0.255335,101.269,0,0,469.877,48.2285,135.349
5.70001,2.58582,0.400961,-0.203928,101.269,0,0,471.719,47.6099,136.956
5.72501,2.62454,0.437599,-0.141042,101.269,0,0,473.513,46.8544,138.558
5.75001,2.66912,0.473338,-0.0695182,101.269,0,0,475.246,45.9526,140.153
5.77501,2.71817,0.505496,0.00691745,101.269,0,0,476.905,44.9036,141.735
5.80001,2.76936,0.531971,0.0836976,101.269,0,0,478.483,43.7149,143.301
5.82501,2.8196,0.551507,0.155694,101.269,0,0,479.978,42.4004,144.848
5.85001,2.86554,0.563758,0.217729,101.269,0,0,481.397,40.9789,146.372
5.87501,2.90412,0.569134,0.265203,101.269,0,0,482.754,39.472,147.871
5.90001,2.93308,0.568465,0.294635,101.269,0,0,484.07,37.9026,149.343
5.92501,2.9512,0.562633,0.304005,101.269,0,0,485.371,36.2939,150.784
5.95001,2.95841,0.55228,0.292864,101.269,0,0,486.686,34.6697,152.195
5.97501,2.95565,0.537699,0.262276,101.269,0,0,488.047,33.0539,153.572
6.00001,2.94474,0.518903,0.214653,101.269,0,0,489.48,31.4712,154.914
6.02501,2.92812,0.495826,0.153502,101.269,0,0,491.006,29.9463,156.219
6.05001,2.90855,0.468585,0.08309,101.269,0,0,492.64,28.5031,157.485
6.07501,2.88878,0.437679,0.00805952,101.269,0,0,494.389,27.1624,158.711
6.10001,2.87121,0.404072,-0.0669447,101.269,0,0,496.249,25.94,159.894
6.12501,2.85765,0.369129,-0.137579,101.269,0,0,498.214,24.8439,161.032
6.15001,2.84922,0.334426,-0.199993,101.269,0,0,500.268,23.873,162.125
6.17501,2.84636,0.30151,-0.250933,101.269,0,0,502.397,23.0162,163.17
6.20001,2.849,0.271662,-0.287792,101.269,0,0,504.584,22.2526,164.166
6.22501,2.85673,0.24573,-0.308653,101.269,0,0,506.814,21.5529,165.111
6.25001,2.86893,0.224036,-0.312356,101.269,0,0,509.075,20.8819,166.003
6.27501,2.88493,0.206379,-0.298562,101.269,0,0,511.354,20.2008,166.841
6.30001,2.90408,0.192093,-0.267814,101.269,0,0,513.638,19.4699,167.622
6.32502,2.92571,0.180174,-0.221558,101.269,0,0,515.911,18.6521,168.343
6.35002,2.94913,0.169433,-0.162119,101.269,0,0,518.157,17.7154,169.003
6.37502,2.97356,0.158662,-0.0926098,101.269,0,0,520.356,16.6357,169.6
6.40002,2.9982,0.146801,-0.0167679,101.269,0,0,522.487,15.3987,170.132
6.42502,3.02218,0.133064,0.0612552,101.269,0,0,524.533,14.0009,170.597
6.45002,3.04476,0.117012,0.137154,101.269,0,0,526.479,12.449,170.995
6.47502,3.06536,0.0985496,0.206737,101.269,0,0,528.32,10.7585,171.326
6.50002,3.08372,0.0778664,0.266184,101.269,0,0,530.059,8.95167,171.59
6.52502,3.09991,0.055346,0.31226,101.269,0,0,531.708,7.05446,171.788
6.55002,3.11435,0.0314723,0.342484,101.269,0,0,533.289,5.09481,171.92
6.57502,3.12772,0.00676431,0.355245,101.269,0,0,534.832,3.10115,171.988
6.60002,3.14088,-0.0182509,0.349874,101.269,0,0,536.368,1.10184,171.992
6.62502,3.15471,-0.0430385,0.326669,101.269,0,0,537.933,-0.874771,171.93
6.65002,3.17003,-0.0670503,0.286882,101.269,0,0,539.556,-2.80022,171.804
6.67502,3.1874,-0.0897375,0.232662,101.269,0,0,541.262,-4.64618,171.611
6.70002,3.20708,-0.110601,0.166959,101.269,0,0,543.069,-6.38556,171.352
6.72502,3.229,-0.129276,0.0933755,101.269,0,0,544.982,-7.99434,171.026
6.75002,3.25271,-0.145637,0.0159805,101.269,0,0,547,-9.45405,170.632
6.77502,3.27752,-0.15988,-0.0609313,101.269,0,0,549.11,-10.7543,170.171
6.80002,3.30255,-0.172561,-0.133103,101.269,0,0,551.296,-11.8945,169.644
6.82502,3.3269,-0.184563,-0.196581,101.269,0,0,553.538,-12.8851,169.053
6.85002,3.34972,-0.196989,-0.247959,101.269,0,0,555.816,-13.7466,168.399
6.87502,3.3702,-0.211016,-0.28456,101.269,0,0,558.111,-14.5083,167.685
6.90002,3.38761,-0.227717,-0.30456,101.269,0,0,560.408,-15.2061,166.913
6.92502,3.40125,-0.247891,-0.307042,101.269,0,0,562.692,-15.8792,166.086
6.95002,3.41045,-0.271928,-0.291994,101.269,0,0,564.952,-16.5673,165.204
6.97502,3.41457,-0.299717,-0.260266,101.269,0,0,567.175,-17.3077,164.27
7.00002,3.41314,-0.330624,-0.2135,101.269,0,0,569.345,-18.1325,163.286
7.02502,3.40599,-0.363549,-0.154077,101.269,0,0,571.447,-19.0661,162.254
7.05002,3.39344,-0.397076,-0.0850619,101.269,0,0,573.465,-20.1236,161.174
7.07502,3.37642,-0.429687,-0.0101526,101.269,0,0,575.384,-21.3101,160.05
7.10002,3.35655,-0.46001,0.0664066,101.269,0,0,577.194,-22.6208,158.881
7.12502,3.33608,-0.48703,0.139997,101.269,0,0,578.888,-24.0425,157.671
7.15002,3.31765,-0.510192,0.205903,101.269,0,0,580.47,-25.5558,156.421
7.17502,3.30404,-0.529364,0.25967,101.269,0,0,581.952,-27.1376,155.132
7.20002,3.29779,-0.544662,0.297483,101.269,0,0,583.353,-28.7631,153.808
7.22502,3.30094,-0.556193,0.31651,101.269,0,0,584.698,-30.4072,152.449
7.25002,3.31476,-0.563824,0.315164,101.269,0,0,586.017,-32.0453,151.058
7.27502,3.33958,-0.567042,0.293289,101.269,0,0,587.34,-33.6535,149.636
7.30002,3.37468,-0.565003,0.252265,101.269,0,0,588.696,-35.208,148.185
7.32502,3.41826,-0.556751,0.194983,101.269,0,0,590.107,-36.6854,146.708
7.35002,3.46758,-0.541572,0.125625,101.269,0,0,591.592,-38.0631,145.206
7.37502,3.51936,-0.519372,0.0492186,101.269,0,0,593.16,-39.3209,143.684
7.40002,3.57032,-0.490927,-0.0289659,101.269,0,0,594.811,-40.4424,142.144
7.42502,3.61772,-0.45792,-0.104006,101.269,0,0,596.541,-41.4175,140.59
7.45002,3.6597,-0.422758,-0.171724,101.269,0,0,598.338,-42.2436,139.026
7.47502,3.69534,-0.388245,-0.228844,101.269,0,0,600.189,-42.927,137.457
7.50002,3.72451,-0.357206,-0.27296,101.269,0,0,602.081,-43.4826,135.886
7.52502,3.74757,-0.332162,-0.30243,101.269,0,0,604.003,-43.933,134.317
7.55002,3.76508,-0.315091,-0.316286,101.269,0,0,605.946,-44.3071,132.754
7.57502,3.77754,-0.307261,-0.314168,101.269,0,0,607.905,-44.6377,131.2
7.60002,3.78522,-0.30915,-0.296308,101.269,0,0,609.874,-44.9597,129.658
7.62502,3.78816,-0.320421,-0.263495,101.269,0,0,611.849,-45.3077,128.13
7.65002,3.7862,-0.339941,-0.217053,101.269,0,0,613.825,-45.7138,126.617
7.67502,3.77916,-0.365871,-0.158813,101.269,0,0,615.794,-46.2054,125.121
7.70002,3.76708,-0.39582,-0.091101,101.269,0,0,617.747,-46.8033,123.642
7.72502,3.75043,-0.427066,-0.0167667,101.269,0,0,619.672,-47.5204,122.18
7.75002,3.73033,-0.45684,0.0607981,101.269,0,0,621.561,-48.3607,120.736
7.77502,3.70859,-0.482606,0.137693,101.269,0,0,623.405,-49.3193,119.309
7.80002,3.68762,-0.502301,0.209677,101.269,0,0,625.204,-50.3836,117.899
7.82502,3.6701,-0.514449,0.272512,101.269,0,0,626.961,-51.5346,116.504
7.85002,3.65851,-0.518128,0.322435,101.269,0,0,628.689,-52.7488,115.125
7.87502,3.65471,-0.512833,0.356653,101.269,0,0,630.403,-53.9993,113.763
7.90002,3.6595,-0.498295,0.373723,101.269,0,0,632.126,-55.2571,112.418
7.92502,3.67256,-0.474375,0.373722,101.269,0,0,633.879,-56.492,111.092
7.95002,3.6925,-0.441087,0.358168,101.269,0,0,635.685,-57.6728,109.787
7.97502,3.71717,-0.398727,0.329724,101.269,0,0,637.562,-58.7685,108.508
8.00002,3.74409,-0.348064,0.291778,101.269,0,0,639.519,-59.7491,107.257
8.02502,3.77093,-0.29047,0.247991,101.269,0,0,641.561,-60.588,106.04
8.05002,3.79583,-0.227951,0.201943,101.269,0,0,643.684,-61.2644,104.861
8.07502,3.81768,-0.163041,0.156932,101.269,0,0,645.879,-61.7652,103.725
8.10002,3.83614,-0.0985914,0.115902,101.269,0,0,648.13,-62.087,102.638
8.12502,3.8516,-0.0375276,0.0814706,101.269,0,0,650.424,-62.2374,101.602
8.15002,3.86497,0.0173958,0.0559431,101.269,0,0,652.747,-62.2343,100.623
8.17502,3.8775,0.0637812,0.0412757,101.269,0,0,655.091,-62.1049,99.7017
8.20002,3.89044,0.0997125,0.0389604,101.269,0,0,657.451,-61.8836,98.8416
8.22502,3.90478,0.123825,0.0498559,101.269,0,0,659.827,-61.6104,98.0438
8.25002,3.92104,0.135346,0.0740299,101.269,0,0,662.223,-61.3278,97.3094
8.27502,3.93909,0.134144,0.110683,101.269,0,0,664.641,-61.079,96.6386
8.30002,3.95825,0.120775,0.158206,101.269,0,0,667.082,-60.9059,96.031
8.32502,3.97746,0.0965291,0.214367,101.269,0,0,669.543,-60.8458,95.4856
8.35002,3.99555,0.0634309,0.276567,101.269,0,0,672.016,-60.9298,95.0007
8.37502,4.01153,0.024157,0.342081,101.269,0,0,674.488,-61.1796,94.5737
8.40001,4.02482,-0.0181302,0.40823,101.269,0,0,676.944,-61.6066,94.2013
8.42501,4.03541,-0.0600171,0.472455,101.269,0,0,679.371,-62.2104,93.8799
8.45001,4.04376,-0.098103,0.532347,101.269,0,0,681.756,-62.9796,93.6052
8.47501,4.05078,-0.129251,0.585678,101.269,0,0,684.095,-63.8929,93.3732
8.50001,4.05759,-0.15079,0.630487,101.269,0,0,686.389,-64.9215,93.1798
8.52501,4.06527,-0.160652,0.665236,101.269,0,0,688.648,-66.0311,93.0216
8.55001,4.07457,-0.157456,0.688981,101.269,0,0,690.887,-67.1843,92.8957
8.57501,4.08577,-0.140543,0.701512,101.269,0,0,693.125,-68.3418,92.8002
8.60001,4.0986,-0.110011,0.703376,101.269,0,0,695.382,-69.4642,92.7337
8.62501,4.11233,-0.0667281,0.695772,101.269,0,0,697.675,-70.5132,92.6957
8.65001,4.12601,-0.012332,0.680356,101.269,0,0,700.014,-71.4529,92.6865
8.67501,4.13868,0.0508153,0.659025,101.269,0,0,702.405,-72.2521,92.7065
8.70001,4.14961,0.119736,0.633748,101.269,0,0,704.845,-72.8864,92.7565
8.72501,4.15848,0.191008,0.606489,101.269,0,0,707.323,-73.3407,92.8373
8.75001,4.16545,0.260984,0.579206,101.269,0,0,709.828,-73.6106,92.9492
8.77501,4.17122,0.326037,0.553877,101.269,0,0,712.343,-73.7034,93.0925
8.80001,4.1769,0.382789,0.532501,101.269,0,0,714.857,-73.6374,93.2669
8.82501,4.18388,0.428306,0.517003,101.269,0,0,717.363,-73.4409,93.4715
8.85001,4.19355,0.460241,0.509018,101.269,0,0,719.857,-73.1497,93.7051
8.87501,4.20691,0.476927,0.509579,101.269,0,0,722.341,-72.8048,93.9658
8.90001,4.22426,0.477442,0.518849,101.269,0,0,724.821,-72.4499,94.2512
8.92501,4.24513,0.461663,0.536011,101.269,0,0,727.303,-72.1294,94.5582
8.95001,4.26833,0.430331,0.559422,101.269,0,0,729.792,-71.8862,94.8833
8.97501,4.29236,0.385068,0.58696,101.269,0,0,732.287,-71.7588,95.2224
9.00001,4.31576,0.328355,0.616431,101.269,0,0,734.784,-71.7799,95.5708
9.02501,4.33745,0.263404,0.645858,101.269,0,0,737.273,-71.9732,95.9233
9.05,4.35685,0.193974,0.673614,101.269,0,0,739.741,-72.352,96.2748
9.075,4.37388,0.124118,0.698408,101.269,0,0,742.173,-72.9182,96.6198
9.1,4.38887,0.0579259,0.719209,101.269,0,0,744.559,-73.6625,96.9529
9.125,4.40243,-0.000732336,0.735175,101.269,0,0,746.891,-74.5653,97.2693
9.15,4.41528,-0.0484361,0.745636,101.269,0,0,749.172,-75.5989,97.5645
9.175,4.42809,-0.0824044,0.750124,101.269,0,0,751.41,-76.7299,97.8345
9.2,4.44134,-0.100646,0.748451,101.269,0,0,753.619,-77.9212,98.0758
9.225,4.45522,-0.102065,0.740772,101.269,0,0,755.82,-79.1336,98.2855
9.25,4.46956,-0.0865295,0.727592,101.269,0,0,758.034,-80.3276,98.461
9.275,4.48393,-0.0548881,0.70969,101.269,0,0,760.281,-81.4639,98.6002
9.3,4.49772,-0.00893886,0.687991,101.269,0,0,762.575,-82.5053,98.7011
9.325,4.51033,0.0486608,0.663422,101.269,0,0,764.924,-83.4182,98.7623
9.35,4.52126,0.114542,0.636804,101.269,0,0,767.329,-84.1749,98.7824
9.375,4.53017,0.18482,0.608814,101.269,0,0,769.783,-84.7557,98.7606
9.4,4.53697,0.255329,0.580005,101.269,0,0,772.272,-85.1514,98.6961
9.425,4.54175,0.321871,0.550864,101.269,0,0,774.781,-85.3642,98.5886
9.45,4.54485,0.380467,0.521883,101.269,0,0,777.298,-85.4077,98.438
9.475,4.5468,0.427593,0.493608,101.269,0,0,779.81,-85.306,98.2441
9.5,4.54828,0.46039,0.466633,101.269,0,0,782.311,-85.0917,98.0065
9.525,4.55001,0.476822,0.441535,101.269,0,0,784.8,-84.8036,97.7249
9.55,4.55262,0.47579,0.418747,101.269,0,0,787.28,-84.4839,97.3981
9.575,4.55654,0.457189,0.398436,101.269,0,0,789.755,-84.1762,97.0248
9.6,4.56195,0.421904,0.380444,101.269,0,0,792.228,-83.9228,96.6029
9.625,4.56879,0.371766,0.364318,101.269,0,0,794.699,-83.7626,96.13
9.65,4.57688,0.309444,0.349403,101.269,0,0,797.165,-83.7289,95.6032
9.675,4.58605,0.238307,0.33496,101.269,0,0,799.615,-83.8465,95.0198
9.7,4.59622,0.16224,0.320261,101.269,0,0,802.036,-84.1305,94.377
9.72499,4.60739,0.0854234,0.304648,101.269,0,0,804.413,-84.5847,93.6725
9.74999,4.61967,0.012109,0.287584,101.269,0,0,806.734,-85.2016,92.9045
9.77499,4.63318,-0.0536241,0.268692,101.269,0,0,808.989,-85.9634,92.0717
9.79999,4.64798,-0.108098,0.247803,101.269,0,0,811.174,-86.8442,91.1736
9.82499,4.66402,-0.14825,0.225012,101.269,0,0,813.293,-87.812,90.21
9.84999,4.68103,-0.171813,0.20069,101.269,0,0,815.358,-88.8314,89.1813
9.87499,4.69854,-0.177454,0.175452,101.269,0,0,817.381,-89.8654,88.0881
9.89999,4.71599,-0.164862,0.150052,101.269,0,0,819.38,-90.8771,86.9313
9.92499,4.73282,-0.134771,0.125239,101.269,0,0,821.371,-91.8306,85.7118
9.94999,4.74858,-0.0889072,0.10161,101.269,0,0,823.364,-92.6928,84.4309
9.97499,4.76301,-0.0298922,0.079522,101.269,0,0,825.367,-93.4342,83.0901
9.99999,4.77603,0.0389234,0.0590638,101.269,0,0,827.377,-94.0312,81.6914
10.025,4.78769,0.113654,0.0400865,101.269,0,0,829.39,-94.4671,80.2371
10.05,4.79809,0.190103,0.022252,101.269,0,0,831.394,-94.7342,78.7302
10.075,4.80731,0.264003,0.00508628,101.269,0,0,833.375,-94.8342,77.1741
10.1,4.81539,0.33125,-0.0119701,101.269,0,0,835.321,-94.7778,75.5722
10.125,4.82229,0.388136,-0.0295085,101.269,0,0,837.223,-94.584,73.9286
10.15,4.82795,0.431551,-0.0480828,101.269,0,0,839.077,-94.2777,72.2467
10.175,4.83238,0.459156,-0.068125,101.269,0,0,840.882,-93.8878,70.5301
10.2,4.8357,0.469509,-0.0898639,101.269,0,0,842.645,-93.4455,68.7818
10.225,4.83825,0.462152,-0.113281,101.269,0,0,844.372,-92.9817,67.0042
10.25,4.8405,0.43763,-0.138135,101.269,0,0,846.073,-92.5262,65.1994
10.275,4.84306,0.397474,-0.164038,101.269,0,0,847.756,-92.1064,63.3686
10.3,4.84652,0.34411,-0.190561,101.269,0,0,849.425,-91.7458,61.5131
10.325,4.85137,0.280724,-0.217302,101.269,0,0,851.081,-91.4631,59.6335
10.35,4.85798,0.211077,-0.243902,101.269,0,0,852.724,-91.2706,57.7305
10.375,4.86651,0.139287,-0.270018,101.269,0,0,854.349,-91.1741,55.8044
10.4,4.87697,0.0695836,-0.295259,101.269,0,0,855.95,-91.1719,53.8561
10.425,4.88917,0.00605762,-0.319123,101.269,0,0,857.522,-91.2553,51.8862
10.45,4.90272,-0.0475824,-0.34095,101.269,0,0,859.062,-91.4092,49.8958
10.475,4.91711,-0.0882297,-0.359935,101.269,0,0,860.571,-91.6139,47.886
10.5,4.93175,-0.113558,-0.375185,101.269,0,0,862.052,-91.8458,45.8582
10.525,4.94611,-0.122149,-0.385846,101.269,0,0,863.51,-92.0798,43.8142
10.55,4.95984,-0.113559,-0.391246,101.269,0,0,864.952,-92.2896,41.7559
10.575,4.97292,-0.0883326,-0.391004,101.269,0,0,866.382,-92.4497,39.6855
10.6,4.98562,-0.0479595,-0.385077,101.269,0,0,867.805,-92.5361,37.6056
10.625,4.99848,0.00520577,-0.373732,101.269,0,0,869.221,-92.5277,35.5189
10.65,5.01218,0.0680734,-0.35747,101.269,0,0,870.626,-92.4075,33.4285
10.675,5.02738,0.136986,-0.336966,101.269,0,0,872.014,-92.164,31.3377
10.7,5.04459,0.207928,-0.313055,101.269,0,0,873.377,-91.7918,29.2498
10.725,5.064,0.276762,-0.286767,101.269,0,0,874.709,-91.2919,27.1682
10.75,5.08541,0.339489,-0.2594,101.269,0,0,876.005,-90.6715,25.0959
10.775,5.10812,0.392506,-0.232581,101.269,0,0,877.263,-89.9429,23.036
10.8,5.13099,0.432829,-0.208234,101.269,0,0,878.489,-89.1223,20.9911
10.825,5.15263,0.458265,-0.188403,101.269,0,0,879.693,-88.2283,18.9637
10.85,5.17175,0.467506,-0.174936,101.269,0,0,880.889,-87.2813,16.9559
10.875,5.18746,0.460144,-0.169103,101.269,0,0,882.096,-86.3025,14.9696
10.9,5.19959,0.436638,-0.171335,101.269,0,0,883.332,-85.314,13.0066
10.925,5.20871,0.398256,-0.18117,101.269,0,0,884.616,-84.3378,11.0687
10.95,5.21589,0.347011,-0.197422,101.269,0,0,885.965,-83.3963,9.15756
10.975,5.22244,0.285576,-0.21846,101.269,0,0,887.39,-82.5107,7.27478
11,5.22956,0.217162,-0.242461,101.269,0,0,888.895,-81.6996,5.42197
11.025,5.23813,0.145345,-0.267564,101.269,0,0,890.482,-80.9776,3.60067
11.05,5.24855,0.0738527,-0.291914,101.269,0,0,892.147,-80.3533,1.81233
11.075,5.26076,0.00632083,-0.313639,101.269,0,0,893.88,-79.8278,0.0583552
11.1,5.27424,-0.0539385,-0.330837,101.269,0,0,895.674,-79.3941,-1.65989
11.125,5.28816,-0.104142,-0.341603,101.269,0,0,897.519,-79.0372,-3.34102
11.15,5.30154,-0.142179,-0.344155,101.269,0,0,899.408,-78.7346,-4.9835
11.175,5.3135,-0.166698,-0.33703,101.269,0,0,901.336,-78.4582,-6.58561
11.2,5.32353,-0.177134,-0.319307,101.269,0,0,903.297,-78.1755,-8.14536
11.225,5.33161,-0.173701,-0.290765,101.269,0,0,905.287,-77.8525,-9.66043
11.25,5.33828,-0.157375,-0.251934,101.269,0,0,907.298,-77.4549,-11.1283
11.275,5.34449,-0.129863,-0.204011,101.269,0,0,909.321,-76.9515,-12.5461
11.3,5.3514,-0.0935476,-0.148687,101.269,0,0,911.344,-76.3159,-13.9111
11.325,5.36009,-0.0513802,-0.0879721,101.269,0,0,913.349,-75.5294,-15.2206
11.35,5.37132,-0.00671424,-0.0240726,101.269,0,0,915.322,-74.5817,-16.4722
11.375,5.38541,0.0369245,0.0406621,101.269,0,0,917.247,-73.4725,-17.6641
11.4,5.40208,0.0761021,0.103749,101.269,0,0,919.114,-72.2104,-18.7946
11.425,5.4206,0.107738,0.162598,101.269,0,0,920.92,-70.8122,-19.863
11.45,5.43988,0.12932,0.214615,101.269,0,0,922.669,-69.3001,-20.8685
11.475,5.45872,0.139047,0.25739,101.269,0,0,924.375,-67.7006,-21.8107
11.5,5.47618,0.13588,0.288962,101.269,0,0,926.06,-66.0426,-22.6894
11.525,5.49174,0.119524,0.308054,101.269,0,0,927.748,-64.356,-23.5042
11.55,5.50551,0.090382,0.314217,101.269,0,0,929.468,-62.6719,-24.2542
11.575,5.51819,0.0495001,0.307838,101.269,0,0,931.248,-61.0219,-24.9389
11.6,5.53088,-0.00147506,0.290022,101.269,0,0,933.109,-59.4376,-25.5572
11.625,5.54485,-0.0603527,0.262418,101.269,0,0,935.069,-57.9497,-26.1082
11.65,5.56123,-0.124492,0.227069,101.269,0,0,937.133,-56.5857,-26.5914
11.675,5.58074,-0.190955,0.186331,101.269,0,0,939.301,-55.368,-27.0066
11.7,5.60349,-0.256722,0.142858,101.269,0,0,941.563,-54.3105,-27.354
11.725,5.62885,-0.318939,0.0996494,101.269,0,0,943.904,-53.4173,-27.6347
11.75,5.65541,-0.37516,0.0600428,101.269,0,0,946.306,-52.6812,-27.8501
11.775,5.68109,-0.423522,0.0276137,101.269,0,0,948.751,-52.0836,-28.0023
11.8,5.70347,-0.462804,0.00590703,101.269,0,0,951.223,-51.5962,-28.0934
11.825,5.72015,-0.49236,-0.00197126,101.269,0,0,953.71,-51.1827,-28.1256
11.85,5.72929,-0.511965,0.0061796,101.269,0,0,956.203,-50.802,-28.101
11.875,5.72996,-0.521647,0.0312581,101.269,0,0,958.692,-50.4105,-28.0215
11.9,5.7224,-0.521609,0.0726479,101.269,0,0,961.171,-49.9656,-27.8886
11.925,5.70798,-0.51227,0.128258,101.269,0,0,963.627,-49.4282,-27.7036
11.95,5.68894,-0.494404,0.194815,101.269,0,0,966.049,-48.766,-27.4675
11.975,5.66793,-0.469308,0.268332,101.269,0,0,968.419,-47.955,-27.1815
12,5.64754,-0.438876,0.34462,101.269,0,0,970.72,-46.9824,-26.8465
12.025,5.62985,-0.405554,0.419695,101.269,0,0,972.938,-45.8462,-26.4638
12.05,5.61627,-0.372144,0.490023,101.269,0,0,975.061,-44.5554,-26.0347
12.075,5.6075,-0.341534,0.552589,101.269,0,0,977.084,-43.1279,-25.5608
12.1,5.6037,-0.316406,0.604883,101.269,0,0,979.013,-41.5883,-25.0437
12.125,5.60469,-0.298986,0.644871,101.269,0,0,980.86,-39.9657,-24.4853
12.15,5.6102,-0.29085,0.670982,101.269,0,0,982.648,-38.291,-23.8873
12.175,5.62009,-0.292812,0.682141,101.269,0,0,984.404,-36.5961,-23.2518
12.2,5.63447,-0.304868,0.677799,101.269,0,0,986.157,-34.9128,-22.5808
12.225,5.65373,-0.326194,0.657968,101.269,0,0,987.939,-33.2727,-21.8766
12.25,5.67844,-0.3552,0.623234,101.269,0,0,989.773,-31.7069,-21.1418
12.275,5.70918,-0.389632,0.574789,101.269,0,0,991.681,-30.2451,-20.3795
12.3,5.74622,-0.426766,0.514491,101.269,0,0,993.673,-28.9143,-19.5931
12.325,5.78928,-0.463668,0.444972,101.269,0,0,995.751,-27.7365,-18.7867
12.35,5.83719,-0.497548,0.36973,101.269,0,0,997.91,-26.7265,-17.9647
12.375,5.88783,-0.526117,0.293127,101.269,0,0,1000.14,-25.8899,-17.132
12.4,5.93826,-0.54788,0.220176,101.269,0,0,1002.42,-25.2217,-16.2936
12.425,5.98516,-0.562257,0.156074,101.269,0,0,1004.74,-24.7061,-15.4544
12.45,6.02533,-0.569478,0.105589,101.269,0,0,1007.09,-24.3178,-14.6191
12.475,6.0563,-0.570278,0.0724788,101.269,0,0,1009.45,-24.0234,-13.7919
12.5,6.0766,-0.56553,0.0590867,101.269,0,0,1011.83,-23.7842,-12.9767
12.525,6.08593,-0.555929,0.0661829,101.269,0,0,1014.21,-23.5581,-12.1767
12.55,6.08505,-0.541843,0.0929868,101.269,0,0,1016.59,-23.3028,-11.3945
12.575,6.07563,-0.523349,0.137319,101.269,0,0,1018.97,-22.9783,-10.6322
12.6,6.06006,-0.500417,0.195848,101.269,0,0,1021.34,-22.5491,-9.89099
12.625,6.04107,-0.473157,0.264419,101.269,0,0,1023.69,-21.9871,-9.17177
12.65,6.02144,-0.442043,0.33844,101.269,0,0,1026.01,-21.2734,-8.47469
12.6749,6.00366,-0.408008,0.413263,101.269,0,0,1028.28,-20.3997,-7.79946
12.6999,5.98964,-0.372407,0.484503,101.269,0,0,1030.48,-19.3682,-7.14538
12.7249,5.98058,-0.336836,0.54824,101.269,0,0,1032.62,-18.1914,-6.5115
12.7499,5.97701,-0.3029,0.601129,101.269,0,0,1034.69,-16.8899,-5.89686
12.7749,5.97893,-0.271969,0.640455,101.269,0,0,1036.7,-15.4904,-5.30067
12.7999,5.98593,-0.244997,0.664175,101.269,0,0,1038.67,-14.0233,-4.72255
12.8249,5.99741,-0.222418,0.670975,101.269,0,0,1040.61,-12.5217,-4.16276
12.8499,6.01272,-0.204131,0.660345,101.269,0,0,1042.57,-11.0196,-3.62234
12.8749,6.03121,-0.189552,0.632641,101.269,0,0,1044.55,-9.55165,-3.10325
12.8999,6.05222,-0.177723,0.58912,101.269,0,0,1046.59,-8.15227,-2.60834
12.9249,6.07512,-0.167464,0.531923,101.269,0,0,1048.7,-6.85464,-2.14134
12.9499,6.09919,-0.157532,0.464001,101.269,0,0,1050.89,-5.68908,-1.70667
12.9749,6.12366,-0.14679,0.388968,101.269,0,0,1053.17,-4.68069,-1.30919
12.9999,6.1477,-0.134347,0.310904,101.269,0,0,1055.52,-3.84695,-0.953963
13.0249,6.17054,-0.11964,0.234098,101.269,0,0,1057.94,-3.1954,-0.645895
13.0499,6.19155,-0.102456,0.162785,101.269,0,0,1060.4,-2.7223,-0.389485
13.0749,6.2104,-0.0828874,0.100882,101.269,0,0,1062.89,-2.41234,-0.188606
13.0999,6.22706,-0.0612477,0.0517589,101.269,0,0,1065.41,-2.23958,-0.0463688
13.1249,6.24186,-0.0379781,0.018061,101.269,0,0,1067.92,-2.16937,0.0349356
13.1499,6.25541,-0.0135759,0.00157882,101.269,0,0,1070.45,-2.16074,0.0538406
13.1749,6.26854,0.011441,0.00317004,101.269,0,0,1072.97,-2.16905,0.00968249
13.1999,6.28213,0.0365391,0.0227258,101.269,0,0,1075.49,-2.14868,-0.0974166
13.2249,0.0138528,0.0611619,0.0591792,101.269,0,0,1078,-2.0557,-0.266546
13.2499,0.0307196,0.0847376,0.110554,101.269,0,0,1080.5,-1.85054,-0.495988
13.2749,0.0499079,0.10672,0.174056,101.269,0,0,1082.98,-1.50056,-0.7832
13.2999,0.0714219,0.126669,0.246202,101.269,0,0,1085.43,-0.982438,-1.12483
13.3249,0.0949059,0.144353,0.323005,101.269,0,0,1087.82,-0.283759,-1.51679
13.3499,0.119702,0.159849,0.400197,101.269,0,0,1090.14,0.596296,-1.95441
13.3749,0.144956,0.173589,0.473485,101.269,0,0,1092.38,1.64754,-2.43269
13.3999,0.169734,0.186354,0.538826,101.269,0,0,1094.53,2.85043,-2.94656
13.4249,0.193124,0.199182,0.592674,101.269,0,0,1096.61,4.17845,-3.49119
13.4499,0.214279,0.213226,0.63218,101.269,0,0,1098.61,5.6006,-4.06229
13.4749,0.232424,0.229578,0.655328,101.269,0,0,1100.56,7.08353,-4.6563
13.4999,0.246831,0.249097,0.66101,101.269,0,0,1102.49,8.59306,-5.27056
13.5249,0.256804,0.272261,0.649028,101.269,0,0,1104.41,10.0951,-5.9033
13.5499,0.261706,0.299063,0.620064,101.269,0,0,1106.36,11.5561,-6.55366
13.5749,0.261042,0.328976,0.575616,101.269,0,0,1108.36,12.9441,-7.22154
13.5999,0.254603,0.360998,0.517936,101.269,0,0,1110.41,14.2297,-7.90739
13.6249,0.242633,0.393783,0.449986,101.269,0,0,1112.54,15.3877,-8.61207
13.6499,0.225978,0.425851,0.375377,101.269,0,0,1114.73,16.3996,-9.33654
13.6749,0.206161,0.455833,0.298294,101.269,0,0,1116.98,17.2552,-10.0817
13.6999,0.185341,0.482688,0.22333,101.269,0,0,1119.28,17.9546,-10.8481
13.7249,0.16612,0.505831,0.155225,101.269,0,0,1121.61,18.5085,-11.6361
13.7499,0.151258,0.525115,0.0985144,101.269,0,0,1123.96,18.9379,-12.4452
13.7749,0.143343,0.540674,0.0571516,101.269,0,0,1126.32,19.2723,-13.2745
13.7999,0.144495,0.55267,0.0341658,101.269,0,0,1128.68,19.5483,-14.1227
13.8249,0.156131,0.561049,0.0313928,101.269,0,0,1131.03,19.8061,-14.9874
13.8499,0.178784,0.565381,0.0492815,101.269,0,0,1133.38,20.0879,-15.866
13.8749,0.211965,0.564863,0.0867739,101.269,0,0,1135.71,20.4346,-16.7552
13.8999,0.254111,0.558506,0.141294,101.269,0,0,1138.03,20.8834,-17.6509
13.9249,0.30268,0.545474,0.20891,101.269,0,0,1140.31,21.4656,-18.549
13.9499,0.354483,0.525468,0.284724,101.269,0,0,1142.55,22.2038,-19.4445
13.9749,0.406189,0.499019,0.363446,101.269,0,0,1144.73,23.111,-20.3327
13.9999,0.454888,0.467581,0.440005,101.269,0,0,1146.83,24.1892,-21.2086
14.0249,0.498484,0.433392,0.510004,101.269,0,0,1148.85,25.4305,-22.0676
14.0499,0.535831,0.399173,0.569936,101.269,0,0,1150.78,26.8182,-22.9053
14.0749,0.566617,0.367748,0.617189,101.269,0,0,1152.63,28.3291,-23.7179
14.0999,0.5911,0.34171,0.649952,101.269,0,0,1154.41,29.936,-24.5021
14.1249,0.609803,0.323151,0.667113,101.269,0,0,1156.14,31.6092,-25.255
14.1499,0.623242,0.313483,0.668191,101.269,0,0,1157.84,33.3183,-25.9742
14.1749,0.631753,0.313345,0.653302,101.269,0,0,1159.56,35.0323,-26.6574
14.1999,0.635422,0.322557,0.623133,101.269,0,0,1161.32,36.72,-27.3027
14.2249,0.634136,0.340143,0.578917,101.269,0,0,1163.15,38.3504,-27.9081
14.2499,0.627731,0.364403,0.522404,101.269,0,0,1165.06,39.8932,-28.4719
14.2749,0.616213,0.393053,0.455855,101.269,0,0,1167.07,41.3208,-28.9921
14.2999,0.599994,0.423444,0.382056,101.269,0,0,1169.19,42.6097,-29.4671
14.3249,0.580097,0.45283,0.304342,101.269,0,0,1171.4,43.7439,-29.8954
14.3499,0.55824,0.478658,0.226575,101.269,0,0,1173.69,44.7168,-30.2756
14.3749,0.536757,0.498814,0.152993,101.269,0,0,1176.05,45.5324,-30.6064
14.3999,0.518309,0.511759,0.087895,101.269,0,0,1178.47,46.206,-30.8868
14.4249,0.505448,0.516521,0.0351828,101.269,0,0,1180.92,46.7631,-31.1156
14.4499,0.500144,0.512562,-0.0021355,101.269,0,0,1183.39,47.2379,-31.2916
14.4749,0.503405,0.499595,-0.0223487,101.269,0,0,1185.87,47.67,-31.4135
14.4999,0.515105,0.47746,-0.0252479,101.269,0,0,1188.35,48.1025,-31.4796
14.5249,0.53403,0.446119,-0.0120937,101.269,0,0,1190.83,48.5784,-31.488
14.5499,0.558145,0.405772,0.0146369,101.269,0,0,1193.28,49.1378,-31.4365
14.5749,0.585003,0.357047,0.0516533,101.269,0,0,1195.71,49.8152,-31.323
14.5999,0.612198,0.301153,0.0952991,101.269,0,0,1198.09,50.6365,-31.1454
14.6249,0.637758,0.239937,0.141931,101.269,0,0,1200.4,51.6173,-30.9017
14.6499,0.660403,0.175802,0.188159,101.269,0,0,1202.62,52.7622,-30.5907
14.6749,0.679637,0.111523,0.230936,101.269,0,0,1204.75,54.0642,-30.2117
14.6999,0.695706,0.0499981,0.267551,101.269,0,0,1206.77,55.507,-29.7645
14.7249,0.709442,-0.00599532,0.295611,101.269,0,0,1208.68,57.0669,-29.2495
14.7499,0.722042,-0.0540016,0.313063,101.269,0,0,1210.49,58.7156,-28.6674
14.7749,0.734786,-0.0920224,0.318294,101.269,0,0,1212.23,60.4224,-28.0191
14.7999,0.748754,-0.118594,0.310294,101.269,0,0,1213.92,62.1558,-27.3056
14.8249,0.764575,-0.132829,0.288821,101.269,0,0,1215.58,63.885,-26.5276
14.8499,0.782275,-0.134462,0.254502,101.269,0,0,1217.25,65.5794,-25.6857
14.8749,0.801287,-0.123894,0.2088,101.269,0,0,1218.95,67.2094,-24.7801
14.8999,0.820609,-0.10225,0.153859,101.269,0,0,1220.69,68.747,-23.8111
14.9249,0.839068,-0.0713814,0.0922503,101.269,0,0,1222.51,70.1663,-22.7791
14.9499,0.855623,-0.033816,0.0267249,101.269,0,0,1224.38,71.4461,-21.6845
14.9749,0.869606,0.00739637,-0.0399784,101.269,0,0,1226.32,72.571,-20.5283
14.9999,0.880861,0.048903,-0.105232,101.269,0,0,1228.31,73.534,-19.3119
15.0249,0.88977,0.0873092,-0.166554,101.269,0,0,1230.33,74.3376,-18.0373
15.0499,0.89716,0.119434,-0.221646,101.269,0,0,1232.37,74.9937,-16.7069
15.0749,0.904114,0.142521,-0.26846,101.269,0,0,1234.41,75.5231,-15.3232
15.0999,0.911721,0.154392,-0.305348,101.269,0,0,1236.44,75.9534,-13.889
15.1249,0.920813,0.153533,-0.331232,101.269,0,0,1238.44,76.3173,-12.407
15.1499,0.931756,0.139143,-0.345754,101.269,0,0,1240.42,76.6493,-10.8797
15.1749,0.944372,0.111166,-0.349319,101.269,0,0,1242.37,76.984,-9.30934
15.1999,0.958009,0.0703064,-0.343019,101.269,0,0,1244.27,77.3532,-7.69784
15.2249,0.971723,0.0180413,-0.328447,101.269,0,0,1246.13,77.7843,-6.04688
15.2499,0.984533,-0.0434184,-0.307481,101.269,0,0,1247.93,78.298,-4.35801
15.2749,0.995653,-0.111221,-0.282101,101.269,0,0,1249.66,78.9078,-2.63263
15.2999,1.00468,-0.182033,-0.254299,101.269,0,0,1251.32,79.6183,-0.87218
15.3249,1.01168,-0.252254,-0.226061,101.269,0,0,1252.9,80.4264,0.921884
15.3499,1.01727,-0.318253,-0.199398,101.269,0,0,1254.39,81.3216,2.74803
15.3749,1.02252,-0.376612,-0.176357,101.269,0,0,1255.79,82.2877,4.60465
15.3999,1.02883,-0.42432,-0.158943,101.269,0,0,1257.12,83.3052,6.49011
15.4249,1.03765,-0.458928,-0.148921,101.269,0,0,1258.39,84.3524,8.40273
15.4499,1.05011,-0.478646,-0.147513,101.269,0,0,1259.61,85.407,10.3408
15.4749,1.06672,-0.482408,-0.155095,101.269,0,0,1260.81,86.4468,12.3026
15.4999,1.08713,-0.469923,-0.171041,101.269,0,0,1262,87.4502,14.2864
15.5249,1.11026,-0.441744,-0.193823,101.269,0,0,1263.2,88.3961,16.2901
15.5499,1.1346,-0.3993,-0.221335,101.269,0,0,1264.43,89.2646,18.3116
15.5749,1.15861,-0.344884,-0.251312,101.269,0,0,1265.7,90.0372,20.3484
15.5999,1.18107,-0.28156,-0.281663,101.269,0,0,1267.01,90.6983,22.3977
15.6249,1.20127,-0.212979,-0.31064,101.269,0,0,1268.37,91.2363,24.4567
15.6499,1.21902,-0.143145,-0.336851,101.269,0,0,1269.75,91.645,26.522
15.6749,1.23457,-0.0761518,-0.359187,101.269,0,0,1271.17,91.9246,28.5902
15.6999,1.24848,-0.0159226,-0.376747,101.269,0,0,1272.6,92.0817,30.658
15.7249,1.26147,0.0340241,-0.388805,101.269,0,0,1274.05,92.1293,32.7221
15.7499,1.27426,0.0707745,-0.39483,101.269,0,0,1275.51,92.0857,34.7795
15.7749,1.28738,0.0921765,-0.394557,101.269,0,0,1276.97,91.9731,36.8273
15.7999,1.30109,0.0969546,-0.388062,101.269,0,0,1278.45,91.8167,38.8631
15.8249,1.31531,0.0847831,-0.375779,101.269,0,0,1279.95,91.6427,40.8845
15.8499,1.32963,0.0563159,-0.358445,101.269,0,0,1281.47,91.478,42.8898
15.8749,1.34348,0.0131647,-0.336978,101.269,0,0,1283.02,91.3478,44.8774
15.8999,1.35622,-0.0421777,-0.312333,101.269,0,0,1284.59,91.2752,46.8457
15.9249,1.36732,-0.106473,-0.285379,101.269,0,0,1286.19,91.279,48.7938
15.9499,1.37639,-0.175928,-0.25685,101.269,0,0,1287.82,91.3726,50.7209
15.9749,1.3833,-0.246416,-0.227354,101.269,0,0,1289.46,91.5627,52.6261
15.9999,1.3881,-0.313731,-0.197424,101.269,0,0,1291.11,91.849,54.5091
16.0249,1.39112,-0.373838,-0.167595,101.269,0,0,1292.77,92.2237,56.3694
16.0499,1.39288,-0.423115,-0.138458,101.269,0,0,1294.44,92.6723,58.2064
16.0749,1.39408,-0.458567,-0.110662,101.269,0,0,1296.12,93.1749,60.0194
16.0999,1.39549,-0.477996,-0.0848474,101.269,0,0,1297.81,93.7068,61.8074
16.1249,1.3978,-0.480121,-0.061523,101.269,0,0,1299.54,94.2402,63.5688
16.1499,1.40149,-0.464647,-0.0409245,101.269,0,0,1301.3,94.7449,65.3016
16.1749,1.40675,-0.43227,-0.0229386,101.269,0,0,1303.11,95.19,67.0032
16.1999,1.41354,-0.384639,-0.00712124,101.269,0,0,1304.96,95.5448,68.6704
16.2249,1.42164,-0.324263,0.00720462,101.269,0,0,1306.87,95.7811,70.2996
16.2499,1.43083,-0.254382,0.0208233,101.269,0,0,1308.83,95.8749,71.887
16.2749,1.44098,-0.178786,0.0345208,101.269,0,0,1310.82,95.8089,73.4288
16.2999,1.45205,-0.101611,0.0490144,101.269,0,0,1312.84,95.5738,74.9212
16.3249,1.46414,-0.0271055,0.0649076,101.269,0,0,1314.87,95.1699,76.3609
16.3499,1.47737,0.0406047,0.0826498,101.269,0,0,1316.9,94.6069,77.7449
16.3749,1.49186,0.0977496,0.10249,101.269,0,0,1318.93,93.903,79.0707
16.3999,1.5076,0.141131,0.124426,101.269,0,0,1320.95,93.0836,80.3365
16.4249,1.52439,0.168313,0.148172,101.269,0,0,1322.97,92.1795,81.5407
16.4499,1.54182,0.177767,0.173179,101.269,0,0,1325.01,91.2249,82.6821
16.4749,1.55935,0.168971,0.198715,101.269,0,0,1327.07,90.2568,83.7596
16.4999,1.5764,0.14245,0.224011,101.269,0,0,1329.18,89.3127,84.7725
16.5249,1.59247,0.0997366,0.248408,101.269,0,0,1331.34,88.4298,85.7203
16.5499,1.60724,0.0432857,0.271465,101.269,0,0,1333.57,87.6434,86.6029
16.5749,1.62057,-0.0236808,0.293004,101.269,0,0,1335.86,86.9841,87.4206
16.5999,1.63246,-0.097363,0.313093,101.269,0,0,1338.21,86.4761,88.1742
16.6249,1.643,-0.173603,0.331999,101.269,0,0,1340.61,86.1345,88.8652
16.6499,1.65229,-0.248123,0.350135,101.269,0,0,1343.05,85.9638,89.4958
16.6749,1.66039,-0.316764,0.368003,101.269,0,0,1345.5,85.9571,90.0686
16.6999,1.66731,-0.375717,0.386144,101.269,0,0,1347.97,86.0966,90.5863
16.7249,1.67303,-0.421736,0.405072,101.269,0,0,1350.43,86.3549,91.0521
16.7499,1.67757,-0.452317,0.4252,101.269,0,0,1352.9,86.6973,91.4685
16.7749,1.68108,-0.465835,0.446763,101.269,0,0,1355.36,87.0839,91.838
16.7999,1.68384,-0.461636,0.469775,101.269,0,0,1357.83,87.4719,92.1626
16.8249,1.68633,-0.440076,0.494045,101.269,0,0,1360.31,87.8182,92.4435
16.8499,1.68909,-0.402503,0.519244,101.269,0,0,1362.81,88.0811,92.6815
16.8749,1.69268,-0.351184,0.544997,101.269,0,0,1365.32,88.2232,92.8771
16.8999,1.69758,-0.289176,0.570949,101.269,0,0,1367.84,88.2134,93.0303
16.9249,1.70415,-0.220149,0.596791,101.269,0,0,1370.35,88.0297,93.1413
16.9499,1.71258,-0.148173,0.622225,101.269,0,0,1372.84,87.6608,93.2103
16.9749,1.72289,-0.0774791,0.646915,101.269,0,0,1375.3,87.1066,93.2374
16.9999,1.73494,-0.01221,0.670417,101.269,0,0,1377.71,86.3789,93.2234
17.0249,1.74838,0.0438283,0.692134,101.269,0,0,1380.08,85.4991,93.1692
17.0499,1.76274,0.0873902,0.711309,101.269,0,0,1382.39,84.4966,93.0761
17.0749,1.77744,0.115979,0.727076,101.269,0,0,1384.66,83.4064,92.9458
17.0999,1.79194,0.127986,0.738575,101.269,0,0,1386.9,82.2667,92.7801
17.1249,1.80586,0.122771,0.745089,101.269,0,0,1389.14,81.1176,92.5813
17.1499,1.81908,0.100684,0.74617,101.269,0,0,1391.38,79.9992,92.3521
17.1749,1.83182,0.0630375,0.741697,101.269,0,0,1393.66,78.9508,92.0957
17.1999,1.84455,0.012028,0.731864,101.269,0,0,1395.99,78.0093,91.8156
17.2249,1.85793,-0.0493815,0.717111,101.269,0,0,1398.36,77.2072,91.5161
17.2499,1.87262,-0.117623,0.698061,101.269,0,0,1400.78,76.5702,91.2018
17.2749,1.88917,-0.188726,0.675489,101.269,0,0,1403.23,76.1157,90.8777
17.2999,1.90785,-0.258548,0.65035,101.269,0,0,1405.72,75.8499,90.5494
17.3249,1.92856,-0.323032,0.623843,101.269,0,0,1408.22,75.7679,90.2221
17.3499,1.95073,-0.378462,0.597482,101.269,0,0,1410.72,75.8532,89.9011
17.3749,1.97333,-0.421699,0.573084,101.269,0,0,1413.21,76.0796,89.5916
17.3999,1.99507,-0.450366,0.552639,101.269,0,0,1415.69,76.4127,89.2978
17.4249,2.01462,-0.462958,0.538017,101.269,0,0,1418.17,76.8126,89.0239
17.4499,2.03102,-0.458878,0.530604,101.269,0,0,1420.64,77.2361,88.7733
17.4749,2.04394,-0.438414,0.531012,101.269,0,0,1423.12,77.6387,88.5488
17.4999,2.0538,-0.402686,0.53897,101.269,0,0,1425.61,77.9773,88.3526
17.5249,2.06154,-0.353581,0.553461,101.269,0,0,1428.12,78.2119,88.1866
17.5499,2.06844,-0.293669,0.572971,101.269,0,0,1430.63,78.3081,88.052
17.5749,2.07568,-0.226089,0.595749,101.269,0,0,1433.15,78.2396,87.9494
17.5999,2.08418,-0.154382,0.619981,101.269,0,0,1435.66,77.9904,87.8792
17.6249,2.09445,-0.0822857,0.643849,101.269,0,0,1438.14,77.5556,87.841
17.6499,2.1065,-0.0134905,0.665519,101.269,0,0,1440.59,76.9418,87.8344
17.6749,2.11988,0.0485932,0.683114,101.269,0,0,1442.98,76.1666,87.8588
17.6999,2.13382,0.101048,0.694745,101.269,0,0,1445.34,75.256,87.9134
17.7249,2.14735,0.141609,0.698604,101.269,0,0,1447.64,74.2427,87.9978
17.7499,2.15957,0.168759,0.69316,101.269,0,0,1449.92,73.1637,88.112
17.7749,2.16988,0.181768,0.677376,101.269,0,0,1452.18,72.0581,88.2568
17.7999,2.17817,0.180695,0.650892,101.269,0,0,1454.45,70.9659,88.4334
17.8249,2.18488,0.166371,0.614096,101.269,0,0,1456.73,69.9263,88.6442
17.8499,2.19091,0.14037,0.568058,101.269,0,0,1459.06,68.9765,88.8921
17.8749,2.19742,0.104962,0.514373,101.269,0,0,1461.42,68.1496,89.1806
17.8999,2.20552,0.0630193,0.454977,101.269,0,0,1463.83,67.4729,89.5138
17.9249,2.21606,0.0178563,0.392009,101.269,0,0,1466.27,66.965,89.8956
17.9499,2.22946,-0.0269874,0.327751,101.269,0,0,1468.73,66.6347,90.33
17.9749,2.24557,-0.0680086,0.264617,101.269,0,0,1471.2,66.479,90.8205
17.9999,2.26374,-0.102006,0.205137,101.269,0,0,1473.66,66.4838,91.3702
18.0249,2.28292,-0.126313,0.151883,101.269,0,0,1476.1,66.6245,91.9811
18.0499,2.30195,-0.138954,0.107291,101.269,0,0,1478.52,66.8685,92.6547
18.0749,2.31976,-0.138716,0.073418,101.269,0,0,1480.91,67.1772,93.392
18.0999,2.33575,-0.125149,0.0516872,101.269,0,0,1483.28,67.5086,94.1928
18.1249,2.34988,-0.0985182,0.0427179,101.269,0,0,1485.62,67.8198,95.0569
18.1499,2.36272,-0.0597533,0.0462913,101.269,0,0,1487.96,68.069,95.9831
18.1749,2.37531,-0.0103988,0.0614455,101.269,0,0,1490.27,68.2179,96.9697
18.1999,2.3889,0.047437,0.086642,101.269,0,0,1492.57,68.2338,98.0143
18.2249,2.40465,0.111168,0.119928,101.269,0,0,1494.83,68.0917,99.114
18.2499,2.42339,0.177874,0.159036,101.269,0,0,1497.05,67.7761,100.265
18.2749,2.44537,0.2445,0.201402,101.269,0,0,1499.21,67.2821,101.463
18.2999,2.47013,0.308107,0.24413,101.269,0,0,1501.3,66.6151,102.704
18.3249,2.4964,0.366115,0.283977,101.269,0,0,1503.32,65.7901,103.982
18.3499,2.52223,0.416499,0.317426,101.269,0,0,1505.24,64.8294,105.293
18.3749,2.54525,0.457875,0.340916,101.269,0,0,1507.09,63.7602,106.632
18.3999,2.56302,0.489461,0.351234,101.269,0,0,1508.88,62.6127,107.996
18.4249,2.57356,0.510936,0.345976,101.269,0,0,1510.61,61.4181,109.381
18.4499,2.57575,0.522277,0.323977,101.269,0,0,1512.32,60.207,110.785
18.4749,2.56963,0.523657,0.285564,101.269,0,0,1514.02,59.0094,112.207
18.4999,2.55638,0.51546,0.232571,101.269,0,0,1515.74,57.8536,113.645
18.5249,2.53813,0.498416,0.168076,101.269,0,0,1517.49,56.7652,115.099
18.5499,2.5175,0.473755,0.0959532,101.269,0,0,1519.28,55.7667,116.57
18.5749,2.49711,0.443311,0.0203573,101.269,0,0,1521.11,54.8752,118.057
18.5999,2.47913,0.409484,-0.0547128,101.269,0,0,1522.98,54.1012,119.562
18.6249,2.46508,0.375071,-0.125677,101.269,0,0,1524.88,53.4472,121.084
18.6499,2.45576,0.343001,-0.189469,101.269,0,0,1526.8,52.9071,122.623
18.6749,2.45136,0.316043,-0.243523,101.269,0,0,1528.74,52.4661,124.18
18.6999,2.45173,0.296544,-0.28574,101.269,0,0,1530.68,52.1019,125.753
18.7249,2.45657,0.286228,-0.314476,101.269,0,0,1532.61,51.7864,127.341
18.7499,2.4657,0.286069,-0.328563,101.269,0,0,1534.53,51.4872,128.942
18.7749,2.47915,0.296224,-0.327351,101.269,0,0,1536.45,51.1703,130.554
18.7999,2.49726,0.316029,-0.310738,101.269,0,0,1538.34,50.8018,132.175
18.8249,2.52058,0.344032,-0.279191,101.269,0,0,1540.22,50.3504,133.801
18.8499,2.54974,0.378095,-0.233765,101.269,0,0,1542.06,49.789,135.428
18.8749,2.58512,0.415553,-0.176153,101.269,0,0,1543.86,49.0972,137.053
18.8999,2.62659,0.45347,-0.108787,101.269,0,0,1545.6,48.2624,138.671
18.9249,2.67324,0.488964,-0.0349384,101.269,0,0,1547.28,47.2805,140.279
18.9499,2.72317,0.519573,0.0412464,101.269,0,0,1548.88,46.1557,141.873
18.9749,2.77362,0.543574,0.1149,101.269,0,0,1550.39,44.8997,143.448
18.9999,2.82131,0.560146,0.180839,101.269,0,0,1551.83,43.5295,145.002
19.0249,2.86295,0.56932,0.23416,101.269,0,0,1553.2,42.0655,146.532
19.0499,2.89587,0.571716,0.270848,101.269,0,0,1554.52,40.5302,148.036
19.0749,2.91835,0.568177,0.288236,101.269,0,0,1555.81,38.9466,149.511
19.0999,2.92985,0.55944,0.285226,101.269,0,0,1557.11,37.338,150.955
19.1249,2.93091,0.545944,0.2623,101.269,0,0,1558.44,35.7282,152.368
19.1499,2.92308,0.527833,0.221389,101.269,0,0,1559.83,34.1413,153.746
19.1749,2.90865,0.505113,0.165637,101.269,0,0,1561.31,32.6021,155.088
19.1999,2.89032,0.477897,0.0990729,101.269,0,0,1562.89,31.1347,156.392
19.2248,2.87091,0.446632,0.0262287,101.269,0,0,1564.59,29.7613,157.656
19.2498,2.85298,0.412221,-0.048254,101.269,0,0,1566.4,28.5,158.879
19.2748,2.83852,0.375999,-0.119952,101.269,0,0,1568.31,27.3618,160.059
19.2998,2.82885,0.339582,-0.184879,101.269,0,0,1570.32,26.3494,161.193
19.3248,2.82459,0.304625,-0.239606,101.269,0,0,1572.42,25.4555,162.281
19.3498,2.82579,0.272584,-0.281313,101.269,0,0,1574.57,24.6631,163.32
19.3748,2.83207,0.244521,-0.307833,101.269,0,0,1576.78,23.9461,164.309
19.3998,2.84286,0.220982,-0.317705,101.269,0,0,1579.02,23.2714,165.247
19.4248,2.85748,0.201972,-0.310252,101.269,0,0,1581.28,22.6013,166.131
19.4498,2.8753,0.186992,-0.285646,101.269,0,0,1583.56,21.8964,166.959
19.4748,2.89569,0.175144,-0.244951,101.269,0,0,1585.83,21.1184,167.729
19.4998,2.91805,0.165262,-0.190123,101.269,0,0,1588.08,20.2329,168.439
19.5248,2.94172,0.156082,-0.123946,101.269,0,0,1590.3,19.2127,169.086
19.5498,2.96597,0.1464,-0.0499007,101.269,0,0,1592.45,18.0396,169.668
19.5748,2.99001,0.135224,0.0280199,101.269,0,0,1594.53,16.7058,170.185
19.5998,3.01305,0.12187,0.105553,101.269,0,0,1596.51,15.2141,170.635
19.6248,3.03445,0.106006,0.178434,101.269,0,0,1598.39,13.5769,171.018
19.6498,3.05378,0.0876185,0.242661,101.269,0,0,1600.16,11.814,171.334
19.6748,3.07092,0.0669445,0.294734,101.269,0,0,1601.84,9.95018,171.584
19.6998,3.08611,0.044375,0.331848,101.269,0,0,1603.44,8.01272,171.768
19.7248,3.0999,0.0203801,0.352032,101.269,0,0,1605,6.02996,171.888
19.7498,3.11304,-0.00453552,0.354242,101.269,0,0,1606.53,4.03027,171.943
19.7748,3.12644,-0.0298424,0.338395,101.269,0,0,1608.08,2.04198,171.933
19.7998,3.14097,-0.0549802,0.305371,101.269,0,0,1609.68,0.0935581,171.858
19.8248,3.15734,-0.0793597,0.25697,101.269,0,0,1611.36,-1.78651,171.717
19.8498,3.17601,-0.102395,0.195828,101.269,0,0,1613.12,-3.57041,171.51
19.8748,3.19707,-0.123579,0.125297,101.269,0,0,1615,-5.23258,171.236
19.8998,3.22027,-0.142581,0.0492732,101.269,0,0,1616.98,-6.75206,170.894
19.9248,3.24499,-0.159357,-0.028013,101.269,0,0,1619.06,-8.11498,170.486
19.9498,3.27041,-0.174218,-0.102251,101.269,0,0,1621.23,-9.31681,170.01
19.9748,3.29557,-0.187834,-0.169318,101.269,0,0,1623.46,-10.3636,169.469
19.9998,3.31951,-0.201165,-0.225537,101.269,0,0,1625.73,-11.2722,168.865
20.0248,3.34134,-0.21533,-0.26789,101.269,0,0,1628.03,-12.0689,168.2
20.0498,3.36022,-0.231432,-0.294175,101.269,0,0,1630.33,-12.7873,167.475
20.0748,3.37541,-0.25038,-0.303085,101.269,0,0,1632.63,-13.4658,166.693
20.0998,3.38618,-0.272734,-0.294236,101.269,0,0,1634.91,-14.1446,165.857
20.1248,3.39189,-0.298589,-0.268134,101.269,0,0,1637.16,-14.8622,164.968
20.1498,3.39202,-0.327525,-0.226126,101.269,0,0,1639.36,-15.6533,164.028
20.1748,3.38632,-0.35864,-0.170333,101.269,0,0,1641.5,-16.5457,163.039
20.1998,3.37497,-0.390663,-0.103604,101.269,0,0,1643.57,-17.5583,162.001
20.2248,3.35873,-0.422156,-0.0294622,101.269,0,0,1645.54,-18.7002,160.918
20.2498,3.33903,-0.451758,0.0479765,101.269,0,0,1647.4,-19.9702,159.789
20.2748,3.31795,-0.478406,0.12415,101.269,0,0,1649.15,-21.3583,158.618
20.2998,3.29802,-0.501483,0.194304,101.269,0,0,1650.78,-22.8471,157.407
20.3248,3.28199,-0.520825,0.253831,101.269,0,0,1652.31,-24.4145,156.156
20.3498,3.27248,-0.536575,0.29865,101.269,0,0,1653.75,-26.036,154.868
20.3748,3.27169,-0.548948,0.325545,101.269,0,0,1655.12,-27.6863,153.545
20.3998,3.28117,-0.55797,0.332444,101.269,0,0,1656.46,-29.3406,152.188
20.4248,3.30162,-0.563296,0.318615,101.269,0,0,1657.79,-30.9744,150.8
20.4498,3.33279,-0.564179,0.284801,101.269,0,0,1659.13,-32.5638,149.382
20.4748,3.37336,-0.559619,0.233258,101.269,0,0,1660.53,-34.0849,147.936
20.4998,3.421,-0.54868,0.167645,101.269,0,0,1662,-35.5147,146.465
20.5248,3.47264,-0.530872,0.0926969,101.269,0,0,1663.55,-36.8315,144.972
20.5498,3.52493,-0.506485,0.0136855,101.269,0,0,1665.18,-38.0173,143.459
20.5748,3.57481,-0.476735,-0.0641959,101.269,0,0,1666.89,-39.059,141.931
20.5998,3.61997,-0.443673,-0.136341,101.269,0,0,1668.68,-39.951,140.391
20.6248,3.65903,-0.409914,-0.199006,101.269,0,0,1670.52,-40.696,138.844
20.6498,3.69147,-0.378267,-0.249366,101.269,0,0,1672.42,-41.3059,137.294
20.6748,3.71744,-0.351378,-0.285429,101.269,0,0,1674.34,-41.8006,135.745
20.6998,3.73741,-0.331448,-0.305934,101.269,0,0,1676.29,-42.2069,134.2
20.7248,3.7519,-0.32003,-0.31027,101.269,0,0,1678.26,-42.5567,132.663
20.7498,3.76129,-0.317916,-0.298436,101.269,0,0,1680.24,-42.8845,131.137
20.7748,3.76573,-0.325089,-0.271013,101.269,0,0,1682.23,-43.2257,129.624
20.7998,3.76514,-0.340729,-0.229139,101.269,0,0,1684.22,-43.6137,128.125
20.8248,3.75939,-0.363276,-0.174482,101.269,0,0,1686.21,-44.0783,126.643
20.8498,3.74846,-0.390564,-0.109231,101.269,0,0,1688.18,-44.6431,125.179
20.8748,3.73271,-0.420019,-0.0361077,101.269,0,0,1690.13,-45.3243,123.731
20.8998,3.71307,-0.448929,0.0416119,101.269,0,0,1692.05,-46.1293,122.302
20.9248,3.69116,-0.474728,0.120111,101.269,0,0,1693.92,-47.0565,120.889
20.9498,3.66924,-0.495256,0.19516,101.269,0,0,1695.74,-48.096,119.493
20.9748,3.64994,-0.508914,0.262413,101.269,0,0,1697.52,-49.231,118.113
20.9998,3.63585,-0.514677,0.317842,101.269,0,0,1699.26,-50.4393,116.749
21.0248,3.62908,-0.511972,0.358237,101.269,0,0,1700.99,-51.695,115.401
21.0498,3.6308,-0.500496,0.381626,101.269,0,0,1702.71,-52.9698,114.07
21.0748,3.64108,-0.480075,0.387516,101.269,0,0,1704.45,-54.2339,112.756
21.0998,3.65891,-0.450626,0.376901,101.269,0,0,1706.23,-55.4562,111.463
21.1248,3.68237,-0.412267,0.352053,101.269,0,0,1708.09,-56.6054,110.194
21.1498,3.70906,-0.365494,0.316147,101.269,0,0,1710.01,-57.651,108.951
21.1748,3.73654,-0.311355,0.272814,101.269,0,0,1712.03,-58.5647,107.74
21.1998,3.7627,-0.251533,0.225746,101.269,0,0,1714.13,-59.3231,106.565
21.2248,3.78613,-0.188296,0.178425,101.269,0,0,1716.3,-59.9097,105.432
21.2498,3.80616,-0.124327,0.133999,101.269,0,0,1718.54,-60.3172,104.345
21.2748,3.82288,-0.0624877,0.0952717,101.269,0,0,1720.82,-60.5488,103.308
21.2998,3.83704,-0.00556749,0.0647272,101.269,0,0,1723.15,-60.6185,102.326
21.3248,3.84977,0.0439271,0.0445137,101.269,0,0,1725.49,-60.5503,101.402
21.3498,3.86238,0.0839204,0.0363598,101.269,0,0,1727.85,-60.3761,100.537
21.3748,3.876,0.112854,0.0414213,101.269,0,0,1730.23,-60.134,99.7345
21.3998,3.89139,0.129731,0.0601107,101.269,0,0,1732.63,-59.8661,98.9949
21.4248,3.90871,0.134158,0.09198,101.269,0,0,1735.04,-59.6157,98.3189
21.4498,3.92752,0.126389,0.135719,101.269,0,0,1737.48,-59.4256,97.7062
21.4748,3.94689,0.107382,0.189289,101.269,0,0,1739.94,-59.3352,97.1562
21.4998,3.96567,0.0788197,0.250159,101.269,0,0,1742.41,-59.3782,96.6673
21.5248,3.98276,0.0430732,0.315563,101.269,0,0,1744.89,-59.5804,96.2371
21.5498,3.99742,0.0030711,0.38271,101.269,0,0,1747.35,-59.957,95.8628
21.5748,4.00936,-0.0379065,0.448902,101.269,0,0,1749.79,-60.5121,95.5406
21.5998,4.01886,-0.0764828,0.511588,101.269,0,0,1752.19,-61.2383,95.2665
21.6248,4.02666,-0.109442,0.568394,101.269,0,0,1754.54,-62.1178,95.0363
21.6498,4.03381,-0.133954,0.61719,101.269,0,0,1756.85,-63.1244,94.8458
21.6748,4.04139,-0.147731,0.656221,101.269,0,0,1759.11,-64.2258,94.6914
21.6998,4.0503,-0.149134,0.684278,101.269,0,0,1761.35,-65.3854,94.5699
21.7248,4.061,-0.137223,0.700854,101.269,0,0,1763.57,-66.5648,94.479
21.7498,4.07339,-0.111788,0.706211,101.269,0,0,1765.81,-67.7247,94.4171
21.7748,4.08691,-0.0733756,0.701323,101.269,0,0,1768.08,-68.8261,94.3834
21.7998,4.10064,-0.0233002,0.687711,101.269,0,0,1770.39,-69.8323,94.3779
21.8248,4.11358,0.036381,0.667223,101.269,0,0,1772.75,-70.7099,94.401
21.8498,4.12489,0.102948,0.641846,101.269,0,0,1775.17,-71.4319,94.4534
21.8748,4.13409,0.173165,0.613594,101.269,0,0,1777.63,-71.9791,94.5359
21.8998,4.14116,0.243483,0.584482,101.269,0,0,1780.12,-72.3427,94.6491
21.9248,4.14661,0.310283,0.556552,101.269,0,0,1782.63,-72.5254,94.7932
21.9498,4.15148,0.370108,0.531889,101.269,0,0,1785.15,-72.5412,94.9683
21.9748,4.15714,0.419881,0.512573,101.269,0,0,1787.66,-72.4148,95.1738
21.9998,4.16511,0.457055,0.500488,101.269,0,0,1790.16,-72.1792,95.4084
22.0248,4.17666,0.479724,0.497038,101.269,0,0,1792.65,-71.8737,95.6707
22.0498,4.19244,0.486683,0.502814,101.269,0,0,1795.13,-71.5411,95.9583
22.0748,4.2123,0.477484,0.517394,101.269,0,0,1797.61,-71.2261,96.2685
22.0998,4.23527,0.452492,0.539388,101.269,0,0,1800.1,-70.9723,96.598
22.1248,4.25984,0.412944,0.566731,101.269,0,0,1802.59,-70.8202,96.9427
22.1498,4.28441,0.360945,0.597102,101.269,0,0,1805.09,-70.8049,97.2983
22.1748,4.30763,0.299397,0.6283,101.269,0,0,1807.58,-70.9538,97.6598
22.1998,4.32865,0.231834,0.658452,101.269,0,0,1810.05,-71.2842,98.022
22.2248,4.34716,0.162198,0.686056,101.269,0,0,1812.49,-71.8025,98.3793
22.2498,4.36332,0.0945758,0.709923,101.269,0,0,1814.89,-72.5033,98.7267
22.2748,4.37765,0.0329343,0.729088,101.269,0,0,1817.23,-73.3708,99.0588
22.2998,4.39085,-0.0191187,0.742769,101.269,0,0,1819.52,-74.3801,99.3711
22.3248,4.40365,-0.0585432,0.750373,101.269,0,0,1821.76,-75.4998,99.6595
22.3498,4.41667,-0.0830318,0.751562,101.269,0,0,1823.97,-76.6942,99.9202
22.3748,4.43023,-0.0911323,0.74633,101.269,0,0,1826.16,-77.925,100.15
22.3998,4.44431,-0.0823288,0.735036,101.269,0,0,1828.35,-79.1527,100.347
22.4248,4.45857,-0.0570799,0.718367,101.269,0,0,1830.57,-80.3382,100.508
22.4498,4.47245,-0.0168088,0.697228,101.269,0,0,1832.83,-81.4434,100.631
22.4748,4.48531,0.0361615,0.672589,101.269,0,0,1835.15,-82.4332,100.715
22.4998,4.49657,0.0987322,0.645367,101.269,0,0,1837.53,-83.2772,100.758
22.5248,4.50582,0.167207,0.61635,101.269,0,0,1839.96,-83.9525,100.759
22.5498,4.51285,0.237512,0.586197,101.269,0,0,1842.43,-84.4455,100.717
22.5748,4.51769,0.305441,0.555493,101.269,0,0,1844.93,-84.7537,100.632
22.5998,4.52064,0.366915,0.524813,101.269,0,0,1847.44,-84.8862,100.504
22.6248,4.52223,0.41822,0.494791,101.269,0,0,1849.96,-84.8632,100.333
22.6498,4.52315,0.456233,0.466126,101.269,0,0,1852.47,-84.7141,100.117
22.6748,4.52423,0.478598,0.439527,101.269,0,0,1854.96,-84.4756,99.8573
22.6998,4.5262,0.483858,0.41558,101.269,0,0,1857.45,-84.1889,99.5524
22.7248,4.52962,0.471529,0.394597,101.269,0,0,1859.93,-83.8973,99.2012
22.7498,4.53471,0.442116,0.376519,101.269,0,0,1862.41,-83.6441,98.8018
22.7748,4.54142,0.397085,0.360923,101.269,0,0,1864.88,-83.4698,98.352
22.7998,4.54952,0.338781,0.347116,101.269,0,0,1867.35,-83.41,97.8491
22.8248,4.55875,0.270307,0.33427,101.269,0,0,1869.81,-83.4931,97.2902
22.8498,4.5689,0.195352,0.321544,101.269,0,0,1872.24,-83.7381,96.6727
22.8748,4.57991,0.117993,0.308157,101.269,0,0,1874.63,-84.1529,95.9941
22.8998,4.59184,0.0424681,0.293443,101.269,0,0,1876.97,-84.7342,95.2523
22.9248,4.60482,-0.0270597,0.276882,101.269,0,0,1879.24,-85.4679,94.446
22.9498,4.61901,-0.086738,0.258144,101.269,0,0,1881.45,-86.3311,93.5744
22.9748,4.63443,-0.133244,0.237143,101.269,0,0,1883.58,-87.2936,92.6373
22.9998,4.65098,-0.163977,0.214074,101.269,0,0,1885.65,-88.3214,91.6348
23.0248,4.66829,-0.177218,0.189415,101.269,0,0,1887.68,-89.378,90.5675
23.0498,4.68586,-0.172239,0.163859,101.269,0,0,1889.67,-90.4264,89.4362
23.0748,4.7031,-0.149353,0.138186,101.269,0,0,1891.65,-91.4305,88.2418
23.0998,4.71947,-0.109894,0.113107,101.269,0,0,1893.64,-92.356,86.9854
23.1248,4.73457,-0.0561428,0.0891423,101.269,0,0,1895.62,-93.1721,85.6685
23.1498,4.74822,0.00881572,0.066559,101.269,0,0,1897.62,-93.8527,84.2927
23.1748,4.76038,0.0812772,0.0453725,101.269,0,0,1899.63,-94.3781,82.8602
23.1998,4.7711,0.157133,0.0253883,101.269,0,0,1901.64,-94.737,81.3737
23.2248,4.78049,0.232104,0.00625797,101.269,0,0,1903.63,-94.9273,79.8363
23.2498,4.78863,0.301985,-0.0124649,101.269,0,0,1905.59,-94.9561,78.2515
23.2748,4.79557,0.362878,-0.0312703,101.269,0,0,1907.51,-94.8392,76.6231
23.2998,4.80133,0.411405,-0.0506311,101.269,0,0,1909.38,-94.5995,74.9546
23.3248,4.80596,0.444903,-0.0709341,101.269,0,0,1911.21,-94.2646,73.2497
23.3498,4.80961,0.461565,-0.0924128,101.269,0,0,1912.99,-93.8649,71.5116
23.3748,4.81258,0.460545,-0.115106,101.269,0,0,1914.74,-93.4318,69.7428
23.3998,4.81528,0.442006,-0.138864,101.269,0,0,1916.45,-92.9958,67.9457
23.4248,4.81823,0.40711,-0.163412,101.269,0,0,1918.14,-92.5853,66.1218
23.4498,4.82196,0.357959,-0.188428,101.269,0,0,1919.82,-92.2255,64.2723
23.4748,4.82693,0.297474,-0.213606,101.269,0,0,1921.48,-91.937,62.3982
23.4998,4.83348,0.229226,-0.238683,101.269,0,0,1923.13,-91.7347,60.5
23.5248,4.84181,0.157227,-0.263411,101.269,0,0,1924.76,-91.6268,58.5783
23.5498,4.85198,0.085702,-0.287507,101.269,0,0,1926.36,-91.6143,56.6338
23.5748,4.86387,0.0188324,-0.310586,101.269,0,0,1927.94,-91.6911,54.6672
23.5998,4.8772,-0.0394866,-0.332113,101.269,0,0,1929.48,-91.8442,52.6794
23.6248,4.89151,-0.0858781,-0.351386,101.269,0,0,1930.99,-92.0557,50.6715
23.6498,4.90625,-0.117681,-0.367573,101.269,0,0,1932.47,-92.3033,48.6449
23.6748,4.92088,-0.133098,-0.379816,101.269,0,0,1933.93,-92.5626,46.6012
23.6998,4.93498,-0.131291,-0.387363,101.269,0,0,1935.36,-92.8076,44.5422
23.7248,4.94837,-0.112417,-0.389703,101.269,0,0,1936.79,-93.0127,42.47
23.7498,4.96118,-0.0776038,-0.386639,101.269,0,0,1938.2,-93.1533,40.387
23.7748,4.97384,-0.0288861,-0.37829,101.269,0,0,1939.61,-93.2072,38.2959
23.7998,4.98695,0.030907,-0.365035,101.269,0,0,1941.01,-93.1558,36.1997
23.8248,5.00119,0.0983058,-0.34744,101.269,0,0,1942.4,-92.9853,34.1014
23.8498,5.01713,0.169394,-0.326226,101.269,0,0,1943.76,-92.6878,32.0044
23.8748,5.0351,0.240034,-0.302277,101.269,0,0,1945.11,-92.2618,29.9121
23.8998,5.05511,0.306123,-0.2767,101.269,0,0,1946.41,-91.7119,27.8276
23.9248,5.0767,0.363843,-0.250898,101.269,0,0,1947.68,-91.0485,25.754
23.9498,5.09898,0.409911,-0.226582,101.269,0,0,1948.92,-90.2863,23.6942
23.9748,5.12072,0.441767,-0.20567,101.269,0,0,1950.14,-89.4432,21.6506
23.9998,5.14062,0.457713,-0.190035,101.269,0,0,1951.34,-88.5388,19.6254
24.0248,5.15764,0.456959,-0.18116,101.269,0,0,1952.54,-87.5942,17.6208
24.0498,5.17132,0.439616,-0.17982,101.269,0,0,1953.77,-86.6311,15.6385
24.0748,5.18191,0.406648,-0.185936,101.269,0,0,1955.03,-85.6718,13.6804
24.0998,5.19025,0.35981,-0.198661,101.269,0,0,1956.36,-84.7385,11.748
24.1248,5.19752,0.301563,-0.216607,101.269,0,0,1957.75,-83.853,9.84306
24.1498,5.20492,0.234968,-0.238106,101.269,0,0,1959.22,-83.035,7.96718
24.1748,5.2134,0.163522,-0.261394,101.269,0,0,1960.78,-82.3009,6.12188
24.1998,5.22353,0.0909619,-0.284693,101.269,0,0,1962.41,-81.6615,4.30864
24.2248,5.23541,0.021025,-0.306205,101.269,0,0,1964.11,-81.121,2.52886
24.2498,5.24868,-0.0427879,-0.324089,101.269,0,0,1965.88,-80.6754,0.783877
24.2748,5.26262,-0.0974321,-0.336471,101.269,0,0,1967.69,-80.3126,-0.924943
24.2998,5.27628,-0.140489,-0.34153,101.269,0,0,1969.56,-80.0131,-2.59616
24.3248,5.28875,-0.170278,-0.337676,101.269,0,0,1971.46,-79.7508,-4.22814
24.3498,5.29935,-0.185904,-0.323767,101.269,0,0,1973.4,-79.4949,-5.81901
24.3748,5.30787,-0.187265,-0.299305,101.269,0,0,1975.37,-79.2117,-7.36658
24.3998,5.31467,-0.175044,-0.264536,101.269,0,0,1977.37,-78.867,-8.86837
24.4248,5.32058,-0.150679,-0.220402,101.269,0,0,1979.38,-78.4282,-10.3217
24.4498,5.32673,-0.116323,-0.168398,101.269,0,0,1981.4,-77.8667,-11.7236
24.4748,5.33428,-0.0747584,-0.110382,101.269,0,0,1983.41,-77.1607,-13.0714
24.4998,5.34414,-0.0292513,-0.0484272,101.269,0,0,1985.4,-76.2962,-14.3626
24.5248,5.35684,0.0166565,0.0152499,101.269,0,0,1987.34,-75.2692,-15.595
24.5498,5.37235,0.0594042,0.0783065,101.269,0,0,1989.23,-74.0846,-16.7668
24.5748,5.39011,0.0956811,0.138275,101.269,0,0,1991.07,-72.7561,-17.8769
24.5998,5.40915,0.122669,0.192619,101.269,0,0,1992.84,-71.3041,-18.9245
24.6248,5.4283,0.138219,0.238887,101.269,0,0,1994.57,-69.7536,-19.9091
24.6498,5.44644,0.140946,0.274942,101.269,0,0,1996.27,-68.1327,-20.8303
24.6748,5.46285,0.130236,0.299228,101.269,0,0,1997.96,-66.4711,-21.6878
24.6998,5.47736,0.106213,0.310956,101.269,0,0,1999.67,-64.7997,-22.481
24.7248,5.49042,0.0696826,0.310176,101.269,0,0,2001.44,-63.1501,-23.209
24.7498,5.50297,0.022083,0.297702,101.269,0,0,2003.27,-61.554,-23.871
24.7748,5.51623,-0.0345651,0.274955,101.269,0,0,2005.2,-60.0429,-24.4661
24.7998,5.53141,-0.0977385,0.243796,101.269,0,0,2007.23,-58.6458,-24.9936
24.8248,5.54941,-0.164542,0.206408,101.269,0,0,2009.37,-57.3874,-25.4532
24.8498,5.57061,-0.231899,0.165264,101.269,0,0,2011.6,-56.2852,-25.8449
24.8748,5.59471,-0.296796,0.12316,101.269,0,0,2013.92,-55.3473,-26.1695
24.8998,5.62061,-0.356528,0.0832387,101.269,0,0,2016.3,-54.5706,-26.4283
24.9248,5.6465,-0.408912,0.0489487,101.269,0,0,2018.74,-53.9409,-26.6233
24.9498,5.67005,-0.452399,0.0238439,101.269,0,0,2021.2,-53.4333,-26.7564
24.9748,5.68882,-0.486062,0.0112267,101.269,0,0,2023.69,-53.0143,-26.8301
24.9998,5.70071,-0.509477,0.0136842,101.269,0,0,2026.18,-52.6442,-26.8463
25.0248,5.70442,-0.522556,0.03264,101.269,0,0,2028.68,-52.28,-26.8071
25.0498,5.69976,-0.525435,0.0680527,101.269,0,0,2031.16,-51.8783,-26.7141
25.0748,5.68774,-0.518469,0.118359,101.269,0,0,2033.64,-51.3982,-26.5687
25.0998,5.67035,-0.502337,0.180687,101.269,0,0,2036.08,-50.8044,-26.372
25.1248,5.65017,-0.47821,0.251289,101.269,0,0,2038.48,-50.0692,-26.125
25.1498,5.62984,-0.447853,0.326058,101.269,0,0,2040.82,-49.1753,-25.8287
25.1748,5.61163,-0.413618,0.400986,101.269,0,0,2043.08,-48.1163,-25.4842
25.1998,5.59715,-0.37829,0.472453,101.269,0,0,2045.25,-46.8969,-25.0929
25.2248,5.58728,-0.344829,0.537342,101.269,0,0,2047.32,-45.5319,-24.6561
25.2498,5.5823,-0.316086,0.593034,101.269,0,0,2049.3,-44.0436,-24.1755
25.2748,5.58207,-0.294523,0.637369,101.269,0,0,2051.19,-42.4596,-23.6528
25.2998,5.58629,-0.282008,0.668631,101.269,0,0,2053.01,-40.8106,-23.0899
25.3248,5.5947,-0.279674,0.685567,101.269,0,0,2054.79,-39.1285,-22.4886
25.3498,5.60728,-0.287842,0.687427,101.269,0,0,2056.56,-37.4453,-21.8509
25.3748,5.62431,-0.306006,0.673999,101.269,0,0,2058.34,-35.7931,-21.1792
25.3998,5.64632,-0.332863,0.645632,101.269,0,0,2060.17,-34.2034,-20.4758
25.4248,5.67394,-0.366392,0.603251,101.269,0,0,2062.06,-32.7069,-19.7437
25.4498,5.70766,-0.404005,0.548396,101.269,0,0,2064.03,-31.332,-18.9862
25.4748,5.74752,-0.442776,0.483306,101.269,0,0,2066.09,-30.103,-18.2072
25.4998,5.79281,-0.479756,0.411034,101.269,0,0,2068.24,-29.0379,-17.411
25.5248,5.84188,-0.51233,0.335502,101.269,0,0,2070.45,-28.1458,-16.6023
25.5498,5.89216,-0.538553,0.261411,101.269,0,0,2072.72,-27.4259,-15.7861
25.5748,5.94045,-0.557365,0.193893,101.269,0,0,2075.04,-26.8664,-14.9674
25.5998,5.98341,-0.568581,0.137953,101.269,0,0,2077.39,-26.4454,-14.151
25.6248,6.01819,-0.572686,0.097837,101.269,0,0,2079.76,-26.1321,-13.3413
25.6498,6.04282,-0.570476,0.0765265,101.269,0,0,2082.14,-25.8893,-12.5425
25.6748,6.05649,-0.562711,0.0754537,101.269,0,0,2084.52,-25.676,-11.758
25.6998,6.05957,-0.549898,0.0944457,101.269,0,0,2086.92,-25.4493,-10.9905
25.7248,6.05341,-0.532246,0.131833,101.269,0,0,2089.31,-25.168,-10.2424
25.7498,6.0402,-0.509804,0.184674,101.269,0,0,2091.69,-24.7944,-9.51529
25.7747,6.02262,-0.482691,0.249076,101.269,0,0,2094.06,-24.297,-8.81013
25.7997,6.00351,-0.451331,0.320579,101.269,0,0,2096.4,-23.6531,-8.12735
25.8247,5.98549,-0.416593,0.394556,101.269,0,0,2098.7,-22.8501,-7.46685
25.8497,5.97064,-0.379793,0.466552,101.269,0,0,2100.94,-21.8862,-6.82805
25.8747,5.9604,-0.342557,0.532522,101.269,0,0,2103.11,-20.7701,-6.21008
25.8997,5.95547,-0.306587,0.588953,101.269,0,0,2105.22,-19.5195,-5.61196
25.9247,5.95596,-0.273422,0.632928,101.269,0,0,2107.26,-18.159,-5.0328
25.9497,5.96155,-0.244228,0.662162,101.269,0,0,2109.25,-16.718,-4.47203
25.9747,5.97164,-0.219664,0.675052,101.269,0,0,2111.22,-15.229,-3.92964
25.9997,5.9856,-0.199844,0.670759,101.269,0,0,2113.17,-13.7258,-3.40633
26.0247,6.00276,-0.184363,0.649273,101.269,0,0,2115.15,-12.2431,-2.9037
26.0497,6.02253,-0.172385,0.61147,101.269,0,0,2117.17,-10.8156,-2.42424
26.0747,6.04434,-0.162775,0.559117,101.269,0,0,2119.26,-9.47718,-1.97135
26.0997,6.06757,-0.154254,0.494826,101.269,0,0,2121.43,-8.25962,-1.54919
26.1247,6.09154,-0.145563,0.421937,101.269,0,0,2123.68,-7.19036,-1.16248
26.1497,6.11551,-0.135616,0.344345,101.269,0,0,2126.01,-6.29009,-0.816229
26.1747,6.13871,-0.123613,0.26627,101.269,0,0,2128.4,-5.57039,-0.515408
26.1997,6.16045,-0.109099,0.191996,101.269,0,0,2130.85,-5.0319,-0.264693
26.2247,6.18023,-0.091953,0.125597,101.269,0,0,2133.34,-4.66366,-0.0681988
26.2497,6.19786,-0.0723249,0.0706954,101.269,0,0,2135.85,-4.44361,0.0706789
26.2747,6.21347,-0.0505487,0.0302501,101.269,0,0,2138.37,-4.34012,0.149351
26.2997,6.22752,-0.0270611,0.00640761,101.269,0,0,2140.89,-4.31432,0.166056
26.3247,6.24073,-0.00234982,0.000402162,101.269,0,0,2143.41,-4.32265,0.119844
26.3497,6.25399,0.0230633,0.0125065,101.269,0,0,2145.93,-4.31956,0.010554
26.3747,6.26817,0.0486178,0.042028,101.269,0,0,2148.44,-4.26017,-0.161188
26.3997,0.000878032,0.0737121,0.0873458,101.269,0,0,2150.95,-4.10295,-0.393961
26.4247,0.0190187,0.0977284,0.145986,101.269,0,0,2153.44,-3.81235,-0.685521
26.4497,0.0396074,0.120098,0.214734,101.269,0,0,2155.89,-3.36127,-1.03281
26.4747,0.062467,0.1404,0.289795,101.269,0,0,2158.3,-2.733,-1.43199
26.4997,0.0870636,0.158476,0.366989,101.269,0,0,2160.65,-1.92231,-1.87858
26.5247,0.11259,0.174509,0.442001,101.269,0,0,2162.91,-0.935312,-2.36767
26.5497,0.138085,0.189056,0.510641,101.269,0,0,2165.1,0.2118,-2.89416
26.5747,0.162551,0.202989,0.569112,101.269,0,0,2167.19,1.49492,-3.45309
26.5997,0.185034,0.21738,0.614235,101.269,0,0,2169.21,2.88455,-4.03991
26.6247,0.204664,0.233333,0.64362,101.269,0,0,2171.17,4.34812,-4.65076
26.6497,0.220642,0.2518,0.655765,101.269,0,0,2173.1,5.85173,-5.28261
26.6747,0.23223,0.273415,0.650094,101.269,0,0,2175.01,7.36132,-5.93333
26.6997,0.238761,0.298372,0.626935,101.269,0,0,2176.94,8.84325,-6.60173
26.7247,0.239699,0.326358,0.587475,101.269,0,0,2178.9,10.265,-7.2874
26.7497,0.234759,0.356568,0.5337,101.269,0,0,2180.93,11.5961,-7.99061
26.7747,0.224059,0.387814,0.468342,101.269,0,0,2183.01,12.8097,-8.71208
26.7997,0.20828,0.418705,0.394825,101.269,0,0,2185.17,13.8844,-9.45274
26.8247,0.18876,0.447889,0.317197,101.269,0,0,2187.39,14.8068,-10.2135
26.8497,0.167482,0.474287,0.23998,101.269,0,0,2189.66,15.5727,-10.9952
26.8747,0.146929,0.497252,0.167934,101.269,0,0,2191.97,16.1887,-11.7981
26.8997,0.12982,0.516596,0.105728,101.269,0,0,2194.3,16.6719,-12.6221
26.9247,0.118795,0.532471,0.0575627,101.269,0,0,2196.65,17.0485,-13.4666
26.9497,0.116125,0.545135,0.0268277,101.269,0,0,2199,17.3526,-14.3303
26.9747,0.123474,0.554694,0.0158198,101.269,0,0,2201.35,17.6231,-15.2113
26.9997,0.141721,0.560894,0.0255409,101.269,0,0,2203.69,17.9015,-16.1071
27.0247,0.170818,0.563054,0.0555572,101.269,0,0,2206.02,18.2294,-17.0146
27.0497,0.209686,0.560183,0.103934,101.269,0,0,2208.33,18.6456,-17.93
27.0747,0.256226,0.551265,0.167299,101.269,0,0,2210.62,19.1837,-18.8493
27.0997,0.307512,0.535641,0.241113,101.269,0,0,2212.86,19.8699,-19.7678
27.1247,0.360217,0.513366,0.320158,101.269,0,0,2215.05,20.7206,-20.6806
27.1497,0.411168,0.485409,0.39915,101.269,0,0,2217.17,21.7422,-21.583
27.1747,0.457832,0.453619,0.473288,101.269,0,0,2219.21,22.9303,-22.47
27.1997,0.498589,0.420486,0.538594,101.269,0,0,2221.16,24.2715,-23.3374
27.2247,0.53273,0.388781,0.592017,101.269,0,0,2223.03,25.7448,-24.181
27.2497,0.560251,0.361193,0.631375,101.269,0,0,2224.81,27.3245,-24.9973
27.2747,0.581554,0.340018,0.65525,101.269,0,0,2226.54,28.9818,-25.7835
27.2997,0.597158,0.326944,0.662897,101.269,0,0,2228.24,30.6868,-26.5368
27.3247,0.607481,0.322916,0.654193,101.269,0,0,2229.94,32.4089,-27.2551
27.3497,0.612721,0.328079,0.629611,101.269,0,0,2231.66,34.1173,-27.9362
27.3747,0.612863,0.34177,0.590189,101.269,0,0,2233.45,35.781,-28.5782
27.3997,0.607788,0.362573,0.537512,101.269,0,0,2235.31,37.3697,-29.1793
27.4247,0.597472,0.388441,0.473692,101.269,0,0,2237.27,38.8544,-29.7376
27.4497,0.582219,0.416886,0.401382,101.269,0,0,2239.33,40.2099,-30.2514
27.4747,0.562877,0.445233,0.323798,101.269,0,0,2241.5,41.4171,-30.7191
27.4997,0.540971,0.470913,0.244708,101.269,0,0,2243.75,42.4654,-31.1391
27.5247,0.518674,0.491725,0.168323,101.269,0,0,2246.08,43.3543,-31.5102
27.5497,0.498585,0.506011,0.0990288,101.269,0,0,2248.47,44.0948,-31.8312
27.5747,0.483334,0.512691,0.0409625,101.269,0,0,2250.9,44.7086,-32.101
27.5997,0.475117,0.511158,-0.00247588,101.269,0,0,2253.36,45.2263,-32.3184
27.6247,0.475289,0.501094,-0.0290621,101.269,0,0,2255.83,45.686,-32.4822
27.6497,0.48412,0.48231,-0.0380198,101.269,0,0,2258.31,46.1295,-32.5906
27.6747,0.500771,0.454694,-0.0300719,101.269,0,0,2260.79,46.6001,-32.642
27.6997,0.523478,0.418291,-0.00727072,101.269,0,0,2263.25,47.1395,-32.6343
27.7247,0.549903,0.373474,0.0273471,101.269,0,0,2265.69,47.7845,-32.5652
27.7497,0.577571,0.321135,0.0701934,101.269,0,0,2268.08,48.5645,-32.4326
27.7747,0.604294,0.262793,0.117541,101.269,0,0,2270.41,49.4993,-32.2345
27.7997,0.628484,0.20057,0.165827,101.269,0,0,2272.67,50.5977,-31.9695
27.8247,0.649316,0.137047,0.211802,101.269,0,0,2274.83,51.8568,-31.6366
27.8497,0.666744,0.075038,0.252563,101.269,0,0,2276.88,53.2639,-31.2354
27.8747,0.681383,0.0173344,0.285538,101.269,0,0,2278.82,54.7977,-30.7662
27.8997,0.694319,-0.0335141,0.308483,101.269,0,0,2280.67,56.4315,-30.2295
27.9247,0.706841,-0.0753601,0.31956,101.269,0,0,2282.43,58.1352,-29.6264
27.9497,0.720158,-0.106555,0.317473,101.269,0,0,2284.12,59.8779,-28.9577
27.9747,0.735123,-0.125997,0.30164,101.269,0,0,2285.78,61.6283,-28.2242
27.9997,0.752038,-0.133171,0.272331,101.269,0,0,2287.44,63.356,-27.4265
28.0247,0.77059,-0.128188,0.230692,101.269,0,0,2289.11,65.031,-26.5651
28.0497,0.789945,-0.111845,0.178646,101.269,0,0,2290.83,66.6248,-25.6401
28.0747,0.808978,-0.0856568,0.118665,101.269,0,0,2292.62,68.1104,-24.6518
28.0997,0.826566,-0.051833,0.0535192,101.269,0,0,2294.46,69.4645,-23.6005
28.1247,0.841864,-0.0131724,-0.0139539,101.269,0,0,2296.38,70.6691,-22.487
28.1497,0.854492,0.0271289,-0.0809909,101.269,0,0,2298.35,71.7137,-21.3125
28.1747,0.864609,0.0657237,-0.144968,101.269,0,0,2300.36,72.5968,-20.0786
28.1997,0.872866,0.0993734,-0.203438,101.269,0,0,2302.4,73.3267,-18.7875
28.2247,0.88025,0.125179,-0.254188,101.269,0,0,2304.45,73.9208,-17.4418
28.2497,0.887857,0.140755,-0.295361,101.269,0,0,2306.49,74.4043,-16.0442
28.2747,0.89662,0.144339,-0.32562,101.269,0,0,2308.52,74.8084,-14.5973
28.2997,0.90708,0.134854,-0.344309,101.269,0,0,2310.52,75.1673,-13.1038
28.3247,0.91925,0.111943,-0.351542,101.269,0,0,2312.49,75.5158,-11.5659
28.3497,0.93263,0.0759947,-0.348172,101.269,0,0,2314.42,75.8875,-9.98569
28.3747,0.946351,0.028161,-0.335632,101.269,0,0,2316.3,76.3116,-8.36501
28.3997,0.95941,-0.0296568,-0.315735,101.269,0,0,2318.13,76.8118,-6.70543
28.4247,0.970917,-0.0948754,-0.290467,101.269,0,0,2319.9,77.4046,-5.00839
28.4497,0.980303,-0.164363,-0.261862,101.269,0,0,2321.59,78.0979,-3.27535
28.4747,0.987464,-0.234636,-0.23196,101.269,0,0,2323.21,78.8914,-1.50776
28.4997,0.992831,-0.302088,-0.20283,101.269,0,0,2324.73,79.7773,0.292852
28.5247,0.997358,-0.363239,-0.176597,101.269,0,0,2326.17,80.7412,2.1249
28.5497,1.00241,-0.414946,-0.155399,101.269,0,0,2327.53,81.7647,3.98673
28.5747,1.00955,-0.454576,-0.141236,101.269,0,0,2328.82,82.8264,5.87668
28.5997,1.02015,-0.480109,-0.135679,101.269,0,0,2330.05,83.9043,7.79305
28.6247,1.03505,-0.49021,-0.139537,101.269,0,0,2331.26,84.9761,9.73413
28.6497,1.05427,-0.484276,-0.152604,101.269,0,0,2332.44,86.02,11.6981
28.6747,1.07696,-0.462498,-0.173651,101.269,0,0,2333.64,87.0146,13.6832
28.6997,1.10168,-0.425917,-0.200674,101.269,0,0,2334.86,87.9396,15.6872
28.7247,1.12676,-0.376446,-0.231319,101.269,0,0,2336.11,88.7756,17.7078
28.7497,1.15072,-0.316818,-0.263278,101.269,0,0,2337.41,89.5058,19.7425
28.7747,1.17258,-0.25044,-0.294553,101.269,0,0,2338.75,90.1166,21.7882
28.7997,1.1919,-0.181179,-0.323527,101.269,0,0,2340.13,90.5996,23.8419
28.8247,1.20872,-0.113102,-0.348919,101.269,0,0,2341.55,90.9523,25.9001
28.8497,1.22352,-0.0502107,-0.369699,101.269,0,0,2342.98,91.1786,27.9595
28.8747,1.23698,0.00380687,-0.385027,101.269,0,0,2344.44,91.2893,30.0167
28.8997,1.24985,0.0457914,-0.39425,101.269,0,0,2345.9,91.3006,32.0685
28.9247,1.26279,0.0732859,-0.396959,101.269,0,0,2347.38,91.2337,34.1121
28.9497,1.2762,0.0846655,-0.393066,101.269,0,0,2348.87,91.1128,36.1447
28.9747,1.29014,0.0792264,-0.382851,101.269,0,0,2350.37,90.9642,38.1641
28.9997,1.30433,0.0572328,-0.366945,101.269,0,0,2351.89,90.8148,40.1682
29.0247,1.31823,0.0199175,-0.346227,101.269,0,0,2353.44,90.691,42.1553
29.0497,1.3312,-0.0305711,-0.321681,101.269,0,0,2355.01,90.6168,44.1238
29.0747,1.34262,-0.0912803,-0.294261,101.269,0,0,2356.61,90.613,46.0728
29.0997,1.35205,-0.158621,-0.264807,101.269,0,0,2358.24,90.6952,48.0011
29.1247,1.35921,-0.22858,-0.234035,101.269,0,0,2359.88,90.8727,49.9081
29.1497,1.36412,-0.296964,-0.202574,101.269,0,0,2361.53,91.1478,51.7934
29.1747,1.36703,-0.359656,-0.171043,101.269,0,0,2363.19,91.5154,53.6563
29.1997,1.36845,-0.41286,-0.140117,101.269,0,0,2364.85,91.9634,55.4966
29.2247,1.3691,-0.453331,-0.110544,101.269,0,0,2366.53,92.4737,57.3136
29.2497,1.36983,-0.478564,-0.0830982,101.269,0,0,2368.21,93.0232,59.1063
29.2747,1.37145,-0.486927,-0.0584456,101.269,0,0,2369.92,93.5854,60.8736
29.2997,1.37455,-0.47775,-0.0369817,101.269,0,0,2371.66,94.1307,62.6134
29.3247,1.37943,-0.451349,-0.0187139,101.269,0,0,2373.45,94.6286,64.3236
29.3497,1.38604,-0.409004,-0.00324919,101.269,0,0,2375.28,95.048,66.0011
29.3747,1.39415,-0.352891,0.0101141,101.269,0,0,2377.17,95.3596,67.6424
29.3997,1.40341,-0.285969,0.0222423,101.269,0,0,2379.11,95.5374,69.2438
29.4247,1.4136,-0.211819,0.0340337,101.269,0,0,2381.09,95.5611,70.8013
29.4497,1.42457,-0.134451,0.046329,101.269,0,0,2383.11,95.4182,72.3112
29.4747,1.43638,-0.0580806,0.0598602,101.269,0,0,2385.14,95.1048,73.7698
29.4997,1.44914,0.0131016,0.075216,101.269,0,0,2387.18,94.6271,75.1739
29.5247,1.46304,0.0751703,0.0928031,101.269,0,0,2389.21,94,76.521
29.5497,1.47815,0.124686,0.112797,101.269,0,0,2391.25,93.2464,77.8088
29.5747,1.49443,0.158893,0.135092,101.269,0,0,2393.28,92.3951,79.0356
29.5997,1.51159,0.175887,0.159291,101.269,0,0,2395.32,91.4796,80.2
29.6247,1.52916,0.174735,0.184748,101.269,0,0,2397.38,90.536,81.301
29.6497,1.54655,0.155538,0.210689,101.269,0,0,2399.48,89.602,82.3377
29.6747,1.56319,0.119428,0.236359,101.269,0,0,2401.63,88.7154,83.3095
29.6997,1.57864,0.0685066,0.261163,101.269,0,0,2403.85,87.9123,84.2161
29.7247,1.59263,0.00571047,0.284747,101.269,0,0,2406.12,87.2257,85.0577
29.7497,1.60508,-0.0653602,0.30701,101.269,0,0,2408.46,86.6825,85.8349
29.7747,1.61602,-0.140655,0.328072,101.269,0,0,2410.84,86.3015,86.5492
29.7997,1.62554,-0.215907,0.348215,101.269,0,0,2413.27,86.0913,87.2024
29.8247,1.63374,-0.286872,0.36783,101.269,0,0,2415.72,86.0492,87.7971
29.8497,1.6407,-0.349569,0.387355,101.269,0,0,2418.18,86.1614,88.3359
29.8747,1.6465,-0.400501,0.40722,101.269,0,0,2420.64,86.4039,88.822
29.8997,1.6512,-0.436848,0.427783,101.269,0,0,2423.1,86.7444,89.2581
29.9247,1.65498,-0.456626,0.449268,101.269,0,0,2425.56,87.145,89.647
29.9497,1.65811,-0.458797,0.471728,101.269,0,0,2428.02,87.5637,89.9906
29.9747,1.66101,-0.443328,0.495051,101.269,0,0,2430.5,87.9572,90.2905
29.9997,1.66414,-0.411196,0.519007,101.269,0,0,2432.98,88.2833,90.5477
30.0247,1.66801,-0.364332,0.543325,101.269,0,0,2435.49,88.5024,90.7627
30.0497,1.67306,-0.305513,0.567749,101.269,0,0,2438,88.5808,90.9358
30.0747,1.67961,-0.238202,0.592063,101.269,0,0,2440.52,88.4927,91.067
30.0997,1.68787,-0.166346,0.616069,101.269,0,0,2443.02,88.222,91.1563
30.1247,1.69791,-0.0941503,0.639534,101.269,0,0,2445.5,87.7645,91.2039
30.1497,1.70965,-0.025828,0.662136,101.269,0,0,2447.94,87.1271,91.2104
30.1747,1.72284,0.0346467,0.683401,101.269,0,0,2450.33,86.3277,91.1765
30.1997,1.73708,0.0837739,0.702684,101.269,0,0,2452.67,85.3928,91.1033
30.2247,1.75185,0.118733,0.719196,101.269,0,0,2454.97,84.3557,90.9925
30.2497,1.7666,0.137544,0.732089,101.269,0,0,2457.23,83.2536,90.8457
30.2747,1.78088,0.139172,0.740585,101.269,0,0,2459.48,82.1262,90.6651
30.2997,1.79444,0.123575,0.744115,101.269,0,0,2461.73,81.014,90.4532
30.3247,1.80736,0.0916949,0.742409,101.269,0,0,2464.01,79.9571,90.2131
30.3497,1.81999,0.0453997,0.73551,101.269,0,0,2466.32,78.9936,89.948
30.3747,1.8329,-0.0126224,0.723733,101.269,0,0,2468.69,78.1579,89.6621
30.3997,1.84674,-0.0790076,0.70759,101.269,0,0,2471.09,77.4788,89.3599
30.4247,1.86211,-0.149903,0.687745,101.269,0,0,2473.54,76.9771,89.0462
30.4497,1.87941,-0.22119,0.665019,101.269,0,0,2476.03,76.6633,88.7264
30.4747,1.89872,-0.288725,0.640432,101.269,0,0,2478.52,76.5367,88.406
30.4997,1.91971,-0.348606,0.615282,101.269,0,0,2481.02,76.585,88.0902
30.5247,1.9416,-0.397409,0.59117,101.269,0,0,2483.52,76.7856,87.7842
30.5497,1.96326,-0.432404,0.569933,101.269,0,0,2486,77.1068,87.4927
30.5747,1.98342,-0.451696,0.553431,101.269,0,0,2488.48,77.5106,87.2199
30.5997,2.001,-0.454302,0.543218,101.269,0,0,2490.95,77.9547,86.9694
30.6247,2.0154,-0.44015,0.540216,101.269,0,0,2493.42,78.3951,86.7442
30.6497,2.02672,-0.410043,0.544534,101.269,0,0,2495.9,78.7878,86.5469
30.6747,2.03567,-0.365595,0.555499,101.269,0,0,2498.4,79.0913,86.3794
30.6997,2.04335,-0.309155,0.571856,101.269,0,0,2500.91,79.2689,86.2432
30.7247,2.05094,-0.243695,0.592026,101.269,0,0,2503.43,79.2909,86.1392
30.7497,2.05943,-0.172662,0.614304,101.269,0,0,2505.95,79.1367,86.0677
30.7747,2.06944,-0.0997827,0.636952,101.269,0,0,2508.44,78.7971,86.0288
30.7997,2.08116,-0.0288321,0.658213,101.269,0,0,2510.91,78.2741,86.0222
30.8247,2.09431,0.0366073,0.676279,101.269,0,0,2513.33,77.5812,86.047
30.8497,2.10823,0.0933696,0.689301,101.269,0,0,2515.71,76.7413,86.1028
30.8747,2.12201,0.138888,0.695453,101.269,0,0,2518.04,75.7849,86.189
30.8997,2.1347,0.171316,0.693095,101.269,0,0,2520.34,74.7477,86.3053
30.9247,2.14559,0.189593,0.680989,101.269,0,0,2522.61,73.6682,86.4523
30.9497,2.15437,0.193457,0.658508,101.269,0,0,2524.88,72.5865,86.631
30.9747,2.1613,0.183437,0.625753,101.269,0,0,2527.17,71.5423,86.8433
30.9997,2.16713,0.16083,0.583535,101.269,0,0,2529.48,70.5738,87.0919
31.0247,2.17298,0.127668,0.533246,101.269,0,0,2531.84,69.7163,87.3801
31.0497,2.18,0.0866355,0.476663,101.269,0,0,2534.23,68.9992,87.7117
31.0747,2.18921,0.0409405,0.415796,101.269,0,0,2536.66,68.445,88.0908
31.0997,2.2012,-0.00588509,0.352796,101.269,0,0,2539.12,68.0661,88.5213
31.1247,2.21608,-0.0502346,0.289936,101.269,0,0,2541.58,67.8641,89.0069
31.1497,2.23338,-0.0886977,0.229617,101.269,0,0,2544.04,67.8289,89.5507
31.1747,2.25221,-0.118313,0.174331,101.269,0,0,2546.49,67.9398,90.1551
31.1997,2.27141,-0.136761,0.126532,101.269,0,0,2548.91,68.1669,90.822
31.2247,2.28984,-0.142479,0.0884183,101.269,0,0,2551.3,68.4736,91.5522
31.2497,2.30667,-0.134688,0.0616711,101.269,0,0,2553.67,68.8192,92.3462
31.2747,2.32158,-0.113362,0.0472402,101.269,0,0,2556.02,69.1609,93.2036
31.2997,2.3349,-0.0791785,0.0452469,101.269,0,0,2558.35,69.4564,94.1237
31.3247,2.34747,-0.0334649,0.0550295,101.269,0,0,2560.66,69.6659,95.1048
31.3497,2.36047,0.0218513,0.0752889,101.269,0,0,2562.96,69.7544,96.1451
31.3747,2.37513,0.0843162,0.104262,101.269,0,0,2565.22,69.6939,97.2416
31.3997,2.39242,0.151069,0.139848,101.269,0,0,2567.46,69.4649,98.3911
31.4247,2.41285,0.219024,0.179662,101.269,0,0,2569.64,69.0584,99.5895
31.4497,2.43626,0.285103,0.221008,101.269,0,0,2571.75,68.4758,100.832
31.4747,2.46172,0.346486,0.260844,101.269,0,0,2573.79,67.7285,102.115
31.4997,2.48757,0.400838,0.295801,101.269,0,0,2575.75,66.8361,103.432
31.5247,2.51155,0.446444,0.322348,101.269,0,0,2577.62,65.8242,104.779
31.5497,2.53123,0.482225,0.337117,101.269,0,0,2579.43,64.722,106.153
31.5747,2.54441,0.507642,0.337356,101.269,0,0,2581.18,63.5603,107.549
31.5997,2.5496,0.522536,0.321395,101.269,0,0,2582.89,62.3703,108.965
31.6247,2.54643,0.526999,0.288991,101.269,0,0,2584.59,61.182,110.399
31.6497,2.53569,0.521349,0.241431,101.269,0,0,2586.3,60.0243,111.85
31.6747,2.51923,0.506223,0.181365,101.269,0,0,2588.03,58.9241,113.317
31.6997,2.49957,0.482727,0.112403,101.269,0,0,2589.79,57.905,114.801
31.7247,2.47936,0.452558,0.0385899,101.269,0,0,2591.6,56.9861,116.302
31.7497,2.46095,0.418015,-0.0360634,101.269,0,0,2593.44,56.1807,117.819
31.7747,2.44606,0.381861,-0.107901,101.269,0,0,2595.32,55.4944,119.354
31.7997,2.43567,0.347084,-0.173759,101.269,0,0,2597.23,54.9242,120.907
31.8247,2.43012,0.316604,-0.230965,101.269,0,0,2599.14,54.4586,122.477
31.8497,2.42932,0.292997,-0.277304,101.269,0,0,2601.07,54.0784,124.063
31.8747,2.43292,0.278271,-0.310993,101.269,0,0,2602.99,53.7574,125.665
31.8997,2.44066,0.273716,-0.330695,101.269,0,0,2604.9,53.465,127.282
31.9247,2.45243,0.279817,-0.335564,101.269,0,0,2606.8,53.1678,128.91
31.9497,2.46845,0.29623,-0.325282,101.269,0,0,2608.69,52.8318,130.547
31.9747,2.48922,0.321801,-0.300082,101.269,0,0,2610.56,52.4247,132.191
31.9997,2.51537,0.354636,-0.260764,101.269,0,0,2612.4,51.9178,133.838
32.0247,2.54746,0.392234,-0.208722,101.269,0,0,2614.2,51.2881,135.484
32.0497,2.58569,0.431699,-0.146017,101.269,0,0,2615.96,50.5199,137.126
32.0747,2.62954,0.47003,-0.0754857,101.269,0,0,2617.65,49.6059,138.758
32.0997,2.67762,0.504478,-0.000827394,101.269,0,0,2619.26,48.5472,140.378
32.1247,2.72755,0.532893,0.0734434,101.269,0,0,2620.8,47.3526,141.982
32.1497,2.77626,0.553971,0.142277,101.269,0,0,2622.25,46.0372,143.565
32.1747,2.82039,0.567308,0.200605,101.269,0,0,2623.64,44.6201,145.126
32.1997,2.8569,0.573229,0.243975,101.269,0,0,2624.96,43.123,146.661
32.2247,2.88363,0.572462,0.269105,101.269,0,0,2626.26,41.5686,148.168
32.2497,2.89949,0.565778,0.274228,101.269,0,0,2627.54,39.9801,149.646
32.2747,2.90461,0.553739,0.259199,101.269,0,0,2628.85,38.3807,151.093
32.2997,2.90019,0.536622,0.225414,101.269,0,0,2630.21,36.7943,152.506
32.3247,2.88829,0.514522,0.175599,101.269,0,0,2631.64,35.2455,153.885
32.3497,2.87155,0.487568,0.113499,101.269,0,0,2633.17,33.7585,155.226
32.3747,2.85281,0.456163,0.0434917,101.269,0,0,2634.81,32.3565,156.529
32.3997,2.83476,0.421146,-0.0298167,101.269,0,0,2636.57,31.0593,157.791
32.4247,2.81958,0.383811,-0.101948,101.269,0,0,2638.44,29.8808,159.011
32.4497,2.8088,0.345786,-0.1688,101.269,0,0,2640.4,28.8271,160.186
32.4747,2.80322,0.308818,-0.226785,101.269,0,0,2642.45,27.895,161.316
32.4997,2.80303,0.274522,-0.272892,101.269,0,0,2644.58,27.0712,162.398
32.5247,2.80793,0.244166,-0.304723,101.269,0,0,2646.75,26.3329,163.431
32.5497,2.81737,0.218525,-0.320544,101.269,0,0,2648.97,25.6498,164.414
32.5747,2.83067,0.197823,-0.319356,101.269,0,0,2651.22,24.9858,165.343
32.5997,2.8472,0.18175,-0.300974,101.269,0,0,2653.49,24.3018,166.218
32.6247,2.86636,0.169542,-0.266089,101.269,0,0,2655.75,23.559,167.036
32.6497,2.88761,0.160102,-0.21628,101.269,0,0,2658.01,22.7213,167.794
32.6747,2.91037,0.152146,-0.153985,101.269,0,0,2660.23,21.7584,168.491
32.6997,2.93403,0.144371,-0.0823983,101.269,0,0,2662.4,20.6484,169.125
32.7247,2.95789,0.135605,-0.00530763,101.269,0,0,2664.51,19.3796,169.693
32.7497,2.98118,0.124939,0.0731206,101.269,0,0,2666.52,17.9505,170.195
32.7747,3.00321,0.111795,0.148599,101.269,0,0,2668.44,16.3702,170.63
32.7997,3.02341,0.0959369,0.216991,101.269,0,0,2670.25,14.6556,170.998
32.8247,3.04152,0.0774244,0.274564,101.269,0,0,2671.96,12.83,171.3
32.8497,3.05757,0.0565266,0.318211,101.269,0,0,2673.59,10.9197,171.536
32.8747,3.07193,0.0336408,0.345614,101.269,0,0,2675.16,8.95291,171.707
32.8997,3.08526,0.00923314,0.355354,101.269,0,0,2676.7,6.95794,171.813
32.9247,3.09842,-0.0161852,0.346969,101.269,0,0,2678.24,4.96314,171.854
32.9497,3.1123,-0.0420567,0.320968,101.269,0,0,2679.82,2.99693,171.831
32.9747,3.12774,-0.0677725,0.278792,101.269,0,0,2681.46,1.08787,171.742
32.9997,3.14535,-0.0926891,0.222753,101.269,0,0,2683.2,-0.735745,171.587
33.0247,3.16544,-0.116186,0.155924,101.269,0,0,2685.03,-2.44719,171.366
33.0497,3.18791,-0.137759,0.0819947,101.269,0,0,2686.98,-4.02336,171.076
33.0747,3.21232,-0.15714,0.00507956,101.269,0,0,2689.03,-5.44729,170.719
33.0997,3.23789,-0.174388,-0.0705115,101.269,0,0,2691.17,-6.71063,170.295
33.1247,3.26366,-0.189939,-0.140537,101.269,0,0,2693.38,-7.81529,169.806
33.1497,3.28861,-0.204571,-0.201093,101.269,0,0,2695.65,-8.77401,169.251
33.1747,3.31172,-0.2193,-0.248846,101.269,0,0,2697.95,-9.60969,168.635
33.1997,3.33208,-0.235217,-0.281226,101.269,0,0,2700.26,-10.3536,167.958
33.2247,3.34885,-0.253305,-0.296539,101.269,0,0,2702.57,-11.0427,167.224
33.2497,3.36125,-0.274268,-0.294015,101.269,0,0,2704.87,-11.7169,166.433
33.2747,3.3686,-0.298391,-0.273805,101.269,0,0,2707.14,-12.4161,165.589
33.2997,3.37035,-0.325463,-0.236934,101.269,0,0,2709.37,-13.1767,164.693
33.3247,3.36618,-0.354781,-0.185249,101.269,0,0,2711.55,-14.0298,163.747
33.3497,3.35614,-0.385236,-0.121363,101.269,0,0,2713.65,-14.9978,162.753
33.3747,3.34085,-0.41549,-0.0486049,101.269,0,0,2715.67,-16.0939,161.711
33.3997,3.32156,-0.444209,0.0290557,101.269,0,0,2717.58,-17.3208,160.623
33.4247,3.30017,-0.470302,0.107139,101.269,0,0,2719.39,-18.6717,159.492
33.4497,3.27908,-0.493093,0.180883,101.269,0,0,2721.07,-20.1317,158.319
33.4747,3.26101,-0.512372,0.245571,101.269,0,0,2722.65,-21.6802,157.107
33.4997,3.24859,-0.528291,0.296894,101.269,0,0,2724.13,-23.293,155.856
33.5247,3.24415,-0.541153,0.331304,101.269,0,0,2725.54,-24.9451,154.569
33.5497,3.24946,-0.551135,0.346296,101.269,0,0,2726.89,-26.611,153.247
33.5747,3.26556,-0.558074,0.340617,101.269,0,0,2728.23,-28.2662,151.893
33.5998,3.29257,-0.561366,0.314408,101.269,0,0,2729.58,-29.8861,150.509
33.6248,3.32967,-0.560045,0.269292,101.269,0,0,2730.96,-31.4469,149.095
33.6498,3.37498,-0.553038,0.208347,101.269,0,0,2732.41,-32.9248,147.656
33.6748,3.42573,-0.539537,0.135895,101.269,0,0,2733.94,-34.2974,146.192
33.6998,3.47867,-0.519379,0.0570644,101.269,0,0,2735.55,-35.5448,144.708
33.7248,3.53052,-0.493287,-0.0228017,101.269,0,0,2737.25,-36.6516,143.207
33.7498,3.57858,-0.462897,-0.09873,101.269,0,0,2739.02,-37.6092,141.693
33.7748,3.62098,-0.430555,-0.166515,101.269,0,0,2740.86,-38.417,140.169
33.7998,3.6568,-0.398977,-0.222879,101.269,0,0,2742.75,-39.0835,138.641
33.8248,3.68589,-0.370873,-0.265442,101.269,0,0,2744.68,-39.6256,137.112
33.8498,3.70856,-0.348625,-0.292621,101.269,0,0,2746.64,-40.0681,135.586
33.8748,3.72531,-0.334045,-0.303534,101.269,0,0,2748.62,-40.4414,134.067
33.8998,3.7366,-0.328225,-0.29794,101.269,0,0,2750.61,-40.7796,132.557
33.9248,3.74266,-0.331464,-0.276199,101.269,0,0,2752.61,-41.1181,131.06
33.9498,3.74353,-0.343251,-0.239254,101.269,0,0,2754.62,-41.4917,129.578
33.9748,3.73912,-0.362316,-0.188601,101.269,0,0,2756.62,-41.932,128.111
33.9998,3.72942,-0.386731,-0.12628,101.269,0,0,2758.61,-42.4654,126.661
34.0248,3.71467,-0.414097,-0.0548771,101.269,0,0,2760.59,-43.1112,125.228
34.0498,3.69565,-0.441786,0.0224529,101.269,0,0,2762.53,-43.8801,123.813
34.0748,3.6738,-0.467232,0.10199,101.269,0,0,2764.42,-44.7739,122.415
34.0998,3.65121,-0.488202,0.179544,101.269,0,0,2766.28,-45.7857,121.034
34.1248,3.63044,-0.502984,0.250702,101.269,0,0,2768.08,-46.901,119.67
34.1498,3.61412,-0.510448,0.311232,101.269,0,0,2769.84,-48.0991,118.321
34.1748,3.60456,-0.50995,0.357562,101.269,0,0,2771.57,-49.3554,116.988
34.1998,3.60325,-0.501158,0.387236,101.269,0,0,2773.3,-50.6423,115.671
34.2248,3.61065,-0.483877,0.399208,101.269,0,0,2775.03,-51.9302,114.372
34.2498,3.6261,-0.457972,0.393935,101.269,0,0,2776.8,-53.1885,113.092
34.2748,3.648,-0.423425,0.373242,101.269,0,0,2778.63,-54.3857,111.833
34.2998,3.67407,-0.380504,0.340015,101.269,0,0,2780.53,-55.4909,110.6
34.3248,3.70184,-0.329954,0.297783,101.269,0,0,2782.52,-56.4746,109.397
34.3498,3.72904,-0.273131,0.25029,101.269,0,0,2784.59,-57.3111,108.229
34.3748,3.75394,-0.212011,0.201174,101.269,0,0,2786.74,-57.981,107.099
34.3998,3.77556,-0.149067,0.153781,101.269,0,0,2788.96,-58.4732,106.014
34.4248,3.79369,-0.0870512,0.111109,101.269,0,0,2791.24,-58.7868,104.978
34.4498,3.80885,-0.0287478,0.0758237,101.269,0,0,2793.56,-58.9318,103.995
34.4748,3.82204,0.0232607,0.0502567,101.269,0,0,2795.9,-58.9284,103.068
34.4998,3.83454,0.0667643,0.0363533,101.269,0,0,2798.27,-58.806,102.2
34.5248,3.8476,0.100032,0.0355404,101.269,0,0,2800.65,-58.6006,101.394
34.5498,3.86217,0.121867,0.0485568,101.269,0,0,2803.04,-58.3534,100.65
34.5748,3.87868,0.13164,0.0753068,101.269,0,0,2805.46,-58.1075,99.97
34.5998,3.89695,0.129333,0.114806,101.269,0,0,2807.9,-57.9063,99.3533
34.6248,3.91623,0.115591,0.165258,101.269,0,0,2810.35,-57.7909,98.7995
34.6498,3.93546,0.0917656,0.224256,101.269,0,0,2812.83,-57.7975,98.3073
34.6748,3.95348,0.0599101,0.289038,101.269,0,0,2815.3,-57.955,97.8747
34.6998,3.96938,0.0226891,0.35673,101.269,0,0,2817.78,-58.2828,97.499
34.7248,3.98268,-0.0167931,0.424503,101.269,0,0,2820.22,-58.7892,97.1766
34.7498,3.99342,-0.0552299,0.489663,101.269,0,0,2822.64,-59.4709,96.9035
34.7748,4.00217,-0.0893721,0.549689,101.269,0,0,2825,-60.3138,96.6757
34.7998,4.00984,-0.116265,0.60229,101.269,0,0,2827.32,-61.2944,96.4887
34.8248,4.01752,-0.133434,0.64551,101.269,0,0,2829.59,-62.3825,96.3387
34.8498,4.02619,-0.139005,0.677893,101.269,0,0,2831.82,-63.543,96.2224
34.8748,4.03645,-0.131774,0.698645,101.269,0,0,2834.04,-64.738,96.1369
34.8998,4.04841,-0.111244,0.707736,101.269,0,0,2836.26,-65.9286,96.0805
34.9248,4.06164,-0.0776565,0.705891,101.269,0,0,2838.51,-67.0758,96.0522
34.9498,4.07534,-0.0320082,0.694459,101.269,0,0,2840.79,-68.1418,96.0516
34.9748,4.08849,0.0239503,0.675205,101.269,0,0,2843.13,-69.092,96.0789
34.9998,4.10016,0.0877711,0.650109,101.269,0,0,2845.52,-69.8965,96.1348
35.0248,4.10973,0.15643,0.621221,101.269,0,0,2847.96,-70.533,96.2202
35.0498,4.11699,0.226509,0.590607,101.269,0,0,2850.43,-70.9886,96.3356
35.0748,4.12229,0.29443,0.560362,101.269,0,0,2852.93,-71.2613,96.4817
35.0998,4.12652,0.356694,0.532643,101.269,0,0,2855.45,-71.361,96.6584
35.1248,4.13101,0.410107,0.509645,101.269,0,0,2857.96,-71.3082,96.8654
35.1498,4.13735,0.451955,0.493467,101.269,0,0,2860.46,-71.133,97.1018
35.1748,4.14702,0.480119,0.485837,101.269,0,0,2862.96,-70.8726,97.3662
35.1998,4.16103,0.493147,0.487767,101.269,0,0,2865.44,-70.5689,97.6566
35.2248,4.17956,0.490297,0.499269,101.269,0,0,2867.93,-70.266,97.9704
35.2499,4.20192,0.471595,0.519284,101.269,0,0,2870.41,-70.0082,98.3045
35.2749,4.22671,0.437901,0.545891,101.269,0,0,2872.91,-69.8376,98.655
35.2999,4.25223,0.390942,0.576713,101.269,0,0,2875.4,-69.7915,99.0179
35.3249,4.2769,0.333283,0.609351,101.269,0,0,2877.89,-69.9003,99.3882
35.3499,4.29959,0.268198,0.641682,101.269,0,0,2880.37,-70.1853,99.7609
35.3749,4.31971,0.199471,0.67197,101.269,0,0,2882.82,-70.6569,100.13
35.3999,4.33724,0.131142,0.698841,101.269,0,0,2885.22,-71.3139,100.492
35.4249,4.35256,0.0672329,0.721194,101.269,0,0,2887.58,-72.1443,100.839
35.4499,4.36633,0.0115013,0.738132,101.269,0,0,2889.88,-73.1262,101.169
35.4749,4.37931,-0.0327877,0.748945,101.269,0,0,2892.12,-74.2306,101.475
35.4999,4.39221,-0.0630404,0.753158,101.269,0,0,2894.33,-75.423,101.755
35.5249,4.4055,-0.0774728,0.750605,101.269,0,0,2896.51,-76.6663,102.005
35.5499,4.41929,-0.075206,0.741489,101.269,0,0,2898.68,-77.9216,102.223
35.5749,4.43339,-0.0563214,0.726381,101.269,0,0,2900.88,-79.1495,102.405
35.5999,4.44728,-0.0218702,0.706129,101.269,0,0,2903.11,-80.3117,102.551
35.6249,4.46033,0.0261677,0.681721,101.269,0,0,2905.4,-81.3718,102.657
35.6499,4.47189,0.0849836,0.654143,101.269,0,0,2907.74,-82.2975,102.723
35.6749,4.48147,0.151097,0.624286,101.269,0,0,2910.14,-83.0629,102.747
35.6999,4.48876,0.220562,0.592915,101.269,0,0,2912.59,-83.6504,102.728
35.7249,4.49372,0.289205,0.56071,101.269,0,0,2915.08,-84.0531,102.667
35.7499,4.49658,0.352882,0.52833,101.269,0,0,2917.59,-84.2757,102.561
35.7749,4.49783,0.407728,0.49649,101.269,0,0,2920.11,-84.3341,102.412
35.7999,4.49821,0.450392,0.46599,101.269,0,0,2922.62,-84.2544,102.219
35.8249,4.49859,0.47823,0.437666,101.269,0,0,2925.12,-84.0709,101.981
35.8499,4.49983,0.489455,0.412264,101.269,0,0,2927.62,-83.8233,101.698
35.8749,4.50261,0.483222,0.390266,101.269,0,0,2930.1,-83.5546,101.369
35.8999,4.50726,0.459669,0.371749,101.269,0,0,2932.58,-83.3082,100.992
35.9249,4.51377,0.419904,0.356358,101.269,0,0,2935.06,-83.1261,100.566
35.9499,4.52187,0.365939,0.343388,101.269,0,0,2937.54,-83.0461,100.086
35.9749,4.53121,0.300592,0.331936,101.269,0,0,2940,-83.0994,99.5517
35.9999,4.54145,0.227335,0.321047,101.269,0,0,2942.44,-83.3087,98.9592
36.0249,4.55244,0.150105,0.309821,101.269,0,0,2944.85,-83.686,98.3061
36.0499,4.56416,0.0730912,0.297461,101.269,0,0,2947.2,-84.2321,97.5904
36.0749,4.57675,0.000498459,0.283312,101.269,0,0,2949.49,-84.9366,96.8103
36.0999,4.59039,-0.0636875,0.266895,101.269,0,0,2951.71,-85.7797,95.9651
36.1249,4.60521,-0.115925,0.247951,101.269,0,0,2953.86,-86.7334,95.0542
36.1499,4.62121,-0.153323,0.226495,101.269,0,0,2955.95,-87.7652,94.0778
36.1749,4.63819,-0.173806,0.202844,101.269,0,0,2957.98,-88.8392,93.0364
36.1999,4.65572,-0.176253,0.177587,101.269,0,0,2959.97,-89.9188,91.9306
36.2249,4.67322,-0.160566,0.151484,101.269,0,0,2961.94,-90.9676,90.7613
36.2499,4.69011,-0.127685,0.125321,101.269,0,0,2963.91,-91.9506,89.5296
36.2749,4.70587,-0.0795373,0.0997557,101.269,0,0,2965.89,-92.8357,88.2367
36.2999,4.7202,-0.0189159,0.0752272,101.269,0,0,2967.87,-93.5948,86.8841
36.3249,4.73294,0.0506856,0.0519195,101.269,0,0,2969.87,-94.2058,85.4739
36.3499,4.7441,0.12528,0.0297893,101.269,0,0,2971.87,-94.6539,84.0084
36.3749,4.75376,0.200618,0.00861811,101.269,0,0,2973.87,-94.9334,82.4905
36.3999,4.76203,0.272429,-0.0119263,101.269,0,0,2975.84,-95.0478,80.9235
36.4249,4.76901,0.336662,-0.0322313,101.269,0,0,2977.78,-95.0097,79.3112
36.4499,4.77482,0.389712,-0.0526816,101.269,0,0,2979.67,-94.8395,77.657
36.4749,4.77956,0.428622,-0.0736001,101.269,0,0,2981.52,-94.5632,75.9648
36.4999,4.78342,0.451243,-0.0951938,101.269,0,0,2983.32,-94.2104,74.2377
36.5249,4.7867,0.456361,-0.11752,101.269,0,0,2985.09,-93.8125,72.4787
36.5499,4.78976,0.443762,-0.140492,101.269,0,0,2986.82,-93.4004,70.69
36.5749,4.79308,0.414246,-0.163919,101.269,0,0,2988.52,-93.0036,68.8737
36.5999,4.79711,0.369582,-0.187579,101.269,0,0,2990.2,-92.6487,67.0309
36.6249,4.80226,0.31241,-0.211265,101.269,0,0,2991.87,-92.358,65.1628
36.6499,4.80885,0.246084,-0.234809,101.269,0,0,2993.53,-92.1488,63.27
36.6749,4.81707,0.174486,-0.258062,101.269,0,0,2995.16,-92.0315,61.3533
36.6999,4.82703,0.101794,-0.280847,101.269,0,0,2996.77,-92.0099,59.4132
36.7249,4.83864,0.0322416,-0.302897,101.269,0,0,2998.35,-92.0801,57.4504
36.7499,4.85172,-0.0301316,-0.323801,101.269,0,0,2999.9,-92.2317,55.4658
36.7749,4.86589,-0.081718,-0.342973,101.269,0,0,3001.41,-92.4483,53.4605
36.7999,4.88067,-0.119555,-0.359668,101.269,0,0,3002.89,-92.7092,51.4357
36.8249,4.89551,-0.141493,-0.373057,101.269,0,0,3004.34,-92.9906,49.3929
36.8499,4.90995,-0.146318,-0.382348,101.269,0,0,3005.77,-93.2672,47.334
36.875,4.92369,-0.133803,-0.386925,101.269,0,0,3007.19,-93.5133,45.2609
36.9,4.93673,-0.104715,-0.386451,101.269,0,0,3008.59,-93.704,43.1758
36.925,4.94938,-0.0607614,-0.380899,101.269,0,0,3009.99,-93.8162,41.0813
36.95,4.96214,-0.00449695,-0.370519,101.269,0,0,3011.39,-93.83,38.9803
36.975,4.97566,0.0608185,-0.355769,101.269,0,0,3012.77,-93.7297,36.8758
37,4.99054,0.131399,-0.337262,101.269,0,0,3014.14,-93.505,34.771
37.025,5.00723,0.203146,-0.315759,101.269,0,0,3015.49,-93.1518,32.6693
37.05,5.02588,0.271894,-0.292205,101.269,0,0,3016.81,-92.6726,30.5739
37.075,5.04626,0.333666,-0.2678,101.269,0,0,3018.09,-92.0754,28.488
37.1,5.06772,0.38492,-0.24404,101.269,0,0,3019.34,-91.3734,26.4144
37.125,5.08922,0.422769,-0.222676,101.269,0,0,3020.57,-90.5834,24.3559
37.15,5.10953,0.44514,-0.205534,101.269,0,0,3021.77,-89.7244,22.3147
37.175,5.12753,0.450868,-0.194213,101.269,0,0,3022.98,-88.8171,20.293
37.2,5.14256,0.439709,-0.189756,101.269,0,0,3024.2,-87.8831,18.2927
37.225,5.15455,0.412309,-0.192435,101.269,0,0,3025.45,-86.9444,16.3156
37.25,5.1641,0.370152,-0.201742,101.269,0,0,3026.75,-86.0236,14.3633
37.275,5.17222,0.315475,-0.216557,101.269,0,0,3028.12,-85.1425,12.4376
37.3,5.18005,0.251168,-0.235395,101.269,0,0,3029.56,-84.3219,10.5401
37.325,5.1886,0.180625,-0.256612,101.269,0,0,3031.09,-83.5794,8.67218
37.35,5.19854,0.10756,-0.278516,101.269,0,0,3032.69,-82.9281,6.83547
37.375,5.21013,0.0357755,-0.299388,101.269,0,0,3034.36,-82.3745,5.03134
37.4,5.22317,-0.0310764,-0.317462,101.269,0,0,3036.09,-81.9177,3.26112
37.425,5.23705,-0.0897225,-0.330912,101.269,0,0,3037.89,-81.5486,1.52614
37.45,5.25091,-0.137461,-0.337918,101.269,0,0,3039.73,-81.2502,-0.172212
37.475,5.2638,-0.172295,-0.336804,101.269,0,0,3041.61,-80.9989,-1.8324
37.5,5.27495,-0.19301,-0.326257,101.269,0,0,3043.53,-80.7654,-3.45266
37.525,5.28397,-0.199192,-0.305534,101.269,0,0,3045.48,-80.5171,-5.03093
37.55,5.29104,-0.191227,-0.274607,101.269,0,0,3047.46,-80.2198,-6.56481
37.575,5.29683,-0.170284,-0.234166,101.269,0,0,3049.46,-79.8401,-8.05165
37.6,5.30242,-0.138277,-0.185501,101.269,0,0,3051.47,-79.3479,-9.48862
37.625,5.309,-0.0977998,-0.130314,101.269,0,0,3053.48,-78.7184,-10.8729
37.65,5.31761,-0.0520005,-0.0705507,101.269,0,0,3055.47,-77.9345,-12.2017
37.675,5.32895,-0.00439576,-0.0083016,101.269,0,0,3057.43,-76.9884,-13.4728
37.7,5.34322,0.0413734,0.054226,101.269,0,0,3059.35,-75.8815,-14.6842
37.725,5.36005,0.0818118,0.114698,101.269,0,0,3061.21,-74.6245,-15.8345
37.75,5.37864,0.11383,0.170675,101.269,0,0,3063.01,-73.2352,-16.9227
37.775,5.39785,0.134955,0.219716,101.269,0,0,3064.76,-71.7372,-17.9482
37.8,5.41651,0.143457,0.259579,101.269,0,0,3066.47,-70.1577,-18.9105
37.825,5.43369,0.138401,0.288484,101.269,0,0,3068.17,-68.526,-19.8092
37.85,5.44899,0.119618,0.305338,101.269,0,0,3069.88,-66.8727,-20.6439
37.875,5.46258,0.0876656,0.309865,101.269,0,0,3071.63,-65.2293,-21.4137
37.9,5.47523,0.043766,0.302583,101.269,0,0,3073.45,-63.6278,-22.1179
37.925,5.48805,-0.0102406,0.284673,101.269,0,0,3075.35,-62.0999,-22.7556
37.95,5.50227,-0.0719662,0.257806,101.269,0,0,3077.35,-60.6761,-23.3258
37.975,5.51894,-0.138587,0.224004,101.269,0,0,3079.46,-59.3827,-23.8283
38,5.53865,-0.207012,0.185572,101.269,0,0,3081.66,-58.2404,-24.2628
38.025,5.56139,-0.274113,0.145115,101.269,0,0,3083.96,-57.2608,-24.63
38.05,5.58638,-0.336971,0.105579,101.269,0,0,3086.32,-56.445,-24.9311
38.075,5.61207,-0.393114,0.0702499,101.269,0,0,3088.74,-55.7828,-25.1677
38.1,5.63633,-0.440671,0.0426214,101.269,0,0,3091.2,-55.2529,-25.3418
38.125,5.65673,-0.478418,0.026101,101.269,0,0,3093.68,-54.8247,-25.4558
38.15,5.67099,-0.505699,0.02357,101.269,0,0,3096.18,-54.4603,-25.5119
38.175,5.67749,-0.522278,0.0369061,101.269,0,0,3098.68,-54.1177,-25.512
38.2,5.67566,-0.528201,0.0666072,101.269,0,0,3101.17,-53.7532,-25.4579
38.225,5.66611,-0.523756,0.111638,101.269,0,0,3103.65,-53.3245,-25.3511
38.25,5.65056,-0.509539,0.169557,101.269,0,0,3106.11,-52.7938,-25.1927
38.275,5.63145,-0.486607,0.236898,101.269,0,0,3108.54,-52.1302,-24.9838
38.3,5.61145,-0.4566,0.309681,101.269,0,0,3110.91,-51.3124,-24.7254
38.325,5.59296,-0.421771,0.383906,101.269,0,0,3113.21,-50.3295,-24.4184
38.35,5.57779,-0.384864,0.455897,101.269,0,0,3115.43,-49.1823,-24.0641
38.375,5.567,-0.348887,0.522451,101.269,0,0,3117.55,-47.8819,-23.6638
38.4,5.56101,-0.316822,0.580859,101.269,0,0,3119.57,-46.4481,-23.2191
38.425,5.55973,-0.291344,0.628859,101.269,0,0,3121.51,-44.9071,-22.7317
38.45,5.56285,-0.274585,0.664613,101.269,0,0,3123.37,-43.2886,-22.2033
38.475,5.57003,-0.267977,0.686715,101.269,0,0,3125.18,-41.6246,-21.6358
38.5,5.58112,-0.272151,0.694234,101.269,0,0,3126.96,-39.9472,-21.0312
38.5251,5.59629,-0.286911,0.686757,101.269,0,0,3128.75,-38.2889,-20.3917
38.5501,5.61597,-0.311239,0.664418,101.269,0,0,3130.57,-36.6818,-19.7197
38.5751,5.64081,-0.343361,0.627907,101.269,0,0,3132.45,-35.1571,-19.0178
38.6001,5.67143,-0.380863,0.578492,101.269,0,0,3134.41,-33.7445,-18.2893
38.6251,5.70812,-0.420883,0.518079,101.269,0,0,3136.45,-32.4701,-17.5379
38.6501,5.75056,-0.460391,0.449316,101.269,0,0,3138.58,-31.3547,-16.7678
38.6751,5.79758,-0.496529,0.375695,101.269,0,0,3140.78,-30.4107,-15.9836
38.7001,5.84701,-0.526971,0.301543,101.269,0,0,3143.05,-29.6412,-15.1902
38.7251,5.8959,-0.550191,0.231803,101.269,0,0,3145.36,-29.0381,-14.3927
38.7501,5.9409,-0.565572,0.171567,101.269,0,0,3147.71,-28.5829,-13.596
38.7751,5.97887,-0.573275,0.125443,101.269,0,0,3150.08,-28.2478,-12.8046
38.8001,6.00742,-0.573942,0.0969737,101.269,0,0,3152.46,-27.9975,-12.023
38.8251,6.02525,-0.568338,0.0882267,101.269,0,0,3154.86,-27.7918,-11.2545
38.8501,6.03226,-0.557065,0.0996442,101.269,0,0,3157.26,-27.5881,-10.5025
38.8751,6.02948,-0.540462,0.130088,101.269,0,0,3159.66,-27.3441,-9.76934
38.9001,6.01886,-0.518668,0.177036,101.269,0,0,3162.05,-27.0204,-9.05685
38.9251,6.00298,-0.491832,0.236888,101.269,0,0,3164.44,-26.5828,-8.36629
38.9501,5.98469,-0.46035,0.305353,101.269,0,0,3166.8,-26.0051,-7.69828
38.9751,5.96671,-0.425037,0.377855,101.269,0,0,3169.12,-25.2706,-7.0529
39.0001,5.95132,-0.38717,0.449903,101.269,0,0,3171.4,-24.3736,-6.42973
39.0251,5.94014,-0.348383,0.517356,101.269,0,0,3173.61,-23.3191,-5.82799
39.0501,5.93406,-0.31046,0.576564,101.269,0,0,3175.75,-22.1215,-5.24673
39.0751,5.93331,-0.275084,0.624439,101.269,0,0,3177.82,-20.8035,-4.68498
39.1001,5.93764,-0.243616,0.658489,101.269,0,0,3179.84,-19.3931,-4.14202
39.1251,5.94651,-0.216935,0.676865,101.269,0,0,3181.82,-17.9219,-3.61761
39.1501,5.95925,-0.195367,0.67843,101.269,0,0,3183.78,-16.4235,-3.11217
39.1751,5.97521,-0.178694,0.662843,101.269,0,0,3185.76,-14.9325,-2.62695
39.2001,5.9938,-0.166223,0.630625,101.269,0,0,3187.77,-13.4839,-2.1641
39.2251,6.0145,-0.156896,0.583186,101.269,0,0,3189.84,-12.1122,-1.7267
39.2501,6.03679,-0.149435,0.522802,101.269,0,0,3191.98,-10.8501,-1.31863
39.2751,6.0601,-0.142501,0.452523,101.269,0,0,3194.21,-9.72698,-0.944433
39.3001,6.08377,-0.134851,0.376033,101.269,0,0,3196.52,-8.76632,-0.609018
39.3251,6.10707,-0.125475,0.297433,101.269,0,0,3198.9,-7.98321,-0.317397
39.3501,6.1293,-0.113678,0.221004,101.269,0,0,3201.33,-7.38236,-0.074366
39.3751,6.14986,-0.099115,0.150925,101.269,0,0,3203.81,-6.95697,0.115753
39.4001,6.16839,-0.0817489,0.0910209,101.269,0,0,3206.31,-6.68881,0.24931
39.4251,6.18485,-0.0617801,0.0445279,101.269,0,0,3208.83,-6.54944,0.32344
39.4501,6.19953,-0.039561,0.0139174,101.269,0,0,3211.35,-6.50227,0.336102
39.4751,6.21302,-0.0155323,0.000774841,101.269,0,0,3213.87,-6.50513,0.286077
39.5001,6.22613,0.00980837,0.0057332,101.269,0,0,3216.39,-6.51287,0.17294
39.5251,6.23978,0.0359088,0.028456,101.269,0,0,3218.91,-6.48008,-0.00294995
39.5501,6.25482,0.0621556,0.0676634,101.269,0,0,3221.41,-6.36374,-0.240443
39.5751,6.27196,0.087885,0.121196,101.269,0,0,3223.91,-6.12588,-0.537579
39.6001,0.00837868,0.112432,0.186116,101.269,0,0,3226.37,-5.73614,-0.891574
39.6251,0.0304735,0.13522,0.25884,101.269,0,0,3228.8,-5.17392,-1.29885
39.6501,0.0546725,0.155878,0.335321,101.269,0,0,3231.16,-4.42982,-1.75513
39.6751,0.0802543,0.174348,0.411268,101.269,0,0,3233.45,-3.50597,-2.25561
39.7001,0.106265,0.19095,0.482404,101.269,0,0,3235.66,-2.41514,-2.79522
39.7251,0.131646,0.206362,0.544735,101.269,0,0,3237.78,-1.17883,-3.3689
39.7501,0.155347,0.221537,0.594797,101.269,0,0,3239.82,0.175159,-3.97192
39.7751,0.176389,0.237544,0.629854,101.269,0,0,3241.79,1.6152,-4.60013
39.8001,0.193886,0.255387,0.648034,101.269,0,0,3243.72,3.10784,-5.25018
39.8251,0.20704,0.275823,0.64839,101.269,0,0,3245.62,4.61908,-5.91959
39.8501,0.215142,0.299217,0.630903,101.269,0,0,3247.53,6.11524,-6.60684
39.8751,0.217618,0.325453,0.596447,101.269,0,0,3249.47,7.56346,-7.31124
39.9001,0.214121,0.353917,0.546736,101.269,0,0,3251.46,8.93254,-8.03282
39.9251,0.204673,0.38358,0.484272,101.269,0,0,3253.52,10.1942,-8.77215
39.9501,0.189819,0.413159,0.412289,101.269,0,0,3255.64,11.3251,-9.53011
39.9751,0.170736,0.441344,0.334689,101.269,0,0,3257.83,12.3085,-10.3077
40.0001,0.149248,0.46704,0.255908,101.269,0,0,3260.07,13.1368,-11.1056
40.0251,0.127715,0.489553,0.180703,101.269,0,0,3262.36,13.8127,-11.9245
40.0501,0.108797,0.508654,0.113832,101.269,0,0,3264.67,14.3494,-12.7644
40.0751,0.0951511,0.524504,0.059691,101.269,0,0,3267.01,14.77,-13.6249
40.1001,0.0891463,0.537438,0.0219634,101.269,0,0,3269.35,15.1056,-14.5048
40.1251,0.0926279,0.547704,0.00333309,101.269,0,0,3271.69,15.3936,-15.4026
40.1502,0.106747,0.555225,0.00527551,101.269,0,0,3274.02,15.6748,-16.3159
40.1752,0.13182,0.559473,0.0279081,101.269,0,0,3276.34,15.9908,-17.2419
40.2002,0.167209,0.55952,0.069894,101.269,0,0,3278.65,16.3815,-18.1771
40.2252,0.21126,0.554254,0.128436,101.269,0,0,3280.94,16.8825,-19.1175
40.2502,0.261394,0.542745,0.199436,101.269,0,0,3283.19,17.5228,-20.0586
40.2752,0.314418,0.524632,0.277877,101.269,0,0,3285.39,18.3223,-20.9957
40.3002,0.367024,0.500406,0.358393,101.269,0,0,3287.52,19.2909,-21.9239
40.3252,0.416329,0.471491,0.435867,101.269,0,0,3289.58,20.4281,-22.8385
40.3502,0.460266,0.440079,0.505885,101.269,0,0,3291.54,21.7234,-23.7347
40.3752,0.497702,0.408813,0.564951,101.269,0,0,3293.42,23.1584,-24.6086
40.4002,0.528316,0.38041,0.61049,101.269,0,0,3295.22,24.709,-25.4564
40.4252,0.552333,0.357315,0.640759,101.269,0,0,3296.96,26.3475,-26.275
40.4502,0.570222,0.34145,0.654742,101.269,0,0,3298.65,28.0444,-27.0617
40.4752,0.582442,0.334039,0.652081,101.269,0,0,3300.33,29.7695,-27.8142
40.5002,0.589285,0.335522,0.633035,101.269,0,0,3302.02,31.4925,-28.5303
40.5252,0.590835,0.345534,0.598451,101.269,0,0,3303.77,33.1827,-29.208
40.5502,0.587038,0.362935,0.549746,101.269,0,0,3305.58,34.8095,-29.8455
40.5752,0.577871,0.385916,0.488887,101.269,0,0,3307.49,36.3435,-30.441
40.6002,0.563569,0.412165,0.418398,101.269,0,0,3309.51,37.758,-30.9926
40.6252,0.544846,0.439107,0.341381,101.269,0,0,3311.62,39.0314,-31.4986
40.6502,0.523058,0.464188,0.261511,101.269,0,0,3313.84,40.1496,-31.9576
40.6752,0.500221,0.485154,0.182956,101.269,0,0,3316.13,41.1083,-32.368
40.7002,0.478846,0.500254,0.110149,101.269,0,0,3318.49,41.9143,-32.7288
40.7252,0.461592,0.508312,0.0474026,101.269,0,0,3320.9,42.5853,-33.0387
40.7502,0.450814,0.508655,-0.00156543,101.269,0,0,3323.35,43.1488,-33.2965
40.7752,0.448144,0.500942,-0.034092,101.269,0,0,3325.81,43.6403,-33.501
40.8002,0.454202,0.484973,-0.0488876,101.269,0,0,3328.29,44.1007,-33.6508
40.8252,0.468506,0.460598,-0.0461584,101.269,0,0,3330.76,44.5729,-33.744
40.8502,0.489583,0.427753,-0.0275128,101.269,0,0,3333.23,45.0994,-33.7787
40.8752,0.515262,0.386611,0.00431856,101.269,0,0,3335.67,45.7191,-33.7528
40.9002,0.543071,0.337783,0.0458826,101.269,0,0,3338.08,46.4643,-33.6639
40.9252,0.570673,0.282474,0.0934288,101.269,0,0,3340.43,47.3584,-33.5102
40.9502,0.596221,0.222513,0.143258,101.269,0,0,3342.71,48.4141,-33.2899
40.9752,0.618587,0.160259,0.191936,101.269,0,0,3344.9,49.6327,-33.0019
41.0002,0.637429,0.0983966,0.236369,101.269,0,0,3346.98,51.0047,-32.6456
41.0252,0.653128,0.0396899,0.273807,101.269,0,0,3348.96,52.5117,-32.2211
41.0502,0.666618,-0.0132577,0.30183,101.269,0,0,3350.83,54.1285,-31.7289
41.0752,0.67915,-0.0581849,0.318398,101.269,0,0,3352.61,55.8262,-31.1699
41.1002,0.692007,-0.0932896,0.321964,101.269,0,0,3354.32,57.5739,-30.5449
41.1252,0.706219,-0.117289,0.311647,101.269,0,0,3355.98,59.3407,-29.8549
41.1502,0.722333,-0.129456,0.287379,101.269,0,0,3357.62,61.0959,-29.1006
41.1752,0.740291,-0.129653,0.249988,101.269,0,0,3359.28,62.8095,-28.2823
41.2002,0.759458,-0.118388,0.201143,101.269,0,0,3360.98,64.4525,-27.4004
41.2252,0.778806,-0.0968622,0.143176,101.269,0,0,3362.73,65.9971,-26.4549
41.2502,0.797187,-0.0669748,0.0788304,101.269,0,0,3364.55,67.4185,-25.4461
41.2752,0.813625,-0.031258,0.0110119,101.269,0,0,3366.45,68.6966,-24.3746
41.3002,0.827545,0.00728188,-0.0573944,101.269,0,0,3368.4,69.8176,-23.2414
41.3252,0.83889,0.0453895,-0.123624,101.269,0,0,3370.4,70.7768,-22.0478
41.3502,0.848126,0.0798177,-0.185086,101.269,0,0,3372.44,71.5787,-20.796
41.3752,0.856116,0.10757,-0.23941,101.269,0,0,3374.49,72.2374,-19.4882
41.4002,0.863921,0.126098,-0.284554,101.269,0,0,3376.54,72.7756,-18.127
41.4252,0.872533,0.133426,-0.318949,101.269,0,0,3378.58,73.2227,-16.7153
41.4502,0.882629,0.128236,-0.341671,101.269,0,0,3380.6,73.6122,-15.2556
41.4752,0.894397,0.109904,-0.352555,101.269,0,0,3382.59,73.9791,-13.7502
41.5002,0.907492,0.0785322,-0.352203,101.269,0,0,3384.55,74.3579,-12.2015
41.5252,0.921145,0.0349734,-0.341873,101.269,0,0,3386.46,74.7797,-10.6112
41.5502,0.934364,-0.0191662,-0.32328,101.269,0,0,3388.32,75.2706,-8.98108
41.5752,0.946188,-0.081571,-0.298393,101.269,0,0,3390.12,75.8497,-7.31255
41.6002,0.955915,-0.149324,-0.269273,101.269,0,0,3391.85,76.5282,-5.60711
41.6252,0.963274,-0.219083,-0.238008,101.269,0,0,3393.49,77.3086,-3.86622
41.6502,0.968526,-0.287299,-0.206721,101.269,0,0,3395.06,78.1854,-2.09139
41.6752,0.972488,-0.350469,-0.177598,101.269,0,0,3396.53,79.1464,-0.284213
41.7002,0.976465,-0.405357,-0.152885,101.269,0,0,3397.92,80.1742,1.55366
41.7252,0.982056,-0.449181,-0.134766,101.269,0,0,3399.23,81.2483,3.42057
41.7502,0.990832,-0.479736,-0.125112,101.269,0,0,3400.48,82.3466,5.3148
41.7752,1.00394,-0.495464,-0.125127,101.269,0,0,3401.69,83.4469,7.23466
41.8003,1.02175,-0.495498,-0.135036,101.269,0,0,3402.88,84.5271,9.17839
41.8253,1.04372,-0.479716,-0.153956,101.269,0,0,3404.07,85.5659,11.1442
41.8503,1.06851,-0.448809,-0.180062,101.269,0,0,3405.27,86.5423,13.13
41.8753,1.09441,-0.404323,-0.210977,101.269,0,0,3406.52,87.4365,15.1336
41.9003,1.11974,-0.348657,-0.244218,101.269,0,0,3407.8,88.2307,17.1525
41.9253,1.14323,-0.28495,-0.277543,101.269,0,0,3409.13,88.9098,19.184
41.9503,1.16417,-0.216896,-0.309096,101.269,0,0,3410.51,89.4632,21.2248
41.9753,1.18242,-0.148494,-0.337404,101.269,0,0,3411.92,89.886,23.2717
42.0003,1.1983,-0.0837786,-0.361294,101.269,0,0,3413.35,90.1799,25.3213
42.0253,1.21242,-0.026562,-0.379811,101.269,0,0,3414.81,90.353,27.3701
42.0503,1.22557,0.0197966,-0.392191,101.269,0,0,3416.29,90.4198,29.415
42.0753,1.23846,0.0525801,-0.397894,101.269,0,0,3417.77,90.4001,31.4528
42.1003,1.25164,0.0698577,-0.396682,101.269,0,0,3419.27,90.3172,33.4808
42.1253,1.2653,0.0705873,-0.388684,101.269,0,0,3420.78,90.1971,35.4965
42.1503,1.2793,0.0546775,-0.374406,101.269,0,0,3422.31,90.067,37.4978
42.1753,1.29316,0.0230063,-0.35466,101.269,0,0,3423.86,89.9536,39.4828
42.2003,1.30627,-0.0226103,-0.330433,101.269,0,0,3425.44,89.8823,41.45
42.2253,1.31795,-0.0795064,-0.302738,101.269,0,0,3427.04,89.8751,43.3981
42.2503,1.32767,-0.144313,-0.272508,101.269,0,0,3428.66,89.9498,45.3261
42.2753,1.33508,-0.213156,-0.240562,101.269,0,0,3430.3,90.1179,47.2333
42.3003,1.34009,-0.28189,-0.207625,101.269,0,0,3431.95,90.3842,49.1191
42.3253,1.3429,-0.346356,-0.174399,101.269,0,0,3433.61,90.7459,50.9831
42.3503,1.34399,-0.402631,-0.14164,101.269,0,0,3435.28,91.1932,52.8248
42.3753,1.34409,-0.44727,-0.110194,101.269,0,0,3436.94,91.7099,54.6439
42.4003,1.34411,-0.477505,-0.0809613,101.269,0,0,3438.62,92.2746,56.4394
42.4253,1.34497,-0.491401,-0.0547666,101.269,0,0,3440.32,92.8618,58.2104
42.4503,1.34741,-0.487953,-0.0321786,101.269,0,0,3442.04,93.4428,59.9552
42.4753,1.35182,-0.467133,-0.0133517,101.269,0,0,3443.81,93.9874,61.6715
42.5003,1.35821,-0.429878,0.00202648,101.269,0,0,3445.62,94.4647,63.3567
42.5253,1.36632,-0.378044,0.0146579,101.269,0,0,3447.49,94.8444,65.0074
42.5503,1.37572,-0.314308,0.0254779,101.269,0,0,3449.41,95.0991,66.6199
42.5753,1.38605,-0.242029,0.0354944,101.269,0,0,3451.38,95.2061,68.1903
42.6003,1.39709,-0.165068,0.0456722,101.269,0,0,3453.39,95.1498,69.7146
42.6253,1.40878,-0.0875769,0.0568698,101.269,0,0,3455.42,94.9232,71.1892
42.6503,1.42123,-0.0137669,0.0698066,101.269,0,0,3457.47,94.5285,72.6106
42.6753,1.43464,0.0523281,0.0850333,101.269,0,0,3459.51,93.9777,73.9759
42.7003,1.44918,0.107078,0.102887,101.269,0,0,3461.56,93.2909,75.2828
42.7253,1.46492,0.147466,0.123441,101.269,0,0,3463.6,92.4952,76.5294
42.7503,1.4817,0.171262,0.14646,101.269,0,0,3465.65,91.6228,77.714
42.7753,1.49915,0.177165,0.17142,101.269,0,0,3467.71,90.7091,78.8356
42.8003,1.51673,0.16489,0.197585,101.269,0,0,3469.81,89.7916,79.8931
42.8253,1.53383,0.135188,0.22415,101.269,0,0,3471.95,88.9085,80.886
42.8503,1.5499,0.0898138,0.250399,101.269,0,0,3474.15,88.0968,81.8138
42.8753,1.56456,0.0314147,0.275816,101.269,0,0,3476.41,87.3911,82.6766
42.9003,1.57761,-0.0366257,0.300132,101.269,0,0,3478.74,86.8206,83.4749
42.9253,1.58901,-0.11039,0.323316,101.269,0,0,3481.11,86.4072,84.2098
42.9503,1.59883,-0.185656,0.345519,101.269,0,0,3483.53,86.163,84.8832
42.9753,1.60719,-0.258135,0.367015,101.269,0,0,3485.97,86.0894,85.4973
43.0003,1.6142,-0.323718,0.388142,101.269,0,0,3488.43,86.1763,86.0551
43.0253,1.62002,-0.378702,0.409236,101.269,0,0,3490.89,86.4029,86.5593
43.0503,1.62478,-0.420002,0.430585,101.269,0,0,3493.35,86.7396,87.0131
43.0753,1.62871,-0.445317,0.452372,101.269,0,0,3495.8,87.1502,87.4191
43.1003,1.63209,-0.453264,0.47465,101.269,0,0,3498.26,87.5939,87.7797
43.1253,1.63531,-0.443453,0.497348,101.269,0,0,3500.72,88.0277,88.0965
43.1503,1.6388,-0.416513,0.520311,101.269,0,0,3503.2,88.4089,88.3708
43.1753,1.64299,-0.374054,0.543358,101.269,0,0,3505.69,88.6966,88.6031
43.2003,1.64826,-0.318573,0.566333,101.269,0,0,3508.2,88.8549,88.7939
43.2253,1.65491,-0.253319,0.589117,101.269,0,0,3510.72,88.8546,88.9431
43.2503,1.66314,-0.182096,0.61161,101.269,0,0,3513.23,88.6761,89.0507
43.2753,1.67302,-0.109052,0.633688,101.269,0,0,3515.73,88.3107,89.1169
43.3003,1.68453,-0.0384288,0.65514,101.269,0,0,3518.19,87.7613,89.142
43.3253,1.6975,0.0256775,0.675618,101.269,0,0,3520.6,87.0419,89.1267
43.3503,1.7116,0.0795636,0.694594,101.269,0,0,3522.97,86.1762,89.0719
43.3753,1.72637,0.120134,0.711374,101.269,0,0,3525.29,85.1954,88.979
43.4003,1.7413,0.145083,0.725153,101.269,0,0,3527.57,84.1357,88.8497
43.4254,1.75588,0.153019,0.735135,101.269,0,0,3529.84,83.0362,88.686
43.4504,1.7698,0.143537,0.740663,101.269,0,0,3532.1,81.9377,88.4903
43.4754,1.78299,0.117231,0.74134,101.269,0,0,3534.38,80.8806,88.2655
43.5004,1.79568,0.0756497,0.737069,101.269,0,0,3536.69,79.904,88.0148
43.5254,1.80835,0.0212117,0.728037,101.269,0,0,3539.04,79.0442,87.742
43.5504,1.82159,-0.0429307,0.714646,101.269,0,0,3541.44,78.3321,87.4515
43.5754,1.83604,-0.113063,0.697461,101.269,0,0,3543.89,77.7915,87.1482
43.6004,1.85215,-0.185118,0.677186,101.269,0,0,3546.37,77.4366,86.8371
43.6254,1.87017,-0.254917,0.654695,101.269,0,0,3548.86,77.2708,86.5238
43.6504,1.88995,-0.318418,0.631099,101.269,0,0,3551.36,77.2855,86.2137
43.6754,1.91094,-0.371974,0.60779,101.269,0,0,3553.86,77.4615,85.9119
43.7004,1.93221,-0.412551,0.58643,101.269,0,0,3556.35,77.7699,85.6234
43.7254,1.95259,-0.437907,0.568797,101.269,0,0,3558.82,78.1746,85.3524
43.7504,1.97095,-0.446698,0.556515,101.269,0,0,3561.29,78.6346,85.1029
43.7754,1.98653,-0.438507,0.550727,101.269,0,0,3563.75,79.1063,84.878
43.8004,1.99916,-0.413826,0.551857,101.269,0,0,3566.23,79.5455,84.6804
43.8254,2.00931,-0.374001,0.559557,101.269,0,0,3568.72,79.9097,84.5123
43.8504,2.01788,-0.321157,0.572846,101.269,0,0,3571.22,80.1602,84.3753
43.8754,2.02598,-0.258095,0.590338,101.269,0,0,3573.74,80.2643,84.2706
43.9004,2.03462,-0.188155,0.610456,101.269,0,0,3576.26,80.1982,84.1987
43.9254,2.04452,-0.115027,0.631555,101.269,0,0,3578.77,79.9483,84.1597
43.9504,2.056,-0.0425338,0.65196,101.269,0,0,3581.25,79.5126,84.1535
43.9754,2.06893,0.0256111,0.669943,101.269,0,0,3583.7,78.9005,84.1795
44.0004,2.08277,0.086036,0.68371,101.269,0,0,3586.1,78.1319,84.237
44.0254,2.0967,0.135911,0.69145,101.269,0,0,3588.45,77.2348,84.3255
44.0504,2.10977,0.173095,0.691465,101.269,0,0,3590.77,76.2434,84.4446
44.0754,2.12116,0.196218,0.682371,101.269,0,0,3593.06,75.1957,84.5946
44.1004,2.13042,0.204719,0.663322,101.269,0,0,3595.34,74.1313,84.7763
44.1254,2.13764,0.198842,0.634165,101.269,0,0,3597.62,73.0906,84.9913
44.1504,2.14343,0.179622,0.595467,101.269,0,0,3599.93,72.1126,85.242
44.1754,2.1488,0.148856,0.548418,101.269,0,0,3602.28,71.2337,85.5316
44.2004,2.15496,0.10904,0.494641,101.269,0,0,3604.66,70.4858,85.8636
44.2254,2.163,0.0632584,0.436021,101.269,0,0,3607.08,69.894,86.2419
44.2504,2.1737,0.0150019,0.374589,101.269,0,0,3609.53,69.4743,86.6707
44.2754,2.18733,-0.0320643,0.312487,101.269,0,0,3612,69.2319,87.1536
44.3004,2.20366,-0.0743711,0.251981,101.269,0,0,3614.46,69.1608,87.6939
44.3254,2.22195,-0.108711,0.195452,101.269,0,0,3616.9,69.2437,88.2943
44.3504,2.2411,-0.13246,0.145319,101.269,0,0,3619.33,69.4536,88.9566
44.3754,2.25993,-0.143727,0.103849,101.269,0,0,3621.72,69.7561,89.6822
44.4004,2.27746,-0.141416,0.0729105,101.269,0,0,3624.09,70.1115,90.4714
44.4254,2.29314,-0.125216,0.0537268,101.269,0,0,3626.44,70.4777,91.3244
44.4504,2.30703,-0.0955565,0.0467271,101.269,0,0,3628.76,70.8121,92.2403
44.4754,2.3198,-0.0535541,0.0515389,101.269,0,0,3631.07,71.074,93.2179
44.5004,2.3325,-0.000957992,0.0671021,101.269,0,0,3633.37,71.2267,94.2554
44.5254,2.34635,0.0599145,0.0918408,101.269,0,0,3635.64,71.2394,95.3502
44.5504,2.36243,0.126282,0.123814,101.269,0,0,3637.88,71.0896,96.4993
44.5754,2.38145,0.195059,0.160794,101.269,0,0,3640.07,70.7645,97.6988
44.6004,2.40352,0.263076,0.200263,101.269,0,0,3642.2,70.2619,98.9445
44.6254,2.42799,0.327325,0.239373,101.269,0,0,3644.26,69.5897,100.232
44.6504,2.45348,0.385204,0.274926,101.269,0,0,3646.24,68.7648,101.555
44.6754,2.47793,0.434692,0.303476,101.269,0,0,3648.14,67.811,102.911
44.7004,2.49895,0.474414,0.321596,101.269,0,0,3649.97,66.7563,104.294
44.7254,2.51422,0.503594,0.326293,101.269,0,0,3651.73,65.6311,105.701
44.7504,2.52199,0.521908,0.315494,101.269,0,0,3653.45,64.4666,107.13
44.7754,2.52148,0.529352,0.288457,101.269,0,0,3655.15,63.2931,108.577
44.8004,2.51314,0.526176,0.245962,101.269,0,0,3656.85,62.1402,110.041
44.8254,2.49853,0.512939,0.190233,101.269,0,0,3658.57,61.0351,111.522
44.8504,2.48002,0.490645,0.124586,101.269,0,0,3660.31,60.0029,113.02
44.8754,2.46026,0.46088,0.0529241,101.269,0,0,3662.1,59.0641,114.534
44.9004,2.44172,0.425843,-0.0207728,101.269,0,0,3663.92,58.2342,116.066
44.9254,2.42628,0.388258,-0.0928084,101.269,0,0,3665.78,57.5213,117.614
44.9504,2.4151,0.351145,-0.159949,101.269,0,0,3667.66,56.9254,119.181
44.9754,2.40867,0.317542,-0.219446,101.269,0,0,3669.56,56.4381,120.764
45.0004,2.40694,0.290216,-0.269001,101.269,0,0,3671.47,56.0425,122.365
45.0254,2.40958,0.271423,-0.306722,101.269,0,0,3673.38,55.715,123.982
45.0504,2.41624,0.262732,-0.331139,101.269,0,0,3675.28,55.4263,125.613
45.0755,2.42671,0.264924,-0.34124,101.269,0,0,3677.17,55.1441,127.257
45.1005,2.44107,0.277948,-0.336521,101.269,0,0,3679.05,54.8347,128.912
45.1255,2.45974,0.300927,-0.317016,101.269,0,0,3680.91,54.4651,130.574
45.1505,2.48334,0.33221,-0.283308,101.269,0,0,3682.75,54.0054,132.24
45.1755,2.51252,0.369477,-0.236546,101.269,0,0,3684.55,53.4307,133.907
45.2005,2.54769,0.409913,-0.178489,101.269,0,0,3686.31,52.7227,135.57
45.2255,2.5887,0.450475,-0.111604,101.269,0,0,3688,51.8712,137.226
45.2505,2.63458,0.488212,-0.0391764,101.269,0,0,3689.64,50.8743,138.871
45.2755,2.68339,0.520632,0.0346616,101.269,0,0,3691.19,49.7384,140.501
45.3005,2.73231,0.545999,0.105094,101.269,0,0,3692.66,48.4763,142.113
45.3255,2.77805,0.563474,0.167039,101.269,0,0,3694.06,47.1059,143.702
45.3505,2.81737,0.573043,0.215755,101.269,0,0,3695.39,45.648,145.268
45.3755,2.84769,0.575246,0.247461,101.269,0,0,3696.68,44.125,146.806
45.4005,2.86748,0.570822,0.259788,101.269,0,0,3697.96,42.5596,148.316
45.4255,2.8764,0.560409,0.251992,101.269,0,0,3699.25,40.9749,149.796
45.4505,2.87531,0.544398,0.224944,101.269,0,0,3700.58,39.3944,151.243
45.4755,2.86603,0.522979,0.180949,101.269,0,0,3701.98,37.8424,152.656
45.5005,2.85107,0.496322,0.123451,101.269,0,0,3703.46,36.3432,154.033
45.5255,2.83327,0.464817,0.056649,101.269,0,0,3705.06,34.9204,155.373
45.5505,2.81541,0.429255,-0.01492,101.269,0,0,3706.76,33.595,156.672
45.5755,2.79985,0.390895,-0.0867591,101.269,0,0,3708.58,32.3833,157.93
45.6005,2.78828,0.351373,-0.154688,101.269,0,0,3710.5,31.2943,159.145
45.6255,2.7817,0.312507,-0.215003,101.269,0,0,3712.52,30.3281,160.314
45.6505,2.7804,0.276045,-0.264542,101.269,0,0,3714.61,29.4749,161.437
45.6755,2.78417,0.243437,-0.300724,101.269,0,0,3716.76,28.7153,162.512
45.7005,2.79248,0.215668,-0.321589,101.269,0,0,3718.95,28.0214,163.537
45.7255,2.80468,0.193169,-0.325868,101.269,0,0,3721.19,27.3591,164.51
45.7505,2.82008,0.175817,-0.313069,101.269,0,0,3723.44,26.6902,165.429
45.7755,2.83812,0.162993,-0.283546,101.269,0,0,3725.69,25.9756,166.292
45.8005,2.85829,0.153687,-0.238538,101.269,0,0,3727.95,25.1779,167.097
45.8255,2.8801,0.146635,-0.180156,101.269,0,0,3730.18,24.2648,167.841
45.8505,2.90303,0.140471,-0.111307,101.269,0,0,3732.36,23.2111,168.523
45.8755,2.92648,0.133889,-0.0355564,101.269,0,0,3734.49,22.0016,169.14
45.9005,2.94977,0.12578,0.0430631,101.269,0,0,3736.53,20.6311,169.692
45.9255,2.97216,0.115339,0.120294,101.269,0,0,3738.48,19.1051,170.176
45.9505,2.99305,0.102105,0.191922,101.269,0,0,3740.32,17.4381,170.594
45.9755,3.012,0.0859428,0.25404,101.269,0,0,3742.07,15.6513,170.946
46.0005,3.02889,0.0669762,0.303289,101.269,0,0,3743.72,13.7702,171.231
46.0255,3.04391,0.0455078,0.337049,101.269,0,0,3745.31,11.8224,171.451
46.0505,3.0576,0.0219479,0.353567,101.269,0,0,3746.85,9.83619,171.607
46.0755,3.07071,-0.00322257,0.35204,101.269,0,0,3748.39,7.84,171.697
46.1005,3.08416,-0.0294596,0.332635,101.269,0,0,3749.96,5.86219,171.723
46.1255,3.09883,-0.0561492,0.296465,101.269,0,0,3751.58,3.93134,171.684
46.1505,3.11548,-0.0826132,0.245537,101.269,0,0,3753.28,2.07599,171.579
46.1755,3.13459,-0.108149,0.182651,101.269,0,0,3755.08,0.32367,171.407
46.2005,3.15626,-0.132114,0.111279,101.269,0,0,3757,-1.30091,171.168
46.2255,3.18018,-0.154043,0.0353888,101.269,0,0,3759.02,-2.77829,170.861
46.2505,3.20571,-0.173762,-0.040758,101.269,0,0,3761.13,-4.09686,170.487
46.2755,3.23189,-0.191469,-0.112861,101.269,0,0,3763.33,-5.25478,170.046
46.3005,3.25766,-0.207739,-0.176847,101.269,0,0,3765.58,-6.26109,169.54
46.3255,3.28192,-0.223452,-0.229127,101.269,0,0,3767.88,-7.13533,168.971
46.3505,3.30363,-0.239643,-0.266807,101.269,0,0,3770.2,-7.90618,168.34
46.3755,3.32187,-0.257327,-0.287837,101.269,0,0,3772.52,-8.60907,167.651
46.4005,3.33579,-0.27731,-0.29109,101.269,0,0,3774.83,-9.28341,166.906
46.4255,3.34466,-0.300032,-0.276375,101.269,0,0,3777.12,-9.96947,166.106
46.4505,3.34789,-0.325466,-0.24441,101.269,0,0,3779.38,-10.7055,165.253
46.4755,3.3451,-0.353094,-0.196773,101.269,0,0,3781.58,-11.5247,164.349
46.5005,3.33628,-0.381965,-0.135847,101.269,0,0,3783.73,-12.453,163.396
46.5255,3.3219,-0.410855,-0.0647707,101.269,0,0,3785.79,-13.507,162.394
46.5505,3.30308,-0.438482,0.0126297,101.269,0,0,3787.75,-14.6931,161.347
46.5755,3.28157,-0.463751,0.0919643,101.269,0,0,3789.6,-16.0077,160.255
46.6005,3.25966,-0.48595,0.16849,101.269,0,0,3791.34,-17.4384,159.12
46.6255,3.23998,-0.504833,0.237415,101.269,0,0,3792.97,-18.9662,157.945
46.6505,3.22519,-0.520561,0.294264,101.269,0,0,3794.49,-20.5679,156.731
46.6755,3.21769,-0.533503,0.335227,101.269,0,0,3795.93,-22.2183,155.479
46.7006,3.21939,-0.543969,0.35745,101.269,0,0,3797.31,-23.892,154.193
46.7256,3.23155,-0.551971,0.359247,101.269,0,0,3798.66,-25.5637,152.873
46.7506,3.25466,-0.557064,0.340252,101.269,0,0,3800.01,-27.2089,151.521
46.7756,3.28826,-0.558368,0.30152,101.269,0,0,3801.39,-28.8033,150.14
46.8006,3.33093,-0.554753,0.245565,101.269,0,0,3802.83,-30.3228,148.731
46.8256,3.38027,-0.545185,0.176243,101.269,0,0,3804.34,-31.7442,147.298
46.8506,3.43321,-0.529118,0.0984269,101.269,0,0,3805.93,-33.0463,145.842
46.8756,3.48641,-0.506816,0.0174769,101.269,0,0,3807.61,-34.212,144.368
46.9006,3.53686,-0.47948,-0.0613719,101.269,0,0,3809.37,-35.2298,142.88
46.9256,3.58228,-0.449132,-0.133507,101.269,0,0,3811.21,-36.0963,141.381
46.9506,3.62132,-0.418323,-0.195209,101.269,0,0,3813.1,-36.8168,139.875
46.9756,3.65349,-0.38976,-0.243701,101.269,0,0,3815.03,-37.4056,138.367
47.0006,3.67891,-0.365943,-0.277069,101.269,0,0,3816.99,-37.885,136.861
47.0256,3.69799,-0.348894,-0.294157,101.269,0,0,3818.98,-38.2839,135.361
47.0506,3.7112,-0.339966,-0.294487,101.269,0,0,3820.98,-38.6356,133.869
47.0756,3.71888,-0.33974,-0.278209,101.269,0,0,3823,-38.9757,132.389
47.1006,3.72114,-0.347992,-0.246076,101.269,0,0,3825.02,-39.3397,130.923
47.1256,3.71799,-0.363721,-0.19942,101.269,0,0,3827.03,-39.7608,129.472
47.1506,3.70939,-0.385236,-0.140134,101.269,0,0,3829.05,-40.2675,128.038
47.1756,3.69558,-0.410318,-0.0706783,101.269,0,0,3831.04,-40.8819,126.621
47.2006,3.67719,-0.43645,0.0059033,101.269,0,0,3833,-41.6179,125.222
47.2256,3.65552,-0.461098,0.0859824,101.269,0,0,3834.93,-42.4804,123.84
47.2506,3.6325,-0.48199,0.165417,101.269,0,0,3836.81,-43.4652,122.475
47.2756,3.6106,-0.497337,0.239763,101.269,0,0,3838.63,-44.5601,121.127
47.3006,3.59247,-0.505919,0.304638,101.269,0,0,3840.42,-45.7464,119.794
47.3256,3.58052,-0.507034,0.356189,101.269,0,0,3842.16,-47.0004,118.478
47.3506,3.57651,-0.500326,0.391557,101.269,0,0,3843.89,-48.2952,117.177
47.3756,3.58122,-0.485597,0.409213,101.269,0,0,3845.62,-49.6019,115.893
47.4006,3.59432,-0.462688,0.409113,101.269,0,0,3847.38,-50.8899,114.627
47.4256,3.61451,-0.431494,0.392638,101.269,0,0,3849.19,-52.128,113.382
47.4506,3.63971,-0.392106,0.36235,101.269,0,0,3851.07,-53.2849,112.161
47.4756,3.66746,-0.34501,0.32161,101.269,0,0,3853.03,-54.3302,110.968
47.5006,3.6954,-0.291259,0.274156,101.269,0,0,3855.08,-55.2367,109.807
47.5256,3.72155,-0.232534,0.223739,101.269,0,0,3857.21,-55.9824,108.684
47.5506,3.74465,-0.171071,0.173879,101.269,0,0,3859.41,-56.553,107.604
47.5756,3.76421,-0.109479,0.127761,101.269,0,0,3861.68,-56.9439,106.571
47.6006,3.78048,-0.0504902,0.0882275,101.269,0,0,3863.99,-57.1612,105.59
47.6256,3.79432,0.00327766,0.057783,101.269,0,0,3866.34,-57.2219,104.663
47.6506,3.80693,0.0495178,0.0385631,101.269,0,0,3868.7,-57.1523,103.796
47.6756,3.81963,0.0863615,0.032228,101.269,0,0,3871.09,-56.9866,102.988
47.7006,3.83351,0.112445,0.039802,101.269,0,0,3873.49,-56.7645,102.244
47.7256,3.84923,0.126944,0.0615118,101.269,0,0,3875.9,-56.5289,101.562
47.7506,3.86686,0.12961,0.096691,101.269,0,0,3878.34,-56.3234,100.944
47.7756,3.88587,0.120818,0.143806,101.269,0,0,3880.79,-56.1904,100.389
47.8006,3.90529,0.101619,0.200612,101.269,0,0,3883.27,-56.168,99.8958
47.8256,3.924,0.073761,0.264395,101.269,0,0,3885.75,-56.2881,99.4631
47.8506,3.94095,0.039637,0.332229,101.269,0,0,3888.22,-56.5732,99.0881
47.8756,3.95549,0.00214775,0.401174,101.269,0,0,3890.68,-57.0357,98.7674
47.9006,3.96746,-0.0355122,0.4684,101.269,0,0,3893.11,-57.676,98.4973
47.9256,3.97723,-0.0701075,0.531241,101.269,0,0,3895.48,-58.4835,98.2735
47.9506,3.98558,-0.0986084,0.587253,101.269,0,0,3897.81,-59.4378,98.0917
47.9756,3.99355,-0.118396,0.634306,101.269,0,0,3900.09,-60.5106,97.9478
48.0006,4.00215,-0.127401,0.670723,101.269,0,0,3902.32,-61.6683,97.8382
48.0256,4.01211,-0.124193,0.695453,101.269,0,0,3904.54,-62.8739,97.76
48.0506,4.0237,-0.108023,0.708193,101.269,0,0,3906.75,-64.0889,97.7109
48.0756,4.03664,-0.0788587,0.709417,101.269,0,0,3908.97,-65.2742,97.6897
48.1006,4.05024,-0.0374088,0.700287,101.269,0,0,3911.23,-66.3917,97.6959
48.1256,4.06351,0.0148645,0.682459,101.269,0,0,3913.54,-67.4055,97.7294
48.1506,4.07547,0.0757806,0.657881,101.269,0,0,3915.9,-68.2841,97.7909
48.1756,4.08537,0.142535,0.628622,101.269,0,0,3918.32,-69.0021,97.8811
48.2006,4.09284,0.211864,0.596791,101.269,0,0,3920.78,-69.543,98.0008
48.2256,4.09807,0.280261,0.564533,101.269,0,0,3923.27,-69.9011,98.1507
48.2506,4.1018,0.344221,0.534062,101.269,0,0,3925.78,-70.0818,98.3308
48.2756,4.1053,0.400472,0.507668,101.269,0,0,3928.29,-70.102,98.5412
48.3006,4.11016,0.446171,0.487614,101.269,0,0,3930.8,-69.9887,98.781
48.3256,4.11803,0.479029,0.475904,101.269,0,0,3933.3,-69.7768,99.0491
48.3507,4.13021,0.497389,0.47393,101.269,0,0,3935.79,-69.5068,99.3435
48.3757,4.14723,0.500266,0.482131,101.269,0,0,3938.27,-69.2224,99.6621
48.4007,4.16872,0.487397,0.499818,101.269,0,0,3940.76,-68.9681,100.002
48.4257,4.19343,0.459304,0.525283,101.269,0,0,3943.25,-68.7868,100.359
48.4507,4.21964,0.417358,0.556165,101.269,0,0,3945.74,-68.718,100.73
48.4757,4.2456,0.363784,0.589913,101.269,0,0,3948.23,-68.7945,101.109
48.5007,4.2699,0.301579,0.624167,101.269,0,0,3950.71,-69.0409,101.493
48.5257,4.29168,0.234336,0.656946,101.269,0,0,3953.17,-69.4714,101.875
48.5507,4.3107,0.166004,0.686674,101.269,0,0,3955.58,-70.0887,102.25
48.5757,4.32719,0.10062,0.712099,101.269,0,0,3957.95,-70.8842,102.613
48.6007,4.34172,0.0420454,0.732205,101.269,0,0,3960.25,-71.8393,102.959
48.6257,4.35507,-0.00627494,0.746174,101.269,0,0,3962.5,-72.927,103.283
48.6507,4.368,-0.0415048,0.753407,101.269,0,0,3964.71,-74.1149,103.582
48.6757,4.3811,-0.0615707,0.753593,101.269,0,0,3966.88,-75.3665,103.852
48.7007,4.39463,-0.0652702,0.746784,101.269,0,0,3969.04,-76.6435,104.09
48.7257,4.40852,-0.0523411,0.73342,101.269,0,0,3971.22,-77.9071,104.293
48.7507,4.42234,-0.0234879,0.71427,101.269,0,0,3973.42,-79.1185,104.46
48.7757,4.43549,0.0196395,0.69031,101.269,0,0,3975.67,-80.2407,104.589
48.8007,4.44728,0.0745222,0.662573,101.269,0,0,3977.99,-81.2399,104.677
48.8257,4.45714,0.137909,0.632034,101.269,0,0,3980.36,-82.0875,104.724
48.8507,4.46467,0.206005,0.599561,101.269,0,0,3982.79,-82.7629,104.728
48.8757,4.46975,0.274702,0.565923,101.269,0,0,3985.26,-83.2552,104.689
48.9007,4.47253,0.339833,0.531867,101.269,0,0,3987.76,-83.5648,104.606
48.9257,4.47346,0.397424,0.498186,101.269,0,0,3990.28,-83.7037,104.479
48.9507,4.47329,0.443942,0.465772,101.269,0,0,3992.79,-83.6945,104.307
48.9757,4.47295,0.476501,0.435585,101.269,0,0,3995.3,-83.5688,104.091
49.0007,4.4734,0.493023,0.40853,101.269,0,0,3997.8,-83.3648,103.83
49.0257,4.47546,0.492346,0.385268,101.269,0,0,4000.29,-83.1247,103.523
49.0507,4.47958,0.474276,0.366036,101.269,0,0,4002.78,-82.8919,103.168
49.0757,4.48582,0.439581,0.350579,101.269,0,0,4005.26,-82.7094,102.763
49.1007,4.4939,0.389958,0.338205,101.269,0,0,4007.74,-82.6166,102.307
49.1257,4.50338,0.327939,0.327953,101.269,0,0,4010.21,-82.6473,101.795
49.1507,4.51381,0.256764,0.318762,101.269,0,0,4012.66,-82.8272,101.227
49.1757,4.52492,0.180211,0.309606,101.269,0,0,4015.07,-83.1722,100.598
49.2007,4.5366,0.102386,0.299561,101.269,0,0,4017.44,-83.6867,99.9072
49.2257,4.54895,0.0274996,0.287844,101.269,0,0,4019.75,-84.3641,99.1524
49.2507,4.56215,-0.0403753,0.273837,101.269,0,0,4021.99,-85.1874,98.3324
49.2757,4.57643,-0.0975275,0.257122,101.269,0,0,4024.15,-86.1313,97.4468
49.3007,4.59188,-0.140821,0.237544,101.269,0,0,4026.25,-87.1645,96.4955
49.3257,4.60843,-0.167878,0.215247,101.269,0,0,4028.28,-88.2522,95.4789
49.3507,4.62578,-0.177222,0.190688,101.269,0,0,4030.27,-89.3581,94.3977
49.3757,4.6434,-0.168379,0.164566,101.269,0,0,4032.24,-90.4457,93.2526
49.4007,4.66068,-0.141914,0.137694,101.269,0,0,4034.2,-91.4797,92.0448
49.4257,4.67703,-0.0994022,0.110837,101.269,0,0,4036.16,-92.4269,90.7752
49.4507,4.69202,-0.0433406,0.0845867,101.269,0,0,4038.13,-93.2579,89.4453
49.4757,4.70539,0.023006,0.0592941,101.269,0,0,4040.12,-93.9482,88.0568
49.5007,4.71706,0.0957981,0.03507,101.269,0,0,4042.12,-94.4802,86.612
49.5257,4.72707,0.170847,0.0118306,101.269,0,0,4044.11,-94.8449,85.1135
49.5507,4.73553,0.243857,-0.0106403,101.269,0,0,4046.09,-95.0424,83.5645
49.5757,4.74259,0.310667,-0.0326267,101.269,0,0,4048.04,-95.0822,81.9684
49.6007,4.74841,0.367484,-0.0544209,101.269,0,0,4049.96,-94.9819,80.3289
49.6257,4.75319,0.411099,-0.0762691,101.269,0,0,4051.82,-94.7659,78.6497
49.6507,4.75715,0.439063,-0.0983275,101.269,0,0,4053.65,-94.4627,76.9341
49.6757,4.76062,0.449827,-0.120639,101.269,0,0,4055.43,-94.1034,75.1852
49.7007,4.76397,0.442826,-0.143141,101.269,0,0,4057.17,-93.7192,73.4054
49.7257,4.76761,0.418514,-0.165705,101.269,0,0,4058.89,-93.3404,71.5969
49.7507,4.77195,0.378338,-0.188191,101.269,0,0,4060.58,-92.9949,69.7611
49.7757,4.77734,0.324653,-0.210486,101.269,0,0,4062.26,-92.7065,67.8993
49.8007,4.78406,0.260591,-0.232522,101.269,0,0,4063.92,-92.4942,66.0122
49.8257,4.79229,0.189874,-0.254249,101.269,0,0,4065.56,-92.371,64.1006
49.8507,4.80212,0.116609,-0.275595,101.269,0,0,4067.17,-92.3427,62.1651
49.8757,4.81353,0.0450425,-0.29641,101.269,0,0,4068.76,-92.4081,60.2064
49.9007,4.82638,-0.020685,-0.316402,101.269,0,0,4070.31,-92.5587,58.2252
49.9257,4.84039,-0.0767805,-0.33511,101.269,0,0,4071.83,-92.78,56.2228
49.9507,4.85514,-0.120023,-0.351891,101.269,0,0,4073.31,-93.0526,54.2002
49.9757,4.87013,-0.147951,-0.365974,101.269,0,0,4074.76,-93.3537,52.1588
50.0008,4.88485,-0.159001,-0.376564,101.269,0,0,4076.18,-93.6585,50.1005
50.0258,4.89894,-0.152588,-0.382973,101.269,0,0,4077.59,-93.9417,48.027
50.0508,4.91229,-0.12913,-0.384746,101.269,0,0,4078.99,-94.1781,45.9405
50.0758,4.92507,-0.0900148,-0.38172,101.269,0,0,4080.38,-94.344,43.8434
50.1008,4.93768,-0.037519,-0.374013,101.269,0,0,4081.76,-94.4183,41.7385
50.1258,4.95071,0.0253182,-0.361974,101.269,0,0,4083.14,-94.3839,39.6288
50.1508,4.96476,0.094861,-0.346115,101.269,0,0,4084.51,-94.2284,37.5173
50.1758,4.98035,0.167082,-0.327088,101.269,0,0,4085.86,-93.9455,35.4074
50.2008,4.99776,0.237794,-0.305699,101.269,0,0,4087.19,-93.5351,33.3024
50.2258,5.01693,0.302906,-0.282972,101.269,0,0,4088.49,-93.0035,31.2055
50.2508,5.03744,0.358668,-0.260202,101.269,0,0,4089.75,-92.3619,29.1196
50.2758,5.05843,0.401911,-0.238956,101.269,0,0,4090.98,-91.6259,27.0475
50.3008,5.0788,0.430226,-0.220954,101.269,0,0,4092.2,-90.814,24.9917
50.3258,5.09745,0.442089,-0.207829,101.269,0,0,4093.4,-89.9463,22.9543
50.3508,5.11354,0.436909,-0.200807,101.269,0,0,4094.62,-89.0441,20.9373
50.3758,5.12679,0.415015,-0.200453,101.269,0,0,4095.86,-88.1296,18.9427
50.4008,5.13753,0.377615,-0.206577,101.269,0,0,4097.15,-87.225,16.972
50.4258,5.14657,0.326713,-0.218339,101.269,0,0,4098.5,-86.3526,15.027
50.4508,5.15496,0.265018,-0.234458,101.269,0,0,4099.91,-85.5338,13.1093
50.4758,5.16373,0.195805,-0.253431,101.269,0,0,4101.41,-84.7872,11.2204
50.5008,5.17361,0.122737,-0.273665,101.269,0,0,4102.98,-84.1277,9.36189
50.5258,5.18498,0.0496476,-0.293527,101.269,0,0,4104.62,-83.5641,7.53507
50.5508,5.1978,-0.019695,-0.31133,101.269,0,0,4106.33,-83.098,5.74132
50.5758,5.21158,-0.0818269,-0.325318,101.269,0,0,4108.1,-82.7231,3.98193
50.6008,5.22555,-0.133795,-0.333695,101.269,0,0,4109.92,-82.4251,2.25825
50.6258,5.23878,-0.173312,-0.334747,101.269,0,0,4111.77,-82.1826,0.571731
50.6508,5.25041,-0.198858,-0.32703,101.269,0,0,4113.67,-81.9681,-1.07596
50.6758,5.25994,-0.20972,-0.309601,101.269,0,0,4115.6,-81.7501,-2.68285
50.7008,5.26734,-0.205996,-0.282184,101.269,0,0,4117.56,-81.4949,-4.24669
50.7258,5.27316,-0.188587,-0.245225,101.269,0,0,4119.55,-81.1687,-5.76488
50.7508,5.27837,-0.159169,-0.199807,101.269,0,0,4121.55,-80.7399,-7.23463
50.7758,5.28416,-0.120136,-0.147474,101.269,0,0,4123.56,-80.1818,-8.65305
50.8008,5.29166,-0.0744993,-0.0900473,101.269,0,0,4125.56,-79.4744,-10.0173
50.8258,5.30172,-0.0257162,-0.0294991,101.269,0,0,4127.53,-78.6063,-11.325
50.8508,5.31473,0.0225338,0.0320919,101.269,0,0,4129.47,-77.5756,-12.5738
50.8758,5.33053,0.0666169,0.0925287,101.269,0,0,4131.35,-76.3898,-13.7622
50.9008,5.34848,0.103215,0.14949,101.269,0,0,4133.17,-75.0644,-14.8889
50.9258,5.36754,0.129558,0.200593,101.269,0,0,4134.95,-73.6211,-15.9533
50.9508,5.38651,0.143595,0.243553,101.269,0,0,4136.68,-72.086,-16.9547
50.9758,5.40435,0.144066,0.276427,101.269,0,0,4138.39,-70.4879,-17.8928
51.0008,5.42041,0.130512,0.29787,101.269,0,0,4140.1,-68.8571,-18.767
51.0258,5.43464,0.103233,0.3073,101.269,0,0,4141.84,-67.2251,-19.5767
51.0508,5.44757,0.0632325,0.304945,101.269,0,0,4143.64,-65.6238,-20.321
51.0758,5.4602,0.0121649,0.291739,101.269,0,0,4145.52,-64.0854,-20.9991
51.1008,5.47372,-0.0477279,0.269159,101.269,0,0,4147.5,-62.641,-21.6102
51.1258,5.48926,-0.113714,0.239065,101.269,0,0,4149.57,-61.3188,-22.1535
51.1508,5.5076,-0.182722,0.203609,101.269,0,0,4151.75,-60.1417,-22.629
51.1758,5.52897,-0.251549,0.165222,101.269,0,0,4154.02,-59.1245,-23.037
51.2008,5.55289,-0.317109,0.126659,101.269,0,0,4156.37,-58.2723,-23.3785
51.2258,5.57809,-0.376677,0.091023,101.269,0,0,4158.78,-57.5785,-23.655
51.2508,5.60265,-0.428082,0.0616997,101.269,0,0,4161.23,-57.0256,-23.8686
51.2758,5.62422,-0.469801,0.0421216,101.269,0,0,4163.71,-56.5857,-24.0214
51.3008,5.64043,-0.500923,0.0353729,101.269,0,0,4166.2,-56.2234,-24.1157
51.3258,5.64941,-0.521034,0.0437048,101.269,0,0,4168.7,-55.8975,-24.1536
51.3508,5.65023,-0.530069,0.0681015,101.269,0,0,4171.2,-55.5646,-24.137
51.3758,5.64314,-0.528237,0.108037,101.269,0,0,4173.69,-55.1814,-24.0673
51.4008,5.62953,-0.516059,0.161513,101.269,0,0,4176.16,-54.7084,-23.9459
51.4258,5.61168,-0.494489,0.225377,101.269,0,0,4178.61,-54.1117,-23.7737
51.4508,5.59223,-0.465052,0.295817,101.269,0,0,4181.01,-53.3663,-23.5518
51.4758,5.57369,-0.429898,0.368876,101.269,0,0,4183.34,-52.4575,-23.281
51.5008,5.55802,-0.391718,0.440847,101.269,0,0,4185.6,-51.3819,-22.9626
51.5258,5.54648,-0.353541,0.508464,101.269,0,0,4187.77,-50.1471,-22.5977
51.5508,5.53963,-0.318455,0.568947,101.269,0,0,4189.84,-48.7701,-22.1879
51.5758,5.53746,-0.289315,0.619954,101.269,0,0,4191.82,-47.2751,-21.7348
51.6008,5.53966,-0.268493,0.65955,101.269,0,0,4193.72,-45.6912,-21.24
51.6259,5.54583,-0.257697,0.686201,101.269,0,0,4195.56,-44.0497,-20.7055
51.6509,5.55572,-0.257853,0.698818,101.269,0,0,4197.36,-42.3831,-20.1332
51.6759,5.56934,-0.26906,0.696807,101.269,0,0,4199.16,-40.7242,-19.5252
51.7009,5.58706,-0.290582,0.680104,101.269,0,0,4200.98,-39.1054,-18.8838
51.7259,5.60947,-0.320897,0.649192,101.269,0,0,4202.86,-37.5585,-18.2116
51.7509,5.63725,-0.357783,0.605102,101.269,0,0,4204.8,-36.1143,-17.5117
51.7759,5.6709,-0.398489,0.549456,101.269,0,0,4206.83,-34.8004,-16.7877
51.8009,5.71044,-0.439968,0.484551,101.269,0,0,4208.94,-33.6397,-16.0436
51.8259,5.75509,-0.479196,0.413471,101.269,0,0,4211.13,-32.6479,-15.2838
51.8509,5.80313,-0.513533,0.340147,101.269,0,0,4213.39,-31.8314,-14.5134
51.8759,5.85192,-0.541035,0.269246,101.269,0,0,4215.7,-31.1858,-13.7373
51.9009,5.89824,-0.560645,0.205811,101.269,0,0,4218.04,-30.6961,-12.9604
51.9259,5.93878,-0.572158,0.154683,101.269,0,0,4220.42,-30.3373,-12.1877
51.9509,5.97079,-0.575995,0.119865,101.269,0,0,4222.81,-30.0763,-11.4234
51.9759,5.99251,-0.572854,0.104018,101.269,0,0,4225.2,-29.874,-10.6714
52.0009,6.00336,-0.563394,0.10819,101.269,0,0,4227.61,-29.6884,-9.93508
52.0259,6.00401,-0.548058,0.131791,101.269,0,0,4230.02,-29.4767,-9.21704
52.0509,5.99614,-0.527085,0.172744,101.269,0,0,4232.42,-29.1978,-8.51937
52.0759,5.98218,-0.50067,0.227772,101.269,0,0,4234.82,-28.8154,-7.84353
52.1009,5.96496,-0.469198,0.292782,101.269,0,0,4237.2,-28.3002,-7.19034
52.1259,5.9473,-0.433442,0.363284,101.269,0,0,4239.55,-27.6319,-6.56008
52.1509,5.93161,-0.394638,0.43478,101.269,0,0,4241.85,-26.8009,-5.95249
52.1759,5.9197,-0.354421,0.503058,101.269,0,0,4244.1,-25.8083,-5.36691
52.2009,5.91265,-0.314635,0.56436,101.269,0,0,4246.27,-24.6657,-4.8024
52.2259,5.91082,-0.27709,0.615457,101.269,0,0,4248.38,-23.393,-4.25799
52.2509,5.91405,-0.243326,0.653681,101.269,0,0,4250.42,-22.0169,-3.73284
52.2759,5.92183,-0.214428,0.676969,101.269,0,0,4252.42,-20.568,-3.22652
52.3009,5.93349,-0.190936,0.683923,101.269,0,0,4254.4,-19.0795,-2.73918
52.3259,5.94836,-0.172825,0.673902,101.269,0,0,4256.38,-17.5861,-2.27177
52.3509,5.96586,-0.159556,0.647097,101.269,0,0,4258.38,-16.1226,-1.82611
52.3759,5.98548,-0.150174,0.604577,101.269,0,0,4260.44,-14.7241,-1.40496
52.4009,6.00679,-0.143434,0.548289,101.269,0,0,4262.56,-13.4242,-1.01193
52.4259,6.02931,-0.137957,0.480987,101.269,0,0,4264.77,-12.2536,-0.651337
52.4509,6.05249,-0.132379,0.406118,101.269,0,0,4267.05,-11.2383,-0.327984
52.4759,6.07569,-0.125504,0.327632,101.269,0,0,4269.41,-10.3964,-0.0468684
52.5009,6.09819,-0.116417,0.249753,101.269,0,0,4271.83,-9.73632,0.187128
52.5259,6.11936,-0.104541,0.17672,101.269,0,0,4274.3,-9.2553,0.369515
52.5509,6.1387,-0.0896352,0.112512,101.269,0,0,4276.8,-8.93888,0.496415
52.5759,6.15601,-0.0717427,0.0606026,101.269,0,0,4279.31,-8.76189,0.564707
52.6009,6.17139,-0.0511081,0.0237596,101.269,0,0,4281.83,-8.69024,0.572088
52.6259,6.18531,-0.0281067,0.00389741,101.269,0,0,4284.36,-8.68337,0.517077
52.6509,6.19847,-0.00319879,0.0019916,101.269,0,0,4286.87,-8.69684,0.399001
52.6759,6.21175,0.023083,0.0180476,101.269,0,0,4289.39,-8.68505,0.217968
52.7009,6.22609,0.0501274,0.0511158,101.269,0,0,4291.9,-8.60391,-0.0251288
52.7259,6.24228,0.0772461,0.0993469,101.269,0,0,4294.39,-8.41344,-0.328593
52.7509,6.26089,0.103706,0.16008,101.269,0,0,4296.87,-8.08045,-0.689911
52.7759,6.28211,0.128804,0.229963,101.269,0,0,4299.3,-7.5808,-1.10576
52.8009,0.0225469,0.151987,0.305112,101.269,0,0,4301.68,-6.9012,-1.57207
52.8259,0.0479742,0.172967,0.381306,101.269,0,0,4304,-6.03987,-2.08418
52.8509,0.0742954,0.191822,0.454234,101.269,0,0,4306.23,-5.00607,-2.63709
52.8759,0.100423,0.209016,0.519755,101.269,0,0,4308.37,-3.81856,-3.22567
52.9009,0.125221,0.225347,0.574162,101.269,0,0,4310.43,-2.50321,-3.84505
52.9259,0.147604,0.24181,0.614407,101.269,0,0,4312.42,-1.09052,-4.49084
52.9509,0.166583,0.259422,0.638267,101.269,0,0,4314.35,0.386604,-5.15938
52.9759,0.181283,0.279028,0.644432,101.269,0,0,4316.25,1.89437,-5.84788
53.0009,0.190941,0.301141,0.632535,101.269,0,0,4318.15,3.39906,-6.55449
53.0259,0.194938,0.325819,0.603134,101.269,0,0,4320.07,4.86761,-7.27822
53.0509,0.192872,0.352637,0.557664,101.269,0,0,4322.03,6.2683,-8.01887
53.0759,0.184687,0.380727,0.498387,101.269,0,0,4324.05,7.57183,-8.77683
53.1009,0.170812,0.408924,0.42834,101.269,0,0,4326.14,8.75296,-9.5529
53.1259,0.152284,0.435978,0.351269,101.269,0,0,4328.29,9.79256,-10.348
53.1509,0.130782,0.460796,0.271511,101.269,0,0,4330.51,10.6798,-11.1631
53.1759,0.108545,0.48265,0.193793,101.269,0,0,4332.77,11.4135,-11.9987
53.2009,0.0881592,0.501277,0.122932,101.269,0,0,4335.07,12.0033,-12.8552
53.2259,0.0722771,0.516834,0.0634781,101.269,0,0,4337.38,12.4689,-13.7322
53.2509,0.0633284,0.529718,0.0193599,101.269,0,0,4339.71,12.8386,-14.6289
53.276,0.0632916,0.540305,-0.00640768,101.269,0,0,4342.04,13.148,-15.5438
53.301,0.0735287,0.548689,-0.0119377,101.269,0,0,4344.37,13.4366,-16.475
53.326,0.094656,0.554516,0.00337683,101.269,0,0,4346.68,13.7458,-17.4197
53.351,0.126422,0.556966,0.0387525,101.269,0,0,4348.99,14.1164,-18.3747
53.376,0.16761,0.554907,0.0919621,101.269,0,0,4351.27,14.5854,-19.3361
53.401,0.216035,0.547218,0.159404,101.269,0,0,4353.52,15.1843,-20.2997
53.426,0.268739,0.533185,0.236373,101.269,0,0,4355.73,15.936,-21.2607
53.451,0.322408,0.512849,0.317548,101.269,0,0,4357.87,16.8541,-22.2145
53.476,0.373911,0.48718,0.397601,101.269,0,0,4359.95,17.9414,-23.156
53.501,0.420774,0.458017,0.471731,101.269,0,0,4361.93,19.1907,-24.0808
53.526,0.461431,0.427802,0.535998,101.269,0,0,4363.83,20.5861,-24.9845
53.551,0.495199,0.399215,0.587413,101.269,0,0,4365.64,22.1053,-25.8633
53.576,0.522068,0.374799,0.623883,101.269,0,0,4367.37,23.7218,-26.7139
53.601,0.542402,0.356671,0.644106,101.269,0,0,4369.06,25.4069,-27.5336
53.626,0.556664,0.346305,0.647476,101.269,0,0,4370.73,27.1307,-28.3198
53.651,0.565216,0.344423,0.634036,101.269,0,0,4372.4,28.8633,-29.0704
53.676,0.568232,0.350944,0.604439,101.269,0,0,4374.11,30.5743,-29.7834
53.701,0.565735,0.365003,0.559929,101.269,0,0,4375.88,32.2332,-30.4569
53.726,0.557728,0.385032,0.502321,101.269,0,0,4377.74,33.8102,-31.089
53.751,0.544405,0.408907,0.43401,101.269,0,0,4379.71,35.2777,-31.6779
53.776,0.526375,0.434176,0.357978,101.269,0,0,4381.78,36.612,-32.2219
53.801,0.504845,0.458328,0.277804,101.269,0,0,4383.95,37.7961,-32.7193
53.826,0.481682,0.479079,0.197598,101.269,0,0,4386.21,38.8221,-33.1687
53.851,0.459291,0.494603,0.121812,101.269,0,0,4388.54,39.6927,-33.5688
53.876,0.440321,0.503639,0.0548888,101.269,0,0,4390.93,40.4217,-33.9184
53.901,0.427239,0.505453,0.000805747,101.269,0,0,4393.35,41.0333,-34.2163
53.926,0.421903,0.499677,-0.0373888,101.269,0,0,4395.81,41.5604,-34.4612
53.951,0.425242,0.486114,-0.0579342,101.269,0,0,4398.27,42.042,-34.6518
53.976,0.437111,0.464602,-0.0605367,101.269,0,0,4400.75,42.5209,-34.7864
54.001,0.456345,0.435006,-0.0463446,101.269,0,0,4403.21,43.0398,-34.8631
54.026,0.48098,0.397344,-0.0177364,101.269,0,0,4405.66,43.6391,-34.8797
54.051,0.508613,0.351983,0.022034,101.269,0,0,4408.08,44.3538,-34.8341
54.076,0.53682,0.299829,0.0692536,101.269,0,0,4410.45,45.2104,-34.7242
54.101,0.563543,0.24241,0.120133,101.269,0,0,4412.75,46.2254,-34.5481
54.126,0.587372,0.181836,0.171072,101.269,0,0,4414.96,47.4039,-34.3046
54.151,0.607671,0.120626,0.218791,101.269,0,0,4417.08,48.7402,-33.9928
54.176,0.624566,0.0614742,0.26036,101.269,0,0,4419.09,50.2183,-33.6128
54.201,0.638808,0.00700428,0.293184,101.269,0,0,4420.99,51.8155,-33.1648
54.226,0.651565,-0.0404376,0.315037,101.269,0,0,4422.79,53.5037,-32.6496
54.251,0.664147,-0.0789198,0.324148,101.269,0,0,4424.51,55.2527,-32.0682
54.276,0.67772,-0.107001,0.319355,101.269,0,0,4426.17,57.0315,-31.4214
54.301,0.693045,-0.123766,0.300274,101.269,0,0,4427.81,58.8096,-30.7101
54.326,0.710312,-0.128859,0.267407,101.269,0,0,4429.46,60.5568,-29.9348
54.351,0.729112,-0.122527,0.222144,101.269,0,0,4431.13,62.2437,-29.0956
54.376,0.748555,-0.105676,0.166631,101.269,0,0,4432.86,63.8421,-28.1927
54.401,0.767519,-0.0799023,0.10354,101.269,0,0,4434.66,65.3261,-27.2264
54.426,0.784941,-0.0474568,0.0358064,101.269,0,0,4436.52,66.6734,-26.1969
54.451,0.800076,-0.011127,-0.0335822,101.269,0,0,4438.46,67.8679,-25.105
54.476,0.812664,0.025963,-0.101728,101.269,0,0,4440.45,68.9013,-23.952
54.501,0.822971,0.0605994,-0.165893,101.269,0,0,4442.48,69.7747,-22.7396
54.526,0.831716,0.0897281,-0.223559,101.269,0,0,4444.53,70.4989,-21.4701
54.551,0.839889,0.110667,-0.272506,101.269,0,0,4446.59,71.0939,-20.1459
54.576,0.848505,0.12126,-0.310953,101.269,0,0,4448.65,71.5869,-18.7698
54.601,0.858345,0.119966,-0.337722,101.269,0,0,4450.68,72.0103,-17.3444
54.626,0.869754,0.105916,-0.352373,101.269,0,0,4452.69,72.3991,-15.8721
54.651,0.88255,0.0789445,-0.355251,101.269,0,0,4454.67,72.7885,-14.3554
54.676,0.89608,0.0396187,-0.347409,101.269,0,0,4456.61,73.211,-12.796
54.701,0.909394,-0.0107437,-0.33044,101.269,0,0,4458.49,73.6949,-11.1957
54.726,0.921493,-0.0700993,-0.306263,101.269,0,0,4460.32,74.2619,-9.55621
54.751,0.931561,-0.135761,-0.276952,101.269,0,0,4462.09,74.9261,-7.87886
54.776,0.939172,-0.204551,-0.244633,101.269,0,0,4463.77,75.693,-6.16517
54.801,0.944416,-0.27301,-0.211471,101.269,0,0,4465.37,76.5596,-4.41666
54.826,0.947958,-0.33764,-0.179707,101.269,0,0,4466.87,77.5157,-2.63489
54.851,0.951008,-0.39514,-0.151669,101.269,0,0,4468.29,78.5455,-0.821525
54.876,0.955166,-0.442607,-0.12969,101.269,0,0,4469.63,79.6291,1.02176
54.9011,0.962142,-0.477677,-0.115898,101.269,0,0,4470.89,80.7449,2.89328
54.9261,0.973352,-0.498597,-0.111866,101.269,0,0,4472.11,81.8706,4.79131
54.9511,0.989523,-0.504271,-0.11825,101.269,0,0,4473.31,82.9839,6.71413
54.9761,1.01044,-0.494299,-0.134566,101.269,0,0,4474.49,84.0632,8.65995
55.0011,1.03497,-0.469044,-0.159246,101.269,0,0,4475.69,85.0875,10.6268
55.0261,1.06142,-0.4297,-0.189966,101.269,0,0,4476.92,86.0366,12.6127
55.0511,1.08796,-0.378315,-0.224121,101.269,0,0,4478.2,86.8916,14.615
55.0761,1.11304,-0.317736,-0.259237,101.269,0,0,4479.51,87.6362,16.6312
55.1011,1.13569,-0.251445,-0.293208,101.269,0,0,4480.88,88.258,18.6582
55.1261,1.15551,-0.183331,-0.324343,101.269,0,0,4482.29,88.75,20.6927
55.1511,1.17266,-0.117424,-0.351307,101.269,0,0,4483.72,89.1111,22.7314
55.1761,1.18766,-0.0576238,-0.37302,101.269,0,0,4485.19,89.3473,24.7709
55.2011,1.20127,-0.00745609,-0.388609,101.269,0,0,4486.67,89.4712,26.8077
55.2261,1.21427,0.0301296,-0.397413,101.269,0,0,4488.16,89.5006,28.8387
55.2511,1.22731,0.0529213,-0.399053,101.269,0,0,4489.67,89.4582,30.8611
55.2761,1.24072,0.0595596,-0.393505,101.269,0,0,4491.19,89.3694,32.8721
55.3011,1.2545,0.049613,-0.381134,101.269,0,0,4492.72,89.2612,34.8696
55.3261,1.26827,0.0236128,-0.362663,101.269,0,0,4494.28,89.1609,36.8517
55.3511,1.28145,-0.0169591,-0.339049,101.269,0,0,4495.86,89.0948,38.8165
55.3761,1.29335,-0.0697351,-0.311341,101.269,0,0,4497.46,89.0864,40.7629
55.4011,1.30335,-0.131588,-0.280552,101.269,0,0,4499.09,89.155,42.6896
55.4261,1.31102,-0.198809,-0.247593,101.269,0,0,4500.73,89.3145,44.596
55.4511,1.31618,-0.267337,-0.213285,101.269,0,0,4502.38,89.5719,46.4814
55.4761,1.31895,-0.333002,-0.178413,101.269,0,0,4504.04,89.9269,48.3454
55.5011,1.31975,-0.39179,-0.143809,101.269,0,0,4505.71,90.3719,50.1876
55.5261,1.31933,-0.440085,-0.110409,101.269,0,0,4507.37,90.8928,52.0076
55.5511,1.31862,-0.474887,-0.0792292,101.269,0,0,4509.04,91.4696,53.8048
55.5761,1.31865,-0.493982,-0.051254,101.269,0,0,4510.73,92.0781,55.5783
55.6011,1.3203,-0.496055,-0.0272385,101.269,0,0,4512.44,92.6908,57.3265
55.6261,1.32411,-0.480743,-0.00751358,101.269,0,0,4514.19,93.2777,59.0476
55.6511,1.33017,-0.448652,0.00811298,101.269,0,0,4515.98,93.8081,60.7389
55.6761,1.3382,-0.401312,0.0203087,101.269,0,0,4517.83,94.2514,62.3973
55.7011,1.34774,-0.34111,0.0300566,101.269,0,0,4519.73,94.5789,64.0192
55.7261,1.35829,-0.271162,0.0384665,101.269,0,0,4521.69,94.766,65.6008
55.7511,1.36949,-0.195153,0.0466286,101.269,0,0,4523.68,94.7942,67.138
55.7761,1.3812,-0.117138,0.0555301,101.269,0,0,4525.71,94.6532,68.6269
55.8011,1.39348,-0.0413155,0.0660193,101.269,0,0,4527.76,94.3419,70.064
55.8261,1.40651,0.0282079,0.0787827,101.269,0,0,4529.82,93.8689,71.4462
55.8511,1.42053,0.0876483,0.0943111,101.269,0,0,4531.87,93.2515,72.7708
55.8761,1.4357,0.133759,0.112848,101.269,0,0,4533.92,92.5148,74.0357
55.9011,1.45202,0.164017,0.134335,101.269,0,0,4535.98,91.6893,75.2392
55.9261,1.46922,0.176778,0.158393,101.269,0,0,4538.05,90.8097,76.3801
55.9511,1.48685,0.171382,0.184368,101.269,0,0,4540.15,89.9133,77.4573
55.9761,1.50429,0.148203,0.211451,101.269,0,0,4542.28,89.0383,78.47
56.0011,1.52092,0.108637,0.238834,101.269,0,0,4544.47,88.2225,79.4178
56.0261,1.53625,0.0550221,0.265856,101.269,0,0,4546.72,87.5016,80.3006
56.0511,1.54996,-0.00950151,0.292085,101.269,0,0,4549.03,86.907,81.1188
56.0761,1.56192,-0.0811808,0.317328,101.269,0,0,4551.4,86.4634,81.8734
56.1011,1.57215,-0.155871,0.3416,101.269,0,0,4553.8,86.1864,82.5659
56.1261,1.58075,-0.229274,0.365057,101.269,0,0,4556.24,86.0811,83.1986
56.1511,1.58788,-0.297185,0.387931,101.269,0,0,4558.7,86.141,83.7742
56.1761,1.59372,-0.35573,0.410467,101.269,0,0,4561.15,86.349,84.2957
56.2011,1.59851,-0.401582,0.432873,101.269,0,0,4563.61,86.678,84.7661
56.2261,1.6025,-0.432146,0.455273,101.269,0,0,4566.06,87.094,85.1882
56.2511,1.60603,-0.44571,0.477694,101.269,0,0,4568.51,87.5575,85.5646
56.2761,1.60948,-0.441535,0.500077,101.269,0,0,4570.96,88.0262,85.8972
56.3011,1.61326,-0.4199,0.522312,101.269,0,0,4573.43,88.4569,86.1874
56.3261,1.61775,-0.382086,0.544292,101.269,0,0,4575.92,88.808,86.4358
56.3511,1.62326,-0.330299,0.565949,101.269,0,0,4578.42,89.0416,86.6431
56.3761,1.63006,-0.267549,0.587261,101.269,0,0,4580.93,89.1259,86.8091
56.4011,1.63831,-0.197472,0.608229,101.269,0,0,4583.45,89.0375,86.9339
56.4261,1.64809,-0.124123,0.628836,101.269,0,0,4585.95,88.7638,87.0175
56.4511,1.65942,-0.0517438,0.648986,101.269,0,0,4588.43,88.3034,87.0602
56.4761,1.67216,0.015486,0.668451,101.269,0,0,4590.87,87.6665,87.0624
56.5011,1.68608,0.0736926,0.68683,101.269,0,0,4593.27,86.8735,87.025
56.5261,1.70079,0.119535,0.703539,101.269,0,0,4595.61,85.9535,86.9493
56.5512,1.71582,0.150403,0.717844,101.269,0,0,4597.92,84.941,86.8367
56.5762,1.73066,0.16456,0.72896,101.269,0,0,4600.2,83.8747,86.6892
56.6012,1.74494,0.161245,0.736176,101.269,0,0,4602.47,82.795,86.5091
56.6262,1.75846,0.140696,0.738983,101.269,0,0,4604.75,81.7428,86.299
56.6512,1.77134,0.104136,0.737153,101.269,0,0,4607.06,80.758,86.062
56.6762,1.78394,0.0536958,0.730738,101.269,0,0,4609.41,79.8783,85.8019
56.7012,1.79679,-0.00770436,0.720028,101.269,0,0,4611.8,79.1367,85.5228
56.7262,1.81051,-0.0765146,0.705486,101.269,0,0,4614.24,78.5599,85.2294
56.7512,1.82561,-0.148754,0.687709,101.269,0,0,4616.71,78.1653,84.9268
56.7762,1.84243,-0.220239,0.667444,101.269,0,0,4619.21,77.9602,84.6204
56.8012,1.86101,-0.286834,0.645634,101.269,0,0,4621.71,77.94,84.3157
56.8262,1.881,-0.344699,0.623478,101.269,0,0,4624.21,78.0887,84.0179
56.8512,1.90166,-0.390535,0.602446,101.269,0,0,4626.7,78.3807,83.732
56.8762,1.92198,-0.421772,0.584193,101.269,0,0,4629.17,78.782,83.4625
56.9012,1.94084,-0.436706,0.570343,101.269,0,0,4631.63,79.253,83.2135
56.9262,1.95738,-0.434571,0.56219,101.269,0,0,4634.1,79.7508,82.9884
56.9512,1.97121,-0.415531,0.560426,101.269,0,0,4636.56,80.2313,82.7901
56.9762,1.98253,-0.380644,0.565016,101.269,0,0,4639.04,80.6512,82.6209
57.0012,1.99206,-0.331793,0.575262,101.269,0,0,4641.54,80.9702,82.4825
57.0262,2.00078,-0.271587,0.589997,101.269,0,0,4644.05,81.1533,82.3764
57.0512,2.00969,-0.203229,0.607793,101.269,0,0,4646.57,81.1733,82.3032
57.0762,2.01957,-0.130347,0.627114,101.269,0,0,4649.09,81.0126,82.2634
57.1012,2.03086,-0.0567804,0.646372,101.269,0,0,4651.59,80.6652,82.2568
57.1262,2.04356,0.0136574,0.663924,101.269,0,0,4654.05,80.1365,82.283
57.1512,2.05728,0.0774166,0.678048,101.269,0,0,4656.48,79.4427,82.3414
57.1762,2.07128,0.131425,0.686973,101.269,0,0,4658.85,78.6093,82.4313
57.2012,2.08465,0.173255,0.688975,101.269,0,0,4661.19,77.6688,82.5523
57.2262,2.09652,0.201234,0.682561,101.269,0,0,4663.49,76.6579,82.7046
57.2512,2.10631,0.214495,0.666694,101.269,0,0,4665.78,75.6164,82.8886
57.2762,2.11391,0.212991,0.640981,101.269,0,0,4668.07,74.5844,83.1058
57.3012,2.1198,0.197484,0.605746,101.269,0,0,4670.38,73.6017,83.3582
57.3262,2.12487,0.169524,0.561963,101.269,0,0,4672.72,72.7061,83.6487
57.3512,2.13032,0.131399,0.511096,101.269,0,0,4675.1,71.9312,83.9807
57.3762,2.13731,0.0860391,0.454901,101.269,0,0,4677.51,71.3046,84.3582
57.4012,2.14674,0.036861,0.395294,101.269,0,0,4679.95,70.8457,84.785
57.4262,2.15909,-0.012452,0.334292,101.269,0,0,4682.41,70.5634,85.265
57.4512,2.17433,-0.0582113,0.274024,101.269,0,0,4684.87,70.4555,85.8015
57.4762,2.19189,-0.096996,0.216746,101.269,0,0,4687.32,70.5083,86.3975
57.5012,2.21079,-0.125898,0.164799,101.269,0,0,4689.75,70.6979,87.055
57.5262,2.22985,-0.142702,0.12047,101.269,0,0,4692.15,70.9922,87.7754
57.5512,2.24797,-0.145987,0.0857641,101.269,0,0,4694.52,71.3531,88.5596
57.5762,2.2644,-0.135139,0.0621407,101.269,0,0,4696.86,71.7392,89.4075
57.6012,2.27898,-0.110322,0.050325,101.269,0,0,4699.18,72.108,90.3186
57.6262,2.29211,-0.072425,0.0502404,101.269,0,0,4701.49,72.4181,91.2921
57.6512,2.30472,-0.0230014,0.0610821,101.269,0,0,4703.78,72.6311,92.3261
57.6762,2.31797,0.035787,0.081476,101.269,0,0,4706.05,72.7143,93.4184
57.7012,2.33301,0.101264,0.109644,101.269,0,0,4708.29,72.6421,94.5662
57.7262,2.35071,0.170378,0.14351,101.269,0,0,4710.49,72.3981,95.7659
57.7512,2.37139,0.239906,0.180727,101.269,0,0,4712.64,71.9765,97.0133
57.7762,2.39472,0.30669,0.218635,101.269,0,0,4714.73,71.3816,98.3039
57.8012,2.41959,0.367891,0.254223,101.269,0,0,4716.73,70.6273,99.633
57.8262,2.44418,0.421194,0.284178,101.269,0,0,4718.66,69.7352,100.996
57.8512,2.46621,0.464919,0.305076,101.269,0,0,4720.5,68.732,102.388
57.8762,2.48329,0.498024,0.313759,101.269,0,0,4722.29,67.6476,103.805
57.9012,2.49345,0.51999,0.307812,101.269,0,0,4724.02,66.5128,105.245
57.9262,2.49559,0.530685,0.28602,101.269,0,0,4725.72,65.3584,106.704
57.9512,2.48974,0.530275,0.248651,101.269,0,0,4727.41,64.2141,108.182
57.9762,2.47716,0.519236,0.197471,101.269,0,0,4729.12,63.1082,109.676
58.0012,2.46001,0.498473,0.135461,101.269,0,0,4730.85,62.0663,111.187
58.0262,2.44091,0.469452,0.066332,101.269,0,0,4732.61,61.1106,112.715
58.0512,2.4224,0.434265,-0.00599338,101.269,0,0,4734.41,60.2584,114.259
58.0762,2.40653,0.395571,-0.0777977,101.269,0,0,4736.25,59.5202,115.822
58.1012,2.39465,0.356401,-0.145789,101.269,0,0,4738.11,58.8991,117.401
58.1262,2.38738,0.319884,-0.207152,101.269,0,0,4739.99,58.3893,118.998
58.1512,2.38478,0.288958,-0.259511,101.269,0,0,4741.89,57.9769,120.613
58.1763,2.38654,0.266112,-0.300888,101.269,0,0,4743.78,57.6404,122.244
58.2013,2.39225,0.253188,-0.32969,101.269,0,0,4745.67,57.3527,123.89
58.2263,2.40159,0.251261,-0.344754,101.269,0,0,4747.55,57.0823,125.549
58.2513,2.41453,0.260575,-0.3454,101.269,0,0,4749.42,56.796,127.219
58.2763,2.43135,0.280541,-0.331468,101.269,0,0,4751.27,56.4608,128.899
58.3013,2.45264,0.309765,-0.303339,101.269,0,0,4753.1,56.0456,130.583
58.3263,2.47908,0.346137,-0.261935,101.269,0,0,4754.9,55.5238,132.27
58.3513,2.51125,0.386972,-0.208747,101.269,0,0,4756.66,54.8749,133.955
58.3763,2.54931,0.429236,-0.145909,101.269,0,0,4758.36,54.0857,135.634
58.4013,2.59267,0.469848,-0.0763109,101.269,0,0,4760.01,53.1516,137.303
58.4263,2.63984,0.506032,-0.00367942,101.269,0,0,4761.57,52.076,138.959
58.4513,2.68837,0.535651,0.0674827,101.269,0,0,4763.06,50.8697,140.598
58.4763,2.73512,0.557425,0.132199,101.269,0,0,4764.48,49.5489,142.216
58.5013,2.77676,0.570953,0.185559,101.269,0,0,4765.82,48.1334,143.811
58.5263,2.81038,0.576518,0.22336,101.269,0,0,4767.12,46.645,145.38
58.5513,2.83399,0.574761,0.242659,101.269,0,0,4768.39,45.1061,146.921
58.5763,2.84679,0.56635,0.2421,101.269,0,0,4769.66,43.5397,148.433
58.6013,2.84922,0.551775,0.221983,101.269,0,0,4770.96,41.969,149.913
58.6263,2.84282,0.531322,0.184146,101.269,0,0,4772.33,40.4178,151.36
58.6513,2.82992,0.505213,0.131687,101.269,0,0,4773.77,38.9102,152.772
58.6763,2.81334,0.473834,0.0685836,101.269,0,0,4775.32,37.4703,154.148
58.7013,2.79591,0.437936,-0.000726752,101.269,0,0,4776.98,36.12,155.484
58.7263,2.78013,0.398733,-0.0717531,101.269,0,0,4778.75,34.8776,156.78
58.7513,2.7679,0.357854,-0.140255,101.269,0,0,4780.63,33.7546,158.033
58.7763,2.76039,0.317168,-0.202425,101.269,0,0,4782.6,32.7544,159.242
58.8013,2.75803,0.278543,-0.25497,101.269,0,0,4784.66,31.8707,160.405
58.8263,2.76073,0.243603,-0.295142,101.269,0,0,4786.78,31.0875,161.521
58.8513,2.76799,0.213538,-0.320777,101.269,0,0,4788.95,30.3799,162.588
58.8763,2.77913,0.188994,-0.330357,101.269,0,0,4791.16,29.7156,163.603
58.9013,2.79349,0.17005,-0.323094,101.269,0,0,4793.4,29.0578,164.566
58.9263,2.81046,0.15625,-0.29902,101.269,0,0,4795.64,28.3676,165.474
58.9513,2.82956,0.146698,-0.259036,101.269,0,0,4797.89,27.6068,166.325
58.9763,2.85037,0.140182,-0.20492,101.269,0,0,4800.12,26.741,167.116
59.0013,2.87246,0.135311,-0.139276,101.269,0,0,4802.32,25.7424,167.846
59.0263,2.89535,0.130677,-0.0654207,101.269,0,0,4804.46,24.5922,168.512
59.0513,2.91842,0.125002,0.0127854,101.269,0,0,4806.53,23.2815,169.112
59.0763,2.941,0.117262,0.0911596,101.269,0,0,4808.51,21.8124,169.646
59.1013,2.96241,0.106765,0.165454,101.269,0,0,4810.39,20.1963,170.114
59.1263,2.98214,0.0931639,0.231627,101.269,0,0,4812.16,18.4522,170.515
59.1513,2.99987,0.0764117,0.286094,101.269,0,0,4813.85,16.6043,170.85
59.1763,3.01565,0.0566905,0.325949,101.269,0,0,4815.45,14.6797,171.119
59.2013,3.02983,0.034335,0.349115,101.269,0,0,4817.01,12.7065,171.324
59.2263,3.04307,0.00978143,0.354446,101.269,0,0,4818.55,10.7132,171.464
59.2513,3.05624,-0.0164518,0.341765,101.269,0,0,4820.1,8.72806,171.539
59.2763,3.07027,-0.0437599,0.311855,101.269,0,0,4821.7,6.77962,171.549
59.3013,3.08601,-0.071449,0.266408,101.269,0,0,4823.38,4.8966,171.494
59.3263,3.1041,-0.0987615,0.207941,101.269,0,0,4825.15,3.1071,171.372
59.3513,3.12483,-0.124944,0.139685,101.269,0,0,4827.03,1.43714,171.183
59.3763,3.1481,-0.149359,0.0654317,101.269,0,0,4829.02,-0.0916497,170.926
59.4013,3.17336,-0.171611,-0.010652,101.269,0,0,4831.11,-1.46459,170.601
59.4263,3.19975,-0.191656,-0.0842535,101.269,0,0,4833.28,-2.67627,170.209
59.4513,3.22618,-0.209842,-0.151176,101.269,0,0,4835.53,-3.73191,169.752
59.4763,3.25148,-0.226877,-0.207607,101.269,0,0,4837.82,-4.64753,169.23
59.5013,3.27451,-0.243705,-0.250349,101.269,0,0,4840.13,-5.44893,168.647
59.5263,3.29423,-0.261335,-0.277006,101.269,0,0,4842.46,-6.1696,168.004
59.5513,3.30972,-0.280644,-0.286086,101.269,0,0,4844.79,-6.84802,167.303
59.5763,3.32019,-0.30221,-0.277044,101.269,0,0,4847.1,-7.52464,166.547
59.6013,3.32498,-0.326178,-0.250274,101.269,0,0,4849.38,-8.2389,165.738
59.6263,3.32366,-0.352211,-0.207063,101.269,0,0,4851.61,-9.02624,164.876
59.6513,3.31615,-0.379527,-0.149547,101.269,0,0,4853.79,-9.91551,163.965
59.6763,3.30282,-0.407023,-0.0806563,101.269,0,0,4855.89,-10.9268,163.005
59.7013,3.28464,-0.433486,-0.00405232,101.269,0,0,4857.9,-12.0702,161.998
59.7263,3.26321,-0.457828,0.0759854,101.269,0,0,4859.8,-13.3456,160.946
59.7513,3.24072,-0.479308,0.154754,101.269,0,0,4861.59,-14.7433,159.85
59.7763,3.2197,-0.497643,0.227416,101.269,0,0,4863.26,-16.2464,158.712
59.8013,3.20281,-0.512985,0.289357,101.269,0,0,4864.83,-17.8327,157.535
59.8264,3.19249,-0.525754,0.336536,101.269,0,0,4866.31,-19.4774,156.319
59.8514,3.19078,-0.536384,0.365787,101.269,0,0,4867.71,-21.1547,155.068
59.8764,3.19912,-0.545056,0.375031,101.269,0,0,4869.08,-22.8393,153.782
59.9014,3.21827,-0.551508,0.363432,101.269,0,0,4870.44,-24.5062,152.464
59.9264,3.24814,-0.554988,0.331508,101.269,0,0,4871.82,-26.1307,151.116
59.9514,3.28774,-0.554382,0.281203,101.269,0,0,4873.24,-27.6886,149.739
59.9764,3.33509,-0.548501,0.215852,101.269,0,0,4874.74,-29.1559,148.336
60.0014,3.38739,-0.536479,0.139966,101.269,0,0,4876.32,-30.5106,146.91
