time,PN_m,PE_m,PD_m,P_m
0,0,0,0,0
0.0125,0.385823,0.000293,-0.00241,0.38583
0.025,0.77158,0.002338,-0.009628,0.771643
0.0375,1.157182,0.007863,-0.021614,1.157411
0.05,1.5425,0.018544,-0.038302,1.543087
0.0625,1.927342,0.035981,-0.059599,1.928599
0.075,2.311443,0.061675,-0.085387,2.313841
0.0875,2.694458,0.096997,-0.115522,2.698677
0.1,3.075962,0.143168,-0.149834,3.082936
0.1125,3.455454,0.201239,-0.188133,3.466418
0.125,3.832368,0.272065,-0.230212,3.848904
0.1375,4.206096,0.356293,-0.275847,4.230163
0.15,4.576009,0.454351,-0.324809,4.609967
0.1625,4.941485,0.566444,-0.376868,4.988102
0.175,5.301941,0.692548,-0.431799,5.364387
0.1875,5.656858,0.832424,-0.489395,5.738682
0.2,6.005812,0.985626,-0.549473,6.110905
0.2125,6.348501,1.151518,-0.611882,6.481038
0.225,6.68476,1.329295,-0.676512,6.84914
0.2375,7.014579,1.51801,-0.743298,7.215343
0.25,7.338107,1.716591,-0.812231,7.579856
0.2625,7.655652,1.923871,-0.883354,7.94296
0.275,7.967676,2.138608,-0.95677,8.304993
0.2875,8.274777,2.359506,-1.032635,8.666345
0.3,8.577674,2.585228,-1.111163,9.027435
0.3125,8.877181,2.814414,-1.192612,9.388695
0.325,9.174179,3.045689,-1.277287,9.750551
0.3375,9.469585,3.277672,-1.365521,10.113398
0.35,9.764322,3.50898,-1.457674,10.477583
0.3625,10.059288,3.738238,-1.554113,10.843384
0.375,10.355325,3.964082,-1.655208,11.210995
0.3875,10.65319,4.185172,-1.76131,11.580516
0.4,10.953535,4.400196,-1.872746,11.951938
0.4125,11.256882,4.607891,-1.989802,12.325151
0.425,11.563612,4.807053,-2.112712,12.699938
0.4375,11.873958,4.996564,-2.241652,13.07599
0.45,12.187999,5.175409,-2.376727,13.452918
0.4625,12.505668,5.3427,-2.517973,13.83027
0.475,12.826767,5.4977,-2.665353,14.20756
0.4875,13.150975,5.639846,-2.818757,14.584286
0.5,13.477881,5.768766,-2.978008,14.959962
0.5125,13.807004,5.884295,-3.142872,15.334143
0.525,14.137825,5.986484,-3.313064,15.706447
0.5375,14.469811,6.075604,-3.488261,16.076578
0.55,14.80245,6.152147,-3.66811,16.444344
0.5625,15.135266,6.216816,-3.852246,16.809666
0.575,15.46785,6.27051,-4.040293,17.172584
0.5875,15.799865,6.314315,-4.231881,17.533258
0.6,16.131063,6.349473,-4.426644,17.891959
0.6125,16.461283,6.377368,-4.624228,18.249059
0.625,16.79045,6.399496,-4.824289,18.605013
0.6375,17.118565,6.41744,-5.026488,18.960337
0.65,17.445691,6.432849,-5.230491,19.315583
0.6625,17.771941,6.447405,-5.435957,19.671313
0.675,18.09745,6.462804,-5.642532,20.028073
0.6875,18.422363,6.480727,-5.849841,20.386366
0.7,18.746806,6.502814,-6.057479,20.746624
0.7125,19.070877,6.530643,-6.265005,21.109191
0.725,19.394622,6.565699,-6.47194,21.474305
0.7375,19.718027,6.609353,-6.677765,21.842085
0.75,20.041008,6.662837,-6.881922,22.212525
0.7625,20.363413,6.727222,-7.083826,22.585498
0.775,20.685022,6.803397,-7.282871,22.960761
0.7875,21.005557,6.892052,-7.478447,23.337973
0.8,21.324697,6.993667,-7.669954,23.716709
0.8125,21.642093,7.108506,-7.856827,24.096489
0.825,21.957395,7.236612,-8.03855,24.476806
0.8375,22.27027,7.377813,-8.214679,24.857152
0.85,22.580426,7.531734,-8.384862,25.237047
0.8625,22.887635,7.697809,-8.548852,25.616069
0.875,23.191755,7.875303,-8.706523,25.993873
0.8875,23.492739,8.063334,-8.857876,26.370212
0.9,23.790651,8.260894,-9.003047,26.744949
0.9125,24.085671,8.466878,-9.142305,27.118062
0.925,24.37809,8.680103,-9.276046,27.489643
0.9375,24.668309,8.899329,-9.404791,27.859893
0.95,24.956824,9.123281,-9.529164,28.229104
0.9625,25.244212,9.350655,-9.649889,28.597646
0.975,25.531109,9.580138,-9.767765,28.965942
0.9875,25.818187,9.810408,-9.883647,29.33444
1,26.10613,10.040148,-9.998431,29.703589
1.0125,26.395607,10.268043,-10.113031,30.073812
1.025,26.687247,10.492791,-10.228355,30.445477
1.0375,26.981613,10.713107,-10.345288,30.818876
1.05,27.279183,10.927729,-10.46467,31.194205
1.0625,27.580329,11.135429,-10.587274,31.571549
1.075,27.885306,11.335028,-10.713794,31.950877
1.0875,28.194241,11.525412,-10.844825,32.332036
1.1,28.507134,11.705549,-10.980848,32.714762
1.1125,28.823862,11.874511,-11.122226,33.098685
1.125,29.144187,12.031493,-11.269193,33.483357
1.1375,29.467775,12.175841,-11.42185,33.868267
1.15,29.794218,12.30706,-11.580172,34.252876
1.1625,30.123056,12.424842,-11.744007,34.636641
1.175,30.45381,12.529066,-11.913088,35.019048
1.1875,30.786008,12.619813,-12.087042,35.39964
1.2,31.119211,12.697362,-12.265405,35.778044
1.2125,31.453043,12.76219,-12.447633,36.153989
1.225,31.787207,12.814954,-12.633119,36.527322
1.2375,32.121504,12.856488,-12.821207,36.898017
1.25,32.455845,12.887773,-13.011199,37.266176
1.2625,32.790246,12.909926,-13.20237,37.63202
1.275,33.124833,12.924172,-13.39397,37.995884
1.2875,33.459831,12.931819,-13.585235,38.358191
1.3,33.795544,12.934243,-13.775382,38.719434
1.3125,34.13234,12.932855,-13.963616,39.080148
1.325,34.470627,12.929086,-14.149126,39.440882
1.3375,34.810824,12.924358,-14.331085,39.802167
1.35,35.153339,12.920072,-14.508652,40.164492
1.3625,35.498538,12.917579,-14.680972,40.528274
1.375,35.846728,12.918164,-14.847181,40.893834
1.3875,36.198126,12.923027,-15.006413,41.261379
1.4,36.552854,12.933262,-15.157811,41.630993
1.4125,36.910919,12.949837,-15.300536,42.002626
1.425,37.272212,12.973582,-15.43379,42.376096
1.4375,37.636514,13.005171,-15.556827,42.751099
1.45,38.003497,13.04511,-15.668979,43.127226
1.4625,38.372749,13.093728,-15.769669,43.503977
1.475,38.743786,13.151173,-15.858437,43.880797
1.4875,39.116085,13.217411,-15.934948,44.257097
1.5,39.489107,13.29223,-15.999014,44.632291
1.5125,39.862332,13.375247,-16.050595,45.005825
1.525,40.23528,13.465921,-16.089811,45.377206
1.5375,40.607544,13.56357,-16.116937,45.746024
1.55,40.978807,13.667385,-16.132403,46.111978
1.5625,41.348862,13.776452,-16.136783,46.474884
1.575,41.717618,13.889768,-16.130784,46.834683
1.5875,42.085105,14.006263,-16.115236,47.191443
1.6,42.45147,14.124815,-16.091071,47.54535
1.6125,42.816963,14.244269,-16.059315,47.896692
1.625,43.181925,14.363447,-16.021063,48.245847
1.6375,43.546764,14.481162,-15.977469,48.593253
1.65,43.911929,14.596231,-15.929732,48.93939
1.6625,44.277883,14.707482,-15.879074,49.284743
1.675,44.645073,14.813765,-15.826733,49.629786
1.6875,45.013904,14.913965,-15.773944,49.974946
1.7,45.384713,15.007007,-15.721924,50.320585
1.7125,45.757742,15.091873,-15.671859,50.666979
1.725,46.133128,15.167614,-15.624884,51.014302
1.7375,46.510885,15.233362,-15.582068,51.362618
1.75,46.890899,15.288348,-15.544394,51.711877
1.7625,47.272936,15.331914,-15.512745,52.061918
1.775,47.656645,15.363528,-15.487881,52.412482
1.7875,48.041578,15.382795,-15.470429,52.763224
1.8,48.42721,15.389468,-15.460866,53.113735
1.8125,48.812969,15.38345,-15.459507,53.463566
1.825,49.198263,15.364799,-15.466499,53.812254
1.8375,49.582513,15.333722,-15.481818,54.159352
1.85,49.965185,15.290571,-15.505268,54.504446
1.8625,50.345816,15.235828,-15.536486,54.847189
1.875,50.72404,15.170095,-15.574948,55.187308
1.8875,51.099603,15.094073,-15.619985,55.524628
1.9,51.472378,15.008548,-15.670788,55.859071
1.9125,51.842369,14.91437,-15.726432,56.190661
1.925,52.209707,14.812437,-15.785884,56.519518
1.9375,52.574636,14.703681,-15.848023,56.845848
1.95,52.937507,14.589049,-15.911654,57.169928
1.9625,53.298744,14.469496,-15.975527,57.492086
1.975,53.65883,14.345974,-16.038347,57.812677
1.9875,54.01827,14.219424,-16.098795,58.132062
2,54.377566,14.09077,-16.15554,58.450585
2.0125,54.737187,13.960918,-16.20726,58.768547
2.025,55.097544,13.830744,-16.252654,59.086188
2.0375,55.458962,13.701096,-16.290466,59.403668
2.05,55.821664,13.572785,-16.319503,59.721059
2.0625,56.185756,13.44658,-16.338656,60.038333
2.075,56.55122,13.323197,-16.346922,60.355363
2.0875,56.917913,13.203292,-16.343427,60.671932
2.1,57.285577,13.08745,-16.327441,60.987737
2.1125,57.65385,12.976174,-16.2984,61.302409
2.125,58.022287,12.869875,-16.255921,61.615537
2.1375,58.390385,12.768862,-16.199805,61.926687
2.15,58.757614,12.673332,-16.130049,62.235432
2.1625,59.123445,12.583365,-16.046844,62.541379
2.175,59.487383,12.498923,-15.950566,62.844191
2.1875,59.848993,12.419843,-15.841772,63.143616
2.2,60.20793,12.345848,-15.721178,63.4395
2.2125,60.563953,12.276547,-15.589648,63.731807
2.225,60.916947,12.211443,-15.448174,64.020621
2.2375,61.266922,12.149951,-15.297854,64.306153
2.25,61.614018,12.091401,-15.139874,64.588738
2.2625,61.958501,12.035062,-14.975493,64.868821
2.275,62.300743,11.98015,-14.806023,65.146948
2.2875,62.641209,11.925849,-14.632817,65.423744
2.3,62.980434,11.871328,-14.457258,65.699892
2.3125,63.318995,11.815752,-14.280751,65.976109
2.325,63.657485,11.758307,-14.104708,66.25312
2.3375,63.996483,11.698207,-13.930542,66.531631
2.35,64.336531,11.634717,-13.759659,66.812305
2.3625,64.678104,11.567166,-13.593444,67.095739
2.375,65.021592,11.494958,-13.433246,67.382442
2.3875,65.367279,11.417589,-13.280363,67.67282
2.4,65.715339,11.334654,-13.136026,67.967164
2.4125,66.065822,11.245858,-13.001371,68.265642
2.425,66.418662,11.151019,-12.877426,68.568302
2.4375,66.773683,11.050074,-12.765077,68.875075
2.45,67.13061,10.943072,-12.665057,69.185788
2.4625,67.489095,10.830176,-12.57792,69.500178
2.475,67.848735,10.711652,-12.504023,69.817913
2.4875,68.209101,10.587855,-12.443519,70.138615
2.5,68.569765,10.45922,-12.396347,70.461886
2.5125,68.930328,10.326245,-12.362231,70.787331
2.525,69.290443,10.189474,-12.340683,71.114579
2.5375,69.649836,10.04948,-12.331015,71.443304
2.55,70.008324,9.906854,-12.33235,71.773241
2.5625,70.36582,9.762187,-12.343642,72.104191
2.575,70.72234,9.61606,-12.363692,72.436033
2.5875,71.077997,9.469036,-12.391174,72.768712
2.6,71.432994,9.321656,-12.424654,73.102243
2.6125,71.787608,9.174434,-12.462612,73.436691
2.625,72.142166,9.027854,-12.503469,73.772156
2.6375,72.49703,8.882378,-12.545603,74.108759
2.65,72.852566,8.738445,-12.587373,74.446616
2.6625,73.209117,8.596474,-12.627141,74.78582
2.675,73.566983,8.456869,-12.663291,75.126417
2.6875,73.926396,8.320024,-12.694256,75.468397
2.7,74.287499,8.18632,-12.718535,75.811671
2.7125,74.650333,8.056133,-12.734723,76.156068
2.725,75.014829,7.929825,-12.741526,76.501328
2.7375,75.380805,7.807748,-12.737794,76.847109
2.75,75.747972,7.690236,-12.722536,77.192991
2.7625,76.115943,7.5776,-12.694942,77.538496
2.775,76.484256,7.470119,-12.654401,77.883105
2.7875,76.852394,7.368039,-12.600513,78.226283
2.8,77.219812,7.271561,-12.533094,78.567508
2.8125,77.58597,7.180837,-12.452184,78.906299
2.825,77.950363,7.095965,-12.358035,79.242241
2.8375,78.312551,7.016988,-12.251109,79.575017
2.85,78.672185,6.943891,-12.132061,79.904425
2.8625,79.02903,6.876607,-12.001721,80.230397
2.875,79.38298,6.815015,-11.861075,80.553008
2.8875,79.734071,6.75895,-11.711243,80.872484
2.9,80.082478,6.708208,-11.553453,81.189197
2.9125,80.428516,6.662558,-11.389028,81.503655
2.925,80.772623,6.621745,-11.219358,81.816491
2.9375,81.115347,6.585505,-11.045888,82.128436
2.95,81.457318,6.55357,-10.8701,82.4403
2.9625,81.799226,6.525681,-10.693503,82.752939
2.975,82.141789,6.501589,-10.517615,83.067228
2.9875,82.485718,6.481068,-10.343959,83.384024
3,82.831693,6.463918,-10.174044,83.704139
3.0125,83.180329,6.449965,-10.009359,84.028307
3.025,83.532147,6.439072,-9.851352,84.35716
3.0375,83.887557,6.431132,-9.701419,84.691199
3.05,84.246833,6.426072,-9.560878,85.030781
3.0625,84.610109,6.423853,-9.430955,85.376105
3.075,84.97737,6.424467,-9.312753,85.72721
3.0875,85.348456,6.427934,-9.207235,86.083974
3.1,85.723074,6.434299,-9.115198,86.446124
3.1125,86.100812,6.443632,-9.037253,86.81326
3.125,86.481165,6.456021,-8.973804,87.184868
3.1375,86.863563,6.471568,-8.925041,87.560357
3.15,87.247399,6.490389,-8.890925,87.939084
3.1625,87.632063,6.51261,-8.871191,88.320386
3.175,88.01697,6.538363,-8.865349,88.703617
3.1875,88.40159,6.567785,-8.872696,89.088168
3.2,88.785471,6.601014,-8.892325,89.473498
3.2125,89.168256,6.63819,-8.92315,89.859146
3.225,89.549692,6.679451,-8.96392,90.244747
3.2375,89.929638,6.72493,-9.01325,90.630034
3.25,90.308055,6.774755,-9.069637,91.014837
3.2625,90.685005,6.829047,-9.131486,91.39907
3.275,91.060624,6.88791,-9.197136,91.782721
3.2875,91.435111,6.951437,-9.264877,92.165828
3.3,91.808699,7.019698,-9.332975,92.548462
3.3125,92.181631,7.092739,-9.399693,92.930696
3.325,92.554134,7.170574,-9.463309,93.312588
3.3375,92.926393,7.253186,-9.52214,93.694154
3.35,93.298531,7.340518,-9.574562,94.075349
3.3625,93.670588,7.432469,-9.619035,94.456055
3.375,94.042512,7.528897,-9.654123,94.836071
3.3875,94.414151,7.629615,-9.678519,95.215107
3.4,94.785252,7.734397,-9.691071,95.592792
3.4125,95.155471,7.842976,-9.6908,95.96868
3.425,95.524381,7.955057,-9.67692,96.342271
3.4375,95.891498,8.070325,-9.648857,96.713029
3.45,96.256298,8.188451,-9.606256,97.080409
3.4625,96.61825,8.309113,-9.548991,97.443886
3.475,96.976841,8.432003,-9.477164,97.80298
3.4875,97.331603,8.556842,-9.391095,98.157288
3.5,97.682144,8.683399,-9.291319,98.506503
3.5125,98.028163,8.811493,-9.178561,98.850439
3.525,98.369476,8.941012,-9.053725,99.189039
3.5375,98.706019,9.071917,-8.917862,99.522391
3.55,99.037857,9.204247,-8.772156,99.850719
3.5625,99.365181,9.338121,-8.617893,100.174387
3.575,99.688298,9.473736,-8.456443,100.49388
3.5875,100.007618,9.611362,-8.28924,100.809789
3.6,100.323636,9.751336,-8.117761,101.122789
3.6125,100.636904,9.894047,-7.943513,101.433614
3.625,100.948009,10.039927,-7.768018,101.743023
3.6375,101.257546,10.189434,-7.592803,102.05178
3.65,101.566087,10.343037,-7.419386,102.360616
3.6625,101.874159,10.501195,-7.249264,102.670206
3.675,102.182218,10.664344,-7.083902,102.981142
3.6875,102.490627,10.83288,-6.924717,103.293909
3.7,102.799647,11.00714,-6.773062,103.608874
3.7125,103.109419,11.18739,-6.630207,103.92627
3.725,103.419966,11.373819,-6.497319,104.246191
3.7375,103.731193,11.566524,-6.375436,104.568595
3.75,104.042895,11.765514,-6.265452,104.893313
3.7625,104.354771,11.970705,-6.16809,105.220062
3.775,104.666449,12.18193,-6.083885,105.548466
3.7875,104.977501,12.398944,-6.01317,105.878079
3.8,105.287477,12.621436,-5.956062,106.208418
3.8125,105.595928,12.849047,-5.912458,106.538984
3.825,105.902435,13.08138,-5.882037,106.869297
3.8375,106.206635,13.318021,-5.864263,107.198921
3.85,106.508239,13.558552,-5.858393,107.527485
3.8625,106.807052,13.802563,-5.863501,107.854706
3.875,107.102981,14.049666,-5.878489,108.180397
3.8875,107.396044,14.299499,-5.902111,108.504474
3.9,107.686368,14.551731,-5.932996,108.826959
3.9125,107.974181,14.806059,-5.969675,109.147973
3.925,108.259802,15.062205,-6.010596,109.467722
3.9375,108.543627,15.319911,-6.054158,109.786481
3.95,108.826106,15.578922,-6.098723,110.10458
3.9625,109.107723,15.838978,-6.142646,110.422374
3.975,109.388976,16.099802,-6.184291,110.740224
3.9875,109.670348,16.361085,-6.222054,111.058473
4,109.952293,16.622477,-6.254385,111.377425
4.0125,110.235208,16.883579,-6.279812,111.697325
4.025,110.519425,17.143939,-6.296956,112.018345
4.0375,110.805192,17.403049,-6.304564,112.340572
4.05,111.092665,17.660353,-6.301521,112.664003
4.0625,111.381912,17.915257,-6.286878,112.988547
4.075,111.672907,18.16714,-6.259865,113.314028
4.0875,111.965541,18.415374,-6.219911,113.640203
4.1,112.259636,18.659345,-6.166651,113.96677
4.1125,112.554957,18.898477,-6.099938,114.293395
4.125,112.851236,19.132256,-6.019838,114.619733
4.1375,113.148188,19.360251,-5.926628,114.945451
4.15,113.445535,19.582138,-5.820787,115.270252
4.1625,113.743025,19.797715,-5.702978,115.593898
4.175,114.040451,20.006916,-5.574033,115.916224
4.1875,114.337665,20.209821,-5.434931,116.237158
4.2,114.634587,20.406657,-5.286771,116.556725
4.2125,114.931211,20.597794,-5.130755,116.875049
4.225,115.227605,20.783743,-4.968164,117.192353
4.2375,115.523907,20.965136,-4.800338,117.508949
4.25,115.820311,21.142719,-4.628657,117.825224
4.2625,116.117059,21.317322,-4.454529,118.14162
4.275,116.414419,21.489849,-4.279376,118.458616
4.2875,116.712668,21.661243,-4.104623,118.776699
4.3,117.01207,21.83247,-3.931688,119.096345
4.3125,117.312855,22.004489,-3.761974,119.417989
4.325,117.615205,22.178229,-3.596857,119.742004
4.3375,117.919227,22.354565,-3.437677,120.068682
4.35,118.224951,22.534296,-3.285723,120.398212
4.3625,118.532314,22.718124,-3.142219,120.730676
4.375,118.84116,22.906639,-3.008305,121.066037
4.3875,119.151241,23.100303,-2.885023,121.404141
4.4,119.462226,23.299442,-2.773289,121.744727
4.4125,119.773717,23.504243,-2.673884,122.087437
4.425,120.085264,23.71475,-2.587427,122.431837
4.4375,120.396393,23.930874,-2.514363,122.777442
4.45,120.70663,24.152397,-2.454954,123.123741
4.4625,121.015528,24.378989,-2.409267,123.47023
4.475,121.322696,24.610221,-2.377174,123.816439
4.4875,121.627822,24.845582,-2.358354,124.161958
4.5,121.930698,25.084502,-2.352306,124.506468
4.5125,122.231234,25.326362,-2.358352,124.849753
4.525,122.529472,25.570515,-2.375664,125.191719
4.5375,122.825591,25.816299,-2.403278,125.532398
4.55,123.119906,26.063043,-2.440113,125.871949
4.5625,123.412859,26.310078,-2.484997,126.210654
4.575,123.70501,26.556735,-2.536687,126.548901
4.5875,123.997014,26.802351,-2.593888,126.887169
4.6,124.289601,27.046256,-2.655274,127.226001
4.6125,124.583551,27.28778,-2.719506,127.565982
4.625,124.879663,27.526235,-2.785249,127.907707
4.6375,125.178728,27.76092,-2.851188,128.251752
4.65,125.481497,27.991112,-2.916044,128.598646
4.6625,125.788655,28.216065,-2.978589,128.948843
4.675,126.100798,28.435011,-3.037662,129.302701
4.6875,126.418405,28.647169,-3.092185,129.66046
4.7,126.741825,28.851753,-3.141181,130.022233
4.7125,127.071268,29.047983,-3.183785,130.387994
4.725,127.406795,29.235106,-3.219265,130.757586
4.7375,127.748322,29.412414,-3.247033,131.130725
4.75,128.095632,29.579268,-3.266657,131.507015
4.7625,128.448384,29.735114,-3.27787,131.885969
4.775,128.806142,29.87951,-3.28058,132.267038
4.7875,129.16839,30.012142,-3.274867,132.649638
4.8,129.534571,30.13284,-3.260981,133.03318
4.8125,129.904105,30.241587,-3.239341,133.417103
4.825,130.276426,30.338529,-3.21052,133.8009
4.8375,130.651002,30.423972,-3.175235,134.184144
4.85,131.02736,30.498383,-3.134331,134.566506
4.8625,131.405097,30.562378,-3.088763,134.947764
4.875,131.783894,30.616715,-3.039578,135.327813
4.8875,132.163519,30.662273,-2.987901,135.706663
4.9,132.543819,30.700043,-2.934909,136.084423
4.9125,132.924714,30.731105,-2.881824,136.461296
4.925,133.306181,30.75661,-2.829889,136.83755
4.9375,133.688234,30.777762,-2.780355,137.213501
4.95,134.070901,30.795799,-2.734467,137.58948
4.9625,134.454203,30.811973,-2.693449,137.965811
4.975,134.838128,30.827532,-2.658488,138.342781
4.9875,135.222614,30.843698,-2.630717,138.720618
5,135.607526,30.861654,-2.611204,139.099465
5.0125,135.992646,30.882518,-2.600932,139.47937
5.025,136.377666,30.90733,-2.600784,139.86027
5.0375,136.762188,30.937032,-2.611525,140.241991
5.05,137.145726,30.97245,-2.633795,140.62425
5.0625,137.527728,31.014278,-2.668086,141.006667
5.075,137.907586,31.06307,-2.71474,141.388777
5.0875,138.284667,31.119225,-2.773943,141.77006
5.1,138.658339,31.182982,-2.84572,142.149961
5.1125,139.028005,31.254415,-2.929938,142.527924
5.125,139.393128,31.333439,-3.026318,142.903418
5.1375,139.753264,31.41981,-3.134443,143.275972
5.15,140.10809,31.513135,-3.253775,143.645194
5.1625,140.457418,31.612884,-3.383671,144.010798
5.175,140.801213,31.7184,-3.523407,144.372618
5.1875,141.1396,31.828916,-3.672192,144.730617
5.2,141.472865,31.943568,-3.82919,145.084891
5.2125,141.801443,32.061409,-3.993539,145.435662
5.225,142.12591,32.181426,-4.16436,145.783265
5.2375,142.446958,32.302547,-4.340775,146.128138
5.25,142.765373,32.423656,-4.521909,146.470792
5.2625,143.082005,32.543605,-4.706903,146.811788
5.275,143.397737,32.661219,-4.894907,147.151712
5.2875,143.713456,32.775312,-5.08509,147.491141
5.3,144.030016,32.884696,-5.276635,147.830618
5.3125,144.348211,32.98819,-5.46874,148.170624
5.325,144.668745,33.08464,-5.660618,148.511554
5.3375,144.992208,33.17293,-5.8515,148.8537
5.35,145.319061,33.252003,-6.040638,149.197233
5.3625,145.649614,33.320878,-6.22731,149.542203
5.375,145.984028,33.378672,-6.410833,149.888529
5.3875,146.322311,33.424621,-6.590571,150.236013
5.4,146.664324,33.458098,-6.765947,150.58435
5.4125,147.009799,33.47863,-6.936461,150.933145
5.425,147.358356,33.485914,-7.101702,151.281941
5.4375,147.709527,33.479829,-7.261359,151.630244
5.45,148.06279,33.460437,-7.415239,151.977552
5.4625,148.417591,33.427986,-7.56327,152.323389
5.475,148.773382,33.38291,-7.705512,152.667327
5.4875,149.129642,33.325812,-7.842157,153.009017
5.5,149.485906,33.257459,-7.973529,153.348205
5.5125,149.841785,33.17876,-8.100077,153.684748
5.525,150.196975,33.090756,-8.222366,154.018625
5.5375,150.551269,32.994596,-8.341068,154.349932
5.55,150.904556,32.89152,-8.456943,154.678884
5.5625,151.256814,32.782843,-8.570822,155.005799
5.575,151.6081,32.66994,-8.683592,155.331085
5.5875,151.958533,32.554227,-8.79617,155.655216
5.6,152.308275,32.437149,-8.909487,155.978711
5.6125,152.657507,32.320169,-9.024463,156.302107
5.625,153.006408,32.204751,-9.141989,156.625933
5.6375,153.355134,32.092348,-9.262903,156.950685
5.65,153.703795,31.984386,-9.387976,157.2768
5.6625,154.052439,31.882251,-9.517888,157.604639
5.675,154.401041,31.787263,-9.653215,157.934468
5.6875,154.749496,31.700667,-9.794416,158.266451
5.7,155.097616,31.623602,-9.941822,158.600638
5.7125,155.445138,31.557084,-10.095632,158.936975
5.725,155.791732,31.501985,-10.255909,159.275304
5.7375,156.13702,31.459013,-10.422583,159.615378
5.75,156.480597,31.428694,-10.595457,159.956881
5.7625,156.822052,31.411358,-10.774224,160.299449
5.775,157.160998,31.407135,-10.958472,160.642696
5.7875,157.497095,31.415944,-11.147713,160.986235
5.8,157.830074,31.437502,-11.341393,161.329712
5.8125,158.15976,31.471325,-11.538918,161.67282
5.825,158.486087,31.516744,-11.739674,162.015323
5.8375,158.80911,31.572916,-11.94304,162.357072
5.85,159.129009,31.638845,-12.14841,162.698009
5.8625,159.44609,31.713399,-12.355202,163.038174
5.875,159.760773,31.795333,-12.562866,163.377701
5.8875,160.073584,31.883304,-12.770891,163.716808
5.9,160.385135,31.975899,-12.978805,164.05578
5.9125,160.696098,32.071645,-13.186172,164.394956
5.925,161.007186,32.16903,-13.392587,164.734702
5.9375,161.319121,32.266522,-13.597671,165.075388
5.95,161.632604,32.362581,-13.80106,165.417365
5.9625,161.948294,32.455682,-14.002398,165.760937
5.975,162.266776,32.544328,-14.201331,166.106345
5.9875,162.588541,32.627069,-14.397502,166.45374
6,162.913966,32.702528,-14.590541,166.803176
6.0125,163.243301,32.769413,-14.780074,167.1546
6.025,163.576659,32.82655,-14.965717,167.507846
6.0375,163.914019,32.872897,-15.147083,167.862644
6.05,164.255227,32.90757,-15.323793,168.218627
6.0625,164.600013,32.929863,-15.495481,168.575354
6.075,164.948003,32.939262,-15.661805,168.932327
6.0875,165.298751,32.935461,-15.822463,169.289019
6.1,165.651757,32.918368,-15.977199,169.644907
6.1125,166.006506,32.888108,-16.125816,169.999499
6.125,166.362491,32.84502,-16.268184,170.352363
6.1375,166.719245,32.789651,-16.404245,170.703155
6.15,167.076367,32.72274,-16.534015,171.051641
6.1625,167.433542,32.645202,-16.657586,171.397711
6.175,167.790555,32.558112,-16.77512,171.741392
6.1875,168.147304,32.462679,-16.886844,172.082849
6.2,168.503799,32.360231,-16.99304,172.422383
6.2125,168.860154,32.252188,-17.094037,172.760416
6.225,169.216583,32.140043,-17.190196,173.097478
6.2375,169.573375,32.025347,-17.281898,173.434185
6.25,169.93088,31.909689,-17.369529,173.771209
6.2625,170.289477,31.794678,-17.453472,174.109251
6.275,170.649551,31.681925,-17.534089,174.449012
6.2875,171.011464,31.573034,-17.611714,174.791161
6.3,171.375532,31.469575,-17.686641,175.136302
6.3125,171.741995,31.373071,-17.759118,175.484953
6.325,172.111004,31.284978,-17.82934,175.837519
6.3375,172.482602,31.206659,-17.897445,176.194274
6.35,172.856716,31.139364,-17.963514,176.555351
6.3625,173.233157,31.084206,-18.027571,176.920738
6.375,173.611622,31.042139,-18.089581,177.290278
6.3875,173.991712,31.013934,-18.149462,177.66368
6.4,174.372945,31.000163,-18.207085,178.040535
6.4125,174.754783,31.001183,-18.262283,178.420342
6.425,175.13666,31.017127,-18.314858,178.802533
6.4375,175.51801,31.0479,-18.364594,179.186501
6.45,175.8983,31.093183,-18.411257,179.571636
6.4625,176.277061,31.152437,-18.454612,179.957354
6.475,176.653907,31.224919,-18.494426,180.343124
6.4875,177.028563,31.309698,-18.530473,180.728492
6.5,177.400874,31.405677,-18.562545,181.113099
6.5125,177.770816,31.511612,-18.59045,181.496693
6.525,178.138495,31.626139,-18.614017,181.87913
6.5375,178.504142,31.747794,-18.633103,182.260373
6.55,178.868097,31.875036,-18.647585,182.640484
6.5625,179.230792,32.006264,-18.657369,183.019603
6.575,179.592727,32.13984,-18.662385,183.397933
6.5875,179.954444,32.274103,-18.662591,183.775711
6.6,180.316493,32.407385,-18.657968,184.153186
6.6125,180.679407,32.538029,-18.648527,184.530591
6.625,181.043674,32.664402,-18.634305,184.908119
6.6375,181.409706,32.784915,-18.615364,185.285898
6.65,181.777818,32.898041,-18.591795,185.663974
6.6625,182.148212,33.002336,-18.563717,186.042299
6.675,182.520964,33.096457,-18.531274,186.420723
6.6875,182.896018,33.179192,-18.494634,186.798993
6.7,183.273192,33.249475,-18.453987,187.176761
6.7125,183.65218,33.306416,-18.409543,187.553598
6.725,184.032578,33.349314,-18.36152,187.929008
6.7375,184.413898,33.377677,-18.310147,188.30246
6.75,184.795596,33.391234,-18.255648,188.67341
6.7625,185.177107,33.38994,-18.198238,189.041332
6.775,185.557869,33.37398,-18.138115,189.405746
6.7875,185.937355,33.34376,-18.075448,189.766246
6.8,186.315102,33.299898,-18.010372,190.122524
6.8125,186.690733,33.24321,-17.942979,190.474385
6.825,187.063971,33.17469,-17.873312,190.821761
6.8375,187.434656,33.095485,-17.801361,191.164719
6.85,187.802743,33.006879,-17.727061,191.503455
6.8625,188.168302,32.910262,-17.650291,191.838286
6.875,188.531505,32.807111,-17.570875,192.16964
6.8875,188.892613,32.69897,-17.488589,192.498033
6.9,189.251953,32.587423,-17.403161,192.824043
6.9125,189.609894,32.474086,-17.314286,193.148292
6.925,189.966821,32.36058,-17.22163,193.471405
6.9375,190.323107,32.248518,-17.124846,193.793994
6.95,190.679087,32.139489,-17.023579,194.116623
6.9625,191.035033,32.03504,-16.917488,194.439783
6.975,191.391135,31.936657,-16.806251,194.763874
6.9875,191.747481,31.845746,-16.689581,195.089185
7,192.104053,31.763614,-16.567239,195.415884
7.0125,192.460719,31.691443,-16.439039,195.744012
7.025,192.817241,31.630275,-16.30486,196.073484
7.0375,193.17328,31.580986,-16.164651,196.4041
7.05,193.528416,31.544269,-16.018431,196.735555
7.0625,193.882171,31.52062,-15.866288,197.067462
7.075,194.234034,31.510322,-15.708379,197.399376
7.0875,194.583491,31.513445,-15.544919,197.730819
7.1,194.930055,31.529837,-15.376176,198.061313
7.1125,195.273295,31.559134,-15.202455,198.390406
7.125,195.612862,31.600767,-15.024093,198.717698
7.1375,195.948514,31.653976,-14.841444,199.042867
7.15,196.28013,31.717828,-14.654871,199.365683
7.1625,196.607723,31.791239,-14.464734,199.686024
7.175,196.931441,31.872996,-14.271387,200.003882
7.1875,197.251566,31.961777,-14.075174,200.31936
7.2,197.568507,32.056176,-13.876425,200.632671
7.2125,197.882781,32.154724,-13.675462,200.94412
7.225,198.194994,32.255906,-13.472603,201.254093
7.2375,198.505818,32.358184,-13.268166,201.563032
7.25,198.815965,32.460012,-13.06248,201.871416
7.2625,199.126158,32.559852,-12.855892,202.179733
7.275,199.437104,32.656191,-12.648776,202.488461
7.2875,199.749465,32.74756,-12.441541,202.798036
7.3,200.063835,32.832548,-12.234634,203.108839
7.3125,200.380719,32.909826,-12.028543,203.421176
7.325,200.700512,32.978159,-11.823796,203.735262
7.3375,201.023493,33.036436,-11.620957,204.051213
7.35,201.349814,33.08368,-11.420613,204.369048
7.3625,201.679501,33.119076,-11.223366,204.688686
7.375,202.012464,33.141985,-11.029815,205.009959
7.3875,202.348505,33.151956,-10.840535,205.332625
7.4,202.68734,33.148744,-10.656061,205.656385
7.4125,203.028616,33.132308,-10.476867,205.980906
7.425,203.371939,33.102817,-10.303346,206.305843
7.4375,203.716899,33.060643,-10.135789,206.630867
7.45,204.063095,33.006356,-9.974379,206.955682
7.4625,204.41016,32.940701,-9.819171,207.28005
7.475,204.757778,32.86459,-9.670093,207.603804
7.4875,205.105703,32.779077,-9.526938,207.926862
7.5,205.453766,32.685335,-9.389371,208.249229
7.5125,205.801878,32.58464,-9.256932,208.571002
7.525,206.150032,32.478345,-9.12905,208.89236
7.5375,206.498289,32.36786,-9.005052,209.213557
7.55,206.846768,32.254639,-8.884183,209.534904
7.5625,207.195629,32.140157,-8.765622,209.856748
7.575,207.54505,32.025899,-8.648503,210.179454
7.5875,207.895207,31.913345,-8.531933,210.503379
7.6,208.246249,31.803957,-8.415016,210.828851
7.6125,208.598278,31.699162,-8.296871,211.156142
7.625,208.951329,31.60034,-8.176655,211.485454
7.6375,209.305357,31.508809,-8.053582,211.816897
7.65,209.660225,31.425806,-7.92694,212.150483
7.6625,210.015699,31.352468,-7.796109,212.486118
7.675,210.371452,31.289818,-7.660575,212.8236
7.6875,210.727073,31.238743,-7.51994,213.162632
7.7,211.08208,31.199977,-7.373932,213.502828
7.7125,211.435943,31.174087,-7.222405,213.843739
7.725,211.788109,31.161461,-7.065342,214.184871
7.7375,212.138031,31.162303,-6.902852,214.525716
7.75,212.485197,31.176624,-6.735162,214.865779
7.7625,212.829159,31.204249,-6.562603,215.20461
7.775,213.169565,31.244824,-6.385604,215.541825
7.7875,213.506177,31.297827,-6.204675,215.87714
7.8,213.838895,31.362582,-6.020392,216.210383
7.8125,214.167765,31.438278,-5.833387,216.541509
7.825,214.492986,31.523992,-5.64433,216.87061
7.8375,214.814911,31.618707,-5.453926,217.197914
7.85,215.134035,31.721333,-5.262902,217.523778
7.8625,215.450981,31.830725,-5.072004,217.848676
7.875,215.766481,31.945704,-4.881992,218.173179
7.8875,216.081349,32.065068,-4.693641,218.497936
7.9,216.396453,32.18761,-4.507741,218.823643
7.9125,216.712685,32.312127,-4.325098,219.151016
7.925,217.030927,32.437431,-4.146531,219.480759
7.9375,217.352019,32.56236,-3.972876,219.813537
7.95,217.676732,32.685789,-3.80498,220.149945
7.9625,218.005734,32.806641,-3.643695,220.490481
7.975,218.339572,32.923895,-3.489872,220.835529
7.9875,218.678651,33.036606,-3.344344,221.18534
8,219.02322,33.143913,-3.207919,221.54002
8.0125,219.373368,33.245056,-3.081354,221.899534
8.025,219.729026,33.339392,-2.965344,222.263702
8.0375,220.089975,33.426409,-2.860495,222.632218
8.05,220.455861,33.505738,-2.767312,223.004661
8.0625,220.826216,33.577164,-2.686176,223.380526
8.075,221.200489,33.640634,-2.617334,223.759244
8.0875,221.578071,33.696261,-2.560885,224.140219
8.1,221.958326,33.744324,-2.516774,224.522854
8.1125,222.340624,33.785265,-2.484791,224.906584
8.125,222.724368,33.819681,-2.464572,225.290899
8.1375,223.109017,33.848312,-2.455606,225.675367
8.15,223.494103,33.872028,-2.457246,226.059652
8.1625,223.879247,33.891815,-2.468718,226.443518
8.175,224.264158,33.908753,-2.489139,226.826832
8.1875,224.648636,33.924001,-2.517533,227.209563
8.2,225.032562,33.938776,-2.552841,227.591765
8.2125,225.41588,33.954336,-2.593945,227.973561
8.225,225.798586,33.971957,-2.639675,228.355125
8.2375,226.180697,33.992918,-2.688832,228.736653
8.25,226.562238,34.018479,-2.740194,229.118339
8.2625,226.943209,34.049859,-2.792539,229.500352
8.275,227.32357,34.088225,-2.844653,229.882806
8.2875,227.70322,34.134661,-2.89535,230.265748
8.3,228.081983,34.19016,-2.943486,230.649132
8.3125,228.459601,34.2556,-2.987974,231.032819
8.325,228.835729,34.331726,-3.027806,231.416564
8.3375,229.209945,34.419142,-3.062066,231.800027
8.35,229.581754,34.518294,-3.089953,232.182778
8.3625,229.950612,34.629465,-3.11079,232.564316
8.375,230.315945,34.752774,-3.124046,232.944091
8.3875,230.677174,34.888174,-3.129344,233.32153
8.4,231.033748,35.035465,-3.12647,233.696066
8.4125,231.38517,35.1943,-3.115382,234.067172
8.425,231.731022,35.364205,-3.096205,234.434383
8.4375,232.070995,35.544598,-3.069235,234.797328
8.45,232.404903,35.73481,-3.034928,235.15575
8.4625,232.732702,35.934105,-2.993892,235.50952
8.475,233.05449,36.141706,-2.946874,235.858649
8.4875,233.370515,36.356809,-2.894749,236.203291
8.5,233.681164,36.578607,-2.8385,236.543734
8.5125,233.98695,36.806294,-2.779207,236.880392
8.525,234.288497,37.039083,-2.718028,237.213788
8.5375,234.586513,37.276204,-2.656184,237.544528
8.55,234.881769,37.516911,-2.594945,237.873281
8.5625,235.175064,37.760475,-2.535613,238.200742
8.575,235.467201,38.006185,-2.479506,238.52761
8.5875,235.758955,38.25334,-2.427943,238.854554
8.6,236.051047,38.501242,-2.382225,239.182185
8.6125,236.344116,38.749199,-2.343619,239.511031
8.625,236.638699,38.996512,-2.313335,239.841517
8.6375,236.935213,39.242487,-2.292508,240.173944
8.65,237.233945,39.486431,-2.282173,240.508485
8.6625,237.535045,39.727661,-2.283251,240.845174
8.675,237.838525,39.965519,-2.296518,241.183914
8.6875,238.144267,40.199383,-2.322598,241.524485
8.7,238.452039,40.428683,-2.361938,241.866559
8.7125,238.761509,40.652923,-2.414801,242.209722
8.725,239.072269,40.871692,-2.481262,242.553503
8.7375,239.383863,41.08469,-2.5612,242.897397
8.75,239.695814,41.291735,-2.654307,243.240901
8.7625,240.007648,41.492782,-2.760095,243.583539
8.775,240.318925,41.687923,-2.877907,243.924888
8.7875,240.629256,41.877399,-3.006935,244.264605
8.8,240.938327,42.06159,-3.14624,244.60244
8.8125,241.245906,42.241014,-3.294769,244.93825
8.825,241.551856,42.416317,-3.451372,245.272002
8.8375,241.856132,42.588253,-3.614827,245.603776
8.85,242.158776,42.757672,-3.783849,245.933749
8.8625,242.459912,42.925493,-3.957108,246.262189
8.875,242.759728,43.092687,-4.133242,246.589434
8.8875,243.058459,43.260248,-4.310866,246.91587
8.9,243.356368,43.429172,-4.488578,247.24191
8.9125,243.653725,43.600427,-4.664976,247.567965
8.925,243.95079,43.774933,-4.838659,247.894424
8.9375,244.247787,43.953533,-5.008242,248.221628
8.95,244.544893,44.136978,-5.172369,248.549856
8.9625,244.842223,44.325903,-5.329727,248.8793
8.975,245.139825,44.520813,-5.479063,249.210065
8.9875,245.437667,44.722072,-5.619206,249.542156
9,245.73565,44.929896,-5.749089,249.875483
9.0125,246.033605,45.14435,-5.867768,250.209867
9.025,246.331309,45.365352,-5.97445,250.545052
9.0375,246.628501,45.592683,-6.06851,250.880723
9.05,246.924897,45.826002,-6.14951,251.216528
9.0625,247.220214,46.064862,-6.217215,251.552101
9.075,247.514189,46.308731,-6.271598,251.887088
9.0875,247.8066,46.557016,-6.312848,252.22117
9.1,248.097285,46.80909,-6.341367,252.554087
9.1125,248.386159,47.064311,-6.357761,252.885655
9.125,248.673221,47.322045,-6.36283,253.215782
9.1375,248.958563,47.581681,-6.357551,253.544475
9.15,249.242369,47.842649,-6.343061,253.871842
9.1625,249.524915,48.104427,-6.320635,254.198091
9.175,249.806553,48.366543,-6.291662,254.523519
9.1875,250.087704,48.628576,-6.257625,254.848496
9.2,250.368836,48.890151,-6.22008,255.173452
9.2125,250.650445,49.150932,-6.18063,255.498846
9.225,250.933034,49.41061,-6.140906,255.825149
9.2375,251.217088,49.668889,-6.102547,256.152816
9.25,251.503052,49.92548,-6.067175,256.482259
9.2625,251.791312,50.180081,-6.036374,256.813829
9.275,252.082171,50.432375,-6.011668,257.147789
9.2875,252.375841,50.682021,-5.994498,257.484304
9.3,252.672428,50.928649,-5.986198,257.823424
9.3125,252.971928,51.171862,-5.987971,258.165086
9.325,253.274227,51.411243,-6.000866,258.509111
9.3375,253.579109,51.646359,-6.02576,258.855212
9.35,253.886269,51.876775,-6.063336,259.203012
9.3625,254.195329,52.102069,-6.114071,259.552062
9.375,254.505862,52.321846,-6.178228,259.901866
9.3875,254.817417,52.535756,-6.25585,260.251911
9.4,255.129546,52.743507,-6.346761,260.601696
9.4125,255.44183,52.94488,-6.450575,260.95076
9.425,255.75391,53.139741,-6.566708,261.298711
9.4375,256.065504,53.328046,-6.694393,261.645252
9.45,256.376429,53.509847,-6.832704,261.990196
9.4625,256.686612,53.685287,-6.980569,262.333481
9.475,256.996101,53.854602,-7.1368,262.675176
9.4875,257.305061,54.018106,-7.300113,263.015478
9.5,257.613773,54.176182,-7.469144,263.354709
9.5125,257.922619,54.329271,-7.64247,263.693296
9.525,258.232068,54.477848,-7.818627,264.031756
9.5375,258.542654,54.622412,-7.99612,264.370667
9.55,258.854951,54.763464,-8.173435,264.710649
9.5625,259.169547,54.901493,-8.349056,265.052325
9.575,259.487018,55.036955,-8.52147,265.396297
9.5875,259.807899,55.170263,-8.689183,265.743117
9.6,260.132659,55.301772,-8.850732,266.093258
9.6125,260.46168,55.431766,-9.004702,266.44709
9.625,260.795235,55.560455,-9.149744,266.804866
9.6375,261.133482,55.687968,-9.284597,267.166706
9.65,261.476448,55.81435,-9.408107,267.532591
9.6625,261.824037,55.939568,-9.519257,267.902366
9.675,262.17603,56.063511,-9.617182,268.27575
9.6875,262.5321,56.186002,-9.701198,268.652347
9.7,262.891832,56.306807,-9.770818,269.031673
9.7125,263.254745,56.425646,-9.825768,269.413177
9.725,263.620318,56.542206,-9.865998,269.796277
9.7375,263.988019,56.656158,-9.891682,270.180384
9.75,264.357334,56.767168,-9.903226,270.564937
9.7625,264.727793,56.87491,-9.901249,270.949431
9.775,265.098991,56.979074,-9.886581,271.333438
9.7875,265.470609,57.079382,-9.86024,271.716625
9.8,265.842423,57.175588,-9.823413,272.098771
9.8125,266.214311,57.267486,-9.777438,272.479766
9.825,266.58625,57.35491,-9.723773,272.859609
9.8375,266.958308,57.437736,-9.663979,273.238402
9.85,267.330633,57.515878,-9.599694,273.616333
9.8625,267.703427,57.589289,-9.532611,273.993653
9.875,268.076932,57.657951,-9.464456,274.370655
9.8875,268.451396,57.721879,-9.396968,274.747649
9.9,268.827055,57.781107,-9.331878,275.124927
9.9125,269.2041,57.835693,-9.270884,275.502748
9.925,269.582661,57.885709,-9.215639,275.881305
9.9375,269.962779,57.931241,-9.167716,276.260706
9.95,270.3444,57.972384,-9.128596,276.640965
9.9625,270.727361,58.009243,-9.099638,277.021984
9.975,271.111387,58.041928,-9.082057,277.403557
9.9875,271.496103,58.070555,-9.076905,277.785373
10,271.881037,58.095243,-9.085043,278.167025
10.0125,272.265648,58.116113,-9.10713,278.548031
10.025,272.649344,58.133286,-9.143608,278.927857
10.0375,273.031514,58.146879,-9.194691,279.305942
10.05,273.411556,58.157006,-9.260369,279.681731
10.0625,273.788912,58.163774,-9.340403,280.054702
10.075,274.163095,58.167274,-9.434341,280.424395
10.0875,274.533719,58.167586,-9.541529,280.790441
10.1,274.900517,58.16477,-9.661129,281.152578
10.1125,275.26336,58.15886,-9.792145,281.510669
10.125,275.622265,58.149868,-9.93344,281.864707
10.1375,275.977393,58.137775,-10.083763,282.21482
10.15,276.329049,58.12253,-10.241772,282.56126
10.1625,276.677665,58.104053,-10.406054,282.904396
10.175,277.023782,58.082227,-10.575143,283.24469
10.1875,277.368026,58.05691,-10.747538,283.58268
10.2,277.711082,58.027926,-10.921719,283.918948
10.2125,278.053659,57.99508,-11.096155,284.254096
10.225,278.396465,57.958155,-11.269319,284.588715
10.2375,278.740171,57.916922,-11.439702,284.923357
10.25,279.085384,57.871148,-11.60582,285.258508
10.2625,279.432623,57.820602,-11.766232,285.594567
10.275,279.78229,57.765066,-11.919556,285.931825
10.2875,280.134662,57.704345,-12.064484,286.270452
10.3,280.489876,57.63827,-12.199807,286.610495
10.3125,280.847928,57.566711,-12.324433,286.951871
10.325,281.208676,57.489583,-12.43741,287.29438
10.3375,281.571853,57.406847,-12.537948,287.637714
10.35,281.937082,57.318518,-12.625439,287.98148
10.3625,282.303904,57.22466,-12.699475,288.325221
10.375,282.671802,57.12539,-12.759859,288.668446
10.3875,283.040231,57.020872,-12.80661,289.010659
10.4,283.408652,56.911313,-12.839973,289.351389
10.4125,283.776561,56.796955,-12.860408,289.690215
10.425,284.143513,56.678074,-12.868583,290.026793
10.4375,284.509149,56.554965,-12.865362,290.360874
10.45,284.873208,56.427945,-12.851784,290.692322
10.4625,285.235541,56.297339,-12.829047,291.021114
10.475,285.59611,56.163485,-12.79848,291.347347
10.4875,285.95499,56.026725,-12.761522,291.671231
10.5,286.312352,55.887411,-12.719699,291.993076
10.5125,286.668452,55.745902,-12.674602,292.313278
10.525,287.02361,55.602567,-12.627859,292.632297
10.5375,287.378185,55.457794,-12.58112,292.950632
10.55,287.73255,55.311989,-12.536031,293.268799
10.5625,288.087066,55.165581,-12.494214,293.587303
10.575,288.442059,55.019027,-12.457247,293.906614
10.5875,288.797794,54.872813,-12.42664,294.227145
10.6,289.15446,54.727453,-12.403814,294.549232
10.6125,289.512152,54.583485,-12.390079,294.87312
10.625,289.870866,54.441468,-12.386612,295.198951
10.6375,290.230496,54.30197,-12.394434,295.526762
10.65,290.590839,54.165559,-12.414391,295.856486
10.6625,290.951604,54.032789,-12.447138,296.187963
10.675,291.312432,53.904184,-12.493126,296.520947
10.6875,291.672914,53.780223,-12.55259,296.85513
10.7,292.03262,53.661322,-12.625553,297.190163
10.7125,292.391125,53.547821,-12.711819,297.525678
10.725,292.748034,53.439971,-12.81099,297.861316
10.7375,293.103013,53.33792,-12.922471,298.196747
10.75,293.455805,53.24171,-13.045493,298.531697
10.7625,293.806258,53.151269,-13.179131,298.865963
10.775,294.154327,53.066412,-13.322325,299.199426
10.7875,294.500089,52.986843,-13.473907,299.532058
10.8,294.843738,52.912161,-13.632617,299.863928
10.8125,295.185583,52.841867,-13.79713,300.19519
10.825,295.526028,52.77538,-13.966072,300.526081
10.8375,295.865562,52.712041,-14.138033,300.8569
10.85,296.204731,52.651134,-14.311588,301.187992
10.8625,296.544116,52.5919,-14.485302,301.519725
10.875,296.884301,52.533548,-14.657742,301.852466
10.8875,297.225852,52.475276,-14.827487,302.186558
10.9,297.569281,52.416285,-14.993142,302.522294
10.9125,297.915028,52.355798,-15.153339,302.859897
10.925,298.263437,52.293071,-15.306761,303.199505
10.9375,298.614736,52.227416,-15.452148,303.541154
10.95,298.969031,52.158208,-15.588319,303.884774
10.9625,299.326298,52.084907,-15.714186,304.230186
10.975,299.686384,52.007064,-15.828778,304.577107
10.9875,300.049021,51.924333,-15.931257,304.925165
11,300.413834,51.836478,-16.02094,305.273914
11.0125,300.780371,51.743381,-16.097313,305.62286
11.025,301.148125,51.645039,-16.160045,305.971486
11.0375,301.516561,51.541563,-16.208996,306.31928
11.05,301.885155,51.433179,-16.244225,306.665769
11.0625,302.253416,51.320213,-16.265984,307.010544
11.075,302.620919,51.203091,-16.274714,307.353288
11.0875,302.987328,51.082322,-16.271034,307.693794
11.1,303.352414,50.958492,-16.255723,308.031984
11.1125,303.716068,50.832252,-16.229707,308.367915
11.125,304.078308,50.704309,-16.19403,308.701783
11.1375,304.439272,50.575414,-16.149842,309.033915
11.15,304.799216,50.446362,-16.098369,309.36476
11.1625,305.158492,50.317978,-16.040899,309.694873
11.175,305.517532,50.191117,-15.978756,310.024888
11.1875,305.876822,50.066657,-15.913286,310.355495
11.2,306.236873,49.945498,-15.845836,310.687409
11.2125,306.598194,49.828554,-15.777741,311.021341
11.225,306.961258,49.716749,-15.710305,311.357966
11.2375,307.326483,49.611007,-15.644787,311.697896
11.25,307.694196,49.512248,-15.582384,312.041651
11.2625,308.064624,49.42137,-15.524218,312.389637
11.275,308.437869,49.339237,-15.471316,312.742132
11.2875,308.813909,49.266667,-15.424596,313.09927
11.3,309.192586,49.204406,-15.384852,313.461038
11.3125,309.573623,49.153121,-15.352735,313.827284
11.325,309.95663,49.113374,-15.328747,314.197719
11.3375,310.341125,49.085608,-15.313221,314.57194
11.35,310.726561,49.070139,-15.306323,314.949453
11.3625,311.112354,49.067138,-15.308041,315.329696
11.375,311.497913,49.076629,-15.31819,315.712071
11.3875,311.882671,49.098488,-15.336414,316.095979
11.4,312.266121,49.132442,-15.362194,316.480843
11.4125,312.647831,49.178077,-15.394863,316.866141
11.425,313.027474,49.234848,-15.433617,317.251425
11.4375,313.404842,49.30209,-15.477533,317.636341
11.45,313.779848,49.379032,-15.525588,318.020637
11.4625,314.152531,49.464809,-15.576675,318.404166
11.475,314.52305,49.55848,-15.629622,318.786883
11.4875,314.891667,49.659042,-15.683212,319.168836
11.5,315.258734,49.765435,-15.736194,319.550146
11.5125,315.624662,49.876564,-15.787306,319.930989
11.525,315.9899,49.991301,-15.835283,320.311572
11.5375,316.354905,50.108499,-15.878879,320.692105
11.55,316.720114,50.227,-15.916877,321.072778
11.5625,317.085915,50.345645,-15.948106,321.453735
11.575,317.452625,50.463286,-15.97146,321.835051
11.5875,317.820467,50.578796,-15.985907,322.216718
11.6,318.189556,50.691085,-15.990512,322.59863
11.6125,318.55989,50.799118,-15.984451,322.980583
11.625,318.931347,50.901926,-15.967025,323.362267
11.6375,319.303687,50.998632,-15.937675,323.743285
11.65,319.676571,51.088465,-15.895993,324.123162
11.6625,320.04957,51.170781,-15.841726,324.501366
11.675,320.422192,51.245078,-15.774786,324.877335
11.6875,320.793908,51.311011,-15.695242,325.250507
11.7,321.164184,51.368407,-15.603317,325.620346
11.7125,321.532503,51.417267,-15.499381,325.986375
11.725,321.8984,51.457771,-15.383929,326.3482
11.7375,322.261483,51.490278,-15.257572,326.705534
11.75,322.621454,51.515321,-15.121014,327.058214
11.7625,322.97812,51.533594,-14.975029,327.406213
11.775,323.331405,51.545942,-14.820449,327.749641
11.7875,323.681349,51.553349,-14.65814,328.088745
11.8,324.028101,51.556915,-14.488987,328.423897
11.8125,324.371905,51.557842,-14.313883,328.75558
11.825,324.713088,51.557413,-14.133719,329.084363
11.8375,325.052031,51.556973,-13.949375,329.410883
11.85,325.389153,51.55791,-13.761721,329.735809
11.8625,325.724874,51.561632,-13.571608,330.059819
11.875,326.0596,51.569549,-13.379876,330.383568
11.8875,326.393686,51.583046,-13.187346,330.707658
11.9,326.727425,51.603467,-12.994827,331.032617
11.9125,327.06102,51.632084,-12.803108,331.358873
11.925,327.394575,51.670082,-12.612961,331.686737
11.9375,327.728084,51.718529,-12.425128,332.016396
11.95,328.061433,51.778357,-12.240321,332.347901
11.9625,328.3944,51.850343,-12.059204,332.681176
11.975,328.726672,51.935089,-11.882385,333.01602
11.9875,329.057856,52.033012,-11.710401,333.352126
12,329.387505,52.144333,-11.543702,333.689102
12.0125,329.715144,52.269075,-11.38264,334.026491
12.025,330.040296,52.407068,-11.227452,334.363804
12.0375,330.362513,52.557951,-11.078255,334.700547
12.05,330.681403,52.721193,-10.935032,335.036251
12.0625,330.996651,52.896102,-10.797636,335.370496
12.075,331.308047,53.081849,-10.665782,335.702939
12.0875,331.615493,53.277488,-10.539058,336.033328
12.1,331.919018,53.481977,-10.41693,336.361515
12.1125,332.218778,53.694199,-10.29875,336.687463
12.125,332.515055,53.912977,-10.183777,337.011246
12.1375,332.808244,54.137094,-10.07119,337.333042
12.15,333.098843,54.3653,-9.960104,337.653119
12.1625,333.387427,54.596327,-9.849597,337.971819
12.175,333.674636,54.82889,-9.738724,338.28954
12.1875,333.961139,55.061694,-9.626542,338.606709
12.2,334.247617,55.293442,-9.512131,338.92376
12.2125,334.534732,55.522832,-9.394613,339.24111
12.225,334.823105,55.74857,-9.273175,339.559135
12.2375,335.11329,55.969377,-9.147084,339.878151
12.25,335.405761,56.183996,-9.015707,340.198396
12.2625,335.700889,56.391212,-8.878526,340.52002
12.275,335.99894,56.589867,-8.735145,340.843077
12.2875,336.300062,56.778884,-8.585304,341.167526
12.3,336.604291,56.957285,-8.428875,341.493232
12.3125,336.911558,57.124221,-8.265871,341.819981
12.325,337.221698,57.278994,-8.096433,342.147496
12.3375,337.534466,57.421074,-7.920822,342.475451
12.35,337.84956,57.550128,-7.73941,342.803502
12.3625,338.166644,57.666023,-7.552658,343.131304
12.375,338.485366,57.768844,-7.361098,343.458539
12.3875,338.805386,57.858895,-7.165316,343.784937
12.4,339.126394,57.936692,-6.965927,344.110295
12.4125,339.448127,58.002962,-6.76356,344.434493
12.425,339.770384,58.058626,-6.55884,344.757503
12.4375,340.09303,58.104781,-6.352371,345.079393
12.45,340.416003,58.142682,-6.144732,345.400325
12.4625,340.739307,58.17372,-5.936464,345.720549
12.475,341.063001,58.199392,-5.72807,346.040389
12.4875,341.387195,58.221283,-5.520018,346.360225
12.5,341.712024,58.241036,-5.312742,346.680473
12.5125,342.037631,58.26033,-5.10665,347.001564
12.525,342.364153,58.28085,-4.902128,347.323915
12.5375,342.691691,58.304266,-4.699554,347.647908
12.55,343.020296,58.332204,-4.4993,347.973869
12.5625,343.349955,58.366221,-4.301739,348.302042
12.575,343.680574,58.407779,-4.107253,348.632579
12.5875,344.011971,58.458222,-3.91623,348.965524
12.6,344.343878,58.518748,-3.729065,349.300811
12.6125,344.675942,58.590388,-3.546157,349.638262
12.625,345.007737,58.67399,-3.3679,349.977597
12.6375,345.338778,58.770196,-3.194675,350.318446
12.65,345.668547,58.879438,-3.026839,350.660369
12.6625,345.996513,59.001925,-2.864714,351.002878
12.675,346.322164,59.13765,-2.708577,351.34547
12.6875,346.645035,59.286392,-2.558646,351.687651
12.7,346.964735,59.447727,-2.415074,352.028965
12.7125,347.280973,59.621046,-2.277939,352.369028
12.725,347.593578,59.805572,-2.147246,352.707546
12.7375,347.902519,60.000388,-2.022921,353.044334
12.75,348.207913,60.204454,-1.904815,353.379336
12.7625,348.510025,60.416633,-1.792712,353.712625
12.775,348.809272,60.635711,-1.686335,354.044406
12.7875,349.106209,60.86042,-1.585354,354.375012
12.8,349.401512,61.089448,-1.489405,354.704885
12.8125,349.69596,61.321456,-1.398095,355.034562
12.825,349.990411,61.555085,-1.31102,355.364651
12.8375,350.285768,61.788967,-1.227778,355.695801
12.85,350.582955,62.021728,-1.147981,356.02868
12.8625,350.882882,62.251996,-1.071264,356.363937
12.875,351.186415,62.478403,-0.9973,356.702178
12.8875,351.494346,62.699603,-0.925806,357.043937
12.9,351.807366,62.91427,-0.85655,357.38965
12.9125,352.126041,63.121125,-0.789356,357.739638
12.925,352.450797,63.318944,-0.724105,358.09409
12.9375,352.781903,63.50658,-0.660741,358.453056
12.95,353.119469,63.682992,-0.599263,358.816446
12.9625,353.463448,63.847262,-0.539726,359.184038
12.975,353.813639,63.99862,-0.482234,359.555486
12.9875,354.169711,64.136474,-0.426933,359.930345
13,354.531213,64.260419,-0.374008,360.308094
13.0125,354.897612,64.370265,-0.323668,360.688163
13.025,355.268311,64.466037,-0.276142,361.069964
13.0375,355.642685,64.547989,-0.23167,361.452924
13.05,356.020109,64.616596,-0.190493,361.836508
13.0625,356.399984,64.672553,-0.15285,362.220252
13.075,356.78176,64.716759,-0.118968,362.603775
13.0875,357.164954,64.750303,-0.089059,362.986796
13.1,357.549159,64.774441,-0.063316,363.369142
13.1125,357.934052,64.790574,-0.041911,363.750747
13.125,358.319388,64.800226,-0.024991,364.131643
13.1375,358.70499,64.805015,-0.012682,364.511948
13.15,359.090742,64.806632,-0.005081,364.891848
13.1625,359.476562,64.80681,-0.002261,365.271572
13.175,359.862387,64.807304,-0.004269,365.65137
13.1875,360.248147,64.809861,-0.011127,366.031482
13.2,360.633746,64.8162,-0.022827,366.412116
13.2125,361.019039,64.827983,-0.039336,366.793423
13.225,361.403818,64.84679,-0.060591,367.175475
13.2375,361.787798,64.874093,-0.086502,367.558249
13.25,362.170616,64.911235,-0.116952,367.941622
13.2625,362.551825,64.9594,-0.151793,368.325363
13.275,362.930907,65.019597,-0.190858,368.709136
13.2875,363.307282,65.092637,-0.233953,369.092519
13.3,363.680335,65.17912,-0.280871,369.47501
13.3125,364.049435,65.279425,-0.331392,369.856059
13.325,364.413966,65.393706,-0.385292,370.235093
13.3375,364.773355,65.521892,-0.442352,370.611541
13.35,365.127104,65.663697,-0.502364,370.984873
13.3625,365.474817,65.818631,-0.565143,371.354619
13.375,365.816221,65.986019,-0.630532,371.720405
13.3875,366.151188,66.165021,-0.698414,372.081967
13.4,366.479745,66.35466,-0.768714,372.43917
13.4125,366.802081,66.553838,-0.84141,372.792017
13.425,367.118541,66.761368,-0.91653,373.140648
13.4375,367.429623,66.97599,-0.99416,373.48534
13.45,367.735957,67.196393,-1.074439,373.826488
13.4625,368.038288,67.42123,-1.157557,374.164594
13.475,368.337449,67.649129,-1.24375,374.500238
13.4875,368.634335,67.878708,-1.333296,374.834056
13.5,368.929868,68.108575,-1.426499,375.166711
13.5125,369.22497,68.337343,-1.523687,375.498859
13.525,369.520529,68.563631,-1.625194,375.831124
13.5375,369.817369,68.78607,-1.731352,376.16407
13.55,370.116227,69.00332,-1.842475,376.498174
13.5625,370.417726,69.214071,-1.958847,376.833804
13.575,370.722355,69.417068,-2.080713,377.171212
13.5875,371.030461,69.611121,-2.208264,377.510514
13.6,371.342241,69.795131,-2.341635,377.851695
13.6125,371.657737,69.968109,-2.480892,378.194612
13.625,371.97685,70.129204,-2.626034,378.539005
13.6375,372.299349,70.277719,-2.776989,378.884513
13.65,372.624889,70.413138,-2.933623,379.230701
13.6625,372.95304,70.535143,-3.095737,379.57708
13.675,373.283306,70.643627,-3.263084,379.923145
13.6875,373.615161,70.738699,-3.435373,380.268398
13.7,373.948075,70.820694,-3.612282,380.612378
13.7125,374.28154,70.890162,-3.79347,380.954691
13.725,374.615093,70.947863,-3.978586,381.295026
13.7375,374.94834,70.994753,-4.167279,381.633173
13.75,375.280964,71.031963,-4.359206,381.969036
13.7625,375.612737,71.060783,-4.554035,382.302631
13.775,375.943516,71.082631,-4.751446,382.634086
13.7875,376.273245,71.099035,-4.951132,382.963629
13.8,376.60194,71.111604,-5.152794,383.291577
13.8125,376.929678,71.122004,-5.356132,383.618313
13.825,377.256576,71.131931,-5.560842,383.944265
13.8375,377.582773,71.143086,-5.766603,384.269883
13.85,377.908409,71.157152,-5.973072,384.59561
13.8625,378.233604,71.175765,-6.179873,384.921861
13.875,378.558442,71.200492,-6.38659,385.249001
13.8875,378.882954,71.232804,-6.592768,385.57732
13.9,379.207107,71.274052,-6.797908,385.907025
13.9125,379.530799,71.325444,-7.001475,386.238226
13.925,379.853859,71.388021,-7.202899,386.570932
13.9375,380.176048,71.462639,-7.401594,386.905053
13.95,380.497075,71.549953,-7.596966,387.240408
13.9625,380.816607,71.650403,-7.788433,387.576738
13.975,381.134292,71.764212,-7.975446,387.913725
13.9875,381.449778,71.891383,-8.157506,388.251012
14,381.762738,72.031702,-8.334188,388.588231
14.0125,382.072894,72.184754,-8.505152,388.925022
14.025,382.380035,72.349937,-8.670169,389.261065
14.0375,382.684041,72.526478,-8.829125,389.596097
14.05,382.984891,72.713463,-8.982034,389.929931
14.0625,383.282677,72.909855,-9.129039,390.262472
14.075,383.577608,73.114521,-9.270413,390.593721
14.0875,383.870004,73.326254,-9.406557,390.923781
14.1,384.160292,73.543791,-9.537985,391.252849
14.1125,384.448992,73.765834,-9.665318,391.58121
14.125,384.736701,73.99106,-9.789265,391.909219
14.1375,385.024068,74.218135,-9.910607,392.237281
14.15,385.311774,74.445718,-10.030181,392.565832
14.1625,385.600506,74.672472,-10.148854,392.895314
14.175,385.890929,74.897064,-10.267507,393.226145
14.1875,386.183662,75.118177,-10.387013,393.558702
14.2,386.479253,75.334508,-10.508216,393.89329
14.2125,386.778159,75.544786,-10.631911,394.230131
14.225,387.080727,75.747776,-10.758825,394.569344
14.2375,387.387185,75.942299,-10.8896,394.910936
14.25,387.697631,76.127245,-11.02478,395.254799
14.2625,388.012037,76.301595,-11.164795,395.600717
14.275,388.330252,76.464443,-11.309957,395.948369
14.2875,388.652013,76.615014,-11.460451,396.29735
14.3,388.976967,76.752688,-11.616337,396.647192
14.3125,389.30469,76.877017,-11.777547,396.997391
14.325,389.634716,76.98774,-11.943898,397.347431
14.3375,389.966562,77.084793,-12.115096,397.696819
14.35,390.299759,77.168313,-12.290749,398.045115
14.3625,390.633882,77.238639,-12.470383,398.391952
14.375,390.968568,77.296305,-12.65345,398.737068
14.3875,391.303541,77.342026,-12.839349,399.080316
14.4,391.638624,77.376689,-13.027431,399.42168
14.4125,391.973752,77.401326,-13.217016,399.761275
14.425,392.308964,77.417097,-13.407397,400.099348
14.4375,392.64441,77.425267,-13.597851,400.43627
14.45,392.98033,77.427181,-13.787636,400.772513
14.4625,393.317044,77.424242,-13.975998,401.108638
14.475,393.654929,77.417885,-14.162168,401.445263
14.4875,393.994393,77.409561,-14.345363,401.78304
14.5,394.335854,77.400706,-14.524784,402.122623
14.5125,394.679706,77.392729,-14.699616,402.464637
14.525,395.026302,77.386988,-14.86903,402.809649
14.5375,395.375924,77.384768,-15.03219,403.158145
14.55,395.728764,77.387264,-15.188256,403.510503
14.5625,396.084913,77.395559,-15.336399,403.866978
14.575,396.444347,77.410611,-15.47581,404.227688
14.5875,396.806928,77.433228,-15.60572,404.592611
14.6,397.172404,77.464063,-15.725417,404.961589
14.6125,397.540425,77.503593,-15.834264,405.334332
14.625,397.910555,77.552117,-15.931721,405.710439
14.6375,398.282298,77.609748,-16.017359,406.089421
14.65,398.655123,77.676414,-16.09088,406.470723
14.6625,399.028492,77.751867,-16.152126,406.853759
14.675,399.401891,77.835682,-16.201089,407.237939
14.6875,399.774857,77.927281,-16.237915,407.622702
14.7,400.147005,78.02594,-16.262903,408.007542
14.7125,400.518044,78.130815,-16.276499,408.392033
14.725,400.887798,78.240954,-16.279292,408.775841
14.7375,401.256207,78.355319,-16.271995,409.158744
14.75,401.623334,78.472807,-16.25544,409.540625
14.7625,401.989356,78.592266,-16.230557,409.921478
14.775,402.354552,78.71251,-16.19836,410.301391
14.7875,402.719285,78.832332,-16.159933,410.680536
14.8,403.083981,78.95052,-16.116412,411.059143
14.8125,403.449098,79.065865,-16.068975,411.437477
14.825,403.815103,79.177172,-16.01882,411.815814
14.8375,404.182443,79.283271,-15.967157,412.194413
14.85,404.551511,79.383026,-15.915192,412.573488
14.8625,404.922628,79.47535,-15.864109,412.953189
14.875,405.296019,79.559212,-15.815059,413.333579
14.8875,405.671794,79.633657,-15.769141,413.714623
14.9,406.049942,79.697816,-15.727386,414.096181
14.9125,406.430323,79.750922,-15.690737,414.478004
14.925,406.812676,79.79233,-15.660036,414.859743
14.9375,407.19663,79.821521,-15.636002,415.24096
14.95,407.581716,79.838124,-15.61922,415.621152
14.9625,407.967399,79.841916,-15.610125,415.999767
14.975,408.353098,79.832833,-15.608995,416.376242
14.9875,408.738224,79.810966,-15.615939,416.750025
15,409.122205,79.776559,-15.630899,417.12061
15.0125,409.50452,79.730003,-15.653649,417.48756
15.025,409.884727,79.671819,-15.6838,417.850535
15.0375,410.262483,79.602647,-15.720808,418.209313
15.05,410.637561,79.523226,-15.763985,418.563798
15.0625,411.009863,79.434378,-15.812514,418.914029
15.075,411.379419,79.336989,-15.865459,419.260178
15.0875,411.746385,79.231989,-15.921787,419.602547
15.1,412.111029,79.120341,-15.980377,419.941545
15.1125,412.473715,79.003022,-16.040041,420.277678
15.125,412.834881,78.881016,-16.099534,420.611517
15.1375,413.19501,78.755303,-16.157577,420.943679
15.15,413.554605,78.626849,-16.212865,421.274791
15.1625,413.914157,78.496605,-16.264087,421.605464
15.175,414.274119,78.365499,-16.309942,421.936265
15.1875,414.634877,78.234431,-16.349159,422.26769
15.2,414.996727,78.104269,-16.380512,422.600144
15.2125,415.359861,77.975841,-16.402845,422.933918
15.225,415.724351,77.849927,-16.415089,423.269184
15.2375,416.090144,77.727252,-16.416288,423.605982
15.25,416.457065,77.608475,-16.405615,423.944226
15.2625,416.824827,77.494179,-16.382395,424.28371
15.275,417.193042,77.384856,-16.346119,424.624123
15.2875,417.561249,77.280901,-16.296456,424.965068
15.3,417.928935,77.182599,-16.233266,425.306087
15.3125,418.295567,77.09012,-16.156599,425.646688
15.325,418.660622,77.003509,-16.066692,425.986379
15.3375,419.023619,76.922688,-15.963969,426.32469
15.35,419.384145,76.847453,-15.849023,426.661205
15.3625,419.741882,76.777481,-15.722602,426.995585
15.375,420.096623,76.712335,-15.585594,427.327586
15.3875,420.448284,76.651472,-15.439006,427.657071
15.4,420.796915,76.594259,-15.283946,427.984022
15.4125,421.14269,76.539983,-15.121601,428.308531
15.425,421.485908,76.487871,-14.953226,428.630801
15.4375,421.82697,76.437098,-14.780125,428.951133
15.45,422.166367,76.386815,-14.603638,429.269907
15.4625,422.504651,76.336153,-14.425133,429.587561
15.475,422.842412,76.284252,-14.245994,429.904571
15.4875,423.180247,76.230269,-14.067613,430.221424
15.5,423.518736,76.173399,-13.891385,430.53859
15.5125,423.858411,76.112889,-13.71869,430.856504
15.525,424.199735,76.048053,-13.55089,431.175542
15.5375,424.543077,75.978286,-13.389307,431.496
15.55,424.888703,75.903078,-13.235213,431.818085
15.5625,425.236761,75.822023,-13.089809,432.141904
15.575,425.587277,75.734827,-12.9542,432.467462
15.5875,425.940162,75.641314,-12.829377,432.794666
15.6,426.295216,75.54143,-12.716193,433.123332
15.6125,426.652151,75.435236,-12.615341,433.453203
15.625,427.010601,75.322909,-12.527333,433.783965
15.6375,427.370159,75.20473,-12.452488,434.115271
15.65,427.730392,75.081073,-12.390917,434.446764
15.6625,428.090878,74.952392,-12.342519,434.778103
15.675,428.451225,74.819204,-12.306978,435.108983
15.6875,428.811102,74.682075,-12.283773,435.439163
15.7,429.170251,74.541601,-12.272182,435.768472
15.7125,429.528509,74.398392,-12.2713,436.09683
15.725,429.885809,74.253065,-12.280055,436.42425
15.7375,430.242186,74.106223,-12.29723,436.750836
15.75,430.597771,73.958457,-12.321483,437.076781
15.7625,430.95278,73.810333,-12.351367,437.402355
15.775,431.307497,73.662393,-12.38536,437.727886
15.7875,431.662255,73.515152,-12.421877,438.053745
15.8,432.017412,73.369104,-12.4593,438.380319
15.8125,432.373323,73.224717,-12.495997,438.707989
15.825,432.730318,73.082447,-12.530339,439.037107
15.8375,433.088675,72.942729,-12.560732,439.367971
15.85,433.448599,72.80599,-12.585628,439.700805
15.8625,433.810204,72.672644,-12.603557,440.035744
15.875,434.173499,72.543094,-12.613147,440.372819
15.8875,434.538384,72.41773,-12.613147,440.711954
15.9,434.904644,72.296924,-12.602452,441.052963
15.9125,435.271961,72.181027,-12.580121,441.39556
15.925,435.639926,72.07036,-12.545401,441.739368
15.9375,436.008059,71.965208,-12.497738,442.083942
15.95,436.37583,71.865815,-12.436794,442.42879
15.9625,436.742695,71.772371,-12.362443,442.773401
15.975,437.108118,71.685016,-12.274784,443.117274
15.9875,437.471609,71.603826,-12.174124,443.459948
16,437.832749,71.528818,-12.060976,443.801031
16.0125,438.191219,71.459951,-11.936039,444.140223
16.025,438.546817,71.397121,-11.800182,444.477338
16.0375,438.899475,71.340175,-11.654423,444.812314
16.05,439.249266,71.288912,-11.499904,445.145229
16.0625,439.596407,71.24309,-11.337873,445.476292
16.075,439.941249,71.202442,-11.169664,445.805845
16.0875,440.284263,71.166679,-10.996673,446.134347
16.1,440.626026,71.1355,-10.820347,446.462354
16.1125,440.967191,71.108607,-10.642166,446.790503
16.125,441.308465,71.085706,-10.463633,447.119476
16.1375,441.65057,71.066521,-10.28626,447.449979
16.15,441.994223,71.050795,-10.111559,447.782707
16.1625,442.340095,71.038301,-9.941029,448.118314
16.175,442.688785,71.02884,-9.776142,448.457389
16.1875,443.040798,71.022249,-9.618331,448.800424
16.2,443.396515,71.018398,-9.46897,449.147797
16.2125,443.756185,71.017193,-9.329355,449.499755
16.225,444.119909,71.018576,-9.200682,449.856404
16.2375,444.487642,71.022521,-9.084022,450.217705
16.25,444.859193,71.029032,-8.980302,450.583478
16.2625,445.234242,71.038146,-8.890277,450.953418
16.275,445.612355,71.049923,-8.814513,451.327108
16.2875,445.99301,71.064446,-8.753368,451.704042
16.3,446.375625,71.081819,-8.706981,452.08366
16.3125,446.75959,71.102162,-8.675264,452.465367
16.325,447.144295,71.12561,-8.657902,452.848576
16.3375,447.529166,71.152309,-8.654359,453.232726
16.35,447.913687,71.182413,-8.663885,453.617316
16.3625,448.297421,71.216082,-8.685533,454.001924
16.375,448.680034,71.253483,-8.718181,454.386221
16.3875,449.061293,71.294781,-8.760548,454.769983
16.4,449.441076,71.34014,-8.811221,455.153089
16.4125,449.819366,71.389723,-8.868676,455.535517
16.425,450.196234,71.443681,-8.931303,455.917336
16.4375,450.571831,71.502158,-8.99743,456.298682
16.45,450.946356,71.565277,-9.065339,456.67974
16.4625,451.320042,71.633144,-9.133297,457.060723
16.475,451.693122,71.705836,-9.199567,457.441838
16.4875,452.065808,71.783402,-9.262435,457.823267
16.5,452.438265,71.865851,-9.320229,458.20514
16.5125,452.810591,71.953152,-9.371342,458.587515
16.525,453.182798,72.045231,-9.414254,458.970361
16.5375,453.554806,72.141966,-9.447557,459.353548
16.55,453.926432,72.243189,-9.469975,459.736843
16.5625,454.297396,72.348689,-9.480391,460.119913
16.575,454.667327,72.458213,-9.477868,460.502335
16.5875,455.035781,72.571477,-9.461665,460.883612
16.6,455.402258,72.688173,-9.431255,461.263196
16.6125,455.766231,72.807981,-9.386333,461.640512
16.625,456.127168,72.930581,-9.326823,462.014992
16.6375,456.484566,73.055668,-9.252875,462.3861
16.65,456.837975,73.182966,-9.16486,462.753365
16.6625,457.187025,73.312239,-9.063355,463.116405
16.675,457.531446,73.443307,-8.949129,463.474952
16.6875,457.871086,73.576053,-8.82312,463.828863
16.7,458.205915,73.710431,-8.686415,464.178136
16.7125,458.536035,73.846473,-8.540223,464.522908
16.725,458.861671,73.984287,-8.385857,464.863454
16.7375,459.183163,74.124055,-8.224705,465.200171
16.75,459.50095,74.266034,-8.058219,465.533567
16.7625,459.815547,74.410537,-7.887889,465.864234
16.775,460.127525,74.557934,-7.715234,466.192825
16.7875,460.437482,74.708627,-7.541786,466.520023
16.8,460.746014,74.863045,-7.369077,466.846515
16.8125,461.053693,75.021621,-7.19863,467.172957
16.825,461.361035,75.184776,-7.031942,467.499951
16.8375,461.668483,75.352905,-6.870478,467.828015
16.85,461.976381,75.526358,-6.715646,468.157566
16.8625,462.284967,75.705426,-6.568787,468.488902
16.875,462.59436,75.890329,-6.431154,468.822187
16.8875,462.904557,76.081208,-6.303886,469.157456
16.9,463.21544,76.278116,-6.187993,469.494607
16.9125,463.526784,76.481019,-6.084328,469.833422
16.925,463.83827,76.689799,-5.993569,470.173573
16.9375,464.149512,76.904256,-5.916201,470.51465
16.95,464.460076,77.124122,-5.852501,470.856182
16.9625,464.769511,77.349071,-5.802527,471.197672
16.975,465.077371,77.578738,-5.766118,471.538619
16.9875,465.383247,77.812729,-5.742891,471.878552
17,465.686789,78.050641,-5.732251,472.217055
17.0125,465.987727,78.292073,-5.733403,472.553788
17.025,466.285885,78.536645,-5.745366,472.888508
17.0375,466.581194,78.783999,-5.766998,473.221077
17.05,466.873692,79.03381,-5.797013,473.551468
17.0625,467.163525,79.285784,-5.834005,473.879764
17.075,467.450939,79.539662,-5.876476,474.206149
17.0875,467.736267,79.795206,-5.922854,474.530896
17.1,468.019913,80.052196,-5.971517,474.854348
17.1125,468.30233,80.310414,-6.02082,475.176899
17.125,468.584002,80.569637,-6.069107,475.498966
17.1375,468.865417,80.829616,-6.114742,475.82097
17.15,469.147048,81.090071,-6.156122,476.143308
17.1625,469.429329,81.350675,-6.191706,476.466331
17.175,469.712639,81.61105,-6.220029,476.790326
17.1875,469.997282,81.87076,-6.239732,477.115501
17.2,470.283482,82.129315,-6.24958,477.44197
17.2125,470.571369,82.386172,-6.248482,477.769754
17.225,470.860982,82.64075,-6.235518,478.098776
17.2375,471.152272,82.892441,-6.209951,478.42887
17.25,471.445112,83.14063,-6.171246,478.759796
17.2625,471.739304,83.384719,-6.119078,479.09125
17.275,472.034605,83.624146,-6.053337,479.422892
17.2875,472.33074,83.858411,-5.974133,479.754366
17.3,472.627426,84.087103,-5.881785,480.085326
17.3125,472.924392,84.309911,-5.77681,480.415458
17.325,473.221397,84.52665,-5.659914,480.744506
17.3375,473.518251,84.737271,-5.531964,481.072284
17.35,473.814827,84.941863,-5.393973,481.398697
17.3625,474.111066,85.140665,-5.247075,481.723746
17.375,474.406986,85.334053,-5.092501,482.047531
17.3875,474.702677,85.522539,-4.931558,482.370248
17.4,474.998298,85.706753,-4.765613,482.692181
17.4125,475.294061,85.887432,-4.59607,483.013685
17.425,475.590223,86.065393,-4.42436,483.335171
17.4375,475.887061,86.241519,-4.251926,483.657083
17.45,476.184857,86.416729,-4.080211,483.979873
17.4625,476.483874,86.591956,-3.910651,484.303977
17.475,476.784339,86.768123,-3.744665,484.629793
17.4875,477.086421,86.946116,-3.583641,484.957651
17.5,477.390217,87.126763,-3.428926,485.287801
17.5125,477.695739,87.310813,-3.281813,485.620394
17.525,478.002906,87.498913,-3.143522,485.955471
17.5375,478.311545,87.691598,-3.015185,486.292959
17.55,478.621391,87.889275,-2.897825,486.632673
17.5625,478.932099,88.092216,-2.792336,486.974323
17.575,479.243258,88.300556,-2.699466,487.317531
17.5875,479.554414,88.514294,-2.619794,487.66185
17.6,479.865092,88.733298,-2.553722,488.006789
17.6125,480.174822,88.957318,-2.50146,488.351842
17.625,480.483169,89.185998,-2.463023,488.696516
17.6375,480.789758,89.41889,-2.438227,489.04036
17.65,481.094298,89.655478,-2.426695,489.382996
17.6625,481.396606,89.89519,-2.42787,489.724139
17.675,481.696622,90.137414,-2.441022,490.063616
17.6875,481.994416,90.381521,-2.465272,490.40138
17.7,482.290196,90.626866,-2.499611,490.737516
17.7125,482.584304,90.872805,-2.542919,491.072238
17.725,482.877207,91.118696,-2.593986,491.405884
17.7375,483.169486,91.363901,-2.651537,491.738899
17.75,483.46181,91.607784,-2.714252,492.071818
17.7625,483.754918,91.849707,-2.780781,492.405242
17.775,484.049592,92.089027,-2.849767,492.739807
17.7875,484.346626,92.325085,-2.91986,493.076162
17.8,484.646799,92.557203,-2.989731,493.414931
17.8125,484.950843,92.784682,-3.058095,493.75669
17.825,485.259419,93.006798,-3.123718,494.101939
17.8375,485.573092,93.222807,-3.185439,494.451075
17.85,485.892305,93.431949,-3.242184,494.804378
17.8625,486.217372,93.63346,-3.292981,495.161995
17.875,486.548462,93.826584,-3.336978,495.523934
17.8875,486.885599,94.010593,-3.373461,495.890067
17.9,487.228663,94.184807,-3.401863,496.260134
17.9125,487.577403,94.348613,-3.421777,496.633762
17.925,487.931453,94.50149,-3.43297,497.010483
17.9375,488.290354,94.643026,-3.435382,497.389761
17.95,488.653579,94.772937,-3.429131,497.77102
17.9625,489.020562,94.891082,-3.414508,498.153678
17.975,489.390728,94.997474,-3.391973,498.537171
17.9875,489.763519,95.092283,-3.362141,498.920987
18,490.138418,95.175839,-3.325773,499.304687
18.0125,490.514972,95.248624,-3.283753,499.687923
18.025,490.892801,95.311268,-3.237077,500.070453
18.0375,491.271612,95.364534,-3.186832,500.452142
18.05,491.651196,95.409305,-3.134177,500.832963
18.0625,492.031426,95.446567,-3.080328,501.212989
18.075,492.412241,95.477391,-3.026535,501.592372
18.0875,492.793635,95.502914,-2.974071,501.971332
18.1,493.175632,95.524322,-2.924217,502.350128
18.1125,493.558266,95.542827,-2.87824,502.72903
18.125,493.941557,95.559656,-2.837385,503.108298
18.1375,494.325487,95.576024,-2.802854,503.488153
18.15,494.709983,95.593121,-2.775796,503.86875
18.1625,495.094895,95.612089,-2.757286,504.250166
18.175,495.479989,95.63401,-2.748309,504.632377
18.1875,495.864936,95.659881,-2.749746,505.015256
18.2,496.24932,95.690598,-2.762355,505.398564
18.2125,496.632641,95.726945,-2.786762,505.781963
18.225,497.014332,95.769573,-2.82344,506.165022
18.2375,497.393778,95.81899,-2.872708,506.547236
18.25,497.770345,95.875554,-2.934724,506.928053
18.2625,498.143407,95.939465,-3.00948,507.306901
18.275,498.512376,96.010762,-3.096812,507.683214
18.2875,498.876735,96.089327,-3.196405,508.056466
18.3,499.236065,96.17489,-3.307806,508.426199
18.3125,499.590072,96.267038,-3.430443,508.79205
18.325,499.9386,96.365222,-3.563638,509.153768
18.3375,500.281652,96.468775,-3.706633,509.511231
18.35,500.619387,96.576924,-3.858608,509.864454
18.3625,500.952124,96.688804,-4.018696,510.213588
18.375,501.280332,96.803469,-4.186007,510.558915
18.3875,501.604612,96.919911,-4.359636,510.900834
18.4,501.925677,97.037068,-4.538676,511.239843
18.4125,502.244329,97.153835,-4.722229,511.576517
18.425,502.561425,97.269076,-4.909407,511.911478
18.4375,502.877849,97.381633,-5.099335,512.245368
18.45,503.194479,97.490336,-5.291154,512.578819
18.4625,503.512152,97.594017,-5.484022,512.912424
18.475,503.831642,97.69152,-5.677109,513.246711
18.4875,504.153623,97.781715,-5.869604,513.582118
18.5,504.478652,97.863518,-6.060715,513.918973
18.5125,504.807151,97.935904,-6.249675,514.257484
18.525,505.139393,97.997932,-6.435749,514.597726
18.5375,505.475497,98.048762,-6.618242,514.939646
18.55,505.815433,98.087673,-6.796516,515.283064
18.5625,506.159026,98.114088,-6.969999,515.62769
18.575,506.505977,98.127586,-7.138201,515.973141
18.5875,506.855881,98.127917,-7.300732,516.318964
18.6,507.208254,98.115007,-7.457307,516.664668
18.6125,507.562561,98.088969,-7.607768,517.009746
18.625,507.918247,98.050099,-7.752082,517.353711
18.6375,508.274769,97.998868,-7.890355,517.696124
18.65,508.631619,97.935916,-8.022828,518.036614
18.6625,508.988349,97.862036,-8.149875,518.374901
18.675,509.344593,97.778163,-8.271997,518.710814
18.6875,509.700071,97.685348,-8.389813,519.044293
18.7,510.054603,97.58475,-8.504043,519.375395
18.7125,510.408104,97.477609,-8.615496,519.704285
18.725,510.760576,97.365239,-8.725048,520.031232
18.7375,511.112096,97.249002,-8.833627,520.356585
18.75,511.462798,97.130304,-8.942186,520.680759
18.7625,511.812856,97.010572,-9.051688,521.004207
18.775,512.162457,96.891251,-9.16308,521.327401
18.7875,512.51178,96.773781,-9.277275,521.6508
18.8,512.860973,96.659592,-9.395128,521.974829
18.8125,513.210137,96.550085,-9.517421,522.299861
18.825,513.559305,96.446615,-9.644842,522.626188
18.8375,513.908437,96.350474,-9.777969,522.954018
18.85,514.257409,96.262872,-9.917259,523.283456
18.8625,514.606015,96.184915,-10.063038,523.614508
18.875,514.953974,96.11758,-10.215495,523.947079
18.8875,515.300946,96.061702,-10.37468,524.280983
18.9,515.646542,96.017947,-10.54051,524.615959
18.9125,515.990352,95.986799,-10.712772,524.951686
18.925,516.331968,95.96855,-10.89114,525.287807
18.9375,516.671009,95.963287,-11.075187,525.623957
18.95,517.00715,95.970892,-11.264402,525.959782
18.9625,517.340139,95.991045,-11.458217,526.294966
18.975,517.669824,96.02323,-11.656018,526.629253
18.9875,517.996166,96.066749,-11.857171,526.962466
19,518.319246,96.120734,-12.06104,527.294515
19.0125,518.639274,96.184168,-12.266997,527.625406
19.025,518.956579,96.255904,-12.474439,527.955246
19.0375,519.27161,96.334683,-12.682797,528.284232
19.05,519.584911,96.419158,-12.891535,528.612642
19.0625,519.897108,96.507907,-13.100156,528.940822
19.075,520.208886,96.599457,-13.308193,529.269164
19.0875,520.520959,96.692301,-13.515213,529.598085
19.1,520.834046,96.784911,-13.720803,529.927998
19.1125,521.148838,96.875758,-13.924563,530.259293
19.125,521.465978,96.963331,-14.126102,530.592311
19.1375,521.786028,97.04615,-14.32503,530.927322
19.15,522.109452,97.12279,-14.52095,531.264505
19.1625,522.436594,97.191902,-14.713462,531.603937
19.175,522.767671,97.252229,-14.902158,531.945587
19.1875,523.102761,97.302636,-15.086626,532.289309
19.2,523.44181,97.342126,-15.266458,532.634849
19.2125,523.784631,97.369866,-15.44126,532.98186
19.225,524.130926,97.385202,-15.610655,533.329915
19.2375,524.480301,97.387679,-15.774302,533.678531
19.25,524.832292,97.377048,-15.931905,534.027199
19.2625,525.186391,97.353274,-16.083223,534.375407
19.275,525.542083,97.31654,-16.228081,534.722677
19.2875,525.898867,97.267239,-16.366376,535.068587
19.3,526.256289,97.205965,-16.498084,535.412802
19.3125,526.613968,97.133501,-16.623259,535.755095
19.325,526.971613,97.050801,-16.742032,536.095359
19.3375,527.329036,96.958968,-16.854608,536.433622
19.35,527.686163,96.859237,-16.961258,536.770046
19.3625,528.043031,96.752953,-17.062307,537.104923
19.375,528.399782,96.641547,-17.158124,537.438665
19.3875,528.75665,96.526521,-17.249109,537.771788
19.4,529.113945,96.409425,-17.33568,538.104888
19.4125,529.472026,96.291846,-17.41826,538.438614
19.425,529.831277,96.175387,-17.497261,538.773646
19.4375,530.192084,96.061649,-17.573074,539.110655
19.45,530.554799,95.952222,-17.64606,539.450283
19.4625,530.919725,95.84866,-17.716537,539.793104
19.475,531.287082,95.752466,-17.784773,540.139608
19.4875,531.656997,95.66507,-17.850983,540.490171
19.5,532.029485,95.587807,-17.91532,540.845043
19.5125,532.404447,95.521895,-17.977881,541.204335
19.525,532.781665,95.46841,-18.038699,541.568014
19.5375,533.160811,95.428263,-18.097751,541.935912
19.55,533.541463,95.402181,-18.154961,542.307728
19.5625,533.923124,95.390688,-18.210203,542.683054
19.575,534.305244,95.394092,-18.263311,543.061392
19.5875,534.687254,95.412475,-18.314087,543.442183
19.6,535.068594,95.445693,-18.362308,543.824838
19.6125,535.448741,95.493376,-18.407734,544.208769
19.625,535.827244,95.554942,-18.450116,544.593416
19.6375,536.20374,95.629606,-18.489208,544.978278
19.65,536.577982,95.716399,-18.524766,545.362931
19.6625,536.949845,95.814192,-18.556559,545.747049
19.675,537.319337,95.921714,-18.584373,546.130409
19.6875,537.686592,96.03758,-18.60801,546.512897
19.7,538.051871,96.160307,-18.627297,546.894502
19.7125,538.415535,96.288342,-18.642081,547.275306
19.725,538.778037,96.420076,-18.652236,547.655467
19.7375,539.139888,96.553866,-18.657658,548.035196
19.75,539.501634,96.688048,-18.658271,548.414736
19.7625,539.863824,96.820957,-18.654024,548.794332
19.775,540.226984,96.95094,-18.644893,549.174208
19.7875,540.591583,97.076372,-18.630883,549.55454
19.8,540.958014,97.195678,-18.612024,549.935433
19.8125,541.326566,97.307344,-18.588381,550.316907
19.825,541.697412,97.409948,-18.560043,550.698882
19.8375,542.070595,97.502175,-18.527132,551.081173
19.85,542.446031,97.582839,-18.489793,551.463489
19.8625,542.823506,97.650914,-18.448202,551.845445
19.875,543.20269,97.705546,-18.40255,552.226575
19.8875,543.583157,97.746082,-18.353047,552.606351
19.9,543.964404,97.772075,-18.299913,552.984212
19.9125,544.345881,97.783304,-18.243368,553.359587
19.925,544.72702,97.779775,-18.183626,553.731934
19.9375,545.107266,97.761723,-18.120887,554.10076
19.95,545.486106,97.729602,-18.055325,554.465655
19.9625,545.863098,97.684078,-17.987081,554.826311
19.975,546.237885,97.626008,-17.916257,555.182544
19.9875,546.610222,97.556425,-17.842909,555.534301
20,546.979973,97.476512,-17.767041,555.881669
20.0125,547.347124,97.387582,-17.688605,556.224866
20.025,547.711768,97.29105,-17.607497,556.56424
20.0375,548.0741,97.188416,-17.523563,556.900245
20.05,548.4344,97.08124,-17.4366,557.233428
20.0625,548.793004,96.971123,-17.346364,557.564397
20.075,549.150288,96.859687,-17.252577,557.893798
20.0875,549.506635,96.748563,-17.154935,558.222284
20.1,549.86241,96.639367,-17.053124,558.550487
20.1125,550.217932,96.533685,-16.946827,558.878986
20.125,550.573455,96.433061,-16.835738,559.208286
20.1375,550.929143,96.338969,-16.719578,559.538794
20.15,551.285059,96.252798,-16.5981,559.870802
20.1625,551.641157,96.175833,-16.471107,560.204475
20.175,551.997277,96.109227,-16.338455,560.539849
20.1875,552.353155,96.053985,-16.200064,560.87683
20.2,552.708431,96.010942,-16.05592,561.215202
20.2125,553.062669,95.980743,-15.906075,561.554647
20.225,553.41538,95.963832,-15.750647,561.894762
20.2375,553.766052,95.960435,-15.589815,562.235082
20.25,554.114174,95.970563,-15.42381,562.575115
20.2625,554.459271,95.994008,-15.252906,562.914366
20.275,554.800932,96.030345,-15.077411,563.252368
20.2875,555.138833,96.078952,-14.897653,563.588706
20.3,555.472762,96.139017,-14.713972,563.923045
20.3125,555.802629,96.20956,-14.526709,564.255144
20.325,556.128483,96.289456,-14.336198,564.58487
20.3375,556.450506,96.377455,-14.142761,564.912203
20.35,556.769014,96.472207,-13.946706,565.237235
20.3625,557.084443,96.57228,-13.748327,565.560164
20.375,557.397336,96.676185,-13.547909,565.881278
20.3875,557.708318,96.782396,-13.345731,566.200944
20.4,558.018075,96.889361,-13.142075,566.51958
20.4125,558.327326,96.995529,-12.937235,566.837638
20.425,558.636793,97.099359,-12.731528,567.155573
20.4375,558.947177,97.199339,-12.525296,567.473824
20.45,559.259126,97.294003,-12.318922,567.792787
20.4625,559.573217,97.381947,-12.112829,568.112797
20.475,559.889931,97.461853,-11.907482,568.434109
20.4875,560.20964,97.532503,-11.70339,568.756889
20.5,560.532592,97.592802,-11.501098,569.081204
20.5125,560.858911,97.641798,-11.301176,569.407021
20.525,561.188599,97.678705,-11.104208,569.734215
20.5375,561.521539,97.702913,-10.910775,570.062578
20.55,561.857513,97.714008,-10.721438,570.391831
20.5625,562.196219,97.711782,-10.536716,570.721652
20.575,562.537296,97.696234,-10.357064,571.05169
20.5875,562.880344,97.667577,-10.182859,571.381595
20.6,563.224954,97.626223,-10.01438,571.711042
20.6125,563.570732,97.572782,-9.851794,572.03975
20.625,563.917322,97.508043,-9.695146,572.367504
20.6375,564.264423,97.432954,-9.544353,572.694172
20.65,564.611806,97.348605,-9.399203,573.01971
20.6625,564.95932,97.256206,-9.259358,573.344172
20.675,565.306896,97.157062,-9.12436,573.667704
20.6875,565.654538,97.052556,-8.993643,573.990541
20.7,566.002324,96.944127,-8.866545,574.312989
20.7125,566.350379,96.83325,-8.742327,574.635413
20.725,566.698867,96.721424,-8.620188,574.958214
20.7375,567.047964,96.610154,-8.499286,575.281803
20.75,567.397837,96.500936,-8.378759,575.606584
20.7625,567.748623,96.395245,-8.257747,575.932924
20.775,568.100406,96.294518,-8.135406,576.26113
20.7875,568.453199,96.200139,-8.010939,576.591434
20.8,568.806932,96.113427,-7.883604,576.923971
20.8125,569.161442,96.03561,-7.75274,577.258773
20.825,569.516471,95.967814,-7.617778,577.59576
20.8375,569.871667,95.91104,-7.478254,577.934744
20.85,570.226599,95.866148,-7.333822,578.275434
20.8625,570.58077,95.833839,-7.184259,578.61745
20.875,570.933644,95.81464,-7.029463,578.960347
20.8875,571.284664,95.808893,-6.86946,579.303634
20.9,571.63329,95.816753,-6.704392,579.646804
20.9125,571.979023,95.83818,-6.534515,579.989362
20.925,572.32144,95.872948,-6.360181,580.330858
20.9375,572.660214,95.920649,-6.181832,580.670911
20.95,572.995142,95.98071,-5.999984,581.009233
20.9625,573.32616,96.052408,-5.815211,581.345652
20.975,573.653355,96.134889,-5.628135,581.680122
20.9875,573.976965,96.227189,-5.439414,582.012728
21,574.297382,96.328257,-5.249733,582.343692
21.0125,574.615136,96.43697,-5.059795,582.673361
21.025,574.930883,96.552158,-4.870322,583.002195
21.0375,575.245378,96.672617,-4.682047,583.330748
21.05,575.559456,96.797126,-4.495719,583.659646
21.0625,575.873996,96.92446,-4.312098,583.989558
21.075,576.189893,97.053399,-4.131962,584.321169
21.0875,576.508027,97.182744,-3.956106,584.655148
21.1,576.829226,97.311322,-3.785337,584.992118
21.1125,577.154243,97.437999,-3.620475,585.332633
21.125,577.483721,97.561691,-3.462347,585.677146
21.1375,577.818177,97.681376,-3.311774,586.025994
21.15,578.157984,97.796108,-3.169564,586.379382
21.1625,578.503355,97.905032,-3.036492,586.737375
21.175,578.854343,98.007399,-2.913285,587.099896
21.1875,579.210846,98.102581,-2.800605,587.466734
21.2,579.57261,98.190085,-2.699025,587.837552
21.2125,579.939256,98.269568,-2.609015,588.211914
21.225,580.310294,98.340846,-2.530924,588.5893
21.2375,580.685156,98.403902,-2.464964,588.969145
21.25,581.063224,98.458887,-2.411205,589.35086
21.2625,581.443861,98.506122,-2.369563,589.733867
21.275,581.826442,98.546092,-2.339804,590.117628
21.2875,582.210379,98.579441,-2.321546,590.501669
21.3,582.595145,98.606952,-2.314262,590.885598
21.3125,582.980292,98.629541,-2.317297,591.269124
21.325,583.365456,98.648235,-2.329873,591.652058
21.3375,583.750367,98.664157,-2.351111,592.034319
21.35,584.134841,98.678503,-2.380039,592.415922
21.3625,584.518771,98.692527,-2.415613,592.796966
21.375,584.902111,98.707518,-2.456728,593.17762
21.3875,585.284859,98.724781,-2.502238,593.558093
21.4,585.667032,98.745619,-2.550963,593.938614
21.4125,586.048646,98.771311,-2.601712,594.319406
21.425,586.429688,98.803094,-2.653289,594.700656
21.4375,586.8101,98.842143,-2.704513,595.082496
21.45,587.189759,98.889549,-2.754231,595.464979
21.4625,587.568465,98.946303,-2.801335,595.848067
21.475,587.945935,99.013278,-2.844777,596.231619
21.4875,588.3218,99.091207,-2.883586,596.615389
21.5,588.695616,99.180678,-2.916889,596.999031
21.5125,589.066871,99.282114,-2.943923,597.382108
21.525,589.435009,99.395774,-2.964055,597.764113
21.5375,589.799449,99.521747,-2.976794,598.144489
21.55,590.159617,99.659957,-2.981802,598.522658
21.5625,590.51497,99.810169,-2.978903,598.89805
21.575,590.865028,99.972006,-2.968089,599.270134
21.5875,591.209399,100.14496,-2.949518,599.638447
21.6,591.547803,100.328421,-2.923511,600.002618
21.6125,591.880089,100.521688,-2.890548,600.362395
21.625,592.206249,100.724,-2.851253,600.71765
21.6375,592.526423,100.934555,-2.806389,601.0684
21.65,592.840894,101.152525,-2.756837,601.414798
21.6625,593.150088,101.37708,-2.703585,601.757134
21.675,593.454549,101.607393,-2.647713,602.095818
21.6875,593.75493,101.842655,-2.590375,602.431368
21.7,594.051961,102.082073,-2.532784,602.764379
21.7125,594.346427,102.324877,-2.476199,603.095504
21.725,594.639137,102.570313,-2.421907,603.42542
21.7375,594.930895,102.817644,-2.371208,603.754801
21.75,595.222471,103.066138,-2.325399,604.084287
21.7625,595.514573,103.315072,-2.285756,604.414456
21.775,595.807822,103.563722,-2.253514,604.745801
21.7875,596.102733,103.811366,-2.229849,605.078706
21.8,596.399697,104.057281,-2.215857,605.413434
21.8125,596.698972,104.300754,-2.212529,605.750118
21.825,597.000677,104.541088,-2.220737,606.088755
21.8375,597.304796,104.777615,-2.241208,606.429213
21.85,597.611183,105.00971,-2.274508,606.771241
21.8625,597.919583,105.236812,-2.321032,607.114488
21.875,598.229642,105.458436,-2.380986,607.458522
21.8875,598.540941,105.6742,-2.454392,607.802862
21.9,598.853014,105.883832,-2.541078,608.147001
21.9125,599.16538,106.087191,-2.640689,608.490442
21.925,599.47757,106.284277,-2.752699,608.832721
21.9375,599.789151,106.475235,-2.876416,609.173436
21.95,600.099748,106.660356,-3.011007,609.512269
21.9625,600.409062,106.840079,-3.155515,609.848999
21.975,600.716878,107.014977,-3.308874,610.183515
21.9875,601.023077,107.185751,-3.469933,610.515819
22,601.327631,107.353207,-3.63747,610.846022
22.0125,601.630599,107.518244,-3.810208,611.174335
22.025,601.932114,107.681826,-3.98683,611.501055
22.0375,602.232373,107.844963,-4.165989,611.826546
22.05,602.531613,108.008682,-4.346317,612.151216
22.0625,602.830096,108.174008,-4.526433,612.475493
22.075,603.128086,108.341929,-4.704956,612.799803
22.0875,603.425829,108.513382,-4.880507,613.124542
22.1,603.723534,108.68922,-5.051726,613.450056
22.1125,604.021358,108.870199,-5.217281,613.776622
22.125,604.319396,109.056953,-5.375886,614.104431
22.1375,604.617671,109.249981,-5.526317,614.433582
22.15,604.916131,109.449638,-5.667434,614.764075
22.1625,605.214653,109.656127,-5.798203,615.095815
22.175,605.513051,109.869497,-5.917716,615.428616
22.1875,605.81109,110.08965,-6.025216,615.762219
22.2,606.108496,110.31635,-6.12012,616.096309
22.2125,606.404983,110.549236,-6.202029,616.430533
22.225,606.700271,110.787842,-6.270748,616.764531
22.2375,606.994103,111.03162,-6.326292,617.097953
22.25,607.286274,111.279962,-6.368888,617.430491
22.2625,607.576639,111.532224,-6.398974,617.761893
22.275,607.865136,111.787749,-6.417191,618.091987
22.2875,608.151789,112.045888,-6.424369,618.420692
22.3,608.436717,112.306017,-6.42151,618.748023
22.3125,608.720132,112.56755,-6.409772,619.074097
22.325,609.002333,112.829946,-6.390448,619.399125
22.3375,609.283699,113.092715,-6.364938,619.723406
22.35,609.564667,113.355413,-6.334735,620.047306
22.3625,609.845722,113.617641,-6.301396,620.371244
22.375,610.12737,113.879032,-6.266523,620.695667
22.3875,610.410118,114.139244,-6.231743,621.021025
22.4,610.694451,114.397949,-6.198682,621.34775
22.4125,610.980807,114.654816,-6.168947,621.676225
22.425,611.26956,114.909508,-6.1441,622.006769
22.4375,611.561,115.161666,-6.125639,622.339609
22.45,611.855318,115.410909,-6.114972,622.674876
22.4625,612.1526,115.656834,-6.113393,623.012586
22.475,612.452819,115.899009,-6.122062,623.352641
22.4875,612.75584,116.136991,-6.141978,623.694832
22.5,613.061427,116.370325,-6.173963,624.038848
22.5125,613.369259,116.598565,-6.218644,624.384293
22.525,613.678946,116.821284,-6.276437,624.730706
22.5375,613.990052,117.038092,-6.347546,625.077587
22.55,614.302125,117.24865,-6.431954,625.424429
22.5625,614.61472,117.45269,-6.529429,625.770742
22.575,614.92743,117.650023,-6.639534,626.116088
22.5875,615.239908,117.840548,-6.761637,626.460102
22.6,615.551893,118.024265,-6.894932,626.802521
22.6125,615.863222,118.201269,-7.038456,627.143196
22.625,616.173849,118.371751,-7.191115,627.482107
22.6375,616.483842,118.535995,-7.3517,627.819367
22.65,616.793393,118.694363,-7.518911,628.155216
22.6625,617.1028,118.847284,-7.691379,628.490016
22.675,617.412464,118.995241,-7.867678,628.824235
22.6875,617.722866,119.138751,-8.046343,629.158425
22.7,618.034544,119.278348,-8.225885,629.493198
22.7125,618.348072,119.414568,-8.404798,629.829198
22.725,618.664034,119.547925,-8.581573,630.16707
22.7375,618.98299,119.678903,-8.75471,630.507435
22.75,619.305455,119.807935,-8.922727,630.850856
22.7625,619.631874,119.935391,-9.084179,631.197813
22.775,619.962597,120.061573,-9.237669,631.548682
22.7875,620.297867,120.186699,-9.381873,631.903716
22.8,620.637804,120.310906,-9.515554,632.263033
22.8125,620.9824,120.434248,-9.637591,632.626614
22.825,621.331525,120.556691,-9.747,632.9943
22.8375,621.68493,120.67813,-9.842957,633.365808
22.85,622.042261,120.798385,-9.924822,633.74074
22.8625,622.403083,120.91722,-9.992155,634.118613
22.875,622.766902,121.034351,-10.044729,634.498877
22.8875,623.133191,121.149462,-10.082543,634.880952
22.9,623.501422,121.262213,-10.105825,635.264257
22.9125,623.871091,121.372263,-10.115025,635.648235
22.925,624.241744,121.479271,-10.11081,636.032387
22.9375,624.612999,121.582918,-10.094051,636.41629
22.95,624.984564,121.682906,-10.065805,636.79962
22.9625,625.356245,121.778971,-10.027292,637.182154
22.975,625.727948,121.870886,-9.979875,637.563782
22.9875,626.099681,121.958461,-9.925038,637.944498
23,626.471538,122.041546,-9.864357,638.324395
23.0125,626.84369,122.120027,-9.799485,638.703642
23.025,627.216357,122.193825,-9.73212,639.08247
23.0375,627.589792,122.262892,-9.663994,639.461144
23.05,627.964251,122.327207,-9.596842,639.839937
23.0625,628.339966,122.386771,-9.532391,640.219104
23.075,628.717124,122.441609,-9.47233,640.598857
23.0875,629.095841,122.491757,-9.418294,640.979338
23.1,629.476144,122.537269,-9.371839,641.360608
23.1125,629.857957,122.57821,-9.334419,641.742623
23.125,630.241095,122.614656,-9.307366,642.125236
23.1375,630.625265,122.646692,-9.291859,642.50819
23.15,631.010069,122.67441,-9.288908,642.891128
23.1625,631.395023,122.697913,-9.299334,643.273604
23.175,631.77957,122.717307,-9.323748,643.655105
23.1875,632.163114,122.732704,-9.362543,644.035074
23.2,632.545043,122.744217,-9.415884,644.412937
23.2125,632.924764,122.75196,-9.483708,644.788137
23.225,633.301732,122.756042,-9.565731,645.160161
23.2375,633.67548,122.756565,-9.661452,645.528568
23.25,634.045645,122.753619,-9.770175,645.893015
23.2625,634.41199,122.747277,-9.891026,646.253278
23.275,634.774416,122.737595,-10.022971,646.609261
23.2875,635.13297,122.724601,-10.164844,646.961004
23.3,635.487844,122.708299,-10.315371,647.308685
23.3125,635.83937,122.688662,-10.473186,647.652608
23.325,636.188002,122.665633,-10.636859,647.99319
23.3375,636.534298,122.639123,-10.80491,648.330944
23.35,636.878894,122.609015,-10.975826,648.666451
23.3625,637.222478,122.575165,-11.148077,649.000337
23.375,637.565756,122.537404,-11.320124,649.333238
23.3875,637.909422,122.495549,-11.490437,649.665776
23.4,638.25413,122.449402,-11.657502,649.998529
23.4125,638.600461,122.398763,-11.81984,650.332003
23.425,638.9489,122.343438,-11.976013,650.666611
23.4375,639.299817,122.283244,-12.12465,651.002654
23.45,639.653449,122.21802,-12.264462,651.340307
23.4625,640.009894,122.147634,-12.39426,651.67962
23.475,640.36911,122.071991,-12.512982,652.020508
23.4875,640.730919,121.991036,-12.619714,652.362768
23.5,641.095024,121.90476,-12.713708,652.706089
23.5125,641.461022,121.813204,-12.794406,653.050071
23.525,641.828435,121.716452,-12.861453,653.394255
23.5375,642.196737,121.614637,-12.91471,653.738143
23.55,642.565383,121.507931,-12.954257,654.081235
23.5625,642.93384,121.396544,-12.980398,654.423055
23.575,643.301618,121.280716,-12.993651,654.763177
23.5875,643.668294,121.160709,-12.994743,655.101254
23.6,644.033535,121.036806,-12.984589,655.437031
23.6125,644.397111,120.909299,-12.964278,655.770362
23.625,644.758906,120.778491,-12.935046,656.101216
23.6375,645.118914,120.644688,-12.898261,656.429676
23.65,645.47724,120.508202,-12.855392,656.755933
23.6625,645.834086,120.369351,-12.80799,657.080278
23.675,646.18973,120.228458,-12.757662,657.403078
23.6875,646.544511,120.085862,-12.706052,657.724762
23.7,646.898801,119.941915,-12.654817,658.045793
23.7125,647.252978,119.79699,-12.605606,658.366644
23.725,647.607405,119.651488,-12.560042,658.687774
23.7375,647.9624,119.505836,-12.519695,659.009605
23.75,648.318219,119.360493,-12.486067,659.332497
23.7625,648.675033,119.215946,-12.460566,659.656734
23.775,649.032921,119.072712,-12.444481,659.982506
23.7875,649.391858,118.931324,-12.438967,660.309907
23.8,649.751717,118.792331,-12.445017,660.638926
23.8125,650.112277,118.65628,-12.463447,660.969457
23.825,650.47323,118.523705,-12.494877,661.301303
23.8375,650.834205,118.395111,-12.539718,661.634196
23.85,651.194788,118.270958,-12.598168,661.967813
23.8625,651.554545,118.151648,-12.670205,662.301798
23.875,651.913056,118.037504,-12.755595,662.63579
23.8875,652.269936,117.928764,-12.853895,662.969445
23.9,652.624866,117.825565,-12.964472,663.302462
23.9125,652.977609,117.72794,-13.086519,663.6346
23.925,653.328034,117.635811,-13.219074,663.965698
23.9375,653.676121,117.548992,-13.361045,664.295683
23.95,654.021971,117.467187,-13.51123,664.62458
23.9625,654.365801,117.39,-13.668345,664.952508
23.975,654.707939,117.316942,-13.831036,665.279676
23.9875,655.048805,117.247443,-13.997903,665.606371
24,655.3889,117.180862,-14.167518,665.932942
24.0125,655.728773,117.116504,-14.33843,666.259777
24.025,656.069004,117.053633,-14.509185,666.587284
24.0375,656.410168,116.991487,-14.678334,666.915864
24.05,656.752815,116.929296,-14.84444,667.24589
24.0625,657.097436,116.866297,-15.006092,667.577677
24.075,657.444445,116.801749,-15.161917,667.911469
24.0875,657.794152,116.734952,-15.310591,668.247417
24.1,658.146753,116.665259,-15.450856,668.585567
24.1125,658.502317,116.592093,-15.581538,668.925857
24.125,658.860783,116.514957,-15.701564,669.268112
24.1375,659.221967,116.433448,-15.809986,669.612056
24.15,659.585569,116.347266,-15.905995,669.957319
24.1625,659.951191,116.256217,-15.988944,670.30346
24.175,660.318363,116.160221,-16.058363,670.649989
24.1875,660.686566,116.05931,-16.113969,670.996395
24.2,661.055268,115.953626,-16.155676,671.342175
24.2125,661.423946,115.843416,-16.183598,671.686864
24.225,661.792127,115.729025,-16.198043,672.030062
24.2375,662.159407,115.610888,-16.199508,672.371461
24.25,662.525476,115.48952,-16.188665,672.710865
24.2625,662.890138,115.365504,-16.166345,673.048204
24.275,663.253318,115.239483,-16.13352,673.38354
24.2875,663.615067,115.112151,-16.091278,673.717072
24.3,663.975559,114.984245,-16.040805,674.049128
24.3125,664.335079,114.856536,-15.983362,674.380152
24.325,664.694006,114.72983,-15.920262,674.710687
24.3375,665.052794,114.604956,-15.852856,675.041353
24.35,665.411942,114.482768,-15.782509,675.372818
24.3625,665.771968,114.364137,-15.710584,675.705773
24.375,666.133382,114.249951,-15.638428,676.040897
24.3875,666.496652,114.141104,-15.567356,676.378829
24.4,666.862179,114.038492,-15.498631,676.720142
24.4125,667.230274,113.943004,-15.433453,677.065313
24.425,667.601139,113.855505,-15.372942,677.414706
24.4375,667.974851,113.776827,-15.318119,677.768554
24.45,668.351357,113.707752,-15.269892,678.126949
24.4625,668.730475,113.648991,-15.229038,678.489841
24.475,669.111899,113.601171,-15.19619,678.857042
24.4875,669.495219,113.564818,-15.171821,679.228238
24.5,669.879935,113.540338,-15.156239,679.603007
24.5125,670.265488,113.528009,-15.149574,679.98084
24.525,670.65129,113.527969,-15.151777,680.361175
24.5375,671.036752,113.54021,-15.162624,680.743423
24.55,671.421318,113.564583,-15.181717,681.126997
24.5625,671.804493,113.60079,-15.208496,681.511346
24.575,672.185868,113.648403,-15.242249,681.895979
24.5875,672.565139,113.706864,-15.282132,682.280485
24.6,672.942122,113.775504,-15.32718,682.664549
24.6125,673.316757,113.85355,-15.376331,683.047962
24.625,673.68911,113.940146,-15.42844,683.430619
24.6375,674.05936,114.034361,-15.482302,683.812517
24.65,674.427788,114.135203,-15.536664,684.19374
24.6625,674.794757,114.241635,-15.590246,684.574445
24.675,675.160684,114.35258,-15.641757,684.954836
24.6875,675.526019,114.466935,-15.68991,685.335141
24.7,675.891211,114.583576,-15.733434,685.715587
24.7125,676.256682,114.701373,-15.771096,686.096372
24.725,676.622801,114.819196,-15.801711,686.477644
24.7375,676.989858,114.935924,-15.824161,686.859475
24.75,677.358048,115.050463,-15.837412,687.241848
24.7625,677.727454,115.161754,-15.840529,687.624646
24.775,678.098042,115.268796,-15.832694,688.007648
24.7875,678.469657,115.370656,-15.81322,688.39053
24.8,678.842033,115.466493,-15.781565,688.772876
24.8125,679.214805,115.555573,-15.737343,689.154196
24.825,679.587525,115.63729,-15.680329,689.533944
24.8375,679.95969,115.71118,-15.610465,689.911548
24.85,680.330769,115.776938,-15.527852,690.286439
24.8625,680.700227,115.834424,-15.432751,690.658079
24.875,681.067562,115.883675,-15.325564,691.025993
24.8875,681.432325,115.924902,-15.206825,691.389791
24.9,681.794148,115.958493,-15.077178,691.749198
24.9125,682.15276,115.985002,-14.937361,692.104063
24.925,682.508001,116.005146,-14.788181,692.454371
24.9375,682.859826,116.019784,-14.630498,692.800248
24.95,683.208304,116.029909,-14.465209,693.141955
24.9625,683.553614,116.036627,-14.293225,693.479876
24.975,683.896026,116.041141,-14.115467,693.814505
24.9875,684.235884,116.04473,-13.932851,694.146417
25,684.573586,116.048733,-13.746284,694.476251
25.0125,684.909556,116.054522,-13.556662,694.804674
25.025,685.244217,116.063489,-13.364863,695.132354
25.0375,685.577968,116.077021,-13.171752,695.459934
25.05,685.911156,116.096475,-12.978178,695.787999
25.0625,686.244055,116.123162,-12.784974,696.11705
25.075,686.57685,116.158317,-12.592952,696.447491
25.0875,686.90962,116.20308,-12.402905,696.779602
25.1,687.242338,116.258471,-12.215591,697.113538
25.1125,687.574865,116.325371,-12.031731,697.449317
25.125,687.90696,116.4045,-11.851997,697.786832
25.1375,688.238288,116.496404,-11.676994,698.125852
25.15,688.568445,116.601439,-11.507248,698.466045
25.1625,688.896977,116.71977,-11.343194,698.806996
25.175,689.223406,116.851366,-11.185157,699.148234
25.1875,689.547261,116.996003,-11.033343,699.48926
25.2,689.868105,117.153278,-10.887831,699.829578
25.2125,690.185562,117.322618,-10.74856,700.168721
25.225,690.499341,117.503301,-10.615334,700.506282
25.2375,690.809256,117.694476,-10.487819,700.841931
25.25,691.115237,117.895182,-10.365549,701.175434
25.2625,691.417342,118.10437,-10.247939,701.506666
25.275,691.715755,118.320921,-10.13429,701.835615
25.2875,692.010783,118.543667,-10.023812,702.162376
25.3,692.302845,118.771401,-9.915636,702.487149
25.3125,692.592454,119.002889,-9.808837,702.810222
25.325,692.880201,119.236878,-9.702454,703.131953
25.3375,693.16673,119.472103,-9.595509,703.452751
25.35,693.452712,119.707291,-9.48703,703.773048
25.3625,693.738822,119.941162,-9.376073,704.093279
25.375,694.02571,120.172439,-9.261742,704.413856
25.3875,694.313979,120.399847,-9.143211,704.735144
25.4,694.604165,120.622127,-9.019738,705.057444
25.4125,694.896713,120.838046,-8.890686,705.380975
25.425,695.191969,121.046412,-8.755538,705.705864
25.4375,695.490167,121.246094,-8.613903,706.032143
25.45,695.791428,121.436042,-8.465527,706.359745
25.4625,696.095762,121.615309,-8.310297,706.688513
25.475,696.403074,121.783079,-8.148238,707.018213
25.4875,696.71318,121.93869,-7.979508,707.34855
25.5,697.025819,122.081653,-7.804385,707.679186
25.5125,697.340682,122.21167,-7.623259,708.009769
25.525,697.657428,122.328652,-7.43661,708.339953
25.5375,697.975708,122.432723,-7.244989,708.669422
25.55,698.295189,122.524225,-7.048999,708.997916
25.5625,698.615576,122.603714,-6.849277,709.325247
25.575,698.93662,122.671948,-6.64647,709.65131
25.5875,699.258141,122.729879,-6.44122,709.976098
25.6,699.580022,122.778631,-6.234153,710.2997
25.6125,699.90222,122.819481,-6.025869,710.6223
25.625,700.224756,122.853833,-5.816931,710.944168
25.6375,700.547705,122.883198,-5.607869,711.265644
25.65,700.871186,122.909166,-5.399177,711.587123
25.6625,701.195341,122.933382,-5.19132,711.909033
25.675,701.520314,122.957518,-4.984737,712.231809
25.6875,701.846236,122.983248,-4.779849,712.555868
25.7,702.173201,123.012226,-4.57707,712.88159
25.7125,702.501247,123.046054,-4.376806,713.209289
25.725,702.830343,123.08626,-4.179471,713.539197
25.7375,703.160376,123.13427,-3.985478,713.871449
25.75,703.491145,123.191386,-3.795249,714.206072
25.7625,703.822364,123.258758,-3.609208,714.542978
25.775,704.15366,123.337365,-3.427776,714.881971
25.7875,704.484594,123.427997,-3.251366,715.222752
25.8,704.814673,123.531238,-3.08037,715.564937
25.8125,705.143374,123.647457,-2.915147,715.908074
25.825,705.470171,123.776805,-2.756016,716.25167
25.8375,705.794559,123.919215,-2.603241,716.595219
25.85,706.116092,124.074411,-2.45702,716.938234
25.8625,706.434399,124.24192,-2.317478,717.280269
25.875,706.749217,124.421089,-2.184665,717.620956
25.8875,707.06041,124.611106,-2.058546,717.960018
25.9,707.367979,124.811024,-1.939008,718.297298
25.9125,707.672076,125.019781,-1.82586,718.632762
25.925,707.973005,125.236225,-1.718843,718.96651
25.9375,708.271215,125.459137,-1.617637,719.298773
25.95,708.567289,125.687241,-1.52187,719.629906
25.9625,708.86193,125.919229,-1.431137,719.960371
25.975,709.155937,126.153765,-1.345007,720.290722
25.9875,709.450178,126.389497,-1.263043,720.621576
26,709.745565,126.625064,-1.184808,720.953589
26.0125,710.043018,126.859101,-1.109884,721.287426
26.025,710.343438,127.090246,-1.037881,721.62373
26.0375,710.647675,127.317142,-0.968446,721.963095
26.05,710.956497,127.538453,-0.901274,722.306036
26.0625,711.270565,127.75287,-0.836114,722.652968
26.075,711.590413,127.959128,-0.772772,723.004185
26.0875,711.916429,128.156023,-0.711118,723.359851
26.1,712.248844,128.342434,-0.651079,723.719988
26.1125,712.58773,128.517345,-0.592647,724.084478
26.125,712.933,128.679872,-0.535868,724.453075
26.1375,713.284421,128.829283,-0.480843,724.825414
26.15,713.641632,128.965026,-0.427716,725.201034
26.1625,714.004161,129.086744,-0.376672,725.579404
26.175,714.371456,129.194292,-0.327926,725.95995
26.1875,714.742912,129.287745,-0.281713,726.342089
26.2,715.117903,129.367405,-0.238285,726.725256
26.2125,715.495809,129.433796,-0.197897,727.108933
26.225,715.876042,129.487659,-0.160805,727.492671
26.2375,716.258066,129.529934,-0.127256,727.876114
26.25,716.641419,129.561747,-0.097486,728.259006
26.2625,717.025714,129.584387,-0.071714,728.641197
26.275,717.410648,129.599285,-0.05014,729.022644
26.2875,717.795994,129.607983,-0.032942,729.4034
26.3,718.181594,129.612119,-0.020276,729.7836
26.3125,718.567339,129.613391,-0.012274,730.163442
26.325,718.953156,129.61354,-0.009043,730.543161
26.3375,719.338982,129.614319,-0.010663,730.923007
26.35,719.724743,129.617471,-0.017189,731.303217
26.3625,720.110333,129.624701,-0.028646,731.683986
26.375,720.495593,129.637656,-0.045033,732.06545
26.3875,720.880297,129.657892,-0.066317,732.447661
26.4,721.264142,129.686856,-0.092434,732.830575
26.4125,721.646742,129.725854,-0.123292,733.214042
26.425,722.027631,129.776035,-0.158766,733.597809
26.4375,722.406276,129.838364,-0.198705,733.981517
26.45,722.782085,129.913607,-0.242933,734.364724
26.4625,723.154436,130.002317,-0.291254,734.746912
26.475,723.522696,130.104821,-0.343456,735.127523
26.4875,723.886258,130.221225,-0.39932,735.505977
26.5,724.244564,130.35141,-0.458628,735.881708
26.5125,724.597135,130.495042,-0.521173,736.254192
26.525,724.943604,130.651591,-0.586763,736.622977
26.5375,725.28373,130.820342,-0.655236,736.987707
26.55,725.617422,131.000423,-0.726465,737.348141
26.5625,725.944745,131.190827,-0.800365,737.704173
26.575,726.265927,131.390433,-0.876897,738.055832
26.5875,726.581351,131.598033,-0.956076,738.403288
26.6,726.891548,131.812352,-1.037969,738.746842
26.6125,727.19718,132.032066,-1.122694,739.086913
26.625,727.499015,132.255815,-1.21042,739.424021
26.6375,727.797906,132.482221,-1.301359,739.758761
26.65,728.094758,132.709891,-1.395759,740.091778
26.6625,728.390497,132.937429,-1.493897,740.423735
26.675,728.68604,133.163439,-1.596069,740.755286
26.6875,728.982265,133.386535,-1.702572,741.087045
26.7,729.279978,133.60535,-1.813702,741.419561
26.7125,729.579891,133.818541,-1.929733,741.75329
26.725,729.882597,134.024805,-2.050908,742.088579
26.7375,730.188554,134.222895,-2.177431,742.425653
26.75,730.498072,134.411638,-2.309452,742.764603
26.7625,730.811311,134.589958,-2.447063,743.105388
26.775,731.12828,134.756895,-2.590292,743.447841
26.7875,731.448844,134.911634,-2.739105,743.79168
26.8,731.772743,135.053522,-2.893399,744.136528
26.8125,732.099608,135.182094,-3.053014,744.481938
26.825,732.42899,135.297087,-3.217737,744.827417
26.8375,732.760383,135.398449,-3.387307,745.172458
26.85,733.093255,135.486354,-3.561432,745.51657
26.8625,733.427077,135.561195,-3.739795,745.859304
26.875,733.76135,135.623582,-3.922068,746.20028
26.8875,734.095624,135.674332,-4.10792,746.539205
26.9,734.429522,135.714452,-4.297025,746.875893
26.9125,734.762745,135.745122,-4.489071,747.210266
26.925,735.095085,135.767671,-4.683759,747.542362
26.9375,735.426421,135.783555,-4.880807,747.872327
26.95,735.756714,135.794329,-5.079945,748.200406
26.9625,736.085994,135.801625,-5.280911,748.526927
26.975,736.414349,135.807124,-5.483445,748.852279
26.9875,736.741901,135.812534,-5.687276,749.176894
27,737.068791,135.819559,-5.892118,749.501216
27.0125,737.395154,135.829882,-6.097657,749.825681
27.025,737.721102,135.845131,-6.303544,750.150691
27.0375,738.046706,135.866864,-6.509391,750.476593
27.05,738.371979,135.896533,-6.714764,750.803659
27.0625,738.696871,135.93547,-6.919185,751.132075
27.075,739.02126,135.984854,-7.122137,751.461927
27.0875,739.344956,136.045698,-7.32307,751.793205
27.1,739.667704,136.118823,-7.521412,752.125799
27.1125,739.989198,136.204845,-7.716586,752.459513
27.125,740.309098,136.304167,-7.908028,752.794077
27.1375,740.627045,136.416969,-8.095204,753.129167
27.15,740.942692,136.543213,-8.27763,753.464426
27.1625,741.255719,136.682643,-8.454897,753.79949
27.175,741.56586,136.834806,-8.626682,754.134012
27.1875,741.872924,136.999059,-8.792767,754.467687
27.2,742.176814,137.174597,-8.953051,754.800272
27.2125,742.477536,137.360473,-9.107557,755.131603
27.225,742.77521,137.55562,-9.256436,755.461609
27.2375,743.070074,137.758879,-9.399966,755.790317
27.25,743.362477,137.969018,-9.538544,756.117852
27.2625,743.652871,138.184752,-9.672683,756.444432
27.275,743.9418,138.404762,-9.802993,756.770361
27.2875,744.229877,138.627705,-9.93017,757.096004
27.3,744.517766,138.852226,-10.054977,757.421777
27.3125,744.806155,139.076967,-10.178226,757.748117
27.325,745.095731,139.300571,-10.300756,758.07546
27.3375,745.387154,139.52169,-10.423415,758.404219
27.35,745.681031,139.738988,-10.547038,758.734752
27.3625,745.977893,139.951152,-10.672427,759.06735
27.375,746.278175,140.156901,-10.800332,759.402211
27.3875,746.582199,140.354996,-10.93143,759.73943
27.4,746.890165,140.544258,-11.066314,760.07899
27.4125,747.202142,140.723588,-11.205476,760.42076
27.425,747.518073,140.891982,-11.349297,760.764501
27.4375,747.837779,141.048558,-11.498037,761.109877
27.45,748.160975,141.192573,-11.651836,761.456468
27.4625,748.487288,141.323447,-11.810711,761.8038
27.475,748.816281,141.440778,-11.974558,762.151368
27.4875,749.147481,141.544357,-12.143163,762.498662
27.5,749.480403,141.634176,-12.316209,762.845203
27.5125,749.814586,141.71043,-12.49329,763.190568
27.525,750.149615,141.773518,-12.673921,763.534416
27.5375,750.485145,141.82403,-12.857558,763.876512
27.55,750.82092,141.86274,-13.043603,764.21674
27.5625,751.156787,141.890585,-13.231422,764.555117
27.575,751.492703,141.908647,-13.420352,764.891791
27.5875,751.828732,141.918129,-13.609709,765.22704
27.6,752.165045,141.920334,-13.798792,765.56126
27.6125,752.501899,141.916638,-13.986889,765.894949
27.625,752.839627,141.908473,-14.173272,766.228687
27.6375,753.178613,141.897297,-14.3572,766.563105
27.65,753.519266,141.884574,-14.537918,766.898864
27.6625,753.861998,141.871757,-14.714654,767.236619
27.675,754.207193,141.860262,-14.88662,767.57699
27.6875,754.555184,141.851448,-15.053015,767.920538
27.7,754.906229,141.8466,-15.213029,768.267733
27.7125,755.260496,141.846906,-15.365848,768.618937
27.725,755.618043,141.85344,-15.510672,768.974386
27.7375,755.978816,141.867142,-15.646722,769.334177
27.75,756.342646,141.888801,-15.773258,769.698269
27.7625,756.709252,141.919044,-15.889601,770.066482
27.775,757.078261,141.95832,-15.995147,770.438513
27.7875,757.449216,142.006894,-16.089389,770.813947
27.8,757.821608,142.064843,-16.171932,771.192286
27.8125,758.194903,142.132059,-16.24251,771.572973
27.825,758.568564,142.208251,-16.300998,771.955423
27.8375,758.942087,142.292957,-16.347415,772.339055
27.85,759.315027,142.385558,-16.381933,772.723318
27.8625,759.687022,142.485291,-16.40487,773.107721
27.875,760.057808,142.591272,-16.416691,773.491855
27.8875,760.42724,142.702514,-16.417992,773.875407
27.9,760.795292,142.817946,-16.409494,774.258169
27.9125,761.162057,142.936431,-16.392026,774.640044
27.925,761.527742,143.056785,-16.366513,775.021038
27.9375,761.892654,143.177794,-16.33396,775.401248
27.95,762.257177,143.298224,-16.295435,775.78085
27.9625,762.621752,143.416836,-16.252055,776.16007
27.975,762.986846,143.532398,-16.204974,776.539167
27.9875,763.35293,143.643692,-16.155366,776.918401
28,763.720444,143.749528,-16.104413,777.298009
28.0125,764.089771,143.848755,-16.053289,777.67818
28.025,764.461216,143.940271,-16.003145,778.05903
28.0375,764.834982,144.023036,-15.955098,778.440588
28.05,765.211153,144.09609,-15.910209,778.822783
28.0625,765.589693,144.158565,-15.86947,779.205434
28.075,765.970435,144.209701,-15.833786,779.588259
28.0875,766.353093,144.248864,-15.803955,779.970873
28.1,766.737273,144.275555,-15.780658,780.352812
28.1125,767.122492,144.289425,-15.764438,780.733548
28.125,767.5082,144.29028,-15.755691,781.112517
28.1375,767.893814,144.278088,-15.754655,781.489146
28.15,768.278746,144.252977,-15.761405,781.862887
28.1625,768.662433,144.21523,-15.775851,782.233242
28.175,769.04437,144.165275,-15.797739,782.599794
28.1875,769.424134,144.103674,-15.826655,782.962228
28.2,769.801409,144.031105,-15.862036,783.320351
28.2125,770.175994,143.948346,-15.90318,783.674103
28.225,770.54782,143.856255,-15.949258,784.023561
28.2375,770.916943,143.755751,-15.999333,784.368936
28.25,771.283543,143.647798,-16.052366,784.710566
28.2625,771.647909,143.533389,-16.107243,785.048899
28.275,772.010421,143.413531,-16.162779,785.38447
28.2875,772.371524,143.289235,-16.217743,785.717883
28.3,772.731704,143.161509,-16.270867,786.049773
28.3125,773.091458,143.031345,-16.320864,786.380785
28.325,773.451267,142.899718,-16.366443,786.711543
28.3375,773.811561,142.76758,-16.40633,787.042618
28.35,774.172704,142.635852,-16.439279,787.374506
28.3625,774.534963,142.505419,-16.464101,787.707605
28.375,774.898496,142.377124,-16.479676,788.042198
28.3875,775.263342,142.25176,-16.484978,788.378442
28.4,775.629413,142.130057,-16.479097,788.716363
28.4125,775.996504,142.012674,-16.461258,789.055858
28.425,776.364298,141.900188,-16.430837,789.396706
28.4375,776.732387,141.793078,-16.387381,789.738579
28.45,777.100291,141.691721,-16.330616,790.081069
28.4625,777.467491,141.596376,-16.260454,790.423706
28.475,777.833453,141.50718,-16.176997,790.765994
28.4875,778.197663,141.424143,-16.08053,791.107436
28.5,778.559657,141.347146,-15.97152,791.447562
28.5125,778.919044,141.275941,-15.850592,791.785962
28.525,779.275535,141.210158,-15.718526,792.122301
28.5375,779.628955,141.149313,-15.576229,792.456343
28.55,779.979258,141.092818,-15.424721,792.787959
28.5625,780.326528,141.039992,-15.265115,793.117137
28.575,780.670975,140.990079,-15.0986,793.443975
28.5875,781.01293,140.942264,-14.926423,793.76868
28.6,781.352823,140.895684,-14.749876,794.091548
28.6125,781.691167,140.849454,-14.570286,794.412955
28.625,782.028532,140.802674,-14.389003,794.733328
28.6375,782.365518,140.754456,-14.207392,795.053124
28.65,782.702726,140.703932,-14.026825,795.372809
28.6625,783.040731,140.650278,-13.848671,795.692826
28.675,783.380057,140.592723,-13.67429,796.013577
28.6875,783.721152,140.53057,-13.505016,796.335401
28.7,784.064367,140.463207,-13.342149,796.658557
28.7125,784.409943,140.390118,-13.18693,796.983212
28.725,784.758006,140.310898,-13.04053,797.309432
28.7375,785.108556,140.225256,-12.904024,797.637186
28.75,785.461481,140.133024,-12.778366,797.966345
28.7625,785.816561,140.034157,-12.664374,798.296699
28.775,786.17349,139.92873,-12.562701,798.627965
28.7875,786.531892,139.816936,-12.473821,798.959816
28.8,786.891351,139.699073,-12.39801,799.291899
28.8125,787.251435,139.575534,-12.33534,799.623857
28.825,787.611727,139.446793,-12.285669,799.95536
28.8375,787.971846,139.31339,-12.248647,800.286124
28.85,788.331474,139.175911,-12.223716,800.615929
28.8625,788.690373,139.034974,-12.210123,800.944639
28.875,789.048397,138.891215,-12.206936,801.272208
28.8875,789.405501,138.745271,-12.21306,801.598687
28.9,789.761739,138.597774,-12.22726,801.924219
28.9125,790.117257,138.449339,-12.248179,802.249037
28.925,790.472285,138.300558,-12.274363,802.573447
28.9375,790.827112,138.152004,-12.304283,802.89781
28.95,791.182075,138.004222,-12.336356,803.222527
28.9625,791.537526,137.857736,-12.368968,803.548008
28.975,791.89381,137.713048,-12.400495,803.874655
28.9875,792.251239,137.570645,-12.429324,804.202833
29,792.61007,137.430998,-12.453879,804.532847
29.0125,792.970481,137.294563,-12.472639,804.864925
29.025,793.332555,137.161786,-12.484164,805.199201
29.0375,793.69627,137.033097,-12.487119,805.535702
29.05,794.061492,136.90891,-12.480296,805.874346
29.0625,794.427978,136.789616,-12.462637,806.214939
29.075,794.795381,136.675581,-12.433255,806.557188
29.0875,795.16327,136.567132,-12.391454,806.90071
29.1,795.531148,136.464558,-12.336738,807.245055
29.1125,795.89848,136.368095,-12.268828,807.58973
29.125,796.264718,136.277925,-12.187661,807.934225
29.1375,796.629336,136.194168,-12.093388,808.278047
29.15,796.991862,136.116878,-11.986374,808.620742
29.1625,797.351899,136.046046,-11.867179,808.961931
29.175,797.709157,135.981596,-11.736545,809.301329
29.1875,798.063471,135.923393,-11.595375,809.638763
29.2,798.414811,135.871247,-11.444717,809.97419
29.2125,798.76329,135.82492,-11.285735,810.307701
29.225,799.109161,135.784134,-11.119692,810.639519
29.2375,799.452814,135.748586,-10.94793,810.969997
29.25,799.794752,135.717949,-10.771851,811.299599
29.2625,800.135578,135.691892,-10.592901,811.628882
29.275,800.475969,135.67008,-10.412557,811.958478
29.2875,800.816643,135.652191,-10.232315,812.289058
29.3,801.158331,135.637918,-10.053678,812.621309
29.3125,801.501746,135.626976,-9.878147,812.955905
29.325,801.847552,135.619111,-9.707209,813.293471
29.3375,802.196333,135.6141,-9.542319,813.634559
29.35,802.548571,135.611754,-9.384893,813.979626
29.3625,802.904622,135.611921,-9.236283,814.329009
29.375,803.264706,135.614488,-9.097759,814.682912
29.3875,803.628893,135.619377,-8.970488,815.041399
29.4,803.997105,135.626547,-8.855508,815.404393
29.4125,804.369123,135.63599,-8.753707,815.771681
29.425,804.7446,135.647731,-8.665798,816.142925
29.4375,805.123081,135.661826,-8.592302,816.517688
29.45,805.504028,135.678355,-8.533528,816.89545
29.4625,805.886849,135.697425,-8.489565,817.275643
29.475,806.27093,135.719162,-8.460277,817.657679
29.4875,806.655667,135.743714,-8.4453,818.04098
29.5,807.040495,135.77124,-8.444049,818.425007
29.5125,807.424911,135.801917,-8.455733,818.809286
29.525,807.808499,135.835927,-8.479366,819.193427
29.5375,808.190943,135.873464,-8.513789,819.577137
29.55,808.572033,135.914723,-8.557693,819.96023
29.5625,808.951666,135.959901,-8.609641,820.342623
29.575,809.329842,136.009193,-8.668089,820.724332
29.5875,809.706647,136.062786,-8.731415,821.105458
29.6,810.082236,136.120858,-8.797934,821.486166
29.6125,810.456816,136.183567,-8.865929,821.866667
29.625,810.830611,136.251053,-8.933662,822.247189
29.6375,811.203846,136.323427,-8.999402,822.627951
29.65,811.576718,136.400764,-9.061444,823.009141
29.6625,811.949368,136.483105,-9.11813,823.390888
29.675,812.321871,136.570444,-9.16787,823.773244
29.6875,812.694209,136.662729,-9.209169,824.156167
29.7,813.066273,136.759858,-9.240645,824.539515
29.7125,813.43785,136.861683,-9.261056,824.92304
29.725,813.808632,136.968003,-9.269324,825.306394
29.7375,814.178227,137.078581,-9.264552,825.689139
29.75,814.546171,137.193139,-9.246047,826.070767
29.7625,814.911955,137.311378,-9.213329,826.450721
29.775,815.275045,137.432981,-9.166144,826.828423
29.7875,815.634914,137.557632,-9.104465,827.203304
29.8,815.99107,137.685026,-9.028492,827.574835
29.8125,816.343083,137.814887,-8.938642,827.942553
29.825,816.690607,137.946977,-8.835538,828.306092
29.8375,817.033403,138.081112,-8.719988,828.665199
29.85,817.371351,138.217169,-8.592966,829.019752
29.8625,817.704459,138.355096,-8.45559,829.369768
29.875,818.032864,138.494914,-8.309097,829.715402
29.8875,818.356825,138.636719,-8.15482,830.056946
29.9,818.676715,138.78068,-7.994169,830.394814
29.9125,818.992997,138.927036,-7.828609,830.729521
29.925,819.306209,139.076079,-7.659645,831.061665
29.9375,819.616938,139.228155,-7.488804,831.391897
29.95,819.92579,139.383638,-7.317627,831.720895
29.9625,820.233364,139.542924,-7.147652,832.04933
29.975,820.540226,139.706411,-6.980403,832.377841
29.9875,820.846883,139.87448,-6.817379,832.707003
30,821.153762,140.047485,-6.660037,833.037307
30.0125,821.461188,140.22573,-6.50978,833.369136
30.025,821.769377,140.409461,-6.367931,833.70275
30.0375,822.078421,140.59885,-6.235724,834.038279
30.05,822.388296,140.793991,-6.11427,834.37572
30.0625,822.698859,140.994896,-6.004543,834.714938
30.075,823.009864,141.201491,-5.907358,835.055683
30.0875,823.320977,141.413622,-5.823343,835.397603
30.1,823.631801,141.631063,-5.752932,835.740269
30.1125,823.941893,141.853524,-5.696344,836.083198
30.125,824.250803,142.080671,-5.653579,836.425888
30.1375,824.55809,142.312132,-5.624415,836.767842
30.15,824.863357,142.547522,-5.608409,837.108599
30.1625,825.166267,142.78645,-5.60491,837.447761
30.175,825.466568,143.02854,-5.613066,837.785011
30.1875,825.764107,143.273439,-5.63185,838.120132
30.2,826.058833,143.520824,-5.660073,838.453016
30.2125,826.350808,143.770407,-5.696413,838.783665
30.225,826.640196,144.021937,-5.739432,839.112193
30.2375,826.927259,144.275194,-5.787604,839.438813
30.25,827.212343,144.529982,-5.839338,839.76382
30.2625,827.495858,144.78612,-5.892999,840.087581
30.275,827.778261,145.043427,-5.946929,840.410502
30.2875,828.060031,145.301713,-5.99947,840.733012
30.3,828.34165,145.560761,-6.048982,841.055535
30.3125,828.623574,145.820315,-6.09387,841.378468
30.325,828.906221,146.080072,-6.132599,841.702156
30.3375,829.189947,146.339673,-6.163718,842.026876
30.35,829.475032,146.598699,-6.185883,842.352819
30.3625,829.761671,146.856674,-6.197882,842.680086
30.375,830.049969,147.11307,-6.198651,843.008677
30.3875,830.33994,147.367316,-6.187298,843.3385
30.4,830.631512,147.618818,-6.163121,843.669372
30.4125,830.924537,147.866973,-6.125622,844.001037
30.425,831.218803,148.111197,-6.074515,844.333184
30.4375,831.514058,148.350941,-6.009733,844.665465
30.45,831.810024,148.585723,-5.931425,844.997523
30.4625,832.106418,148.815143,-5.839953,845.329015
30.475,832.402979,149.03891,-5.735877,845.659634
30.4875,832.699481,149.256852,-5.61994,845.989135
30.5,832.99575,149.468931,-5.493046,846.317349
30.5125,833.291679,149.675252,-5.356243,846.644195
30.525,833.587233,149.876058,-5.210696,846.969692
30.5375,833.882453,150.071731,-5.057666,847.293957
30.55,834.177452,150.262784,-4.898488,847.617202
30.5625,834.472408,150.449842,-4.734552,847.939721
30.575,834.767553,150.63363,-4.567287,848.26188
30.5875,835.063154,150.814953,-4.398145,848.584094
30.6,835.359498,150.994668,-4.228589,848.906804
30.6125,835.65687,151.17367,-4.060081,849.230456
30.625,835.955534,151.352857,-3.894074,849.555475
30.6375,836.255707,151.533113,-3.731999,849.882239
30.65,836.557551,151.715281,-3.575255,850.211059
30.6625,836.861146,151.900141,-3.425194,850.542158
30.675,837.166489,152.088389,-3.28311,850.87566
30.6875,837.473482,152.28062,-3.150218,851.211574
30.7,837.781932,152.477312,-3.027637,851.549801
30.7125,838.091559,152.678818,-2.91637,851.890126
30.725,838.402003,152.885356,-2.817284,852.232238
30.7375,838.712844,153.097014,-2.731091,852.575738
30.75,839.023623,153.313744,-2.658331,852.920166
30.7625,839.333864,153.535378,-2.599357,853.265026
30.775,839.643105,153.761633,-2.554328,853.60981
30.7875,839.950922,153.992132,-2.523203,853.954035
30.8,840.256957,154.226414,-2.505742,854.297266
30.8125,840.560943,154.463957,-2.501514,854.639146
30.825,840.862723,154.704191,-2.509903,854.979418
30.8375,841.162262,154.946518,-2.53013,855.317939
30.85,841.459663,155.190323,-2.561269,855.654697
30.8625,841.75516,155.434987,-2.602263,855.989811
30.875,842.049124,155.679891,-2.651954,856.32353
30.8875,842.342044,155.924421,-2.7091,856.656223
30.9,842.634519,156.167971,-2.772394,856.988363
30.9125,842.927233,156.409936,-2.840491,857.32051
30.925,843.220933,156.649707,-2.912021,857.653282
30.9375,843.516398,156.886668,-2.985608,857.987328
30.95,843.814418,157.120188,-3.059888,858.323301
30.9625,844.115757,157.349615,-3.133525,858.661826
30.975,844.421128,157.574273,-3.205225,859.003472
30.9875,844.731164,157.79346,-3.27375,859.348726
31,845.046398,158.006453,-3.337941,859.697967
31.0125,845.367239,158.212516,-3.396727,860.051456
31.025,845.693964,158.410905,-3.449148,860.409316
31.0375,846.026701,158.60089,-3.494365,860.771533
31.05,846.365437,158.781767,-3.531681,861.137953
31.0625,846.710016,158.952884,-3.560554,861.508299
31.075,847.060158,159.113656,-3.580606,861.882177
31.0875,847.415469,159.26359,-3.591636,862.259107
31.1,847.775472,159.402304,-3.593619,862.638545
31.1125,848.139629,159.529546,-3.586714,863.019913
31.125,848.50737,159.645203,-3.571251,863.40263
31.1375,848.878124,159.749313,-3.547735,863.786142
31.15,849.251343,159.842072,-3.516822,864.169949
31.1625,849.626528,159.923827,-3.479315,864.553626
31.175,850.003245,159.995077,-3.436142,864.936846
31.1875,850.38114,160.056463,-3.388337,865.319383
31.2,850.759945,160.108752,-3.337026,865.701121
31.2125,851.139476,160.152826,-3.283404,866.082049
31.225,851.519628,160.189666,-3.22872,866.46225
31.2375,851.900362,160.220331,-3.174257,866.841887
31.25,852.281683,160.245942,-3.121316,867.221179
31.2625,852.663628,160.267664,-3.071202,867.60038
31.275,853.046235,160.286687,-3.025207,867.979753
31.2875,853.42952,160.304205,-2.984594,868.35954
31.3,853.81346,160.321404,-2.950581,868.73994
31.3125,854.197969,160.339436,-2.924327,869.121083
31.325,854.582881,160.359408,-2.906912,869.503013
31.3375,854.967943,160.382358,-2.899325,869.885677
31.35,855.35281,160.409242,-2.902441,870.268912
31.3625,855.737047,160.440915,-2.917008,870.652451
31.375,856.120138,160.478113,-2.943635,871.035924
31.3875,856.501504,160.521446,-2.982775,871.418877
31.4,856.880525,160.571379,-3.034723,871.800787
31.4125,857.256566,160.628228,-3.099604,872.181091
31.425,857.629007,160.692157,-3.177379,872.559212
31.4375,857.997274,160.76317,-3.26785,872.934589
31.45,858.360869,160.841121,-3.370664,873.30671
31.4625,858.719401,160.925715,-3.485334,873.675136
31.475,859.072604,161.016517,-3.61125,874.039529
31.4875,859.420357,161.112966,-3.747701,874.39967
31.5,859.762697,161.214386,-3.893897,874.755472
31.5125,860.099819,161.319998,-4.048985,875.106985
31.525,860.432077,161.428938,-4.212071,875.454397
31.5375,860.759968,161.540264,-4.382235,875.798026
31.55,861.084119,161.652974,-4.558546,876.138302
31.5625,861.405265,161.766017,-4.740072,876.475751
31.575,861.724218,161.878299,-4.925886,876.810969
31.5875,862.041842,161.988699,-5.115075,877.144595
31.6,862.359019,162.096075,-5.306739,877.47728
31.6125,862.676616,162.199276,-5.499992,877.80966
31.625,862.995455,162.297156,-5.693965,878.142325
31.6375,863.316282,162.388582,-5.887804,878.475794
31.65,863.639744,162.472454,-6.080674,878.810492
31.6625,863.966363,162.547716,-6.271762,879.146729
31.675,864.296521,162.613382,-6.460284,879.484692
31.6875,864.630452,162.668548,-6.645491,879.824435
31.7,864.968235,162.712417,-6.826684,880.165883
31.7125,865.309802,162.744318,-7.003222,880.508837
31.725,865.654944,162.763722,-7.174542,880.852988
31.7375,866.003332,162.770258,-7.340169,881.197938
31.75,866.354538,162.763726,-7.499734,881.543228
31.7625,866.708061,162.744105,-7.652985,881.888358
31.775,867.063359,162.711555,-7.799797,882.232824
31.7875,867.419877,162.666413,-7.940182,882.576145
31.8,867.777078,162.60919,-8.074291,882.91789
31.8125,868.134468,162.540558,-8.202417,883.257701
31.825,868.49162,162.461337,-8.324985,883.595317
31.8375,868.848188,162.372477,-8.442549,883.930581
31.85,869.203922,162.275045,-8.555779,884.26345
31.8625,869.558666,162.170202,-8.665447,884.593996
31.875,869.91236,162.05919,-8.772407,884.922398
31.8875,870.265031,161.943312,-8.87758,885.248932
31.9,870.616774,161.823924,-8.981932,885.573952
31.9125,870.967741,161.702413,-9.086453,885.897872
31.925,871.318112,161.580192,-9.192134,886.221139
31.9375,871.66808,161.458682,-9.299949,886.54421
31.95,872.017822,161.339302,-9.410831,886.86753
31.9625,872.36748,161.223457,-9.52565,887.191502
31.975,872.717142,161.11252,-9.645197,887.51647
31.9875,873.066829,161.007818,-9.770166,887.8427
32,873.41648,160.910611,-9.901137,888.170369
32.0125,873.765955,160.822077,-10.038561,888.499554
32.025,874.11503,160.743285,-10.182759,888.83023
32.0375,874.463409,160.675176,-10.333908,889.162277
32.05,874.810737,160.618545,-10.492044,889.495489
32.0625,875.156619,160.574018,-10.657069,889.829588
32.075,875.500642,160.542038,-10.828753,890.164245
32.0875,875.842401,160.522857,-11.006749,890.4991
32.1,876.181523,160.516521,-11.190613,890.833792
32.1125,876.517698,160.522876,-11.379816,891.16798
32.125,876.850693,160.541567,-11.573767,891.501365
32.1375,877.18038,160.572047,-11.771836,891.833716
32.15,877.506746,160.613589,-11.97337,892.164881
32.1625,877.8299,160.665303,-12.17771,892.494801
32.175,878.150079,160.726152,-12.384212,892.823513
32.1875,878.46764,160.794975,-12.592251,893.151153
32.2,878.783053,160.870503,-12.801234,893.477948
32.2125,879.096883,160.95138,-13.010602,893.804202
32.225,879.40977,161.036183,-13.21983,894.130281
32.2375,879.722406,161.123441,-13.428424,894.456593
32.25,880.035508,161.211647,-13.635919,894.783565
32.2625,880.349787,161.299285,-13.841866,895.111616
32.275,880.665927,161.384836,-14.045834,895.441134
32.2875,880.984547,161.466804,-14.247394,895.772454
32.3,881.306189,161.543731,-14.446119,896.105834
32.3125,881.631286,161.614217,-14.641578,896.44144
32.325,881.960152,161.676943,-14.833337,896.779333
32.3375,882.292968,161.730689,-15.020958,897.11946
32.35,882.629778,161.774361,-15.204006,897.461659
32.3625,882.970492,161.80701,-15.382052,897.805662
32.375,883.314896,161.827853,-15.554688,898.151105
32.3875,883.662662,161.836292,-15.721533,898.497553
32.4,884.013376,161.831929,-15.882249,898.844518
32.4125,884.366561,161.814572,-16.036549,899.191493
32.425,884.721703,161.784244,-16.184209,899.537971
32.4375,885.078286,161.741184,-16.32508,899.883487
32.45,885.435818,161.685836,-16.459089,900.227637
32.4625,885.793861,161.618841,-16.586247,900.570107
32.475,886.152055,161.541023,-16.706648,900.910694
32.4875,886.510132,161.45337,-16.820465,901.249318
32.5,886.867933,161.357016,-16.927946,901.586032
32.5125,887.225413,161.253215,-17.029405,901.921024
32.525,887.582636,161.143327,-17.12521,902.25461
32.5375,887.939771,161.028794,-17.21577,902.587221
32.55,888.297072,160.911121,-17.301525,902.919387
32.5625,888.654864,160.791859,-17.382929,903.251712
32.575,889.013519,160.67259,-17.460438,903.584852
32.5875,889.373424,160.554907,-17.534496,903.919479
32.6,889.734961,160.440404,-17.605522,904.256257
32.6125,890.098476,160.330652,-17.673901,904.595811
32.625,890.464252,160.22719,-17.739974,904.938695
32.6375,890.832491,160.131497,-17.80403,905.285373
32.65,891.203294,160.044978,-17.8663,905.636191
32.6625,891.576651,159.968938,-17.926955,905.991369
32.675,891.952431,159.904561,-17.986102,906.350985
32.6875,892.330392,159.852883,-18.043787,906.714978
32.7,892.71018,159.814775,-18.099993,907.083148
32.7125,893.091353,159.790917,-18.154648,907.455174
32.725,893.473397,159.781785,-18.207631,907.830628
32.7375,893.855756,159.787636,-18.258775,908.208998
32.75,894.237857,159.808503,-18.307877,908.589721
32.7625,894.619147,159.844191,-18.354708,908.97221
32.775,894.999117,159.894284,-18.399016,909.355885
32.7875,895.377333,159.958154,-18.440542,909.740201
32.8,895.753459,160.034977,-18.479021,910.124677
32.8125,896.127274,160.123748,-18.514189,910.508913
32.825,896.498685,160.223307,-18.545793,910.89261
32.8375,896.867729,160.332359,-18.573594,911.275572
32.85,897.234573,160.449497,-18.597366,911.657711
32.8625,897.599501,160.573225,-18.616906,912.039042
32.875,897.962899,160.701977,-18.632029,912.419665
32.8875,898.325234,160.834137,-18.642577,912.799754
32.9,898.687029,160.96806,-18.648413,913.179531
32.9125,899.048834,161.102081,-18.649425,913.559241
32.925,899.411193,161.234539,-18.64553,913.939126
32.9375,899.774622,161.363785,-18.63667,914.319401
32.95,900.139573,161.488207,-18.622818,914.700225
32.9625,900.506416,161.606241,-18.603977,915.081685
32.975,900.875413,161.716393,-18.580179,915.463776
32.9875,901.246706,161.817263,-18.551492,915.84639
33,901.62031,161.90756,-18.518012,916.229316
33.0125,901.996107,161.986136,-18.479868,916.612236
33.025,902.373856,162.051997,-18.437217,916.994742
33.0375,902.753202,162.104334,-18.390239,917.376346
33.05,903.133698,162.142536,-18.339135,917.756505
33.0625,903.514829,162.166207,-18.284118,918.134649
33.075,903.896039,162.175175,-18.225407,918.510208
33.0875,904.27676,162.169497,-18.163217,918.88264
33.1,904.656446,162.149456,-18.097749,919.251467
33.1125,905.0346,162.115556,-18.029186,919.616297
33.125,905.410799,162.068507,-17.957677,919.976845
33.1375,905.784713,162.00921,-17.883336,920.332953
33.15,906.156122,161.938732,-17.806231,920.6846
33.1625,906.52492,161.858292,-17.726383,921.031901
33.175,906.89112,161.76923,-17.643759,921.375107
33.1875,907.25484,161.672986,-17.558276,921.714593
33.2,907.616297,161.57108,-17.469803,922.05084
33.2125,907.975786,161.465088,-17.378158,922.384412
33.225,908.333654,161.356623,-17.283126,922.715933
33.2375,908.690281,161.247317,-17.184455,923.04606
33.25,909.046045,161.138805,-17.081875,923.375447
33.2625,909.401301,161.032705,-16.975104,923.704722
33.275,909.756356,160.930602,-16.863863,924.034456
33.2875,910.11144,160.834028,-16.747884,924.365138
33.3,910.466693,160.744448,-16.626927,924.697156
33.3125,910.822152,160.66323,-16.500789,925.030779
33.325,911.177742,160.591635,-16.369313,925.366146
33.3375,911.533276,160.530783,-16.232396,925.703266
33.35,911.888467,160.481643,-16.089998,926.042019
33.3625,912.242933,160.445003,-15.942139,926.382167
33.375,912.596224,160.421459,-15.788904,926.723368
33.3875,912.947843,160.411401,-15.630437,927.065204
33.4,913.297276,160.414998,-15.466935,927.407199
33.4125,913.64402,160.432203,-15.298644,927.748853
33.425,913.987613,160.462747,-15.125841,928.089673
33.4375,914.327665,160.506151,-14.948832,928.429196
33.45,914.663878,160.561735,-14.767934,928.767018
33.4625,914.99607,160.62864,-14.583469,929.102818
33.475,915.324187,160.705839,-14.395754,929.436373
33.4875,915.648309,160.79217,-14.205094,929.767569
33.5,915.968653,160.886347,-14.011777,930.096404
33.5125,916.285567,160.986993,-13.816076,930.422988
33.525,916.599516,161.092654,-13.618247,930.747534
33.5375,916.911066,161.201824,-13.418535,931.070345
33.55,917.220859,161.312963,-13.217183,931.391792
33.562501,917.529594,161.424513,-13.014436,931.712297
33.575001,917.837994,161.534917,-12.810555,932.032307
33.587501,918.146779,161.642631,-12.605822,932.35227
33.600001,918.456641,161.746146,-12.400555,932.672607
33.612501,918.768217,161.844001,-12.195107,932.993696
33.625001,919.082061,161.934802,-11.989879,933.315848
33.637501,919.398632,162.017242,-11.785316,933.63929
33.650001,919.718274,162.09012,-11.581906,933.964159
33.662501,920.041208,162.152361,-11.380176,934.290491
33.675001,920.367531,162.20304,-11.18068,934.618225
33.687501,920.697217,162.241396,-10.983987,934.947209
33.700001,921.030125,162.266855,-10.790661,935.277211
33.712501,921.366018,162.27904,-10.601248,935.607937
33.725001,921.704579,162.277779,-10.416249,935.939051
33.737501,922.045436,162.263115,-10.236107,936.270197
33.750001,922.388187,162.235299,-10.061183,936.601029
33.762501,922.732426,162.19479,-9.891742,936.931228
33.775001,923.077766,162.142237,-9.727938,937.260529
33.787501,923.423863,162.078469,-9.569808,937.588738
33.800001,923.770432,162.004473,-9.417259,937.915746
33.812501,924.117262,161.921377,-9.270076,938.241536
33.825001,924.464219,161.830421,-9.127919,938.566192
33.837501,924.811251,161.732943,-8.990334,938.889888
33.850001,925.15838,161.630354,-8.856762,939.212884
33.862501,925.505692,161.524119,-8.726554,939.535513
33.875001,925.853322,161.415737,-8.598986,939.858158
33.887501,926.201434,161.306728,-8.473281,940.181235
33.900001,926.550202,161.198615,-8.348624,940.505168
33.912501,926.899784,161.09291,-8.224184,940.830363
33.925001,927.250301,160.991097,-8.099136,941.157187
33.937501,927.60182,160.894624,-7.97268,941.485943
33.950001,927.954331,160.804876,-7.84406,941.81685
33.962501,928.30774,160.723167,-7.712583,942.15003
33.975001,928.661856,160.650719,-7.577636,942.4855
33.987501,929.016397,160.588639,-7.438703,942.823161
34.000001,929.37099,160.537907,-7.295371,943.162806
34.012501,929.725184,160.499352,-7.147343,943.504131
34.025001,930.07847,160.473638,-6.994443,943.846741
34.037501,930.430302,160.46125,-6.836613,944.190182
34.050001,930.780127,160.462485,-6.673918,944.533957
34.062501,931.127413,160.477444,-6.506531,944.87756
34.075001,931.471677,160.506037,-6.334734,945.220504
34.087501,931.812517,160.547984,-6.158897,945.562348
34.100001,932.149638,160.602824,-5.979472,945.902727
34.112501,932.482872,160.669937,-5.796976,946.241375
34.125001,932.812192,160.74855,-5.61198,946.57814
34.137501,933.137723,160.837769,-5.425094,946.913001
34.150001,933.459747,160.936591,-5.236959,947.246067
34.162501,933.77869,161.04393,-5.04824,947.577582
34.175001,934.095118,161.158634,-4.859616,947.907913
34.187501,934.409716,161.279508,-4.671781,948.237535
34.200001,934.723265,161.405325,-4.485442,948.567014
34.212501,935.036615,161.534846,-4.301317,948.89698
34.225001,935.350656,161.666828,-4.120142,949.228102
34.237501,935.666286,161.80004,-3.942665,949.561054
34.250001,935.984376,161.933268,-3.769653,949.896493
34.262501,936.305744,162.065331,-3.601888,950.235019
34.275001,936.631121,162.195086,-3.440162,950.57716
34.287501,936.961125,162.321446,-3.285276,950.923338
34.300001,937.296244,162.443387,-3.138022,951.273856
34.312501,937.636813,162.559965,-2.99918,951.628883
34.325001,937.983012,162.670334,-2.869496,951.988447
34.337501,938.334859,162.773754,-2.749665,952.352437
34.350001,938.692215,162.869616,-2.640316,952.720609
34.362501,939.054798,162.95745,-2.54199,953.092601
34.375001,939.422199,163.03694,-2.455124,953.467954
34.387501,939.79391,163.107934,-2.380032,953.846138
34.400001,940.169348,163.170452,-2.316897,954.226581
34.412501,940.547888,163.224686,-2.265758,954.608695
34.425001,940.928893,163.270999,-2.226506,954.991915
34.437501,941.311742,163.309923,-2.198885,955.375718
34.450001,941.69586,163.342145,-2.182495,955.759652
34.462501,942.080736,163.368494,-2.176798,956.143355
34.475001,942.465936,163.38993,-2.181131,956.526564
34.487501,942.851119,163.407524,-2.194717,956.909122
34.500001,943.23603,163.422437,-2.216679,957.290977
34.512501,943.620502,163.435905,-2.246055,957.672174
34.525001,944.00444,163.449214,-2.281815,958.052836
34.537501,944.387807,163.463685,-2.322872,958.433149
34.550001,944.770602,163.480651,-2.3681,958.81334
34.562501,945.152839,163.501436,-2.416346,959.193644
34.575001,945.534524,163.527339,-2.466445,959.574285
34.587501,945.91563,163.55961,-2.517233,959.955448
34.600001,946.296081,163.599432,-2.567559,960.337253
34.612501,946.675731,163.6479,-2.616307,960.719741
34.625001,947.054357,163.706002,-2.662403,961.102855
34.637501,947.431648,163.774601,-2.704838,961.486435
34.650001,947.807216,163.854419,-2.742681,961.870215
34.662501,948.180592,163.946022,-2.775098,962.25383
34.675001,948.55125,164.049813,-2.801367,962.636828
34.687501,948.918623,164.166022,-2.820897,963.018688
34.700001,949.282129,164.294707,-2.833235,963.398847
34.712501,949.641194,164.43576,-2.838083,963.776723
34.725001,949.995291,164.588915,-2.835301,964.151753
34.737501,950.343956,164.753758,-2.824914,964.523414
34.750001,950.686825,164.929753,-2.807108,964.891259
34.762501,951.023647,165.116255,-2.78223,965.254938
34.775001,951.35431,165.312537,-2.750781,965.614221
34.787501,951.678841,165.517811,-2.713402,965.969009
34.800001,951.997421,165.731248,-2.670865,966.319341
34.812501,952.310371,165.951999,-2.624059,966.665399
34.825001,952.61815,166.17921,-2.573975,967.007495
34.837501,952.921337,166.412034,-2.521689,967.34606
34.850001,953.22061,166.649637,-2.468351,967.681624
34.862501,953.51672,166.891206,-2.415166,968.014795
34.875001,953.810465,167.135947,-2.363378,968.346226
34.887501,954.102661,167.383079,-2.314259,968.676592
34.900001,954.394112,167.631838,-2.269089,969.006555
34.912501,954.685581,167.881467,-2.229143,969.336739
34.925001,954.977761,168.131213,-2.195667,969.667701
34.937501,955.271255,168.380325,-2.169865,969.999904
34.950001,955.566554,168.628053,-2.152878,970.333702
34.962501,955.864021,168.873654,-2.145759,970.669327
34.975001,956.163885,169.116395,-2.149456,971.006875
34.987501,956.466236,169.355565,-2.164789,971.34631
35.000001,956.771026,169.590491,-2.192435,971.687469
35.012501,957.078087,169.820548,-2.232905,972.030076
35.025001,957.387135,170.045186,-2.286538,972.373755
35.037501,957.697802,170.263939,-2.353487,972.718062
35.050001,958.009654,170.476449,-2.433719,973.062505
35.062501,958.322217,170.682482,-2.527016,973.406578
35.075001,958.63501,170.881939,-2.632978,973.749789
35.087501,958.947568,171.074867,-2.751041,974.091687
35.100001,959.259466,171.261462,-2.880483,974.43189
35.112501,959.570344,171.442073,-3.020449,974.770102
35.125001,959.879918,171.617193,-3.169965,975.106131
35.137501,960.187992,171.787453,-3.327959,975.439892
35.150001,960.494463,171.953606,-3.493277,975.771418
35.162501,960.799322,172.116513,-3.664702,976.100846
35.175001,961.10264,172.277117,-3.840969,976.428411
35.187501,961.404562,172.436427,-4.020772,976.754432
35.200001,961.705292,172.595489,-4.202783,977.079288
35.212501,962.005068,172.755365,-4.385651,977.403398
35.225001,962.30415,172.917101,-4.568018,977.727195
35.237501,962.602793,173.08171,-4.748523,978.051105
35.250001,962.901229,173.250139,-4.925813,978.375517
35.262501,963.199653,173.423252,-5.09855,978.700767
35.275001,963.498201,173.601806,-5.265429,979.027116
35.287501,963.796945,173.786432,-5.425191,979.354741
35.300001,964.095886,173.977623,-5.57664,979.683719
35.312501,964.39495,174.175723,-5.718669,980.014033
35.325001,964.693993,174.380919,-5.850276,980.345567
35.337501,964.992813,174.593246,-5.97059,980.678122
35.350001,965.29116,174.812587,-6.078893,981.011426
35.362501,965.588754,175.038685,-6.174637,981.345153
35.375001,965.885307,175.271161,-6.257467,981.678951
35.387501,966.180541,175.509532,-6.327228,982.012458
35.400001,966.474212,175.753229,-6.383973,982.345334
35.412501,966.766126,176.001629,-6.427968,982.677279
35.425001,967.056162,176.25407,-6.459687,983.00806
35.437501,967.34428,176.509882,-6.479803,983.337522
35.450001,967.630529,176.768399,-6.489172,983.665602
35.462501,967.915056,177.028982,-6.488825,983.992338
35.475001,968.1981,177.291029,-6.479937,984.317866
35.487501,968.479986,177.553982,-6.463816,984.642413
35.500001,968.761113,177.817328,-6.441874,984.966291
35.512501,969.04194,178.080601,-6.415609,985.289877
35.525001,969.322962,178.343375,-6.38658,985.613592
35.537501,969.604697,178.605255,-6.356387,985.937883
35.550001,969.887654,178.865864,-6.326646,986.263193
35.562501,970.172316,179.124839,-6.298974,986.589939
35.575001,970.459114,179.381812,-6.274956,986.918487
35.587501,970.748408,179.636405,-6.256134,987.249132
35.600001,971.040472,179.888222,-6.243975,987.582077
35.612501,971.335479,180.136844,-6.239852,987.917421
35.625001,971.633491,180.381833,-6.245019,988.255152
35.637501,971.93446,180.622727,-6.260588,988.595144
35.650001,972.238229,180.859058,-6.287508,988.93716
35.662501,972.544545,181.090356,-6.326546,989.280867
35.675001,972.853068,181.316162,-6.378268,989.625851
35.687501,973.163397,181.53605,-6.443034,989.971639
35.700001,973.475091,181.749637,-6.520986,990.31773
35.712501,973.787696,181.956602,-6.612049,990.663616
35.725001,974.100773,182.156702,-6.715937,991.008821
35.737501,974.413926,182.349777,-6.832161,991.352923
35.750001,974.726823,182.53577,-6.960047,991.695582
35.762501,975.039221,182.714718,-7.09875,992.036564
35.775001,975.350983,182.886766,-7.247276,992.375752
35.787501,975.662084,183.052154,-7.404506,992.713161
35.800001,975.972619,183.211212,-7.569215,993.048938
35.812501,976.282798,183.364349,-7.740093,993.383358
35.825001,976.592943,183.512043,-7.915764,993.716814
35.837501,976.903468,183.654817,-8.094802,994.049799
35.850001,977.214865,183.793227,-8.275745,994.382889
35.862501,977.527677,183.927845,-8.457108,994.71671
35.875001,977.842477,184.059235,-8.637395,995.051916
35.887501,978.159838,184.187942,-8.815107,995.389156
35.900001,978.480306,184.314471,-8.988756,995.729046
35.912501,978.804377,184.439276,-9.156877,996.072138
35.925001,979.132468,184.562743,-9.318039,996.418898
35.937501,979.464898,184.685185,-9.470869,996.769683
35.950001,979.801875,184.806831,-9.614063,997.124721
35.962501,980.143485,184.927827,-9.746416,997.484108
35.975001,980.489686,185.048227,-9.866837,997.847797
35.987501,980.840313,185.168004,-9.974379,998.215606
36.000001,981.195086,185.287049,-10.06826,998.58723
36.012501,981.553629,185.405183,-10.147883,998.962255
36.025001,981.915487,185.522166,-10.212854,999.340183
36.037501,982.280157,185.637708,-10.262998,999.720458
36.050001,982.647107,185.751485,-10.298363,1000.102499
36.062501,983.015814,185.863151,-10.319224,1000.485726
36.075001,983.385787,185.972349,-10.326081,1000.869596
36.087501,983.756589,186.078729,-10.319644,1001.253622
36.100001,984.127864,186.181953,-10.300826,1001.637399
36.112501,984.499346,186.281709,-10.270719,1002.020621
36.125001,984.870871,186.377711,-10.230575,1002.403087
36.137501,985.242376,186.469709,-10.181783,1002.784703
36.150001,985.613897,186.557489,-10.125846,1003.165482
36.162501,985.985556,186.640874,-10.064358,1003.545526
36.175001,986.357542,186.71972,-9.99898,1003.925014
36.187501,986.730094,186.793917,-9.931419,1004.304177
36.200001,987.103475,186.863384,-9.863405,1004.683275
36.212501,987.477945,186.928067,-9.796673,1005.06257
36.225001,987.853735,186.987935,-9.732939,1005.4423
36.237501,988.231022,187.042975,-9.673883,1005.822654
36.250001,988.609909,187.093193,-9.621123,1006.203747
36.262501,988.990405,187.138609,-9.576191,1006.585607
36.275001,989.372415,187.17926,-9.540518,1006.968159
36.287501,989.755733,187.215194,-9.515401,1007.351221
36.300001,990.140044,187.246471,-9.501985,1007.734506
36.312501,990.524931,187.273164,-9.501239,1008.117627
36.325001,990.909893,187.29536,-9.513937,1008.500115
36.337501,991.294365,187.313154,-9.540645,1008.88144
36.350001,991.677745,187.326649,-9.581705,1009.261032
36.362501,992.059423,187.335958,-9.637232,1009.638319
36.375001,992.438813,187.341195,-9.707114,1010.012747
36.387501,992.815387,187.342477,-9.791018,1010.383819
36.400001,993.188698,187.339914,-9.888398,1010.751114
36.412501,993.558409,187.333611,-9.998517,1011.114318
36.425001,993.924311,187.323658,-10.120462,1011.473239
36.437501,994.286337,187.310127,-10.253168,1011.827817
36.450001,994.644563,187.293069,-10.39544,1012.178129
36.462501,994.999211,187.27251,-10.545979,1012.524391
36.475001,995.350639,187.248448,-10.703401,1012.86694
36.487501,995.699322,187.220849,-10.866259,1013.206228
36.500001,996.045833,187.189654,-11.033058,1013.542794
36.512501,996.390817,187.154773,-11.202276,1013.877241
36.525001,996.734963,187.116089,-11.372372,1014.210209
36.537501,997.078971,187.073465,-11.541805,1014.542345
36.550001,997.423523,187.026749,-11.709038,1014.874273
36.562501,997.769249,186.975776,-11.872559,1015.206566
36.575001,998.116704,186.920381,-12.030889,1015.539721
36.587501,998.466341,186.860404,-12.182602,1015.874136
36.600001,998.818493,186.795696,-12.326338,1016.210093
36.612501,999.17336,186.726133,-12.460826,1016.547748
36.625001,999.531,186.651617,-12.584904,1016.887126
36.637501,999.891334,186.572086,-12.697542,1017.228121
36.650001,1000.254148,186.487516,-12.797863,1017.570509
36.662501,1000.619116,186.397926,-12.885168,1017.91396
36.675001,1000.985813,186.303378,-12.958947,1018.258062
36.687501,1001.353745,186.203977,-13.018902,1018.602344
36.700001,1001.722377,186.099866,-13.064952,1018.946306
36.712501,1002.091165,185.991225,-13.097238,1019.289447
36.725001,1002.459586,185.878262,-13.116123,1019.631298
36.737501,1002.827166,185.761211,-13.122186,1019.971443
36.750001,1003.193506,185.640322,-13.116205,1020.309548
36.762501,1003.5583,185.515858,-13.09915,1020.645375
36.775001,1003.921349,185.388089,-13.072153,1020.978795
36.787501,1004.28257,185.257289,-13.036492,1021.309793
36.800001,1004.641991,185.123734,-12.993568,1021.638468
36.812501,1004.999747,184.987703,-12.944878,1021.965025
36.825001,1005.356066,184.84948,-12.891994,1022.28976
36.837501,1005.711251,184.709354,-12.836541,1022.613046
36.850001,1006.065657,184.567629,-12.780173,1022.93531
36.862501,1006.419666,184.424624,-12.724553,1023.257006
36.875001,1006.773664,184.28068,-12.671334,1023.578596
36.887501,1007.128009,184.136169,-12.622133,1023.90052
36.900001,1007.483015,183.991488,-12.578516,1024.223175
36.912501,1007.838922,183.847071,-12.541973,1024.546895
36.925001,1008.195888,183.70338,-12.513894,1024.871933
36.937501,1008.553971,183.560907,-12.495551,1025.198448
36.950001,1008.913125,183.420166,-12.488073,1025.526501
36.962501,1009.273205,183.281684,-12.492424,1025.856052
36.975001,1009.63397,183.145988,-12.509388,1026.186967
36.987501,1009.995098,183.013594,-12.539548,1026.519027
37.000001,1010.356205,182.884988,-12.583277,1026.851946
37.012501,1010.716871,182.760616,-12.640732,1027.18539
37.025001,1011.076664,182.640861,-12.711849,1027.519001
37.037501,1011.435168,182.526036,-12.796352,1027.852421
37.050001,1011.792009,182.416364,-12.893756,1028.185319
37.062501,1012.146884,182.311974,-13.003388,1028.517408
37.075001,1012.499577,182.212892,-13.124404,1028.848474
37.087501,1012.849979,182.119035,-13.255805,1029.17838
37.100001,1013.198093,182.030216,-13.396467,1029.507087
37.112501,1013.544046,181.946143,-13.545159,1029.834648
37.125001,1013.888075,181.866426,-13.700566,1030.161216
37.137501,1014.230528,181.790586,-13.86131,1030.487029
37.150001,1014.57184,181.718068,-14.025969,1030.812399
37.162501,1014.912519,181.648248,-14.193089,1031.137698
37.175001,1015.25312,181.580454,-14.361202,1031.463331
37.187501,1015.594217,181.513976,-14.528834,1031.789719
37.200001,1015.936377,181.44808,-14.694518,1032.117268
37.212501,1016.28013,181.382031,-14.856803,1032.446351
37.225001,1016.625946,181.315101,-15.014269,1032.777279
37.237501,1016.97421,181.24659,-15.165534,1033.110286
37.250001,1017.3252,181.175838,-15.309272,1033.445509
37.262501,1017.679076,181.102243,-15.44423,1033.782979
37.275001,1018.035872,181.025271,-15.569243,1034.122617
37.287501,1018.395492,180.944473,-15.683257,1034.464231
37.300001,1018.757718,180.85949,-15.785347,1034.807528
37.312501,1019.122222,180.770065,-15.874739,1035.152128
37.325001,1019.488584,180.676046,-15.950824,1035.497579
37.337501,1019.856318,180.577389,-16.013178,1035.843388
37.350001,1020.224897,180.474157,-16.061569,1036.189044
37.362501,1020.593788,180.366521,-16.095964,1036.534053
37.375001,1020.96248,180.254748,-16.116534,1036.877959
37.387501,1021.330514,180.139198,-16.123643,1037.220382
37.400001,1021.69751,180.020312,-16.117845,1037.561034
37.412501,1022.063187,179.898608,-16.099864,1037.899741
37.425001,1022.427381,179.774663,-16.070582,1038.236457
37.437501,1022.790051,179.649112,-16.031015,1038.571271
37.450001,1023.151285,179.522632,-15.982292,1038.904404
37.462501,1023.511289,179.395943,-15.925636,1039.236204
37.475001,1023.870377,179.269796,-15.862337,1039.567132
37.487501,1024.228954,179.14497,-15.793738,1039.897742
37.500001,1024.587494,179.022272,-15.72121,1040.228659
37.512501,1024.946508,178.902528,-15.646136,1040.560551
37.525001,1025.306521,178.786582,-15.569895,1040.894099
37.537501,1025.66804,178.675294,-15.493845,1041.229969
37.550001,1026.031525,178.56953,-15.419308,1041.56878
37.562501,1026.397364,178.470155,-15.347553,1041.911077
37.575001,1026.765846,178.378027,-15.279779,1042.257307
37.587501,1027.137148,178.293979,-15.217103,1042.6078
37.600001,1027.511322,178.21881,-15.160539,1042.962752
37.612501,1027.888285,178.153265,-15.11098,1043.32222
37.625001,1028.267829,178.098021,-15.069188,1043.686118
37.637501,1028.649622,178.053667,-15.035773,1044.054226
37.650001,1029.033232,178.020691,-15.011182,1044.426204
37.662501,1029.418145,177.999463,-14.99569,1044.801606
37.675001,1029.803791,177.990227,-14.989392,1045.179913
37.687501,1030.189579,177.993086,-14.992202,1045.560554
37.700001,1030.574923,178.008006,-15.003854,1045.942942
37.712501,1030.959279,178.034809,-15.023908,1046.326501
37.725001,1031.342167,178.073181,-15.05176,1046.710695
37.737501,1031.7232,178.122677,-15.086658,1047.095056
37.750001,1032.102097,178.182731,-15.127712,1047.479199
37.762501,1032.478701,178.252671,-15.173918,1047.86284
37.775001,1032.852979,178.331728,-15.224176,1048.2458
37.787501,1033.225018,178.419051,-15.277303,1048.628005
37.800001,1033.595021,178.513724,-15.332059,1049.00948
37.812501,1033.963284,178.61477,-15.387159,1049.390334
37.825001,1034.33018,178.721172,-15.441296,1049.770742
37.837501,1034.696132,178.831875,-15.493149,1050.150924
37.850001,1035.061587,178.945799,-15.541408,1050.531115
37.862501,1035.426985,179.061849,-15.584784,1050.911544
37.875001,1035.792732,179.178921,-15.622025,1051.292403
37.887501,1036.159174,179.295912,-15.651936,1051.673829
37.900001,1036.526578,179.411733,-15.67339,1052.055879
37.912501,1036.895106,179.52532,-15.68535,1052.438517
37.925001,1037.26481,179.635649,-15.686886,1052.821605
37.937501,1037.635624,179.741749,-15.677186,1053.204898
37.950001,1038.007362,179.842725,-15.655578,1053.588053
37.962501,1038.37973,179.937771,-15.621541,1053.970634
37.975001,1038.75234,180.026191,-15.574711,1054.352135
37.987501,1039.124728,180.107415,-15.514894,1054.732001
38.000001,1039.496381,180.18102,-15.442062,1055.109654
38.012501,1039.866764,180.246733,-15.356352,1055.484528
38.025001,1040.23535,180.304453,-15.258061,1055.856092
38.037501,1040.601649,180.354247,-15.147627,1056.223886
38.050001,1040.965232,180.396357,-15.025621,1056.587539
38.062501,1041.325755,180.431196,-14.892722,1056.9468
38.075001,1041.682977,180.459342,-14.7497,1057.301543
38.087501,1042.036768,180.481528,-14.597396,1057.651782
38.100001,1042.387116,180.498628,-14.4367,1057.997671
38.112501,1042.73412,180.511642,-14.268535,1058.339496
38.125001,1043.077987,180.52168,-14.093841,1058.677666
38.137501,1043.41901,180.529945,-13.913566,1059.012691
38.150001,1043.757553,180.537711,-13.728651,1059.345161
38.162501,1044.094026,180.546304,-13.54003,1059.675722
38.175001,1044.428859,180.557085,-13.348623,1060.005042
38.187501,1044.762476,180.571424,-13.155336,1060.333784
38.200001,1045.095267,180.590684,-12.96106,1060.662577
38.212501,1045.427569,180.616194,-12.766668,1060.991988
38.225001,1045.759637,180.649228,-12.573017,1061.322497
38.237501,1046.091637,180.690982,-12.380943,1061.654478
38.250001,1046.423625,180.742552,-12.191253,1061.988182
38.262501,1046.755549,180.804907,-12.004723,1062.32373
38.275001,1047.087249,180.878876,-11.822082,1062.661111
38.287501,1047.418461,180.965122,-11.644002,1063.000183
38.300001,1047.748835,181.064132,-11.471084,1063.340691
38.312501,1048.077954,181.176205,-11.303842,1063.682279
38.325001,1048.405357,181.301449,-11.14269,1064.024515
38.337501,1048.730567,181.439779,-10.987925,1064.366916
38.350001,1049.05312,181.590923,-10.83972,1064.70898
38.362501,1049.37259,181.754433,-10.698109,1065.050213
38.375001,1049.688621,181.929702,-10.56299,1065.39016
38.387501,1050.000943,182.115981,-10.434114,1065.728427
38.400001,1050.309396,182.312396,-10.311097,1066.064705
38.412501,1050.613939,182.517977,-10.193421,1066.398784
38.425001,1050.914658,182.731669,-10.080446,1066.730564
38.437501,1051.211764,182.952358,-9.971425,1067.060058
38.450001,1051.50559,183.178883,-9.865517,1067.387388
38.462501,1051.796574,183.41005,-9.76181,1067.712776
38.475001,1052.085247,183.644642,-9.659338,1068.036527
38.487501,1052.372211,183.881425,-9.557102,1068.359016
38.500001,1052.658115,184.119154,-9.454093,1068.680658
38.512501,1052.943628,184.356577,-9.349312,1069.00189
38.525001,1053.229419,184.592435,-9.241794,1069.323145
38.537501,1053.516125,184.825472,-9.130626,1069.644824
38.550001,1053.804331,185.054435,-9.014968,1069.967281
38.562501,1054.094548,185.278085,-8.894074,1070.290797
38.575001,1054.387198,185.495215,-8.767305,1070.615572
38.587501,1054.682596,185.704654,-8.634143,1070.94171
38.600001,1054.980949,185.905298,-8.494207,1071.269217
38.612501,1055.28235,186.096126,-8.347251,1071.598004
38.625001,1055.586781,186.276222,-8.193176,1071.927894
38.637501,1055.894124,186.444804,-8.032022,1072.258635
38.650001,1056.204176,186.601245,-7.863963,1072.589917
38.662501,1056.516665,186.745095,-7.689299,1072.921395
38.675001,1056.831272,186.876096,-7.508436,1073.252715
38.687501,1057.147654,186.994199,-7.321875,1073.583533
38.700001,1057.465467,187.099568,-7.130188,1073.913545
38.712501,1057.784388,187.192582,-6.933996,1074.242503
38.725001,1058.104134,187.273832,-6.733956,1074.570236
38.737501,1058.424475,187.344111,-6.530733,1074.896663
38.750001,1058.745248,187.4044,-6.324992,1075.221798
38.762501,1059.066357,187.455845,-6.117378,1075.545752
38.775001,1059.387778,187.499744,-5.908513,1075.868732
38.787501,1059.709548,187.537516,-5.698984,1076.191026
38.800001,1060.031757,187.570681,-5.489348,1076.512991
38.812501,1060.354532,187.600834,-5.280126,1076.835032
38.825001,1060.678019,187.629616,-5.071813,1077.157582
38.837501,1061.002365,187.658693,-4.864881,1077.481077
38.850001,1061.327695,187.689727,-4.659786,1077.80593
38.862501,1061.654091,187.724351,-4.456976,1078.132508
38.875001,1061.981578,187.764142,-4.256896,1078.46111
38.887501,1062.310109,187.810595,-4.059992,1078.79195
38.900001,1062.639551,187.865101,-3.866713,1079.125137
38.912501,1062.969684,187.928914,-3.677511,1079.460675
38.925001,1063.300201,188.003137,-3.492836,1079.798452
38.937501,1063.630715,188.088695,-3.313132,1080.138246
38.950001,1063.960773,188.186318,-3.138824,1080.47974
38.962501,1064.289874,188.29653,-2.970313,1080.822531
38.975001,1064.617494,188.41964,-2.807959,1081.166155
38.987501,1064.943109,188.555739,-2.652072,1081.510114
39.000001,1065.26623,188.704702,-2.5029,1081.853904
39.012501,1065.586423,188.866201,-2.360619,1082.197043
39.025001,1065.903346,189.039714,-2.225326,1082.539102
39.037501,1066.216762,189.224548,-2.097035,1082.87973
39.050001,1066.526567,189.419857,-1.975673,1083.218678
39.062501,1066.8328,189.624667,-1.861086,1083.555813
39.075001,1067.135646,189.837898,-1.75304,1083.891133
39.087501,1067.435445,190.058387,-1.651231,1084.224768
39.100001,1067.732678,190.284906,-1.555297,1084.556977
39.112501,1068.027958,190.516181,-1.464825,1084.888141
39.125001,1068.32201,190.750904,-1.379369,1085.218746
39.137501,1068.615652,190.987746,-1.298462,1085.549362
39.150001,1068.909763,191.225362,-1.221631,1085.880616
39.162501,1069.205258,191.4624,-1.148408,1086.213171
39.175001,1069.503053,191.697506,-1.078345,1086.547687
39.187501,1069.804038,191.929325,-1.011027,1086.8848
39.200001,1070.109044,192.156516,-0.946077,1087.225086
39.212501,1070.418815,192.377753,-0.88317,1087.569041
39.225001,1070.733982,192.591742,-0.822035,1087.917054
39.237501,1071.055044,192.797236,-0.762465,1088.269389
39.250001,1071.38235,192.993051,-0.704312,1088.626177
39.262501,1071.716093,193.178092,-0.647496,1088.98741
39.275001,1072.056306,193.351373,-0.591998,1089.35294
39.287501,1072.402866,193.512043,-0.537861,1089.722491
39.300001,1072.755508,193.65941,-0.485181,1090.095676
39.312501,1073.113842,193.792964,-0.434103,1090.472016
39.325001,1073.477374,193.912392,-0.384814,1090.850968
39.337501,1073.845538,194.017597,-0.337536,1091.231956
39.350001,1074.217723,194.108706,-0.292515,1091.614397
39.362501,1074.593302,194.186067,-0.250013,1091.997736
39.375001,1074.971661,194.250252,-0.210303,1092.38147
39.387501,1075.352224,194.302045,-0.173658,1092.765172
39.400001,1075.734475,194.342427,-0.14035,1093.148508
39.412501,1076.117969,194.372562,-0.110636,1093.531247
39.425001,1076.50234,194.393768,-0.084765,1093.913265
39.437501,1076.887305,194.407501,-0.062966,1094.294544
39.450001,1077.272656,194.415324,-0.045448,1094.675155
39.462501,1077.658248,194.418889,-0.032399,1095.055252
39.475001,1078.043986,194.419903,-0.023985,1095.435043
39.487501,1078.429799,194.420108,-0.020345,1095.81477
39.500001,1078.815625,194.421257,-0.021596,1096.194681
39.512501,1079.201385,194.425083,-0.027824,1096.575006
39.525001,1079.586961,194.433279,-0.039087,1096.955928
39.537501,1079.972179,194.447472,-0.055414,1097.337564
39.550001,1080.356796,194.469194,-0.076801,1097.719946
39.562501,1080.740488,194.499862,-0.103211,1098.103004
39.575001,1081.122849,194.540748,-0.134573,1098.486565
39.587501,1081.503395,194.592961,-0.170785,1098.870349
39.600001,1081.881577,194.657422,-0.211711,1099.253976
39.612501,1082.256792,194.734851,-0.25719,1099.636982
39.625001,1082.628412,194.82575,-0.307033,1100.018839
39.637501,1082.995809,194.9304,-0.361036,1100.398979
39.650001,1083.358381,195.048854,-0.418985,1100.776822
39.662501,1083.715587,195.180946,-0.48066,1101.151809
39.675001,1084.066973,195.326299,-0.545849,1101.523428
39.687501,1084.412198,195.484338,-0.614358,1101.891246
39.700001,1084.751057,195.654315,-0.686014,1102.254933
39.712501,1085.083494,195.835323,-0.760679,1102.614276
39.725001,1085.409615,196.026329,-0.838256,1102.9692
39.737501,1085.729684,196.226188,-0.918691,1103.319766
39.750001,1086.044122,196.433676,-1.001983,1103.666176
39.762501,1086.353493,196.647502,-1.088178,1104.008758
39.775001,1086.658489,196.866329,-1.177375,1104.347957
39.787501,1086.959901,197.088788,-1.269718,1104.684312
39.800001,1087.258598,197.313492,-1.365394,1105.018433
39.812501,1087.555493,197.539041,-1.464625,1105.350971
39.825001,1087.851515,197.764033,-1.567655,1105.68259
39.837501,1088.147576,197.987068,-1.674747,1106.013938
39.850001,1088.444539,198.206756,-1.786166,1106.345616
39.862501,1088.743191,198.421729,-1.902165,1106.678154
39.875001,1089.044219,198.630646,-2.022982,1107.011986
39.887501,1089.348184,198.832213,-2.148819,1107.347431
39.900001,1089.655511,199.025193,-2.279836,1107.684684
39.912501,1089.966474,199.208433,-2.416143,1108.023805
39.925001,1090.281196,199.38088,-2.557794,1108.364726
39.937501,1090.59965,199.541609,-2.70478,1108.70725
39.950001,1090.92167,199.689842,-2.857032,1109.051074
39.962501,1091.246966,199.824973,-3.014421,1109.395803
39.975001,1091.575147,199.946589,-3.176766,1109.740975
39.987501,1091.905745,200.054481,-3.343838,1110.086093
40.000001,1092.238247,200.14866,-3.515369,1110.430651
40.012501,1092.572115,200.229357,-3.69107,1110.774166
40.025001,1092.906826,200.297027,-3.87063,1111.116201
40.037501,1093.241888,200.352338,-4.053737,1111.456395
40.050001,1093.576867,200.396163,-4.240083,1111.79448
40.062501,1093.911402,200.429559,-4.42937,1112.13029
40.075001,1094.245215,200.453751,-4.621318,1112.463776
40.087501,1094.578118,200.470108,-4.815665,1112.795
40.100001,1094.910009,200.480116,-5.012165,1113.124129
40.112501,1095.240866,200.48536,-5.210587,1113.451429
40.125001,1095.570735,200.487489,-5.410708,1113.777242
40.137501,1095.899712,200.4882,-5.612304,1114.101968
40.150001,1096.227924,200.489207,-5.81514,1114.42604
40.162501,1096.555512,200.492219,-6.018963,1114.749904
40.175001,1096.882606,200.498913,-6.223487,1115.073987
40.187501,1097.209307,200.510912,-6.428392,1115.398679
40.200001,1097.535673,200.529757,-6.633314,1115.724311
40.212501,1097.8617,200.556885,-6.837839,1116.051133
40.225001,1098.187319,200.593602,-7.041511,1116.37931
40.237501,1098.51239,200.641063,-7.24383,1116.708905
40.250001,1098.836702,200.700245,-7.444262,1117.039885
40.262501,1099.159987,200.771937,-7.642253,1117.372119
40.275001,1099.481925,200.856715,-7.83724,1117.705393
40.287501,1099.802166,200.954942,-8.028674,1118.039424
40.300001,1100.120353,201.066756,-8.216037,1118.37388
40.312501,1100.436138,201.192075,-8.39886,1118.708401
40.325001,1100.749212,201.330606,-8.576747,1119.042628
40.337501,1101.059325,201.481853,-8.74939,1119.376222
40.350001,1101.366306,201.645137,-8.916583,1119.708894
40.362501,1101.67008,201.819618,-9.078237,1120.040418
40.375001,1101.970682,202.004317,-9.234381,1120.370653
40.387501,1102.26826,202.198138,-9.385173,1120.699552
40.400001,1102.563082,202.399897,-9.530892,1121.027165
40.412501,1102.855523,202.608336,-9.671935,1121.353641
40.425001,1103.146063,202.822151,-9.808807,1121.67922
40.437501,1103.435265,203.04,-9.942107,1122.004221
40.450001,1103.723761,203.260522,-10.072517,1122.329023
40.462501,1104.012225,203.482342,-10.200779,1122.654048
40.475001,1104.301351,203.704084,-10.327679,1122.979736
40.487501,1104.591825,203.924374,-10.454028,1123.306519
40.500001,1104.884299,204.141846,-10.580637,1123.634798
40.512501,1105.179369,204.355152,-10.708303,1123.964917
40.525001,1105.477547,204.562968,-10.837784,1124.297146
40.537501,1105.779244,204.764004,-10.969784,1124.63166
40.550001,1106.084757,204.957021,-11.104932,1124.968528
40.562501,1106.394255,205.140845,-11.243771,1125.307708
40.575001,1106.70778,205.314386,-11.38674,1125.649042
40.587501,1107.025245,205.47666,-11.53417,1125.992268
40.600001,1107.346445,205.626813,-11.686275,1126.33703
40.612501,1107.671072,205.764137,-11.843149,1126.682894
40.625001,1107.998735,205.888095,-12.004768,1127.029378
40.637501,1108.328986,205.998332,-12.170995,1127.375974
40.650001,1108.661343,206.094692,-12.341589,1127.722178
40.662501,1108.995326,206.177226,-12.516213,1128.067524
40.675001,1109.33048,206.246187,-12.694448,1128.411606
40.687501,1109.666402,206.302033,-12.875805,1128.754109
40.700001,1110.002765,206.345413,-13.059742,1129.094825
40.712501,1110.339335,206.377155,-13.245671,1129.43367
40.725001,1110.675982,206.398247,-13.432972,1129.770693
40.737501,1111.012688,206.409818,-13.621004,1130.106074
40.750001,1111.34954,206.413113,-13.809105,1130.44012
40.762501,1111.686728,206.40947,-13.996602,1130.773255
40.775001,1112.024527,206.400297,-14.182808,1131.106
40.787501,1112.363281,206.387051,-14.367025,1131.438949
40.800001,1112.703379,206.371209,-14.54854,1131.772745
40.812501,1113.045232,206.354252,-14.726627,1132.108051
40.825001,1113.389243,206.337643,-14.900539,1132.44552
40.837501,1113.735783,206.322804,-15.069518,1132.785763
40.850001,1114.085165,206.311096,-15.232788,1133.129322
40.862501,1114.437625,206.3038,-15.389565,1133.47665
40.875001,1114.7933,206.302097,-15.539065,1133.828082
40.887501,1115.15222,206.307047,-15.680515,1134.183826
40.900001,1115.514299,206.319573,-15.813164,1134.54395
40.912501,1115.879338,206.340442,-15.936305,1134.908384
40.925001,1116.247028,206.370254,-16.049289,1135.276922
40.937501,1116.616972,206.409427,-16.151544,1135.649236
40.950001,1116.988698,206.458192,-16.242597,1136.024893
40.962501,1117.361684,206.516589,-16.322086,1136.403382
40.975001,1117.735393,206.58447,-16.389776,1136.784138
40.987501,1118.109293,206.661504,-16.445572,1137.166578
41.000001,1118.482893,206.747188,-16.48952,1137.550124
41.012501,1118.855765,206.840862,-16.521814,1137.93424
41.025001,1119.227571,206.941725,-16.542793,1138.318451
41.037501,1119.598078,207.048854,-16.552932,1138.702368
41.050001,1119.96717,207.161226,-16.552839,1139.0857
41.062501,1120.334855,207.277735,-16.543234,1139.468265
41.075001,1120.701259,207.397214,-16.524947,1139.849986
41.087501,1121.066616,207.518448,-16.498894,1140.230888
41.100001,1121.431259,207.640193,-16.466066,1140.611086
41.112501,1121.795592,207.761189,-16.427516,1140.990765
41.125001,1122.16007,207.880173,-16.38434,1141.370157
41.137501,1122.525168,207.995888,-16.337668,1141.749518
41.150001,1122.891357,208.107098,-16.288648,1142.129101
41.162501,1123.259069,208.212592,-16.238431,1142.509128
41.175001,1123.628678,208.311204,-16.18816,1142.889767
41.187501,1124.000468,208.40182,-16.138953,1143.271113
41.200001,1124.374619,208.483394,-16.091889,1143.653164
41.212501,1124.751193,208.554963,-16.047994,1144.03582
41.225001,1125.130123,208.615661,-16.008221,1144.418871
41.237501,1125.511219,208.664739,-15.973433,1144.802003
41.250001,1125.894168,208.701575,-15.944391,1145.18481
41.262501,1126.278557,208.725691,-15.921733,1145.566804
41.275001,1126.663884,208.736764,-15.905962,1145.947444
41.287501,1127.049592,208.734632,-15.897436,1146.326157
41.300001,1127.435094,208.719296,-15.896357,1146.702372
41.312501,1127.819805,208.690921,-15.902765,1147.075547
41.325001,1128.203173,208.64983,-15.91654,1147.4452
41.337501,1128.58471,208.596491,-15.937401,1147.810936
41.350001,1128.964016,208.531505,-15.964913,1148.172468
41.362501,1129.340796,208.455591,-15.998495,1148.529634
41.375001,1129.714882,208.369563,-16.037432,1148.882408
41.387501,1130.086228,208.274315,-16.080889,1149.230903
41.400001,1130.45492,208.170801,-16.127922,1149.575364
41.412501,1130.82116,208.060017,-16.177496,1149.916161
41.425001,1131.185257,207.942986,-16.228498,1150.253769
41.437501,1131.547603,207.820743,-16.279754,1150.588749
41.450001,1131.908651,207.694329,-16.330044,1150.921717
41.462501,1132.268889,207.564776,-16.378114,1151.253324
41.475001,1132.628806,207.433102,-16.422695,1151.584216
41.487501,1132.988866,207.300306,-16.462522,1151.915016
41.500001,1133.349484,207.167362,-16.496342,1152.246284
41.512501,1133.710995,207.03521,-16.522945,1152.578503
41.525001,1134.073637,206.904753,-16.541173,1152.912052
41.537501,1134.437534,206.776847,-16.549946,1153.247191
41.550001,1134.802691,206.652294,-16.548284,1153.584051
41.562501,1135.168988,206.531827,-16.535323,1153.922634
41.575001,1135.536188,206.416103,-16.51034,1154.26281
41.587501,1135.903949,206.305689,-16.472764,1154.604335
41.600001,1136.27184,206.20105,-16.422197,1154.946862
41.612501,1136.639368,206.102541,-16.358421,1155.289968
41.625001,1137.006009,206.010392,-16.281399,1155.633173
41.637501,1137.371231,205.924706,-16.191285,1155.975977
41.650001,1137.73453,205.845455,-16.08841,1156.317884
41.662501,1138.095459,205.772476,-15.973276,1156.658433
41.675001,1138.453654,205.705477,-15.846547,1156.997225
41.687501,1138.808855,205.644041,-15.709022,1157.333942
41.700001,1139.160922,205.587635,-15.56163,1157.668366
41.712501,1139.509843,205.535624,-15.405399,1158.000389
41.725001,1139.855739,205.487284,-15.241445,1158.330018
41.737501,1140.198855,205.441814,-15.070955,1158.65737
41.750001,1140.539552,205.398357,-14.895166,1158.982666
41.762501,1140.878289,205.356016,-14.715359,1159.306217
41.775001,1141.215599,205.313867,-14.532844,1159.628402
41.787501,1141.552068,205.270985,-14.348951,1159.949651
41.800001,1141.888304,205.22645,-14.165025,1160.270418
41.812501,1142.224911,205.179376,-13.982417,1160.591156
41.825001,1142.562459,205.128917,-13.802472,1160.912294
41.837501,1142.901461,205.07429,-13.626526,1161.234212
41.850001,1143.242348,205.014785,-13.455888,1161.557226
41.862501,1143.585451,204.949784,-13.291831,1161.881564
41.875001,1143.930989,204.87877,-13.135569,1162.207365
41.887501,1144.279061,204.801337,-12.988241,1162.534667
41.900001,1144.629645,204.717202,-12.850889,1162.863407
41.912501,1144.982605,204.626204,-12.724435,1163.193432
41.925001,1145.337702,204.528311,-12.609657,1163.52451
41.937501,1145.694612,204.423612,-12.507171,1163.856343
41.950001,1146.05295,204.312316,-12.41741,1164.188592
41.962501,1146.412294,204.194742,-12.340612,1164.520902
41.975001,1146.772213,204.071302,-12.276807,1164.85292
41.987501,1147.132296,203.942493,-12.225816,1165.184327
42.000001,1147.492174,203.808874,-12.187252,1165.514854
42.012501,1147.851544,203.671057,-12.160523,1165.844305
42.025001,1148.210186,203.529681,-12.144847,1166.172569
42.037501,1148.567975,203.385408,-12.139267,1166.499626
42.050001,1148.924884,203.238898,-12.142666,1166.825558
42.062501,1149.280986,203.090809,-12.153791,1167.150538
42.075001,1149.636444,202.941783,-12.171275,1167.474822
42.087501,1149.991495,202.792441,-12.193655,1167.798741
42.100001,1150.34644,202.643382,-12.219399,1168.122676
42.112501,1150.701611,202.495184,-12.246927,1168.447039
42.125001,1151.057356,202.348402,-12.27463,1168.772252
42.137501,1151.414007,202.203571,-12.300895,1169.098718
42.150001,1151.77186,202.06121,-12.324128,1169.426797
42.162501,1152.131147,201.921821,-12.342773,1169.756789
42.175001,1152.492017,201.785893,-12.355337,1170.088907
42.187501,1152.854525,201.6539,-12.360413,1170.423271
42.200001,1153.218616,201.526299,-12.356705,1170.759887
42.212501,1153.584123,201.403524,-12.343049,1171.098655
42.225001,1153.950774,201.285985,-12.318438,1171.439363
42.237501,1154.318197,201.174058,-12.282039,1171.781698
42.250001,1154.685939,201.068076,-12.233213,1172.125266
42.262501,1155.05349,200.968325,-12.171523,1172.469606
42.275001,1155.420308,200.875035,-12.096751,1172.814221
42.287501,1155.785847,200.788372,-12.008891,1173.158603
42.300001,1156.149594,200.708437,-11.908153,1173.502264
42.312501,1156.511092,200.635258,-11.794952,1173.844765
42.325001,1156.869972,200.568797,-11.669893,1174.185744
42.337501,1157.225976,200.508945,-11.533759,1174.524936
42.350001,1157.578974,200.455532,-11.387488,1174.862194
42.362501,1157.928973,200.408331,-11.232152,1175.197502
42.375001,1158.276128,200.367065,-11.068934,1175.530974
42.387501,1158.620731,200.331422,-10.899111,1175.862861
42.400001,1158.963205,200.30106,-10.724032,1176.193534
42.412501,1159.304086,200.275619,-10.545099,1176.523475
42.425001,1159.644004,200.254731,-10.363758,1176.853254
42.437501,1159.983654,200.238033,-10.18148,1177.183507
42.450001,1160.323766,200.22517,-9.999754,1177.514906
42.462501,1160.665075,200.215805,-9.820073,1177.848131
42.475001,1161.008293,200.209628,-9.643925,1178.183838
42.487501,1161.354071,200.206356,-9.472782,1178.522633
42.500001,1161.702978,200.205743,-9.308086,1178.865043
42.512501,1162.055472,200.207577,-9.15123,1179.211491
42.525001,1162.411884,200.211685,-9.003544,1179.562279
42.537501,1162.772401,200.217934,-8.866272,1179.917577
42.550001,1163.137063,200.226228,-8.74055,1180.277411
42.562501,1163.505762,200.236512,-8.627381,1180.641669
42.575001,1163.878248,200.248768,-8.527613,1181.010104
42.587501,1164.25415,200.263013,-8.441917,1181.382353
42.600001,1164.632991,200.279296,-8.370767,1181.757957
42.612501,1165.014219,200.297701,-8.314423,1182.136383
42.625001,1165.397233,200.318338,-8.272927,1182.517057
42.637501,1165.78142,200.341343,-8.246091,1182.899392
42.650001,1166.16618,200.366875,-8.233502,1183.282821
42.662501,1166.550957,200.395114,-8.234533,1183.666822
42.675001,1166.935266,200.426256,-8.248347,1184.050942
42.687501,1167.318708,200.460511,-8.273923,1184.434819
42.700001,1167.700989,200.498099,-8.310069,1184.81819
42.712501,1168.081918,200.539248,-8.355448,1185.200899
42.725001,1168.461414,200.584187,-8.408599,1185.582893
42.737501,1168.839491,200.633146,-8.467963,1185.964216
42.750001,1169.216247,200.686348,-8.531905,1186.34499
42.762501,1169.591846,200.744003,-8.598734,1186.725402
42.775001,1169.966493,200.806307,-8.666729,1187.105674
42.787501,1170.340409,200.873431,-8.734153,1187.48604
42.800001,1170.713807,200.945518,-8.799284,1187.866721
42.812501,1171.086864,201.022675,-8.860426,1188.247897
42.825001,1171.459702,201.104967,-8.915935,1188.629688
42.837501,1171.832366,201.192415,-8.964244,1189.012128
42.850001,1172.204813,201.284988,-9.00388,1189.395158
42.862501,1172.576902,201.382604,-9.033492,1189.778613
42.875001,1172.948392,201.485127,-9.051875,1190.162225
42.887501,1173.318949,201.592374,-9.057987,1190.545626
42.900001,1173.688158,201.704113,-9.050978,1190.928361
42.912501,1174.055539,201.820078,-9.030198,1191.309909
42.925001,1174.420574,201.939972,-8.995218,1191.689704
42.937501,1174.782726,202.063483,-8.945834,1192.067168
42.950001,1175.141475,202.190295,-8.88207,1192.441736
42.962501,1175.496342,202.320103,-8.804174,1192.812889
42.975001,1175.846918,202.452629,-8.712609,1193.180183
42.987501,1176.192882,202.587631,-8.608041,1193.543272
43.000001,1176.534028,202.72492,-8.491317,1193.901929
43.012501,1176.870271,202.864367,-8.363447,1194.256058
43.025001,1177.201654,203.00591,-8.225576,1194.605707
43.037501,1177.52835,203.149561,-8.078969,1194.951057
43.050001,1177.850653,203.295402,-7.924979,1195.292427
43.062501,1178.168963,203.443589,-7.765033,1195.63025
43.075001,1178.483772,203.594338,-7.600612,1195.96506
43.087501,1178.795638,203.747923,-7.43323,1196.297465
43.100001,1179.10516,203.904661,-7.264426,1196.628122
43.112501,1179.412952,204.0649,-7.095745,1196.957704
43.125001,1179.719615,204.229002,-6.92873,1197.286875
43.137501,1180.025707,204.397328,-6.764906,1197.616258
43.150001,1180.331726,204.57022,-6.605771,1197.946407
43.162501,1180.638079,204.747987,-6.452775,1198.277785
43.175001,1180.945073,204.930889,-6.307307,1198.610744
43.187501,1181.252898,205.119125,-6.170678,1198.945513
43.200001,1181.561626,205.312822,-6.044093,1199.282186
43.212501,1181.871205,205.512031,-5.928638,1199.620727
43.225001,1182.181471,205.716719,-5.825247,1199.960971
43.237501,1182.492158,205.926775,-5.734692,1200.30264
43.250001,1182.802916,206.142015,-5.657552,1200.645358
43.262501,1183.113337,206.362187,-5.594207,1200.988682
43.275001,1183.422974,206.586985,-5.544817,1201.33212
43.287501,1183.731377,206.816066,-5.509324,1201.675168
43.300001,1184.038111,207.049059,-5.487443,1202.017335
43.312501,1184.34279,207.285588,-5.478674,1202.358173
43.325001,1184.645094,207.525282,-5.482308,1202.697301
43.337501,1184.94479,207.767788,-5.497443,1203.034426
43.350001,1185.241743,208.012784,-5.523002,1203.369358
43.362501,1185.535927,208.259985,-5.557756,1203.702017
43.375001,1185.827422,208.509142,-5.600344,1204.032433
43.387501,1186.11641,208.760046,-5.649302,1204.360748
43.400001,1186.403171,209.012517,-5.703079,1204.687196
43.412501,1186.688059,209.266402,-5.760066,1205.012097
43.425001,1186.971491,209.521559,-5.818614,1205.335829
43.437501,1187.253926,209.777843,-5.877059,1205.658811
43.450001,1187.535839,210.035096,-5.933739,1205.981476
43.462501,1187.817699,210.293131,-5.987016,1206.304245
43.475001,1188.09995,210.551718,-6.035301,1206.627508
43.487501,1188.38299,210.810575,-6.077067,1206.951598
43.500001,1188.667151,211.06936,-6.110879,1207.276776
43.512501,1188.952688,211.327673,-6.135412,1207.603215
43.525001,1189.239771,211.585048,-6.149476,1207.930993
43.537501,1189.528478,211.840972,-6.152034,1208.26009
43.550001,1189.818797,212.094884,-6.142227,1208.590393
43.562501,1190.110634,212.346203,-6.119387,1208.921701
43.575001,1190.403823,212.594337,-6.083055,1209.253744
43.587501,1190.69814,212.838715,-6.032983,1209.5862
43.600001,1190.993322,213.078802,-5.969149,1209.918717
43.612501,1191.289092,213.31413,-5.891743,1210.250937
43.625001,1191.58517,213.544313,-5.801168,1210.582523
43.637501,1191.881306,213.769075,-5.698026,1210.913181
43.650001,1192.177286,213.988257,-5.583098,1211.242679
43.662501,1192.472957,214.201835,-5.457326,1211.570866
43.675001,1192.768233,214.409921,-5.321791,1211.897683
43.687501,1193.063103,214.612767,-5.177689,1212.223171
43.700001,1193.35763,214.810758,-5.02631,1212.547466
43.712501,1193.651949,215.004402,-4.869016,1212.870799
43.725001,1193.946258,215.194322,-4.707221,1213.193481
43.737501,1194.240806,215.381228,-4.542377,1213.515888
43.750001,1194.535873,215.565908,-4.375956,1213.838441
43.762501,1194.831753,215.749196,-4.209441,1214.161584
43.775001,1195.128733,215.931957,-4.04431,1214.485757
43.787501,1195.427073,216.115055,-3.882033,1214.811374
43.800001,1195.726986,216.299334,-3.724051,1215.138797
43.812501,1196.028619,216.48559,-3.571772,1215.468316
43.825001,1196.332041,216.674555,-3.426552,1215.80013
43.837501,1196.63723,216.866872,-3.289683,1216.134335
43.850001,1196.944068,217.063082,-3.16237,1216.470914
43.862501,1197.252348,217.263609,-3.045719,1216.809737
43.875001,1197.561771,217.468751,-2.940708,1217.150566
43.887501,1197.871965,217.678676,-2.848175,1217.493065
43.900001,1198.182502,217.893421,-2.768793,1217.836819
43.912501,1198.492917,218.1129,-2.70306,1218.181356
43.925001,1198.802738,218.336906,-2.651279,1218.526175
43.937501,1199.111508,218.565133,-2.613555,1218.870771
43.950001,1199.418817,218.79718,-2.589793,1219.21467
43.962501,1199.724327,219.032579,-2.579695,1219.557455
43.975001,1200.027793,219.270805,-2.582773,1219.898791
43.987501,1200.329083,219.511295,-2.598358,1220.238447
44.000001,1200.628193,219.753464,-2.62562,1220.576314
44.012501,1200.925253,219.996719,-2.663583,1220.91241
44.025001,1201.220526,220.240462,-2.711153,1221.246889
44.037501,1201.514408,220.484105,-2.76713,1221.58003
44.050001,1201.807411,220.727065,-2.830241,1221.912232
44.062501,1202.100152,220.968765,-2.899151,1222.243992
44.075001,1202.393326,221.208632,-2.972491,1222.575889
44.087501,1202.687685,221.446086,-3.048872,1222.908555
44.100001,1202.984009,221.680542,-3.126902,1223.242644
44.112501,1203.283077,221.911393,-3.205205,1223.578809
44.125001,1203.585637,222.138012,-3.282436,1223.917668
44.137501,1203.892382,222.359747,-3.357294,1224.259775
44.150001,1204.203917,222.575919,-3.428543,1224.605597
44.162501,1204.520742,222.785826,-3.495023,1224.955492
44.175001,1204.84323,222.988753,-3.555671,1225.30969
44.187501,1205.171619,223.183981,-3.609537,1225.668286
44.200001,1205.505999,223.370802,-3.6558,1226.031237
44.212501,1205.84632,223.548537,-3.693781,1226.398361
44.225001,1206.192391,223.716561,-3.722966,1226.769353
44.237501,1206.543902,223.874317,-3.743005,1227.143801
44.250001,1206.900437,224.021341,-3.753732,1227.521208
44.262501,1207.2615,224.157281,-3.755161,1227.901021
44.275001,1207.626543,224.281912,-3.747489,1228.282658
44.287501,1207.994997,224.395148,-3.731091,1228.665543
44.300001,1208.366295,224.497055,-3.706512,1229.049131
44.312501,1208.739901,224.587847,-3.674454,1229.432939
44.325001,1209.115334,224.667891,-3.635761,1229.81656
44.337501,1209.492184,224.7377,-3.591402,1230.199689
44.350001,1209.870121,224.797921,-3.542454,1230.582124
44.362501,1210.248901,224.849324,-3.490077,1230.96377
44.375001,1210.628368,224.89279,-3.435504,1231.344637
44.387501,1211.008437,224.929291,-3.380015,1231.724825
44.400001,1211.389087,224.959873,-3.324923,1232.104508
44.412501,1211.770339,224.985639,-3.271559,1232.483913
44.425001,1212.152237,225.007732,-3.221251,1232.863294
44.437501,1212.534822,225.027315,-3.175312,1233.242907
44.450001,1212.918107,225.045553,-3.135022,1233.622983
44.462501,1213.302061,225.063597,-3.101615,1234.003701
44.475001,1213.686584,225.082565,-3.076256,1234.385171
44.487501,1214.071495,225.103523,-3.060032,1234.76741
44.500001,1214.456523,225.127469,-3.053929,1235.150335
44.512501,1214.841303,225.155317,-3.058814,1235.533756
44.525001,1215.225382,225.187877,-3.075426,1235.917378
44.537501,1215.60823,225.225843,-3.104353,1236.300807
44.550001,1215.989258,225.269781,-3.146027,1236.683568
44.562501,1216.36784,225.320115,-3.200713,1237.065124
44.575001,1216.743343,225.377123,-3.268506,1237.444905
44.587501,1217.115154,225.44093,-3.349334,1237.822333
44.600001,1217.482715,225.51151,-3.44296,1238.196857
44.612501,1217.845549,225.588689,-3.548997,1238.567977
44.625001,1218.203291,225.672149,-3.666919,1238.935279
44.637501,1218.555707,225.761438,-3.796082,1239.29845
44.650001,1218.90271,225.855983,-3.93574,1239.657304
44.662501,1219.244372,225.9551,-4.085069,1240.011788
44.675001,1219.580924,226.058008,-4.243187,1240.361986
44.687501,1219.91275,226.163843,-4.40917,1240.708122
44.700001,1220.240379,226.271671,-4.58207,1241.050542
44.712501,1220.564462,226.380497,-4.760931,1241.389706
44.725001,1220.885751,226.48928,-4.944792,1241.726162
44.737501,1221.205069,226.596941,-5.132703,1242.060521
44.750001,1221.523284,226.702373,-5.323725,1242.393433
44.762501,1221.841274,226.804452,-5.51693,1242.72555
44.775001,1222.159893,226.902048,-5.711408,1243.057506
44.787501,1222.479945,226.994035,-5.906264,1243.389879
44.800001,1222.80215,227.079309,-6.10062,1243.723172
44.812501,1223.127123,227.156796,-6.293619,1244.057788
44.825001,1223.455351,227.225476,-6.484428,1244.394013
44.837501,1223.787176,227.284397,-6.672248,1244.732007
44.850001,1224.122793,227.332697,-6.856321,1245.071796
44.862501,1224.462242,227.369624,-7.035941,1245.413278
44.875001,1224.805415,227.394554,-7.210474,1245.756228
44.887501,1225.152072,227.407006,-7.379364,1246.100318
44.900001,1225.501855,227.406662,-7.542155,1246.445134
44.912501,1225.854314,227.393372,-7.698505,1246.790204
44.925001,1226.208935,227.367163,-7.848192,1247.135026
44.937501,1226.565169,227.328241,-7.991133,1247.479099
44.950001,1226.922464,227.276984,-8.127384,1247.821949
44.962501,1227.280292,227.21394,-8.257145,1248.163158
44.975001,1227.638173,227.13981,-8.380758,1248.502389
44.987501,1227.995702,227.055436,-8.498703,1248.839398
45.000001,1228.352557,226.961785,-8.611586,1249.174053
45.012501,1228.708514,226.859931,-8.720129,1249.506335
45.025001,1229.063444,226.751038,-8.825152,1249.836336
45.037501,1229.417313,226.636345,-8.927557,1250.164255
45.050001,1229.770169,226.517148,-9.028307,1250.490383
45.062501,1230.122127,226.394788,-9.128405,1250.815085
45.075001,1230.473353,226.270637,-9.228875,1251.138779
45.087501,1230.824035,226.146087,-9.330738,1251.461913
45.100001,1231.174368,226.022538,-9.43499,1251.784939
45.112501,1231.524528,225.901387,-9.542581,1252.108286
45.125001,1231.874647,225.784011,-9.654397,1252.432343
45.137501,1232.224803,225.671756,-9.771237,1252.757432
45.150001,1232.575,225.56592,-9.893798,1253.083797
45.162501,1232.92516,225.467731,-10.022657,1253.411585
45.175001,1233.275124,225.378333,-10.158264,1253.740848
45.187501,1233.624651,225.298759,-10.300928,1254.071536
45.200001,1233.97343,225.229913,-10.450814,1254.403507
45.212501,1234.321094,225.172551,-10.607944,1254.736534
45.225001,1234.667242,225.127258,-10.772201,1255.070325
45.237501,1235.011458,225.094438,-10.943338,1255.404542
45.250001,1235.353342,225.074301,-11.120988,1255.738825
45.262501,1235.692532,225.066857,-11.304687,1256.072816
45.275001,1236.028731,225.071914,-11.493885,1256.406185
45.287501,1236.36173,225.089083,-11.687972,1256.738649
45.300001,1236.691423,225.117788,-11.886297,1257.069998
45.312501,1237.017824,225.157275,-12.088188,1257.400103
45.325001,1237.34107,225.206632,-12.292967,1257.728933
45.337501,1237.661425,225.264807,-12.499966,1258.056551
45.350001,1237.979273,225.330623,-12.708541,1258.38312
45.362501,1238.295105,225.402802,-12.918075,1258.708889
45.375001,1238.609504,225.479984,-13.127984,1259.034182
45.387501,1238.923124,225.560745,-13.337714,1259.359381
45.400001,1239.236661,225.643614,-13.546745,1259.684904
45.412501,1239.550834,225.727094,-13.754576,1260.011182
45.425001,1239.866346,225.809673,-13.960729,1260.338632
45.437501,1240.183867,225.889849,-14.164734,1260.667635
45.450001,1240.503997,225.966143,-14.366128,1260.998513
45.462501,1240.827252,226.037119,-14.564448,1261.331508
45.475001,1241.154036,226.101406,-14.75923,1261.666763
45.487501,1241.484628,226.157715,-14.950008,1262.004317
45.500001,1241.819176,226.204867,-15.136315,1262.344096
45.512501,1242.157689,226.24181,-15.317694,1262.685913
45.525001,1242.500044,226.267644,-15.4937,1263.029478
45.537501,1242.845995,226.281639,-15.663914,1263.374412
45.550001,1243.195191,226.283252,-15.827955,1263.720269
45.562501,1243.547198,226.272141,-15.985488,1264.066554
45.575001,1243.901526,226.248173,-16.13624,1264.412757
45.587501,1244.257658,226.21143,-16.28001,1264.758383
45.600001,1244.615079,226.162201,-16.416673,1265.102977
45.612501,1244.973309,226.100981,-16.546191,1265.446155
45.625001,1245.331926,226.028457,-16.668612,1265.787625
45.637501,1245.690592,225.945491,-16.78407,1266.127213
45.650001,1246.049065,225.853103,-16.892783,1266.464868
45.662501,1246.407215,225.752452,-16.995041,1266.800674
45.675001,1246.765025,225.644812,-17.091202,1267.134846
45.687501,1247.122586,225.531556,-17.181676,1267.467727
45.700001,1247.480092,225.414133,-17.266913,1267.79977
45.712501,1247.837818,225.294049,-17.347392,1268.131524
45.725001,1248.196106,225.172854,-17.423603,1268.463604
45.737501,1248.555333,225.052124,-17.496032,1268.796669
45.750001,1248.915891,224.933443,-17.565155,1269.131392
45.762501,1249.278157,224.81839,-17.631418,1269.468428
45.775001,1249.642465,224.708523,-17.69523,1269.808384
45.787501,1250.009084,224.605358,-17.756954,1270.151796
45.800001,1250.378192,224.510354,-17.816897,1270.4991
45.812501,1250.749865,224.424887,-17.875309,1270.850614
45.825001,1251.124066,224.350231,-17.932372,1271.206523
45.837501,1251.500636,224.287534,-17.988207,1271.566874
45.850001,1251.879305,224.237794,-18.042867,1271.931573
45.862501,1252.259696,224.201837,-18.096343,1272.300392
45.875001,1252.641347,224.180297,-18.148567,1272.672983
45.887501,1253.023731,224.1736,-18.199416,1273.048897
45.900001,1253.406285,224.181954,-18.248722,1273.427611
45.912501,1253.788436,224.205342,-18.296276,1273.808554
45.925001,1254.169639,224.243519,-18.34184,1274.19114
45.937501,1254.549398,224.296023,-18.385152,1274.574797
45.950001,1254.927302,224.362184,-18.425935,1274.958995
45.962501,1255.303039,224.441136,-18.463906,1275.343271
45.975001,1255.676417,224.531844,-18.498781,1275.72725
45.987501,1256.047374,224.633117,-18.530283,1276.110659
46.000001,1256.415977,224.743637,-18.558144,1276.493327
46.012501,1256.782422,224.861979,-18.582112,1276.875194
46.025001,1257.147019,224.986632,-18.601951,1277.256295
46.037501,1257.510174,225.116023,-18.617445,1277.636753
46.050001,1257.872371,225.248531,-18.628402,1278.016753
46.062501,1258.234141,225.382505,-18.634652,1278.396526
46.075001,1258.596033,225.516286,-18.63605,1278.776318
46.087501,1258.958588,225.648215,-18.632477,1279.156367
46.100001,1259.322308,225.776653,-18.623844,1279.536878
46.112501,1259.687629,225.899997,-18.610094,1279.917992
46.125001,1260.054894,226.016699,-18.591198,1280.299776
46.137501,1260.424338,226.125286,-18.567164,1280.6822
46.150001,1260.796074,226.224381,-18.538034,1281.065131
46.162501,1261.170084,226.312723,-18.503884,1281.44833
46.175001,1261.54622,226.389196,-18.464825,1281.831457
46.187501,1261.924213,226.452846,-18.420999,1282.214079
46.200001,1262.303684,226.502906,-18.372576,1282.595692
46.212501,1262.684169,226.538812,-18.31975,1282.975743
46.225001,1263.065139,226.560216,-18.262731,1283.353655
46.237501,1263.446035,226.566997,-18.201735,1283.728862
46.250001,1263.826293,226.559262,-18.136982,1284.100832
46.262501,1264.205376,226.537343,-18.068679,1284.469103
46.275001,1264.582803,226.501792,-17.997014,1284.833305
46.287501,1264.958174,226.453363,-17.922149,1285.19318
46.300001,1265.331183,226.392996,-17.84421,1285.548602
46.312501,1265.70164,226.321798,-17.763279,1285.899581
46.325001,1266.069467,226.241015,-17.679393,1286.246265
46.337501,1266.434702,226.152017,-17.592539,1286.588935
46.350001,1266.797491,226.056267,-17.502654,1286.927994
46.362501,1267.158069,225.955302,-17.409627,1287.263945
46.375001,1267.516745,225.850713,-17.313305,1287.597372
46.387501,1267.873876,225.744124,-17.213496,1287.928911
46.400001,1268.229843,225.637176,-17.109981,1288.259221
46.412501,1268.585021,225.531506,-17.00252,1288.588957
46.425001,1268.939754,225.428731,-16.890867,1288.918738
46.437501,1269.294329,225.330432,-16.774778,1289.249119
46.450001,1269.648958,225.238133,-16.654026,1289.580571
46.462501,1270.003754,225.153281,-16.528411,1289.913456
46.475001,1270.358727,225.077224,-16.39777,1290.248015
46.487501,1270.713775,225.011194,-16.261988,1290.584359
46.500001,1271.068685,224.956279,-16.121002,1290.922467
46.512501,1271.423144,224.913405,-15.974808,1291.262191
46.525001,1271.776753,224.883315,-15.823462,1291.603266
46.537501,1272.129049,224.866554,-15.667078,1291.945332
46.550001,1272.479529,224.863453,-15.505822,1292.287953
46.562501,1272.827678,224.874128,-15.339909,1292.630645
46.575001,1273.173004,224.898468,-15.169593,1292.972905
46.587501,1273.515059,224.936148,-14.995153,1293.314242
46.600001,1273.853474,224.986631,-14.816889,1293.654203
46.612501,1274.187981,225.049187,-14.635105,1293.992401
46.625001,1274.518427,225.122904,-14.450101,1294.328532
46.637501,1274.844793,225.206717,-14.262168,1294.662396
46.650001,1275.167192,225.299422,-14.07158,1294.993902
46.662501,1275.485877,225.399706,-13.87859,1295.323073
46.675001,1275.801224,225.506162,-13.683432,1295.650041
46.687501,1276.113727,225.61732,-13.486326,1295.975038
46.700001,1276.423972,225.731656,-13.287476,1296.298382
46.712501,1276.73262,225.847621,-13.087088,1296.620455
46.725001,1277.040378,225.963649,-12.885372,1296.941684
46.737501,1277.347972,226.078179,-12.682553,1297.262515
46.750001,1277.65612,226.189669,-12.478885,1297.583389
46.762501,1277.965503,226.296613,-12.274655,1297.904716
46.775001,1278.27674,226.397556,-12.070193,1298.226855
46.787501,1278.590369,226.491114,-11.865876,1298.550097
46.800001,1278.906821,226.575995,-11.662129,1298.874645
46.812501,1279.226413,226.651014,-11.459423,1299.200607
46.825001,1279.54934,226.715119,-11.258267,1299.527994
46.837501,1279.87567,226.767411,-11.0592,1299.856721
46.850001,1280.205349,226.807161,-10.862774,1300.186611
46.862501,1280.538216,226.833827,-10.669539,1300.517415
46.875001,1280.874012,226.847069,-10.480026,1300.848822
46.887501,1281.212409,226.846757,-10.294723,1301.180491
46.900001,1281.553026,226.832974,-10.114058,1301.512063
46.912501,1281.895459,226.806016,-9.938377,1301.843196
46.925001,1282.239305,226.76638,-9.767935,1302.173583
46.937501,1282.584188,226.714761,-9.602874,1302.502974
46.950001,1282.929774,226.652026,-9.44322,1302.831194
46.962501,1283.275798,226.5792,-9.288877,1303.15816
46.975001,1283.622063,226.497446,-9.139626,1303.48388
46.987501,1283.968455,226.408038,-8.995127,1303.808462
47.000001,1284.314939,226.312345,-8.854932,1304.132106
47.012501,1284.661551,226.211804,-8.718489,1304.455094
47.025001,1285.008388,226.107905,-8.585165,1304.777777
47.037501,1285.355591,226.002171,-8.454255,1305.100552
47.050001,1285.703324,225.896142,-8.325005,1305.423843
47.062501,1286.051758,225.791356,-8.196627,1305.748079
47.075001,1286.401039,225.68934,-8.068325,1306.073662
47.087501,1286.751275,225.591589,-7.939311,1306.400949
47.100001,1287.102511,225.499553,-7.808827,1306.730232
47.112501,1287.454715,225.41462,-7.676161,1307.061711
47.125001,1287.807767,225.338097,-7.540671,1307.395489
47.137501,1288.161454,225.271194,-7.401792,1307.731558
47.150001,1288.515466,225.215001,-7.259058,1308.069798
47.162501,1288.869409,225.170469,-7.112107,1308.40998
47.175001,1289.222816,225.138396,-6.960692,1308.751778
47.187501,1289.575165,225.119406,-6.80468,1309.094785
47.200001,1289.925907,225.113941,-6.644057,1309.438535
47.212501,1290.274491,225.122247,-6.478923,1309.782526
47.225001,1290.620394,225.144376,-6.309481,1310.126254
47.237501,1290.963153,225.180182,-6.136033,1310.469239
47.250001,1291.30239,225.229332,-5.958966,1310.811056
47.262501,1291.637842,225.291316,-5.778738,1311.151359
47.275001,1291.969375,225.365462,-5.595865,1311.489905
47.287501,1292.297001,225.450953,-5.410911,1311.826569
47.300001,1292.620886,225.546852,-5.224472,1312.161359
47.312501,1292.941349,225.652121,-5.03717,1312.494413
47.325001,1293.258855,225.765639,-4.849647,1312.826001
47.337501,1293.574004,225.886229,-4.662558,1313.156515
47.350001,1293.887508,226.01267,-4.476568,1313.486449
47.362501,1294.200171,226.143716,-4.292355,1313.816383
47.375001,1294.512858,226.27811,-4.11061,1314.146955
47.387501,1294.826467,226.414593,-3.932039,1314.478835
47.400001,1295.141895,226.551921,-3.757364,1314.812693
47.412501,1295.460007,226.68887,-3.587323,1315.149171
47.425001,1295.781605,226.824249,-3.422671,1315.488853
47.437501,1296.107397,226.956911,-3.264175,1315.832238
47.450001,1296.437977,227.085764,-3.112607,1316.179722
47.462501,1296.773798,227.209785,-2.968733,1316.531574
47.475001,1297.115164,227.328034,-2.833303,1316.887927
47.487501,1297.462216,227.439673,-2.707032,1317.248775
47.500001,1297.814937,227.543979,-2.590587,1317.613974
47.512501,1298.173154,227.640358,-2.484563,1317.983249
47.525001,1298.536555,227.728367,-2.389469,1318.356213
47.537501,1298.904707,227.807719,-2.305708,1318.732388
47.550001,1299.27708,227.878297,-2.233565,1319.11123
47.562501,1299.653081,227.940158,-2.173192,1319.492163
47.575001,1300.032078,227.993538,-2.124598,1319.874604
47.587501,1300.413435,228.038842,-2.087653,1320.257995
47.600001,1300.796539,228.076649,-2.06208,1320.641831
47.612501,1301.180827,228.10769,-2.047464,1321.025683
47.625001,1301.565802,228.132841,-2.043258,1321.409212
47.637501,1301.951051,228.153105,-2.048793,1321.792184
47.650001,1302.33625,228.169596,-2.063293,1322.17447
47.662501,1302.721163,228.183514,-2.085889,1322.556046
47.675001,1303.105636,228.196131,-2.115629,1322.936978
47.687501,1303.489587,228.208768,-2.151498,1323.317412
47.700001,1303.872984,228.222774,-2.19243,1323.697548
47.712501,1304.255829,228.239507,-2.237321,1324.07762
47.725001,1304.63813,228.260314,-2.285044,1324.457868
47.737501,1305.019883,228.28651,-2.334463,1324.83851
47.750001,1305.401047,228.319356,-2.384444,1325.21972
47.762501,1305.781524,228.360042,-2.433872,1325.601607
47.775001,1306.161146,228.409663,-2.481662,1325.98419
47.787501,1306.539665,228.469203,-2.52678,1326.367392
47.800001,1306.916748,228.539514,-2.568254,1326.751028
47.812501,1307.29198,228.621302,-2.605192,1327.134812
47.825001,1307.664877,228.715114,-2.636801,1327.518356
47.837501,1308.034895,228.821325,-2.662399,1327.901192
47.850001,1308.401461,228.940137,-2.681434,1328.282786
47.862501,1308.763989,229.071576,-2.693494,1328.662568
47.875001,1309.121913,229.215502,-2.698315,1329.039958
47.887501,1309.474719,229.371612,-2.695795,1329.414398
47.900001,1309.821964,229.539461,-2.685988,1329.78538
47.912501,1310.163312,229.718479,-2.669108,1330.152475
47.925001,1310.498545,229.90799,-2.645527,1330.515358
47.937501,1310.827586,230.107239,-2.615763,1330.873827
47.950001,1311.150502,230.31541,-2.580471,1331.227811
47.962501,1311.467511,230.531651,-2.540433,1331.577384
47.975001,1311.778975,230.755089,-2.496544,1331.922754
47.987501,1312.085385,230.984847,-2.449793,1332.26426
48.000001,1312.387351,231.220058,-2.401256,1332.602357
48.012501,1312.685577,231.459865,-2.352073,1332.937592
48.025001,1312.980831,231.703433,-2.303439,1333.270584
48.037501,1313.273925,231.949941,-2.256585,1333.601991
48.050001,1313.56568,232.198587,-2.212765,1333.932485
48.062501,1313.856896,232.448578,-2.173239,1334.262721
48.075001,1314.148328,232.699131,-2.139254,1334.593305
48.087501,1314.440654,232.949464,-2.112029,1334.924772
48.100001,1314.734457,233.1988,-2.092734,1335.25756
48.112501,1315.030201,233.446365,-2.082472,1335.591993
48.125001,1315.328224,233.691394,-2.082254,1335.928269
48.137501,1315.628722,233.933139,-2.092981,1336.266451
48.150001,1315.931756,234.170877,-2.115424,1336.606472
48.162501,1316.237251,234.403932,-2.150204,1336.94814
48.175001,1316.545009,234.631685,-2.197781,1337.29115
48.187501,1316.854727,234.853597,-2.258438,1337.635109
48.200001,1317.166018,235.069225,-2.332273,1337.979559
48.212501,1317.478435,235.278242,-2.419204,1338.324
48.225001,1317.7915,235.48045,-2.518964,1338.667929
48.237501,1318.10473,235.675796,-2.631115,1339.01086
48.250001,1318.417666,235.864376,-2.755054,1339.352357
48.262501,1318.729895,236.04644,-2.890036,1339.692058
48.275001,1319.041069,236.222394,-3.035183,1340.029691
48.287501,1319.35092,236.392787,-3.18951,1340.36509
48.300001,1319.659272,236.558305,-3.351939,1340.6982
48.312501,1319.96604,236.719757,-3.521318,1341.029079
48.325001,1320.271228,236.878052,-3.696439,1341.35789
48.337501,1320.574923,237.034181,-3.876045,1341.684894
48.350001,1320.87728,237.189194,-4.05885,1342.010424
48.362501,1321.178508,237.344173,-4.24354,1342.334874
48.375001,1321.478846,237.500209,-4.428787,1342.65867
48.387501,1321.778549,237.658374,-4.613255,1342.982248
48.400001,1322.077864,237.819696,-4.795605,1343.306027
48.412501,1322.377009,237.985136,-4.974506,1343.63039
48.425001,1322.67616,238.155563,-5.148648,1343.955656
48.437501,1322.975434,238.331735,-5.316751,1344.28207
48.450001,1323.274882,238.51428,-5.477583,1344.609787
48.462501,1323.57448,238.703681,-5.62998,1344.938864
48.475001,1323.874133,238.900269,-5.772863,1345.269261
48.487501,1324.173678,239.104217,-5.905266,1345.600843
48.500001,1324.472896,239.31554,-6.026353,1345.933393
48.512501,1324.771526,239.534102,-6.135444,1346.266626
48.525001,1325.069283,239.759628,-6.232032,1346.600208
48.537501,1325.365875,239.991717,-6.3158,1346.933783
48.550001,1325.661033,240.229867,-6.386632,1347.266993
48.562501,1325.954522,240.47349,-6.444622,1347.599505
48.575001,1326.246167,240.721945,-6.490073,1347.931034
48.587501,1326.535866,240.974555,-6.523492,1348.26136
48.600001,1326.823604,241.230631,-6.545583,1348.590352
48.612501,1327.109457,241.489495,-6.55723,1348.917968
48.625001,1327.393599,241.75049,-6.559486,1349.244267
48.637501,1327.676295,242.012996,-6.553545,1349.569407
48.650001,1327.957896,242.276437,-6.540727,1349.893635
48.662501,1328.238821,242.540278,-6.522456,1350.217277
48.675001,1328.519548,242.80403,-6.500232,1350.540721
48.687501,1328.800585,243.067239,-6.475614,1350.864394
48.700001,1329.082456,243.329479,-6.450197,1351.188741
48.712501,1329.365672,243.590341,-6.425588,1351.5142
48.725001,1329.650713,243.849425,-6.403388,1351.841176
48.737501,1329.938001,244.106325,-6.385163,1352.170017
48.750001,1330.227884,244.360626,-6.372428,1352.500997
48.762501,1330.520616,244.611892,-6.366619,1352.834292
48.775001,1330.81635,244.859671,-6.369073,1353.169975
48.787501,1331.115127,245.103488,-6.380999,1353.508004
48.800001,1331.416875,245.342857,-6.403463,1353.848226
48.812501,1331.721419,245.577285,-6.437359,1354.190378
48.825001,1332.028483,245.80629,-6.483399,1354.534107
48.837501,1332.337715,246.029406,-6.54209,1354.878982
48.850001,1332.648702,246.24621,-6.613731,1355.22452
48.862501,1332.960998,246.45633,-6.698406,1355.570217
48.875001,1333.274149,246.659466,-6.795983,1355.915571
48.887501,1333.587724,246.855401,-6.906121,1356.260116
48.900001,1333.901336,247.044013,-7.028286,1356.603448
48.912501,1334.214672,247.225283,-7.161759,1356.945254
48.925001,1334.527509,247.399294,-7.30566,1357.285326
48.937501,1334.839731,247.566238,-7.458968,1357.62358
48.950001,1335.151338,247.726403,-7.620543,1357.960066
48.962501,1335.462449,247.88017,-7.789145,1358.294961
48.975001,1335.773297,248.027995,-7.963455,1358.628574
48.987501,1336.08422,248.170398,-8.142094,1358.961325
49.000001,1336.395648,248.307947,-8.323636,1359.293732
49.012501,1336.708082,248.441236,-8.506625,1359.626385
49.025001,1337.022069,248.57087,-8.689583,1359.959925
49.037501,1337.338177,248.697445,-8.871022,1360.29501
49.050001,1337.65697,248.82153,-9.049456,1360.632285
49.062501,1337.978978,248.943655,-9.22341,1360.972358
49.075001,1338.304672,249.064289,-9.391435,1361.315766
49.087501,1338.634444,249.183836,-9.55212,1361.662954
49.100001,1338.968581,249.302619,-9.704111,1362.014253
49.112501,1339.307256,249.420876,-9.846132,1362.369864
49.125001,1339.65052,249.538757,-9.977006,1362.729852
49.137501,1339.998296,249.656322,-10.095675,1363.09414
49.150001,1340.350387,249.773543,-10.201231,1363.462521
49.162501,1340.706484,249.89031,-10.292933,1363.834663
49.175001,1341.066188,250.006442,-10.370229,1364.210132
49.187501,1341.429029,250.121691,-10.432774,1364.588415
49.200001,1341.794493,250.235763,-10.480441,1364.968951
49.212501,1342.162049,250.348323,-10.513327,1365.351156
49.225001,1342.531179,250.459015,-10.531758,1365.734456
49.237501,1342.901407,250.56747,-10.536279,1366.118318
49.250001,1343.272316,250.673323,-10.527643,1366.502272
49.262501,1343.643574,250.77622,-10.506803,1366.885935
49.275001,1344.014946,250.875827,-10.474885,1367.269022
49.287501,1344.386295,250.971839,-10.433169,1367.651354
49.300001,1344.757591,251.063982,-10.383071,1368.032862
49.312501,1345.128897,251.152016,-10.326111,1368.413576
49.325001,1345.50036,251.235736,-10.263896,1368.793615
49.337501,1345.87219,251.314967,-10.198096,1369.173168
49.350001,1346.244641,251.389569,-10.130422,1369.552472
49.362501,1346.617985,251.459428,-10.062605,1369.931786
49.375001,1346.992484,251.524456,-9.996373,1370.311363
49.387501,1347.368365,251.584587,-9.933435,1370.691427
49.400001,1347.745796,251.639776,-9.875454,1371.072147
49.412501,1348.124866,251.689996,-9.824031,1371.453616
49.425001,1348.505566,251.735237,-9.780675,1371.835832
49.437501,1348.887778,251.775505,-9.746789,1372.218694
49.450001,1349.271276,251.810823,-9.723635,1372.601988
49.462501,1349.655724,251.841231,-9.712321,1372.9854
49.475001,1350.040686,251.866782,-9.713774,1373.368518
49.487501,1350.425646,251.88755,-9.728723,1373.750855
49.500001,1350.810031,251.903618,-9.757684,1374.131866
49.512501,1351.193234,251.915088,-9.800949,1374.510977
49.525001,1351.574649,251.922071,-9.858585,1374.887615
49.537501,1351.953701,251.924685,-9.930428,1375.261237
49.550001,1352.329876,251.923055,-10.016098,1375.631361
49.562501,1352.702749,251.917305,-10.115007,1375.997591
49.575001,1353.072012,251.907552,-10.226376,1376.359641
49.587501,1353.437483,251.893905,-10.349255,1376.717351
49.600001,1353.799125,251.876457,-10.482549,1377.070697
49.612501,1354.157046,251.85528,-10.625036,1377.419791
49.625001,1354.511497,251.830424,-10.775394,1377.764881
49.637501,1354.862859,251.801911,-10.932221,1378.106339
49.650001,1355.211627,251.769736,-11.094053,1378.444642
49.662501,1355.558388,251.733864,-11.259385,1378.780351
49.675001,1355.903796,251.694233,-11.426685,1379.114085
49.687501,1356.248536,251.650759,-11.594404,1379.446493
49.700001,1356.593302,251.603333,-11.760995,1379.778223
49.712501,1356.938759,251.551836,-11.924923,1380.109896
49.725001,1357.285516,251.496136,-12.084674,1380.442074
49.737501,1357.6341,251.436101,-12.238775,1380.775235
49.750001,1357.984929,251.371607,-12.385811,1381.109757
49.762501,1358.3383,251.30254,-12.524435,1381.445896
49.775001,1358.694373,251.22881,-12.6534,1381.783783
49.787501,1359.053168,251.150353,-12.77157,1382.123413
49.800001,1359.41457,251.067139,-12.87795,1382.464655
49.812501,1359.778331,250.979173,-12.971707,1382.807261
49.825001,1360.144097,250.8865,-13.052185,1383.150881
49.837501,1360.511421,250.789202,-13.118932,1383.495088
49.850001,1360.879797,250.687399,-13.171703,1383.839401
49.862501,1361.248683,250.581245,-13.210478,1384.183317
49.875001,1361.61754,250.470921,-13.235458,1384.526339
49.887501,1361.985854,250.356635,-13.247066,1384.868006
49.900001,1362.353171,250.238609,-13.245938,1385.207919
49.912501,1362.719115,250.117078,-13.232908,1385.545759
49.925001,1363.083412,249.992284,-13.208992,1385.88131
49.937501,1363.445893,249.864471,-13.175368,1386.214466
49.950001,1363.806508,249.733885,-13.133351,1386.545235
49.962501,1364.165318,249.60077,-13.084373,1386.873736
49.975001,1364.522488,249.46537,-13.029957,1387.200192
49.987501,1364.878273,249.327935,-12.971695,1387.524913
50.000001,1365.232997,249.188719,-12.911226,1387.848282
50.012501,1365.587031,249.047991,-12.850213,1388.170728
50.025001,1365.940767,248.906037,-12.790324,1388.492704
50.037501,1366.294593,248.763169,-12.73321,1388.814662
50.050001,1366.648866,248.619727,-12.680487,1389.13703
50.062501,1367.003889,248.476081,-12.63371,1389.460185
50.075001,1367.359891,248.332639,-12.594355,1389.784439
50.087501,1367.71701,248.18984,-12.563798,1390.110019
50.100001,1368.075286,248.048153,-12.543287,1390.437056
50.112501,1368.434653,247.908071,-12.533925,1390.765584
50.125001,1368.794945,247.7701,-12.536647,1391.095537
50.137501,1369.155903,247.634751,-12.552203,1391.426755
50.150001,1369.51719,247.50252,-12.581138,1391.759001
50.162501,1369.878414,247.373879,-12.623786,1392.091975
50.175001,1370.239149,247.249256,-12.680261,1392.425333
50.187501,1370.598962,247.129022,-12.750459,1392.758717
50.200001,1370.957446,247.013476,-12.834059,1393.091774
50.212501,1371.31424,246.902831,-12.930536,1393.424182
50.225001,1371.669055,246.797209,-13.039179,1393.755674
50.237501,1372.021698,246.696628,-13.159102,1394.086054
50.250001,1372.372081,246.601005,-13.289274,1394.415214
50.262501,1372.720233,246.510153,-13.428539,1394.743138
50.275001,1373.066303,246.423783,-13.575634,1395.069909
50.287501,1373.410551,246.341514,-13.729218,1395.395705
50.300001,1373.75334,246.26288,-13.887889,1395.720789
50.312501,1374.095122,246.18734,-14.050201,1396.045493
50.325001,1374.43641,246.114291,-14.214678,1396.370204
50.337501,1374.777761,246.043084,-14.379833,1396.695339
50.350001,1375.119743,245.973035,-14.544174,1397.021322
50.362501,1375.462912,245.903442,-14.706219,1397.34856
50.375001,1375.807779,245.833604,-14.864504,1397.677416
50.387501,1376.15479,245.762831,-15.0176,1398.008191
50.400001,1376.504299,245.690461,-15.164119,1398.341102
50.412501,1376.856552,245.615878,-15.302737,1398.676266
50.425001,1377.211674,245.538524,-15.432207,1399.013694
50.437501,1377.569663,245.45791,-15.551376,1399.353281
50.450001,1377.930387,245.373631,-15.659212,1399.694817
50.462501,1378.293598,245.285373,-15.754819,1400.037989
50.475001,1378.658939,245.192921,-15.837455,1400.382399
50.487501,1379.025971,245.096161,-15.906557,1400.727587
50.500001,1379.394192,244.995085,-15.961745,1401.073055
50.512501,1379.763072,244.889786,-16.002842,1401.418293
50.525001,1380.132079,244.780458,-16.02987,1401.762813
50.537501,1380.500714,244.667386,-16.043055,1402.106176
50.550001,1380.868535,244.550943,-16.04282,1402.448019
50.562501,1381.235188,244.431574,-16.029772,1402.788078
50.575001,1381.600422,244.309795,-16.00469,1403.126207
50.587501,1381.964107,244.186176,-15.968502,1403.462388
50.600001,1382.326236,244.06134,-15.922269,1403.796737
50.612501,1382.686932,243.935949,-15.86716,1404.129505
50.625001,1383.046433,243.810702,-15.80443,1404.461062
50.637501,1383.405083,243.686326,-15.735401,1404.79189
50.650001,1383.763312,243.563578,-15.661439,1405.122557
50.662501,1384.12161,243.443237,-15.583936,1405.453699
50.675001,1384.4805,243.326103,-15.504293,1405.785983
50.687501,1384.840512,243.212992,-15.423901,1406.120087
50.700001,1385.202149,243.104735,-15.344129,1406.456664
50.712501,1385.565861,243.002169,-15.266303,1406.796314
50.725001,1385.932019,242.90613,-15.191696,1407.139558
50.737501,1386.300892,242.817443,-15.121508,1407.486815
50.750001,1386.672633,242.73691,-15.056848,1407.838381
50.762501,1387.047263,242.665294,-14.998721,1408.194417
50.775001,1387.424673,242.603307,-14.948007,1408.554945
50.787501,1387.804628,242.551589,-14.905448,1408.919845
50.800001,1388.186771,242.510692,-14.871629,1409.288868
50.812501,1388.57065,242.481069,-14.846969,1409.661645
50.825001,1388.955736,242.463054,-14.831711,1410.037711
50.837501,1389.34145,242.456855,-14.825911,1410.416534
50.850001,1389.727201,242.462548,-14.829445,1410.797538
50.862501,1390.112408,242.480068,-14.842003,1411.180135
50.875001,1390.496537,242.509216,-14.863104,1411.563761
50.887501,1390.879128,242.549659,-14.8921,1411.947896
50.900001,1391.259813,242.600942,-14.928194,1412.332091
50.912501,1391.638338,242.662491,-14.970456,1412.715988
50.925001,1392.014571,242.733634,-15.017841,1413.099331
50.937501,1392.388504,242.813607,-15.069209,1413.481968
50.950001,1392.760248,242.901569,-15.123344,1413.863853
50.962501,1393.130025,242.996616,-15.178968,1414.245036
50.975001,1393.498147,243.097792,-15.234769,1414.625647
50.987501,1393.864997,243.204099,-15.289408,1415.005876
51.000001,1394.230999,243.314505,-15.341542,1415.385951
51.012501,1394.596596,243.427957,-15.389837,1415.766112
51.025001,1394.962217,243.543386,-15.432984,1416.146583
51.037501,1395.328252,243.659714,-15.469719,1416.527549
51.050001,1395.695023,243.775871,-15.498834,1416.909131
51.062501,1396.062769,243.890796,-15.519199,1417.291368
51.075001,1396.431623,244.003457,-15.529775,1417.674201
51.087501,1396.801604,244.112862,-15.529636,1418.057467
51.100001,1397.172613,244.218076,-15.517984,1418.4409
51.112501,1397.544436,244.318237,-15.494161,1418.824133
51.125001,1397.916751,244.412576,-15.457667,1419.206711
51.137501,1398.289148,244.500434,-15.408167,1419.588115
51.150001,1398.661149,244.581278,-15.345496,1419.96778
51.162501,1399.032233,244.65472,-15.269659,1420.345128
51.175001,1399.401864,244.720524,-15.180831,1420.719596
51.187501,1399.769524,244.778622,-15.079344,1421.090666
51.200001,1400.134737,244.829113,-14.965675,1421.457895
51.212501,1400.497095,244.872266,-14.840431,1421.820937
51.225001,1400.85628,244.90852,-14.704325,1422.179566
51.237501,1401.212082,244.938472,-14.558161,1422.533688
51.250001,1401.564401,244.962871,-14.402812,1422.883347
51.262501,1401.913257,244.982602,-14.239198,1423.228728
51.275001,1402.258782,244.998673,-14.068271,1423.570145
51.287501,1402.601206,245.012196,-13.890996,1423.90803
51.300001,1402.940847,245.024371,-13.708349,1424.242915
51.312501,1403.278086,245.036464,-13.521295,1424.575404
51.325001,1403.613344,245.049791,-13.330795,1424.906148
51.337501,1403.947056,245.065695,-13.137794,1425.235816
51.350001,1404.279643,245.085526,-12.943224,1425.565066
51.362501,1404.61149,245.11062,-12.748,1425.894514
51.375001,1404.942917,245.142274,-12.553021,1426.224707
51.387501,1405.274165,245.181727,-12.359167,1426.5561
51.400001,1405.605375,245.230132,-12.167292,1426.88904
51.412501,1405.936583,245.288539,-11.978223,1427.223745
51.425001,1406.267711,245.357867,-11.792743,1427.560306
51.437501,1406.598577,245.438889,-11.611591,1427.898678
51.450001,1406.928898,245.532212,-11.435436,1428.238692
51.462501,1407.258308,245.638265,-11.264871,1428.580064
51.475001,1407.586378,245.75729,-11.100395,1428.922418
51.487501,1407.912644,245.889339,-10.942398,1429.265306
51.500001,1408.236628,246.034274,-10.791147,1429.608238
51.512501,1408.557875,246.191776,-10.646776,1429.95071
51.525001,1408.875974,246.361359,-10.509278,1430.292234
51.537501,1409.190585,246.542382,-10.3785,1430.632366
51.550001,1409.501465,246.734069,-10.254146,1430.970729
51.562501,1409.808478,246.935533,-10.135778,1431.307038
51.575001,1410.111613,247.145792,-10.022823,1431.641107
51.587501,1410.410981,247.363792,-9.914591,1431.972863
51.600001,1410.706823,247.588425,-9.810284,1432.302346
51.612501,1410.999493,247.818539,-9.709014,1432.629702
51.625001,1411.289451,248.052956,-9.609824,1432.955174
51.637501,1411.577242,248.290476,-9.51171,1433.279088
51.650001,1411.863478,248.529887,-9.413637,1433.601828
51.662501,1412.148811,248.769964,-9.314566,1433.92382
51.675001,1412.433909,249.009476,-9.213473,1434.2455
51.687501,1412.719429,249.247188,-9.109372,1434.567296
51.700001,1413.005996,249.481862,-9.001336,1434.889602
51.712501,1413.294175,249.712268,-8.888515,1435.212753
51.725001,1413.584454,249.937191,-8.770157,1435.537016
51.737501,1413.877226,250.155444,-8.645624,1435.862564
51.750001,1414.172781,250.365884,-8.514401,1436.189481
51.762501,1414.471295,250.56743,-8.376115,1436.517748
51.775001,1414.772832,250.759091,-8.230533,1436.847254
51.787501,1415.077351,250.939983,-8.077569,1437.177801
51.800001,1415.38471,251.109359,-7.917279,1437.50912
51.812501,1415.694689,251.266627,-7.749858,1437.840892
51.825001,1416.007004,251.411374,-7.575624,1438.172765
51.837501,1416.321329,251.543384,-7.395006,1438.504385
51.850001,1416.637322,251.662645,-7.208522,1438.835415
51.862501,1416.954644,251.769361,-7.016766,1439.16556
51.875001,1417.272983,251.863949,-6.82038,1439.49459
51.887501,1417.59207,251.947035,-6.62004,1439.822354
51.900001,1417.911694,252.019441,-6.416434,1440.148791
51.912501,1418.231709,252.082177,-6.210244,1440.47394
51.925001,1418.552041,252.136412,-6.00214,1440.797935
51.937501,1418.872684,252.183461,-5.792764,1441.121004
51.950001,1419.193691,252.224757,-5.58273,1441.443453
51.962501,1419.515165,252.261828,-5.372619,1441.765653
51.975001,1419.837241,252.296268,-5.162982,1442.088019
51.987501,1420.16007,252.329717,-4.954345,1442.410987
52.000001,1420.483797,252.36383,-4.747213,1442.734992
52.012501,1420.80854,252.400255,-4.542075,1443.060437
52.025001,1421.134371,252.440602,-4.339417,1443.387678
52.037501,1421.461301,252.486421,-4.139716,1443.716995
52.050001,1421.789265,252.539173,-3.943455,1444.048579
52.062501,1422.11811,252.600207,-3.751115,1444.382516
52.075001,1422.447597,252.670734,-3.563175,1444.718783
52.087501,1422.7774,252.751802,-3.380112,1445.057241
52.100001,1423.107119,252.844282,-3.202386,1445.397647
52.112501,1423.436286,252.948844,-3.030436,1445.739659
52.125001,1423.764395,253.065954,-2.864665,1446.082859
52.137501,1424.090921,253.195857,-2.705432,1446.426774
52.150001,1424.415347,253.338586,-2.553034,1446.770901
52.162501,1424.737196,253.493961,-2.407702,1447.114737
52.175001,1425.056054,253.661601,-2.269585,1447.457811
52.187501,1425.371602,253.840939,-2.13875,1447.79971
52.200001,1425.683636,254.031245,-2.015173,1448.140105
52.212501,1425.992083,254.23164,-1.898742,1448.478772
52.225001,1426.297017,254.441128,-1.789259,1448.815609
52.237501,1426.59866,254.658612,-1.686447,1449.150644
52.250001,1426.897385,254.88292,-1.58996,1449.484038
52.262501,1427.193705,255.112819,-1.499389,1449.816081
52.275001,1427.488259,255.347037,-1.414283,1450.147179
52.287501,1427.781798,255.58427,-1.334155,1450.477839
52.300001,1428.075152,255.823195,-1.258502,1450.808647
52.312501,1428.369212,256.062478,-1.186817,1451.140243
52.325001,1428.664892,256.300775,-1.118601,1451.47329
52.337501,1428.963104,256.536742,-1.053379,1451.808445
52.350001,1429.264725,256.769038,-0.990709,1452.146334
52.362501,1429.570565,256.996331,-0.930193,1452.487514
52.375001,1429.881341,257.21731,-0.871485,1452.832459
52.387501,1430.197654,257.430698,-0.814298,1453.18153
52.400001,1430.519966,257.635265,-0.758409,1453.53496
52.412501,1430.84859,257.829851,-0.703659,1453.892848
52.425001,1431.183677,258.013386,-0.649958,1454.255152
52.437501,1431.525224,258.184914,-0.59728,1454.621694
52.450001,1431.87307,258.34362,-0.545663,1454.99217
52.462501,1432.226921,258.488852,-0.495203,1455.366168
52.475001,1432.586357,258.620142,-0.446046,1455.743194
52.487501,1432.950868,258.737225,-0.398386,1456.122694
52.500001,1433.319873,258.840053,-0.352451,1456.504087
52.512501,1433.692757,258.928798,-0.308499,1456.886796
52.525001,1434.068893,259.003859,-0.266807,1457.270277
52.537501,1434.447677,259.065853,-0.227665,1457.654042
52.550001,1434.828546,259.115607,-0.191368,1458.037686
52.562501,1435.211002,259.154143,-0.15821,1458.420898
52.575001,1435.594618,259.182655,-0.128476,1458.803473
52.587501,1435.979052,259.202493,-0.102441,1459.185314
52.600001,1436.364039,259.215136,-0.080366,1459.566424
52.612501,1436.74939,259.222165,-0.062491,1459.946897
52.625001,1437.134972,259.225243,-0.049038,1460.326901
52.637501,1437.520701,259.226084,-0.040205,1460.706654
52.650001,1437.90651,259.226431,-0.036167,1461.086403
52.662501,1438.292336,259.228032,-0.037073,1461.466393
52.675001,1438.678091,259.23261,-0.043042,1461.846845
52.687501,1439.063647,259.241844,-0.054165,1462.227929
52.700001,1439.448814,259.257338,-0.070499,1462.609743
52.712501,1439.83333,259.280599,-0.092068,1462.992295
52.725001,1440.216851,259.31301,-0.11886,1463.375492
52.737501,1440.598952,259.35581,-0.150827,1463.759133
52.750001,1440.979131,259.410064,-0.187883,1464.142914
52.762501,1441.356823,259.47665,-0.22991,1464.526434
52.775001,1441.731417,259.556239,-0.276755,1464.909211
52.787501,1442.102281,259.649285,-0.328241,1465.290705
52.800001,1442.46879,259.756018,-0.384166,1465.67034
52.812501,1442.830353,259.876443,-0.444317,1466.04754
52.825001,1443.186446,260.010345,-0.508473,1466.421753
52.837501,1443.536641,260.157304,-0.576416,1466.792483
52.850001,1443.880626,260.316705,-0.647945,1467.159319
52.862501,1444.21823,260.487763,-0.722877,1467.521957
52.875001,1444.549436,260.669542,-0.801062,1467.880215
52.887501,1444.874388,260.860982,-0.882388,1468.23405
52.900001,1445.193387,261.060918,-0.966786,1468.583557
52.912501,1445.506892,261.268108,-1.054236,1468.928967
52.925001,1445.8155,261.481246,-1.144765,1469.27064
52.937501,1446.119928,261.698987,-1.23845,1469.609043
52.950001,1446.420989,261.919951,-1.33541,1469.944735
52.962501,1446.719568,262.142745,-1.435808,1470.278337
52.975001,1447.016585,262.365961,-1.539834,1470.610508
52.987501,1447.312968,262.588192,-1.647703,1470.941909
53.000001,1447.609621,262.808035,-1.759644,1471.273182
53.012501,1447.907393,263.0241,-1.875885,1471.604911
53.025001,1448.20705,263.235016,-1.996643,1471.937607
53.037501,1448.509249,263.439449,-2.122113,1472.271677
53.050001,1448.814523,263.636113,-2.252458,1472.607413
53.062501,1449.123259,263.823786,-2.387798,1472.944979
53.075001,1449.435697,264.001336,-2.528201,1473.284404
53.087501,1449.751921,264.167738,-2.673683,1473.625589
53.100001,1450.071871,264.3221,-2.824201,1473.96831
53.112501,1450.395348,264.463686,-2.979655,1474.312241
53.125001,1450.722035,264.591941,-3.139891,1474.656969
53.137501,1451.051519,264.706502,-3.304709,1475.002022
53.150001,1451.383318,264.807218,-3.473868,1475.346897
53.162501,1451.716908,264.894161,-3.647099,1475.691092
53.175001,1452.051752,264.967622,-3.824113,1476.034131
53.187501,1452.387331,265.028116,-4.004614,1476.375595
53.200001,1452.723163,265.076368,-4.188307,1476.715142
53.212501,1453.05883,265.113304,-4.374909,1477.052527
53.225001,1453.393988,265.140031,-4.564153,1477.387611
53.237501,1453.728382,265.157816,-4.755792,1477.720371
53.250001,1454.061842,265.168065,-4.949602,1478.050893
53.262501,1454.394287,265.172295,-5.145375,1478.37937
53.275001,1454.72571,265.172113,-5.342921,1478.706086
53.287501,1455.056171,265.169187,-5.542054,1479.031397
53.300001,1455.385774,265.165226,-5.742585,1479.355713
53.312501,1455.714651,265.161949,-5.944317,1479.679472
53.325001,1456.042941,265.161065,-6.147027,1480.003116
53.337501,1456.370768,265.164246,-6.350459,1480.327065
53.350001,1456.698222,265.173107,-6.554319,1480.651697
53.362501,1457.025346,265.189171,-6.758265,1480.977323
53.375001,1457.352119,265.213858,-6.961906,1481.304175
53.387501,1457.678453,265.248447,-7.164804,1481.632393
53.400001,1458.004189,265.294065,-7.366475,1481.962017
53.412501,1458.329098,265.351656,-7.566403,1482.292991
53.425001,1458.652896,265.421971,-7.764046,1482.625163
53.437501,1458.975252,265.505549,-7.958859,1482.958303
53.450001,1459.295811,265.60271,-8.150306,1483.292113
53.462501,1459.614213,265.71355,-8.337882,1483.626254
53.475001,1459.930116,265.837946,-8.521133,1483.960365
53.487501,1460.24322,265.975561,-8.699676,1484.29409
53.500001,1460.553293,266.125862,-8.873216,1484.627101
53.512501,1460.860184,266.288132,-9.041558,1484.959123
53.525001,1461.163845,266.461497,-9.20462,1485.28995
53.537501,1461.464337,266.644947,-9.362442,1485.619463
53.550001,1461.761838,266.837358,-9.515182,1485.947639
53.562501,1462.056643,267.037518,-9.663122,1486.274551
53.575001,1462.349157,267.24415,-9.806653,1486.600371
53.587501,1462.639883,267.455926,-9.946275,1486.92536
53.600001,1462.929404,267.671484,-10.082573,1487.249853
53.612501,1463.218369,267.889444,-10.216212,1487.57424
53.625001,1463.507461,268.108413,-10.347913,1487.898951
53.637501,1463.797378,268.326998,-10.478434,1488.224425
53.650001,1464.088804,268.543807,-10.608553,1488.551089
53.662501,1464.382383,268.757461,-10.739048,1488.879331
53.675001,1464.678693,268.966599,-10.870674,1489.209481
53.687501,1464.97823,269.169886,-11.004146,1489.541786
53.700001,1465.281379,269.36603,-11.140118,1489.876397
53.712501,1465.58841,269.55379,-11.279173,1490.213358
53.725001,1465.899463,269.732,-11.421802,1490.552598
53.737501,1466.21455,269.899586,-11.568393,1490.893934
53.750001,1466.533556,270.055586,-11.71923,1491.237081
53.762501,1466.85625,270.199175,-11.874478,1491.581662
53.775001,1467.182301,270.329683,-12.034189,1491.927232
53.787501,1467.511304,270.446617,-12.198303,1492.273298
53.800001,1467.842796,270.549674,-12.36665,1492.619354
53.812501,1468.176296,270.638754,-12.538965,1492.964901
53.825001,1468.511323,270.713963,-12.714893,1493.309487
53.837501,1468.84743,270.775616,-12.894008,1493.652725
53.850001,1469.184231,270.82423,-13.075819,1493.994325
53.862501,1469.521416,270.860509,-13.259789,1494.334109
53.875001,1469.858774,270.885337,-13.445342,1494.672024
53.887501,1470.1962,270.899752,-13.631877,1495.00815
53.900001,1470.533697,270.904926,-13.818772,1495.3427
53.912501,1470.871377,270.902145,-14.005393,1495.676011
53.925001,1471.209448,270.892781,-14.191092,1496.008531
53.937501,1471.548202,270.878271,-14.375212,1496.340802
53.950001,1471.887994,270.860094,-14.557083,1496.673433
53.962501,1472.229216,270.839747,-14.736022,1497.007076
53.975001,1472.572278,270.818725,-14.911329,1497.342393
53.987501,1472.917573,270.798499,-15.082288,1497.680032
54.000001,1473.265458,270.780495,-15.248165,1498.020591
54.012501,1473.616227,270.766073,-15.408211,1498.364596
54.025001,1473.970089,270.756512,-15.561672,1498.712473
54.037501,1474.327153,270.75298,-15.707789,1499.06453
54.050001,1474.687419,270.756524,-15.845817,1499.420944
54.062501,1475.050769,270.768048,-15.975035,1499.781754
54.075001,1475.416974,270.788295,-16.094766,1500.146856
54.087501,1475.785701,270.817835,-16.204393,1500.516017
54.100001,1476.156529,270.857054,-16.303376,1500.888884
54.112501,1476.528969,270.906148,-16.391273,1501.265004
54.125001,1476.902495,270.965118,-16.467755,1501.643853
54.137501,1477.276563,271.033775,-16.532618,1502.024859
54.150001,1477.650651,271.111747,-16.585793,1502.407439
54.162501,1478.024279,271.198491,-16.627353,1502.791024
54.175001,1478.397043,271.293304,-16.657512,1503.175088
54.187501,1478.768628,271.395347,-16.676625,1503.559177
54.200001,1479.138831,271.503659,-16.685181,1503.942922
54.212501,1479.50757,271.617181,-16.683789,1504.326059
54.225001,1479.874883,271.734775,-16.673175,1504.708427
54.237501,1480.240927,271.855239,-16.654161,1505.089975
54.250001,1480.605966,271.97733,-16.627653,1505.470748
54.262501,1480.970357,272.099777,-16.59463,1505.850878
54.275001,1481.334521,272.221294,-16.556125,1506.230561
54.287501,1481.698927,272.340593,-16.513213,1506.610034
54.300001,1482.064056,272.456396,-16.466998,1506.989554
54.312501,1482.430375,272.567445,-16.418599,1507.369364
54.325001,1482.798312,272.672515,-16.369139,1507.749675
54.337501,1483.168222,272.770425,-16.319727,1508.130636
54.350001,1483.540373,272.86005,-16.271448,1508.512316
54.362501,1483.914921,272.94034,-16.225344,1508.89469
54.375001,1484.2919,273.01033,-16.182402,1509.277627
54.387501,1484.671219,273.069161,-16.143538,1509.660892
54.400001,1485.052658,273.116093,-16.109574,1510.044144
54.412501,1485.435883,273.150524,-16.081232,1510.426952
54.425001,1485.820459,273.171996,-16.05911,1510.808814
54.437501,1486.205871,273.180216,-16.043671,1511.189175
54.450001,1486.591553,273.175052,-16.035237,1511.567459
54.462501,1486.976915,273.156542,-16.033973,1511.943097
54.475001,1487.361378,273.124891,-16.039888,1512.31556
54.487501,1487.744403,273.080461,-16.052834,1512.684382
54.500001,1488.125519,273.02376,-16.072503,1513.049192
54.512501,1488.504348,272.955431,-16.098442,1513.409733
54.525001,1488.880623,272.87623,-16.130054,1513.765875
54.537501,1489.254201,272.787011,-16.166613,1514.117627
54.550001,1489.625066,272.688702,-16.207278,1514.465134
54.562501,1489.993329,272.58229,-16.251103,1514.808675
54.575001,1490.359214,272.468805,-16.297055,1515.14865
54.587501,1490.723049,272.349297,-16.344027,1515.485558
54.600001,1491.085239,272.224833,-16.390855,1515.819979
54.612501,1491.446241,272.096477,-16.436331,1516.152544
54.625001,1491.806541,271.965289,-16.479219,1516.483907
54.637501,1492.166621,271.832311,-16.51827,1516.814716
54.650001,1492.52693,271.698566,-16.55224,1517.145584
54.662501,1492.887859,271.565046,-16.579908,1517.47706
54.675001,1493.249718,271.432712,-16.600093,1517.809606
54.687501,1493.612713,271.302482,-16.611675,1518.143577
54.700001,1493.976937,271.175223,-16.613616,1518.479207
54.712501,1494.342359,271.051742,-16.604978,1518.816598
54.725001,1494.708828,270.932776,-16.584948,1519.155722
54.737501,1495.076076,270.818974,-16.552854,1519.496425
54.750001,1495.443735,270.710893,-16.508181,1519.838436
54.762501,1495.811357,270.60898,-16.450584,1520.18139
54.775001,1496.178438,270.513564,-16.379898,1520.524846
54.787501,1496.544447,270.424844,-16.296141,1520.868319
54.800001,1496.908859,270.342889,-16.199513,1521.211304
54.812501,1497.271181,270.267628,-16.090387,1521.553312
54.825001,1497.630989,270.198854,-15.969305,1521.893892
54.837501,1497.987942,270.136228,-15.836958,1522.232658
54.850001,1498.341813,270.079286,-15.694169,1522.569314
54.862501,1498.692495,270.027448,-15.541878,1522.903663
54.875001,1499.040014,269.980031,-15.381125,1523.235622
54.887501,1499.384526,269.936265,-15.213023,1523.56522
54.900001,1499.72631,269.895308,-15.038754,1523.892597
54.912501,1500.065758,269.856264,-14.859545,1524.217992
54.925001,1500.403353,269.818196,-14.676662,1524.54173
54.937501,1500.739651,269.780152,-14.491396,1524.8642
54.950001,1501.075249,269.741173,-14.305058,1525.185837
54.962501,1501.410763,269.700319,-14.118973,1525.507091
54.975001,1501.746796,269.656678,-13.934465,1525.828408
54.987501,1502.083913,269.609389,-13.75286,1526.150204
55.000001,1502.422614,269.557656,-13.575467,1526.472841
55.012501,1502.763312,269.50076,-13.40357,1526.79661
55.025001,1503.106319,269.438078,-13.238415,1527.121717
55.037501,1503.451829,269.369091,-13.081186,1527.448273
55.050001,1503.799915,269.293398,-12.932992,1527.776287
55.062501,1504.150533,269.210721,-12.794843,1528.105672
55.075001,1504.503522,269.120911,-12.667624,1528.436253
55.087501,1504.858625,269.023947,-12.552079,1528.767778
55.100001,1505.215502,268.919937,-12.448783,1529.099936
55.112501,1505.57376,268.809109,-12.35813,1529.432381
55.125001,1505.932973,268.691798,-12.280318,1529.764755
55.137501,1506.292711,268.568442,-12.215339,1530.096714
55.150001,1506.652571,268.439557,-12.162977,1530.427947
55.162501,1507.012195,268.305728,-12.122807,1530.758205
55.175001,1507.371298,268.167588,-12.094208,1531.087311
55.187501,1507.729677,268.025803,-12.076367,1531.415179
55.200001,1508.087229,267.881056,-12.068304,1531.741817
55.212501,1508.443944,267.734036,-12.068883,1532.067331
55.225001,1508.799915,267.585426,-12.076835,1532.391919
55.237501,1509.155316,267.435893,-12.090782,1532.715862
55.250001,1509.510399,267.286089,-12.109256,1533.039507
55.262501,1509.865464,267.136642,-12.130725,1533.363251
55.275001,1510.220846,266.98816,-12.153609,1533.687515
55.287501,1510.576884,266.84123,-12.176311,1534.012721
55.300001,1510.933897,266.696419,-12.197231,1534.339269
55.312501,1511.29216,266.554279,-12.214791,1534.667514
55.325001,1511.651881,266.415342,-12.227461,1534.997738
55.337501,1512.013183,266.280129,-12.233777,1535.33014
55.350001,1512.376087,266.14914,-12.232367,1535.664815
55.362501,1512.740507,266.022855,-12.221978,1536.00175
55.375001,1513.106245,265.901731,-12.201491,1536.34082
55.387501,1513.472999,265.78619,-12.16995,1536.681791
55.400001,1513.840374,265.676616,-12.126579,1537.024332
55.412501,1514.207898,265.573346,-12.070794,1537.368031
55.425001,1514.575048,265.476662,-12.002223,1537.712421
55.437501,1514.941279,265.386782,-11.920702,1538.056997
55.450001,1515.30605,265.303855,-11.826287,1538.401256
55.462501,1515.66886,265.227959,-11.71924,1538.744717
55.475001,1516.029271,265.159097,-11.600026,1539.086956
55.487501,1516.386945,265.097195,-11.469296,1539.427632
55.500001,1516.741653,265.042113,-11.32787,1539.766504
55.512501,1517.093305,264.993643,-11.176714,1540.103453
55.525001,1517.441946,264.951521,-11.016926,1540.43849
55.537501,1517.787771,264.915433,-10.849704,1540.771761
55.550001,1518.131109,264.885028,-10.676337,1541.103541
55.562501,1518.472418,264.859929,-10.498175,1541.434227
55.575001,1518.812266,264.839741,-10.316625,1541.76432
55.587501,1519.151305,264.824064,-10.133126,1542.094405
55.600001,1519.490249,264.812501,-9.949144,1542.425123
55.612501,1519.829837,264.804667,-9.766157,1542.75715
55.625001,1520.170809,264.800198,-9.585649,1543.091157
55.637501,1520.51387,264.798757,-9.409094,1543.427789
55.650001,1520.859659,264.800035,-9.237949,1543.767632
55.662501,1521.208727,264.803762,-9.073637,1544.111186
55.675001,1521.561509,264.809704,-8.917531,1544.458846
55.687501,1521.918306,264.817668,-8.770938,1544.81088
55.700001,1522.279275,264.827501,-8.635073,1545.167422
55.712501,1522.644424,264.839094,-8.51104,1545.528462
55.725001,1523.013615,264.852378,-8.399807,1545.893855
55.737501,1523.38657,264.867324,-8.30218,1546.263324
55.750001,1523.762891,264.883943,-8.218786,1546.63648
55.762501,1524.142084,264.902286,-8.150053,1547.012843
55.775001,1524.523583,264.922435,-8.096193,1547.39187
55.787501,1524.90678,264.944508,-8.057197,1547.772981
55.800001,1525.291062,264.968653,-8.032828,1548.155592
55.812501,1525.675835,264.995046,-8.022627,1548.539147
55.825001,1526.060555,265.023884,-8.02592,1548.92314
55.837501,1526.444754,265.055388,-8.041832,1549.307141
55.850001,1526.828052,265.089794,-8.069305,1549.690812
55.862501,1527.210175,265.127354,-8.107116,1550.07392
55.875001,1527.590954,265.168326,-8.153902,1550.456336
55.887501,1527.970325,265.212975,-8.208183,1550.838035
55.900001,1528.348317,265.261565,-8.268384,1551.219083
55.912501,1528.725041,265.314353,-8.33286,1551.599624
55.925001,1529.100665,265.371586,-8.399914,1551.979858
55.937501,1529.475393,265.433494,-8.467823,1552.360016
55.950001,1529.849439,265.500281,-8.534858,1552.740335
55.962501,1530.223003,265.57212,-8.599301,1553.121032
55.975001,1530.596245,265.649147,-8.65947,1553.502276
55.987501,1530.969261,265.731456,-8.713738,1553.88417
56.000001,1531.342072,265.819088,-8.76056,1554.266732
56.012501,1531.714603,265.912034,-8.79849,1554.64988
56.025001,1532.086684,266.010229,-8.826208,1555.033425
56.037501,1532.458047,266.113552,-8.842545,1555.417076
56.050001,1532.828333,266.221831,-8.846502,1555.800444
56.062501,1533.197105,266.334842,-8.837271,1556.183058
56.075001,1533.563871,266.452325,-8.814252,1556.564383
56.087501,1533.928101,266.573986,-8.777065,1556.943848
56.100001,1534.289262,266.699515,-8.725555,1557.320874
56.112501,1534.64684,266.828595,-8.659796,1557.694905
56.125001,1535.000373,266.960921,-8.580085,1558.065434
56.137501,1535.349471,267.096208,-8.48693,1558.432036
56.150001,1535.693846,267.234213,-8.38104,1558.794392
56.162501,1536.033322,267.374738,-8.263299,1559.152301
56.175001,1536.367848,267.517646,-8.134749,1559.5057
56.187501,1536.697505,267.662868,-7.996565,1559.854666
56.200001,1537.022502,267.810401,-7.850033,1560.199412
56.212501,1537.343164,267.960316,-7.69653,1560.540281
56.225001,1537.659922,268.11275,-7.537497,1560.877733
56.237501,1537.973293,268.267901,-7.374426,1561.212317
56.250001,1538.283852,268.42602,-7.208846,1561.544653
56.262501,1538.592212,268.587397,-7.0423,1561.875404
56.275001,1538.898991,268.752349,-6.876339,1562.205241
56.287501,1539.20479,268.921204,-6.71251,1562.534818
56.300001,1539.510161,269.094287,-6.552337,1562.864742
56.312501,1539.815585,269.271897,-6.397313,1563.195547
56.325001,1540.121456,269.454302,-6.24888,1563.527668
56.337501,1540.428057,269.641716,-6.108414,1563.861428
56.350001,1540.735555,269.834293,-5.977206,1564.197022
56.362501,1541.043997,270.032113,-5.856435,1564.534513
56.375001,1541.353307,270.235183,-5.747154,1564.87383
56.387501,1541.663299,270.443433,-5.650259,1565.214779
56.400001,1541.973687,270.656715,-5.566474,1565.557056
56.412501,1542.284109,270.874815,-5.496329,1565.900267
56.425001,1542.594143,271.097461,-5.440147,1566.243952
56.437501,1542.903342,271.324334,-5.39803,1566.587615
56.450001,1543.211255,271.555084,-5.369858,1566.930751
56.462501,1543.517457,271.789347,-5.355288,1567.272876
56.475001,1543.821573,272.026758,-5.353761,1567.613558
56.487501,1544.123298,272.266968,-5.364512,1567.952435
56.500001,1544.42242,272.509651,-5.386588,1568.289239
56.512501,1544.718824,272.754521,-5.418867,1568.623804
56.525001,1545.012505,273.001328,-5.460081,1568.956079
56.537501,1545.303562,273.249866,-5.508836,1569.286123
56.550001,1545.592198,273.499967,-5.563638,1569.614101
56.562501,1545.878702,273.751495,-5.622917,1569.940273
56.575001,1546.163443,274.004337,-5.685047,1570.264974
56.587501,1546.446841,274.25839,-5.748369,1570.588597
56.600001,1546.729353,274.513545,-5.811213,1570.911566
56.612501,1547.01145,274.769677,-5.871916,1571.234317
56.625001,1547.293589,275.026624,-5.928844,1571.557268
56.637501,1547.576199,275.284183,-5.980412,1571.880796
56.650001,1547.859655,275.542091,-6.025108,1572.205222
56.662501,1548.144269,275.800026,-6.061512,1572.530786
56.675001,1548.430269,276.057598,-6.088319,1572.857642
56.687501,1548.717798,276.314359,-6.104363,1573.185846
56.700001,1549.006907,276.569803,-6.108637,1573.515354
56.712501,1549.297562,276.823384,-6.100313,1573.846033
56.725001,1549.589647,277.074528,-6.078761,1574.177664
56.737501,1549.882978,277.322657,-6.043559,1574.509963
56.750001,1550.177319,277.56721,-5.994503,1574.842599
56.762501,1550.472404,277.807666,-5.93161,1575.175215
56.775001,1550.767951,278.04357,-5.855115,1575.507457
56.787501,1551.06369,278.274551,-5.765463,1575.838994
56.800001,1551.359378,278.500344,-5.663295,1576.169545
56.812501,1551.654821,278.720805,-5.549432,1576.498896
56.825001,1551.949884,278.935918,-5.424852,1576.826915
56.837501,1552.244503,279.145806,-5.290669,1577.153566
56.850001,1552.53869,279.350724,-5.14811,1577.478911
56.862501,1552.832532,279.551058,-4.998493,1577.803109
56.875001,1553.126186,279.747316,-4.843206,1578.12641
56.887501,1553.419869,279.940109,-4.683686,1578.449141
56.900001,1553.713845,280.130136,-4.521408,1578.77169
56.912501,1554.008405,280.318163,-4.357862,1579.094483
56.925001,1554.30385,280.505001,-4.194551,1579.417965
56.937501,1554.600469,280.691481,-4.03297,1579.742572
56.950001,1554.898519,280.878433,-3.874599,1580.068704
56.962501,1555.198202,281.066657,-3.720892,1580.396709
56.975001,1555.499655,281.256905,-3.573262,1580.726855
56.987501,1555.802929,281.449858,-3.433067,1581.059317
57.000001,1556.107986,281.646106,-3.301593,1581.394162
57.012501,1556.414692,281.846135,-3.180036,1581.731346
57.025001,1556.722819,282.050316,-3.06948,1582.070712
57.037501,1557.032055,282.258892,-2.970881,1582.411997
57.050001,1557.342014,282.471984,-2.885042,1582.754843
57.062501,1557.652261,282.689581,-2.812597,1583.09882
57.075001,1557.962327,282.911558,-2.753996,1583.443446
57.087501,1558.271744,283.137677,-2.709492,1583.788216
57.100001,1558.580063,283.367606,-2.679136,1584.13263
57.112501,1558.886889,283.60093,-2.662774,1584.476226
57.125001,1559.191903,283.837172,-2.660053,1584.818604
57.137501,1559.494883,284.075811,-2.670429,1585.159452
57.150001,1559.795725,284.316292,-2.693179,1585.498569
57.162501,1560.094453,284.558047,-2.727422,1585.835875
57.175001,1560.391225,284.800504,-2.77214,1586.171424
57.187501,1560.686332,285.043095,-2.826193,1586.505399
57.200001,1560.980196,285.285258,-2.88835,1586.838112
57.212501,1561.27335,285.526443,-2.957304,1587.169987
57.225001,1561.566425,285.766105,-3.031695,1587.501546
57.237501,1561.860128,286.003701,-3.110133,1587.833382
57.250001,1562.155214,286.238683,-3.191209,1588.166138
57.262501,1562.452461,286.470492,-3.273518,1588.500472
57.275001,1562.752636,286.69855,-3.355673,1588.837034
57.287501,1563.056472,286.922253,-3.436322,1589.176429
57.300001,1563.364636,287.140972,-3.51416,1589.519195
57.312501,1563.677706,287.354051,-3.587951,1589.865778
57.325001,1563.996147,287.560809,-3.656538,1590.216506
57.337501,1564.320297,287.760554,-3.718868,1590.571582
57.350001,1564.650354,287.952587,-3.774002,1590.931068
57.362501,1564.98637,288.136226,-3.821136,1591.294889
57.375001,1565.328259,288.310817,-3.859617,1591.662835
57.387501,1565.675796,288.475759,-3.888955,1592.034574
57.400001,1566.028643,288.630525,-3.908835,1592.409674
57.412501,1566.38636,288.774678,-3.919124,1592.78762
57.425001,1566.748439,288.907895,-3.919877,1593.167853
57.437501,1567.114323,289.029977,-3.911332,1593.549789
57.450001,1567.483444,289.140867,-3.893907,1593.932856
57.462501,1567.855241,289.24065,-3.86819,1594.316522
57.475001,1568.229194,289.329564,-3.834928,1594.700319
57.487501,1568.604841,289.407989,-3.795008,1595.083865
57.500001,1568.981795,289.47645,-3.749439,1595.466874
57.512501,1569.35975,289.535599,-3.699337,1595.84917
57.525001,1569.73849,289.586209,-3.645901,1596.230683
57.537501,1570.117882,289.629154,-3.590397,1596.611443
57.550001,1570.497862,289.665396,-3.534137,1596.991568
57.562501,1570.878429,289.695968,-3.478465,1597.371244
57.575001,1571.259615,289.721952,-3.424736,1597.750706
57.587501,1571.641472,289.744467,-3.374303,1598.130207
57.600001,1572.024041,289.764649,-3.328497,1598.509999
57.612501,1572.407333,289.783631,-3.288615,1598.890299
57.625001,1572.791305,289.802531,-3.255902,1599.271271
57.637501,1573.175845,289.822428,-3.231532,1599.653
57.650001,1573.560753,289.844349,-3.216592,1600.03548
57.662501,1573.945741,289.869252,-3.212065,1600.418601
57.675001,1574.330426,289.898007,-3.21881,1600.802144
57.687501,1574.714336,289.931381,-3.237549,1601.185788
57.700001,1575.096929,289.970026,-3.268852,1601.569117
57.712501,1575.477605,290.014464,-3.313126,1601.951638
57.725001,1575.855736,290.06508,-3.370604,1602.332803
57.737501,1576.230689,290.122114,-3.441351,1602.712036
57.750001,1576.601863,290.185657,-3.525257,1603.088762
57.762501,1576.968716,290.255652,-3.622049,1603.462439
57.775001,1577.330793,290.3319,-3.731301,1603.832586
57.787501,1577.687756,290.414061,-3.852452,1604.198811
57.800001,1578.039404,290.50167,-3.98482,1604.56083
57.812501,1578.385684,290.594142,-4.127626,1604.91849
57.825001,1578.726703,290.690789,-4.280014,1605.27177
57.837501,1579.062727,290.790828,-4.44107,1605.620791
57.850001,1579.394173,290.893399,-4.609841,1605.965807
57.862501,1579.721596,290.997574,-4.785353,1606.307196
57.875001,1580.04567,291.102368,-4.966622,1606.645442
57.887501,1580.367163,291.206751,-5.152664,1606.981111
57.900001,1580.686909,291.30966,-5.342501,1607.314831
57.912501,1581.005777,291.410003,-5.535168,1607.647254
57.925001,1581.324637,291.506676,-5.729714,1607.979035
57.937501,1581.644331,291.598571,-5.925202,1608.310798
57.950001,1581.965641,291.684584,-6.120713,1608.643108
57.962501,1582.289262,291.763638,-6.315347,1608.976448
57.975001,1582.615773,291.834691,-6.508224,1609.311197
57.987501,1582.945625,291.896755,-6.698496,1609.647613
58.000001,1583.279123,291.948919,-6.885349,1609.985826
58.012501,1583.616419,291.990361,-7.068018,1610.325834
58.025001,1583.957515,292.020375,-7.245796,1610.667504
58.037501,1584.302266,292.038383,-7.418054,1611.010588
58.050001,1584.650401,292.043957,-7.58425,1611.354736
58.062501,1585.001533,292.036826,-7.743951,1611.699518
58.075001,1585.355195,292.016891,-7.89684,1612.044453
58.087501,1585.71086,291.984228,-8.042734,1612.389037
58.100001,1586.067975,291.939083,-8.18159,1612.73277
58.112501,1586.425992,291.881877,-8.31351,1613.075191
58.125001,1586.784393,291.813189,-8.438745,1613.415898
58.137501,1587.142717,291.733747,-8.55769,1613.754572
58.150001,1587.500579,291.644413,-8.670878,1614.090994
58.162501,1587.857684,291.546168,-8.778967,1614.425057
58.175001,1588.213833,291.44009,-8.88273,1614.756765
58.187501,1588.568925,291.327345,-8.983036,1615.086235
58.200001,1588.922951,291.209164,-9.080833,1615.413688
58.212501,1589.27598,291.086834,-9.177123,1615.739429
58.225001,1589.628145,290.96168,-9.272948,1616.063838
58.237501,1589.979625,290.835057,-9.369363,1616.387337
58.250001,1590.330616,290.708337,-9.467415,1616.710375
58.262501,1590.681314,290.582897,-9.568123,1617.033398
58.275001,1591.031889,290.460109,-9.672453,1617.356826
58.287501,1591.382467,290.341324,-9.781302,1617.68103
58.300001,1591.733112,290.227859,-9.895477,1618.006313
58.312501,1592.08381,290.120981,-10.015675,1618.332894
58.325001,1592.434467,290.021889,-10.142472,1618.660896
58.337501,1592.784905,289.93169,-10.27631,1618.990346
58.350001,1593.134867,289.851382,-10.417487,1619.32117
58.362501,1593.484027,289.781832,-10.566156,1619.653203
58.375001,1593.832007,289.723756,-10.722322,1619.9862
58.387501,1594.178399,289.677699,-10.885848,1620.319857
58.400001,1594.52279,289.644027,-11.056468,1620.653829
58.412501,1594.864783,289.622908,-11.233795,1620.987755
58.425001,1595.204027,289.614316,-11.417342,1621.321281
58.437501,1595.540245,289.618023,-11.606541,1621.654089
58.450001,1595.873245,289.633608,-11.800759,1621.985913
58.462501,1596.20295,289.660466,-11.999325,1622.316562
58.475001,1596.529398,289.697819,-12.201546,1622.645933
58.487501,1596.852756,289.744735,-12.406722,1622.974018
58.500001,1597.173314,289.800144,-12.614167,1623.300908
58.512501,1597.491481,289.862859,-12.823212,1623.626787
58.525001,1597.807769,289.931595,-13.033217,1623.951927
58.537501,1598.122778,290.004987,-13.24357,1624.276669
58.550001,1598.437172,290.081612,-13.453693,1624.601409
58.562501,1598.751654,290.160002,-13.663033,1624.92657
58.575001,1599.066938,290.238666,-13.871058,1625.252584
58.587501,1599.383722,290.316107,-14.077256,1625.579866
58.600001,1599.702656,290.390835,-14.281123,1625.908785
58.612501,1600.024323,290.461392,-14.482159,1626.239647
58.625001,1600.34921,290.526367,-14.679868,1626.572673
58.637501,1600.677689,290.584417,-14.873753,1626.907987
58.650001,1601.010008,290.63429,-15.063316,1627.245599
58.662501,1601.346279,290.674844,-15.248068,1627.585412
58.675001,1601.686475,290.705075,-15.427529,1627.927214
58.687501,1602.030441,290.724132,-15.601242,1628.270694
58.700001,1602.377903,290.731337,-15.76878,1628.615457
58.712501,1602.728484,290.726205,-15.929764,1628.961043
58.725001,1603.081735,290.708451,-16.083867,1629.306952
58.737501,1603.437154,290.678,-16.230833,1629.652677
58.750001,1603.794222,290.634987,-16.370484,1629.997728
58.762501,1604.152428,290.579756,-16.502726,1630.341666
58.775001,1604.511305,290.512849,-16.627556,1630.684126
58.787501,1604.87045,290.434995,-16.745061,1631.024845
58.800001,1605.229546,290.347093,-16.855419,1631.363673
58.812501,1605.58838,290.250193,-16.958888,1631.700593
58.825001,1605.94685,290.145475,-17.055806,1632.035717
58.837501,1606.304967,290.034232,-17.146572,1632.369293
58.850001,1606.662851,289.917846,-17.23164,1632.701688
58.862501,1607.020717,289.797769,-17.311499,1633.03338
58.875001,1607.378863,289.675512,-17.386666,1633.364934
58.887501,1607.737642,289.552617,-17.457665,1633.696977
58.900001,1608.09744,289.430654,-17.525016,1634.030173
58.912501,1608.45865,289.311197,-17.589222,1634.365191
58.925001,1608.821643,289.195809,-17.650755,1634.702677
58.937501,1609.18674,289.086031,-17.710049,1635.043224
58.950001,1609.554192,288.983359,-17.767486,1635.387343
58.962501,1609.924155,288.889226,-17.823392,1635.735444
58.975001,1610.296679,288.80498,-17.878031,1636.087814
58.987501,1610.671699,288.731864,-17.931601,1636.444607
59.000001,1611.049028,288.670987,-17.98423,1636.805835
59.012501,1611.428369,288.623307,-18.03598,1637.171371
59.025001,1611.809324,288.589606,-18.086846,1637.540959
59.037501,1612.191412,288.570469,-18.136762,1637.914224
59.050001,1612.574093,288.566276,-18.185605,1638.2907
59.062501,1612.956799,288.577182,-18.233201,1638.669849
59.075001,1613.33896,288.60312,-18.279334,1639.051096
59.087501,1613.720039,288.643798,-18.323756,1639.433855
59.100001,1614.099558,288.698709,-18.366189,1639.817564
59.112501,1614.477125,288.767139,-18.406341,1640.201708
59.125001,1614.852457,288.848187,-18.443908,1640.585844
59.137501,1615.22539,288.940785,-18.478583,1640.969621
59.150001,1615.595893,289.043715,-18.510064,1641.35279
59.162501,1615.964063,289.155638,-18.538055,1641.735209
59.175001,1616.330125,289.275112,-18.562274,1642.116842
59.187501,1616.694412,289.400615,-18.582453,1642.497746
59.200001,1617.057351,289.530566,-18.598345,1642.878061
59.212501,1617.419438,289.663339,-18.609722,1643.257986
59.225001,1617.78121,289.797286,-18.616382,1643.637758
59.237501,1618.143218,289.930747,-18.618144,1644.017624
59.250001,1618.505995,290.062071,-18.614859,1644.397815
59.262501,1618.870029,290.18963,-18.606405,1644.778523
59.275001,1619.235734,290.311832,-18.592693,1645.159873
59.287501,1619.603429,290.427147,-18.573668,1645.54191
59.300001,1619.973322,290.534123,-18.549311,1645.924578
59.312501,1620.345492,290.631408,-18.519641,1646.307719
59.325001,1620.719892,290.717772,-18.484716,1646.691068
59.337501,1621.096342,290.792135,-18.44463,1647.074261
59.350001,1621.474547,290.853584,-18.399514,1647.456845
59.362501,1621.854105,290.901393,-18.349528,1647.8383
59.375001,1622.234535,290.935047,-18.29486,1648.218065
59.387501,1622.6153,290.954247,-18.23572,1648.595562
59.400001,1622.995836,290.958921,-18.172326,1648.970227
59.412501,1623.375584,290.949227,-18.1049,1649.341543
59.425001,1623.75402,290.925548,-18.033657,1649.709067
59.437501,1624.130681,290.88848,-17.958796,1650.072451
59.450001,1624.505188,290.838821,-17.88049,1650.43147
59.462501,1624.877264,290.77755,-17.798878,1650.786027
59.475001,1625.246746,290.705808,-17.714059,1651.136166
59.487501,1625.613584,290.624873,-17.626086,1651.482068
59.500001,1625.977843,290.536138,-17.534967,1651.824043
59.512501,1626.339693,290.441089,-17.440659,1652.162522
59.525001,1626.699387,290.34128,-17.343076,1652.49803
59.537501,1627.057249,290.238315,-17.242089,1652.831166
59.550001,1627.413643,290.133827,-17.137534,1653.162575
59.562501,1627.76895,290.029464,-17.029223,1653.492921
59.575001,1628.123538,289.926863,-16.916949,1653.822851
59.587501,1628.47774,289.827641,-16.8005,1654.152976
59.600001,1628.831825,289.733371,-16.67967,1654.483832
59.612501,1629.185981,289.645564,-16.554272,1654.815868
59.625001,1629.540297,289.565651,-16.424146,1655.149419
59.637501,1629.894755,289.494956,-16.289169,1655.484696
59.650001,1630.249226,289.434681,-16.149267,1655.821781
59.662501,1630.60347,289.385876,-16.004416,1656.160621
59.675001,1630.957154,289.349425,-15.854647,1656.501041
59.687501,1631.309861,289.326022,-15.700049,1656.842751
59.700001,1631.661115,289.316158,-15.540761,1657.18537
59.712501,1632.010409,289.32011,-15.376971,1657.528447
59.725001,1632.357233,289.337931,-15.208908,1657.871492
59.737501,1632.701101,289.369454,-15.03683,1658.214
59.750001,1633.041585,289.414295,-14.861017,1658.555487
59.762501,1633.378341,289.471861,-14.681757,1658.895511
59.775001,1633.711125,289.54137,-14.499338,1659.233702
59.787501,1634.03982,289.621865,-14.314037,1659.569779
59.800001,1634.364438,289.712237,-14.126116,1659.903565
59.812501,1634.685128,289.81125,-13.935816,1660.234994
59.825001,1635.002175,289.91756,-13.743352,1660.564116
59.837501,1635.315985,290.029738,-13.548922,1660.891084
59.850001,1635.627077,290.146294,-13.352704,1661.216152
59.862501,1635.93606,290.265694,-13.154866,1661.539652
59.875001,1636.243607,290.386376,-12.955574,1661.861978
59.887501,1636.550434,290.506772,-12.755002,1662.183563
59.900001,1636.857268,290.625319,-12.553344,1662.504851
59.912501,1637.164822,290.740475,-12.350822,1662.826275
59.925001,1637.473766,290.85074,-12.147697,1663.148235
59.937501,1637.784701,290.954667,-11.944274,1663.471073
59.950001,1638.098143,291.050883,-11.740909,1663.795057
59.962501,1638.414499,291.138111,-11.538008,1664.120367
59.975001,1638.734058,291.215186,-11.336023,1664.447086
59.987501,1639.056986,291.28108,-11.135448,1664.775201
