time,PN_m,PE_m,PD_m,P_m
0,0,0,0,0
0.025,0.771581,0.002339,-0.009628,0.771644
0.05,1.542502,0.018546,-0.038302,1.543089
0.075,2.311445,0.061678,-0.085387,2.313844
0.1,3.075965,0.143173,-0.149834,3.082938
0.125,3.83237,0.27207,-0.230212,3.848906
0.15,4.57601,0.454357,-0.324809,4.609968
0.175,5.301942,0.692554,-0.431798,5.364389
0.2,6.005812,0.985632,-0.549472,6.110905
0.225,6.68476,1.3293,-0.676511,6.84914
0.25,7.338107,1.716595,-0.81223,7.579857
0.275,7.967676,2.138613,-0.956769,8.304995
0.3,8.577676,2.585232,-1.111162,9.027437
0.325,9.174182,3.045693,-1.277287,9.750555
0.35,9.764326,3.508984,-1.457674,10.477588
0.375,10.35533,3.964087,-1.655209,11.211001
0.4,10.95354,4.4002,-1.872748,11.951945
0.425,11.563618,4.807057,-2.112714,12.699945
0.45,12.188004,5.175412,-2.376729,13.452924
0.475,12.826772,5.497703,-2.665355,14.207566
0.5,13.477885,5.768769,-2.97801,14.959968
0.525,14.137828,5.986487,-3.313067,15.706452
0.55,14.802453,6.152151,-3.668112,16.444349
0.575,15.467853,6.270515,-4.040295,17.172589
0.6,16.131066,6.349479,-4.426647,17.891964
0.625,16.790454,6.399502,-4.824292,18.605019
0.65,17.445696,6.432856,-5.230494,19.31559
0.675,18.097456,6.462813,-5.642536,20.028082
0.7,18.746812,6.502824,-6.057483,20.746633
0.725,19.394629,6.565709,-6.471945,21.474316
0.75,20.041015,6.662849,-6.881927,22.212536
0.775,20.685029,6.803409,-7.282876,22.960772
0.8,21.324703,6.993681,-7.669958,23.716719
0.825,21.957401,7.236625,-8.038554,24.476817
0.85,22.580431,7.531747,-8.384865,25.237057
0.875,23.191759,7.875316,-8.706526,25.993882
0.9,23.790656,8.260906,-9.003051,26.744959
0.925,24.378095,8.680115,-9.276051,27.489653
0.95,24.95683,9.123293,-9.529169,28.229115
0.975,25.531116,9.58015,-9.76777,28.965954
1,26.106138,10.04016,-9.998438,29.703602
1.025,26.687255,10.492803,-10.228363,30.445491
1.05,27.279192,10.927741,-10.464678,31.19422
1.075,27.885315,11.33504,-10.713803,31.950893
1.1,28.507144,11.705561,-10.980858,32.714777
1.125,29.144196,12.031505,-11.269202,33.483372
1.15,29.794226,12.307072,-11.580182,34.252891
1.175,30.453818,12.529077,-11.913098,35.019062
1.2,31.119218,12.697374,-12.265414,35.778058
1.225,31.787214,12.814967,-12.633129,36.527336
1.25,32.455852,12.887787,-13.011208,37.26619
1.275,33.124841,12.924186,-13.39398,37.9959
1.3,33.795553,12.934259,-13.775392,38.719451
1.325,34.470637,12.929102,-14.149136,39.440899
1.35,35.15335,12.920089,-14.508662,40.164511
1.375,35.846739,12.918183,-14.847191,40.893853
1.4,36.552866,12.933281,-15.157821,41.631014
1.425,37.272225,12.973602,-15.433799,42.376117
1.45,38.00351,13.045131,-15.668988,43.127246
1.475,38.743798,13.151194,-15.858446,43.880816
1.5,39.489118,13.292251,-15.999023,44.63231
1.525,40.235291,13.465941,-16.08982,45.377224
1.55,40.978818,13.667405,-16.132412,46.111997
1.575,41.71763,13.889787,-16.130794,46.834702
1.6,42.451482,14.124834,-16.091082,47.545369
1.625,43.181938,14.363466,-16.021074,48.245868
1.65,43.911944,14.596249,-15.929743,48.939412
1.675,44.645089,14.813783,-15.826745,49.629809
1.7,45.384729,15.007025,-15.721937,50.32061
1.725,46.133146,15.167631,-15.624898,51.014327
1.75,46.890917,15.288365,-15.544408,51.711902
1.775,47.656663,15.363544,-15.487896,52.412507
1.8,48.427227,15.389485,-15.460881,53.11376
1.825,49.198279,15.364816,-15.466515,53.812279
1.85,49.965201,15.290589,-15.505284,54.50447
1.875,50.724056,15.170113,-15.574964,55.187332
1.9,51.472394,15.008567,-15.670803,55.859095
1.925,52.209724,14.812457,-15.785898,56.519543
1.95,52.937525,14.589069,-15.911668,57.169954
1.975,53.658849,14.345994,-16.03836,57.812703
2,54.377586,14.09079,-16.155554,58.450613
2.025,55.097566,13.830764,-16.252667,59.086217
2.05,55.821687,13.572806,-16.319515,59.721088
2.075,56.551243,13.323217,-16.346934,60.355393
2.1,57.2856,13.08747,-16.327452,60.987765
2.125,58.022309,12.869896,-16.255931,61.615565
2.15,58.757636,12.673353,-16.13006,62.23546
2.175,59.487404,12.498944,-15.950578,62.844218
2.2,60.207951,12.345869,-15.72119,63.439527
2.225,60.916968,12.211463,-15.448187,64.020648
2.25,61.614041,12.09142,-15.139888,64.588766
2.275,62.300766,11.980168,-14.806036,65.146977
2.3,62.980458,11.871346,-14.457272,65.699922
2.325,63.65751,11.758324,-14.104722,66.25315
2.35,64.336558,11.634734,-13.759674,66.812337
2.375,65.021619,11.494974,-13.433261,67.382475
2.4,65.715367,11.334669,-13.136041,67.967196
2.425,66.418691,11.151034,-12.877442,68.568335
2.45,67.130638,10.943087,-12.665074,69.185821
2.475,67.848763,10.711667,-12.50404,69.817945
2.5,68.569792,10.459236,-12.396364,70.461918
2.525,69.29047,10.18949,-12.3407,71.11461
2.55,70.008352,9.906871,-12.332367,71.773272
2.575,70.722368,9.616076,-12.363709,72.436065
2.6,71.433023,9.321673,-12.424669,73.102276
2.625,72.142196,9.02787,-12.503484,73.77219
2.65,72.852597,8.738462,-12.587388,74.446651
2.675,73.567016,8.456885,-12.663305,75.126453
2.7,74.287532,8.186336,-12.718549,75.811708
2.725,75.014863,7.929841,-12.741539,76.501365
2.75,75.748005,7.690252,-12.722548,77.193028
2.775,76.48429,7.470135,-12.654413,77.883141
2.8,77.219845,7.271577,-12.533106,78.567544
2.825,77.950395,7.095981,-12.358047,79.242276
2.85,78.672217,6.943907,-12.132073,79.90446
2.875,79.383013,6.81503,-11.861089,80.553043
2.9,80.082512,6.708223,-11.553467,81.189233
2.925,80.772658,6.621759,-11.219372,81.816528
2.95,81.457354,6.553584,-10.870115,82.440338
2.975,82.141825,6.501602,-10.51763,83.067267
3,82.831732,6.463931,-10.174059,83.704179
3.025,83.532187,6.439085,-9.851368,84.357202
3.05,84.246873,6.426085,-9.560895,85.030823
3.075,84.977411,6.42448,-9.31277,85.727253
3.1,85.723114,6.434313,-9.115216,86.446167
3.125,86.481205,6.456034,-8.973822,87.184911
3.15,87.247439,6.490403,-8.890943,87.939125
3.175,88.017009,6.538377,-8.865367,88.703658
3.2,88.78551,6.601028,-8.892342,89.473539
3.225,89.549732,6.679465,-8.963937,90.244789
3.25,90.308096,6.77477,-9.069652,91.014879
3.275,91.060665,6.887925,-9.19715,91.782764
3.3,91.808742,7.019714,-9.332989,92.548507
3.325,92.554179,7.17059,-9.463322,93.312635
3.35,93.298576,7.340534,-9.574575,94.075396
3.375,94.042557,7.528913,-9.654134,94.836119
3.4,94.785298,7.734414,-9.691082,95.59284
3.425,95.524427,7.955074,-9.67693,96.342318
3.45,96.256344,8.188468,-9.606265,97.080456
3.475,96.976886,8.432019,-9.477173,97.803027
3.5,97.682188,8.683415,-9.291328,98.50655
3.525,98.369521,8.941028,-9.053735,99.189086
3.55,99.037903,9.204263,-8.772166,99.850766
3.575,99.688344,9.473752,-8.456454,100.493928
3.6,100.323683,9.751353,-8.117772,101.122839
3.625,100.948058,10.039945,-7.768029,101.743074
3.65,101.566137,10.343055,-7.419397,102.360668
3.675,102.182268,10.664364,-7.083913,102.981194
3.7,102.799698,11.00716,-6.773074,103.608928
3.725,103.420018,11.373839,-6.497331,104.246245
3.75,104.042946,11.765534,-6.265465,104.893367
3.775,104.6665,12.181951,-6.083898,105.548519
3.8,105.287527,12.621457,-5.956074,106.208471
3.825,105.902485,13.081401,-5.882049,106.869349
3.85,106.508289,13.558573,-5.858404,107.527538
3.875,107.10303,14.049687,-5.878499,108.180449
3.9,107.686418,14.551752,-5.933005,108.827012
3.925,108.259853,15.062228,-6.010604,109.467775
3.95,108.826158,15.578945,-6.09873,110.104635
3.975,109.389029,16.099826,-6.184297,110.74028
4,109.952346,16.622502,-6.25439,111.377482
4.025,110.51948,17.143964,-6.29696,112.018403
4.05,111.09272,17.660379,-6.301524,112.664061
4.075,111.672961,18.167166,-6.259867,113.314086
4.1,112.25969,18.65937,-6.166652,113.966827
4.125,112.85129,19.132281,-6.019839,114.61979
4.15,113.445588,19.582163,-5.820788,115.270309
4.175,114.040505,20.006941,-5.574035,115.916281
4.2,114.634641,20.406682,-5.286772,116.556782
4.225,115.227659,20.783769,-4.968166,117.192411
4.25,115.820366,21.142746,-4.628659,117.825283
4.275,116.414475,21.489877,-4.279378,118.458676
4.3,117.012127,21.832499,-3.93169,119.096406
4.325,117.615262,22.178259,-3.596859,119.742067
4.35,118.22501,22.534327,-3.285725,120.398276
4.375,118.841219,22.906671,-3.008307,121.066101
4.4,119.462285,23.299474,-2.773292,121.744791
4.425,120.085322,23.714782,-2.587429,122.4319
4.45,120.706688,24.15243,-2.454957,123.123804
4.475,121.322753,24.610253,-2.377176,123.816501
4.5,121.930755,25.084534,-2.352307,124.506531
4.525,122.529529,25.570547,-2.375665,125.191782
4.55,123.119964,26.063076,-2.440112,125.872012
4.575,123.705069,26.556769,-2.536685,126.548966
4.6,124.289661,27.04629,-2.655271,127.226067
4.625,124.879724,27.52627,-2.785246,127.907774
4.65,125.481559,27.991148,-2.91604,128.598714
4.675,126.100861,28.435047,-3.037657,129.30277
4.7,126.741889,28.851788,-3.141175,130.022302
4.725,127.406859,29.235141,-3.219259,130.757657
4.75,128.095696,29.579303,-3.26665,131.507085
4.775,128.806205,29.879545,-3.280573,132.267108
4.8,129.534634,30.132875,-3.260974,133.03325
4.825,130.276489,30.338564,-3.210514,133.80097
4.85,131.027423,30.498419,-3.134325,134.566575
4.875,131.783958,30.616751,-3.039573,135.327884
4.9,132.543884,30.700081,-2.934905,136.084495
4.925,133.306247,30.756648,-2.829885,136.837623
4.95,134.070968,30.795839,-2.734464,137.589554
4.975,134.838197,30.827572,-2.658485,138.342857
5,135.607596,30.861695,-2.611202,139.099542
5.025,136.377736,30.907373,-2.600782,139.860347
5.05,137.145797,30.972493,-2.633794,140.624328
5.075,137.907656,31.063114,-2.71474,141.388855
5.1,138.658409,31.183026,-2.845719,142.150039
5.125,139.393197,31.333483,-3.026317,142.903496
5.15,140.108159,31.51318,-3.253774,143.645271
5.175,140.801282,31.718445,-3.523406,144.372695
5.2,141.472935,31.943612,-3.829189,145.08497
5.225,142.125982,32.181471,-4.164358,145.783345
5.25,142.765445,32.423701,-4.521908,146.470872
5.275,143.397811,32.661264,-4.894905,147.151794
5.3,144.030091,32.884741,-5.276634,147.830702
5.325,144.668821,33.084685,-5.660617,148.511639
5.35,145.319138,33.252048,-6.040636,149.197318
5.375,145.984106,33.378717,-6.410832,149.888614
5.4,146.664402,33.458143,-6.765946,150.584435
5.425,147.358433,33.485959,-7.1017,151.282026
5.45,148.062867,33.460482,-7.415237,151.977637
5.475,148.773458,33.382956,-7.705511,152.667412
5.5,149.485983,33.257505,-7.973529,153.348289
5.525,150.197052,33.090804,-8.222368,154.01871
5.55,150.904634,32.891568,-8.456945,154.67897
5.575,151.608179,32.669989,-8.683596,155.331172
5.6,152.308355,32.437199,-8.909492,155.978799
5.625,153.006489,32.204801,-9.141995,156.626023
5.65,153.703877,31.984437,-9.387984,157.276891
5.675,154.401124,31.787315,-9.653223,157.93456
5.7,155.097699,31.623655,-9.941831,158.600731
5.725,155.791815,31.502039,-10.255919,159.275396
5.75,156.48068,31.428748,-10.595467,159.956973
5.775,157.161081,31.40719,-10.958482,160.642788
5.8,157.830156,31.437557,-11.341402,161.329804
5.825,158.48617,31.516799,-11.739683,162.015415
5.85,159.129092,31.6389,-12.148419,162.698101
5.875,159.760857,31.795387,-12.562875,163.377795
5.9,160.38522,31.975954,-12.978815,164.055875
5.925,161.007273,32.169085,-13.392598,164.734798
5.95,161.632691,32.362636,-13.801071,165.417462
5.975,162.266865,32.544383,-14.201343,166.106443
6,162.914056,32.702582,-14.590553,166.803275
6.025,163.576749,32.826604,-14.965729,167.507946
6.05,164.255318,32.907624,-15.323806,168.218727
6.075,164.948093,32.939316,-15.661818,168.932426
6.1,165.651847,32.918422,-15.977212,169.645006
6.125,166.36258,32.845075,-16.268197,170.352462
6.15,167.076456,32.722795,-16.534029,171.05174
6.175,167.790645,32.558168,-16.775134,171.741491
6.2,168.503889,32.360289,-16.993055,172.422483
6.225,169.216674,32.140101,-17.190213,173.09758
6.25,169.930973,31.909749,-17.369547,173.771312
6.275,170.649645,31.681985,-17.534108,174.449117
6.3,171.375627,31.469636,-17.68666,175.136408
6.325,172.111101,31.28504,-17.829359,175.837626
6.35,172.856813,31.139426,-17.963535,176.55546
6.375,173.61172,31.042202,-18.089602,177.290387
6.4,174.373043,31.000227,-18.207106,178.040644
6.425,175.136757,31.017191,-18.314879,178.802641
6.45,175.898397,31.093247,-18.411277,179.571744
6.475,176.654004,31.224983,-18.494446,180.343232
6.5,177.400972,31.40574,-18.562565,181.113208
6.525,178.138594,31.626202,-18.614038,181.879239
6.55,178.868197,31.875098,-18.647605,182.640595
6.575,179.592829,32.139902,-18.662405,183.398045
6.6,180.316596,32.407447,-18.657988,184.1533
6.625,181.043779,32.664463,-18.634324,184.908234
6.65,181.777924,32.898102,-18.591815,185.66409
6.675,182.521071,33.096517,-18.531293,186.42084
6.7,183.273299,33.249535,-18.454007,187.176879
6.725,184.032685,33.349372,-18.36154,187.929125
6.75,184.795703,33.391292,-18.255668,188.673527
6.775,185.557976,33.374039,-18.138136,189.405863
6.8,186.315209,33.299957,-18.010393,190.122641
6.825,187.064078,33.17475,-17.873333,190.821879
6.85,187.802851,33.00694,-17.727082,191.503573
6.875,188.531614,32.807173,-17.570897,192.16976
6.9,189.252063,32.587485,-17.403182,192.824164
6.925,189.966933,32.360642,-17.221652,193.471528
6.95,190.679201,32.139551,-17.0236,194.116747
6.975,191.391249,31.936719,-16.806272,194.763999
7,192.104168,31.763677,-16.567259,195.416009
7.025,192.817357,31.630339,-16.304881,196.07361
7.05,193.528532,31.544333,-16.018451,196.735681
7.075,194.23415,31.510386,-15.7084,197.399502
7.1,194.930171,31.529901,-15.376196,198.061439
7.125,195.612978,31.60083,-15.024113,198.717824
7.15,196.280246,31.717889,-14.654891,199.365808
7.175,196.931557,31.873057,-14.271407,200.004008
7.2,197.568625,32.056236,-13.876444,200.632798
7.225,198.195113,32.255965,-13.472622,201.254221
7.25,198.816085,32.46007,-13.062498,201.871545
7.275,199.437226,32.656248,-12.648794,202.488591
7.3,200.063959,32.832604,-12.234651,203.108971
7.325,200.700637,32.978214,-11.823813,203.735394
7.35,201.349939,33.083734,-11.42063,204.369181
7.375,202.012589,33.142038,-11.029832,205.010092
7.4,202.687466,33.148796,-10.656079,205.656518
7.425,203.372064,33.102869,-10.303363,206.305976
7.45,204.06322,33.006408,-9.974397,206.955815
7.475,204.757904,32.864643,-9.670111,207.603938
7.5,205.453892,32.685389,-9.389389,208.249363
7.525,206.150159,32.478398,-9.129067,208.892495
7.55,206.846897,32.254693,-8.8842,209.53504
7.575,207.54518,32.025953,-8.648519,210.179591
7.6,208.24638,31.804011,-8.415032,210.828989
7.625,208.951462,31.600395,-8.17667,211.485593
7.65,209.660358,31.42586,-7.926954,212.150624
7.675,210.371586,31.289874,-7.660589,212.823741
7.7,211.082213,31.200032,-7.373946,213.502969
7.725,211.788243,31.161517,-7.065356,214.185012
7.75,212.48533,31.176678,-6.735176,214.86592
7.775,213.169699,31.244879,-6.385618,215.541966
7.8,213.839029,31.362635,-6.020407,216.210524
7.825,214.493121,31.524045,-5.644344,216.870752
7.85,215.134171,31.721384,-5.262916,217.523921
7.875,215.766618,31.945754,-4.882005,218.173323
7.9,216.396592,32.18766,-4.507754,218.823788
7.925,217.031067,32.43748,-4.146544,219.480906
7.95,217.676874,32.685838,-3.804993,220.150093
7.975,218.339716,32.923944,-3.489884,220.835679
8,219.023364,33.143961,-3.207931,221.54017
8.025,219.729171,33.33944,-2.965357,222.263853
8.05,220.456006,33.505786,-2.767325,223.004812
8.075,221.200634,33.640681,-2.617348,223.759394
8.1,221.95847,33.744372,-2.516787,224.523004
8.125,222.724512,33.819729,-2.464585,225.291049
8.15,223.494248,33.872077,-2.457258,226.059803
8.175,224.264304,33.908803,-2.489151,226.826984
8.2,225.032709,33.938827,-2.552853,227.591918
8.225,225.798734,33.972009,-2.639686,228.35528
8.25,226.562388,34.018532,-2.740205,229.118496
8.275,227.323722,34.088279,-2.844663,229.882964
8.3,228.082136,34.190216,-2.943495,230.649292
8.325,228.835883,34.331782,-3.027814,231.416724
8.35,229.581908,34.518351,-3.089961,232.182938
8.375,230.316098,34.752831,-3.124054,232.944251
8.4,231.033901,35.035522,-3.126478,233.696227
8.425,231.731175,35.364262,-3.096212,234.434543
8.45,232.405057,35.734867,-3.034935,235.15591
8.475,233.054644,36.141763,-2.946881,235.85881
8.5,233.681319,36.578664,-2.838507,236.543896
8.525,234.288653,37.03914,-2.718035,237.213951
8.55,234.881927,37.516968,-2.594952,237.873446
8.575,235.46736,38.006243,-2.479513,238.527777
8.6,236.051208,38.501301,-2.382233,239.182353
8.625,236.63886,38.996572,-2.313342,239.841686
8.65,237.234108,39.48649,-2.282181,240.508655
8.675,237.838687,39.965579,-2.296526,241.184085
8.7,238.452202,40.428743,-2.361945,241.866729
8.725,239.072431,40.871752,-2.481269,242.553673
8.75,239.695976,41.291796,-2.654314,243.241071
8.775,240.319087,41.687985,-2.877912,243.925058
8.8,240.938489,42.061652,-3.146245,244.60261
8.825,241.552019,42.416381,-3.451377,245.272173
8.85,242.158939,42.757737,-3.783853,245.933921
8.875,242.759892,43.092754,-4.133246,246.589607
8.9,243.356533,43.429242,-4.488581,247.242085
8.925,243.950956,43.775004,-4.838661,247.8946
8.95,244.54506,44.137051,-5.172371,248.550033
8.975,245.139992,44.520887,-5.479064,249.210243
9,245.735818,44.929971,-5.749089,249.875662
9.025,246.331477,45.365427,-5.974449,250.545231
9.05,246.925065,45.826079,-6.149509,251.216707
9.075,247.514356,46.308807,-6.271596,251.887267
9.1,248.097453,46.809167,-6.341365,252.554266
9.125,248.673389,47.322121,-6.362828,253.215962
9.15,249.242538,47.842726,-6.34306,253.872022
9.175,249.806723,48.36662,-6.29166,254.5237
9.2,250.369007,48.890229,-6.220078,255.173634
9.225,250.933206,49.410689,-6.140905,255.825333
9.25,251.503226,49.92556,-6.067174,256.482445
9.275,252.082346,50.432456,-6.011666,257.147976
9.3,252.672604,50.92873,-5.986197,257.823612
9.325,253.274402,51.411325,-6.000865,258.509299
9.35,253.886444,51.876857,-6.063335,259.2032
9.375,254.506037,52.321929,-6.178228,259.902054
9.4,255.12972,52.74359,-6.346759,260.601884
9.425,255.754085,53.139825,-6.566706,261.298899
9.45,256.376604,53.509931,-6.832701,261.990384
9.475,256.996276,53.854688,-7.136796,262.675365
9.5,257.613949,54.17627,-7.469139,263.3549
9.525,258.232246,54.477937,-7.818622,264.031948
9.55,258.85513,54.763555,-8.17343,264.710842
9.575,259.487199,55.037047,-8.521465,265.396492
9.6,260.132841,55.301865,-8.850726,266.093454
9.625,260.795418,55.56055,-9.149737,266.805064
9.65,261.476632,55.814446,-9.4081,267.53279
9.675,262.176213,56.063607,-9.617174,268.275949
9.7,262.892016,56.306903,-9.77081,269.031872
9.725,263.620501,56.542302,-9.865989,269.796476
9.75,264.357518,56.767265,-9.903217,270.565137
9.775,265.099175,56.97917,-9.886573,271.333637
9.8,265.842608,57.175684,-9.823406,272.098972
9.825,266.586436,57.355006,-9.723767,272.85981
9.85,267.33082,57.515975,-9.599688,273.616536
9.875,268.077121,57.658049,-9.464451,274.37086
9.9,268.827246,57.781205,-9.331874,275.125134
9.925,269.582853,57.885807,-9.215635,275.881513
9.95,270.344594,57.972481,-9.128593,276.641174
9.975,271.111582,58.042026,-9.082056,277.403768
10,271.881232,58.095342,-9.085042,278.167236
10.025,272.649539,58.133384,-9.143608,278.928068
10.05,273.411751,58.157106,-9.26037,279.681942
10.075,274.16329,58.167374,-9.434342,280.424606
10.1,274.900712,58.16487,-9.66113,281.15279
10.125,275.62246,58.149969,-9.93344,281.864919
10.15,276.329246,58.122632,-10.241772,282.561474
10.175,277.02398,58.082329,-10.575143,283.244905
10.2,277.711282,58.028029,-10.921719,283.919165
10.225,278.396666,57.958258,-11.26932,284.588934
10.25,279.085588,57.871251,-11.60582,285.258728
10.275,279.782494,57.76517,-11.919556,285.932046
10.3,280.490081,57.638373,-12.199807,286.610717
10.325,281.208882,57.489687,-12.43741,287.294602
10.35,281.937288,57.318622,-12.62544,287.981702
10.375,282.672008,57.125494,-12.75986,288.668668
10.4,283.408858,56.911417,-12.839976,289.351611
10.425,284.143719,56.678178,-12.868586,290.027015
10.45,284.873415,56.428049,-12.851789,290.692545
10.475,285.596318,56.163589,-12.798486,291.347571
10.5,286.312561,55.887515,-12.719707,291.993301
10.525,287.023821,55.602671,-12.627868,292.632524
10.55,287.732762,55.312092,-12.536042,293.269027
10.575,288.442273,55.01913,-12.457259,293.906844
10.6,289.154675,54.727555,-12.403828,294.549463
10.625,289.871082,54.44157,-12.386628,295.199183
10.65,290.591056,54.165662,-12.414408,295.856719
10.675,291.312649,53.904287,-12.493143,296.52118
10.7,292.032837,53.661426,-12.625571,297.190396
10.725,292.748251,53.440075,-12.811009,297.861549
10.75,293.456023,53.241815,-13.045512,298.531931
10.775,294.154545,53.066517,-13.322344,299.19966
10.8,294.843958,52.912266,-13.632636,299.864163
10.825,295.526249,52.775484,-13.966091,300.526317
10.85,296.204953,52.651239,-14.311608,301.18823
10.875,296.884525,52.533653,-14.657762,301.852706
10.9,297.569506,52.41639,-14.993162,302.522535
10.925,298.263663,52.293176,-15.306782,303.199747
10.95,298.969259,52.158313,-15.58834,303.885017
10.975,299.686613,52.007169,-15.828799,304.57735
11,300.414062,51.836583,-16.020962,305.274158
11.025,301.148353,51.645144,-16.160066,305.971729
11.05,301.885384,51.433284,-16.244247,306.666012
11.075,302.621148,51.203196,-16.274738,307.353532
11.1,303.352643,50.958598,-16.255749,308.032229
11.125,304.078538,50.704414,-16.194057,308.702028
11.15,304.799447,50.446467,-16.098397,309.365007
11.175,305.517766,50.191222,-15.978785,310.025137
11.2,306.237109,49.945603,-15.845867,310.687659
11.225,306.961496,49.716854,-15.710337,311.358218
11.25,307.694435,49.512353,-15.582417,312.041904
11.275,308.438109,49.339343,-15.47135,312.742387
11.3,309.192827,49.204512,-15.384886,313.461294
11.325,309.956871,49.11348,-15.328782,314.197975
11.35,310.726803,49.070246,-15.306359,314.949709
11.375,311.498154,49.076736,-15.318226,315.712328
11.4,312.266362,49.132548,-15.36223,316.481099
11.425,313.027717,49.234955,-15.433652,317.251682
11.45,313.780091,49.379138,-15.525622,318.020895
11.475,314.523294,49.558587,-15.629656,318.787143
11.5,315.25898,49.765542,-15.736227,319.550407
11.525,315.990148,49.991408,-15.835315,320.311835
11.55,316.720364,50.227107,-15.916908,321.073043
11.575,317.452877,50.463393,-15.971491,321.835317
11.6,318.189809,50.691192,-15.990542,322.598898
11.625,318.9316,50.902032,-15.967055,323.362536
11.65,319.676826,51.088571,-15.896022,324.123431
11.675,320.422446,51.245183,-15.774815,324.877604
11.7,321.164439,51.368512,-15.603346,325.620615
11.725,321.898655,51.457876,-15.383958,326.348469
11.75,322.621709,51.515426,-15.121044,327.058484
11.775,323.331662,51.546048,-14.82048,327.749913
11.8,324.028359,51.557021,-14.489017,328.42417
11.825,324.713347,51.557518,-14.133749,329.084637
11.85,325.389414,51.558016,-13.761751,329.736085
11.875,326.059863,51.569655,-13.379906,330.383846
11.9,326.72769,51.603573,-12.994857,331.032896
11.925,327.394841,51.670189,-12.612991,331.687018
11.95,328.061699,51.778464,-12.240351,332.348182
11.975,328.726939,51.935196,-11.882415,333.016301
12,329.387772,52.14444,-11.543732,333.689384
12.025,330.040563,52.407174,-11.227482,334.364085
12.05,330.68167,52.721299,-10.935061,335.036532
12.075,331.308315,53.081954,-10.665809,335.703221
12.1,331.919286,53.482082,-10.416956,336.361797
12.125,332.515325,53.913081,-10.183802,337.01153
12.15,333.099114,54.365404,-9.960127,337.653404
12.175,333.674909,54.828994,-9.738745,338.289826
12.2,334.247892,55.293546,-9.512151,338.924048
12.225,334.82338,55.748674,-9.273193,339.559425
12.25,335.406038,56.184099,-9.015724,340.198687
12.275,335.999218,56.58997,-8.73516,340.843369
12.3,336.60457,56.957387,-8.428889,341.493524
12.325,337.221977,57.279095,-8.096446,342.147788
12.35,337.849839,57.550228,-7.739424,342.803794
12.375,338.485645,57.768945,-7.361111,343.458832
12.4,339.126674,57.936792,-6.96594,344.110588
12.425,339.770664,58.058726,-6.558853,344.757797
12.45,340.416285,58.142783,-6.144745,345.40062
12.475,341.063285,58.199493,-5.728082,346.040686
12.5,341.712308,58.241137,-5.312754,346.680771
12.525,342.364439,58.280952,-4.90214,347.324214
12.55,343.020584,58.332306,-4.49931,347.97417
12.575,343.680863,58.407881,-4.107263,348.632881
12.6,344.344168,58.51885,-3.729075,349.301114
12.625,345.008027,58.674093,-3.36791,349.977901
12.65,345.668837,58.87954,-3.026848,350.660672
12.675,346.322455,59.137753,-2.708586,351.345774
12.7,346.965026,59.447829,-2.415082,352.029269
12.725,347.593869,59.805673,-2.147253,352.70785
12.75,348.208205,60.204554,-1.904821,353.379641
12.775,348.809566,60.635811,-1.68634,354.044712
12.8,349.401807,61.089548,-1.489409,354.705193
12.825,349.990707,61.555185,-1.311022,355.36496
12.85,350.583253,62.021828,-1.147982,356.028991
12.875,351.186715,62.478503,-0.9973,356.702491
12.9,351.807667,62.91437,-0.856549,357.389964
12.925,352.4511,63.319043,-0.724103,358.094405
12.95,353.119773,63.683091,-0.59926,358.816763
12.975,353.813944,63.998719,-0.48223,359.555803
13,354.531518,64.260518,-0.374005,360.308411
13.025,355.268615,64.466135,-0.276139,361.070281
13.05,356.020414,64.616695,-0.19049,361.836826
13.075,356.782065,64.716859,-0.118965,362.604093
13.1,357.549466,64.774542,-0.063313,363.369462
13.125,358.319696,64.800328,-0.024989,364.131964
13.15,359.091052,64.806735,-0.005078,364.892171
13.175,359.862699,64.807408,-0.004267,365.651695
13.2,360.634059,64.816306,-0.022825,366.412443
13.225,361.404132,64.846897,-0.060589,367.175803
13.25,362.170932,64.911343,-0.11695,367.941952
13.275,362.931223,65.019707,-0.190856,368.709467
13.3,363.680652,65.179231,-0.280869,369.475341
13.325,364.414283,65.393817,-0.38529,370.235424
13.35,365.127421,65.663809,-0.502362,370.985204
13.375,365.816538,65.98613,-0.630529,371.720737
13.4,366.480063,66.354771,-0.768711,372.439503
13.425,367.11886,66.76148,-0.916526,373.140982
13.45,367.736277,67.196506,-1.074435,373.826824
13.475,368.337772,67.649242,-1.243746,374.500575
13.5,368.930192,68.108689,-1.426494,375.16705
13.525,369.520854,68.563745,-1.625189,375.831465
13.55,370.116555,69.003435,-1.84247,376.498516
13.575,370.722683,69.417183,-2.080708,377.171556
13.6,371.34257,69.795247,-2.34163,377.852039
13.625,371.977179,70.12932,-2.626029,378.53935
13.65,372.625219,70.413255,-2.933618,379.231046
13.675,373.283635,70.643745,-3.263079,379.92349
13.7,373.948404,70.820814,-3.612277,380.612724
13.725,374.615423,70.947984,-3.978581,381.295372
13.75,375.281294,71.032087,-4.359202,381.969383
13.775,375.943847,71.082756,-4.751442,382.634434
13.8,376.602272,71.111731,-5.152791,383.291927
13.825,377.25691,71.13206,-5.56084,383.944617
13.85,377.908743,71.157283,-5.973072,384.595963
13.875,378.558778,71.200625,-6.38659,385.249355
13.9,379.207444,71.274187,-6.797909,385.907381
13.925,379.854197,71.388158,-7.2029,386.571289
13.95,380.497413,71.550091,-7.596966,387.240766
13.975,381.13463,71.764352,-7.975446,387.914083
14,381.763076,72.031843,-8.334187,388.588589
14.025,382.380374,72.350078,-8.670169,389.261423
14.05,382.98523,72.713605,-8.982033,389.93029
14.075,383.577948,73.114663,-9.270413,390.594081
14.1,384.160633,73.543934,-9.537985,391.253211
14.125,384.737043,73.991204,-9.789264,391.909582
14.15,385.312118,74.445863,-10.030181,392.566197
14.175,385.891274,74.89721,-10.267507,393.226512
14.2,386.4796,75.334655,-10.508217,393.893658
14.225,387.081075,75.747924,-10.758826,394.569713
14.25,387.697979,76.127393,-11.024781,395.25517
14.275,388.3306,76.464592,-11.309958,395.948739
14.3,388.977316,76.752837,-11.616338,396.647563
14.325,389.635065,76.987891,-11.943899,397.347802
14.35,390.300108,77.168465,-12.29075,398.045486
14.375,390.968917,77.296458,-12.653451,398.73744
14.4,391.638974,77.376844,-13.027432,399.422052
14.425,392.309315,77.417254,-13.407399,400.099723
14.45,392.980682,77.42734,-13.787638,400.772889
14.475,393.655283,77.418046,-14.162171,401.445641
14.5,394.336209,77.400868,-14.524788,402.123003
14.525,395.026659,77.387152,-14.869034,402.810031
14.55,395.729122,77.387429,-15.188261,403.510887
14.575,396.444706,77.410777,-15.475815,404.228072
14.6,397.172764,77.464231,-15.725422,404.961974
14.625,397.910916,77.552286,-15.931725,405.710825
14.65,398.655483,77.676584,-16.090884,406.471109
14.675,399.402251,77.835852,-16.201093,407.238325
14.7,400.147366,78.02611,-16.262908,408.007929
14.725,400.88816,78.241123,-16.279297,408.776229
14.75,401.623698,78.472976,-16.255446,409.541014
14.775,402.354918,78.712679,-16.198366,410.301783
14.8,403.084349,78.950689,-16.116419,411.059536
14.825,403.815473,79.17734,-16.018826,411.81621
14.85,404.551883,79.383194,-15.915198,412.573885
14.875,405.296393,79.55938,-15.815066,413.333978
14.9,406.050317,79.697983,-15.727394,414.096582
14.925,406.813053,79.792497,-15.660044,414.860144
14.95,407.582093,79.838291,-15.619229,415.621553
14.975,408.353475,79.833,-15.609005,416.376644
15,409.122582,79.776727,-15.630909,417.121012
15.025,409.885105,79.671987,-15.683811,417.850938
15.05,410.63794,79.523395,-15.763997,418.564202
15.075,411.379799,79.337158,-15.865471,419.260584
15.1,412.111411,79.120511,-15.980389,419.941952
15.125,412.835265,78.881187,-16.099547,420.611926
15.15,413.554991,78.627019,-16.212878,421.275202
15.175,414.274507,78.36567,-16.309956,421.936678
15.2,414.997117,78.104441,-16.380526,422.600558
15.225,415.724741,77.850098,-16.415103,423.2696
15.25,416.457456,77.608647,-16.40563,423.944642
15.275,417.193434,77.385027,-16.346133,424.62454
15.3,417.929327,77.182771,-16.233281,425.306504
15.325,418.661014,77.00368,-16.066708,425.986796
15.35,419.384538,76.847623,-15.84904,426.661623
15.375,420.097017,76.712504,-15.585612,427.328004
15.4,420.79731,76.594426,-15.283964,427.984441
15.425,421.486305,76.488037,-14.953246,428.631222
15.45,422.166766,76.38698,-14.603658,429.27033
15.475,422.842813,76.284416,-14.246014,429.904996
15.5,423.51914,76.173561,-13.891406,430.539016
15.525,424.20014,76.048213,-13.550911,431.17597
15.55,424.88911,75.903237,-13.235236,431.818514
15.575,425.587685,75.734985,-12.954224,432.467892
15.6,426.295625,75.541588,-12.716218,433.123763
15.625,427.011011,75.323066,-12.527359,433.784396
15.65,427.730802,75.08123,-12.390944,434.447195
15.675,428.451636,74.819362,-12.307006,435.109415
15.7,429.170663,74.541758,-12.27221,435.768905
15.725,429.886221,74.253222,-12.280084,436.424684
15.75,430.598185,73.958615,-12.321511,437.077216
15.775,431.307913,73.662551,-12.385389,437.728323
15.8,432.01783,73.369261,-12.45933,438.380757
15.825,432.730737,73.082604,-12.530369,439.037547
15.85,433.44902,72.806147,-12.585658,439.701247
15.875,434.173922,72.543251,-12.613178,440.373262
15.9,434.905067,72.297081,-12.602482,441.053407
15.925,435.640351,72.070517,-12.545431,441.739813
15.95,436.376255,71.865971,-12.436825,442.429236
15.975,437.108543,71.685172,-12.274816,443.117719
16,437.833175,71.528974,-12.061009,443.801477
16.025,438.547243,71.397276,-11.800216,444.477784
16.05,439.249694,71.289065,-11.499939,445.145677
16.075,439.941678,71.202595,-11.1697,445.806294
16.1,440.626458,71.135652,-10.820383,446.462806
16.125,441.308899,71.085856,-10.46367,447.119929
16.15,441.99466,71.050944,-10.111596,447.783162
16.175,442.689224,71.028988,-9.77618,448.457846
16.2,443.396955,71.018545,-9.469009,449.148256
16.225,444.120351,71.018723,-9.200721,449.856864
16.25,444.859636,71.029179,-8.980342,450.583939
16.275,445.612798,71.050069,-8.814554,451.327569
16.3,446.376069,71.081965,-8.707022,452.084121
16.325,447.144739,71.125757,-8.657943,452.849038
16.35,447.914131,71.18256,-8.663925,453.617779
16.375,448.680479,71.253631,-8.718221,454.386685
16.4,449.441523,71.340289,-8.81126,455.153554
16.425,450.196684,71.443831,-8.931341,455.917804
16.45,450.946807,71.565427,-9.065377,456.68021
16.475,451.693575,71.705987,-9.199604,457.44231
16.5,452.43872,71.866003,-9.320265,458.205614
16.525,453.183255,72.045383,-9.414289,458.970837
16.55,453.92689,72.243342,-9.470009,459.73732
16.575,454.667786,72.458366,-9.477901,460.502813
16.6,455.402717,72.688326,-9.431287,461.263674
16.625,456.127628,72.930734,-9.326855,462.015471
16.65,456.838435,73.183118,-9.164892,462.753844
16.675,457.531908,73.443459,-8.949161,463.475432
16.7,458.206377,73.710583,-8.686447,464.178617
16.725,458.862135,73.984438,-8.385889,464.863936
16.75,459.501416,74.266186,-8.05825,465.534051
16.775,460.127993,74.558086,-7.715265,466.193312
16.8,460.746484,74.863197,-7.369108,466.847004
16.825,461.361507,75.184928,-7.031972,467.500441
16.85,461.976854,75.526511,-6.715675,468.158059
16.875,462.594834,75.890482,-6.431183,468.822681
16.9,463.215916,76.278269,-6.188022,469.495102
16.925,463.838746,76.689952,-5.993597,470.174068
16.95,464.460552,77.124275,-5.852528,470.856677
16.975,465.077847,77.578892,-5.766144,471.539114
17,465.687265,78.050794,-5.732276,472.21755
17.025,466.286363,78.5368,-5.745389,472.889004
17.05,466.87417,79.033965,-5.797034,473.551965
17.075,467.451419,79.539819,-5.876495,474.206648
17.1,468.020394,80.052354,-5.971535,474.854849
17.125,468.584484,80.569796,-6.069122,475.499469
17.15,469.147532,81.090232,-6.156136,476.143813
17.175,469.713124,81.611212,-6.220041,476.790833
17.2,470.283969,82.129478,-6.24959,477.442478
17.225,470.861469,82.640913,-6.235526,478.099284
17.25,471.4456,83.140794,-6.171253,478.760305
17.275,472.035094,83.624309,-6.053342,479.423401
17.3,472.627915,84.087266,-5.881789,480.085836
17.325,473.221886,84.526813,-5.659918,480.745016
17.35,473.815317,84.942026,-5.393977,481.399208
17.375,474.407477,85.334216,-5.092503,482.048044
17.4,474.998791,85.706917,-4.765615,482.692695
17.425,475.590718,86.065558,-4.424362,483.335687
17.45,476.185354,86.416894,-4.080211,483.980391
17.475,476.784838,86.768289,-3.744665,484.630312
17.5,477.390717,87.126929,-3.428926,485.288323
17.525,478.003407,87.49908,-3.143521,485.955994
17.55,478.621893,87.889442,-2.897824,486.633196
17.575,479.24376,88.300723,-2.699463,487.318055
17.6,479.865595,88.733465,-2.553719,488.007314
17.625,480.483672,89.186165,-2.463019,488.697041
17.65,481.094801,89.655646,-2.42669,489.383522
17.675,481.697126,90.137582,-2.441014,490.064142
17.7,482.290701,90.627035,-2.499602,490.738044
17.725,482.877714,91.118866,-2.593975,491.406413
17.75,483.462318,91.607955,-2.71424,492.072349
17.775,484.050102,92.0892,-2.849753,492.74034
17.8,484.647311,92.557377,-2.989716,493.415466
17.825,485.259933,93.006973,-3.123701,494.102476
17.85,485.89282,93.432125,-3.242166,494.804917
17.875,486.548979,93.82676,-3.336959,495.524475
17.9,487.22918,94.184983,-3.401842,496.260675
17.925,487.931971,94.501667,-3.432949,497.011024
17.95,488.654097,94.773113,-3.42911,497.771562
17.975,489.391247,94.997651,-3.391952,498.537713
18,490.138938,95.176016,-3.325752,499.30523
18.025,490.893321,95.311446,-3.237057,500.070998
18.05,491.651719,95.409484,-3.134158,500.83351
18.075,492.412766,95.477571,-3.026516,501.592921
18.1,493.176158,95.524502,-2.924199,502.350679
18.125,493.942085,95.559837,-2.837368,503.108852
18.15,494.710514,95.593303,-2.77578,503.869306
18.175,495.480521,95.634193,-2.748293,504.632935
18.2,496.249854,95.690782,-2.762341,505.399123
18.225,497.014866,95.769758,-2.823426,506.165581
18.25,497.77088,95.87574,-2.93471,506.928614
18.275,498.512911,96.010948,-3.096799,507.683774
18.3,499.236601,96.175078,-3.307792,508.426761
18.325,499.939137,96.36541,-3.563623,509.154331
18.35,500.619924,96.577114,-3.858593,509.865018
18.375,501.280871,96.803659,-4.185992,510.55948
18.4,501.926218,97.037259,-4.538661,511.240411
18.425,502.561968,97.269268,-4.909392,511.912048
18.45,503.195024,97.49053,-5.291139,512.57939
18.475,503.832189,97.691715,-5.677094,513.247284
18.5,504.479201,97.863713,-6.060701,513.919549
18.525,505.139943,97.998128,-6.435734,514.598303
18.55,505.815983,98.08787,-6.796502,515.283642
18.575,506.506528,98.127784,-7.138188,515.973719
18.6,507.208805,98.115205,-7.457294,516.665246
18.625,507.918798,98.050299,-7.75207,517.35429
18.65,508.632171,97.936117,-8.022817,518.037193
18.675,509.345145,97.778365,-8.271988,518.711395
18.7,510.055157,97.584953,-8.504036,519.375977
18.725,510.761132,97.365443,-8.725043,520.031816
18.75,511.463356,97.130509,-8.942183,520.681345
18.775,512.163016,96.891457,-9.163079,521.327989
18.8,512.861534,96.6598,-9.39513,521.975419
18.825,513.559868,96.446824,-9.644846,522.62678
18.85,514.257972,96.263083,-9.917264,523.284049
18.875,514.954539,96.117792,-10.215501,523.947672
18.9,515.647106,96.01816,-10.540518,524.616553
18.925,516.332533,95.968765,-10.891149,525.288402
18.95,517.007715,95.971108,-11.264411,525.960377
18.975,517.670391,96.023447,-11.656027,526.62985
19,518.319814,96.120952,-12.061049,527.295112
19.025,518.957148,96.256123,-12.474449,527.955845
19.05,519.585481,96.419377,-12.891545,528.613242
19.075,520.209458,96.599678,-13.308204,529.269767
19.1,520.83462,96.785132,-13.720814,529.928602
19.125,521.466554,96.963553,-14.126114,530.592918
19.15,522.110029,97.123014,-14.520963,531.265113
19.175,522.768249,97.252453,-14.902171,531.946197
19.2,523.442389,97.34235,-15.266472,532.635459
19.225,524.131506,97.385428,-15.610669,533.330526
19.25,524.832871,97.377274,-15.93192,534.027811
19.275,525.542663,97.316768,-16.228096,534.723289
19.3,526.25687,97.206194,-16.498101,535.413415
19.325,526.972194,97.051031,-16.74205,536.095973
19.35,527.686746,96.859469,-16.961278,536.770662
19.375,528.400366,96.64178,-17.158146,537.439283
19.4,529.114532,96.409659,-17.335704,538.105507
19.425,529.831866,96.175621,-17.497286,538.774268
19.45,530.55539,95.952457,-17.646087,539.450907
19.475,531.287675,95.752703,-17.784802,540.140234
19.5,532.03008,95.588045,-17.91535,540.845671
19.525,532.78226,95.468648,-18.03873,541.568643
19.55,533.54206,95.402421,-18.154992,542.308358
19.575,534.305841,95.394332,-18.263343,543.062022
19.6,535.069191,95.445933,-18.36234,543.82547
19.625,535.827842,95.555183,-18.450148,544.594048
19.65,536.578582,95.71664,-18.524798,545.363565
19.675,537.319938,95.921955,-18.584404,546.131044
19.7,538.052474,96.160548,-18.627328,546.895139
19.725,538.778642,96.420317,-18.652267,547.656106
19.75,539.502241,96.688288,-18.658302,548.415377
19.775,540.227594,96.95118,-18.644924,549.174852
19.8,540.958627,97.195917,-18.612054,549.936079
19.825,541.698026,97.410188,-18.560073,550.69953
19.85,542.446647,97.583078,-18.489823,551.464138
19.875,543.203307,97.705784,-18.402579,552.227225
19.9,543.965022,97.772312,-18.299943,552.984862
19.925,544.727638,97.780013,-18.183657,553.732585
19.95,545.486725,97.72984,-18.055356,554.466306
19.975,546.238506,97.626246,-17.916289,555.183197
20,546.980595,97.47675,-17.767074,555.882323
20.025,547.712391,97.291288,-17.60753,556.564896
20.05,548.435026,97.081478,-17.436634,557.234086
20.075,549.150917,96.859926,-17.252611,557.894459
20.1,549.863041,96.639604,-17.053159,558.55115
20.125,550.574088,96.433299,-16.835773,559.208951
20.15,551.285694,96.253036,-16.598135,559.871468
20.175,551.997913,96.109464,-16.33849,560.540517
20.2,552.709068,96.01118,-16.055956,561.215871
20.225,553.416018,95.964068,-15.750683,561.895431
20.25,554.114812,95.970799,-15.423846,562.575785
20.275,554.801571,96.03058,-15.077447,563.253038
20.3,555.473402,96.13925,-14.714008,563.923716
20.325,556.129125,96.289687,-14.336233,564.585543
20.35,556.769658,96.472436,-13.94674,565.237909
20.375,557.397982,96.676414,-13.547942,565.881954
20.4,558.018724,96.889588,-13.142107,566.520258
20.425,558.637444,97.099585,-12.731558,567.156253
20.45,559.259779,97.294226,-12.318952,567.793469
20.475,559.890586,97.462075,-11.907511,568.434793
20.5,560.533248,97.593022,-11.501127,569.081888
20.525,561.189256,97.678923,-11.104236,569.734901
20.55,561.858171,97.714225,-10.721467,570.392518
20.575,562.537955,97.696451,-10.357093,571.052377
20.6,563.225614,97.626438,-10.01441,571.71173
20.625,563.917983,97.508258,-9.695176,572.368193
20.65,564.612469,97.34882,-9.399233,573.0204
20.675,565.30756,97.157277,-9.12439,573.668396
20.7,566.00299,96.944341,-8.866576,574.313683
20.725,566.699536,96.721638,-8.620218,574.958909
20.75,567.398508,96.501149,-8.37879,575.607282
20.775,568.101079,96.294731,-8.135437,576.26183
20.8,568.807607,96.113639,-7.883635,576.924672
20.825,569.517147,95.968026,-7.617808,577.596463
20.85,570.227276,95.86636,-7.333853,578.276137
20.875,570.934322,95.814851,-7.029494,578.961052
20.9,571.633969,95.816964,-6.704423,579.647508
20.925,572.32212,95.873157,-6.360212,580.331563
20.95,572.995823,95.980918,-6.000015,581.009939
20.975,573.654037,96.135095,-5.628165,581.680829
21,574.298066,96.328462,-5.249762,582.344401
21.025,574.931569,96.552362,-4.870351,583.002906
21.05,575.560145,96.797329,-4.495746,583.660359
21.075,576.190585,97.053601,-4.131989,584.321884
21.1,576.82992,97.311523,-3.785363,584.992836
21.125,577.484417,97.56189,-3.462372,585.677865
21.15,578.158682,97.796306,-3.169589,586.380103
21.175,578.855043,98.007596,-2.91331,587.100619
21.2,579.573311,98.190281,-2.69905,587.838276
21.225,580.310995,98.341043,-2.530949,588.590025
21.25,581.063926,98.459083,-2.41123,589.351585
21.275,581.827145,98.54629,-2.339829,590.118354
21.3,582.595849,98.60715,-2.314287,590.886326
21.325,583.366162,98.648435,-2.329898,591.652787
21.35,584.135549,98.678704,-2.380063,592.416653
21.375,584.902821,98.70772,-2.456752,593.178354
21.4,585.667745,98.745822,-2.550987,593.939351
21.425,586.430403,98.803298,-2.653312,594.701395
21.45,587.190475,98.889755,-2.754255,595.46572
21.475,587.946653,99.013485,-2.8448,596.232362
21.5,588.696335,99.180886,-2.916911,596.999775
21.525,589.435729,99.395983,-2.964077,597.764858
21.55,590.160338,99.660167,-2.981822,598.523403
21.575,590.86575,99.972215,-2.968109,599.27088
21.6,591.548525,100.32863,-2.92353,600.003366
21.625,592.206973,100.72421,-2.851272,600.718399
21.65,592.84162,101.152735,-2.756855,601.415549
21.675,593.455277,101.607603,-2.64773,602.096571
21.7,594.05269,102.082284,-2.5328,602.765134
21.725,594.639868,102.570525,-2.421922,603.426177
21.75,595.223205,103.06635,-2.325414,604.085047
21.775,595.808558,103.563935,-2.253528,604.746562
21.8,596.400434,104.057494,-2.21587,605.414197
21.825,597.001415,104.541302,-2.22075,606.089519
21.85,597.611922,105.009924,-2.27452,606.772006
21.875,598.230382,105.458651,-2.380997,607.459288
21.9,598.853754,105.884048,-2.541087,608.147767
21.925,599.478311,106.284495,-2.752707,608.833488
21.95,600.100489,106.660576,-3.011015,609.513037
21.975,600.71762,107.015199,-3.308881,610.184284
22,601.328375,107.353432,-3.637475,610.846793
22.025,601.932859,107.682053,-3.986835,611.501828
22.05,602.53236,108.008913,-4.346321,612.151991
22.075,603.128834,108.342162,-4.70496,612.800581
22.1,603.724283,108.689456,-5.051729,613.450836
22.125,604.320147,109.057191,-5.375888,614.105212
22.15,604.916882,109.449878,-5.667435,614.764858
22.175,605.513804,109.869739,-5.917715,615.429399
22.2,606.109249,110.316593,-6.120118,616.097093
22.225,606.701024,110.788086,-6.270744,616.765316
22.25,607.287028,111.280207,-6.368884,617.431276
22.275,607.865891,111.787994,-6.417186,618.092774
22.3,608.437473,112.306262,-6.421504,618.748811
22.325,609.003091,112.830193,-6.390441,619.399915
22.35,609.565427,113.355661,-6.334727,620.048098
22.375,610.128131,113.879281,-6.266515,620.696461
22.4,610.695214,114.398199,-6.198673,621.348546
22.425,611.270325,114.909759,-6.14409,622.007567
22.45,611.856085,115.411162,-6.114961,622.675676
22.475,612.453586,115.899262,-6.122051,623.353442
22.5,613.062196,116.370579,-6.173952,624.03965
22.525,613.679715,116.821539,-6.276425,624.731509
22.55,614.302894,117.248906,-6.431941,625.425233
22.575,614.9282,117.65028,-6.639519,626.116892
22.6,615.552663,118.024524,-6.894916,626.803326
22.625,616.17462,118.372012,-7.191098,627.482914
22.65,616.794166,118.694626,-7.518893,628.156024
22.675,617.413239,118.995507,-7.867659,628.825046
22.7,618.03532,119.278617,-8.225866,629.494011
22.725,618.664812,119.548196,-8.581554,630.167886
22.75,619.306235,119.808208,-8.922707,630.851674
22.775,619.963379,120.061848,-9.237649,631.549502
22.8,620.638587,120.311183,-9.515532,632.263855
22.825,621.33231,120.55697,-9.746978,632.995123
22.85,622.043046,120.798664,-9.9248,633.741564
22.875,622.767688,121.034631,-10.044706,634.499701
22.9,623.502209,121.262494,-10.105802,635.265082
22.925,624.242532,121.479552,-10.110787,636.033213
22.95,624.985354,121.683186,-10.065783,636.800448
22.975,625.728739,121.871167,-9.979854,637.564612
23,626.472332,122.041827,-9.864336,638.325227
23.025,627.217153,122.194106,-9.7321,639.083305
23.05,627.96505,122.327488,-9.596823,639.840775
23.075,628.717926,122.44189,-9.472311,640.599697
23.1,629.476948,122.537551,-9.371821,641.36145
23.125,630.241901,122.614938,-9.307349,642.12608
23.15,631.010876,122.674692,-9.288892,642.891974
23.175,631.780378,122.71759,-9.323734,643.655952
23.2,632.545852,122.7445,-9.41587,644.413785
23.225,633.302541,122.756326,-9.565717,645.161009
23.25,634.046455,122.753904,-9.770162,645.893865
23.275,634.775228,122.737882,-10.022957,646.610112
23.3,635.488658,122.708587,-10.315357,647.309538
23.325,636.188817,122.665922,-10.636847,647.994045
23.35,636.879712,122.609305,-10.975815,648.667309
23.375,637.566576,122.537696,-11.320113,649.334098
23.4,638.254952,122.449694,-11.657492,649.999392
23.425,638.949724,122.343731,-11.976004,650.667476
23.45,639.654275,122.218314,-12.264453,651.341173
23.475,640.369937,122.072285,-12.512974,652.021375
23.5,641.095852,121.905055,-12.713701,652.706957
23.525,641.829264,121.716748,-12.861448,653.395124
23.55,642.566213,121.508227,-12.954253,654.082105
23.575,643.302448,121.281012,-12.993649,654.764048
23.6,644.034367,121.037102,-12.984589,655.437903
23.625,644.759739,120.778786,-12.935048,656.102089
23.65,645.478076,120.508497,-12.855397,656.756809
23.675,646.190568,120.228752,-12.757669,657.403956
23.7,646.899641,119.942208,-12.654826,658.046673
23.725,647.608248,119.65178,-12.560053,658.688656
23.75,648.319064,119.360785,-12.486081,659.333381
23.775,649.033768,119.073003,-12.444497,659.983392
23.8,649.752566,118.792623,-12.445035,660.639813
23.825,650.47408,118.523997,-12.494897,661.302192
23.85,651.195638,118.271251,-12.598189,661.968702
23.875,651.913907,118.037798,-12.755618,662.63668
23.9,652.625718,117.825859,-12.964496,663.303353
23.925,653.328887,117.636107,-13.219099,663.96659
23.95,654.022826,117.467483,-13.511256,664.625473
23.975,654.708795,117.317239,-13.831063,665.280572
24,655.389758,117.181159,-14.167546,665.93384
24.025,656.069864,117.053931,-14.509215,666.588184
24.05,656.753678,116.929595,-14.84447,667.246792
24.075,657.44531,116.802048,-15.161948,667.912374
24.1,658.14762,116.665559,-15.450888,668.586473
24.125,658.861652,116.515257,-15.701597,669.26902
24.15,659.586438,116.347566,-15.906029,669.958228
24.175,660.319233,116.160522,-16.058398,670.650899
24.2,661.056138,115.953927,-16.155713,671.343085
24.225,661.792999,115.729326,-16.198081,672.030973
24.25,662.526349,115.489821,-16.188705,672.711778
24.275,663.254192,115.239784,-16.133563,673.384454
24.3,663.976436,114.984545,-16.04085,674.050044
24.325,664.694886,114.73013,-15.920309,674.711605
24.35,665.412824,114.483067,-15.782557,675.373739
24.375,666.134267,114.25025,-15.638479,676.04182
24.4,666.863066,114.038791,-15.498683,676.721068
24.425,667.602028,113.855803,-15.372996,677.415634
24.45,668.352248,113.70805,-15.269948,678.127878
24.475,669.112792,113.60147,-15.196246,678.857973
24.5,669.880828,113.540637,-15.156297,679.603939
24.525,670.652185,113.528268,-15.151836,680.362108
24.55,671.422214,113.564882,-15.181775,681.127931
24.575,672.186765,113.648703,-15.242307,681.896915
24.6,672.94302,113.775804,-15.327237,682.665486
24.625,673.690011,113.940447,-15.428497,683.431558
24.65,674.428691,114.135504,-15.53672,684.194682
24.675,675.16159,114.352882,-15.641813,684.95578
24.7,675.892119,114.583878,-15.733489,685.716534
24.725,676.623711,114.819498,-15.801764,686.478594
24.75,677.358961,115.050765,-15.837465,687.2428
24.775,678.098957,115.269099,-15.832746,688.008602
24.8,678.84295,115.466795,-15.781616,688.773831
24.825,679.588442,115.637591,-15.68038,689.5349
24.85,680.331687,115.777239,-15.527902,690.287396
24.875,681.068481,115.883975,-15.325614,691.026951
24.9,681.795069,115.958793,-15.077229,691.750157
24.925,682.508924,116.005446,-14.788232,692.455332
24.95,683.209229,116.030208,-14.46526,693.142918
24.975,683.896953,116.04144,-14.115518,693.81547
25,684.574516,116.049031,-13.746336,694.477219
25.025,685.24515,116.063788,-13.364914,695.133325
25.05,685.912092,116.096773,-12.978229,695.788971
25.075,686.577787,116.158614,-12.593003,696.448466
25.1,687.243278,116.258768,-12.215641,697.114514
25.125,687.9079,116.404797,-11.852048,697.78781
25.15,688.569387,116.601735,-11.507298,698.467024
25.175,689.224349,116.851661,-11.185206,699.149213
25.2,689.869049,117.153572,-10.887879,699.830558
25.225,690.500286,117.503594,-10.61538,700.507263
25.25,691.116183,117.895474,-10.365594,701.176416
25.275,691.716703,118.321213,-10.134332,701.836599
25.3,692.303795,118.771693,-9.915675,702.488135
25.325,692.881153,119.237169,-9.702491,703.132942
25.35,693.453667,119.707582,-9.487064,703.774039
25.375,694.026667,120.17273,-9.261774,704.414849
25.4,694.605124,120.622417,-9.019767,705.058439
25.425,695.19293,121.046702,-8.755565,705.706861
25.45,695.792391,121.43633,-8.465552,706.360743
25.475,696.404038,121.783367,-8.148262,707.019213
25.5,697.026784,122.081939,-7.804408,707.680187
25.525,697.658394,122.328937,-7.436632,708.340954
25.55,698.296157,122.52451,-7.049021,708.998919
25.575,698.937589,122.672232,-6.646491,709.652314
25.6,699.580993,122.778915,-6.234174,710.300705
25.625,700.225729,122.854116,-5.816951,710.945175
25.65,700.872162,122.909449,-5.399197,711.588133
25.675,701.521292,122.9578,-4.984756,712.232821
25.7,702.174181,123.012508,-4.577088,712.882604
25.725,702.831325,123.086541,-4.179488,713.540213
25.75,703.49213,123.191667,-3.795266,714.20709
25.775,704.154646,123.337646,-3.427793,714.88299
25.8,704.81566,123.531518,-3.080386,715.565958
25.825,705.471158,123.777084,-2.756031,716.252691
25.85,706.11708,124.074689,-2.457033,716.939256
25.875,706.750207,124.421366,-2.184677,717.621979
25.9,707.36897,124.811301,-1.939018,718.298323
25.925,707.973998,125.236502,-1.718852,718.967536
25.95,708.568284,125.687517,-1.521876,719.630934
25.975,709.156935,126.154041,-1.345011,720.291753
26,709.746565,126.62534,-1.18481,720.954622
26.025,710.344441,127.090521,-1.03788,721.624766
26.05,710.957502,127.538729,-0.901271,722.307074
26.075,711.591421,127.959404,-0.772768,723.005226
26.1,712.249854,128.342709,-0.651074,723.72103
26.125,712.93401,128.680146,-0.535862,724.454119
26.15,713.642644,128.965301,-0.427709,725.202079
26.175,714.372469,129.194566,-0.327918,725.960996
26.2,715.118917,129.36768,-0.238278,726.726303
26.225,715.877057,129.487935,-0.160798,727.493719
26.25,716.642436,129.562024,-0.097479,728.260056
26.275,717.411668,129.599563,-0.050133,729.023696
26.3,718.182615,129.612398,-0.02027,729.784655
26.325,718.95418,129.613821,-0.009037,730.544219
26.35,719.72577,129.617752,-0.017184,731.304277
26.375,720.496622,129.637939,-0.045029,732.066513
26.4,721.265173,129.68714,-0.09243,732.83164
26.425,722.028665,129.776321,-0.158762,733.598876
26.45,722.78312,129.913895,-0.24293,734.365792
26.475,723.523732,130.10511,-0.343452,735.128593
26.5,724.2456,130.351699,-0.458624,735.882779
26.525,724.944641,130.651881,-0.586758,736.624049
26.55,725.61846,131.000714,-0.726459,737.349215
26.575,726.266967,131.390725,-0.87689,738.056908
26.6,726.89259,131.812645,-1.037961,738.74792
26.625,727.50006,132.25611,-1.210411,739.425101
26.65,728.095805,132.710187,-1.395749,740.092861
26.675,728.687089,133.163736,-1.596058,740.756371
26.7,729.281029,133.605649,-1.813691,741.420649
26.725,729.88365,134.025105,-2.050897,742.089669
26.75,730.499127,134.41194,-2.30944,742.765695
26.775,731.129335,134.757198,-2.59028,743.448934
26.8,731.773799,135.053826,-2.893386,744.137622
26.825,732.430047,135.297392,-3.217724,744.828512
26.85,733.094312,135.486662,-3.561419,745.517666
26.875,733.762408,135.623893,-3.922056,746.201376
26.9,734.430581,135.714765,-4.297014,746.876991
26.925,735.096146,135.767988,-4.683748,747.543462
26.95,735.757776,135.794648,-5.079935,748.201509
26.975,736.415413,135.807446,-5.483437,748.853384
27,737.069857,135.819884,-5.892111,749.502323
27.025,737.722171,135.845459,-6.303539,750.151801
27.05,738.373049,135.896864,-6.71476,750.804771
27.075,739.022331,135.985188,-7.122134,751.463041
27.1,739.668776,136.119159,-7.521409,752.126914
27.125,740.31017,136.304506,-7.908025,752.795194
27.15,740.943765,136.543553,-8.277627,753.465543
27.175,741.566934,136.835148,-8.626678,754.13513
27.2,742.177889,137.174941,-8.953046,754.801391
27.225,742.776287,137.555965,-9.256431,755.46273
27.25,743.363555,137.969365,-9.538539,756.118975
27.275,743.94288,138.405111,-9.802987,756.771486
27.3,744.518848,138.852577,-10.054971,757.422904
27.325,745.096815,139.300924,-10.30075,758.07659
27.35,745.682117,139.739342,-10.547032,758.735885
27.375,746.279263,140.157256,-10.800325,759.403346
27.4,746.891254,140.544615,-11.066307,760.080126
27.425,747.519163,140.89234,-11.34929,760.765639
27.45,748.162066,141.192932,-11.651829,761.457607
27.475,748.817373,141.441139,-11.97455,762.152507
27.5,749.481495,141.634539,-12.316201,762.846343
27.525,750.150709,141.773883,-12.673914,763.535558
27.55,750.822014,141.863109,-13.043596,764.217884
27.575,751.493798,141.909018,-13.420346,764.892937
27.6,752.166142,141.920708,-13.798788,765.562407
27.625,752.840727,141.90885,-14.173268,766.229837
27.65,753.520368,141.884953,-14.537916,766.900017
27.675,754.208298,141.860644,-14.88662,767.578146
27.7,754.907336,141.846984,-15.213029,768.268891
27.725,755.619151,141.853826,-15.510673,768.975546
27.75,756.343756,141.889189,-15.773259,769.699431
27.775,757.079372,141.95871,-15.995148,770.439676
27.8,757.822721,142.065234,-16.171933,771.19345
27.825,758.569677,142.208643,-16.300999,771.956589
27.85,759.316142,142.385949,-16.381934,772.724485
27.875,760.058924,142.591664,-16.416693,773.493024
27.9,760.79641,142.818337,-16.409495,774.25934
27.925,761.528863,143.057177,-16.366515,775.022211
27.95,762.258301,143.298616,-16.295436,775.782026
27.975,762.987973,143.532789,-16.204976,776.540346
28,763.721573,143.74992,-16.104415,777.299192
28.025,764.462349,143.940662,-16.003148,778.060215
28.05,765.212288,144.09648,-15.910212,778.82397
28.075,765.971571,144.210091,-15.833789,779.589448
28.1,766.738412,144.275945,-15.780662,780.354003
28.125,767.509339,144.290669,-15.755696,781.113708
28.15,768.279886,144.253367,-15.761411,781.86408
28.175,769.045511,144.165666,-15.797745,782.600988
28.2,769.802552,144.031497,-15.862043,783.321547
28.225,770.548965,143.856647,-15.949267,784.024758
28.25,771.284691,143.648191,-16.052376,784.711766
28.275,772.011571,143.413925,-16.16279,785.385673
28.3,772.732857,143.161903,-16.27088,786.050978
28.325,773.452422,142.900113,-16.366457,786.712751
28.35,774.173863,142.636247,-16.439294,787.375716
28.375,774.899657,142.377519,-16.479692,788.043411
28.4,775.630576,142.130452,-16.479115,788.717577
28.425,776.365462,141.900583,-16.430856,789.397922
28.45,777.101456,141.692116,-16.330636,790.082286
28.475,777.834619,141.507574,-16.177017,790.767212
28.5,778.560824,141.347539,-15.971542,791.448781
28.525,779.276704,141.210549,-15.71855,792.123521
28.55,779.980429,141.093207,-15.424746,792.789181
28.575,780.672149,140.990466,-15.098626,793.4452
28.6,781.354,140.896069,-14.749902,794.092775
28.625,782.029712,140.803057,-14.38903,794.734557
28.65,782.703908,140.704313,-14.026853,795.37404
28.675,783.381243,140.593102,-13.674318,796.014811
28.7,784.065555,140.463583,-13.342178,796.659793
28.725,784.759196,140.311272,-13.040562,797.31067
28.75,785.462673,140.133397,-12.778399,797.967585
28.775,786.174683,139.929102,-12.562736,798.629206
28.8,786.892545,139.699444,-12.398046,799.29314
28.825,787.612923,139.447165,-12.285707,799.956603
28.85,788.332671,139.176282,-12.223755,800.617173
28.875,789.049596,138.891586,-12.206976,801.273454
28.9,789.762941,138.598145,-12.227301,801.925467
28.925,790.473489,138.300929,-12.274406,802.574697
28.95,791.183282,138.004593,-12.3364,803.22378
28.975,791.895019,137.713419,-12.40054,803.875911
29,792.611282,137.431368,-12.453925,804.534105
29.025,793.333769,137.162156,-12.484211,805.200461
29.05,794.062709,136.90928,-12.480344,805.875608
29.075,794.796598,136.67595,-12.433305,806.558451
29.1,795.532367,136.464927,-12.336789,807.24632
29.125,796.265938,136.278294,-12.187712,807.935491
29.15,796.993083,136.117245,-11.986427,808.622009
29.175,797.71038,135.981962,-11.736599,809.302597
29.2,798.416036,135.871611,-11.444773,809.975459
29.225,799.110389,135.784497,-11.119749,810.640791
29.25,799.795982,135.71831,-10.771909,811.300873
29.275,800.477203,135.670439,-10.412615,811.959755
29.3,801.159568,135.638275,-10.053737,812.622589
29.325,801.848792,135.619467,-9.707268,813.294753
29.35,802.549814,135.612108,-9.384953,813.980912
29.375,803.265952,135.614841,-9.09782,814.684199
29.4,803.998352,135.626899,-8.85557,815.405682
29.425,804.745849,135.648083,-8.665861,816.144216
29.45,805.505278,135.678706,-8.53359,816.896742
29.475,806.272182,135.719514,-8.46034,817.658972
29.5,807.041748,135.771592,-8.444112,818.426301
29.525,807.809754,135.83628,-8.479428,819.194723
29.55,808.57329,135.915076,-8.557755,819.961529
29.575,809.331102,136.009547,-8.668151,820.725634
29.6,810.083499,136.121213,-8.797995,821.487471
29.625,810.831876,136.25141,-8.933722,822.248496
29.65,811.577986,136.401123,-9.061504,823.010452
29.675,812.323141,136.570803,-9.167929,823.774557
29.7,813.067545,136.760219,-9.240702,824.540831
29.725,813.809907,136.968364,-9.26938,825.307711
29.75,814.547447,137.193501,-9.246103,826.072086
29.775,815.276322,137.433342,-9.166198,826.829743
29.8,815.992349,137.685387,-9.028545,827.576156
29.825,816.691887,137.947338,-8.835591,828.307415
29.85,817.372632,138.217529,-8.593019,829.021077
29.875,818.034148,138.495273,-8.309149,829.716729
29.9,818.678001,138.781039,-7.994221,830.396143
29.925,819.307499,139.076438,-7.659696,831.062997
29.95,819.927082,139.383996,-7.317677,831.72223
29.975,820.541521,139.706769,-6.980452,832.379178
30,821.15506,140.047843,-6.660085,833.038647
30.025,821.770677,140.409819,-6.367978,833.704092
30.05,822.389598,140.794349,-6.114315,834.377063
30.075,823.011167,141.201849,-5.907402,835.057028
30.1,823.633105,141.631421,-5.752975,835.741615
30.125,824.252108,142.081029,-5.65362,836.427235
30.15,824.864663,142.54788,-5.608448,837.109948
30.175,825.467876,143.0289,-5.613102,837.786361
30.2,826.060142,143.521185,-5.660107,838.454367
30.225,826.641507,144.0223,-5.739462,839.113547
30.25,827.213656,144.530347,-5.839367,839.765177
30.275,827.779576,145.043794,-5.946955,840.411861
30.3,828.342967,145.56113,-6.049005,841.056897
30.325,828.907541,146.080443,-6.132619,841.70352
30.35,829.476353,146.599071,-6.185901,842.354185
30.375,830.051292,147.113443,-6.198666,843.010045
30.4,830.632836,147.619191,-6.163134,843.670741
30.425,831.220129,148.111571,-6.074525,844.334554
30.45,831.81135,148.586097,-5.931433,844.998895
30.475,832.404307,149.039283,-5.735884,845.661007
30.5,832.997079,149.469305,-5.493051,846.318723
30.525,833.588564,149.876431,-5.2107,846.971068
30.55,834.178786,150.263157,-4.89849,847.61858
30.575,834.768889,150.634004,-4.567288,848.263261
30.6,835.360836,150.995042,-4.228589,848.908187
30.625,835.956875,151.353231,-3.894072,849.556861
30.65,836.558894,151.715655,-3.575251,850.212447
30.675,837.167835,152.088763,-3.283106,850.87705
30.7,837.78328,152.477686,-3.027632,851.551193
30.725,838.403351,152.885731,-2.817277,852.233632
30.75,839.024972,153.314119,-2.658322,852.921561
30.775,839.644456,153.762008,-2.554317,853.611206
30.8,840.258309,154.22679,-2.50573,854.298664
30.825,840.864076,154.704567,-2.509888,854.980817
30.85,841.461018,155.190701,-2.561251,855.656098
30.875,842.050481,155.68027,-2.651934,856.324933
30.9,842.635879,156.168352,-2.772372,856.989769
30.925,843.222294,156.65009,-2.911996,857.65469
30.95,843.815782,157.120573,-3.059862,858.324712
30.975,844.422494,157.574659,-3.205196,859.004887
31,845.047766,158.006842,-3.33791,859.699384
31.025,845.695334,158.411294,-3.449115,860.410735
31.05,846.366809,158.782157,-3.531647,861.139374
31.075,847.061532,159.114046,-3.580571,861.883599
31.1,847.776847,159.402696,-3.593584,862.639969
31.125,848.508747,159.645594,-3.571215,863.404055
31.15,849.252721,159.842464,-3.516786,864.171375
31.175,850.004624,159.99547,-3.436106,864.938275
31.2,850.761327,160.109145,-3.336991,865.702552
31.225,851.521013,160.19006,-3.228686,866.463684
31.25,852.283072,160.246337,-3.121283,867.222616
31.275,853.047626,160.287082,-3.025175,867.981194
31.3,853.814855,160.3218,-2.95055,868.741383
31.325,854.584278,160.359805,-2.906882,869.504459
31.35,855.354209,160.40964,-2.902412,870.27036
31.375,856.121539,160.478512,-2.943606,871.037374
31.4,856.881928,160.571779,-3.034695,871.802239
31.425,857.63041,160.692559,-3.177352,872.560665
31.45,858.362274,160.841525,-3.370637,873.308165
31.475,859.07401,161.016921,-3.611222,874.040985
31.5,859.764104,161.214792,-3.893869,874.75693
31.525,860.433486,161.429345,-4.212043,875.455858
31.55,861.085531,161.653384,-4.558518,876.139766
31.575,861.725633,161.878711,-4.925858,876.812436
31.6,862.360437,162.096489,-5.306711,877.478749
31.625,862.996875,162.297572,-5.693937,878.143797
31.65,863.641166,162.472872,-6.080646,878.811966
31.675,864.297945,162.613801,-6.460257,879.486168
31.7,864.969661,162.712839,-6.826657,880.167362
31.725,865.656371,162.764145,-7.174516,880.854468
31.75,866.355966,162.764151,-7.499709,881.544709
31.775,867.064787,162.711981,-7.799773,882.234306
31.8,867.778507,162.609618,-8.07427,882.919373
31.825,868.49305,162.461767,-8.324965,883.596803
31.85,869.205354,162.275477,-8.555763,884.264937
31.875,869.913795,162.059623,-8.772393,884.923888
31.9,870.618212,161.824358,-8.981921,885.575445
31.925,871.319552,161.580627,-9.192126,886.222634
31.95,872.019264,161.339739,-9.410826,886.869028
31.975,872.718587,161.112958,-9.645196,887.51797
32,873.417927,160.911052,-9.901138,888.171872
32.025,874.116478,160.743727,-10.182762,888.831734
32.05,874.812186,160.618989,-10.49205,889.496995
32.075,875.502093,160.542485,-10.828759,890.165752
32.1,876.182975,160.51697,-11.190621,890.835301
32.125,876.852145,160.542018,-11.573776,891.502875
32.15,877.5082,160.614041,-11.973379,892.166393
32.175,878.151534,160.726606,-12.384222,892.825027
32.2,878.784511,160.870959,-12.801245,893.479464
32.225,879.41123,161.036641,-13.219841,894.1318
32.25,880.03697,161.212108,-13.63593,894.785087
32.275,880.667391,161.385298,-14.045847,895.442658
32.3,881.307656,161.544195,-14.446132,896.107361
32.325,881.961621,161.677408,-14.833351,896.780862
32.35,882.631248,161.774828,-15.20402,897.46319
32.375,883.316367,161.828322,-15.554703,898.152637
32.4,884.014849,161.832399,-15.882265,898.846052
32.425,884.723177,161.784716,-16.184227,899.539506
32.45,885.437293,161.68631,-16.459109,900.229173
32.475,886.153531,161.541498,-16.70667,900.912232
32.5,886.869411,161.357493,-16.927971,901.587572
32.525,887.584117,161.143806,-17.125237,902.256152
32.55,888.298555,160.911601,-17.301555,902.920932
32.575,889.015005,160.673071,-17.460471,903.5864
32.6,889.73645,160.440886,-17.605557,904.257809
32.625,890.465743,160.227673,-17.740011,904.940249
32.65,891.204788,160.045462,-17.86634,905.637748
32.675,891.953927,159.905047,-17.986144,906.352544
32.7,892.711678,159.815263,-18.100036,907.084709
32.725,893.474896,159.782274,-18.207675,907.83219
32.75,894.239358,159.808992,-18.307922,908.591285
32.775,895.000619,159.894774,-18.399061,909.35745
32.8,895.754963,160.035467,-18.479065,910.126244
32.825,896.500191,160.223797,-18.545838,910.894179
32.85,897.236082,160.449987,-18.59741,911.659283
32.875,897.96441,160.702467,-18.632073,912.42124
32.9,898.688545,160.968551,-18.648455,913.18111
32.925,899.412712,161.23503,-18.645571,913.940708
32.95,900.141095,161.488698,-18.622859,914.70181
32.975,900.876937,161.716884,-18.58022,915.465363
33,901.621837,161.90805,-18.518052,916.230905
33.025,902.375385,162.052486,-18.437257,916.996334
33.05,903.135229,162.143025,-18.339176,917.758098
33.075,903.897571,162.175663,-18.225448,918.511802
33.1,904.65798,162.149944,-18.097791,919.253064
33.125,905.412335,162.068995,-17.95772,919.978443
33.15,906.15766,161.93922,-17.806275,920.6862
33.175,906.89266,161.769717,-17.643804,921.37671
33.2,907.617841,161.571567,-17.469849,922.052446
33.225,908.335201,161.357109,-17.283173,922.717542
33.25,909.047595,161.139291,-17.081923,923.377059
33.275,909.757909,160.931087,-16.863912,924.03607
33.3,910.468249,160.744932,-16.626978,924.698774
33.325,911.1793,160.592119,-16.369364,925.367765
33.35,911.890027,160.482126,-16.090049,926.04364
33.375,912.597786,160.421941,-15.788956,926.724991
33.4,913.298839,160.415479,-15.466987,927.408822
33.425,913.989178,160.463226,-15.125893,928.091298
33.45,914.665445,160.562212,-14.767985,928.768644
33.475,915.325756,160.706314,-14.395805,929.438001
33.5,915.970225,160.886819,-14.011827,930.098034
33.525,916.601091,161.093124,-13.618295,930.749167
33.55,917.222437,161.313431,-13.217229,931.393428
33.575001,917.839575,161.535383,-12.810599,932.033946
33.600001,918.458226,161.74661,-12.400597,932.674248
33.625001,919.083648,161.935264,-11.98992,933.317492
33.650001,919.719863,162.090579,-11.581947,933.965805
33.675001,920.369124,162.203496,-11.180721,934.619873
33.700001,921.031719,162.26731,-10.790702,935.27886
33.725001,921.706175,162.278231,-10.416289,935.940701
33.750001,922.389785,162.23575,-10.061224,936.602681
33.775001,923.079365,162.142687,-9.72798,937.262183
33.800001,923.772034,162.004922,-9.417301,937.917401
33.825001,924.465823,161.830869,-9.127962,938.56785
33.850001,925.159987,161.630801,-8.856806,939.214545
33.875001,925.854932,161.416183,-8.599031,939.859821
33.900001,926.551815,161.19906,-8.348669,940.506833
33.925001,927.251917,160.991541,-8.099182,941.158856
33.950001,927.95595,160.805319,-7.844105,941.818521
33.975001,928.663478,160.651161,-7.577683,942.487173
34.000001,929.372614,160.538349,-7.295418,943.164482
34.025001,930.080095,160.474079,-6.994489,943.848418
34.050001,930.781754,160.462924,-6.673964,944.535635
34.075001,931.473305,160.506474,-6.334781,945.222183
34.100001,932.151269,160.603259,-5.979518,945.904408
34.125001,932.813824,160.748983,-5.612026,946.579823
34.150001,933.461382,160.937022,-5.237004,947.247752
34.175001,934.096756,161.159063,-4.85966,947.9096
34.200001,934.724906,161.405752,-4.485484,948.568704
34.225001,935.352301,161.667253,-4.120182,949.229795
34.250001,935.986025,161.933692,-3.769692,949.898189
34.275001,936.632772,162.195509,-3.4402,950.578859
34.300001,937.297898,162.443808,-3.138059,951.275558
34.325001,937.984669,162.670753,-2.869532,951.990151
34.350001,938.693874,162.870035,-2.640352,952.722315
34.375001,939.42386,163.037358,-2.45516,953.469662
34.400001,940.17101,163.17087,-2.316933,954.22829
34.425001,940.930556,163.271418,-2.226541,954.993626
34.450001,941.697526,163.342563,-2.18253,955.761365
34.475001,942.467604,163.39035,-2.181167,956.528279
34.500001,943.237701,163.422858,-2.216714,957.292696
34.525001,944.006114,163.449637,-2.28185,958.054557
34.550001,944.772279,163.481075,-2.368136,958.815065
34.575001,945.536204,163.527766,-2.466481,959.576014
34.600001,946.297764,163.59986,-2.567595,960.338985
34.625001,947.056042,163.706431,-2.662439,961.104589
34.650001,947.808903,163.85485,-2.742716,961.871952
34.675001,948.552939,164.050245,-2.801401,962.638566
34.700001,949.283819,164.295141,-2.833268,963.400587
34.725001,949.996983,164.589349,-2.835333,964.153494
34.750001,950.688518,164.930187,-2.807138,964.893002
34.775001,951.356005,165.312972,-2.750811,965.615966
34.800001,951.999119,165.731682,-2.670893,966.321089
34.825001,952.619851,166.179645,-2.574002,967.009245
34.850001,953.222314,166.650073,-2.468377,967.683378
34.875001,953.812171,167.136383,-2.363401,968.347982
34.900001,954.395822,167.632275,-2.269111,969.008314
34.925001,954.979473,168.131651,-2.195687,969.669463
34.950001,955.568268,168.628492,-2.152897,970.335467
34.975001,956.165602,169.116835,-2.149473,971.008642
35.000001,956.772745,169.590932,-2.192451,971.689238
35.025001,957.388854,170.045628,-2.286552,972.375526
35.050001,958.011374,170.476893,-2.433732,973.064277
35.075001,958.636731,170.882385,-2.632989,973.751562
35.100001,959.261189,171.261911,-2.880493,974.433665
35.125001,959.881641,171.617645,-3.169973,975.107907
35.150001,960.496189,171.954062,-3.493284,975.773197
35.175001,961.104367,172.277576,-3.840975,976.430193
35.200001,961.707022,172.595952,-4.202788,977.081072
35.225001,962.305882,172.917568,-4.568023,977.728982
35.250001,962.902964,173.25061,-4.925817,978.377307
35.275001,963.499937,173.60228,-5.265432,979.028909
35.300001,964.097624,173.9781,-5.576642,979.685514
35.325001,964.695732,174.381399,-5.850276,980.347364
35.350001,965.2929,174.813069,-6.07889,981.013224
35.375001,965.887049,175.271645,-6.257463,981.680751
35.400001,966.475954,175.753714,-6.383966,982.347135
35.425001,967.057906,176.254557,-6.459679,983.009863
35.450001,967.632275,176.768886,-6.489163,983.667407
35.475001,968.199848,177.291518,-6.479926,984.319673
35.500001,968.762864,177.817818,-6.441861,984.968101
35.525001,969.324715,178.343867,-6.386565,985.615405
35.550001,969.88941,178.866357,-6.32663,986.265009
35.575001,970.460872,179.382306,-6.274938,986.920306
35.600001,971.042233,179.888717,-6.243955,987.583898
35.625001,971.635253,180.382329,-6.244998,988.256976
35.650001,972.239993,180.859557,-6.287486,988.938985
35.675001,972.854833,181.316661,-6.378245,989.627677
35.700001,973.476857,181.750138,-6.520961,990.319558
35.725001,974.10254,182.157205,-6.715911,991.010651
35.750001,974.728591,182.536275,-6.960019,991.697413
35.775001,975.352753,182.887275,-7.247246,992.377585
35.800001,975.97439,183.211723,-7.569185,993.050774
35.825001,976.594717,183.512558,-7.915733,993.718652
35.850001,977.216641,183.793746,-8.275713,994.38473
35.875001,977.844256,184.059757,-8.637362,995.053761
35.900001,978.482088,184.314997,-8.988723,995.730893
35.925001,979.134251,184.563271,-9.318005,996.420749
35.950001,979.803661,184.807363,-9.614029,997.126575
35.975001,980.491474,185.048761,-9.866802,997.849652
36.000001,981.196875,185.287584,-10.068224,998.589088
36.025001,981.917279,185.522703,-10.212817,999.342042
36.050001,982.6489,185.752023,-10.298326,1000.104359
36.075001,983.387581,185.972887,-10.326044,1000.871459
36.100001,984.129661,186.182492,-10.30079,1001.639264
36.125001,984.87267,186.378249,-10.230538,1002.404954
36.150001,985.6157,186.558028,-10.12581,1003.167353
36.175001,986.359347,186.720258,-9.998945,1003.926888
36.200001,987.105285,186.863923,-9.86337,1004.685152
36.225001,987.855548,186.988474,-9.732905,1005.444181
36.250001,988.611725,187.093731,-9.621089,1006.205631
36.275001,989.374234,187.179799,-9.540486,1006.970046
36.300001,990.141865,187.24701,-9.501954,1007.736395
36.325001,990.911716,187.2959,-9.513908,1008.502007
36.350001,991.679569,187.32719,-9.581676,1009.262925
36.375001,992.44064,187.341737,-9.707086,1010.014642
36.400001,993.190526,187.340457,-9.888371,1010.75301
36.425001,993.926141,187.324203,-10.120435,1011.475138
36.450001,994.646395,187.293616,-10.395414,1012.180031
36.475001,995.352474,187.248996,-10.703376,1012.868844
36.500001,996.04767,187.190205,-11.033034,1013.544701
36.525001,996.736804,187.116641,-11.37235,1014.21212
36.550001,997.425366,187.027303,-11.709017,1014.876187
36.575001,998.11855,186.920937,-12.03087,1015.541638
36.600001,998.820342,186.796253,-12.326321,1016.212012
36.625001,999.532851,186.652175,-12.584888,1016.889047
36.650001,1000.256001,186.488075,-12.797849,1017.572432
36.675001,1000.987667,186.303938,-12.958934,1018.259987
36.700001,1001.724232,186.100426,-13.064941,1018.948232
36.725001,1002.461443,185.878823,-13.116115,1019.633225
36.750001,1003.195365,185.640882,-13.1162,1020.311478
36.775001,1003.92321,185.388649,-13.072151,1020.980727
36.800001,1004.643855,185.124293,-12.993569,1021.640402
36.825001,1005.357933,184.850038,-12.891998,1022.291697
36.850001,1006.067527,184.568186,-12.780179,1022.93725
36.875001,1006.775538,184.281236,-12.671343,1023.580539
36.900001,1007.484892,183.992043,-12.578529,1024.225121
36.925001,1008.197768,183.703934,-12.51391,1024.873881
36.950001,1008.915007,183.42072,-12.488092,1025.528452
36.975001,1009.635854,183.146542,-12.50941,1026.18892
37.000001,1010.358091,182.885542,-12.583302,1026.8539
37.025001,1011.078552,182.641416,-12.711877,1027.520957
37.050001,1011.793898,182.41692,-12.893785,1028.187276
37.075001,1012.501468,182.213449,-13.124435,1028.850433
37.100001,1013.199986,182.030775,-13.3965,1029.509048
37.125001,1013.88997,181.866985,-13.7006,1030.16318
37.150001,1014.573737,181.718629,-14.026005,1030.814366
37.175001,1015.255021,181.581017,-14.36124,1031.465301
37.200001,1015.93828,181.448644,-14.694558,1032.119242
37.225001,1016.627852,181.315666,-15.014311,1032.779255
37.250001,1017.327108,181.176404,-15.309316,1033.447487
37.275001,1018.037783,181.025838,-15.569288,1034.124598
37.300001,1018.759631,180.860058,-15.785394,1034.809511
37.325001,1019.490498,180.676614,-15.950873,1035.499563
37.350001,1020.226813,180.474726,-16.06162,1036.19103
37.375001,1020.964397,180.255317,-16.116587,1036.879947
37.400001,1021.699429,180.020881,-16.117901,1037.563023
37.425001,1022.429302,179.775232,-16.070641,1038.238449
37.450001,1023.15321,179.5232,-15.982354,1038.906399
37.475001,1023.872304,179.270363,-15.862402,1039.569129
37.500001,1024.589425,179.022838,-15.721277,1040.230659
37.525001,1025.308456,178.787147,-15.569965,1040.896103
37.550001,1026.033463,178.570094,-15.419381,1041.570787
37.575001,1026.767787,178.378591,-15.279854,1042.259317
37.600001,1027.513266,178.219374,-15.160615,1042.964765
37.625001,1028.269775,178.098584,-15.069267,1043.688133
37.650001,1029.035181,178.021254,-15.011262,1044.428221
37.675001,1029.805741,177.99079,-14.989473,1045.181932
37.700001,1030.576875,178.00857,-15.003936,1045.944963
37.725001,1031.344121,178.073746,-15.051842,1046.712718
37.750001,1032.104054,178.183296,-15.127793,1047.481224
37.775001,1032.854938,178.332293,-15.224256,1048.247827
37.800001,1033.596983,178.51429,-15.332138,1049.011511
37.825001,1034.332145,178.72174,-15.441374,1049.772777
37.850001,1035.063556,178.946368,-15.541486,1050.533153
37.875001,1035.794704,179.17949,-15.622102,1051.294444
37.900001,1036.528553,179.412303,-15.673465,1052.057923
37.925001,1037.266789,179.636219,-15.68696,1052.823652
37.950001,1038.009343,179.843295,-15.655652,1053.590103
37.975001,1038.754323,180.02676,-15.574784,1054.354187
38.000001,1039.498366,180.181588,-15.442134,1055.111708
38.025001,1040.237337,180.305021,-15.258133,1055.858148
38.050001,1040.967221,180.396924,-15.025694,1056.589597
38.075001,1041.684969,180.459909,-14.749773,1057.303603
38.100001,1042.38911,180.499194,-14.436773,1057.999734
38.125001,1043.079985,180.522245,-14.093915,1058.679732
38.150001,1043.759555,180.538274,-13.728725,1059.34723
38.175001,1044.430864,180.557647,-13.348696,1060.007114
38.200001,1045.097276,180.591245,-12.961133,1060.664652
38.225001,1045.761649,180.649788,-12.57309,1061.324576
38.250001,1046.425639,180.743111,-12.191325,1061.990263
38.275001,1047.089266,180.879434,-11.822154,1062.663194
38.300001,1047.750854,181.064688,-11.471155,1063.342776
38.325001,1048.407378,181.302005,-11.14276,1064.026601
38.350001,1049.055143,181.591477,-10.839788,1064.711068
38.375001,1049.690645,181.930255,-10.563056,1065.39225
38.400001,1050.311422,182.312948,-10.311161,1066.066797
38.425001,1050.916687,182.73222,-10.080506,1066.732658
38.450001,1051.507622,183.179434,-9.865573,1067.389485
38.475001,1052.087282,183.645192,-9.659391,1068.038627
38.500001,1052.660152,184.119705,-9.454142,1068.682761
38.525001,1053.23146,184.592986,-9.24184,1069.32525
38.550001,1053.806375,185.054984,-9.015011,1069.969389
38.575001,1054.389244,185.495764,-8.767344,1070.617683
38.600001,1054.982998,185.905846,-8.494243,1071.27133
38.625001,1055.588832,186.276768,-8.19321,1071.93001
38.650001,1056.20623,186.60179,-7.863996,1072.592033
38.675001,1056.833327,186.876639,-7.508467,1073.254833
38.700001,1057.467524,187.100109,-7.130218,1073.915665
38.725001,1058.106193,187.274373,-6.733985,1074.572358
38.750001,1058.74731,187.404939,-6.32502,1075.223922
38.775001,1059.389843,187.500282,-5.908541,1075.870859
38.800001,1060.033825,187.571218,-5.489375,1076.515121
38.825001,1060.680091,187.630151,-5.071839,1077.159715
38.850001,1061.329769,187.690261,-4.659811,1077.808066
38.875001,1061.983656,187.764675,-4.256921,1078.463249
38.900001,1062.641631,187.865633,-3.866737,1079.127279
38.925001,1063.302284,188.003669,-3.492859,1079.800596
38.950001,1063.962858,188.186848,-3.138846,1080.481886
38.975001,1064.619581,188.420169,-2.80798,1081.168302
39.000001,1065.268319,188.70523,-2.502919,1081.856053
39.025001,1065.905436,189.040241,-2.225343,1082.541253
39.050001,1066.52866,189.420383,-1.975687,1083.220831
39.075001,1067.137742,189.838423,-1.753051,1083.893288
39.100001,1067.734777,190.285431,-1.555305,1084.559135
39.125001,1068.324112,190.751428,-1.379374,1085.220907
39.150001,1068.911868,191.225886,-1.221633,1085.882781
39.175001,1069.505161,191.69803,-1.078344,1086.549855
39.200001,1070.111156,192.157041,-0.946073,1087.227257
39.225001,1070.736096,192.592267,-0.822029,1087.919227
39.250001,1071.384467,192.993576,-0.704304,1088.628354
39.275001,1072.058426,193.351898,-0.591989,1089.355119
39.300001,1072.75763,193.659934,-0.48517,1090.097857
39.325001,1073.479497,193.912915,-0.384802,1090.853151
39.350001,1074.219848,194.10923,-0.292503,1091.616581
39.375001,1074.973788,194.250776,-0.210291,1092.383657
39.400001,1075.736605,194.342953,-0.140338,1093.150697
39.425001,1076.504473,194.394295,-0.084754,1093.915458
39.450001,1077.274792,194.415852,-0.045437,1094.677351
39.475001,1078.046125,194.420432,-0.023975,1095.437243
39.500001,1078.817768,194.421787,-0.021587,1096.196884
39.525001,1079.589107,194.433811,-0.039079,1096.958135
39.550001,1080.358945,194.469728,-0.076794,1097.722156
39.575001,1081.125001,194.541284,-0.134566,1098.488778
39.600001,1081.883731,194.657959,-0.211705,1099.256191
39.625001,1082.630568,194.826289,-0.307026,1100.021057
39.650001,1083.360539,195.049394,-0.418977,1100.779042
39.675001,1084.069132,195.32684,-0.545841,1101.525649
39.700001,1084.753218,195.654858,-0.686004,1102.257156
39.725001,1085.411778,196.026873,-0.838245,1102.971426
39.750001,1086.046288,196.434222,-1.001971,1103.668404
39.775001,1086.660658,196.866876,-1.177361,1104.350189
39.800001,1087.26077,197.314042,-1.365379,1105.020668
39.825001,1087.85369,197.764585,-1.567639,1105.684828
39.850001,1088.446716,198.207311,-1.786148,1106.347858
39.875001,1089.046399,198.631203,-2.022963,1107.014231
39.900001,1089.657694,199.025752,-2.279816,1107.686931
39.925001,1090.283381,199.381442,-2.557774,1108.366975
39.950001,1090.923856,199.690405,-2.857011,1109.053326
39.975001,1091.577334,199.947155,-3.176745,1109.743228
40.000001,1092.240435,200.149228,-3.515348,1110.432906
40.025001,1092.909016,200.297599,-3.870609,1111.118457
40.050001,1093.579058,200.396739,-4.240063,1111.796738
40.075001,1094.247408,200.45433,-4.6213,1112.466038
40.100001,1094.912204,200.480699,-5.012148,1113.126393
40.125001,1095.572933,200.488076,-5.410694,1113.779509
40.150001,1096.230124,200.489798,-5.815128,1114.428311
40.175001,1096.884808,200.499507,-6.223476,1115.076261
40.200001,1097.537878,200.530355,-6.633305,1115.726587
40.225001,1098.189526,200.594204,-7.041504,1116.381589
40.250001,1098.838911,200.700851,-7.444255,1117.042166
40.275001,1099.484135,200.857324,-7.837233,1117.707676
40.300001,1100.122564,201.067368,-8.21603,1118.376165
40.325001,1100.751425,201.331222,-8.57674,1119.044915
40.350001,1101.36852,201.645755,-8.916575,1119.711182
40.375001,1101.972897,202.004937,-9.234372,1120.372944
40.400001,1102.565299,202.400519,-9.530883,1121.029459
40.425001,1103.148283,202.822776,-9.808796,1121.681517
40.450001,1103.725983,203.261149,-10.072506,1122.331322
40.475001,1104.303576,203.704714,-10.327667,1122.982039
40.500001,1104.886527,204.142479,-10.580624,1123.637103
40.525001,1105.479777,204.563604,-10.83777,1124.299454
40.550001,1106.08699,204.957659,-11.104918,1124.97084
40.575001,1106.710015,205.315026,-11.386725,1125.651356
40.600001,1107.348681,205.627456,-11.68626,1126.339345
40.625001,1108.000973,205.88874,-12.004752,1127.031696
40.650001,1108.663582,206.09534,-12.341574,1127.724497
40.675001,1109.33272,206.246838,-12.694433,1128.413927
40.700001,1110.005006,206.346067,-13.059727,1129.097148
40.725001,1110.678226,206.398905,-13.432959,1129.773019
40.750001,1111.351786,206.413775,-13.809094,1130.442449
40.775001,1112.026775,206.400963,-14.182799,1131.108332
40.800001,1112.705631,206.371877,-14.548533,1131.77508
40.825001,1113.391497,206.338315,-14.900533,1132.447859
40.850001,1114.087422,206.311771,-15.232783,1133.131664
40.875001,1114.79556,206.302774,-15.539062,1133.830427
40.900001,1115.516562,206.320253,-15.813162,1134.546298
40.925001,1116.249292,206.370937,-16.049287,1135.279272
40.950001,1116.990963,206.458877,-16.242596,1136.027245
40.975001,1117.737661,206.585156,-16.389775,1136.786493
41.000001,1118.485162,206.747875,-16.489519,1137.552481
41.025001,1119.229843,206.942412,-16.542792,1138.32081
41.050001,1119.969445,207.161913,-16.552838,1139.088062
41.075001,1120.703537,207.397901,-16.524946,1139.85235
41.100001,1121.433541,207.64088,-16.466065,1140.613455
41.125001,1122.162355,207.88086,-16.384339,1141.372529
41.150001,1122.893646,208.107785,-16.288646,1142.131477
41.175001,1123.630971,208.311891,-16.188158,1142.892147
41.200001,1124.376916,208.48408,-16.091888,1143.655547
41.225001,1125.132423,208.616347,-16.00822,1144.421256
41.250001,1125.89647,208.70226,-15.944391,1145.187198
41.275001,1126.666188,208.737449,-15.905963,1145.949834
41.300001,1127.4374,208.719981,-15.896359,1146.704764
41.325001,1128.205481,208.650516,-15.916544,1147.447594
41.350001,1128.966326,208.532192,-15.964918,1148.174864
41.375001,1129.717195,208.370251,-16.037439,1148.884808
41.400001,1130.457236,208.17149,-16.12793,1149.577767
41.425001,1131.187576,207.943675,-16.228508,1150.256175
41.450001,1131.910974,207.695019,-16.330056,1150.924127
41.475001,1132.631132,207.433792,-16.42271,1151.586629
41.500001,1133.351814,207.168053,-16.496359,1152.2487
41.525001,1134.07597,206.905444,-16.541192,1152.914471
41.550001,1134.805027,206.652985,-16.548305,1153.586473
41.575001,1135.538527,206.416794,-16.510362,1154.265234
41.600001,1136.27418,206.201741,-16.422222,1154.949288
41.625001,1137.008351,206.011081,-16.281425,1155.6356
41.650001,1137.736874,205.846143,-16.088437,1156.320313
41.675001,1138.456001,205.706163,-15.846576,1156.999657
41.700001,1139.163271,205.588318,-15.561661,1157.6708
41.725001,1139.858091,205.487965,-15.241478,1158.332454
41.750001,1140.541908,205.399035,-14.8952,1158.985106
41.775001,1141.217959,205.314542,-14.532878,1159.630845
41.800001,1141.890668,205.227122,-14.16506,1160.272864
41.825001,1142.564827,205.129586,-13.802508,1160.914743
41.850001,1143.244719,205.015451,-13.455926,1161.559678
41.875001,1143.933363,204.879433,-13.135608,1162.20982
41.900001,1144.632023,204.717863,-12.85093,1162.865864
41.925001,1145.340082,204.52897,-12.6097,1163.526969
41.950001,1146.055332,204.312974,-12.417455,1164.191053
41.975001,1146.774597,204.071959,-12.276854,1164.855383
42.000001,1147.49456,203.809531,-12.187302,1165.517319
42.025001,1148.212575,203.530338,-12.144899,1166.175036
42.050001,1148.927276,203.239554,-12.142719,1166.828028
42.075001,1149.638839,202.942439,-12.17133,1167.477295
42.100001,1150.348838,202.644038,-12.219457,1168.125152
42.125001,1151.059757,202.349058,-12.27469,1168.774732
42.150001,1151.774265,202.061865,-12.324191,1169.42928
42.175001,1152.494426,201.786548,-12.355401,1170.091393
42.200001,1153.221027,201.526954,-12.356771,1170.762376
42.225001,1153.953188,201.28664,-12.318506,1171.441853
42.250001,1154.688355,201.068729,-12.233282,1172.127759
42.275001,1155.422725,200.875687,-12.096822,1172.816716
42.300001,1156.152014,200.709088,-11.908226,1173.504761
42.325001,1156.872394,200.569447,-11.669967,1174.188242
42.350001,1157.581399,200.45618,-11.387565,1174.864695
42.375001,1158.278557,200.36771,-11.069012,1175.533478
42.400001,1158.965637,200.301702,-10.72411,1176.19604
42.425001,1159.64644,200.255371,-10.363837,1176.855764
42.450001,1160.326205,200.225807,-9.999834,1177.51742
42.475001,1161.010737,200.210262,-9.644005,1178.186355
42.500001,1161.705426,200.206376,-9.308167,1178.867563
42.525001,1162.414335,200.212316,-9.003626,1179.564803
42.550001,1163.139518,200.226857,-8.740632,1180.279937
42.575001,1163.880705,200.249397,-8.527696,1181.012632
42.600001,1164.63545,200.279924,-8.370851,1181.760488
42.625001,1165.399695,200.318965,-8.273012,1182.51959
42.650001,1166.168644,200.367503,-8.233587,1183.285356
42.675001,1166.937732,200.426885,-8.248432,1184.05348
42.700001,1167.703458,200.498729,-8.310153,1184.820731
42.725001,1168.463886,200.584818,-8.408683,1185.585437
42.750001,1169.218723,200.68698,-8.531989,1186.347538
42.775001,1169.968973,200.806941,-8.666812,1187.108225
42.800001,1170.71629,200.946154,-8.799367,1187.869276
42.825001,1171.462188,201.105605,-8.916017,1188.632247
42.850001,1172.207303,201.285627,-9.003961,1189.39772
42.875001,1172.950884,201.485767,-9.051954,1190.164791
42.900001,1173.690653,201.704754,-9.051056,1190.930929
42.925001,1174.423071,201.940613,-8.995296,1191.692274
42.950001,1175.143974,202.190936,-8.882146,1192.444308
42.975001,1175.849419,202.453269,-8.712684,1193.182758
43.000001,1176.536532,202.72556,-8.491392,1193.904505
43.025001,1177.204161,203.006549,-8.22565,1194.608286
43.050001,1177.853163,203.29604,-7.925051,1195.29501
43.075001,1178.486286,203.594974,-7.600682,1195.967646
43.100001,1179.107678,203.905297,-7.264494,1196.630712
43.125001,1179.722136,204.229638,-6.928797,1197.289469
43.150001,1180.334251,204.570855,-6.605836,1197.949003
43.175001,1180.947601,204.931523,-6.307371,1198.613344
43.200001,1181.564157,205.313457,-6.044155,1199.284789
43.225001,1182.184004,205.717353,-5.825307,1199.963576
43.250001,1182.805451,206.14265,-5.65761,1200.647965
43.275001,1183.425511,206.58762,-5.544872,1201.334729
43.300001,1184.040649,207.049695,-5.487495,1202.019945
43.325001,1184.647634,207.525918,-5.482357,1202.699913
43.350001,1185.244286,208.013423,-5.523047,1203.371973
43.375001,1185.829966,208.509783,-5.600387,1204.035051
43.400001,1186.405718,209.01316,-5.703118,1204.689817
43.425001,1186.974042,209.522204,-5.81865,1205.338453
43.450001,1187.538392,210.035745,-5.933771,1205.984103
43.475001,1188.102506,210.552369,-6.035329,1206.630138
43.500001,1188.669709,211.070014,-6.110904,1207.279409
43.525001,1189.242332,211.585704,-6.149497,1207.933628
43.550001,1189.82136,212.09554,-6.142245,1208.593031
43.575001,1190.406388,212.594994,-6.083069,1209.256384
43.600001,1190.995889,213.079459,-5.969161,1209.921359
43.625001,1191.587739,213.54497,-5.801178,1210.585167
43.650001,1192.179857,213.988914,-5.583106,1211.245325
43.675001,1192.770807,214.410577,-5.321796,1211.900332
43.700001,1193.360206,214.811413,-5.026313,1212.550118
43.725001,1193.948838,215.194977,-4.707222,1213.196136
43.750001,1194.538456,215.566563,-4.375955,1213.841099
43.775001,1195.131319,215.932613,-4.044307,1214.488418
43.800001,1195.729575,216.299989,-3.724045,1215.141461
43.825001,1196.334634,216.67521,-3.426544,1215.802798
43.850001,1196.946664,217.063737,-3.162361,1216.473585
43.875001,1197.564368,217.469406,-2.940696,1217.153239
43.900001,1198.185101,217.894077,-2.768779,1217.839493
43.925001,1198.805339,218.337562,-2.651262,1218.528851
43.950001,1199.42142,218.797836,-2.589774,1219.217349
43.975001,1200.030398,219.271462,-2.58275,1219.901472
44.000001,1200.6308,219.754123,-2.625594,1220.578997
44.025001,1201.223136,220.241123,-2.711124,1221.249575
44.050001,1201.810024,220.727728,-2.830209,1221.914921
44.075001,1202.395942,221.209297,-2.972456,1222.578582
44.100001,1202.986627,221.68121,-3.126864,1223.24534
44.125001,1203.588259,222.138683,-3.282395,1223.920367
44.150001,1204.206541,222.576592,-3.4285,1224.6083
44.175001,1204.845857,222.989429,-3.555626,1225.312396
44.200001,1205.508629,223.371478,-3.655752,1226.033946
44.225001,1206.195024,223.717239,-3.722916,1226.772065
44.250001,1206.903071,224.02202,-3.753682,1227.523922
44.275001,1207.62918,224.282591,-3.747438,1228.285374
44.300001,1208.368933,224.497735,-3.706461,1229.05185
44.325001,1209.117976,224.668572,-3.63571,1229.819281
44.350001,1209.872765,224.798602,-3.542403,1230.584848
44.375001,1210.631016,224.893472,-3.435454,1231.347365
44.400001,1211.391739,224.960555,-3.324875,1232.10724
44.425001,1212.154893,225.008415,-3.221203,1232.86603
44.450001,1212.920767,225.046236,-3.134976,1233.625723
44.475001,1213.689248,225.083249,-3.076211,1234.387914
44.500001,1214.45919,225.128154,-3.053885,1235.153082
44.525001,1215.228051,225.188563,-3.075383,1235.920128
44.550001,1215.99193,225.270469,-3.145985,1236.68632
44.575001,1216.746017,225.377813,-3.268465,1237.44766
44.600001,1217.48539,225.512202,-3.442919,1238.199613
44.625001,1218.205969,225.672842,-3.666878,1238.938038
44.650001,1218.90539,225.856679,-3.935698,1239.660066
44.675001,1219.583606,226.058706,-4.243145,1240.364751
44.700001,1220.243065,226.272372,-4.582028,1241.05331
44.725001,1220.888439,226.489984,-4.94475,1241.728934
44.750001,1221.525976,226.70308,-5.323682,1242.396208
44.775001,1222.162588,226.902758,-5.711366,1243.060285
44.800001,1222.804848,227.080022,-6.100578,1243.725954
44.825001,1223.458051,227.226192,-6.484387,1244.396798
44.850001,1224.125496,227.333416,-6.856281,1245.074584
44.875001,1224.80812,227.395275,-7.210435,1245.759019
44.900001,1225.504561,227.407386,-7.542118,1246.447926
44.925001,1226.211643,227.367889,-7.848157,1247.13782
44.950001,1226.925174,227.277712,-8.127351,1247.824745
44.975001,1227.640884,227.14054,-8.380728,1248.505187
45.000001,1228.355271,226.962517,-8.611559,1249.176855
45.025001,1229.06616,226.751772,-8.825129,1249.83914
45.050001,1229.772888,226.517884,-9.028287,1250.49319
45.075001,1230.476076,226.271374,-9.22886,1251.14159
45.100001,1231.177095,226.023277,-9.434978,1251.787753
45.125001,1231.877377,225.784751,-9.65439,1252.435161
45.150001,1232.577732,225.566662,-9.893794,1253.086618
45.175001,1233.277858,225.379078,-10.158264,1253.743672
45.200001,1233.976166,225.230661,-10.450816,1254.406333
45.225001,1234.66998,225.128008,-10.772206,1255.073153
45.250001,1235.356082,225.075055,-11.120995,1255.741656
45.275001,1236.031473,225.07267,-11.493892,1256.409017
45.300001,1236.694166,225.118546,-11.886306,1257.072832
45.325001,1237.343816,225.207394,-12.292976,1257.73177
45.350001,1237.982021,225.331387,-12.708552,1258.385961
45.375001,1238.612255,225.480751,-13.127995,1259.037026
45.400001,1239.239415,225.644385,-13.546757,1259.687751
45.425001,1239.869103,225.810446,-13.960743,1260.341482
45.450001,1240.506757,225.966919,-14.366142,1261.001367
45.475001,1241.156798,226.102185,-14.759246,1261.66962
45.500001,1241.821941,226.205648,-15.136332,1262.346956
45.525001,1242.502811,226.268428,-15.493718,1263.03234
45.550001,1243.197959,226.284038,-15.827974,1263.723133
45.575001,1243.904296,226.248962,-16.136262,1264.415624
45.600001,1244.61785,226.162991,-16.416696,1265.105845
45.625001,1245.3347,226.02925,-16.668638,1265.790496
45.650001,1246.051841,225.853898,-16.892812,1266.467742
45.675001,1246.767804,225.645609,-17.091235,1267.137722
45.700001,1247.482874,225.414931,-17.26695,1267.80265
45.725001,1248.198891,225.173654,-17.423642,1268.466487
45.750001,1248.91868,224.934244,-17.565198,1269.134279
45.775001,1249.645258,224.709325,-17.695277,1269.811275
45.800001,1250.380988,224.511158,-17.816947,1270.501994
45.825001,1251.126865,224.351036,-17.932425,1271.20942
45.850001,1251.882106,224.238601,-18.042922,1271.934474
45.875001,1252.644151,224.181105,-18.148623,1272.675886
45.900001,1253.409091,224.182764,-18.248779,1273.430516
45.925001,1254.172447,224.244329,-18.341898,1274.194048
45.950001,1254.930113,224.362995,-18.425993,1274.961905
45.975001,1255.679231,224.532655,-18.498839,1275.730164
46.000001,1256.418794,224.744449,-18.558201,1276.496244
46.025001,1257.14984,224.987445,-18.602007,1277.259216
46.050001,1257.875196,225.249343,-18.628458,1278.019677
46.075001,1258.598861,225.5171,-18.636104,1278.779246
46.100001,1259.325141,225.777466,-18.623898,1279.53981
46.125001,1260.05773,226.017513,-18.59125,1280.302712
46.150001,1260.798914,226.225194,-18.538085,1281.068071
46.175001,1261.549064,226.390008,-18.464876,1281.834399
46.200001,1262.30653,226.503718,-18.372628,1282.598637
46.225001,1263.067988,226.561027,-18.262783,1283.356603
46.250001,1263.829144,226.560072,-18.137035,1284.103782
46.275001,1264.585657,226.502602,-17.997068,1284.836257
46.300001,1265.33404,226.393806,-17.844266,1285.551557
46.325001,1266.072327,226.241825,-17.67945,1286.249223
46.350001,1266.800355,226.057076,-17.502713,1286.930956
46.375001,1267.519612,225.85152,-17.313366,1287.600338
46.400001,1268.232715,225.637982,-17.110044,1288.262191
46.425001,1268.94263,225.429536,-16.890931,1288.921711
46.450001,1269.651837,225.238937,-16.654091,1289.583548
46.475001,1270.36161,225.078027,-16.397836,1290.250994
46.500001,1271.071571,224.957081,-16.121069,1290.925449
46.525001,1271.779642,224.884115,-15.82353,1291.606251
46.550001,1272.48242,224.864251,-15.50589,1292.29094
46.575001,1273.175897,224.899264,-15.169661,1292.975894
46.600001,1273.85637,224.987424,-14.816957,1293.657194
46.625001,1274.521327,225.123695,-14.450168,1294.331525
46.650001,1275.170095,225.30021,-14.071646,1294.996898
46.675001,1275.804131,225.506947,-13.683496,1295.65304
46.700001,1276.426883,225.732438,-13.287538,1296.301384
46.725001,1277.043293,225.964428,-12.885431,1296.94469
46.750001,1277.659038,226.190446,-12.478941,1297.586398
46.775001,1278.279663,226.398329,-12.070247,1298.229868
46.800001,1278.909746,226.576765,-11.662182,1298.87766
46.825001,1279.552269,226.715887,-11.25832,1299.531013
46.850001,1280.208281,226.807925,-10.862826,1300.189632
46.875001,1280.876947,226.847831,-10.480078,1300.851845
46.900001,1281.555963,226.833734,-10.11411,1301.515088
46.925001,1282.242245,226.767138,-9.767988,1302.17661
46.950001,1282.932717,226.652781,-9.443274,1302.834224
46.975001,1283.625009,226.4982,-9.139681,1303.486913
47.000001,1284.317889,226.313097,-8.854988,1304.135142
47.025001,1285.011341,226.108656,-8.585223,1304.780816
47.050001,1285.706282,225.896891,-8.325063,1305.426886
47.075001,1286.404,225.690087,-8.068384,1306.076708
47.100001,1287.105476,225.500298,-7.808887,1306.733281
47.125001,1287.810736,225.338842,-7.540732,1307.398542
47.150001,1288.518437,225.215744,-7.25912,1308.072853
47.175001,1289.22579,225.139137,-6.960754,1308.754836
47.200001,1289.928884,225.11468,-6.64412,1309.441595
47.225001,1290.623373,225.145113,-6.309543,1310.129316
47.250001,1291.305372,225.230067,-5.959028,1310.81412
47.275001,1291.97236,225.366194,-5.595927,1311.492971
47.300001,1292.623874,225.547581,-5.224532,1312.164429
47.325001,1293.261848,225.766365,-4.849706,1312.829074
47.350001,1293.890505,226.013394,-4.476624,1313.489525
47.375001,1294.515859,226.278831,-4.110664,1314.150035
47.400001,1295.1449,226.552641,-3.757416,1314.815777
47.425001,1295.784613,226.824967,-3.422721,1315.49194
47.450001,1296.44099,227.08648,-3.112655,1316.182813
47.475001,1297.11818,227.328749,-2.83335,1316.891021
47.500001,1297.817956,227.544691,-2.590633,1317.617071
47.525001,1298.539577,227.729079,-2.389515,1318.359312
47.550001,1299.280105,227.879008,-2.233611,1319.114333
47.575001,1300.035105,227.994249,-2.124644,1319.877709
47.600001,1300.799569,228.077361,-2.062126,1320.644938
47.625001,1301.568835,228.133554,-2.043303,1321.412322
47.650001,1302.339286,228.17031,-2.063339,1322.177584
47.675001,1303.108676,228.196847,-2.115675,1322.940096
47.700001,1303.876028,228.223492,-2.192477,1323.700671
47.725001,1304.641178,228.261034,-2.285091,1324.460994
47.750001,1305.404099,228.320078,-2.384492,1325.222851
47.775001,1306.164201,228.410387,-2.48171,1325.987324
47.800001,1306.919806,228.54024,-2.568301,1326.754166
47.825001,1307.667938,228.715842,-2.636847,1327.521497
47.850001,1308.404524,228.940866,-2.681479,1328.285929
47.875001,1309.124979,229.216232,-2.698359,1329.043104
47.900001,1309.825032,229.540192,-2.68603,1329.788528
47.925001,1310.501615,229.908721,-2.645568,1330.518509
47.950001,1311.153576,230.316142,-2.58051,1331.230965
47.975001,1311.782051,230.755821,-2.49658,1331.925911
48.000001,1312.390432,231.22079,-2.40129,1332.605517
48.025001,1312.983915,231.704166,-2.303471,1333.273748
48.050001,1313.568767,232.199322,-2.212794,1333.935653
48.075001,1314.151419,232.699867,-2.13928,1334.596477
48.100001,1314.737551,233.199537,-2.092758,1335.260735
48.125001,1315.331321,233.692133,-2.082276,1335.931448
48.150001,1315.934856,234.171617,-2.115443,1336.609654
48.175001,1316.548111,234.632427,-2.197799,1337.294333
48.200001,1317.169121,235.069969,-2.332288,1337.982744
48.225001,1317.794604,235.481196,-2.518978,1338.671117
48.250001,1318.420773,235.865125,-2.755066,1339.355547
48.275001,1319.044177,236.223147,-3.035192,1340.032884
48.300001,1319.662383,236.559063,-3.351947,1340.701395
48.325001,1320.274341,236.878814,-3.696446,1341.361089
48.350001,1320.880396,237.189961,-4.058856,1342.013626
48.375001,1321.481965,237.500981,-4.428793,1342.661876
48.400001,1322.080985,237.820473,-4.795609,1343.309237
48.425001,1322.679284,238.156345,-5.148651,1343.958869
48.450001,1323.278008,238.515066,-5.477585,1344.613003
48.475001,1323.877261,238.901059,-5.772862,1345.272479
48.500001,1324.476027,239.316333,-6.02635,1345.936614
48.525001,1325.072414,239.760424,-6.232026,1346.603432
48.550001,1325.664166,240.230665,-6.386624,1347.270219
48.575001,1326.249302,240.722745,-6.490063,1347.934261
48.600001,1326.826741,241.231433,-6.54557,1348.593582
48.625001,1327.39674,241.751293,-6.55947,1349.247501
48.650001,1327.961039,242.277241,-6.54071,1349.896872
48.675001,1328.522694,242.804837,-6.500211,1350.543961
48.700001,1329.085606,243.330287,-6.450174,1351.191985
48.725001,1329.653867,243.850235,-6.403362,1351.844423
48.750001,1330.23104,244.361438,-6.3724,1352.504248
48.775001,1330.819509,244.860484,-6.369042,1353.173229
48.800001,1331.420037,245.343672,-6.40343,1353.851482
48.825001,1332.031647,245.807107,-6.483364,1354.537366
48.850001,1332.651868,246.247029,-6.613695,1355.227782
48.875001,1333.277317,246.660288,-6.795945,1355.918834
48.900001,1333.904505,247.044838,-7.028246,1356.606714
48.925001,1334.53068,247.400123,-7.305618,1357.288594
48.950001,1335.154512,247.727236,-7.6205,1357.963337
48.975001,1335.776473,248.028831,-7.963411,1358.631849
49.000001,1336.398827,248.308788,-8.323591,1359.29701
49.025001,1337.025251,248.571716,-8.689537,1359.963208
49.050001,1337.660155,248.822381,-9.049409,1360.635571
49.075001,1338.30786,249.065144,-9.391388,1361.319056
49.100001,1338.971772,249.303477,-9.704063,1362.017547
49.125001,1339.653714,249.539619,-9.976957,1362.733149
49.150001,1340.353583,249.774407,-10.201182,1363.465821
49.175001,1341.069387,250.007308,-10.370179,1364.213434
49.200001,1341.797693,250.23663,-10.48039,1364.972256
49.225001,1342.534382,250.459883,-10.531707,1365.737763
49.250001,1343.275522,250.674192,-10.527592,1366.505583
49.275001,1344.018155,250.876696,-10.474834,1367.272336
49.300001,1344.760805,251.064852,-10.38302,1368.036179
49.325001,1345.503577,251.236605,-10.263846,1368.796937
49.350001,1346.247863,251.390439,-10.130372,1369.555799
49.375001,1346.99571,251.525325,-9.996324,1370.314693
49.400001,1347.749027,251.640645,-9.875405,1371.075482
49.425001,1348.5088,251.736106,-9.780628,1371.839171
49.450001,1349.274514,251.811692,-9.723589,1372.60533
49.475001,1350.043926,251.867652,-9.713729,1373.371863
49.500001,1350.813274,251.904489,-9.75764,1374.135213
49.525001,1351.577895,251.922943,-9.858542,1374.890965
49.550001,1352.333123,251.923929,-10.016057,1375.634713
49.575001,1353.075262,251.908428,-10.226335,1376.362997
49.600001,1353.802378,251.877335,-10.48251,1377.074055
49.625001,1354.514754,251.831305,-10.775357,1377.768243
49.650001,1355.214887,251.770619,-11.094017,1378.448008
49.675001,1355.907059,251.695119,-11.426651,1379.117455
49.700001,1356.596569,251.604222,-11.760964,1379.781597
49.725001,1357.288787,251.497026,-12.084645,1380.445451
49.750001,1357.988202,251.372499,-12.385784,1381.113138
49.775001,1358.697649,251.229704,-12.653375,1381.787167
49.800001,1359.417849,251.068035,-12.877928,1382.468042
49.825001,1360.147378,250.887397,-13.052165,1383.154271
49.850001,1360.88308,250.688297,-13.171686,1383.842792
49.875001,1361.620825,250.471819,-13.235444,1384.529733
49.900001,1362.356459,250.239506,-13.245928,1385.211315
49.925001,1363.086703,249.993181,-13.208985,1385.884709
49.950001,1363.809803,249.734781,-13.133348,1386.548638
49.975001,1364.525787,249.466265,-13.029958,1387.203598
50.000001,1365.2363,249.189612,-12.91123,1387.851692
50.025001,1365.944074,248.906929,-12.790332,1388.496117
50.050001,1366.652177,248.620616,-12.680499,1389.140446
50.075001,1367.363206,248.333528,-12.594371,1389.78786
50.100001,1368.078604,248.049041,-12.543307,1390.44048
50.125001,1368.798266,247.770988,-12.536671,1391.098963
50.150001,1369.520514,247.503408,-12.581165,1391.76243
50.175001,1370.242475,247.250145,-12.680292,1392.428764
50.200001,1370.960774,247.014366,-12.834093,1393.095207
50.225001,1371.672385,246.7981,-13.039215,1393.75911
50.250001,1372.375414,246.601898,-13.289314,1394.418652
50.275001,1373.069639,246.424677,-13.575676,1395.073351
50.300001,1373.75668,246.263777,-13.887934,1395.724234
50.325001,1374.439753,246.11519,-14.214725,1396.373653
50.350001,1375.123089,245.973935,-14.544224,1397.024775
50.375001,1375.811129,245.834507,-14.864557,1397.680872
50.400001,1376.507652,245.691365,-15.164174,1398.344562
50.425001,1377.21503,245.539429,-15.432264,1399.017157
50.450001,1377.933746,245.374538,-15.659272,1399.698283
50.475001,1378.6623,245.193828,-15.837517,1400.385868
50.500001,1379.397555,244.995993,-15.96181,1401.076526
50.525001,1380.135444,244.781366,-16.029938,1401.766286
50.550001,1380.871903,244.551851,-16.042892,1402.451495
50.575001,1381.603793,244.310703,-16.004765,1403.129685
50.600001,1382.329611,244.062248,-15.922348,1403.800219
50.625001,1383.049811,243.811608,-15.804512,1404.464547
50.650001,1383.766695,243.564483,-15.661525,1405.126046
50.675001,1384.483887,243.327006,-15.504382,1405.789476
50.700001,1385.20554,243.105637,-15.34422,1406.460161
50.725001,1385.935414,242.907031,-15.191791,1407.143059
50.750001,1386.676032,242.737809,-15.056945,1407.841885
50.775001,1387.428076,242.604207,-14.948107,1408.558452
50.800001,1388.190177,242.511592,-14.871731,1409.292379
50.825001,1388.959144,242.463953,-14.831814,1410.041225
50.850001,1389.730612,242.463447,-14.829549,1410.801054
50.875001,1390.499951,242.510116,-14.863209,1411.56728
50.900001,1391.26323,242.601843,-14.928298,1412.335613
50.925001,1392.017991,242.734536,-15.017945,1413.102856
50.950001,1392.763672,242.902472,-15.123447,1413.867383
50.975001,1393.501576,243.098697,-15.234872,1414.629181
51.000001,1394.234432,243.315411,-15.341643,1415.389489
51.025001,1394.965654,243.544293,-15.433085,1416.150126
51.050001,1395.698464,243.776779,-15.498934,1416.912678
51.075001,1396.435068,244.004366,-15.529873,1417.677751
51.100001,1397.176061,244.218985,-15.51808,1418.444454
51.125001,1397.920202,244.413485,-15.457762,1419.210268
51.150001,1398.664603,244.582187,-15.34559,1419.971339
51.175001,1399.405321,244.721432,-15.180926,1420.723158
51.200001,1400.138197,244.830019,-14.96577,1421.46146
51.225001,1400.859743,244.909425,-14.704419,1422.183134
51.250001,1401.567868,244.963775,-14.402907,1422.886918
51.275001,1402.262252,244.999576,-14.068366,1423.57372
51.300001,1402.944322,245.025271,-13.708444,1424.246494
51.325001,1403.616823,245.050689,-13.33089,1424.909731
51.350001,1404.283127,245.086423,-12.943318,1425.568653
51.375001,1404.946405,245.143169,-12.553116,1426.228297
51.400001,1405.608867,245.231025,-12.167386,1426.892634
51.425001,1406.271207,245.358758,-11.792836,1427.563903
51.450001,1406.932397,245.533102,-11.435527,1428.242292
51.475001,1407.58988,245.758179,-11.100485,1428.926021
51.500001,1408.240132,246.03516,-10.791235,1429.611843
51.525001,1408.87948,246.362244,-10.509363,1430.295841
51.550001,1409.504974,246.734952,-10.254229,1430.974339
51.575001,1410.115125,247.146674,-10.022902,1431.64472
51.600001,1410.710339,247.589307,-9.810358,1432.305962
51.625001,1411.292971,248.053837,-9.609894,1432.958794
51.650001,1411.867002,248.530769,-9.413702,1433.605452
51.675001,1412.437436,249.010358,-9.213534,1434.249127
51.700001,1413.009527,249.482743,-9.001392,1434.893232
51.725001,1413.587988,249.938072,-8.77021,1435.54065
51.750001,1414.176319,250.366763,-8.51445,1436.193118
51.775001,1414.776373,250.759969,-8.230578,1436.850894
51.800001,1415.388254,251.110235,-7.917322,1437.512763
51.825001,1416.01055,251.412248,-7.575665,1438.17641
51.850001,1416.640871,251.663517,-7.208561,1438.839062
51.875001,1417.276535,251.864819,-6.820418,1439.49824
51.900001,1417.915249,252.020309,-6.41647,1440.152444
51.925001,1418.555601,252.137278,-6.002175,1440.801591
51.950001,1419.197254,252.225621,-5.582764,1441.447112
51.975001,1419.840808,252.29713,-5.163015,1442.091682
52.000001,1420.487369,252.36469,-4.747245,1442.738659
52.025001,1421.137947,252.44146,-4.339448,1443.391349
52.050001,1421.792844,252.54003,-3.943485,1444.052253
52.075001,1422.45118,252.671589,-3.563204,1444.72246
52.100001,1423.110705,252.845135,-3.202414,1445.401327
52.125001,1423.767984,253.066806,-2.864691,1446.086542
52.150001,1424.418939,253.339437,-2.553058,1446.774586
52.175001,1425.059648,253.66245,-2.269607,1447.461499
52.200001,1425.687233,254.032092,-2.015191,1448.143795
52.225001,1426.300617,254.441974,-1.789274,1448.819302
52.250001,1426.900989,254.883765,-1.589971,1449.487735
52.275001,1427.491867,255.347882,-1.41429,1450.150879
52.300001,1428.078764,255.824041,-1.258505,1450.812352
52.325001,1428.668507,256.301621,-1.1186,1451.476998
52.350001,1429.268344,256.769884,-0.990704,1452.150046
52.375001,1429.884965,257.218157,-0.871477,1452.836175
52.400001,1430.523594,257.636112,-0.758397,1453.53868
52.425001,1431.187308,258.014232,-0.649944,1454.258875
52.450001,1431.876704,258.344466,-0.545647,1454.995896
52.475001,1432.589993,258.620988,-0.446029,1455.746923
52.500001,1433.323512,258.840899,-0.352433,1456.507819
52.525001,1434.072535,259.004705,-0.266789,1457.274011
52.550001,1434.832191,259.116455,-0.19135,1458.041423
52.575001,1435.598267,259.183504,-0.128459,1458.807215
52.600001,1436.367692,259.215986,-0.080349,1459.57017
52.625001,1437.13863,259.226094,-0.049022,1460.330651
52.650001,1437.910172,259.227283,-0.036153,1461.090157
52.675001,1438.681757,259.233464,-0.043029,1461.850604
52.700001,1439.452484,259.258193,-0.070487,1462.613507
52.725001,1440.220525,259.313867,-0.118849,1463.379259
52.750001,1440.982808,259.410923,-0.187872,1464.146685
52.775001,1441.735096,259.5571,-0.276745,1464.912985
52.800001,1442.472472,259.756881,-0.384155,1465.674117
52.825001,1443.19013,260.01121,-0.50846,1466.425532
52.850001,1443.884312,260.317572,-0.647931,1467.163101
52.875001,1444.553126,260.670411,-0.801047,1467.884
52.900001,1445.19708,261.061789,-0.966769,1468.587346
52.925001,1445.819196,261.48212,-1.144746,1469.274432
52.950001,1446.424689,261.920828,-1.33539,1469.948531
52.975001,1447.020288,262.36684,-1.539811,1470.614308
53.000001,1447.613328,262.808918,-1.75962,1471.276986
53.025001,1448.210759,263.235902,-1.996617,1471.941415
53.050001,1448.818236,263.637002,-2.252431,1472.611226
53.075001,1449.439412,264.002228,-2.528173,1473.28822
53.100001,1450.075589,264.322994,-2.824172,1473.972128
53.125001,1450.725754,264.592839,-3.139862,1474.660789
53.150001,1451.38704,264.80812,-3.473839,1475.35072
53.175001,1452.055476,264.968528,-3.824084,1476.037956
53.200001,1452.726888,265.077278,-4.188279,1476.71897
53.225001,1453.397716,265.140946,-4.564126,1477.391442
53.250001,1454.065573,265.168984,-4.949577,1478.054728
53.275001,1454.729443,265.173036,-5.342899,1478.709924
53.300001,1455.38951,265.166154,-5.742566,1479.359555
53.325001,1456.046681,265.161998,-6.14701,1480.006962
53.350001,1456.701965,265.174044,-6.554304,1480.655547
53.375001,1457.355865,265.2148,-6.961893,1481.308028
53.400001,1458.007936,265.295012,-7.366464,1481.965874
53.425001,1458.656646,265.422923,-7.764036,1482.629023
53.450001,1459.299563,265.603666,-8.150295,1483.295975
53.475001,1459.933869,265.838906,-8.521122,1483.96423
53.500001,1460.557048,266.126826,-8.873204,1484.630969
53.525001,1461.167602,266.462464,-9.204607,1485.29382
53.550001,1461.765598,266.838328,-9.515168,1485.951512
53.575001,1462.35292,267.245124,-9.806638,1486.604248
53.600001,1462.93317,267.672461,-10.082557,1487.253733
53.625001,1463.51123,268.109394,-10.347895,1487.902835
53.650001,1464.092577,268.544792,-10.608535,1488.554977
53.675001,1464.682469,268.967587,-10.870654,1489.213373
53.700001,1465.285157,269.367021,-11.140097,1489.880293
53.725001,1465.903245,269.732995,-11.42178,1490.556496
53.750001,1466.53734,270.056584,-11.719208,1491.240982
53.775001,1467.186087,270.330684,-12.034167,1491.931136
53.800001,1467.846584,270.550678,-12.366627,1492.62326
53.825001,1468.515112,270.714972,-12.714871,1493.313395
53.850001,1469.188022,270.825242,-13.075797,1493.998237
53.875001,1469.862568,270.886354,-13.445322,1494.675939
53.900001,1470.537494,270.905948,-13.818754,1495.346619
53.925001,1471.213248,270.893807,-14.191076,1496.012454
53.950001,1471.891797,270.861124,-14.55707,1496.67736
53.975001,1472.576084,270.819759,-14.911319,1497.346324
54.000001,1473.269268,270.781532,-15.248156,1498.024526
54.025001,1473.973902,270.757553,-15.561665,1498.716412
54.050001,1474.691236,270.757569,-15.845812,1499.424887
54.075001,1475.420794,270.789343,-16.094763,1500.150802
54.100001,1476.160351,270.858105,-16.303373,1500.892832
54.125001,1476.906319,270.96617,-16.467752,1501.647804
54.150001,1477.654478,271.112801,-16.585791,1502.411394
54.175001,1478.400873,271.294359,-16.65751,1503.179046
54.200001,1479.142665,271.504714,-16.685178,1503.946883
54.225001,1479.87872,271.73583,-16.673172,1504.712392
54.250001,1480.609808,271.978386,-16.62765,1505.474718
54.275001,1481.338368,272.22235,-16.556121,1506.234535
54.300001,1482.067907,272.457451,-16.466993,1506.993532
54.325001,1482.802168,272.67357,-16.369134,1507.753658
54.350001,1483.544234,272.861105,-16.271442,1508.516303
54.375001,1484.295765,273.011384,-16.182397,1509.281619
54.400001,1485.056526,273.117147,-16.10957,1510.048138
54.425001,1485.824331,273.17305,-16.059106,1510.812812
54.450001,1486.595427,273.176105,-16.035235,1511.571459
54.475001,1487.365255,273.125945,-16.039888,1512.319563
54.500001,1488.129399,273.024815,-16.072505,1513.053199
54.525001,1488.884506,272.877286,-16.130058,1513.769885
54.550001,1489.628953,272.689759,-16.207285,1514.469148
54.575001,1490.363106,272.469863,-16.297064,1515.152668
54.600001,1491.089134,272.225891,-16.390868,1515.824001
54.625001,1491.81044,271.966348,-16.479234,1516.487933
54.650001,1492.530833,271.699625,-16.552259,1517.149614
54.675001,1493.253625,271.433772,-16.600115,1517.81364
54.700001,1493.980848,271.176283,-16.61364,1518.483244
54.725001,1494.712742,270.933835,-16.584975,1519.159763
54.750001,1495.447653,270.711952,-16.50821,1519.84248
54.775001,1496.182358,270.514621,-16.37993,1520.528892
54.800001,1496.912782,270.343945,-16.199546,1521.215353
54.825001,1497.634915,270.199907,-15.969341,1521.897943
54.850001,1498.345743,270.080336,-15.694207,1522.573368
54.875001,1499.043948,269.981078,-15.381164,1523.23968
54.900001,1499.730249,269.896352,-15.038795,1523.896658
54.925001,1500.407296,269.819236,-14.676704,1524.545795
54.950001,1501.079196,269.742209,-14.305101,1525.189906
54.975001,1501.750748,269.65771,-13.934509,1525.832481
55.000001,1502.426571,269.558685,-13.575512,1526.476918
55.025001,1503.11028,269.439103,-13.238461,1527.125798
55.050001,1503.803881,269.29442,-12.933041,1527.78037
55.075001,1504.50749,269.12193,-12.667676,1528.44034
55.100001,1505.219474,268.920955,-12.448837,1529.104025
55.125001,1505.936947,268.692814,-12.280375,1529.768847
55.150001,1506.656548,268.440572,-12.163037,1530.432042
55.175001,1507.375278,268.168602,-12.09427,1531.091408
55.200001,1508.091213,267.88207,-12.06837,1531.745917
55.225001,1508.803903,267.586439,-12.076903,1532.396023
55.250001,1509.514391,267.287102,-12.109328,1533.043615
55.275001,1510.224843,266.989173,-12.153684,1533.691627
55.300001,1510.937897,266.697432,-12.197308,1534.343385
55.325001,1511.655886,266.416354,-12.227541,1535.001858
55.350001,1512.380095,266.150151,-12.23245,1535.668939
55.375001,1513.110257,265.902742,-12.201576,1536.344947
55.400001,1513.844389,265.677626,-12.126666,1537.028461
55.425001,1514.579066,265.477671,-12.002313,1537.716553
55.450001,1515.310071,265.304863,-11.826379,1538.40539
55.475001,1516.033295,265.160102,-11.600121,1539.091094
55.500001,1516.745681,265.043116,-11.327966,1539.770644
55.525001,1517.445978,264.95252,-11.017024,1540.442634
55.550001,1518.135144,264.886024,-10.676436,1541.107689
55.575001,1518.816306,264.840734,-10.316725,1541.768472
55.600001,1519.494294,264.81349,-9.949244,1542.429279
55.625001,1520.174859,264.801185,-9.58575,1543.095317
55.650001,1520.863714,264.801019,-9.238051,1543.771796
55.675001,1521.565569,264.810685,-8.917634,1544.463014
55.700001,1522.283339,264.82848,-8.635177,1545.171594
55.725001,1523.017683,264.853355,-8.399911,1545.89803
55.750001,1523.766962,264.884919,-8.218892,1546.640658
55.775001,1524.527657,264.92341,-8.096299,1547.396051
55.800001,1525.295139,264.969629,-8.032934,1548.159777
55.825001,1526.064636,265.02486,-8.026026,1548.927327
55.850001,1526.832136,265.090772,-8.069412,1549.695004
55.875001,1527.595042,265.169305,-8.154008,1550.460532
55.900001,1528.352409,265.262546,-8.26849,1551.223283
55.925001,1529.104761,265.372569,-8.400019,1551.984063
55.950001,1529.85354,265.501266,-8.534963,1552.744545
55.975001,1530.60035,265.650135,-8.659574,1553.50649
56.000001,1531.346181,265.820077,-8.760664,1554.270951
56.025001,1532.090797,266.01122,-8.826311,1555.037647
56.050001,1532.832449,266.222822,-8.846604,1555.80467
56.075001,1533.56799,266.453317,-8.814352,1556.568612
56.100001,1534.293384,266.700507,-8.725653,1557.325106
56.125001,1535.004498,266.961912,-8.580182,1558.069668
56.150001,1535.697975,267.235203,-8.381136,1558.79863
56.175001,1536.371981,267.518636,-8.134843,1559.509942
56.200001,1537.026638,267.81139,-7.850126,1560.203657
56.225001,1537.664063,268.113738,-7.537587,1560.881982
56.250001,1538.287997,268.427006,-7.208934,1561.548907
56.275001,1538.903141,268.753334,-6.876425,1562.209499
56.300001,1539.514315,269.095271,-6.55242,1562.869004
56.325001,1540.125614,269.455286,-6.24896,1563.531934
56.350001,1540.739717,269.835276,-5.977284,1564.201292
56.375001,1541.357473,270.236166,-5.747229,1564.878102
56.400001,1541.977856,270.657697,-5.566546,1565.561332
56.425001,1542.598314,271.098444,-5.440216,1566.248231
56.450001,1543.215428,271.556068,-5.369924,1566.935031
56.475001,1543.825748,272.027743,-5.353823,1567.617842
56.500001,1544.426598,272.510638,-5.386646,1568.293525
56.525001,1545.016686,273.002317,-5.460135,1568.960369
56.550001,1545.596382,273.500959,-5.563688,1569.618395
56.575001,1546.167631,274.005334,-5.685093,1570.269272
56.600001,1546.733545,274.514545,-5.811255,1570.915868
56.625001,1547.297784,275.027628,-5.928881,1571.561573
56.650001,1547.863853,275.543097,-6.025142,1572.209531
56.675001,1548.43447,276.058607,-6.088348,1572.861955
56.700001,1549.011111,276.570814,-6.108662,1573.51967
56.725001,1549.593853,277.075539,-6.078782,1574.181983
56.750001,1550.181528,277.568222,-5.994519,1574.84692
56.775001,1550.772163,278.044583,-5.855128,1575.511781
56.800001,1551.363593,278.501356,-5.663305,1576.173872
56.825001,1551.954102,278.93693,-5.424859,1576.831245
56.850001,1552.542911,279.351735,-5.148114,1577.483244
56.875001,1553.130411,279.748327,-4.843207,1578.130747
56.900001,1553.718074,280.131146,-4.521405,1578.776031
56.925001,1554.308084,280.50601,-4.194546,1579.422311
56.950001,1554.902756,280.879442,-3.87459,1580.073054
56.975001,1555.503896,281.257914,-3.573251,1580.731208
57.000001,1556.112232,281.647114,-3.301579,1581.398519
57.025001,1556.727068,282.051324,-3.069464,1582.075072
57.050001,1557.346266,282.472992,-2.885023,1582.759206
57.075001,1557.966581,282.912567,-2.753973,1583.447812
57.100001,1558.584319,283.368615,-2.67911,1584.136999
57.125001,1559.196162,283.838183,-2.660024,1584.822975
57.150001,1559.799987,284.317304,-2.693145,1585.502943
57.175001,1560.395489,284.801519,-2.772102,1586.175801
57.200001,1560.984464,285.286276,-2.888309,1586.842493
57.225001,1561.570697,285.767127,-3.03165,1587.505931
57.250001,1562.15949,286.239708,-3.19116,1588.170528
57.275001,1562.756915,286.699578,-3.355621,1588.841428
57.300001,1563.368919,287.142004,-3.514105,1589.523594
57.325001,1564.000433,287.561843,-3.65648,1590.220909
57.350001,1564.654643,287.953623,-3.773941,1590.935475
57.375001,1565.332551,288.311855,-3.859554,1591.667245
57.400001,1566.032938,288.631565,-3.90877,1592.414086
57.425001,1566.752737,288.908935,-3.919811,1593.172269
57.450001,1567.487745,289.141908,-3.89384,1593.937275
57.475001,1568.233499,289.330606,-3.834862,1594.704742
57.500001,1568.986104,289.477492,-3.749373,1595.4713
57.525001,1569.742804,289.587252,-3.645836,1596.235114
57.550001,1570.50218,289.66644,-3.534073,1596.996003
57.575001,1571.263938,289.722995,-3.424673,1597.755146
57.600001,1572.028369,289.765693,-3.328434,1598.514444
57.625001,1572.795638,289.803575,-3.255841,1599.275721
57.650001,1573.56509,289.845395,-3.216532,1600.039934
57.675001,1574.334766,289.899053,-3.218751,1600.806602
57.700001,1575.101273,289.971074,-3.268795,1601.573579
57.725001,1575.860082,290.066131,-3.370548,1602.337268
57.750001,1576.606213,290.18671,-3.525201,1603.09323
57.775001,1577.335144,290.332955,-3.731246,1603.837057
57.800001,1578.043758,290.502728,-3.984764,1604.565305
57.825001,1578.731061,290.69185,-4.279958,1605.276248
57.850001,1579.398534,290.894464,-4.609785,1605.970289
57.875001,1580.050035,291.103436,-4.966566,1606.649928
57.900001,1580.691278,291.310732,-5.342444,1607.319321
57.925001,1581.329009,291.507753,-5.729658,1607.98353
57.950001,1581.970017,291.685665,-6.120658,1608.647608
57.975001,1582.620152,291.835775,-6.50817,1609.3157
58.000001,1583.283505,291.950007,-6.885296,1609.990333
58.025001,1583.9619,292.021466,-7.245744,1610.672014
58.050001,1584.654788,292.045051,-7.5842,1611.359249
58.075001,1585.359584,292.017989,-7.896792,1612.048969
58.100001,1586.072367,291.940184,-8.181544,1612.737289
58.125001,1586.788787,291.814292,-8.438703,1613.420419
58.150001,1587.504977,291.645519,-8.67084,1614.095519
58.175001,1588.218234,291.441198,-8.882697,1614.761293
58.200001,1588.927355,291.210274,-9.080804,1615.41822
58.225001,1589.632554,290.962791,-9.272925,1616.068374
58.250001,1590.335028,290.70945,-9.467397,1616.714916
58.275001,1591.036305,290.461224,-9.672439,1617.361371
58.300001,1591.737531,290.228976,-9.895468,1618.010861
58.325001,1592.43889,290.023009,-10.142467,1618.665448
58.350001,1593.139293,289.852506,-10.417487,1619.325725
58.375001,1593.836435,289.724882,-10.722324,1619.990758
58.400001,1594.52722,289.645157,-11.056473,1620.65839
58.425001,1595.20846,289.615449,-11.41735,1621.325845
58.450001,1595.87768,289.634745,-11.800768,1621.990479
58.475001,1596.533836,289.69896,-12.201556,1622.650503
58.500001,1597.177755,289.801289,-12.614179,1623.305481
58.525001,1597.812213,289.932743,-13.033229,1623.956505
58.550001,1598.44162,290.082764,-13.453707,1624.60599
58.575001,1599.071389,290.239823,-13.871074,1625.25717
58.600001,1599.707111,290.391996,-14.281139,1625.913375
58.625001,1600.353667,290.527531,-14.679886,1626.577267
58.650001,1601.014469,290.635457,-15.063335,1627.250197
58.675001,1601.690938,290.706246,-15.42755,1627.931815
58.700001,1602.382369,290.732511,-15.768803,1628.620061
58.725001,1603.086204,290.709628,-16.083891,1629.311559
58.750001,1603.798692,290.636166,-16.370511,1630.002337
58.775001,1604.515779,290.514031,-16.627587,1630.688739
58.800001,1605.234022,290.348278,-16.855453,1631.368289
58.825001,1605.951329,290.146663,-17.055844,1632.040337
58.850001,1606.667334,289.919035,-17.231683,1632.706312
58.875001,1607.38335,289.676702,-17.386714,1633.369562
58.900001,1608.101932,289.431847,-17.525068,1634.034805
58.925001,1608.826139,289.197003,-17.650811,1634.707314
58.950001,1609.558692,288.984554,-17.767546,1635.391984
58.975001,1610.301184,288.806177,-17.878095,1636.09246
59.000001,1611.053536,288.672185,-17.984297,1636.810484
59.025001,1611.813835,288.590806,-18.086915,1637.545611
59.050001,1612.578607,288.567477,-18.185675,1638.295356
59.075001,1613.343477,288.604323,-18.279406,1639.055755
59.100001,1614.104078,288.699913,-18.366261,1639.822226
59.125001,1614.856981,288.849392,-18.44398,1640.590509
59.150001,1615.600421,289.04492,-18.510135,1641.35746
59.175001,1616.334657,289.276318,-18.562344,1642.121516
59.200001,1617.061888,289.531773,-18.598414,1642.88274
59.225001,1617.785752,289.798493,-18.61645,1643.642442
59.250001,1618.510542,290.06328,-18.614926,1644.402504
59.275001,1619.240285,290.31304,-18.592758,1645.164567
59.300001,1619.977878,290.535331,-18.549375,1645.929276
59.325001,1620.724452,290.71898,-18.48478,1646.695771
59.350001,1621.47911,290.854791,-18.399577,1647.46155
59.375001,1622.239102,290.936253,-18.294925,1648.222774
59.400001,1623.000406,290.960127,-18.172391,1648.974939
59.425001,1623.758594,290.926753,-18.033723,1649.713782
59.450001,1624.509766,290.840025,-17.880558,1650.436189
59.475001,1625.251328,290.707011,-17.714129,1651.140889
59.500001,1625.98243,290.537341,-17.535039,1651.82877
59.525001,1626.703979,290.342481,-17.343151,1652.502761
59.550001,1627.41824,290.135027,-17.137611,1653.167311
59.575001,1628.128139,289.92806,-16.917028,1653.827592
59.600001,1628.83643,289.734566,-16.679751,1654.488577
59.625001,1629.544907,289.566845,-16.424228,1655.154167
59.650001,1630.25384,289.435873,-16.149351,1655.826533
59.675001,1630.961772,289.350615,-15.854732,1656.505796
59.700001,1631.665736,289.317346,-15.540846,1657.190128
59.725001,1632.361857,289.339116,-15.208994,1657.876253
59.750001,1633.046213,289.415476,-14.861102,1658.560251
59.775001,1633.715757,289.542548,-14.499421,1659.238469
59.800001,1634.369074,289.713412,-14.126198,1659.908335
59.825001,1635.006815,289.918731,-13.743432,1660.56889
59.850001,1635.631722,290.147462,-13.352781,1661.22093
59.875001,1636.248257,290.387541,-12.955648,1661.866761
59.900001,1636.861923,290.62648,-12.553415,1662.509637
59.925001,1637.478425,290.851898,-12.147766,1663.153026
59.950001,1638.102807,291.052038,-11.740976,1663.799852
59.975001,1638.738726,291.216337,-11.336088,1664.451884
