Time,Value_1,Value_2,Value_3,Value_4,Value_5,Value_6,Value_7,Value_8,Value_9
0,0.523599,1,0,-0.00132704,-0.00132704,-0.00132704,-0.00132704,-0.00132704,-0.00132704
0.025,0.523599,0.99886,0.709414,-0.00132704,-0.00132704,-0.00132704,-0.00132704,-0.00132704,-0.00132704
0.05,0.523599,0.995444,1.37859,-0.00132704,-0.00132704,-0.00132704,-0.00132704,-0.00132704,-0.00132704
0.075,0.523599,0.989759,1.96956,-0.00132704,-0.00132704,-0.00132704,-0.00132704,-0.00132704,-0.00132704
0.1,0.523599,0.981818,2.44882,-0.00132704,-0.00132704,-0.00132704,-0.00132704,-0.00132704,-0.00132704
0.125,0.523599,0.971639,2.78917,-0.00132704,-0.00132704,-0.00132704,-0.00132704,-0.00132704,-0.00132704
0.15,0.523599,0.959245,2.97131,-0.00132704,-0.00132704,-0.00132704,-0.00132704,-0.00132704,-0.00132704
0.175,0.523599,0.944665,2.98491,-0.00132704,-0.00132704,-0.00132704,-0.00132704,-0.00132704,-0.00132704
0.2,0.523599,0.927931,2.8292,-0.00132704,-0.00132704,-0.00132704,-0.00132704,-0.00132704,-0.00132704
0.225,0.523599,0.909083,2.51301,-0.00132704,-0.00132704,-0.00132704,-0.00132704,-0.00132704,-0.00132704
0.25,0.523599,0.888163,2.05427,-0.00132704,-0.00132704,-0.00132704,-0.00132704,-0.00132704,-0.00132704
0.275,0.523599,0.865218,1.479,-0.00132704,-0.00132704,-0.00132704,-0.00132704,-0.00132704,-0.00132704
0.3,0.523599,0.840301,0.819846,-0.00132704,-0.00132704,-0.00132704,-0.00132704,-0.00132704,-0.00132704
0.325,0.523599,0.813469,0.114185,-0.00132704,-0.00132704,-0.00132704,-0.00132704,-0.00132704,-0.00132704
0.35,0.523599,0.784783,-0.597953,-0.00132704,-0.00132704,-0.00132704,-0.00132704,-0.00132704,-0.00132704
0.375,0.523599,0.754308,-1.27617,-0.00132704,-0.00132704,-0.00132704,-0.00132704,-0.00132704,-0.00132704
0.4,0.523599,0.722113,-1.88201,-0.00132704,-0.00132704,-0.00132704,-0.00132704,-0.00132704,-0.00132704
0.425,0.523599,0.688273,-2.38108,-0.00132704,-0.00132704,-0.00132704,-0.00132704,-0.00132704,-0.00132704
0.45,0.523599,0.652864,-2.7451,-0.00132704,-0.00132704,-0.00132704,-0.00132704,-0.00132704,-0.00132704
0.475,0.523599,0.615967,-2.95341,-0.00132704,-0.00132704,-0.00132704,-0.00132704,-0.00132704,-0.00132704
0.5,0.523599,0.577666,-2.99419,-0.00132704,-0.00132704,-0.00132704,-0.00132704,-0.00132704,-0.00132704
0.525,0.523599,0.538048,-2.86513,-0.00132704,-0.00132704,-0.00132704,-0.00132704,-0.00132704,-0.00132704
0.55,0.523599,0.497204,-2.57355,-0.00132704,-0.00132704,-0.00132704,-0.00132704,-0.00132704,-0.00132704
0.575,0.523599,0.455227,-2.13599,-0.00132704,-0.00132704,-0.00132704,-0.00132704,-0.00132704,-0.00132704
0.6,0.523599,0.412212,-1.57728,-0.00132704,-0.00132704,-0.00132704,-0.00132704,-0.00132704,-0.00132704
0.625,0.523599,0.368258,-0.929094,-0.00132704,-0.00132704,-0.00132704,-0.00132704,-0.00132704,-0.00132704
0.65,0.523599,0.323464,-0.228209,-0.00132704,-0.00132704,-0.00132704,-0.00132704,-0.00132704,-0.00132704
0.675,0.523599,0.277933,0.48562,-0.00132704,-0.00132704,-0.00132704,-0.00132704,-0.00132704,-0.00132704
0.7,0.523599,0.231768,1.1719,-0.00132704,-0.00132704,-0.00132704,-0.00132704,-0.00132704,-0.00132704
0.725,0.523599,0.185075,1.79171,-0.00132704,-0.00132704,-0.00132704,-0.00132704,-0.00132704,-0.00132704
0.75,0.523599,0.137961,2.30989,-0.00132704,-0.00132704,-0.00132704,-0.00132704,-0.00132704,-0.00132704
0.775,0.523599,0.0905316,2.69705,-0.00132704,-0.00132704,-0.00132704,-0.00132704,-0.00132704,-0.00132704
0.8,0.523599,0.0428961,2.93122,-0.00132704,-0.00132704,-0.00132704,-0.00132704,-0.00132704,-0.00132704
0.825,0.523599,-0.00483711,2.99912,-0.00132704,-0.00132704,-0.00132704,-0.00132704,-0.00132704,-0.00132704
0.85,0.523599,-0.0525593,2.89691,-0.00132704,-0.00132704,-0.00132704,-0.00132704,-0.00132704,-0.00132704
0.875,0.523599,-0.100162,2.63037,-0.00132704,-0.00132704,-0.00132704,-0.00132704,-0.00132704,-0.00132704
0.9,0.523599,-0.147536,2.21463,-0.00132704,-0.00132704,-0.00132704,-0.00132704,-0.00132704,-0.00132704
0.925,0.523599,-0.194574,1.67327,-0.00132704,-0.00132704,-0.00132704,-0.00132704,-0.00132704,-0.00132704
0.95,0.523599,-0.241168,1.037,-0.00132704,-0.00132704,-0.00132704,-0.00132704,-0.00132704,-0.00132704
0.975,0.523599,-0.287213,0.341908,-0.00132704,-0.00132704,-0.00132704,-0.00132704,-0.00132704,-0.00132704
1,0.523599,-0.332603,-0.372579,-0.00132704,-0.00132704,-0.00132704,-0.00132704,-0.00132704,-0.00132704
1.025,0.523599,-0.377235,-1.06593,-0.00132704,-0.00132704,-0.00132704,-0.00132704,-0.00132704,-0.00132704
1.05,0.523599,-0.421007,-1.69883,-0.00132704,-0.00132704,-0.00132704,-0.00132704,-0.00132704,-0.00132704
1.075,0.523599,-0.463819,-2.23535,-0.00132704,-0.00132704,-0.00132704,-0.00132704,-0.00132704,-0.00132704
1.1,0.523599,-0.505575,-2.64509,-0.00132704,-0.00132704,-0.00132704,-0.00132704,-0.00132704,-0.00132704
1.125,0.523599,-0.546178,-2.90478,-0.00132704,-0.00132704,-0.00132704,-0.00132704,-0.00132704,-0.00132704
1.15,0.523599,-0.585536,-2.99971,-0.00132704,-0.00132704,-0.00132704,-0.00132704,-0.00132704,-0.00132704
1.175,0.523599,-0.623559,-2.92449,-0.00132704,-0.00132704,-0.00132704,-0.00132704,-0.00132704,-0.00132704
1.2,0.523599,-0.660162,-2.68338,-0.00132704,-0.00132704,-0.00132704,-0.00132704,-0.00132704,-0.00132704
1.225,0.523599,-0.695259,-2.29006,-0.00132704,-0.00132704,-0.00132704,-0.00132704,-0.00132704,-0.00132704
1.25,0.523599,-0.728772,-1.76684,-0.00132704,-0.00132704,-0.00132704,-0.00132704,-0.00132704,-0.00132704
1.275,0.523599,-0.760624,-1.1434,-0.00132704,-0.00132704,-0.00132704,-0.00132704,-0.00132704,-0.00132704
1.3,0.523599,-0.790742,-0.45511,-0.00132704,-0.00132704,-0.00132704,-0.00132704,-0.00132704,-0.00132704
1.325,0.523599,-0.819057,0.259,-0.00132704,-0.00132704,-0.00132704,-0.00132704,-0.00132704,-0.00132704
1.35,0.523599,-0.845506,0.958419,-0.00132704,-0.00132704,-0.00132704,-0.00132704,-0.00132704,-0.00132704
1.375,0.523599,-0.870028,1.60347,-0.00132704,-0.00132704,-0.00132704,-0.00132704,-0.00132704,-0.00132704
1.4,0.523599,-0.892567,2.15757,-0.00132704,-0.00132704,-0.00132704,-0.00132704,-0.00132704,-0.00132704
1.425,0.523599,-0.913071,2.58929,-0.00132704,-0.00132704,-0.00132704,-0.00132704,-0.00132704,-0.00132704
1.45,0.523599,-0.931494,2.87414,-0.00132704,-0.00132704,-0.00132704,-0.00132704,-0.00132704,-0.00132704
1.475,0.523599,-0.947794,2.99595,-0.00132704,-0.00132704,-0.00132704,-0.00132704,-0.00132704,-0.00132704
1.5,0.523599,-0.961933,2.94783,-0.00132704,-0.00132704,-0.00132704,-0.00132704,-0.00132704,-0.00132704
1.525,0.523599,-0.973881,2.73249,-0.00132704,-0.00132704,-0.00132704,-0.00132704,-0.00132704,-0.00132704
1.55,0.523599,-0.983608,2.36217,-0.00132704,-0.00132704,-0.00132704,-0.00132704,-0.00132704,-0.00132704
1.575,0.523599,-0.991093,1.85785,-0.00132704,-0.00132704,-0.00132704,-0.00132704,-0.00132704,-0.00132704
1.6,0.523599,-0.99632,1.24815,-0.00132704,-0.00132704,-0.00132704,-0.00132704,-0.00132704,-0.00132704
1.625,0.523599,-0.999275,0.567653,-0.00132704,-0.00132704,-0.00132704,-0.00132704,-0.00132704,-0.00132704
1.65,0.523599,-0.999953,-0.145044,-0.00132704,-0.00132704,-0.00132704,-0.00132704,-0.00132704,-0.00132704
1.675,0.523599,-0.998352,-0.849513,-0.00132704,-0.00132704,-0.00132704,-0.00132704,-0.00132704,-0.00132704
1.7,0.523599,-0.994475,-1.5058,-0.00132704,-0.00132704,-0.00132704,-0.00132704,-0.00132704,-0.00132704
1.725,0.523599,-0.988332,-2.07667,-0.00132704,-0.00132704,-0.00132704,-0.00132704,-0.00132704,-0.00132704
1.75,0.523599,-0.979935,-2.52974,-0.00132704,-0.00132704,-0.00132704,-0.00132704,-0.00132704,-0.00132704
1.775,0.523599,-0.969306,-2.83932,-0.00132704,-0.00132704,-0.00132704,-0.00132704,-0.00132704,-0.00132704
1.8,0.523599,-0.956467,-2.98785,-0.00132704,-0.00132704,-0.00132704,-0.00132704,-0.00132704,-0.00132704
1.825,0.523599,-0.941447,-2.9669,-0.00132704,-0.00132704,-0.00132704,-0.00132704,-0.00132704,-0.00132704
1.85,0.523599,-0.924282,-2.77765,-0.00132704,-0.00132704,-0.00132704,-0.00132704,-0.00132704,-0.00132704
1.875,0.523599,-0.905011,-2.43085,-0.00132704,-0.00132704,-0.00132704,-0.00132704,-0.00132704,-0.00132704
1.9,0.523599,-0.883676,-1.94617,-0.00132704,-0.00132704,-0.00132704,-0.00132704,-0.00132704,-0.00132704
1.925,0.523599,-0.860328,-1.35109,-0.00132704,-0.00132704,-0.00132704,-0.00132704,-0.00132704,-0.00132704
1.95,0.523599,-0.835018,-0.679374,-0.00132704,-0.00132704,-0.00132704,-0.00132704,-0.00132704,-0.00132704
1.975,0.523599,-0.807805,0.0308771,-0.00132704,-0.00132704,-0.00132704,-0.00132704,-0.00132704,-0.00132704
2,0.523599,-0.778751,0.739377,-0.00132704,-0.00132704,-0.00132704,-0.00132704,-0.00132704,-0.00132704
2.025,0.523599,-0.747922,1.40594,-0.00132704,-0.00132704,-0.00132704,-0.00132704,-0.00132704,-0.00132704
2.05,0.523599,-0.715388,1.99275,-0.00132704,-0.00132704,-0.00132704,-0.00132704,-0.00132704,-0.00132704
2.075,0.523599,-0.681224,2.46653,-0.00132704,-0.00132704,-0.00132704,-0.00132704,-0.00132704,-0.00132704
2.1,0.523599,-0.645507,2.8004,-0.00132704,-0.00132704,-0.00132704,-0.00132704,-0.00132704,-0.00132704
2.125,0.523599,-0.608318,2.97542,-0.00132704,-0.00132704,-0.00132704,-0.00132704,-0.00132704,-0.00132704
2.15,0.523599,-0.569743,2.98166,-0.00132704,-0.00132704,-0.00132704,-0.00132704,-0.00132704,-0.00132704
2.175,0.523599,-0.529869,2.81878,-0.00132704,-0.00132704,-0.00132704,-0.00132704,-0.00132704,-0.00132704
2.2,0.523599,-0.488788,2.496,-0.00132704,-0.00132704,-0.00132704,-0.00132704,-0.00132704,-0.00132704
2.225,0.523599,-0.446592,2.03164,-0.00132704,-0.00132704,-0.00132704,-0.00132704,-0.00132704,-0.00132704
2.25,0.523599,-0.403379,1.45204,-0.00132704,-0.00132704,-0.00132704,-0.00132704,-0.00132704,-0.00132704
2.275,0.523599,-0.359246,0.790077,-0.00132704,-0.00132704,-0.00132704,-0.00132704,-0.00132704,-0.00132704
2.3,0.523599,-0.314294,0.0832968,-0.00132704,-0.00132704,-0.00132704,-0.00132704,-0.00132704,-0.00132704
2.325,0.523599,-0.268626,-0.628208,-0.00132704,-0.00132704,-0.00132704,-0.00132704,-0.00132704,-0.00132704
2.35,0.523599,-0.222346,-1.30408,-0.00132704,-0.00132704,-0.00132704,-0.00132704,-0.00132704,-0.00132704
2.375,0.523599,-0.175559,-1.90598,-0.00132704,-0.00132704,-0.00132704,-0.00132704,-0.00132704,-0.00132704
2.4,0.523599,-0.128371,-2.39976,-0.00132704,-0.00132704,-0.00132704,-0.00132704,-0.00132704,-0.00132704
2.425,0.523599,-0.0808913,-2.75743,-0.00132704,-0.00132704,-0.00132704,-0.00132704,-0.00132704,-0.00132704
2.45,0.523599,-0.033227,-2.95868,-0.00132704,-0.00132704,-0.00132704,-0.00132704,-0.00132704,-0.00132704
2.475,0.523599,0.014513,-2.9921,-0.00132704,-0.00132704,-0.00132704,-0.00132704,-0.00132704,-0.00132704
2.5,0.523599,0.06222,-2.85581,-0.00132704,-0.00132704,-0.00132704,-0.00132704,-0.00132704,-0.00132704
2.525,0.523599,0.109785,-2.55752,-0.00132704,-0.00132704,-0.00132704,-0.00132704,-0.00132704,-0.00132704
2.55,0.523599,0.1571,-2.11416,-0.00132704,-0.00132704,-0.00132704,-0.00132704,-0.00132704,-0.00132704
2.575,0.523599,0.204057,-1.55088,-0.00132704,-0.00132704,-0.00132704,-0.00132704,-0.00132704,-0.00132704
2.6,0.523599,0.250549,-0.899626,-0.00132704,-0.00132704,-0.00132704,-0.00132704,-0.00132704,-0.00132704
2.625,0.523599,0.296469,-0.197343,-0.00132704,-0.00132704,-0.00132704,-0.00132704,-0.00132704,-0.00132704
2.65,0.523599,0.341714,0.516133,-0.00132704,-0.00132704,-0.00132704,-0.00132704,-0.00132704,-0.00132704
2.675,0.523599,0.38618,1.20033,-0.00132704,-0.00132704,-0.00132704,-0.00132704,-0.00132704,-0.00132704
2.7,0.523599,0.429766,1.81645,-0.00132704,-0.00132704,-0.00132704,-0.00132704,-0.00132704,-0.00132704
2.725,0.523599,0.472372,2.32952,-0.00132704,-0.00132704,-0.00132704,-0.00132704,-0.00132704,-0.00132704
2.75,0.523599,0.513902,2.71046,-0.00132704,-0.00132704,-0.00132704,-0.00132704,-0.00132704,-0.00132704
2.775,0.523599,0.55426,2.93766,-0.00132704,-0.00132704,-0.00132704,-0.00132704,-0.00132704,-0.00132704
2.8,0.523599,0.593355,2.99821,-0.00132704,-0.00132704,-0.00132704,-0.00132704,-0.00132704,-0.00132704
2.825,0.523599,0.631097,2.8887,-0.00132704,-0.00132704,-0.00132704,-0.00132704,-0.00132704,-0.00132704
2.85,0.523599,0.667401,2.61534,-0.00132704,-0.00132704,-0.00132704,-0.00132704,-0.00132704,-0.00132704
2.875,0.523599,0.702184,2.19362,-0.00132704,-0.00132704,-0.00132704,-0.00132704,-0.00132704,-0.00132704
2.9,0.523599,0.735366,1.64747,-0.00132704,-0.00132704,-0.00132704,-0.00132704,-0.00132704,-0.00132704
2.925,0.523599,0.766872,1.00787,-0.00132704,-0.00132704,-0.00132704,-0.00132704,-0.00132704,-0.00132704
2.95,0.523599,0.796631,0.311104,-0.00132704,-0.00132704,-0.00132704,-0.00132704,-0.00132704,-0.00132704
2.975,0.523599,0.824573,-0.403311,-0.00132704,-0.00132704,-0.00132704,-0.00132704,-0.00132704,-0.00132704
3,0.523599,0.850636,-1.09485,-0.00132704,-0.00132704,-0.00132704,-0.00132704,-0.00132704,-0.00132704
3.025,0.523599,0.87476,-1.72428,-0.00132704,-0.00132704,-0.00132704,-0.00132704,-0.00132704,-0.00132704
3.05,0.523599,0.89689,-2.25591,-0.00132704,-0.00132704,-0.00132704,-0.00132704,-0.00132704,-0.00132704
3.075,0.523599,0.916976,-2.65957,-0.00132704,-0.00132704,-0.00132704,-0.00132704,-0.00132704,-0.00132704
3.1,0.523599,0.934972,-2.91238,-0.00132704,-0.00132704,-0.00132704,-0.00132704,-0.00132704,-0.00132704
3.125,0.523599,0.950837,-2.99998,-0.00132704,-0.00132704,-0.00132704,-0.00132704,-0.00132704,-0.00132704
3.15,0.523599,0.964534,-2.91742,-0.00132704,-0.00132704,-0.00132704,-0.00132704,-0.00132704,-0.00132704
3.175,0.523599,0.976033,-2.66936,-0.00132704,-0.00132704,-0.00132704,-0.00132704,-0.00132704,-0.00132704
3.2,0.523599,0.985308,-2.2699,-0.00132704,-0.00132704,-0.00132704,-0.00132704,-0.00132704,-0.00132704
3.225,0.523599,0.992336,-1.74167,-0.00132704,-0.00132704,-0.00132704,-0.00132704,-0.00132704,-0.00132704
3.25,0.523599,0.997103,-1.11466,-0.00132704,-0.00132704,-0.00132704,-0.00132704,-0.00132704,-0.00132704
3.275,0.523599,0.999597,-0.424414,-0.00132704,-0.00132704,-0.00132704,-0.00132704,-0.00132704,-0.00132704
3.3,0.523599,0.999813,0.289905,-0.00132704,-0.00132704,-0.00132704,-0.00132704,-0.00132704,-0.00132704
3.325,0.523599,0.997749,0.987778,-0.00132704,-0.00132704,-0.00132704,-0.00132704,-0.00132704,-0.00132704
3.35,0.523599,0.993412,1.62962,-0.00132704,-0.00132704,-0.00132704,-0.00132704,-0.00132704,-0.00132704
3.375,0.523599,0.98681,2.17903,-0.00132704,-0.00132704,-0.00132704,-0.00132704,-0.00132704,-0.00132704
3.4,0.523599,0.977959,2.60483,-0.00132704,-0.00132704,-0.00132704,-0.00132704,-0.00132704,-0.00132704
3.425,0.523599,0.966879,2.88288,-0.00132704,-0.00132704,-0.00132704,-0.00132704,-0.00132704,-0.00132704
3.45,0.523599,0.953595,2.9974,-0.00132704,-0.00132704,-0.00132704,-0.00132704,-0.00132704,-0.00132704
3.475,0.523599,0.938138,2.9419,-0.00132704,-0.00132704,-0.00132704,-0.00132704,-0.00132704,-0.00132704
3.5,0.523599,0.920542,2.71953,-0.00132704,-0.00132704,-0.00132704,-0.00132704,-0.00132704,-0.00132704
3.525,0.523599,0.900848,2.34289,-0.00132704,-0.00132704,-0.00132704,-0.00132704,-0.00132704,-0.00132704
3.55,0.523599,0.879101,1.83336,-0.00132704,-0.00132704,-0.00132704,-0.00132704,-0.00132704,-0.00132704
3.575,0.523599,0.85535,1.21983,-0.00132704,-0.00132704,-0.00132704,-0.00132704,-0.00132704,-0.00132704
3.6,0.523599,0.829649,0.537109,-0.00132704,-0.00132704,-0.00132704,-0.00132704,-0.00132704,-0.00132704
3.625,0.523599,0.802058,-0.176078,-0.00132704,-0.00132704,-0.00132704,-0.00132704,-0.00132704,-0.00132704
3.65,0.523599,0.772638,-0.879278,-0.00132704,-0.00132704,-0.00132704,-0.00132704,-0.00132704,-0.00132704
3.675,0.523599,0.741457,-1.5326,-0.00132704,-0.00132704,-0.00132704,-0.00132704,-0.00132704,-0.00132704
3.70001,0.523599,0.708586,-2.09899,-0.00132704,-0.00132704,-0.00132704,-0.00132704,-0.00132704,-0.00132704
3.72501,0.523599,0.6741,-2.54632,-0.00132704,-0.00132704,-0.00132704,-0.00132704,-0.00132704,-0.00132704
3.75001,0.523599,0.638078,-2.84921,-0.00132704,-0.00132704,-0.00132704,-0.00132704,-0.00132704,-0.00132704
3.77501,0.523599,0.600601,-2.99048,-0.00132704,-0.00132704,-0.00132704,-0.00132704,-0.00132704,-0.00132704
3.80001,0.523599,0.561755,-2.96213,-0.00132704,-0.00132704,-0.00132704,-0.00132704,-0.00132704,-0.00132704
3.82501,0.523599,0.521629,-2.76575,-0.00132704,-0.00132704,-0.00132704,-0.00132704,-0.00132704,-0.00132704
3.85001,0.523599,0.480314,-2.41249,-0.00132704,-0.00132704,-0.00132704,-0.00132704,-0.00132704,-0.00132704
3.87501,0.523599,0.437904,-1.92238,-0.00132704,-0.00132704,-0.00132704,-0.00132704,-0.00132704,-0.00132704
3.90001,0.523599,0.394496,-1.32323,-0.00132704,-0.00132704,-0.00132704,-0.00132704,-0.00132704,-0.00132704
3.92501,0.523599,0.350189,-0.649026,-0.00132704,-0.00132704,-0.00132704,-0.00132704,-0.00132704,-0.00132704
3.95001,0.523599,0.305083,0.0619967,-0.00132704,-0.00132704,-0.00132704,-0.00132704,-0.00132704,-0.00132704
3.97501,0.523599,0.259282,0.769503,-0.00132704,-0.00132704,-0.00132704,-0.00132704,-0.00132704,-0.00132704
4.00001,0.523599,0.212891,1.43336,-0.00132704,-0.00132704,-0.00132704,-0.00132704,-0.00132704,-0.00132704
4.02501,0.523599,0.166014,2.01591,-0.00132704,-0.00132704,-0.00132704,-0.00132704,-0.00132704,-0.00132704
4.05001,0.523599,0.118758,2.48412,-0.00132704,-0.00132704,-0.00132704,-0.00132704,-0.00132704,-0.00132704
4.07501,0.523599,0.0712322,2.81141,-0.00132704,-0.00132704,-0.00132704,-0.00132704,-0.00132704,-0.00132704
4.10001,0.523599,0.0235437,2.97923,-0.00132704,-0.00132704,-0.00132704,-0.00132704,-0.00132704,-0.00132704
4.12501,0.523599,-0.0241984,2.97806,-0.00132704,-0.00132704,-0.00132704,-0.00132704,-0.00132704,-0.00132704
4.15001,0.523599,-0.0718854,2.80797,-0.00132704,-0.00132704,-0.00132704,-0.00132704,-0.00132704,-0.00132704
4.17501,0.523599,-0.119409,2.47859,-0.00132704,-0.00132704,-0.00132704,-0.00132704,-0.00132704,-0.00132704
4.20001,0.523599,-0.166659,2.00863,-0.00132704,-0.00132704,-0.00132704,-0.00132704,-0.00132704,-0.00132704
4.22501,0.523599,-0.213531,1.42472,-0.00132704,-0.00132704,-0.00132704,-0.00132704,-0.00132704,-0.00132704
4.25001,0.523599,-0.259915,0.760004,-0.00132704,-0.00132704,-0.00132704,-0.00132704,-0.00132704,-0.00132704
4.27501,0.523599,-0.305707,0.0521745,-0.00132704,-0.00132704,-0.00132704,-0.00132704,-0.00132704,-0.00132704
4.30001,0.523599,-0.350802,-0.658614,-0.00132704,-0.00132704,-0.00132704,-0.00132704,-0.00132704,-0.00132704
4.32501,0.523599,-0.395098,-1.33204,-0.00132704,-0.00132704,-0.00132704,-0.00132704,-0.00132704,-0.00132704
4.35001,0.523599,-0.438493,-1.92992,-0.00132704,-0.00132704,-0.00132704,-0.00132704,-0.00132704,-0.00132704
4.37501,0.523599,-0.480888,-2.41832,-0.00132704,-0.00132704,-0.00132704,-0.00132704,-0.00132704,-0.00132704
4.40001,0.523599,-0.522188,-2.76954,-0.00132704,-0.00132704,-0.00132704,-0.00132704,-0.00132704,-0.00132704
4.42501,0.523599,-0.562297,-2.96367,-0.00132704,-0.00132704,-0.00132704,-0.00132704,-0.00132704,-0.00132704
4.45001,0.523599,-0.601124,-2.98969,-0.00132704,-0.00132704,-0.00132704,-0.00132704,-0.00132704,-0.00132704
4.47501,0.523599,-0.638582,-2.84612,-0.00132704,-0.00132704,-0.00132704,-0.00132704,-0.00132704,-0.00132704
4.50001,0.523599,-0.674584,-2.54111,-0.00132704,-0.00132704,-0.00132704,-0.00132704,-0.00132704,-0.00132704
4.52501,0.523599,-0.709048,-2.09196,-0.00132704,-0.00132704,-0.00132704,-0.00132704,-0.00132704,-0.00132704
4.55001,0.523599,-0.741896,-1.52415,-0.00132704,-0.00132704,-0.00132704,-0.00132704,-0.00132704,-0.00132704
4.57501,0.523599,-0.773053,-0.86988,-0.00132704,-0.00132704,-0.00132704,-0.00132704,-0.00132704,-0.00132704
4.60001,0.523599,-0.802449,-0.16627,-0.00132704,-0.00132704,-0.00132704,-0.00132704,-0.00132704,-0.00132704
4.62501,0.523599,-0.830015,0.546771,-0.00132704,-0.00132704,-0.00132704,-0.00132704,-0.00132704,-0.00132704
4.65001,0.523599,-0.855689,1.2288,-0.00132704,-0.00132704,-0.00132704,-0.00132704,-0.00132704,-0.00132704
4.67501,0.523599,-0.879413,1.84112,-0.00132704,-0.00132704,-0.00132704,-0.00132704,-0.00132704,-0.00132704
4.70001,0.523599,-0.901132,2.34901,-0.00132704,-0.00132704,-0.00132704,-0.00132704,-0.00132704,-0.00132704
4.72501,0.523599,-0.920798,2.72366,-0.00132704,-0.00132704,-0.00132704,-0.00132704,-0.00132704,-0.00132704
4.75001,0.523599,-0.938364,2.94381,-0.00132704,-0.00132704,-0.00132704,-0.00132704,-0.00132704,-0.00132704
4.77501,0.523599,-0.953792,2.99698,-0.00132704,-0.00132704,-0.00132704,-0.00132704,-0.00132704,-0.00132704
4.80001,0.523599,-0.967046,2.88015,-0.00132704,-0.00132704,-0.00132704,-0.00132704,-0.00132704,-0.00132704
4.82501,0.523599,-0.978096,2.59994,-0.00132704,-0.00132704,-0.00132704,-0.00132704,-0.00132704,-0.00132704
4.85001,0.523599,-0.986916,2.17226,-0.00132704,-0.00132704,-0.00132704,-0.00132704,-0.00132704,-0.00132704
4.87501,0.523599,-0.993487,1.62137,-0.00132704,-0.00132704,-0.00132704,-0.00132704,-0.00132704,-0.00132704
4.90001,0.523599,-0.997793,0.978497,-0.00132704,-0.00132704,-0.00132704,-0.00132704,-0.00132704,-0.00132704
4.92501,0.523599,-0.999825,0.280125,-0.00132704,-0.00132704,-0.00132704,-0.00132704,-0.00132704,-0.00132704
4.95001,0.523599,-0.999578,-0.434137,-0.00132704,-0.00132704,-0.00132704,-0.00132704,-0.00132704,-0.00132704
4.97501,0.523599,-0.997053,-1.12377,-0.00132704,-0.00132704,-0.00132704,-0.00132704,-0.00132704,-0.00132704
5.00001,0.523599,-0.992255,-1.74966,-0.00132704,-0.00132704,-0.00132704,-0.00132704,-0.00132704,-0.00132704
5.02501,0.523599,-0.985196,-2.27631,-0.00132704,-0.00132704,-0.00132704,-0.00132704,-0.00132704,-0.00132704
5.05001,0.523599,-0.975891,-2.67383,-0.00132704,-0.00132704,-0.00132704,-0.00132704,-0.00132704,-0.00132704
5.07501,0.523599,-0.964361,-2.91969,-0.00132704,-0.00132704,-0.00132704,-0.00132704,-0.00132704,-0.00132704
5.10001,0.523599,-0.950634,-2.99993,-0.00132704,-0.00132704,-0.00132704,-0.00132704,-0.00132704,-0.00132704
5.12501,0.523599,-0.93474,-2.91,-0.00132704,-0.00132704,-0.00132704,-0.00132704,-0.00132704,-0.00132704
5.15001,0.523599,-0.916715,-2.65501,-0.00132704,-0.00132704,-0.00132704,-0.00132704,-0.00132704,-0.00132704
5.17501,0.523599,-0.8966,-2.24942,-0.00132704,-0.00132704,-0.00132704,-0.00132704,-0.00132704,-0.00132704
5.20001,0.523599,-0.874442,-1.71623,-0.00132704,-0.00132704,-0.00132704,-0.00132704,-0.00132704,-0.00132704
5.22501,0.523599,-0.850291,-1.0857,-0.00132704,-0.00132704,-0.00132704,-0.00132704,-0.00132704,-0.00132704
5.25001,0.523599,-0.824202,-0.393574,-0.00132704,-0.00132704,-0.00132704,-0.00132704,-0.00132704,-0.00132704
5.27501,0.523599,-0.796234,0.320873,-0.00132704,-0.00132704,-0.00132704,-0.00132704,-0.00132704,-0.00132704
5.30001,0.523599,-0.766452,1.01712,-0.00132704,-0.00132704,-0.00132704,-0.00132704,-0.00132704,-0.00132704
5.32501,0.523599,-0.734922,1.65567,-0.00132704,-0.00132704,-0.00132704,-0.00132704,-0.00132704,-0.00132704
5.35001,0.523599,-0.701717,2.20031,-0.00132704,-0.00132704,-0.00132704,-0.00132704,-0.00132704,-0.00132704
5.37501,0.523599,-0.666913,2.62013,-0.00132704,-0.00132704,-0.00132704,-0.00132704,-0.00132704,-0.00132704
5.40001,0.523599,-0.630589,2.89134,-0.00132704,-0.00132704,-0.00132704,-0.00132704,-0.00132704,-0.00132704
5.42501,0.523599,-0.592827,2.99854,-0.00132704,-0.00132704,-0.00132704,-0.00132704,-0.00132704,-0.00132704
5.45001,0.523599,-0.553715,2.93565,-0.00132704,-0.00132704,-0.00132704,-0.00132704,-0.00132704,-0.00132704
5.47501,0.523599,-0.51334,2.70624,-0.00132704,-0.00132704,-0.00132704,-0.00132704,-0.00132704,-0.00132704
5.50001,0.523599,-0.471795,2.32332,-0.00132704,-0.00132704,-0.00132704,-0.00132704,-0.00132704,-0.00132704
5.52501,0.523599,-0.429174,1.80862,-0.00132704,-0.00132704,-0.00132704,-0.00132704,-0.00132704,-0.00132704
5.55001,0.523599,-0.385576,1.19132,-0.00132704,-0.00132704,-0.00132704,-0.00132704,-0.00132704,-0.00132704
5.57501,0.523599,-0.341099,0.506453,-0.00132704,-0.00132704,-0.00132704,-0.00132704,-0.00132704,-0.00132704
5.60001,0.523599,-0.295844,-0.207145,-0.00132704,-0.00132704,-0.00132704,-0.00132704,-0.00132704,-0.00132704
5.62501,0.523599,-0.249914,-0.908993,-0.00132704,-0.00132704,-0.00132704,-0.00132704,-0.00132704,-0.00132704
5.65001,0.523599,-0.203416,-1.55928,-0.00132704,-0.00132704,-0.00132704,-0.00132704,-0.00132704,-0.00132704
5.67501,0.523599,-0.156453,-2.12112,-0.00132704,-0.00132704,-0.00132704,-0.00132704,-0.00132704,-0.00132704
5.70001,0.523599,-0.109134,-2.56264,-0.00132704,-0.00132704,-0.00132704,-0.00132704,-0.00132704,-0.00132704
5.72501,0.523599,-0.0615663,-2.8588,-0.00132704,-0.00132704,-0.00132704,-0.00132704,-0.00132704,-0.00132704
5.75001,0.523599,-0.0138582,-2.9928,-0.00132704,-0.00132704,-0.00132704,-0.00132704,-0.00132704,-0.00132704
5.77501,0.523599,0.0338816,-2.95704,-0.00132704,-0.00132704,-0.00132704,-0.00132704,-0.00132704,-0.00132704
5.80001,0.523599,0.0815441,-2.75354,-0.00132704,-0.00132704,-0.00132704,-0.00132704,-0.00132704,-0.00132704
5.82501,0.523599,0.129021,-2.39386,-0.00132704,-0.00132704,-0.00132704,-0.00132704,-0.00132704,-0.00132704
5.85001,0.523599,0.176203,-1.89838,-0.00132704,-0.00132704,-0.00132704,-0.00132704,-0.00132704,-0.00132704
5.87501,0.523599,0.222984,-1.29523,-0.00132704,-0.00132704,-0.00132704,-0.00132704,-0.00132704,-0.00132704
5.90001,0.523599,0.269257,-0.618599,-0.00132704,-0.00132704,-0.00132704,-0.00132704,-0.00132704,-0.00132704
5.92501,0.523599,0.314916,0.0931165,-0.00132704,-0.00132704,-0.00132704,-0.00132704,-0.00132704,-0.00132704
5.95001,0.523599,0.359857,0.79955,-0.00132704,-0.00132704,-0.00132704,-0.00132704,-0.00132704,-0.00132704
5.97501,0.523599,0.403978,1.46063,-0.00132704,-0.00132704,-0.00132704,-0.00132704,-0.00132704,-0.00132704
6.00001,0.523599,0.447178,2.03886,-0.00132704,-0.00132704,-0.00132704,-0.00132704,-0.00132704,-0.00132704
6.02501,0.523599,0.489359,2.50144,-0.00132704,-0.00132704,-0.00132704,-0.00132704,-0.00132704,-0.00132704
6.05001,0.523599,0.530425,2.82212,-0.00132704,-0.00132704,-0.00132704,-0.00132704,-0.00132704,-0.00132704
6.07501,0.523599,0.570281,2.98273,-0.00132704,-0.00132704,-0.00132704,-0.00132704,-0.00132704,-0.00132704
6.10001,0.523599,0.608838,2.97415,-0.00132704,-0.00132704,-0.00132704,-0.00132704,-0.00132704,-0.00132704
6.12501,0.523599,0.646007,2.79686,-0.00132704,-0.00132704,-0.00132704,-0.00132704,-0.00132704,-0.00132704
6.15001,0.523599,0.681703,2.46092,-0.00132704,-0.00132704,-0.00132704,-0.00132704,-0.00132704,-0.00132704
6.17501,0.523599,0.715846,1.9854,-0.00132704,-0.00132704,-0.00132704,-0.00132704,-0.00132704,-0.00132704
6.20001,0.523599,0.748357,1.39725,-0.00132704,-0.00132704,-0.00132704,-0.00132704,-0.00132704,-0.00132704
6.22501,0.523599,0.779162,0.729848,-0.00132704,-0.00132704,-0.00132704,-0.00132704,-0.00132704,-0.00132704
6.25001,0.523599,0.808191,0.0210466,-0.00132704,-0.00132704,-0.00132704,-0.00132704,-0.00132704,-0.00132704
6.27501,0.523599,0.835379,-0.688949,-0.00132704,-0.00132704,-0.00132704,-0.00132704,-0.00132704,-0.00132704
6.30001,0.523599,0.860662,-1.35987,-0.00132704,-0.00132704,-0.00132704,-0.00132704,-0.00132704,-0.00132704
6.32502,0.523599,0.883983,-1.95364,-0.00132704,-0.00132704,-0.00132704,-0.00132704,-0.00132704,-0.00132704
6.35002,0.523599,0.90529,-2.43661,-0.00132704,-0.00132704,-0.00132704,-0.00132704,-0.00132704,-0.00132704
6.37502,0.523599,0.924533,-2.78136,-0.00132704,-0.00132704,-0.00132704,-0.00132704,-0.00132704,-0.00132704
6.40002,0.523599,0.941669,-2.96834,-0.00132704,-0.00132704,-0.00132704,-0.00132704,-0.00132704,-0.00132704
6.42502,0.523599,0.956658,-2.98695,-0.00132704,-0.00132704,-0.00132704,-0.00132704,-0.00132704,-0.00132704
6.45002,0.523599,0.969467,-2.83612,-0.00132704,-0.00132704,-0.00132704,-0.00132704,-0.00132704,-0.00132704
6.47502,0.523599,0.980066,-2.52443,-0.00132704,-0.00132704,-0.00132704,-0.00132704,-0.00132704,-0.00132704
6.50002,0.523599,0.988432,-2.06954,-0.00132704,-0.00132704,-0.00132704,-0.00132704,-0.00132704,-0.00132704
6.52502,0.523599,0.994544,-1.49725,-0.00132704,-0.00132704,-0.00132704,-0.00132704,-0.00132704,-0.00132704
6.55002,0.523599,0.998389,-0.840041,-0.00132704,-0.00132704,-0.00132704,-0.00132704,-0.00132704,-0.00132704
6.57502,0.523599,0.999959,-0.135179,-0.00132704,-0.00132704,-0.00132704,-0.00132704,-0.00132704,-0.00132704
6.60002,0.523599,0.99925,0.57735,-0.00132704,-0.00132704,-0.00132704,-0.00132704,-0.00132704,-0.00132704
6.62502,0.523599,0.996263,1.25713,-0.00132704,-0.00132704,-0.00132704,-0.00132704,-0.00132704,-0.00132704
6.65002,0.523599,0.991005,1.8656,-0.00132704,-0.00132704,-0.00132704,-0.00132704,-0.00132704,-0.00132704
6.67502,0.523599,0.983489,2.36825,-0.00132704,-0.00132704,-0.00132704,-0.00132704,-0.00132704,-0.00132704
6.70002,0.523599,0.973731,2.73656,-0.00132704,-0.00132704,-0.00132704,-0.00132704,-0.00132704,-0.00132704
6.72502,0.523599,0.961753,2.94965,-0.00132704,-0.00132704,-0.00132704,-0.00132704,-0.00132704,-0.00132704
6.75002,0.523599,0.947583,2.99542,-0.00132704,-0.00132704,-0.00132704,-0.00132704,-0.00132704,-0.00132704
6.77502,0.523599,0.931253,2.87128,-0.00132704,-0.00132704,-0.00132704,-0.00132704,-0.00132704,-0.00132704
6.80002,0.523599,0.912801,2.58427,-0.00132704,-0.00132704,-0.00132704,-0.00132704,-0.00132704,-0.00132704
6.82502,0.523599,0.892268,2.15068,-0.00132704,-0.00132704,-0.00132704,-0.00132704,-0.00132704,-0.00132704
6.85002,0.523599,0.869702,1.59509,-0.00132704,-0.00132704,-0.00132704,-0.00132704,-0.00132704,-0.00132704
6.87502,0.523599,0.845153,0.949017,-0.00132704,-0.00132704,-0.00132704,-0.00132704,-0.00132704,-0.00132704
6.90002,0.523599,0.818678,0.249116,-0.00132704,-0.00132704,-0.00132704,-0.00132704,-0.00132704,-0.00132704
6.92502,0.523599,0.790336,-0.464915,-0.00132704,-0.00132704,-0.00132704,-0.00132704,-0.00132704,-0.00132704
6.95002,0.523599,0.760194,-1.15258,-0.00132704,-0.00132704,-0.00132704,-0.00132704,-0.00132704,-0.00132704
6.97502,0.523599,0.728318,-1.77486,-0.00132704,-0.00132704,-0.00132704,-0.00132704,-0.00132704,-0.00132704
7.00002,0.523599,0.694783,-2.29646,-0.00132704,-0.00132704,-0.00132704,-0.00132704,-0.00132704,-0.00132704
7.02502,0.523599,0.659664,-2.68781,-0.00132704,-0.00132704,-0.00132704,-0.00132704,-0.00132704,-0.00132704
7.05002,0.523599,0.623041,-2.92669,-0.00132704,-0.00132704,-0.00132704,-0.00132704,-0.00132704,-0.00132704
7.07502,0.523599,0.584998,-2.99956,-0.00132704,-0.00132704,-0.00132704,-0.00132704,-0.00132704,-0.00132704
7.10002,0.523599,0.545622,-2.90228,-0.00132704,-0.00132704,-0.00132704,-0.00132704,-0.00132704,-0.00132704
7.12502,0.523599,0.505002,-2.64038,-0.00132704,-0.00132704,-0.00132704,-0.00132704,-0.00132704,-0.00132704
7.15002,0.523599,0.463231,-2.2287,-0.00132704,-0.00132704,-0.00132704,-0.00132704,-0.00132704,-0.00132704
7.17502,0.523599,0.420405,-1.69061,-0.00132704,-0.00132704,-0.00132704,-0.00132704,-0.00132704,-0.00132704
7.20002,0.523599,0.37662,-1.05662,-0.00132704,-0.00132704,-0.00132704,-0.00132704,-0.00132704,-0.00132704
7.22502,0.523599,0.331976,-0.362692,-0.00132704,-0.00132704,-0.00132704,-0.00132704,-0.00132704,-0.00132704
7.25002,0.523599,0.286576,0.351807,-0.00132704,-0.00132704,-0.00132704,-0.00132704,-0.00132704,-0.00132704
7.27502,0.523599,0.240523,1.04635,-0.00132704,-0.00132704,-0.00132704,-0.00132704,-0.00132704,-0.00132704
7.30002,0.523599,0.193922,1.68154,-0.00132704,-0.00132704,-0.00132704,-0.00132704,-0.00132704,-0.00132704
7.32502,0.523599,0.146878,2.22135,-0.00132704,-0.00132704,-0.00132704,-0.00132704,-0.00132704,-0.00132704
7.35002,0.523599,0.0994998,2.63516,-0.00132704,-0.00132704,-0.00132704,-0.00132704,-0.00132704,-0.00132704
7.37502,0.523599,0.0518947,2.89949,-0.00132704,-0.00132704,-0.00132704,-0.00132704,-0.00132704,-0.00132704
7.40002,0.523599,0.00417137,2.99935,-0.00132704,-0.00132704,-0.00132704,-0.00132704,-0.00132704,-0.00132704
7.42502,0.523599,-0.0435615,2.92908,-0.00132704,-0.00132704,-0.00132704,-0.00132704,-0.00132704,-0.00132704
7.45002,0.523599,-0.0911951,2.69266,-0.00132704,-0.00132704,-0.00132704,-0.00132704,-0.00132704,-0.00132704
7.47502,0.523599,-0.138621,2.3035,-0.00132704,-0.00132704,-0.00132704,-0.00132704,-0.00132704,-0.00132704
7.50002,0.523599,-0.185731,1.78368,-0.00132704,-0.00132704,-0.00132704,-0.00132704,-0.00132704,-0.00132704
7.52502,0.523599,-0.232417,1.16269,-0.00132704,-0.00132704,-0.00132704,-0.00132704,-0.00132704,-0.00132704
7.55002,0.523599,-0.278574,0.475743,-0.00132704,-0.00132704,-0.00132704,-0.00132704,-0.00132704,-0.00132704
7.57502,0.523599,-0.324095,-0.238189,-0.00132704,-0.00132704,-0.00132704,-0.00132704,-0.00132704,-0.00132704
7.60002,0.523599,-0.368878,-0.93861,-0.00132704,-0.00132704,-0.00132704,-0.00132704,-0.00132704,-0.00132704
7.62502,0.523599,-0.412821,-1.58579,-0.00132704,-0.00132704,-0.00132704,-0.00132704,-0.00132704,-0.00132704
7.65002,0.523599,-0.455822,-2.14302,-0.00132704,-0.00132704,-0.00132704,-0.00132704,-0.00132704,-0.00132704
7.67502,0.523599,-0.497784,-2.57869,-0.00132704,-0.00132704,-0.00132704,-0.00132704,-0.00132704,-0.00132704
7.70002,0.523599,-0.538612,-2.86809,-0.00132704,-0.00132704,-0.00132704,-0.00132704,-0.00132704,-0.00132704
7.72502,0.523599,-0.578212,-2.99479,-0.00132704,-0.00132704,-0.00132704,-0.00132704,-0.00132704,-0.00132704
7.75002,0.523599,-0.616494,-2.95163,-0.00132704,-0.00132704,-0.00132704,-0.00132704,-0.00132704,-0.00132704
7.77502,0.523599,-0.653371,-2.74104,-0.00132704,-0.00132704,-0.00132704,-0.00132704,-0.00132704,-0.00132704
7.80002,0.523599,-0.688759,-2.37496,-0.00132704,-0.00132704,-0.00132704,-0.00132704,-0.00132704,-0.00132704
7.82502,0.523599,-0.722576,-1.87418,-0.00132704,-0.00132704,-0.00132704,-0.00132704,-0.00132704,-0.00132704
7.85002,0.523599,-0.754747,-1.26708,-0.00132704,-0.00132704,-0.00132704,-0.00132704,-0.00132704,-0.00132704
7.87502,0.523599,-0.785198,-0.588105,-0.00132704,-0.00132704,-0.00132704,-0.00132704,-0.00132704,-0.00132704
7.90002,0.523599,-0.813858,0.124226,-0.00132704,-0.00132704,-0.00132704,-0.00132704,-0.00132704,-0.00132704
7.92502,0.523599,-0.840664,0.829511,-0.00132704,-0.00132704,-0.00132704,-0.00132704,-0.00132704,-0.00132704
7.95002,0.523599,-0.865554,1.48774,-0.00132704,-0.00132704,-0.00132704,-0.00132704,-0.00132704,-0.00132704
7.97502,0.523599,-0.888471,2.06158,-0.00132704,-0.00132704,-0.00132704,-0.00132704,-0.00132704,-0.00132704
8.00002,0.523599,-0.909362,2.51848,-0.00132704,-0.00132704,-0.00132704,-0.00132704,-0.00132704,-0.00132704
8.02502,0.523599,-0.928181,2.83252,-0.00132704,-0.00132704,-0.00132704,-0.00132704,-0.00132704,-0.00132704
8.05002,0.523599,-0.944884,2.9859,-0.00132704,-0.00132704,-0.00132704,-0.00132704,-0.00132704,-0.00132704
8.07502,0.523599,-0.959433,2.96992,-0.00132704,-0.00132704,-0.00132704,-0.00132704,-0.00132704,-0.00132704
8.10002,0.523599,-0.971796,2.78547,-0.00132704,-0.00132704,-0.00132704,-0.00132704,-0.00132704,-0.00132704
8.12502,0.523599,-0.981944,2.44303,-0.00132704,-0.00132704,-0.00132704,-0.00132704,-0.00132704,-0.00132704
8.15002,0.523599,-0.989854,1.96202,-0.00132704,-0.00132704,-0.00132704,-0.00132704,-0.00132704,-0.00132704
8.17502,0.523599,-0.995507,1.36973,-0.00132704,-0.00132704,-0.00132704,-0.00132704,-0.00132704,-0.00132704
8.20002,0.523599,-0.998892,0.699734,-0.00132704,-0.00132704,-0.00132704,-0.00132704,-0.00132704,-0.00132704
8.22502,0.523599,-1,-0.00994691,-0.00132704,-0.00132704,-0.00132704,-0.00132704,-0.00132704,-0.00132704
8.25002,0.523599,-0.998829,-0.719064,-0.00132704,-0.00132704,-0.00132704,-0.00132704,-0.00132704,-0.00132704
8.27502,0.523599,-0.995381,-1.38739,-0.00132704,-0.00132704,-0.00132704,-0.00132704,-0.00132704,-0.00132704
8.30002,0.523599,-0.989664,-1.97703,-0.00132704,-0.00132704,-0.00132704,-0.00132704,-0.00132704,-0.00132704
8.32502,0.523599,-0.981692,-2.45453,-0.00132704,-0.00132704,-0.00132704,-0.00132704,-0.00132704,-0.00132704
8.35002,0.523599,-0.971482,-2.7928,-0.00132704,-0.00132704,-0.00132704,-0.00132704,-0.00132704,-0.00132704
8.37502,0.523599,-0.959058,-2.97266,-0.00132704,-0.00132704,-0.00132704,-0.00132704,-0.00132704,-0.00132704
8.40001,0.523599,-0.944449,-2.98391,-0.00132704,-0.00132704,-0.00132704,-0.00132704,-0.00132704,-0.00132704
8.42501,0.523599,-0.927686,-2.82591,-0.00132704,-0.00132704,-0.00132704,-0.00132704,-0.00132704,-0.00132704
8.45001,0.523599,-0.908809,-2.50761,-0.00132704,-0.00132704,-0.00132704,-0.00132704,-0.00132704,-0.00132704
8.47501,0.523599,-0.887861,-2.04709,-0.00132704,-0.00132704,-0.00132704,-0.00132704,-0.00132704,-0.00132704
8.50001,0.523599,-0.864889,-1.47045,-0.00132704,-0.00132704,-0.00132704,-0.00132704,-0.00132704,-0.00132704
8.52501,0.523599,-0.839946,-0.810401,-0.00132704,-0.00132704,-0.00132704,-0.00132704,-0.00132704,-0.00132704
8.55001,0.523599,-0.813089,-0.104388,-0.00132704,-0.00132704,-0.00132704,-0.00132704,-0.00132704,-0.00132704
8.57501,0.523599,-0.784378,0.607546,-0.00132704,-0.00132704,-0.00132704,-0.00132704,-0.00132704,-0.00132704
8.60001,0.523599,-0.753879,1.28502,-0.00132704,-0.00132704,-0.00132704,-0.00132704,-0.00132704,-0.00132704
8.62501,0.523599,-0.721663,1.8896,-0.00132704,-0.00132704,-0.00132704,-0.00132704,-0.00132704,-0.00132704
8.65001,0.523599,-0.687801,2.38701,-0.00132704,-0.00132704,-0.00132704,-0.00132704,-0.00132704,-0.00132704
8.67501,0.523599,-0.652372,2.74902,-0.00132704,-0.00132704,-0.00132704,-0.00132704,-0.00132704,-0.00132704
8.70001,0.523599,-0.615456,2.9551,-0.00132704,-0.00132704,-0.00132704,-0.00132704,-0.00132704,-0.00132704
8.72501,0.523599,-0.577137,2.99357,-0.00132704,-0.00132704,-0.00132704,-0.00132704,-0.00132704,-0.00132704
8.75001,0.523599,-0.537502,2.86223,-0.00132704,-0.00132704,-0.00132704,-0.00132704,-0.00132704,-0.00132704
8.77501,0.523599,-0.496643,2.56855,-0.00132704,-0.00132704,-0.00132704,-0.00132704,-0.00132704,-0.00132704
8.80001,0.523599,-0.454651,2.12918,-0.00132704,-0.00132704,-0.00132704,-0.00132704,-0.00132704,-0.00132704
8.82501,0.523599,-0.411624,1.56903,-0.00132704,-0.00132704,-0.00132704,-0.00132704,-0.00132704,-0.00132704
8.85001,0.523599,-0.367658,0.91989,-0.00132704,-0.00132704,-0.00132704,-0.00132704,-0.00132704,-0.00132704
8.87501,0.523599,-0.322854,0.218571,-0.00132704,-0.00132704,-0.00132704,-0.00132704,-0.00132704,-0.00132704
8.90001,0.523599,-0.277314,-0.495145,-0.00132704,-0.00132704,-0.00132704,-0.00132704,-0.00132704,-0.00132704
8.92501,0.523599,-0.231143,-1.18078,-0.00132704,-0.00132704,-0.00132704,-0.00132704,-0.00132704,-0.00132704
8.95001,0.523599,-0.184444,-1.79943,-0.00132704,-0.00132704,-0.00132704,-0.00132704,-0.00132704,-0.00132704
8.97501,0.523599,-0.137325,-2.31602,-0.00132704,-0.00132704,-0.00132704,-0.00132704,-0.00132704,-0.00132704
9.00001,0.523599,-0.0898933,-2.70124,-0.00132704,-0.00132704,-0.00132704,-0.00132704,-0.00132704,-0.00132704
9.02501,0.523599,-0.0422565,-2.93325,-0.00132704,-0.00132704,-0.00132704,-0.00132704,-0.00132704,-0.00132704
9.05,0.523599,0.00547667,-2.99888,-0.00132704,-0.00132704,-0.00132704,-0.00132704,-0.00132704,-0.00132704
9.075,0.523599,0.0531973,-2.8944,-0.00132704,-0.00132704,-0.00132704,-0.00132704,-0.00132704,-0.00132704
9.1,0.523599,0.100797,-2.62575,-0.00132704,-0.00132704,-0.00132704,-0.00132704,-0.00132704,-0.00132704
9.125,0.523599,0.148166,-2.20817,-0.00132704,-0.00132704,-0.00132704,-0.00132704,-0.00132704,-0.00132704
9.15,0.523599,0.195198,-1.66534,-0.00132704,-0.00132704,-0.00132704,-0.00132704,-0.00132704,-0.00132704
9.175,0.523599,0.241785,-1.02804,-0.00132704,-0.00132704,-0.00132704,-0.00132704,-0.00132704,-0.00132704
9.2,0.523599,0.287821,-0.332437,-0.00132704,-0.00132704,-0.00132704,-0.00132704,-0.00132704,-0.00132704
9.225,0.523599,0.333201,0.382026,-0.00132704,-0.00132704,-0.00132704,-0.00132704,-0.00132704,-0.00132704
9.25,0.523599,0.377822,1.07482,-0.00132704,-0.00132704,-0.00132704,-0.00132704,-0.00132704,-0.00132704
9.275,0.523599,0.421581,1.70665,-0.00132704,-0.00132704,-0.00132704,-0.00132704,-0.00132704,-0.00132704
9.3,0.523599,0.46438,2.24167,-0.00132704,-0.00132704,-0.00132704,-0.00132704,-0.00132704,-0.00132704
9.325,0.523599,0.50612,2.64955,-0.00132704,-0.00132704,-0.00132704,-0.00132704,-0.00132704,-0.00132704
9.35,0.523599,0.546706,2.90713,-0.00132704,-0.00132704,-0.00132704,-0.00132704,-0.00132704,-0.00132704
9.375,0.523599,0.586047,2.99983,-0.00132704,-0.00132704,-0.00132704,-0.00132704,-0.00132704,-0.00132704
9.4,0.523599,0.624052,2.92237,-0.00132704,-0.00132704,-0.00132704,-0.00132704,-0.00132704,-0.00132704
9.425,0.523599,0.660634,2.67914,-0.00132704,-0.00132704,-0.00132704,-0.00132704,-0.00132704,-0.00132704
9.45,0.523599,0.695711,2.28396,-0.00132704,-0.00132704,-0.00132704,-0.00132704,-0.00132704,-0.00132704
9.475,0.523599,0.729202,1.75922,-0.00132704,-0.00132704,-0.00132704,-0.00132704,-0.00132704,-0.00132704
9.5,0.523599,0.761031,1.1347,-0.00132704,-0.00132704,-0.00132704,-0.00132704,-0.00132704,-0.00132704
9.525,0.523599,0.791125,0.445819,-0.00132704,-0.00132704,-0.00132704,-0.00132704,-0.00132704,-0.00132704
9.55,0.523599,0.819416,-0.268351,-0.00132704,-0.00132704,-0.00132704,-0.00132704,-0.00132704,-0.00132704
9.575,0.523599,0.84584,-0.967299,-0.00132704,-0.00132704,-0.00132704,-0.00132704,-0.00132704,-0.00132704
9.6,0.523599,0.870336,-1.61138,-0.00132704,-0.00132704,-0.00132704,-0.00132704,-0.00132704,-0.00132704
9.625,0.523599,0.892848,-2.16406,-0.00132704,-0.00132704,-0.00132704,-0.00132704,-0.00132704,-0.00132704
9.65,0.523599,0.913325,-2.594,-0.00132704,-0.00132704,-0.00132704,-0.00132704,-0.00132704,-0.00132704
9.675,0.523599,0.93172,-2.8768,-0.00132704,-0.00132704,-0.00132704,-0.00132704,-0.00132704,-0.00132704
9.7,0.523599,0.947992,-2.99642,-0.00132704,-0.00132704,-0.00132704,-0.00132704,-0.00132704,-0.00132704
9.72499,0.523599,0.962103,-2.94608,-0.00132704,-0.00132704,-0.00132704,-0.00132704,-0.00132704,-0.00132704
9.74999,0.523599,0.974021,-2.72864,-0.00132704,-0.00132704,-0.00132704,-0.00132704,-0.00132704,-0.00132704
9.77499,0.523599,0.983719,-2.35643,-0.00132704,-0.00132704,-0.00132704,-0.00132704,-0.00132704,-0.00132704
9.79999,0.523599,0.991176,-1.85055,-0.00132704,-0.00132704,-0.00132704,-0.00132704,-0.00132704,-0.00132704
9.82499,0.523599,0.996373,-1.23971,-0.00132704,-0.00132704,-0.00132704,-0.00132704,-0.00132704,-0.00132704
9.84999,0.523599,0.999299,-0.558554,-0.00132704,-0.00132704,-0.00132704,-0.00132704,-0.00132704,-0.00132704
9.87499,0.523599,0.999947,0.154286,-0.00132704,-0.00132704,-0.00132704,-0.00132704,-0.00132704,-0.00132704
9.89999,0.523599,0.998316,0.858374,-0.00132704,-0.00132704,-0.00132704,-0.00132704,-0.00132704,-0.00132704
9.92499,0.523599,0.99441,1.51377,-0.00132704,-0.00132704,-0.00132704,-0.00132704,-0.00132704,-0.00132704
9.94999,0.523599,0.988238,2.08331,-0.00132704,-0.00132704,-0.00132704,-0.00132704,-0.00132704,-0.00132704
9.97499,0.523599,0.979813,2.53468,-0.00132704,-0.00132704,-0.00132704,-0.00132704,-0.00132704,-0.00132704
9.99999,0.523599,0.969155,2.84228,-0.00132704,-0.00132704,-0.00132704,-0.00132704,-0.00132704,-0.00132704
10.025,0.523599,0.956288,2.98866,-0.00132704,-0.00132704,-0.00132704,-0.00132704,-0.00132704,-0.00132704
10.05,0.523599,0.941241,2.96552,-0.00132704,-0.00132704,-0.00132704,-0.00132704,-0.00132704,-0.00132704
10.075,0.523599,0.924049,2.77417,-0.00132704,-0.00132704,-0.00132704,-0.00132704,-0.00132704,-0.00132704
10.1,0.523599,0.904751,2.42547,-0.00132704,-0.00132704,-0.00132704,-0.00132704,-0.00132704,-0.00132704
10.125,0.523599,0.883391,1.93919,-0.00132704,-0.00132704,-0.00132704,-0.00132704,-0.00132704,-0.00132704
10.15,0.523599,0.860017,1.34292,-0.00132704,-0.00132704,-0.00132704,-0.00132704,-0.00132704,-0.00132704
10.175,0.523599,0.834683,0.670477,-0.00132704,-0.00132704,-0.00132704,-0.00132704,-0.00132704,-0.00132704
10.2,0.523599,0.807447,-0.0399969,-0.00132704,-0.00132704,-0.00132704,-0.00132704,-0.00132704,-0.00132704
10.225,0.523599,0.77837,-0.748202,-0.00132704,-0.00132704,-0.00132704,-0.00132704,-0.00132704,-0.00132704
10.25,0.523599,0.747519,-1.41397,-0.00132704,-0.00132704,-0.00132704,-0.00132704,-0.00132704,-0.00132704
10.275,0.523599,0.714965,-1.99953,-0.00132704,-0.00132704,-0.00132704,-0.00132704,-0.00132704,-0.00132704
10.3,0.523599,0.680781,-2.47168,-0.00132704,-0.00132704,-0.00132704,-0.00132704,-0.00132704,-0.00132704
10.325,0.523599,0.645045,-2.80363,-0.00132704,-0.00132704,-0.00132704,-0.00132704,-0.00132704,-0.00132704
10.35,0.523599,0.607839,-2.97656,-0.00132704,-0.00132704,-0.00132704,-0.00132704,-0.00132704,-0.00132704
10.375,0.523599,0.569248,-2.98065,-0.00132704,-0.00132704,-0.00132704,-0.00132704,-0.00132704,-0.00132704
10.4,0.523599,0.529359,-2.81568,-0.00132704,-0.00132704,-0.00132704,-0.00132704,-0.00132704,-0.00132704
10.425,0.523599,0.488264,-2.49099,-0.00132704,-0.00132704,-0.00132704,-0.00132704,-0.00132704,-0.00132704
10.45,0.523599,0.446056,-2.02502,-0.00132704,-0.00132704,-0.00132704,-0.00132704,-0.00132704,-0.00132704
10.475,0.523599,0.402831,-1.44418,-0.00132704,-0.00132704,-0.00132704,-0.00132704,-0.00132704,-0.00132704
10.5,0.523599,0.358688,-0.781427,-0.00132704,-0.00132704,-0.00132704,-0.00132704,-0.00132704,-0.00132704
10.525,0.523599,0.313728,-0.0743501,-0.00132704,-0.00132704,-0.00132704,-0.00132704,-0.00132704,-0.00132704
10.55,0.523599,0.268052,0.636944,-0.00132704,-0.00132704,-0.00132704,-0.00132704,-0.00132704,-0.00132704
10.575,0.523599,0.221766,1.31211,-0.00132704,-0.00132704,-0.00132704,-0.00132704,-0.00132704,-0.00132704
10.6,0.523599,0.174974,1.91285,-0.00132704,-0.00132704,-0.00132704,-0.00132704,-0.00132704,-0.00132704
10.625,0.523599,0.127783,2.40509,-0.00132704,-0.00132704,-0.00132704,-0.00132704,-0.00132704,-0.00132704
10.65,0.523599,0.0803011,2.76091,-0.00132704,-0.00132704,-0.00132704,-0.00132704,-0.00132704,-0.00132704
10.675,0.523599,0.0326361,2.96013,-0.00132704,-0.00132704,-0.00132704,-0.00132704,-0.00132704,-0.00132704
10.7,0.523599,-0.0151033,2.99145,-0.00132704,-0.00132704,-0.00132704,-0.00132704,-0.00132704,-0.00132704
10.725,0.523599,-0.0628082,2.85309,-0.00132704,-0.00132704,-0.00132704,-0.00132704,-0.00132704,-0.00132704
10.75,0.523599,-0.11037,2.55289,-0.00132704,-0.00132704,-0.00132704,-0.00132704,-0.00132704,-0.00132704
10.775,0.523599,-0.15768,2.1079,-0.00132704,-0.00132704,-0.00132704,-0.00132704,-0.00132704,-0.00132704
10.8,0.523599,-0.204631,1.54334,-0.00132704,-0.00132704,-0.00132704,-0.00132704,-0.00132704,-0.00132704
10.825,0.523599,-0.251116,0.891241,-0.00132704,-0.00132704,-0.00132704,-0.00132704,-0.00132704,-0.00132704
10.85,0.523599,-0.297028,0.188589,-0.00132704,-0.00132704,-0.00132704,-0.00132704,-0.00132704,-0.00132704
10.875,0.523599,-0.342263,-0.524759,-0.00132704,-0.00132704,-0.00132704,-0.00132704,-0.00132704,-0.00132704
10.9,0.523599,-0.386718,-1.20834,-0.00132704,-0.00132704,-0.00132704,-0.00132704,-0.00132704,-0.00132704
10.925,0.523599,-0.430291,-1.82339,-0.00132704,-0.00132704,-0.00132704,-0.00132704,-0.00132704,-0.00132704
10.95,0.523599,-0.472884,-2.33501,-0.00132704,-0.00132704,-0.00132704,-0.00132704,-0.00132704,-0.00132704
10.975,0.523599,-0.514399,-2.71418,-0.00132704,-0.00132704,-0.00132704,-0.00132704,-0.00132704,-0.00132704
11,0.523599,-0.554742,-2.93941,-0.00132704,-0.00132704,-0.00132704,-0.00132704,-0.00132704,-0.00132704
11.025,0.523599,-0.59382,-2.9979,-0.00132704,-0.00132704,-0.00132704,-0.00132704,-0.00132704,-0.00132704
11.05,0.523599,-0.631545,-2.88635,-0.00132704,-0.00132704,-0.00132704,-0.00132704,-0.00132704,-0.00132704
11.075,0.523599,-0.66783,-2.61109,-0.00132704,-0.00132704,-0.00132704,-0.00132704,-0.00132704,-0.00132704
11.1,0.523599,-0.702594,-2.18772,-0.00132704,-0.00132704,-0.00132704,-0.00132704,-0.00132704,-0.00132704
11.125,0.523599,-0.735756,-1.64026,-0.00132704,-0.00132704,-0.00132704,-0.00132704,-0.00132704,-0.00132704
11.15,0.523599,-0.76724,-0.99976,-0.00132704,-0.00132704,-0.00132704,-0.00132704,-0.00132704,-0.00132704
11.175,0.523599,-0.796977,-0.302554,-0.00132704,-0.00132704,-0.00132704,-0.00132704,-0.00132704,-0.00132704
11.2,0.523599,-0.824896,0.411812,-0.00132704,-0.00132704,-0.00132704,-0.00132704,-0.00132704,-0.00132704
11.225,0.523599,-0.850936,1.10282,-0.00132704,-0.00132704,-0.00132704,-0.00132704,-0.00132704,-0.00132704
11.25,0.523599,-0.875036,1.73128,-0.00132704,-0.00132704,-0.00132704,-0.00132704,-0.00132704,-0.00132704
11.275,0.523599,-0.897142,2.26153,-0.00132704,-0.00132704,-0.00132704,-0.00132704,-0.00132704,-0.00132704
11.3,0.523599,-0.917203,2.66351,-0.00132704,-0.00132704,-0.00132704,-0.00132704,-0.00132704,-0.00132704
11.325,0.523599,-0.935173,2.91441,-0.00132704,-0.00132704,-0.00132704,-0.00132704,-0.00132704,-0.00132704
11.35,0.523599,-0.951012,3,-0.00132704,-0.00132704,-0.00132704,-0.00132704,-0.00132704,-0.00132704
11.375,0.523599,-0.964684,2.91543,-0.00132704,-0.00132704,-0.00132704,-0.00132704,-0.00132704,-0.00132704
11.4,0.523599,-0.976156,2.66549,-0.00132704,-0.00132704,-0.00132704,-0.00132704,-0.00132704,-0.00132704
11.425,0.523599,-0.985404,2.26436,-0.00132704,-0.00132704,-0.00132704,-0.00132704,-0.00132704,-0.00132704
11.45,0.523599,-0.992406,1.73479,-0.00132704,-0.00132704,-0.00132704,-0.00132704,-0.00132704,-0.00132704
11.475,0.523599,-0.997146,1.10683,-0.00132704,-0.00132704,-0.00132704,-0.00132704,-0.00132704,-0.00132704
11.5,0.523599,-0.999613,0.41608,-0.00132704,-0.00132704,-0.00132704,-0.00132704,-0.00132704,-0.00132704
11.525,0.523599,-0.999802,-0.298267,-0.00132704,-0.00132704,-0.00132704,-0.00132704,-0.00132704,-0.00132704
11.55,0.523599,-0.997712,-0.995696,-0.00132704,-0.00132704,-0.00132704,-0.00132704,-0.00132704,-0.00132704
11.575,0.523599,-0.993348,-1.63665,-0.00132704,-0.00132704,-0.00132704,-0.00132704,-0.00132704,-0.00132704
11.6,0.523599,-0.98672,-2.18477,-0.00132704,-0.00132704,-0.00132704,-0.00132704,-0.00132704,-0.00132704
11.625,0.523599,-0.977843,-2.60896,-0.00132704,-0.00132704,-0.00132704,-0.00132704,-0.00132704,-0.00132704
11.65,0.523599,-0.966737,-2.88518,-0.00132704,-0.00132704,-0.00132704,-0.00132704,-0.00132704,-0.00132704
11.675,0.523599,-0.953428,-2.99774,-0.00132704,-0.00132704,-0.00132704,-0.00132704,-0.00132704,-0.00132704
11.7,0.523599,-0.937946,-2.94026,-0.00132704,-0.00132704,-0.00132704,-0.00132704,-0.00132704,-0.00132704
11.725,0.523599,-0.920326,-2.71601,-0.00132704,-0.00132704,-0.00132704,-0.00132704,-0.00132704,-0.00132704
11.75,0.523599,-0.900608,-2.33771,-0.00132704,-0.00132704,-0.00132704,-0.00132704,-0.00132704,-0.00132704
11.775,0.523599,-0.878838,-1.82681,-0.00132704,-0.00132704,-0.00132704,-0.00132704,-0.00132704,-0.00132704
11.8,0.523599,-0.855065,-1.21228,-0.00132704,-0.00132704,-0.00132704,-0.00132704,-0.00132704,-0.00132704
11.825,0.523599,-0.829342,-0.529001,-0.00132704,-0.00132704,-0.00132704,-0.00132704,-0.00132704,-0.00132704
11.85,0.523599,-0.80173,0.184289,-0.00132704,-0.00132704,-0.00132704,-0.00132704,-0.00132704,-0.00132704
11.875,0.523599,-0.77229,0.887126,-0.00132704,-0.00132704,-0.00132704,-0.00132704,-0.00132704,-0.00132704
11.9,0.523599,-0.74109,1.53964,-0.00132704,-0.00132704,-0.00132704,-0.00132704,-0.00132704,-0.00132704
11.925,0.523599,-0.708201,2.10483,-0.00132704,-0.00132704,-0.00132704,-0.00132704,-0.00132704,-0.00132704
11.95,0.523599,-0.673698,2.55063,-0.00132704,-0.00132704,-0.00132704,-0.00132704,-0.00132704,-0.00132704
11.975,0.523599,-0.637659,2.85175,-0.00132704,-0.00132704,-0.00132704,-0.00132704,-0.00132704,-0.00132704
12,0.523599,-0.600167,2.99112,-0.00132704,-0.00132704,-0.00132704,-0.00132704,-0.00132704,-0.00132704
12.025,0.523599,-0.561307,2.96083,-0.00132704,-0.00132704,-0.00132704,-0.00132704,-0.00132704,-0.00132704
12.05,0.523599,-0.521167,2.7626,-0.00132704,-0.00132704,-0.00132704,-0.00132704,-0.00132704,-0.00132704
12.075,0.523599,-0.47984,2.40766,-0.00132704,-0.00132704,-0.00132704,-0.00132704,-0.00132704,-0.00132704
12.1,0.523599,-0.437419,1.91617,-0.00132704,-0.00132704,-0.00132704,-0.00132704,-0.00132704,-0.00132704
12.125,0.523599,-0.394001,1.31598,-0.00132704,-0.00132704,-0.00132704,-0.00132704,-0.00132704,-0.00132704
12.15,0.523599,-0.349685,0.641153,-0.00132704,-0.00132704,-0.00132704,-0.00132704,-0.00132704,-0.00132704
12.175,0.523599,-0.304572,-0.0700429,-0.00132704,-0.00132704,-0.00132704,-0.00132704,-0.00132704,-0.00132704
12.2,0.523599,-0.258765,-0.777266,-0.00132704,-0.00132704,-0.00132704,-0.00132704,-0.00132704,-0.00132704
12.225,0.523599,-0.212368,-1.4404,-0.00132704,-0.00132704,-0.00132704,-0.00132704,-0.00132704,-0.00132704
12.25,0.523599,-0.165487,-2.02184,-0.00132704,-0.00132704,-0.00132704,-0.00132704,-0.00132704,-0.00132704
12.275,0.523599,-0.118229,-2.48859,-0.00132704,-0.00132704,-0.00132704,-0.00132704,-0.00132704,-0.00132704
12.3,0.523599,-0.0707015,-2.81419,-0.00132704,-0.00132704,-0.00132704,-0.00132704,-0.00132704,-0.00132704
12.325,0.523599,-0.0230128,-2.98016,-0.00132704,-0.00132704,-0.00132704,-0.00132704,-0.00132704,-0.00132704
12.35,0.523599,0.0247284,-2.97709,-0.00132704,-0.00132704,-0.00132704,-0.00132704,-0.00132704,-0.00132704
12.375,0.523599,0.0724133,-2.80516,-0.00132704,-0.00132704,-0.00132704,-0.00132704,-0.00132704,-0.00132704
12.4,0.523599,0.119933,-2.47412,-0.00132704,-0.00132704,-0.00132704,-0.00132704,-0.00132704,-0.00132704
12.425,0.523599,0.16718,-2.00274,-0.00132704,-0.00132704,-0.00132704,-0.00132704,-0.00132704,-0.00132704
12.45,0.523599,0.214045,-1.41777,-0.00132704,-0.00132704,-0.00132704,-0.00132704,-0.00132704,-0.00132704
12.475,0.523599,0.260422,-0.752374,-0.00132704,-0.00132704,-0.00132704,-0.00132704,-0.00132704,-0.00132704
12.5,0.523599,0.306206,-0.044305,-0.00132704,-0.00132704,-0.00132704,-0.00132704,-0.00132704,-0.00132704
12.525,0.523599,0.351293,0.666277,-0.00132704,-0.00132704,-0.00132704,-0.00132704,-0.00132704,-0.00132704
12.55,0.523599,0.395578,1.33907,-0.00132704,-0.00132704,-0.00132704,-0.00132704,-0.00132704,-0.00132704
12.575,0.523599,0.438962,1.9359,-0.00132704,-0.00132704,-0.00132704,-0.00132704,-0.00132704,-0.00132704
12.6,0.523599,0.481345,2.42293,-0.00132704,-0.00132704,-0.00132704,-0.00132704,-0.00132704,-0.00132704
12.625,0.523599,0.522631,2.77253,-0.00132704,-0.00132704,-0.00132704,-0.00132704,-0.00132704,-0.00132704
12.65,0.523599,0.562726,2.96487,-0.00132704,-0.00132704,-0.00132704,-0.00132704,-0.00132704,-0.00132704
12.6749,0.523599,0.601539,2.98903,-0.00132704,-0.00132704,-0.00132704,-0.00132704,-0.00132704,-0.00132704
12.6999,0.523599,0.63898,2.84366,-0.00132704,-0.00132704,-0.00132704,-0.00132704,-0.00132704,-0.00132704
12.7249,0.523599,0.674965,2.53698,-0.00132704,-0.00132704,-0.00132704,-0.00132704,-0.00132704,-0.00132704
12.7499,0.523599,0.709412,2.08641,-0.00132704,-0.00132704,-0.00132704,-0.00132704,-0.00132704,-0.00132704
12.7749,0.523599,0.742241,1.51749,-0.00132704,-0.00132704,-0.00132704,-0.00132704,-0.00132704,-0.00132704
12.7999,0.523599,0.773379,0.862502,-0.00132704,-0.00132704,-0.00132704,-0.00132704,-0.00132704,-0.00132704
12.8249,0.523599,0.802755,0.158588,-0.00132704,-0.00132704,-0.00132704,-0.00132704,-0.00132704,-0.00132704
12.8499,0.523599,0.8303,-0.55432,-0.00132704,-0.00132704,-0.00132704,-0.00132704,-0.00132704,-0.00132704
12.8749,0.523599,0.855953,-1.23579,-0.00132704,-0.00132704,-0.00132704,-0.00132704,-0.00132704,-0.00132704
12.8999,0.523599,0.879656,-1.84716,-0.00132704,-0.00132704,-0.00132704,-0.00132704,-0.00132704,-0.00132704
12.9249,0.523599,0.901353,-2.35376,-0.00132704,-0.00132704,-0.00132704,-0.00132704,-0.00132704,-0.00132704
12.9499,0.523599,0.920996,-2.72685,-0.00132704,-0.00132704,-0.00132704,-0.00132704,-0.00132704,-0.00132704
12.9749,0.523599,0.93854,-2.94527,-0.00132704,-0.00132704,-0.00132704,-0.00132704,-0.00132704,-0.00132704
12.9999,0.523599,0.953944,-2.99663,-0.00132704,-0.00132704,-0.00132704,-0.00132704,-0.00132704,-0.00132704
13.0249,0.523599,0.967175,-2.87802,-0.00132704,-0.00132704,-0.00132704,-0.00132704,-0.00132704,-0.00132704
13.0499,0.523599,0.978201,-2.59616,-0.00132704,-0.00132704,-0.00132704,-0.00132704,-0.00132704,-0.00132704
13.0749,0.523599,0.986997,-2.16705,-0.00132704,-0.00132704,-0.00132704,-0.00132704,-0.00132704,-0.00132704
13.0999,0.523599,0.993544,-1.61501,-0.00132704,-0.00132704,-0.00132704,-0.00132704,-0.00132704,-0.00132704
13.1249,0.523599,0.997826,-0.971377,-0.00132704,-0.00132704,-0.00132704,-0.00132704,-0.00132704,-0.00132704
13.1499,0.523599,0.999834,-0.272642,-0.00132704,-0.00132704,-0.00132704,-0.00132704,-0.00132704,-0.00132704
13.1749,0.523599,0.999564,0.441558,-0.00132704,-0.00132704,-0.00132704,-0.00132704,-0.00132704,-0.00132704
13.1999,0.523599,0.997015,1.13071,-0.00132704,-0.00132704,-0.00132704,-0.00132704,-0.00132704,-0.00132704
13.2249,0.523599,0.992193,1.75573,-0.00132704,-0.00132704,-0.00132704,-0.00132704,-0.00132704,-0.00132704
13.2499,0.523599,0.98511,2.28116,-0.00132704,-0.00132704,-0.00132704,-0.00132704,-0.00132704,-0.00132704
13.2749,0.523599,0.975782,2.6772,-0.00132704,-0.00132704,-0.00132704,-0.00132704,-0.00132704,-0.00132704
13.2999,0.523599,0.96423,2.92139,-0.00132704,-0.00132704,-0.00132704,-0.00132704,-0.00132704,-0.00132704
13.3249,0.523599,0.95048,2.99987,-0.00132704,-0.00132704,-0.00132704,-0.00132704,-0.00132704,-0.00132704
13.3499,0.523599,0.934564,2.9082,-0.00132704,-0.00132704,-0.00132704,-0.00132704,-0.00132704,-0.00132704
13.3749,0.523599,0.916518,2.65156,-0.00132704,-0.00132704,-0.00132704,-0.00132704,-0.00132704,-0.00132704
13.3999,0.523599,0.896382,2.24453,-0.00132704,-0.00132704,-0.00132704,-0.00132704,-0.00132704,-0.00132704
13.4249,0.523599,0.874204,1.71019,-0.00132704,-0.00132704,-0.00132704,-0.00132704,-0.00132704,-0.00132704
13.4499,0.523599,0.850033,1.07884,-0.00132704,-0.00132704,-0.00132704,-0.00132704,-0.00132704,-0.00132704
13.4749,0.523599,0.823925,0.386299,-0.00132704,-0.00132704,-0.00132704,-0.00132704,-0.00132704,-0.00132704
13.4999,0.523599,0.795939,-0.328154,-0.00132704,-0.00132704,-0.00132704,-0.00132704,-0.00132704,-0.00132704
13.5249,0.523599,0.766139,-1.02399,-0.00132704,-0.00132704,-0.00132704,-0.00132704,-0.00132704,-0.00132704
13.5499,0.523599,0.734592,-1.66175,-0.00132704,-0.00132704,-0.00132704,-0.00132704,-0.00132704,-0.00132704
13.5749,0.523599,0.701371,-2.20525,-0.00132704,-0.00132704,-0.00132704,-0.00132704,-0.00132704,-0.00132704
13.5999,0.523599,0.666552,-2.62367,-0.00132704,-0.00132704,-0.00132704,-0.00132704,-0.00132704,-0.00132704
13.6249,0.523599,0.630214,-2.89327,-0.00132704,-0.00132704,-0.00132704,-0.00132704,-0.00132704,-0.00132704
13.6499,0.523599,0.592439,-2.99875,-0.00132704,-0.00132704,-0.00132704,-0.00132704,-0.00132704,-0.00132704
13.6749,0.523599,0.553313,-2.93415,-0.00132704,-0.00132704,-0.00132704,-0.00132704,-0.00132704,-0.00132704
13.6999,0.523599,0.512927,-2.70312,-0.00132704,-0.00132704,-0.00132704,-0.00132704,-0.00132704,-0.00132704
13.7249,0.523599,0.471371,-2.31876,-0.00132704,-0.00132704,-0.00132704,-0.00132704,-0.00132704,-0.00132704
13.7499,0.523599,0.428742,-1.80288,-0.00132704,-0.00132704,-0.00132704,-0.00132704,-0.00132704,-0.00132704
13.7749,0.523599,0.385135,-1.18474,-0.00132704,-0.00132704,-0.00132704,-0.00132704,-0.00132704,-0.00132704
13.7999,0.523599,0.34065,-0.499394,-0.00132704,-0.00132704,-0.00132704,-0.00132704,-0.00132704,-0.00132704
13.8249,0.523599,0.295389,0.214274,-0.00132704,-0.00132704,-0.00132704,-0.00132704,-0.00132704,-0.00132704
13.8499,0.523599,0.249454,0.915788,-0.00132704,-0.00132704,-0.00132704,-0.00132704,-0.00132704,-0.00132704
13.8749,0.523599,0.202951,1.56536,-0.00132704,-0.00132704,-0.00132704,-0.00132704,-0.00132704,-0.00132704
13.8999,0.523599,0.155985,2.12614,-0.00132704,-0.00132704,-0.00132704,-0.00132704,-0.00132704,-0.00132704
13.9249,0.523599,0.108664,2.56632,-0.00132704,-0.00132704,-0.00132704,-0.00132704,-0.00132704,-0.00132704
13.9499,0.523599,0.0610953,2.86094,-0.00132704,-0.00132704,-0.00132704,-0.00132704,-0.00132704,-0.00132704
13.9749,0.523599,0.0133873,2.99328,-0.00132704,-0.00132704,-0.00132704,-0.00132704,-0.00132704,-0.00132704
13.9999,0.523599,-0.0343513,2.95584,-0.00132704,-0.00132704,-0.00132704,-0.00132704,-0.00132704,-0.00132704
14.0249,0.523599,-0.0820116,2.75074,-0.00132704,-0.00132704,-0.00132704,-0.00132704,-0.00132704,-0.00132704
14.0499,0.523599,-0.129485,2.38962,-0.00132704,-0.00132704,-0.00132704,-0.00132704,-0.00132704,-0.00132704
14.0749,0.523599,-0.176663,1.89295,-0.00132704,-0.00132704,-0.00132704,-0.00132704,-0.00132704,-0.00132704
14.0999,0.523599,-0.223439,1.28891,-0.00132704,-0.00132704,-0.00132704,-0.00132704,-0.00132704,-0.00132704
14.1249,0.523599,-0.269705,0.611765,-0.00132704,-0.00132704,-0.00132704,-0.00132704,-0.00132704,-0.00132704
14.1499,0.523599,-0.315357,-0.100082,-0.00132704,-0.00132704,-0.00132704,-0.00132704,-0.00132704,-0.00132704
14.1749,0.523599,-0.36029,-0.806252,-0.00132704,-0.00132704,-0.00132704,-0.00132704,-0.00132704,-0.00132704
14.1999,0.523599,-0.404401,-1.46669,-0.00132704,-0.00132704,-0.00132704,-0.00132704,-0.00132704,-0.00132704
14.2249,0.523599,-0.447591,-2.04394,-0.00132704,-0.00132704,-0.00132704,-0.00132704,-0.00132704,-0.00132704
14.2499,0.523599,-0.489761,-2.50525,-0.00132704,-0.00132704,-0.00132704,-0.00132704,-0.00132704,-0.00132704
14.2749,0.523599,-0.530815,-2.82446,-0.00132704,-0.00132704,-0.00132704,-0.00132704,-0.00132704,-0.00132704
14.2999,0.523599,-0.570658,-2.98346,-0.00132704,-0.00132704,-0.00132704,-0.00132704,-0.00132704,-0.00132704
14.3249,0.523599,-0.609201,-2.97324,-0.00132704,-0.00132704,-0.00132704,-0.00132704,-0.00132704,-0.00132704
14.3499,0.523599,-0.646356,-2.79437,-0.00132704,-0.00132704,-0.00132704,-0.00132704,-0.00132704,-0.00132704
14.3749,0.523599,-0.682037,-2.457,-0.00132704,-0.00132704,-0.00132704,-0.00132704,-0.00132704,-0.00132704
14.3999,0.523599,-0.716164,-1.98027,-0.00132704,-0.00132704,-0.00132704,-0.00132704,-0.00132704,-0.00132704
14.4249,0.523599,-0.748658,-1.39121,-0.00132704,-0.00132704,-0.00132704,-0.00132704,-0.00132704,-0.00132704
14.4499,0.523599,-0.779446,-0.723246,-0.00132704,-0.00132704,-0.00132704,-0.00132704,-0.00132704,-0.00132704
14.4749,0.523599,-0.808458,-0.0142554,-0.00132704,-0.00132704,-0.00132704,-0.00132704,-0.00132704,-0.00132704
14.4999,0.523599,-0.835627,0.695544,-0.00132704,-0.00132704,-0.00132704,-0.00132704,-0.00132704,-0.00132704
14.5249,0.523599,-0.860891,1.36589,-0.00132704,-0.00132704,-0.00132704,-0.00132704,-0.00132704,-0.00132704
14.5499,0.523599,-0.884194,1.95876,-0.00132704,-0.00132704,-0.00132704,-0.00132704,-0.00132704,-0.00132704
14.5749,0.523599,-0.90548,2.44053,-0.00132704,-0.00132704,-0.00132704,-0.00132704,-0.00132704,-0.00132704
14.5999,0.523599,-0.924704,2.78387,-0.00132704,-0.00132704,-0.00132704,-0.00132704,-0.00132704,-0.00132704
14.6249,0.523599,-0.941819,2.9693,-0.00132704,-0.00132704,-0.00132704,-0.00132704,-0.00132704,-0.00132704
14.6499,0.523599,-0.956788,2.98631,-0.00132704,-0.00132704,-0.00132704,-0.00132704,-0.00132704,-0.00132704
14.6749,0.523599,-0.969576,2.83394,-0.00132704,-0.00132704,-0.00132704,-0.00132704,-0.00132704,-0.00132704
14.6999,0.523599,-0.980154,2.52082,-0.00132704,-0.00132704,-0.00132704,-0.00132704,-0.00132704,-0.00132704
14.7249,0.523599,-0.988499,2.06471,-0.00132704,-0.00132704,-0.00132704,-0.00132704,-0.00132704,-0.00132704
14.7499,0.523599,-0.99459,1.49149,-0.00132704,-0.00132704,-0.00132704,-0.00132704,-0.00132704,-0.00132704
14.7749,0.523599,-0.998414,0.833677,-0.00132704,-0.00132704,-0.00132704,-0.00132704,-0.00132704,-0.00132704
14.7999,0.523599,-0.999963,0.128572,-0.00132704,-0.00132704,-0.00132704,-0.00132704,-0.00132704,-0.00132704
14.8249,0.523599,-0.999233,-0.583826,-0.00132704,-0.00132704,-0.00132704,-0.00132704,-0.00132704,-0.00132704
14.8499,0.523599,-0.996225,-1.26311,-0.00132704,-0.00132704,-0.00132704,-0.00132704,-0.00132704,-0.00132704
14.8749,0.523599,-0.990947,-1.87074,-0.00132704,-0.00132704,-0.00132704,-0.00132704,-0.00132704,-0.00132704
14.8999,0.523599,-0.98341,-2.37227,-0.00132704,-0.00132704,-0.00132704,-0.00132704,-0.00132704,-0.00132704
14.9249,0.523599,-0.973631,-2.73924,-0.00132704,-0.00132704,-0.00132704,-0.00132704,-0.00132704,-0.00132704
14.9499,0.523599,-0.961634,-2.95083,-0.00132704,-0.00132704,-0.00132704,-0.00132704,-0.00132704,-0.00132704
14.9749,0.523599,-0.947444,-2.99505,-0.00132704,-0.00132704,-0.00132704,-0.00132704,-0.00132704,-0.00132704
14.9999,0.523599,-0.931095,-2.86939,-0.00132704,-0.00132704,-0.00132704,-0.00132704,-0.00132704,-0.00132704
15.0249,0.523599,-0.912624,-2.58097,-0.00132704,-0.00132704,-0.00132704,-0.00132704,-0.00132704,-0.00132704
15.0499,0.523599,-0.892073,-2.14616,-0.00132704,-0.00132704,-0.00132704,-0.00132704,-0.00132704,-0.00132704
15.0749,0.523599,-0.869489,-1.58961,-0.00132704,-0.00132704,-0.00132704,-0.00132704,-0.00132704,-0.00132704
15.0999,0.523599,-0.844923,-0.942896,-0.00132704,-0.00132704,-0.00132704,-0.00132704,-0.00132704,-0.00132704
15.1249,0.523599,-0.818431,-0.242702,-0.00132704,-0.00132704,-0.00132704,-0.00132704,-0.00132704,-0.00132704
15.1499,0.523599,-0.790074,0.471259,-0.00132704,-0.00132704,-0.00132704,-0.00132704,-0.00132704,-0.00132704
15.1749,0.523599,-0.759916,1.15849,-0.00132704,-0.00132704,-0.00132704,-0.00132704,-0.00132704,-0.00132704
15.1999,0.523599,-0.728026,1.78001,-0.00132704,-0.00132704,-0.00132704,-0.00132704,-0.00132704,-0.00132704
15.2249,0.523599,-0.694477,2.30056,-0.00132704,-0.00132704,-0.00132704,-0.00132704,-0.00132704,-0.00132704
15.2499,0.523599,-0.659345,2.69063,-0.00132704,-0.00132704,-0.00132704,-0.00132704,-0.00132704,-0.00132704
15.2749,0.523599,-0.62271,2.92808,-0.00132704,-0.00132704,-0.00132704,-0.00132704,-0.00132704,-0.00132704
15.2999,0.523599,-0.584655,2.99944,-0.00132704,-0.00132704,-0.00132704,-0.00132704,-0.00132704,-0.00132704
15.3249,0.523599,-0.545269,2.90067,-0.00132704,-0.00132704,-0.00132704,-0.00132704,-0.00132704,-0.00132704
15.3499,0.523599,-0.504639,2.63737,-0.00132704,-0.00132704,-0.00132704,-0.00132704,-0.00132704,-0.00132704
15.3749,0.523599,-0.462859,2.22448,-0.00132704,-0.00132704,-0.00132704,-0.00132704,-0.00132704,-0.00132704
15.3999,0.523599,-0.420024,1.68541,-0.00132704,-0.00132704,-0.00132704,-0.00132704,-0.00132704,-0.00132704
15.4249,0.523599,-0.376232,1.05075,-0.00132704,-0.00132704,-0.00132704,-0.00132704,-0.00132704,-0.00132704
15.4499,0.523599,-0.331583,0.356479,-0.00132704,-0.00132704,-0.00132704,-0.00132704,-0.00132704,-0.00132704
15.4749,0.523599,-0.286177,-0.358008,-0.00132704,-0.00132704,-0.00132704,-0.00132704,-0.00132704,-0.00132704
15.4999,0.523599,-0.24012,-1.05219,-0.00132704,-0.00132704,-0.00132704,-0.00132704,-0.00132704,-0.00132704
15.5249,0.523599,-0.193515,-1.68669,-0.00132704,-0.00132704,-0.00132704,-0.00132704,-0.00132704,-0.00132704
15.5499,0.523599,-0.146469,-2.22551,-0.00132704,-0.00132704,-0.00132704,-0.00132704,-0.00132704,-0.00132704
15.5749,0.523599,-0.0990892,-2.63811,-0.00132704,-0.00132704,-0.00132704,-0.00132704,-0.00132704,-0.00132704
15.5999,0.523599,-0.0514835,-2.90107,-0.00132704,-0.00132704,-0.00132704,-0.00132704,-0.00132704,-0.00132704
15.6249,0.523599,-0.00376051,-2.99947,-0.00132704,-0.00132704,-0.00132704,-0.00132704,-0.00132704,-0.00132704
15.6499,0.523599,0.0439711,-2.92774,-0.00132704,-0.00132704,-0.00132704,-0.00132704,-0.00132704,-0.00132704
15.6749,0.523599,0.0916024,-2.68995,-0.00132704,-0.00132704,-0.00132704,-0.00132704,-0.00132704,-0.00132704
15.6999,0.523599,0.139025,-2.29958,-0.00132704,-0.00132704,-0.00132704,-0.00132704,-0.00132704,-0.00132704
15.7249,0.523599,0.186131,-1.77877,-0.00132704,-0.00132704,-0.00132704,-0.00132704,-0.00132704,-0.00132704
15.7499,0.523599,0.232812,-1.15707,-0.00132704,-0.00132704,-0.00132704,-0.00132704,-0.00132704,-0.00132704
15.7749,0.523599,0.278963,-0.469738,-0.00132704,-0.00132704,-0.00132704,-0.00132704,-0.00132704,-0.00132704
15.7999,0.523599,0.324478,0.244237,-0.00132704,-0.00132704,-0.00132704,-0.00132704,-0.00132704,-0.00132704
15.8249,0.523599,0.369253,0.944358,-0.00132704,-0.00132704,-0.00132704,-0.00132704,-0.00132704,-0.00132704
15.8499,0.523599,0.413187,1.59091,-0.00132704,-0.00132704,-0.00132704,-0.00132704,-0.00132704,-0.00132704
15.8749,0.523599,0.456179,2.14723,-0.00132704,-0.00132704,-0.00132704,-0.00132704,-0.00132704,-0.00132704
15.8999,0.523599,0.498132,2.58176,-0.00132704,-0.00132704,-0.00132704,-0.00132704,-0.00132704,-0.00132704
15.9249,0.523599,0.538949,2.86984,-0.00132704,-0.00132704,-0.00132704,-0.00132704,-0.00132704,-0.00132704
15.9499,0.523599,0.578537,2.99514,-0.00132704,-0.00132704,-0.00132704,-0.00132704,-0.00132704,-0.00132704
15.9749,0.523599,0.616807,2.95056,-0.00132704,-0.00132704,-0.00132704,-0.00132704,-0.00132704,-0.00132704
15.9999,0.523599,0.653672,2.73861,-0.00132704,-0.00132704,-0.00132704,-0.00132704,-0.00132704,-0.00132704
16.0249,0.523599,0.689046,2.37133,-0.00132704,-0.00132704,-0.00132704,-0.00132704,-0.00132704,-0.00132704
16.0499,0.523599,0.72285,1.86954,-0.00132704,-0.00132704,-0.00132704,-0.00132704,-0.00132704,-0.00132704
16.0749,0.523599,0.755006,1.26171,-0.00132704,-0.00132704,-0.00132704,-0.00132704,-0.00132704,-0.00132704
16.0999,0.523599,0.785441,0.582315,-0.00132704,-0.00132704,-0.00132704,-0.00132704,-0.00132704,-0.00132704
16.1249,0.523599,0.814087,-0.130111,-0.00132704,-0.00132704,-0.00132704,-0.00132704,-0.00132704,-0.00132704
16.1499,0.523599,0.840876,-0.835156,-0.00132704,-0.00132704,-0.00132704,-0.00132704,-0.00132704,-0.00132704
16.1749,0.523599,0.86575,-1.49283,-0.00132704,-0.00132704,-0.00132704,-0.00132704,-0.00132704,-0.00132704
16.1999,0.523599,0.88865,-2.06583,-0.00132704,-0.00132704,-0.00132704,-0.00132704,-0.00132704,-0.00132704
16.2249,0.523599,0.909524,-2.52165,-0.00132704,-0.00132704,-0.00132704,-0.00132704,-0.00132704,-0.00132704
16.2499,0.523599,0.928326,-2.83444,-0.00132704,-0.00132704,-0.00132704,-0.00132704,-0.00132704,-0.00132704
16.2749,0.523599,0.945011,-2.98646,-0.00132704,-0.00132704,-0.00132704,-0.00132704,-0.00132704,-0.00132704
16.2999,0.523599,0.959543,-2.96908,-0.00132704,-0.00132704,-0.00132704,-0.00132704,-0.00132704,-0.00132704
16.3249,0.523599,0.971888,-2.7833,-0.00132704,-0.00132704,-0.00132704,-0.00132704,-0.00132704,-0.00132704
16.3499,0.523599,0.982017,-2.43964,-0.00132704,-0.00132704,-0.00132704,-0.00132704,-0.00132704,-0.00132704
16.3749,0.523599,0.989909,-1.9576,-0.00132704,-0.00132704,-0.00132704,-0.00132704,-0.00132704,-0.00132704
16.3999,0.523599,0.995544,-1.36452,-0.00132704,-0.00132704,-0.00132704,-0.00132704,-0.00132704,-0.00132704
16.4249,0.523599,0.99891,-0.694045,-0.00132704,-0.00132704,-0.00132704,-0.00132704,-0.00132704,-0.00132704
16.4499,0.523599,0.999999,0.0157957,-0.00132704,-0.00132704,-0.00132704,-0.00132704,-0.00132704,-0.00132704
16.4749,0.523599,0.99881,0.724741,-0.00132704,-0.00132704,-0.00132704,-0.00132704,-0.00132704,-0.00132704
16.4999,0.523599,0.995343,1.39258,-0.00132704,-0.00132704,-0.00132704,-0.00132704,-0.00132704,-0.00132704
16.5249,0.523599,0.989608,1.98143,-0.00132704,-0.00132704,-0.00132704,-0.00132704,-0.00132704,-0.00132704
16.5499,0.523599,0.981618,2.45789,-0.00132704,-0.00132704,-0.00132704,-0.00132704,-0.00132704,-0.00132704
16.5749,0.523599,0.97139,2.79493,-0.00132704,-0.00132704,-0.00132704,-0.00132704,-0.00132704,-0.00132704
16.5999,0.523599,0.958948,2.97344,-0.00132704,-0.00132704,-0.00132704,-0.00132704,-0.00132704,-0.00132704
16.6249,0.523599,0.94432,2.9833,-0.00132704,-0.00132704,-0.00132704,-0.00132704,-0.00132704,-0.00132704
16.6499,0.523599,0.927541,2.82394,-0.00132704,-0.00132704,-0.00132704,-0.00132704,-0.00132704,-0.00132704
16.6749,0.523599,0.908647,2.5044,-0.00132704,-0.00132704,-0.00132704,-0.00132704,-0.00132704,-0.00132704
16.6999,0.523599,0.887682,2.04281,-0.00132704,-0.00132704,-0.00132704,-0.00132704,-0.00132704,-0.00132704
16.7249,0.523599,0.864694,1.46535,-0.00132704,-0.00132704,-0.00132704,-0.00132704,-0.00132704,-0.00132704
16.7499,0.523599,0.839735,0.804768,-0.00132704,-0.00132704,-0.00132704,-0.00132704,-0.00132704,-0.00132704
16.7749,0.523599,0.812862,0.0985424,-0.00132704,-0.00132704,-0.00132704,-0.00132704,-0.00132704,-0.00132704
16.7999,0.523599,0.784136,-0.613272,-0.00132704,-0.00132704,-0.00132704,-0.00132704,-0.00132704,-0.00132704
16.8249,0.523599,0.753623,-1.2903,-0.00132704,-0.00132704,-0.00132704,-0.00132704,-0.00132704,-0.00132704
16.8499,0.523599,0.721393,-1.89414,-0.00132704,-0.00132704,-0.00132704,-0.00132704,-0.00132704,-0.00132704
16.8749,0.523599,0.687518,-2.39055,-0.00132704,-0.00132704,-0.00132704,-0.00132704,-0.00132704,-0.00132704
16.8999,0.523599,0.652076,-2.75136,-0.00132704,-0.00132704,-0.00132704,-0.00132704,-0.00132704,-0.00132704
16.9249,0.523599,0.615148,-2.9561,-0.00132704,-0.00132704,-0.00132704,-0.00132704,-0.00132704,-0.00132704
16.9499,0.523599,0.576818,-2.99318,-0.00132704,-0.00132704,-0.00132704,-0.00132704,-0.00132704,-0.00132704
16.9749,0.523599,0.537173,-2.86048,-0.00132704,-0.00132704,-0.00132704,-0.00132704,-0.00132704,-0.00132704
16.9999,0.523599,0.496304,-2.56552,-0.00132704,-0.00132704,-0.00132704,-0.00132704,-0.00132704,-0.00132704
17.0249,0.523599,0.454304,-2.12505,-0.00132704,-0.00132704,-0.00132704,-0.00132704,-0.00132704,-0.00132704
17.0499,0.523599,0.411268,-1.56404,-0.00132704,-0.00132704,-0.00132704,-0.00132704,-0.00132704,-0.00132704
17.0749,0.523599,0.367295,-0.914321,-0.00132704,-0.00132704,-0.00132704,-0.00132704,-0.00132704,-0.00132704
17.0999,0.523599,0.322485,-0.212737,-0.00132704,-0.00132704,-0.00132704,-0.00132704,-0.00132704,-0.00132704
17.1249,0.523599,0.27694,0.500913,-0.00132704,-0.00132704,-0.00132704,-0.00132704,-0.00132704,-0.00132704
17.1499,0.523599,0.230763,1.18615,-0.00132704,-0.00132704,-0.00132704,-0.00132704,-0.00132704,-0.00132704
17.1749,0.523599,0.184061,1.80411,-0.00132704,-0.00132704,-0.00132704,-0.00132704,-0.00132704,-0.00132704
17.1999,0.523599,0.136939,2.31974,-0.00132704,-0.00132704,-0.00132704,-0.00132704,-0.00132704,-0.00132704
17.2249,0.523599,0.0895049,2.70378,-0.00132704,-0.00132704,-0.00132704,-0.00132704,-0.00132704,-0.00132704
17.2499,0.523599,0.0418669,2.93447,-0.00132704,-0.00132704,-0.00132704,-0.00132704,-0.00132704,-0.00132704
17.2749,0.523599,-0.00586658,2.99871,-0.00132704,-0.00132704,-0.00132704,-0.00132704,-0.00132704,-0.00132704
17.2999,0.523599,-0.0535867,2.89286,-0.00132704,-0.00132704,-0.00132704,-0.00132704,-0.00132704,-0.00132704
17.3249,0.523599,-0.101185,2.62292,-0.00132704,-0.00132704,-0.00132704,-0.00132704,-0.00132704,-0.00132704
17.3499,0.523599,-0.148552,2.20421,-0.00132704,-0.00132704,-0.00132704,-0.00132704,-0.00132704,-0.00132704
17.3749,0.523599,-0.195581,1.66047,-0.00132704,-0.00132704,-0.00132704,-0.00132704,-0.00132704,-0.00132704
17.3999,0.523599,-0.242164,1.02255,-0.00132704,-0.00132704,-0.00132704,-0.00132704,-0.00132704,-0.00132704
17.4249,0.523599,-0.288195,0.326623,-0.00132704,-0.00132704,-0.00132704,-0.00132704,-0.00132704,-0.00132704
17.4499,0.523599,-0.333569,-0.387826,-0.00132704,-0.00132704,-0.00132704,-0.00132704,-0.00132704,-0.00132704
17.4749,0.523599,-0.378183,-1.08028,-0.00132704,-0.00132704,-0.00132704,-0.00132704,-0.00132704,-0.00132704
17.4999,0.523599,-0.421935,-1.71145,-0.00132704,-0.00132704,-0.00132704,-0.00132704,-0.00132704,-0.00132704
17.5249,0.523599,-0.464725,-2.24555,-0.00132704,-0.00132704,-0.00132704,-0.00132704,-0.00132704,-0.00132704
17.5499,0.523599,-0.506456,-2.65228,-0.00132704,-0.00132704,-0.00132704,-0.00132704,-0.00132704,-0.00132704
17.5749,0.523599,-0.547033,-2.90857,-0.00132704,-0.00132704,-0.00132704,-0.00132704,-0.00132704,-0.00132704
17.5999,0.523599,-0.586363,-2.99988,-0.00132704,-0.00132704,-0.00132704,-0.00132704,-0.00132704,-0.00132704
17.6249,0.523599,-0.624356,-2.92104,-0.00132704,-0.00132704,-0.00132704,-0.00132704,-0.00132704,-0.00132704
17.6499,0.523599,-0.660927,-2.67651,-0.00132704,-0.00132704,-0.00132704,-0.00132704,-0.00132704,-0.00132704
17.6749,0.523599,-0.695991,-2.28016,-0.00132704,-0.00132704,-0.00132704,-0.00132704,-0.00132704,-0.00132704
17.6999,0.523599,-0.729468,-1.75448,-0.00132704,-0.00132704,-0.00132704,-0.00132704,-0.00132704,-0.00132704
17.7249,0.523599,-0.761283,-1.12928,-0.00132704,-0.00132704,-0.00132704,-0.00132704,-0.00132704,-0.00132704
17.7499,0.523599,-0.791363,-0.440034,-0.00132704,-0.00132704,-0.00132704,-0.00132704,-0.00132704,-0.00132704
17.7749,0.523599,-0.81964,0.274176,-0.00132704,-0.00132704,-0.00132704,-0.00132704,-0.00132704,-0.00132704
17.7999,0.523599,-0.846048,0.972834,-0.00132704,-0.00132704,-0.00132704,-0.00132704,-0.00132704,-0.00132704
17.8249,0.523599,-0.870528,1.61631,-0.00132704,-0.00132704,-0.00132704,-0.00132704,-0.00132704,-0.00132704
17.8499,0.523599,-0.893023,2.16811,-0.00132704,-0.00132704,-0.00132704,-0.00132704,-0.00132704,-0.00132704
17.8749,0.523599,-0.913483,2.59693,-0.00132704,-0.00132704,-0.00132704,-0.00132704,-0.00132704,-0.00132704
17.8999,0.523599,-0.931862,2.87845,-0.00132704,-0.00132704,-0.00132704,-0.00132704,-0.00132704,-0.00132704
17.9249,0.523599,-0.948116,2.9967,-0.00132704,-0.00132704,-0.00132704,-0.00132704,-0.00132704,-0.00132704
17.9499,0.523599,-0.962209,2.94497,-0.00132704,-0.00132704,-0.00132704,-0.00132704,-0.00132704,-0.00132704
17.9749,0.523599,-0.974109,2.7262,-0.00132704,-0.00132704,-0.00132704,-0.00132704,-0.00132704,-0.00132704
17.9999,0.523599,-0.983789,2.3528,-0.00132704,-0.00132704,-0.00132704,-0.00132704,-0.00132704,-0.00132704
18.0249,0.523599,-0.991227,1.84594,-0.00132704,-0.00132704,-0.00132704,-0.00132704,-0.00132704,-0.00132704
18.0499,0.523599,-0.996406,1.23438,-0.00132704,-0.00132704,-0.00132704,-0.00132704,-0.00132704,-0.00132704
18.0749,0.523599,-0.999313,0.552806,-0.00132704,-0.00132704,-0.00132704,-0.00132704,-0.00132704,-0.00132704
18.0999,0.523599,-0.999943,-0.160127,-0.00132704,-0.00132704,-0.00132704,-0.00132704,-0.00132704,-0.00132704
18.1249,0.523599,-0.998294,-0.863977,-0.00132704,-0.00132704,-0.00132704,-0.00132704,-0.00132704,-0.00132704
18.1499,0.523599,-0.994369,-1.51882,-0.00132704,-0.00132704,-0.00132704,-0.00132704,-0.00132704,-0.00132704
18.1749,0.523599,-0.988178,-2.08752,-0.00132704,-0.00132704,-0.00132704,-0.00132704,-0.00132704,-0.00132704
18.1999,0.523599,-0.979735,-2.53781,-0.00132704,-0.00132704,-0.00132704,-0.00132704,-0.00132704,-0.00132704
18.2249,0.523599,-0.969058,-2.84415,-0.00132704,-0.00132704,-0.00132704,-0.00132704,-0.00132704,-0.00132704
18.2499,0.523599,-0.956173,-2.98916,-0.00132704,-0.00132704,-0.00132704,-0.00132704,-0.00132704,-0.00132704
18.2749,0.523599,-0.941109,-2.96463,-0.00132704,-0.00132704,-0.00132704,-0.00132704,-0.00132704,-0.00132704
18.2999,0.523599,-0.9239,-2.77194,-0.00132704,-0.00132704,-0.00132704,-0.00132704,-0.00132704,-0.00132704
18.3249,0.523599,-0.904585,-2.42202,-0.00132704,-0.00132704,-0.00132704,-0.00132704,-0.00132704,-0.00132704
18.3499,0.523599,-0.883208,-1.93473,-0.00132704,-0.00132704,-0.00132704,-0.00132704,-0.00132704,-0.00132704
18.3749,0.523599,-0.859818,-1.33769,-0.00132704,-0.00132704,-0.00132704,-0.00132704,-0.00132704,-0.00132704
18.3999,0.523599,-0.834468,-0.664775,-0.00132704,-0.00132704,-0.00132704,-0.00132704,-0.00132704,-0.00132704
18.4249,0.523599,-0.807217,0.0458451,-0.00132704,-0.00132704,-0.00132704,-0.00132704,-0.00132704,-0.00132704
18.4499,0.523599,-0.778125,0.753865,-0.00132704,-0.00132704,-0.00132704,-0.00132704,-0.00132704,-0.00132704
18.4749,0.523599,-0.74726,1.41912,-0.00132704,-0.00132704,-0.00132704,-0.00132704,-0.00132704,-0.00132704
18.4999,0.523599,-0.714692,2.00389,-0.00132704,-0.00132704,-0.00132704,-0.00132704,-0.00132704,-0.00132704
18.5249,0.523599,-0.680495,2.47499,-0.00132704,-0.00132704,-0.00132704,-0.00132704,-0.00132704,-0.00132704
18.5499,0.523599,-0.644747,2.80571,-0.00132704,-0.00132704,-0.00132704,-0.00132704,-0.00132704,-0.00132704
18.5749,0.523599,-0.60753,2.97728,-0.00132704,-0.00132704,-0.00132704,-0.00132704,-0.00132704,-0.00132704
18.5999,0.523599,-0.568927,2.97998,-0.00132704,-0.00132704,-0.00132704,-0.00132704,-0.00132704,-0.00132704
18.6249,0.523599,-0.529028,2.81365,-0.00132704,-0.00132704,-0.00132704,-0.00132704,-0.00132704,-0.00132704
18.6499,0.523599,-0.487924,2.48773,-0.00132704,-0.00132704,-0.00132704,-0.00132704,-0.00132704,-0.00132704
18.6749,0.523599,-0.445707,2.0207,-0.00132704,-0.00132704,-0.00132704,-0.00132704,-0.00132704,-0.00132704
18.6999,0.523599,-0.402474,1.43905,-0.00132704,-0.00132704,-0.00132704,-0.00132704,-0.00132704,-0.00132704
18.7249,0.523599,-0.358324,0.775778,-0.00132704,-0.00132704,-0.00132704,-0.00132704,-0.00132704,-0.00132704
18.7499,0.523599,-0.313357,0.068503,-0.00132704,-0.00132704,-0.00132704,-0.00132704,-0.00132704,-0.00132704
18.7749,0.523599,-0.267677,-0.642658,-0.00132704,-0.00132704,-0.00132704,-0.00132704,-0.00132704,-0.00132704
18.7999,0.523599,-0.221386,-1.31737,-0.00132704,-0.00132704,-0.00132704,-0.00132704,-0.00132704,-0.00132704
18.8249,0.523599,-0.17459,-1.91735,-0.00132704,-0.00132704,-0.00132704,-0.00132704,-0.00132704,-0.00132704
18.8499,0.523599,-0.127396,-2.40858,-0.00132704,-0.00132704,-0.00132704,-0.00132704,-0.00132704,-0.00132704
18.8749,0.523599,-0.0799125,-2.7632,-0.00132704,-0.00132704,-0.00132704,-0.00132704,-0.00132704,-0.00132704
18.8999,0.523599,-0.0322464,-2.96108,-0.00132704,-0.00132704,-0.00132704,-0.00132704,-0.00132704,-0.00132704
18.9249,0.523599,0.0154931,-2.991,-0.00132704,-0.00132704,-0.00132704,-0.00132704,-0.00132704,-0.00132704
18.9499,0.523599,0.0631974,-2.85127,-0.00132704,-0.00132704,-0.00132704,-0.00132704,-0.00132704,-0.00132704
18.9749,0.523599,0.110758,-2.54982,-0.00132704,-0.00132704,-0.00132704,-0.00132704,-0.00132704,-0.00132704
18.9999,0.523599,0.158065,-2.10373,-0.00132704,-0.00132704,-0.00132704,-0.00132704,-0.00132704,-0.00132704
19.0249,0.523599,0.205013,-1.53832,-0.00132704,-0.00132704,-0.00132704,-0.00132704,-0.00132704,-0.00132704
19.0499,0.523599,0.251493,-0.885654,-0.00132704,-0.00132704,-0.00132704,-0.00132704,-0.00132704,-0.00132704
19.0749,0.523599,0.2974,-0.182752,-0.00132704,-0.00132704,-0.00132704,-0.00132704,-0.00132704,-0.00132704
19.0999,0.523599,0.342629,0.530517,-0.00132704,-0.00132704,-0.00132704,-0.00132704,-0.00132704,-0.00132704
19.1249,0.523599,0.387077,1.21369,-0.00132704,-0.00132704,-0.00132704,-0.00132704,-0.00132704,-0.00132704
19.1499,0.523599,0.430643,1.82803,-0.00132704,-0.00132704,-0.00132704,-0.00132704,-0.00132704,-0.00132704
19.1749,0.523599,0.473228,2.33867,-0.00132704,-0.00132704,-0.00132704,-0.00132704,-0.00132704,-0.00132704
19.1999,0.523599,0.514734,2.71667,-0.00132704,-0.00132704,-0.00132704,-0.00132704,-0.00132704,-0.00132704
19.2248,0.523599,0.555066,2.94057,-0.00132704,-0.00132704,-0.00132704,-0.00132704,-0.00132704,-0.00132704
19.2498,0.523599,0.594134,2.99768,-0.00132704,-0.00132704,-0.00132704,-0.00132704,-0.00132704,-0.00132704
19.2748,0.523599,0.631847,2.88475,-0.00132704,-0.00132704,-0.00132704,-0.00132704,-0.00132704,-0.00132704
19.2998,0.523599,0.668121,2.6082,-0.00132704,-0.00132704,-0.00132704,-0.00132704,-0.00132704,-0.00132704
19.3248,0.523599,0.702871,2.18371,-0.00132704,-0.00132704,-0.00132704,-0.00132704,-0.00132704,-0.00132704
19.3498,0.523599,0.73602,1.63536,-0.00132704,-0.00132704,-0.00132704,-0.00132704,-0.00132704,-0.00132704
19.3748,0.523599,0.767491,0.994243,-0.00132704,-0.00132704,-0.00132704,-0.00132704,-0.00132704,-0.00132704
19.3998,0.523599,0.797212,0.296735,-0.00132704,-0.00132704,-0.00132704,-0.00132704,-0.00132704,-0.00132704
19.4248,0.523599,0.825117,-0.417605,-0.00132704,-0.00132704,-0.00132704,-0.00132704,-0.00132704,-0.00132704
19.4498,0.523599,0.851141,-1.10826,-0.00132704,-0.00132704,-0.00132704,-0.00132704,-0.00132704,-0.00132704
19.4748,0.523599,0.875225,-1.73605,-0.00132704,-0.00132704,-0.00132704,-0.00132704,-0.00132704,-0.00132704
19.4998,0.523599,0.897314,-2.26537,-0.00132704,-0.00132704,-0.00132704,-0.00132704,-0.00132704,-0.00132704
19.5248,0.523599,0.917358,-2.66619,-0.00132704,-0.00132704,-0.00132704,-0.00132704,-0.00132704,-0.00132704
19.5498,0.523599,0.935311,-2.91579,-0.00132704,-0.00132704,-0.00132704,-0.00132704,-0.00132704,-0.00132704
19.5748,0.523599,0.951133,-3,-0.00132704,-0.00132704,-0.00132704,-0.00132704,-0.00132704,-0.00132704
19.5998,0.523599,0.964786,-2.91404,-0.00132704,-0.00132704,-0.00132704,-0.00132704,-0.00132704,-0.00132704
19.6248,0.523599,0.976241,-2.6628,-0.00132704,-0.00132704,-0.00132704,-0.00132704,-0.00132704,-0.00132704
19.6498,0.523599,0.98547,-2.26052,-0.00132704,-0.00132704,-0.00132704,-0.00132704,-0.00132704,-0.00132704
19.6748,0.523599,0.992454,-1.73002,-0.00132704,-0.00132704,-0.00132704,-0.00132704,-0.00132704,-0.00132704
19.6998,0.523599,0.997175,-1.10139,-0.00132704,-0.00132704,-0.00132704,-0.00132704,-0.00132704,-0.00132704
19.7248,0.523599,0.999624,-0.410287,-0.00132704,-0.00132704,-0.00132704,-0.00132704,-0.00132704,-0.00132704
19.7498,0.523599,0.999794,0.304087,-0.00132704,-0.00132704,-0.00132704,-0.00132704,-0.00132704,-0.00132704
19.7748,0.523599,0.997685,1.00121,-0.00132704,-0.00132704,-0.00132704,-0.00132704,-0.00132704,-0.00132704
19.7998,0.523599,0.993303,1.64155,-0.00132704,-0.00132704,-0.00132704,-0.00132704,-0.00132704,-0.00132704
19.8248,0.523599,0.986656,2.18877,-0.00132704,-0.00132704,-0.00132704,-0.00132704,-0.00132704,-0.00132704
19.8498,0.523599,0.977761,2.61185,-0.00132704,-0.00132704,-0.00132704,-0.00132704,-0.00132704,-0.00132704
19.8748,0.523599,0.966637,2.88677,-0.00132704,-0.00132704,-0.00132704,-0.00132704,-0.00132704,-0.00132704
19.8998,0.523599,0.95331,2.99796,-0.00132704,-0.00132704,-0.00132704,-0.00132704,-0.00132704,-0.00132704
19.9248,0.523599,0.937811,2.9391,-0.00132704,-0.00132704,-0.00132704,-0.00132704,-0.00132704,-0.00132704
19.9498,0.523599,0.920173,2.71353,-0.00132704,-0.00132704,-0.00132704,-0.00132704,-0.00132704,-0.00132704
19.9748,0.523599,0.900439,2.33404,-0.00132704,-0.00132704,-0.00132704,-0.00132704,-0.00132704,-0.00132704
19.9998,0.523599,0.878652,1.82216,-0.00132704,-0.00132704,-0.00132704,-0.00132704,-0.00132704,-0.00132704
20.0248,0.523599,0.854862,1.20693,-0.00132704,-0.00132704,-0.00132704,-0.00132704,-0.00132704,-0.00132704
20.0498,0.523599,0.829125,0.523243,-0.00132704,-0.00132704,-0.00132704,-0.00132704,-0.00132704,-0.00132704
20.0748,0.523599,0.801497,-0.190126,-0.00132704,-0.00132704,-0.00132704,-0.00132704,-0.00132704,-0.00132704
20.0998,0.523599,0.772042,-0.892711,-0.00132704,-0.00132704,-0.00132704,-0.00132704,-0.00132704,-0.00132704
20.1248,0.523599,0.740828,-1.54466,-0.00132704,-0.00132704,-0.00132704,-0.00132704,-0.00132704,-0.00132704
20.1498,0.523599,0.707926,-2.10899,-0.00132704,-0.00132704,-0.00132704,-0.00132704,-0.00132704,-0.00132704
20.1748,0.523599,0.67341,-2.5537,-0.00132704,-0.00132704,-0.00132704,-0.00132704,-0.00132704,-0.00132704
20.1998,0.523599,0.637359,-2.85356,-0.00132704,-0.00132704,-0.00132704,-0.00132704,-0.00132704,-0.00132704
20.2248,0.523599,0.599855,-2.99157,-0.00132704,-0.00132704,-0.00132704,-0.00132704,-0.00132704,-0.00132704
20.2498,0.523599,0.560984,-2.95988,-0.00132704,-0.00132704,-0.00132704,-0.00132704,-0.00132704,-0.00132704
20.2748,0.523599,0.520834,-2.76031,-0.00132704,-0.00132704,-0.00132704,-0.00132704,-0.00132704,-0.00132704
20.2998,0.523599,0.479498,-2.40417,-0.00132704,-0.00132704,-0.00132704,-0.00132704,-0.00132704,-0.00132704
20.3248,0.523599,0.437068,-1.91166,-0.00132704,-0.00132704,-0.00132704,-0.00132704,-0.00132704,-0.00132704
20.3498,0.523599,0.393643,-1.31072,-0.00132704,-0.00132704,-0.00132704,-0.00132704,-0.00132704,-0.00132704
20.3748,0.523599,0.34932,-0.635438,-0.00132704,-0.00132704,-0.00132704,-0.00132704,-0.00132704,-0.00132704
20.3998,0.523599,0.304201,0.07589,-0.00132704,-0.00132704,-0.00132704,-0.00132704,-0.00132704,-0.00132704
20.4248,0.523599,0.258388,0.782914,-0.00132704,-0.00132704,-0.00132704,-0.00132704,-0.00132704,-0.00132704
20.4498,0.523599,0.211987,1.44553,-0.00132704,-0.00132704,-0.00132704,-0.00132704,-0.00132704,-0.00132704
20.4748,0.523599,0.165103,2.02615,-0.00132704,-0.00132704,-0.00132704,-0.00132704,-0.00132704,-0.00132704
20.4998,0.523599,0.117842,2.49185,-0.00132704,-0.00132704,-0.00132704,-0.00132704,-0.00132704,-0.00132704
20.5248,0.523599,0.0703126,2.81621,-0.00132704,-0.00132704,-0.00132704,-0.00132704,-0.00132704,-0.00132704
20.5498,0.523599,0.0226229,2.98082,-0.00132704,-0.00132704,-0.00132704,-0.00132704,-0.00132704,-0.00132704
20.5748,0.523599,-0.0251182,2.97637,-0.00132704,-0.00132704,-0.00132704,-0.00132704,-0.00132704,-0.00132704
20.5998,0.523599,-0.0728022,2.80308,-0.00132704,-0.00132704,-0.00132704,-0.00132704,-0.00132704,-0.00132704
20.6248,0.523599,-0.12032,2.47081,-0.00132704,-0.00132704,-0.00132704,-0.00132704,-0.00132704,-0.00132704
20.6498,0.523599,-0.167564,1.99838,-0.00132704,-0.00132704,-0.00132704,-0.00132704,-0.00132704,-0.00132704
20.6748,0.523599,-0.214426,1.41261,-0.00132704,-0.00132704,-0.00132704,-0.00132704,-0.00132704,-0.00132704
20.6998,0.523599,-0.260799,0.746711,-0.00132704,-0.00132704,-0.00132704,-0.00132704,-0.00132704,-0.00132704
20.7248,0.523599,-0.306578,0.0384567,-0.00132704,-0.00132704,-0.00132704,-0.00132704,-0.00132704,-0.00132704
20.7498,0.523599,-0.351658,-0.671979,-0.00132704,-0.00132704,-0.00132704,-0.00132704,-0.00132704,-0.00132704
20.7748,0.523599,-0.395936,-1.3443,-0.00132704,-0.00132704,-0.00132704,-0.00132704,-0.00132704,-0.00132704
20.7998,0.523599,-0.439312,-1.94037,-0.00132704,-0.00132704,-0.00132704,-0.00132704,-0.00132704,-0.00132704
20.8248,0.523599,-0.481687,-2.42638,-0.00132704,-0.00132704,-0.00132704,-0.00132704,-0.00132704,-0.00132704
20.8498,0.523599,-0.522964,-2.77476,-0.00132704,-0.00132704,-0.00132704,-0.00132704,-0.00132704,-0.00132704
20.8748,0.523599,-0.563048,-2.96575,-0.00132704,-0.00132704,-0.00132704,-0.00132704,-0.00132704,-0.00132704
20.8998,0.523599,-0.60185,-2.98853,-0.00132704,-0.00132704,-0.00132704,-0.00132704,-0.00132704,-0.00132704
20.9248,0.523599,-0.63928,-2.84179,-0.00132704,-0.00132704,-0.00132704,-0.00132704,-0.00132704,-0.00132704
20.9498,0.523599,-0.675253,-2.53386,-0.00132704,-0.00132704,-0.00132704,-0.00132704,-0.00132704,-0.00132704
20.9748,0.523599,-0.709686,-2.0822,-0.00132704,-0.00132704,-0.00132704,-0.00132704,-0.00132704,-0.00132704
20.9998,0.523599,-0.742503,-1.51244,-0.00132704,-0.00132704,-0.00132704,-0.00132704,-0.00132704,-0.00132704
21.0248,0.523599,-0.773626,-0.856898,-0.00132704,-0.00132704,-0.00132704,-0.00132704,-0.00132704,-0.00132704
21.0498,0.523599,-0.802987,-0.152748,-0.00132704,-0.00132704,-0.00132704,-0.00132704,-0.00132704,-0.00132704
21.0748,0.523599,-0.830517,0.560067,-0.00132704,-0.00132704,-0.00132704,-0.00132704,-0.00132704,-0.00132704
21.0998,0.523599,-0.856155,1.24111,-0.00132704,-0.00132704,-0.00132704,-0.00132704,-0.00132704,-0.00132704
21.1248,0.523599,-0.879841,1.85176,-0.00132704,-0.00132704,-0.00132704,-0.00132704,-0.00132704,-0.00132704
21.1498,0.523599,-0.901522,2.35738,-0.00132704,-0.00132704,-0.00132704,-0.00132704,-0.00132704,-0.00132704
21.1748,0.523599,-0.921148,2.72928,-0.00132704,-0.00132704,-0.00132704,-0.00132704,-0.00132704,-0.00132704
21.1998,0.523599,-0.938674,2.94637,-0.00132704,-0.00132704,-0.00132704,-0.00132704,-0.00132704,-0.00132704
21.2248,0.523599,-0.954061,2.99635,-0.00132704,-0.00132704,-0.00132704,-0.00132704,-0.00132704,-0.00132704
21.2498,0.523599,-0.967274,2.87636,-0.00132704,-0.00132704,-0.00132704,-0.00132704,-0.00132704,-0.00132704
21.2748,0.523599,-0.978282,2.59322,-0.00132704,-0.00132704,-0.00132704,-0.00132704,-0.00132704,-0.00132704
21.2998,0.523599,-0.98706,2.163,-0.00132704,-0.00132704,-0.00132704,-0.00132704,-0.00132704,-0.00132704
21.3248,0.523599,-0.993588,1.61008,-0.00132704,-0.00132704,-0.00132704,-0.00132704,-0.00132704,-0.00132704
21.3498,0.523599,-0.997852,0.965841,-0.00132704,-0.00132704,-0.00132704,-0.00132704,-0.00132704,-0.00132704
21.3748,0.523599,-0.999841,0.266816,-0.00132704,-0.00132704,-0.00132704,-0.00132704,-0.00132704,-0.00132704
21.3998,0.523599,-0.999552,-0.447342,-0.00132704,-0.00132704,-0.00132704,-0.00132704,-0.00132704,-0.00132704
21.4248,0.523599,-0.996984,-1.13613,-0.00132704,-0.00132704,-0.00132704,-0.00132704,-0.00132704,-0.00132704
21.4498,0.523599,-0.992144,-1.76047,-0.00132704,-0.00132704,-0.00132704,-0.00132704,-0.00132704,-0.00132704
21.4748,0.523599,-0.985043,-2.28496,-0.00132704,-0.00132704,-0.00132704,-0.00132704,-0.00132704,-0.00132704
21.4998,0.523599,-0.975697,-2.67984,-0.00132704,-0.00132704,-0.00132704,-0.00132704,-0.00132704,-0.00132704
21.5248,0.523599,-0.964127,-2.92271,-0.00132704,-0.00132704,-0.00132704,-0.00132704,-0.00132704,-0.00132704
21.5498,0.523599,-0.950359,-2.99981,-0.00132704,-0.00132704,-0.00132704,-0.00132704,-0.00132704,-0.00132704
21.5748,0.523599,-0.934425,-2.90675,-0.00132704,-0.00132704,-0.00132704,-0.00132704,-0.00132704,-0.00132704
21.5998,0.523599,-0.916362,-2.64882,-0.00132704,-0.00132704,-0.00132704,-0.00132704,-0.00132704,-0.00132704
21.6248,0.523599,-0.896209,-2.24065,-0.00132704,-0.00132704,-0.00132704,-0.00132704,-0.00132704,-0.00132704
21.6498,0.523599,-0.874015,-1.70538,-0.00132704,-0.00132704,-0.00132704,-0.00132704,-0.00132704,-0.00132704
21.6748,0.523599,-0.849828,-1.07338,-0.00132704,-0.00132704,-0.00132704,-0.00132704,-0.00132704,-0.00132704
21.6998,0.523599,-0.823704,-0.380498,-0.00132704,-0.00132704,-0.00132704,-0.00132704,-0.00132704,-0.00132704
21.7248,0.523599,-0.795703,0.333967,-0.00132704,-0.00132704,-0.00132704,-0.00132704,-0.00132704,-0.00132704
21.7498,0.523599,-0.765888,1.02949,-0.00132704,-0.00132704,-0.00132704,-0.00132704,-0.00132704,-0.00132704
21.7748,0.523599,-0.734328,1.66662,-0.00132704,-0.00132704,-0.00132704,-0.00132704,-0.00132704,-0.00132704
21.7998,0.523599,-0.701093,2.20921,-0.00132704,-0.00132704,-0.00132704,-0.00132704,-0.00132704,-0.00132704
21.8248,0.523599,-0.666261,2.6265,-0.00132704,-0.00132704,-0.00132704,-0.00132704,-0.00132704,-0.00132704
21.8498,0.523599,-0.629911,2.89481,-0.00132704,-0.00132704,-0.00132704,-0.00132704,-0.00132704,-0.00132704
21.8748,0.523599,-0.592124,2.99892,-0.00132704,-0.00132704,-0.00132704,-0.00132704,-0.00132704,-0.00132704
21.8998,0.523599,-0.552988,2.93293,-0.00132704,-0.00132704,-0.00132704,-0.00132704,-0.00132704,-0.00132704
21.9248,0.523599,-0.512592,2.70057,-0.00132704,-0.00132704,-0.00132704,-0.00132704,-0.00132704,-0.00132704
21.9498,0.523599,-0.471028,2.31504,-0.00132704,-0.00132704,-0.00132704,-0.00132704,-0.00132704,-0.00132704
21.9748,0.523599,-0.428389,1.7982,-0.00132704,-0.00132704,-0.00132704,-0.00132704,-0.00132704,-0.00132704
21.9998,0.523599,-0.384775,1.17936,-0.00132704,-0.00132704,-0.00132704,-0.00132704,-0.00132704,-0.00132704
22.0248,0.523599,-0.340283,0.493626,-0.00132704,-0.00132704,-0.00132704,-0.00132704,-0.00132704,-0.00132704
22.0498,0.523599,-0.295016,-0.220107,-0.00132704,-0.00132704,-0.00132704,-0.00132704,-0.00132704,-0.00132704
22.0748,0.523599,-0.249076,-0.921356,-0.00132704,-0.00132704,-0.00132704,-0.00132704,-0.00132704,-0.00132704
22.0998,0.523599,-0.202569,-1.57034,-0.00132704,-0.00132704,-0.00132704,-0.00132704,-0.00132704,-0.00132704
22.1248,0.523599,-0.1556,-2.13026,-0.00132704,-0.00132704,-0.00132704,-0.00132704,-0.00132704,-0.00132704
22.1498,0.523599,-0.108277,-2.56935,-0.00132704,-0.00132704,-0.00132704,-0.00132704,-0.00132704,-0.00132704
22.1748,0.523599,-0.0607061,-2.86269,-0.00132704,-0.00132704,-0.00132704,-0.00132704,-0.00132704,-0.00132704
22.1998,0.523599,-0.0129974,-2.99367,-0.00132704,-0.00132704,-0.00132704,-0.00132704,-0.00132704,-0.00132704
22.2248,0.523599,0.034741,-2.95484,-0.00132704,-0.00132704,-0.00132704,-0.00132704,-0.00132704,-0.00132704
22.2498,0.523599,0.0824002,-2.7484,-0.00132704,-0.00132704,-0.00132704,-0.00132704,-0.00132704,-0.00132704
22.2748,0.523599,0.129872,-2.38608,-0.00132704,-0.00132704,-0.00132704,-0.00132704,-0.00132704,-0.00132704
22.2998,0.523599,0.177047,-1.88841,-0.00132704,-0.00132704,-0.00132704,-0.00132704,-0.00132704,-0.00132704
22.3248,0.523599,0.223819,-1.28363,-0.00132704,-0.00132704,-0.00132704,-0.00132704,-0.00132704,-0.00132704
22.3498,0.523599,0.270081,-0.606037,-0.00132704,-0.00132704,-0.00132704,-0.00132704,-0.00132704,-0.00132704
22.3748,0.523599,0.315727,0.105927,-0.00132704,-0.00132704,-0.00132704,-0.00132704,-0.00132704,-0.00132704
22.3998,0.523599,0.360653,0.811884,-0.00132704,-0.00132704,-0.00132704,-0.00132704,-0.00132704,-0.00132704
22.4248,0.523599,0.404758,1.47179,-0.00132704,-0.00132704,-0.00132704,-0.00132704,-0.00132704,-0.00132704
22.4498,0.523599,0.44794,2.04821,-0.00132704,-0.00132704,-0.00132704,-0.00132704,-0.00132704,-0.00132704
22.4748,0.523599,0.490101,2.50846,-0.00132704,-0.00132704,-0.00132704,-0.00132704,-0.00132704,-0.00132704
22.4998,0.523599,0.531145,2.82642,-0.00132704,-0.00132704,-0.00132704,-0.00132704,-0.00132704,-0.00132704
22.5248,0.523599,0.570978,2.98407,-0.00132704,-0.00132704,-0.00132704,-0.00132704,-0.00132704,-0.00132704
22.5498,0.523599,0.60951,2.97245,-0.00132704,-0.00132704,-0.00132704,-0.00132704,-0.00132704,-0.00132704
22.5748,0.523599,0.646653,2.79224,-0.00132704,-0.00132704,-0.00132704,-0.00132704,-0.00132704,-0.00132704
22.5998,0.523599,0.682322,2.45364,-0.00132704,-0.00132704,-0.00132704,-0.00132704,-0.00132704,-0.00132704
22.6248,0.523599,0.716436,1.97587,-0.00132704,-0.00132704,-0.00132704,-0.00132704,-0.00132704,-0.00132704
22.6498,0.523599,0.748917,1.38603,-0.00132704,-0.00132704,-0.00132704,-0.00132704,-0.00132704,-0.00132704
22.6748,0.523599,0.779691,0.717568,-0.00132704,-0.00132704,-0.00132704,-0.00132704,-0.00132704,-0.00132704
22.6998,0.523599,0.808687,0.00840659,-0.00132704,-0.00132704,-0.00132704,-0.00132704,-0.00132704,-0.00132704
22.7248,0.523599,0.835841,-0.701232,-0.00132704,-0.00132704,-0.00132704,-0.00132704,-0.00132704,-0.00132704
22.7498,0.523599,0.86109,-1.3711,-0.00132704,-0.00132704,-0.00132704,-0.00132704,-0.00132704,-0.00132704
22.7748,0.523599,0.884376,-1.96319,-0.00132704,-0.00132704,-0.00132704,-0.00132704,-0.00132704,-0.00132704
22.7998,0.523599,0.905646,-2.44393,-0.00132704,-0.00132704,-0.00132704,-0.00132704,-0.00132704,-0.00132704
22.8248,0.523599,0.924852,-2.78604,-0.00132704,-0.00132704,-0.00132704,-0.00132704,-0.00132704,-0.00132704
22.8498,0.523599,0.94195,-2.97013,-0.00132704,-0.00132704,-0.00132704,-0.00132704,-0.00132704,-0.00132704
22.8748,0.523599,0.956901,-2.98575,-0.00132704,-0.00132704,-0.00132704,-0.00132704,-0.00132704,-0.00132704
22.8998,0.523599,0.969672,-2.83201,-0.00132704,-0.00132704,-0.00132704,-0.00132704,-0.00132704,-0.00132704
22.9248,0.523599,0.980232,-2.51764,-0.00132704,-0.00132704,-0.00132704,-0.00132704,-0.00132704,-0.00132704
22.9498,0.523599,0.988558,-2.06047,-0.00132704,-0.00132704,-0.00132704,-0.00132704,-0.00132704,-0.00132704
22.9748,0.523599,0.994631,-1.48642,-0.00132704,-0.00132704,-0.00132704,-0.00132704,-0.00132704,-0.00132704
22.9998,0.523599,0.998436,-0.828057,-0.00132704,-0.00132704,-0.00132704,-0.00132704,-0.00132704,-0.00132704
23.0248,0.523599,0.999967,-0.122728,-0.00132704,-0.00132704,-0.00132704,-0.00132704,-0.00132704,-0.00132704
23.0498,0.523599,0.999218,0.589562,-0.00132704,-0.00132704,-0.00132704,-0.00132704,-0.00132704,-0.00132704
23.0748,0.523599,0.996191,1.26841,-0.00132704,-0.00132704,-0.00132704,-0.00132704,-0.00132704,-0.00132704
23.0998,0.523599,0.990894,1.87531,-0.00132704,-0.00132704,-0.00132704,-0.00132704,-0.00132704,-0.00132704
23.1248,0.523599,0.983339,2.37585,-0.00132704,-0.00132704,-0.00132704,-0.00132704,-0.00132704,-0.00132704
23.1498,0.523599,0.973542,2.74162,-0.00132704,-0.00132704,-0.00132704,-0.00132704,-0.00132704,-0.00132704
23.1748,0.523599,0.961527,2.95188,-0.00132704,-0.00132704,-0.00132704,-0.00132704,-0.00132704,-0.00132704
23.1998,0.523599,0.947319,2.99471,-0.00132704,-0.00132704,-0.00132704,-0.00132704,-0.00132704,-0.00132704
23.2248,0.523599,0.930953,2.86768,-0.00132704,-0.00132704,-0.00132704,-0.00132704,-0.00132704,-0.00132704
23.2498,0.523599,0.912465,2.57798,-0.00132704,-0.00132704,-0.00132704,-0.00132704,-0.00132704,-0.00132704
23.2748,0.523599,0.891897,2.14207,-0.00132704,-0.00132704,-0.00132704,-0.00132704,-0.00132704,-0.00132704
23.2998,0.523599,0.869296,1.58465,-0.00132704,-0.00132704,-0.00132704,-0.00132704,-0.00132704,-0.00132704
23.3248,0.523599,0.844714,0.937342,-0.00132704,-0.00132704,-0.00132704,-0.00132704,-0.00132704,-0.00132704
23.3498,0.523599,0.818207,0.236872,-0.00132704,-0.00132704,-0.00132704,-0.00132704,-0.00132704,-0.00132704
23.3748,0.523599,0.789835,-0.477035,-0.00132704,-0.00132704,-0.00132704,-0.00132704,-0.00132704,-0.00132704
23.3998,0.523599,0.759663,-1.16388,-0.00132704,-0.00132704,-0.00132704,-0.00132704,-0.00132704,-0.00132704
23.4248,0.523599,0.727759,-1.78471,-0.00132704,-0.00132704,-0.00132704,-0.00132704,-0.00132704,-0.00132704
23.4498,0.523599,0.694196,-2.30431,-0.00132704,-0.00132704,-0.00132704,-0.00132704,-0.00132704,-0.00132704
23.4748,0.523599,0.659051,-2.69321,-0.00132704,-0.00132704,-0.00132704,-0.00132704,-0.00132704,-0.00132704
23.4998,0.523599,0.622405,-2.92934,-0.00132704,-0.00132704,-0.00132704,-0.00132704,-0.00132704,-0.00132704
23.5248,0.523599,0.584339,-2.99932,-0.00132704,-0.00132704,-0.00132704,-0.00132704,-0.00132704,-0.00132704
23.5498,0.523599,0.544942,-2.89917,-0.00132704,-0.00132704,-0.00132704,-0.00132704,-0.00132704,-0.00132704
23.5748,0.523599,0.504302,-2.63458,-0.00132704,-0.00132704,-0.00132704,-0.00132704,-0.00132704,-0.00132704
23.5998,0.523599,0.462514,-2.22055,-0.00132704,-0.00132704,-0.00132704,-0.00132704,-0.00132704,-0.00132704
23.6248,0.523599,0.419671,-1.68057,-0.00132704,-0.00132704,-0.00132704,-0.00132704,-0.00132704,-0.00132704
23.6498,0.523599,0.375871,-1.04527,-0.00132704,-0.00132704,-0.00132704,-0.00132704,-0.00132704,-0.00132704
23.6748,0.523599,0.331215,-0.350671,-0.00132704,-0.00132704,-0.00132704,-0.00132704,-0.00132704,-0.00132704
23.6998,0.523599,0.285804,0.363814,-0.00132704,-0.00132704,-0.00132704,-0.00132704,-0.00132704,-0.00132704
23.7248,0.523599,0.239741,1.05766,-0.00132704,-0.00132704,-0.00132704,-0.00132704,-0.00132704,-0.00132704
23.7498,0.523599,0.193132,1.69152,-0.00132704,-0.00132704,-0.00132704,-0.00132704,-0.00132704,-0.00132704
23.7748,0.523599,0.146083,2.22943,-0.00132704,-0.00132704,-0.00132704,-0.00132704,-0.00132704,-0.00132704
23.7998,0.523599,0.0987011,2.64089,-0.00132704,-0.00132704,-0.00132704,-0.00132704,-0.00132704,-0.00132704
23.8248,0.523599,0.0510941,2.90255,-0.00132704,-0.00132704,-0.00132704,-0.00132704,-0.00132704,-0.00132704
23.8498,0.523599,0.00337059,2.99957,-0.00132704,-0.00132704,-0.00132704,-0.00132704,-0.00132704,-0.00132704
23.8748,0.523599,-0.0443606,2.92646,-0.00132704,-0.00132704,-0.00132704,-0.00132704,-0.00132704,-0.00132704
23.8998,0.523599,-0.0919907,2.68735,-0.00132704,-0.00132704,-0.00132704,-0.00132704,-0.00132704,-0.00132704
23.9248,0.523599,-0.139411,2.29581,-0.00132704,-0.00132704,-0.00132704,-0.00132704,-0.00132704,-0.00132704
23.9498,0.523599,-0.186514,1.77406,-0.00132704,-0.00132704,-0.00132704,-0.00132704,-0.00132704,-0.00132704
23.9748,0.523599,-0.233191,1.15167,-0.00132704,-0.00132704,-0.00132704,-0.00132704,-0.00132704,-0.00132704
23.9998,0.523599,-0.279337,0.46396,-0.00132704,-0.00132704,-0.00132704,-0.00132704,-0.00132704,-0.00132704
24.0248,0.523599,-0.324847,-0.250066,-0.00132704,-0.00132704,-0.00132704,-0.00132704,-0.00132704,-0.00132704
24.0498,0.523599,-0.369616,-0.949908,-0.00132704,-0.00132704,-0.00132704,-0.00132704,-0.00132704,-0.00132704
24.0748,0.523599,-0.413542,-1.59587,-0.00132704,-0.00132704,-0.00132704,-0.00132704,-0.00132704,-0.00132704
24.0998,0.523599,-0.456526,-2.15131,-0.00132704,-0.00132704,-0.00132704,-0.00132704,-0.00132704,-0.00132704
24.1248,0.523599,-0.49847,-2.58473,-0.00132704,-0.00132704,-0.00132704,-0.00132704,-0.00132704,-0.00132704
24.1498,0.523599,-0.539277,-2.87154,-0.00132704,-0.00132704,-0.00132704,-0.00132704,-0.00132704,-0.00132704
24.1748,0.523599,-0.578855,-2.99547,-0.00132704,-0.00132704,-0.00132704,-0.00132704,-0.00132704,-0.00132704
24.1998,0.523599,-0.617114,-2.94949,-0.00132704,-0.00132704,-0.00132704,-0.00132704,-0.00132704,-0.00132704
24.2248,0.523599,-0.653967,-2.73622,-0.00132704,-0.00132704,-0.00132704,-0.00132704,-0.00132704,-0.00132704
24.2498,0.523599,-0.689328,-2.36774,-0.00132704,-0.00132704,-0.00132704,-0.00132704,-0.00132704,-0.00132704
24.2748,0.523599,-0.723119,-1.86496,-0.00132704,-0.00132704,-0.00132704,-0.00132704,-0.00132704,-0.00132704
24.2998,0.523599,-0.755261,-1.2564,-0.00132704,-0.00132704,-0.00132704,-0.00132704,-0.00132704,-0.00132704
24.3248,0.523599,-0.785683,-0.576576,-0.00132704,-0.00132704,-0.00132704,-0.00132704,-0.00132704,-0.00132704
24.3498,0.523599,-0.814313,0.135954,-0.00132704,-0.00132704,-0.00132704,-0.00132704,-0.00132704,-0.00132704
24.3748,0.523599,-0.841087,0.840772,-0.00132704,-0.00132704,-0.00132704,-0.00132704,-0.00132704,-0.00132704
24.3998,0.523599,-0.865945,1.4979,-0.00132704,-0.00132704,-0.00132704,-0.00132704,-0.00132704,-0.00132704
24.4248,0.523599,-0.888828,2.07007,-0.00132704,-0.00132704,-0.00132704,-0.00132704,-0.00132704,-0.00132704
24.4498,0.523599,-0.909686,2.52482,-0.00132704,-0.00132704,-0.00132704,-0.00132704,-0.00132704,-0.00132704
24.4748,0.523599,-0.92847,2.83635,-0.00132704,-0.00132704,-0.00132704,-0.00132704,-0.00132704,-0.00132704
24.4998,0.523599,-0.945139,2.98701,-0.00132704,-0.00132704,-0.00132704,-0.00132704,-0.00132704,-0.00132704
24.5248,0.523599,-0.959653,2.96824,-0.00132704,-0.00132704,-0.00132704,-0.00132704,-0.00132704,-0.00132704
24.5498,0.523599,-0.97198,2.78111,-0.00132704,-0.00132704,-0.00132704,-0.00132704,-0.00132704,-0.00132704
24.5748,0.523599,-0.982091,2.43623,-0.00132704,-0.00132704,-0.00132704,-0.00132704,-0.00132704,-0.00132704
24.5998,0.523599,-0.989964,1.95316,-0.00132704,-0.00132704,-0.00132704,-0.00132704,-0.00132704,-0.00132704
24.6248,0.523599,-0.995581,1.35931,-0.00132704,-0.00132704,-0.00132704,-0.00132704,-0.00132704,-0.00132704
24.6498,0.523599,-0.998928,0.688354,-0.00132704,-0.00132704,-0.00132704,-0.00132704,-0.00132704,-0.00132704
24.6748,0.523599,-0.999999,-0.0216444,-0.00132704,-0.00132704,-0.00132704,-0.00132704,-0.00132704,-0.00132704
24.6998,0.523599,-0.998791,-0.730415,-0.00132704,-0.00132704,-0.00132704,-0.00132704,-0.00132704,-0.00132704
24.7248,0.523599,-0.995306,-1.39776,-0.00132704,-0.00132704,-0.00132704,-0.00132704,-0.00132704,-0.00132704
24.7498,0.523599,-0.989552,-1.98581,-0.00132704,-0.00132704,-0.00132704,-0.00132704,-0.00132704,-0.00132704
24.7748,0.523599,-0.981543,-2.46123,-0.00132704,-0.00132704,-0.00132704,-0.00132704,-0.00132704,-0.00132704
24.7998,0.523599,-0.971297,-2.79705,-0.00132704,-0.00132704,-0.00132704,-0.00132704,-0.00132704,-0.00132704
24.8248,0.523599,-0.958837,-2.97421,-0.00132704,-0.00132704,-0.00132704,-0.00132704,-0.00132704,-0.00132704
24.8498,0.523599,-0.944192,-2.98268,-0.00132704,-0.00132704,-0.00132704,-0.00132704,-0.00132704,-0.00132704
24.8748,0.523599,-0.927395,-2.82196,-0.00132704,-0.00132704,-0.00132704,-0.00132704,-0.00132704,-0.00132704
24.8998,0.523599,-0.908484,-2.50117,-0.00132704,-0.00132704,-0.00132704,-0.00132704,-0.00132704,-0.00132704
24.9248,0.523599,-0.887502,-2.03852,-0.00132704,-0.00132704,-0.00132704,-0.00132704,-0.00132704,-0.00132704
24.9498,0.523599,-0.864498,-1.46024,-0.00132704,-0.00132704,-0.00132704,-0.00132704,-0.00132704,-0.00132704
24.9748,0.523599,-0.839523,-0.799132,-0.00132704,-0.00132704,-0.00132704,-0.00132704,-0.00132704,-0.00132704
24.9998,0.523599,-0.812634,-0.0926965,-0.00132704,-0.00132704,-0.00132704,-0.00132704,-0.00132704,-0.00132704
25.0248,0.523599,-0.783894,0.618997,-0.00132704,-0.00132704,-0.00132704,-0.00132704,-0.00132704,-0.00132704
25.0498,0.523599,-0.753367,1.29558,-0.00132704,-0.00132704,-0.00132704,-0.00132704,-0.00132704,-0.00132704
25.0748,0.523599,-0.721123,1.89868,-0.00132704,-0.00132704,-0.00132704,-0.00132704,-0.00132704,-0.00132704
25.0998,0.523599,-0.687235,2.39408,-0.00132704,-0.00132704,-0.00132704,-0.00132704,-0.00132704,-0.00132704
25.1248,0.523599,-0.65178,2.75368,-0.00132704,-0.00132704,-0.00132704,-0.00132704,-0.00132704,-0.00132704
25.1498,0.523599,-0.614841,2.95709,-0.00132704,-0.00132704,-0.00132704,-0.00132704,-0.00132704,-0.00132704
25.1748,0.523599,-0.5765,2.99278,-0.00132704,-0.00132704,-0.00132704,-0.00132704,-0.00132704,-0.00132704
25.1998,0.523599,-0.536845,2.85871,-0.00132704,-0.00132704,-0.00132704,-0.00132704,-0.00132704,-0.00132704
25.2248,0.523599,-0.495966,2.56249,-0.00132704,-0.00132704,-0.00132704,-0.00132704,-0.00132704,-0.00132704
25.2498,0.523599,-0.453957,2.12092,-0.00132704,-0.00132704,-0.00132704,-0.00132704,-0.00132704,-0.00132704
25.2748,0.523599,-0.410913,1.55905,-0.00132704,-0.00132704,-0.00132704,-0.00132704,-0.00132704,-0.00132704
25.2998,0.523599,-0.366933,0.908749,-0.00132704,-0.00132704,-0.00132704,-0.00132704,-0.00132704,-0.00132704
25.3248,0.523599,-0.322116,0.206903,-0.00132704,-0.00132704,-0.00132704,-0.00132704,-0.00132704,-0.00132704
25.3498,0.523599,-0.276565,-0.506679,-0.00132704,-0.00132704,-0.00132704,-0.00132704,-0.00132704,-0.00132704
25.3748,0.523599,-0.230384,-1.19152,-0.00132704,-0.00132704,-0.00132704,-0.00132704,-0.00132704,-0.00132704
25.3998,0.523599,-0.183678,-1.80878,-0.00132704,-0.00132704,-0.00132704,-0.00132704,-0.00132704,-0.00132704
25.4248,0.523599,-0.136553,-2.32344,-0.00132704,-0.00132704,-0.00132704,-0.00132704,-0.00132704,-0.00132704
25.4498,0.523599,-0.0891166,-2.70631,-0.00132704,-0.00132704,-0.00132704,-0.00132704,-0.00132704,-0.00132704
25.4748,0.523599,-0.0414773,-2.93568,-0.00132704,-0.00132704,-0.00132704,-0.00132704,-0.00132704,-0.00132704
25.4998,0.523599,0.0062565,-2.99853,-0.00132704,-0.00132704,-0.00132704,-0.00132704,-0.00132704,-0.00132704
25.5248,0.523599,0.053976,-2.8913,-0.00132704,-0.00132704,-0.00132704,-0.00132704,-0.00132704,-0.00132704
25.5498,0.523599,0.101573,-2.62008,-0.00132704,-0.00132704,-0.00132704,-0.00132704,-0.00132704,-0.00132704
25.5748,0.523599,0.148938,-2.20024,-0.00132704,-0.00132704,-0.00132704,-0.00132704,-0.00132704,-0.00132704
25.5998,0.523599,0.195963,-1.65559,-0.00132704,-0.00132704,-0.00132704,-0.00132704,-0.00132704,-0.00132704
25.6248,0.523599,0.242542,-1.01705,-0.00132704,-0.00132704,-0.00132704,-0.00132704,-0.00132704,-0.00132704
25.6498,0.523599,0.288568,-0.320808,-0.00132704,-0.00132704,-0.00132704,-0.00132704,-0.00132704,-0.00132704
25.6748,0.523599,0.333937,0.393625,-0.00132704,-0.00132704,-0.00132704,-0.00132704,-0.00132704,-0.00132704
25.6998,0.523599,0.378544,1.08573,-0.00132704,-0.00132704,-0.00132704,-0.00132704,-0.00132704,-0.00132704
25.7248,0.523599,0.422288,1.71625,-0.00132704,-0.00132704,-0.00132704,-0.00132704,-0.00132704,-0.00132704
25.7498,0.523599,0.46507,2.24943,-0.00132704,-0.00132704,-0.00132704,-0.00132704,-0.00132704,-0.00132704
25.7747,0.523599,0.506792,2.65501,-0.00132704,-0.00132704,-0.00132704,-0.00132704,-0.00132704,-0.00132704
25.7997,0.523599,0.547359,2.91,-0.00132704,-0.00132704,-0.00132704,-0.00132704,-0.00132704,-0.00132704
25.8247,0.523599,0.586679,2.99993,-0.00132704,-0.00132704,-0.00132704,-0.00132704,-0.00132704,-0.00132704
25.8497,0.523599,0.624661,2.9197,-0.00132704,-0.00132704,-0.00132704,-0.00132704,-0.00132704,-0.00132704
25.8747,0.523599,0.661219,2.67386,-0.00132704,-0.00132704,-0.00132704,-0.00132704,-0.00132704,-0.00132704
25.8997,0.523599,0.696271,2.27636,-0.00132704,-0.00132704,-0.00132704,-0.00132704,-0.00132704,-0.00132704
25.9247,0.523599,0.729735,1.74973,-0.00132704,-0.00132704,-0.00132704,-0.00132704,-0.00132704,-0.00132704
25.9497,0.523599,0.761536,1.12386,-0.00132704,-0.00132704,-0.00132704,-0.00132704,-0.00132704,-0.00132704
25.9747,0.523599,0.791602,0.434248,-0.00132704,-0.00132704,-0.00132704,-0.00132704,-0.00132704,-0.00132704
25.9997,0.523599,0.819863,-0.279999,-0.00132704,-0.00132704,-0.00132704,-0.00132704,-0.00132704,-0.00132704
26.0247,0.523599,0.846256,-0.978365,-0.00132704,-0.00132704,-0.00132704,-0.00132704,-0.00132704,-0.00132704
26.0497,0.523599,0.870719,-1.62124,-0.00132704,-0.00132704,-0.00132704,-0.00132704,-0.00132704,-0.00132704
26.0747,0.523599,0.893199,-2.17215,-0.00132704,-0.00132704,-0.00132704,-0.00132704,-0.00132704,-0.00132704
26.0997,0.523599,0.913642,-2.59985,-0.00132704,-0.00132704,-0.00132704,-0.00132704,-0.00132704,-0.00132704
26.1247,0.523599,0.932003,-2.88009,-0.00132704,-0.00132704,-0.00132704,-0.00132704,-0.00132704,-0.00132704
26.1497,0.523599,0.94824,-2.99697,-0.00132704,-0.00132704,-0.00132704,-0.00132704,-0.00132704,-0.00132704
26.1747,0.523599,0.962315,-2.94385,-0.00132704,-0.00132704,-0.00132704,-0.00132704,-0.00132704,-0.00132704
26.1997,0.523599,0.974198,-2.72376,-0.00132704,-0.00132704,-0.00132704,-0.00132704,-0.00132704,-0.00132704
26.2247,0.523599,0.983859,-2.34917,-0.00132704,-0.00132704,-0.00132704,-0.00132704,-0.00132704,-0.00132704
26.2497,0.523599,0.991279,-1.84133,-0.00132704,-0.00132704,-0.00132704,-0.00132704,-0.00132704,-0.00132704
26.2747,0.523599,0.996439,-1.22905,-0.00132704,-0.00132704,-0.00132704,-0.00132704,-0.00132704,-0.00132704
26.2997,0.523599,0.999328,-0.547057,-0.00132704,-0.00132704,-0.00132704,-0.00132704,-0.00132704,-0.00132704
26.3247,0.523599,0.999939,0.165967,-0.00132704,-0.00132704,-0.00132704,-0.00132704,-0.00132704,-0.00132704
26.3497,0.523599,0.998271,0.869576,-0.00132704,-0.00132704,-0.00132704,-0.00132704,-0.00132704,-0.00132704
26.3747,0.523599,0.994328,1.52386,-0.00132704,-0.00132704,-0.00132704,-0.00132704,-0.00132704,-0.00132704
26.3997,0.523599,0.988118,2.09171,-0.00132704,-0.00132704,-0.00132704,-0.00132704,-0.00132704,-0.00132704
26.4247,0.523599,0.979657,2.54092,-0.00132704,-0.00132704,-0.00132704,-0.00132704,-0.00132704,-0.00132704
26.4497,0.523599,0.968962,2.846,-0.00132704,-0.00132704,-0.00132704,-0.00132704,-0.00132704,-0.00132704
26.4747,0.523599,0.956059,2.98965,-0.00132704,-0.00132704,-0.00132704,-0.00132704,-0.00132704,-0.00132704
26.4997,0.523599,0.940977,2.96373,-0.00132704,-0.00132704,-0.00132704,-0.00132704,-0.00132704,-0.00132704
26.5247,0.523599,0.923751,2.7697,-0.00132704,-0.00132704,-0.00132704,-0.00132704,-0.00132704,-0.00132704
26.5497,0.523599,0.904418,2.41857,-0.00132704,-0.00132704,-0.00132704,-0.00132704,-0.00132704,-0.00132704
26.5747,0.523599,0.883025,1.93025,-0.00132704,-0.00132704,-0.00132704,-0.00132704,-0.00132704,-0.00132704
26.5997,0.523599,0.859619,1.33245,-0.00132704,-0.00132704,-0.00132704,-0.00132704,-0.00132704,-0.00132704
26.6247,0.523599,0.834253,0.65907,-0.00132704,-0.00132704,-0.00132704,-0.00132704,-0.00132704,-0.00132704
26.6497,0.523599,0.806986,-0.0516932,-0.00132704,-0.00132704,-0.00132704,-0.00132704,-0.00132704,-0.00132704
26.6747,0.523599,0.77788,-0.759525,-0.00132704,-0.00132704,-0.00132704,-0.00132704,-0.00132704,-0.00132704
26.6997,0.523599,0.747001,-1.42428,-0.00132704,-0.00132704,-0.00132704,-0.00132704,-0.00132704,-0.00132704
26.7247,0.523599,0.714419,-2.00824,-0.00132704,-0.00132704,-0.00132704,-0.00132704,-0.00132704,-0.00132704
26.7497,0.523599,0.68021,-2.47829,-0.00132704,-0.00132704,-0.00132704,-0.00132704,-0.00132704,-0.00132704
26.7747,0.523599,0.644449,-2.80777,-0.00132704,-0.00132704,-0.00132704,-0.00132704,-0.00132704,-0.00132704
26.7997,0.523599,0.60722,-2.978,-0.00132704,-0.00132704,-0.00132704,-0.00132704,-0.00132704,-0.00132704
26.8247,0.523599,0.568607,-2.9793,-0.00132704,-0.00132704,-0.00132704,-0.00132704,-0.00132704,-0.00132704
26.8497,0.523599,0.528698,-2.81162,-0.00132704,-0.00132704,-0.00132704,-0.00132704,-0.00132704,-0.00132704
26.8747,0.523599,0.487583,-2.48445,-0.00132704,-0.00132704,-0.00132704,-0.00132704,-0.00132704,-0.00132704
26.8997,0.523599,0.445358,-2.01637,-0.00132704,-0.00132704,-0.00132704,-0.00132704,-0.00132704,-0.00132704
26.9247,0.523599,0.402117,-1.43392,-0.00132704,-0.00132704,-0.00132704,-0.00132704,-0.00132704,-0.00132704
26.9497,0.523599,0.35796,-0.770127,-0.00132704,-0.00132704,-0.00132704,-0.00132704,-0.00132704,-0.00132704
26.9747,0.523599,0.312987,-0.0626556,-0.00132704,-0.00132704,-0.00132704,-0.00132704,-0.00132704,-0.00132704
26.9997,0.523599,0.267301,0.64837,-0.00132704,-0.00132704,-0.00132704,-0.00132704,-0.00132704,-0.00132704
27.0247,0.523599,0.221005,1.32262,-0.00132704,-0.00132704,-0.00132704,-0.00132704,-0.00132704,-0.00132704
27.0497,0.523599,0.174206,1.92185,-0.00132704,-0.00132704,-0.00132704,-0.00132704,-0.00132704,-0.00132704
27.0747,0.523599,0.12701,2.41207,-0.00132704,-0.00132704,-0.00132704,-0.00132704,-0.00132704,-0.00132704
27.0997,0.523599,0.0795238,2.76547,-0.00132704,-0.00132704,-0.00132704,-0.00132704,-0.00132704,-0.00132704
27.1247,0.523599,0.0318567,2.96201,-0.00132704,-0.00132704,-0.00132704,-0.00132704,-0.00132704,-0.00132704
27.1497,0.523599,-0.015883,2.99054,-0.00132704,-0.00132704,-0.00132704,-0.00132704,-0.00132704,-0.00132704
27.1747,0.523599,-0.0635865,2.84945,-0.00132704,-0.00132704,-0.00132704,-0.00132704,-0.00132704,-0.00132704
27.1997,0.523599,-0.111145,2.54673,-0.00132704,-0.00132704,-0.00132704,-0.00132704,-0.00132704,-0.00132704
27.2247,0.523599,-0.15845,2.09956,-0.00132704,-0.00132704,-0.00132704,-0.00132704,-0.00132704,-0.00132704
27.2497,0.523599,-0.205394,1.5333,-0.00132704,-0.00132704,-0.00132704,-0.00132704,-0.00132704,-0.00132704
27.2747,0.523599,-0.25187,0.880064,-0.00132704,-0.00132704,-0.00132704,-0.00132704,-0.00132704,-0.00132704
27.2997,0.523599,-0.297772,0.176913,-0.00132704,-0.00132704,-0.00132704,-0.00132704,-0.00132704,-0.00132704
27.3247,0.523599,-0.342995,-0.536272,-0.00132704,-0.00132704,-0.00132704,-0.00132704,-0.00132704,-0.00132704
27.3497,0.523599,-0.387437,-1.21904,-0.00132704,-0.00132704,-0.00132704,-0.00132704,-0.00132704,-0.00132704
27.3747,0.523599,-0.430995,-1.83266,-0.00132704,-0.00132704,-0.00132704,-0.00132704,-0.00132704,-0.00132704
27.3997,0.523599,-0.473571,-2.34233,-0.00132704,-0.00132704,-0.00132704,-0.00132704,-0.00132704,-0.00132704
27.4247,0.523599,-0.515068,-2.71914,-0.00132704,-0.00132704,-0.00132704,-0.00132704,-0.00132704,-0.00132704
27.4497,0.523599,-0.555391,-2.94172,-0.00132704,-0.00132704,-0.00132704,-0.00132704,-0.00132704,-0.00132704
27.4747,0.523599,-0.594448,-2.99744,-0.00132704,-0.00132704,-0.00132704,-0.00132704,-0.00132704,-0.00132704
27.4997,0.523599,-0.63215,-2.88314,-0.00132704,-0.00132704,-0.00132704,-0.00132704,-0.00132704,-0.00132704
27.5247,0.523599,-0.668411,-2.60531,-0.00132704,-0.00132704,-0.00132704,-0.00132704,-0.00132704,-0.00132704
27.5497,0.523599,-0.703148,-2.1797,-0.00132704,-0.00132704,-0.00132704,-0.00132704,-0.00132704,-0.00132704
27.5747,0.523599,-0.736283,-1.63045,-0.00132704,-0.00132704,-0.00132704,-0.00132704,-0.00132704,-0.00132704
27.5997,0.523599,-0.76774,-0.988723,-0.00132704,-0.00132704,-0.00132704,-0.00132704,-0.00132704,-0.00132704
27.6247,0.523599,-0.797448,-0.290914,-0.00132704,-0.00132704,-0.00132704,-0.00132704,-0.00132704,-0.00132704
27.6497,0.523599,-0.825337,0.423396,-0.00132704,-0.00132704,-0.00132704,-0.00132704,-0.00132704,-0.00132704
27.6747,0.523599,-0.851345,1.11369,-0.00132704,-0.00132704,-0.00132704,-0.00132704,-0.00132704,-0.00132704
27.6997,0.523599,-0.875413,1.74082,-0.00132704,-0.00132704,-0.00132704,-0.00132704,-0.00132704,-0.00132704
27.7247,0.523599,-0.897486,2.2692,-0.00132704,-0.00132704,-0.00132704,-0.00132704,-0.00132704,-0.00132704
27.7497,0.523599,-0.917513,2.66887,-0.00132704,-0.00132704,-0.00132704,-0.00132704,-0.00132704,-0.00132704
27.7747,0.523599,-0.935449,2.91716,-0.00132704,-0.00132704,-0.00132704,-0.00132704,-0.00132704,-0.00132704
27.7997,0.523599,-0.951253,2.99998,-0.00132704,-0.00132704,-0.00132704,-0.00132704,-0.00132704,-0.00132704
27.8247,0.523599,-0.964889,2.91265,-0.00132704,-0.00132704,-0.00132704,-0.00132704,-0.00132704,-0.00132704
27.8497,0.523599,-0.976325,2.6601,-0.00132704,-0.00132704,-0.00132704,-0.00132704,-0.00132704,-0.00132704
27.8747,0.523599,-0.985536,2.25667,-0.00132704,-0.00132704,-0.00132704,-0.00132704,-0.00132704,-0.00132704
27.8997,0.523599,-0.992501,1.72524,-0.00132704,-0.00132704,-0.00132704,-0.00132704,-0.00132704,-0.00132704
27.9247,0.523599,-0.997204,1.09595,-0.00132704,-0.00132704,-0.00132704,-0.00132704,-0.00132704,-0.00132704
27.9497,0.523599,-0.999634,0.404492,-0.00132704,-0.00132704,-0.00132704,-0.00132704,-0.00132704,-0.00132704
27.9747,0.523599,-0.999786,-0.309905,-0.00132704,-0.00132704,-0.00132704,-0.00132704,-0.00132704,-0.00132704
27.9997,0.523599,-0.997659,-1.00672,-0.00132704,-0.00132704,-0.00132704,-0.00132704,-0.00132704,-0.00132704
28.0247,0.523599,-0.993258,-1.64644,-0.00132704,-0.00132704,-0.00132704,-0.00132704,-0.00132704,-0.00132704
28.0497,0.523599,-0.986593,-2.19277,-0.00132704,-0.00132704,-0.00132704,-0.00132704,-0.00132704,-0.00132704
28.0747,0.523599,-0.977679,-2.61472,-0.00132704,-0.00132704,-0.00132704,-0.00132704,-0.00132704,-0.00132704
28.0997,0.523599,-0.966537,-2.88836,-0.00132704,-0.00132704,-0.00132704,-0.00132704,-0.00132704,-0.00132704
28.1247,0.523599,-0.953193,-2.99817,-0.00132704,-0.00132704,-0.00132704,-0.00132704,-0.00132704,-0.00132704
28.1497,0.523599,-0.937675,-2.93792,-0.00132704,-0.00132704,-0.00132704,-0.00132704,-0.00132704,-0.00132704
28.1747,0.523599,-0.920021,-2.71103,-0.00132704,-0.00132704,-0.00132704,-0.00132704,-0.00132704,-0.00132704
28.1997,0.523599,-0.900269,-2.33036,-0.00132704,-0.00132704,-0.00132704,-0.00132704,-0.00132704,-0.00132704
28.2247,0.523599,-0.878466,-1.81751,-0.00132704,-0.00132704,-0.00132704,-0.00132704,-0.00132704,-0.00132704
28.2497,0.523599,-0.85466,-1.20158,-0.00132704,-0.00132704,-0.00132704,-0.00132704,-0.00132704,-0.00132704
28.2747,0.523599,-0.828906,-0.517482,-0.00132704,-0.00132704,-0.00132704,-0.00132704,-0.00132704,-0.00132704
28.2997,0.523599,-0.801264,0.195963,-0.00132704,-0.00132704,-0.00132704,-0.00132704,-0.00132704,-0.00132704
28.3247,0.523599,-0.771795,0.898293,-0.00132704,-0.00132704,-0.00132704,-0.00132704,-0.00132704,-0.00132704
28.3497,0.523599,-0.740566,1.54967,-0.00132704,-0.00132704,-0.00132704,-0.00132704,-0.00132704,-0.00132704
28.3747,0.523599,-0.70765,2.11315,-0.00132704,-0.00132704,-0.00132704,-0.00132704,-0.00132704,-0.00132704
28.3997,0.523599,-0.673121,2.55677,-0.00132704,-0.00132704,-0.00132704,-0.00132704,-0.00132704,-0.00132704
28.4247,0.523599,-0.637058,2.85536,-0.00132704,-0.00132704,-0.00132704,-0.00132704,-0.00132704,-0.00132704
28.4497,0.523599,-0.599543,2.992,-0.00132704,-0.00132704,-0.00132704,-0.00132704,-0.00132704,-0.00132704
28.4747,0.523599,-0.560661,2.95892,-0.00132704,-0.00132704,-0.00132704,-0.00132704,-0.00132704,-0.00132704
28.4997,0.523599,-0.520502,2.75801,-0.00132704,-0.00132704,-0.00132704,-0.00132704,-0.00132704,-0.00132704
28.5247,0.523599,-0.479156,2.40067,-0.00132704,-0.00132704,-0.00132704,-0.00132704,-0.00132704,-0.00132704
28.5497,0.523599,-0.436718,1.90715,-0.00132704,-0.00132704,-0.00132704,-0.00132704,-0.00132704,-0.00132704
28.5747,0.523599,-0.393284,1.30546,-0.00132704,-0.00132704,-0.00132704,-0.00132704,-0.00132704,-0.00132704
28.5997,0.523599,-0.348954,0.629721,-0.00132704,-0.00132704,-0.00132704,-0.00132704,-0.00132704,-0.00132704
28.6247,0.523599,-0.303829,-0.0817368,-0.00132704,-0.00132704,-0.00132704,-0.00132704,-0.00132704,-0.00132704
28.6497,0.523599,-0.258012,-0.788558,-0.00132704,-0.00132704,-0.00132704,-0.00132704,-0.00132704,-0.00132704
28.6747,0.523599,-0.211606,-1.45065,-0.00132704,-0.00132704,-0.00132704,-0.00132704,-0.00132704,-0.00132704
28.6997,0.523599,-0.164718,-2.03046,-0.00132704,-0.00132704,-0.00132704,-0.00132704,-0.00132704,-0.00132704
28.7247,0.523599,-0.117455,-2.4951,-0.00132704,-0.00132704,-0.00132704,-0.00132704,-0.00132704,-0.00132704
28.7497,0.523599,-0.0699236,-2.81822,-0.00132704,-0.00132704,-0.00132704,-0.00132704,-0.00132704,-0.00132704
28.7747,0.523599,-0.0222331,-2.98148,-0.00132704,-0.00132704,-0.00132704,-0.00132704,-0.00132704,-0.00132704
28.7997,0.523599,0.025508,-2.97563,-0.00132704,-0.00132704,-0.00132704,-0.00132704,-0.00132704,-0.00132704
28.8247,0.523599,0.0731911,-2.801,-0.00132704,-0.00132704,-0.00132704,-0.00132704,-0.00132704,-0.00132704
28.8497,0.523599,0.120707,-2.46749,-0.00132704,-0.00132704,-0.00132704,-0.00132704,-0.00132704,-0.00132704
28.8747,0.523599,0.167948,-1.99402,-0.00132704,-0.00132704,-0.00132704,-0.00132704,-0.00132704,-0.00132704
28.8997,0.523599,0.214807,-1.40745,-0.00132704,-0.00132704,-0.00132704,-0.00132704,-0.00132704,-0.00132704
28.9247,0.523599,0.261175,-0.741045,-0.00132704,-0.00132704,-0.00132704,-0.00132704,-0.00132704,-0.00132704
28.9497,0.523599,0.306949,-0.0326083,-0.00132704,-0.00132704,-0.00132704,-0.00132704,-0.00132704,-0.00132704
28.9747,0.523599,0.352023,0.677678,-0.00132704,-0.00132704,-0.00132704,-0.00132704,-0.00132704,-0.00132704
28.9997,0.523599,0.396294,1.34952,-0.00132704,-0.00132704,-0.00132704,-0.00132704,-0.00132704,-0.00132704
29.0247,0.523599,0.439662,1.94482,-0.00132704,-0.00132704,-0.00132704,-0.00132704,-0.00132704,-0.00132704
29.0497,0.523599,0.482028,2.42981,-0.00132704,-0.00132704,-0.00132704,-0.00132704,-0.00132704,-0.00132704
29.0747,0.523599,0.523296,2.77698,-0.00132704,-0.00132704,-0.00132704,-0.00132704,-0.00132704,-0.00132704
29.0997,0.523599,0.563371,2.96663,-0.00132704,-0.00132704,-0.00132704,-0.00132704,-0.00132704,-0.00132704
29.1247,0.523599,0.602161,2.98801,-0.00132704,-0.00132704,-0.00132704,-0.00132704,-0.00132704,-0.00132704
29.1497,0.523599,0.63958,2.83991,-0.00132704,-0.00132704,-0.00132704,-0.00132704,-0.00132704,-0.00132704
29.1747,0.523599,0.67554,2.53072,-0.00132704,-0.00132704,-0.00132704,-0.00132704,-0.00132704,-0.00132704
29.1997,0.523599,0.709961,2.07799,-0.00132704,-0.00132704,-0.00132704,-0.00132704,-0.00132704,-0.00132704
29.2247,0.523599,0.742764,1.50739,-0.00132704,-0.00132704,-0.00132704,-0.00132704,-0.00132704,-0.00132704
29.2497,0.523599,0.773873,0.851292,-0.00132704,-0.00132704,-0.00132704,-0.00132704,-0.00132704,-0.00132704
29.2747,0.523599,0.803219,0.146906,-0.00132704,-0.00132704,-0.00132704,-0.00132704,-0.00132704,-0.00132704
29.2997,0.523599,0.830735,-0.565812,-0.00132704,-0.00132704,-0.00132704,-0.00132704,-0.00132704,-0.00132704
29.3247,0.523599,0.856356,-1.24644,-0.00132704,-0.00132704,-0.00132704,-0.00132704,-0.00132704,-0.00132704
29.3497,0.523599,0.880026,-1.85636,-0.00132704,-0.00132704,-0.00132704,-0.00132704,-0.00132704,-0.00132704
29.3747,0.523599,0.90169,-2.36099,-0.00132704,-0.00132704,-0.00132704,-0.00132704,-0.00132704,-0.00132704
29.3997,0.523599,0.921299,-2.7317,-0.00132704,-0.00132704,-0.00132704,-0.00132704,-0.00132704,-0.00132704
29.4247,0.523599,0.938809,-2.94747,-0.00132704,-0.00132704,-0.00132704,-0.00132704,-0.00132704,-0.00132704
29.4497,0.523599,0.954178,-2.99605,-0.00132704,-0.00132704,-0.00132704,-0.00132704,-0.00132704,-0.00132704
29.4747,0.523599,0.967373,-2.87469,-0.00132704,-0.00132704,-0.00132704,-0.00132704,-0.00132704,-0.00132704
29.4997,0.523599,0.978362,-2.59028,-0.00132704,-0.00132704,-0.00132704,-0.00132704,-0.00132704,-0.00132704
29.5247,0.523599,0.987122,-2.15894,-0.00132704,-0.00132704,-0.00132704,-0.00132704,-0.00132704,-0.00132704
29.5497,0.523599,0.993632,-1.60514,-0.00132704,-0.00132704,-0.00132704,-0.00132704,-0.00132704,-0.00132704
29.5747,0.523599,0.997877,-0.960302,-0.00132704,-0.00132704,-0.00132704,-0.00132704,-0.00132704,-0.00132704
29.5997,0.523599,0.999848,-0.26099,-0.00132704,-0.00132704,-0.00132704,-0.00132704,-0.00132704,-0.00132704
29.6247,0.523599,0.99954,0.453125,-0.00132704,-0.00132704,-0.00132704,-0.00132704,-0.00132704,-0.00132704
29.6497,0.523599,0.996954,1.14154,-0.00132704,-0.00132704,-0.00132704,-0.00132704,-0.00132704,-0.00132704
29.6747,0.523599,0.992096,1.7652,-0.00132704,-0.00132704,-0.00132704,-0.00132704,-0.00132704,-0.00132704
29.6997,0.523599,0.984976,2.28874,-0.00132704,-0.00132704,-0.00132704,-0.00132704,-0.00132704,-0.00132704
29.7247,0.523599,0.975611,2.68246,-0.00132704,-0.00132704,-0.00132704,-0.00132704,-0.00132704,-0.00132704
29.7497,0.523599,0.964023,2.92403,-0.00132704,-0.00132704,-0.00132704,-0.00132704,-0.00132704,-0.00132704
29.7747,0.523599,0.950238,2.99974,-0.00132704,-0.00132704,-0.00132704,-0.00132704,-0.00132704,-0.00132704
29.7997,0.523599,0.934286,2.9053,-0.00132704,-0.00132704,-0.00132704,-0.00132704,-0.00132704,-0.00132704
29.8247,0.523599,0.916205,2.64607,-0.00132704,-0.00132704,-0.00132704,-0.00132704,-0.00132704,-0.00132704
29.8497,0.523599,0.896036,2.23675,-0.00132704,-0.00132704,-0.00132704,-0.00132704,-0.00132704,-0.00132704
29.8747,0.523599,0.873825,1.70056,-0.00132704,-0.00132704,-0.00132704,-0.00132704,-0.00132704,-0.00132704
29.8997,0.523599,0.849622,1.06792,-0.00132704,-0.00132704,-0.00132704,-0.00132704,-0.00132704,-0.00132704
29.9247,0.523599,0.823483,0.374695,-0.00132704,-0.00132704,-0.00132704,-0.00132704,-0.00132704,-0.00132704
29.9497,0.523599,0.795467,-0.339779,-0.00132704,-0.00132704,-0.00132704,-0.00132704,-0.00132704,-0.00132704
29.9747,0.523599,0.765637,-1.03498,-0.00132704,-0.00132704,-0.00132704,-0.00132704,-0.00132704,-0.00132704
29.9997,0.523599,0.734063,-1.67148,-0.00132704,-0.00132704,-0.00132704,-0.00132704,-0.00132704,-0.00132704
30.0247,0.523599,0.700815,-2.21317,-0.00132704,-0.00132704,-0.00132704,-0.00132704,-0.00132704,-0.00132704
30.0497,0.523599,0.665971,-2.62932,-0.00132704,-0.00132704,-0.00132704,-0.00132704,-0.00132704,-0.00132704
30.0747,0.523599,0.629608,-2.89634,-0.00132704,-0.00132704,-0.00132704,-0.00132704,-0.00132704,-0.00132704
30.0997,0.523599,0.59181,-2.99907,-0.00132704,-0.00132704,-0.00132704,-0.00132704,-0.00132704,-0.00132704
30.1247,0.523599,0.552664,-2.93169,-0.00132704,-0.00132704,-0.00132704,-0.00132704,-0.00132704,-0.00132704
30.1497,0.523599,0.512257,-2.69802,-0.00132704,-0.00132704,-0.00132704,-0.00132704,-0.00132704,-0.00132704
30.1747,0.523599,0.470684,-2.31132,-0.00132704,-0.00132704,-0.00132704,-0.00132704,-0.00132704,-0.00132704
30.1997,0.523599,0.428037,-1.79351,-0.00132704,-0.00132704,-0.00132704,-0.00132704,-0.00132704,-0.00132704
30.2247,0.523599,0.384415,-1.17398,-0.00132704,-0.00132704,-0.00132704,-0.00132704,-0.00132704,-0.00132704
30.2497,0.523599,0.339916,-0.487856,-0.00132704,-0.00132704,-0.00132704,-0.00132704,-0.00132704,-0.00132704
30.2747,0.523599,0.294643,0.22594,-0.00132704,-0.00132704,-0.00132704,-0.00132704,-0.00132704,-0.00132704
30.2997,0.523599,0.248699,0.92692,-0.00132704,-0.00132704,-0.00132704,-0.00132704,-0.00132704,-0.00132704
30.3247,0.523599,0.202187,1.57532,-0.00132704,-0.00132704,-0.00132704,-0.00132704,-0.00132704,-0.00132704
30.3497,0.523599,0.155215,2.13437,-0.00132704,-0.00132704,-0.00132704,-0.00132704,-0.00132704,-0.00132704
30.3747,0.523599,0.107889,2.57236,-0.00132704,-0.00132704,-0.00132704,-0.00132704,-0.00132704,-0.00132704
30.3997,0.523599,0.0603169,2.86444,-0.00132704,-0.00132704,-0.00132704,-0.00132704,-0.00132704,-0.00132704
30.4247,0.523599,0.0126075,2.99404,-0.00132704,-0.00132704,-0.00132704,-0.00132704,-0.00132704,-0.00132704
30.4497,0.523599,-0.0351307,2.95382,-0.00132704,-0.00132704,-0.00132704,-0.00132704,-0.00132704,-0.00132704
30.4747,0.523599,-0.0827888,2.74605,-0.00132704,-0.00132704,-0.00132704,-0.00132704,-0.00132704,-0.00132704
30.4997,0.523599,-0.130258,2.38253,-0.00132704,-0.00132704,-0.00132704,-0.00132704,-0.00132704,-0.00132704
30.5247,0.523599,-0.177431,1.88386,-0.00132704,-0.00132704,-0.00132704,-0.00132704,-0.00132704,-0.00132704
30.5497,0.523599,-0.224199,1.27834,-0.00132704,-0.00132704,-0.00132704,-0.00132704,-0.00132704,-0.00132704
30.5747,0.523599,-0.270456,0.600308,-0.00132704,-0.00132704,-0.00132704,-0.00132704,-0.00132704,-0.00132704
30.5997,0.523599,-0.316097,-0.111772,-0.00132704,-0.00132704,-0.00132704,-0.00132704,-0.00132704,-0.00132704
30.6247,0.523599,-0.361017,-0.817513,-0.00132704,-0.00132704,-0.00132704,-0.00132704,-0.00132704,-0.00132704
30.6497,0.523599,-0.405114,-1.47688,-0.00132704,-0.00132704,-0.00132704,-0.00132704,-0.00132704,-0.00132704
30.6747,0.523599,-0.448288,-2.05248,-0.00132704,-0.00132704,-0.00132704,-0.00132704,-0.00132704,-0.00132704
30.6997,0.523599,-0.490441,-2.51166,-0.00132704,-0.00132704,-0.00132704,-0.00132704,-0.00132704,-0.00132704
30.7247,0.523599,-0.531475,-2.82838,-0.00132704,-0.00132704,-0.00132704,-0.00132704,-0.00132704,-0.00132704
30.7497,0.523599,-0.571298,-2.98466,-0.00132704,-0.00132704,-0.00132704,-0.00132704,-0.00132704,-0.00132704
30.7747,0.523599,-0.609819,-2.97166,-0.00132704,-0.00132704,-0.00132704,-0.00132704,-0.00132704,-0.00132704
30.7997,0.523599,-0.646951,-2.79009,-0.00132704,-0.00132704,-0.00132704,-0.00132704,-0.00132704,-0.00132704
30.8247,0.523599,-0.682607,-2.45027,-0.00132704,-0.00132704,-0.00132704,-0.00132704,-0.00132704,-0.00132704
30.8497,0.523599,-0.716708,-1.97147,-0.00132704,-0.00132704,-0.00132704,-0.00132704,-0.00132704,-0.00132704
30.8747,0.523599,-0.749175,-1.38084,-0.00132704,-0.00132704,-0.00132704,-0.00132704,-0.00132704,-0.00132704
30.8997,0.523599,-0.779935,-0.711888,-0.00132704,-0.00132704,-0.00132704,-0.00132704,-0.00132704,-0.00132704
30.9247,0.523599,-0.808917,-0.00255779,-0.00132704,-0.00132704,-0.00132704,-0.00132704,-0.00132704,-0.00132704
30.9497,0.523599,-0.836055,0.706917,-0.00132704,-0.00132704,-0.00132704,-0.00132704,-0.00132704,-0.00132704
30.9747,0.523599,-0.861288,1.3763,-0.00132704,-0.00132704,-0.00132704,-0.00132704,-0.00132704,-0.00132704
30.9997,0.523599,-0.884558,1.96761,-0.00132704,-0.00132704,-0.00132704,-0.00132704,-0.00132704,-0.00132704
31.0247,0.523599,-0.905811,2.44732,-0.00132704,-0.00132704,-0.00132704,-0.00132704,-0.00132704,-0.00132704
31.0497,0.523599,-0.925,2.78821,-0.00132704,-0.00132704,-0.00132704,-0.00132704,-0.00132704,-0.00132704
31.0747,0.523599,-0.942081,2.97095,-0.00132704,-0.00132704,-0.00132704,-0.00132704,-0.00132704,-0.00132704
31.0997,0.523599,-0.957015,2.98518,-0.00132704,-0.00132704,-0.00132704,-0.00132704,-0.00132704,-0.00132704
31.1247,0.523599,-0.969767,2.83008,-0.00132704,-0.00132704,-0.00132704,-0.00132704,-0.00132704,-0.00132704
31.1497,0.523599,-0.980309,2.51446,-0.00132704,-0.00132704,-0.00132704,-0.00132704,-0.00132704,-0.00132704
31.1747,0.523599,-0.988616,2.05621,-0.00132704,-0.00132704,-0.00132704,-0.00132704,-0.00132704,-0.00132704
31.1997,0.523599,-0.994671,1.48133,-0.00132704,-0.00132704,-0.00132704,-0.00132704,-0.00132704,-0.00132704
31.2247,0.523599,-0.998458,0.822433,-0.00132704,-0.00132704,-0.00132704,-0.00132704,-0.00132704,-0.00132704
31.2497,0.523599,-0.99997,0.116884,-0.00132704,-0.00132704,-0.00132704,-0.00132704,-0.00132704,-0.00132704
31.2747,0.523599,-0.999202,-0.595295,-0.00132704,-0.00132704,-0.00132704,-0.00132704,-0.00132704,-0.00132704
31.2997,0.523599,-0.996157,-1.27371,-0.00132704,-0.00132704,-0.00132704,-0.00132704,-0.00132704,-0.00132704
31.3247,0.523599,-0.990842,-1.87988,-0.00132704,-0.00132704,-0.00132704,-0.00132704,-0.00132704,-0.00132704
31.3497,0.523599,-0.983268,-2.37941,-0.00132704,-0.00132704,-0.00132704,-0.00132704,-0.00132704,-0.00132704
31.3747,0.523599,-0.973453,-2.74399,-0.00132704,-0.00132704,-0.00132704,-0.00132704,-0.00132704,-0.00132704
31.3997,0.523599,-0.961419,-2.95292,-0.00132704,-0.00132704,-0.00132704,-0.00132704,-0.00132704,-0.00132704
31.4247,0.523599,-0.947194,-2.99436,-0.00132704,-0.00132704,-0.00132704,-0.00132704,-0.00132704,-0.00132704
31.4497,0.523599,-0.930811,-2.86595,-0.00132704,-0.00132704,-0.00132704,-0.00132704,-0.00132704,-0.00132704
31.4747,0.523599,-0.912305,-2.57499,-0.00132704,-0.00132704,-0.00132704,-0.00132704,-0.00132704,-0.00132704
31.4997,0.523599,-0.891721,-2.13797,-0.00132704,-0.00132704,-0.00132704,-0.00132704,-0.00132704,-0.00132704
31.5247,0.523599,-0.869104,-1.57968,-0.00132704,-0.00132704,-0.00132704,-0.00132704,-0.00132704,-0.00132704
31.5497,0.523599,-0.844506,-0.931784,-0.00132704,-0.00132704,-0.00132704,-0.00132704,-0.00132704,-0.00132704
31.5747,0.523599,-0.817983,-0.231041,-0.00132704,-0.00132704,-0.00132704,-0.00132704,-0.00132704,-0.00132704
31.5997,0.523599,-0.789596,0.482808,-0.00132704,-0.00132704,-0.00132704,-0.00132704,-0.00132704,-0.00132704
31.6247,0.523599,-0.759409,1.16927,-0.00132704,-0.00132704,-0.00132704,-0.00132704,-0.00132704,-0.00132704
31.6497,0.523599,-0.727491,1.78941,-0.00132704,-0.00132704,-0.00132704,-0.00132704,-0.00132704,-0.00132704
31.6747,0.523599,-0.693916,2.30805,-0.00132704,-0.00132704,-0.00132704,-0.00132704,-0.00132704,-0.00132704
31.6997,0.523599,-0.658758,2.69578,-0.00132704,-0.00132704,-0.00132704,-0.00132704,-0.00132704,-0.00132704
31.7247,0.523599,-0.622099,2.9306,-0.00132704,-0.00132704,-0.00132704,-0.00132704,-0.00132704,-0.00132704
31.7497,0.523599,-0.584023,2.99919,-0.00132704,-0.00132704,-0.00132704,-0.00132704,-0.00132704,-0.00132704
31.7747,0.523599,-0.544615,2.89767,-0.00132704,-0.00132704,-0.00132704,-0.00132704,-0.00132704,-0.00132704
31.7997,0.523599,-0.503966,2.63178,-0.00132704,-0.00132704,-0.00132704,-0.00132704,-0.00132704,-0.00132704
31.8247,0.523599,-0.462168,2.21662,-0.00132704,-0.00132704,-0.00132704,-0.00132704,-0.00132704,-0.00132704
31.8497,0.523599,-0.419317,1.67572,-0.00132704,-0.00132704,-0.00132704,-0.00132704,-0.00132704,-0.00132704
31.8747,0.523599,-0.37551,1.03978,-0.00132704,-0.00132704,-0.00132704,-0.00132704,-0.00132704,-0.00132704
31.8997,0.523599,-0.330847,0.344861,-0.00132704,-0.00132704,-0.00132704,-0.00132704,-0.00132704,-0.00132704
31.9247,0.523599,-0.28543,-0.369619,-0.00132704,-0.00132704,-0.00132704,-0.00132704,-0.00132704,-0.00132704
31.9497,0.523599,-0.239363,-1.06313,-0.00132704,-0.00132704,-0.00132704,-0.00132704,-0.00132704,-0.00132704
31.9747,0.523599,-0.19275,-1.69635,-0.00132704,-0.00132704,-0.00132704,-0.00132704,-0.00132704,-0.00132704
31.9997,0.523599,-0.145697,-2.23334,-0.00132704,-0.00132704,-0.00132704,-0.00132704,-0.00132704,-0.00132704
32.0247,0.523599,-0.0983131,-2.64366,-0.00132704,-0.00132704,-0.00132704,-0.00132704,-0.00132704,-0.00132704
32.0497,0.523599,-0.050701,-2.90404,-0.00132704,-0.00132704,-0.00132704,-0.00132704,-0.00132704,-0.00132704
32.0747,0.523599,-0.00297339,-2.99967,-0.00132704,-0.00132704,-0.00132704,-0.00132704,-0.00132704,-0.00132704
32.0997,0.523599,0.044761,-2.92513,-0.00132704,-0.00132704,-0.00132704,-0.00132704,-0.00132704,-0.00132704
32.1247,0.523599,0.0923934,-2.68465,-0.00132704,-0.00132704,-0.00132704,-0.00132704,-0.00132704,-0.00132704
32.1497,0.523599,0.139815,-2.29187,-0.00132704,-0.00132704,-0.00132704,-0.00132704,-0.00132704,-0.00132704
32.1747,0.523599,0.186918,-1.76907,-0.00132704,-0.00132704,-0.00132704,-0.00132704,-0.00132704,-0.00132704
32.1997,0.523599,0.233595,-1.14591,-0.00132704,-0.00132704,-0.00132704,-0.00132704,-0.00132704,-0.00132704
32.2247,0.523599,0.27974,-0.457749,-0.00132704,-0.00132704,-0.00132704,-0.00132704,-0.00132704,-0.00132704
32.2497,0.523599,0.325247,0.256384,-0.00132704,-0.00132704,-0.00132704,-0.00132704,-0.00132704,-0.00132704
32.2747,0.523599,0.370012,0.955972,-0.00132704,-0.00132704,-0.00132704,-0.00132704,-0.00132704,-0.00132704
32.2997,0.523599,0.413934,1.60133,-0.00132704,-0.00132704,-0.00132704,-0.00132704,-0.00132704,-0.00132704
32.3247,0.523599,0.456912,2.15584,-0.00132704,-0.00132704,-0.00132704,-0.00132704,-0.00132704,-0.00132704
32.3497,0.523599,0.498849,2.58805,-0.00132704,-0.00132704,-0.00132704,-0.00132704,-0.00132704,-0.00132704
32.3747,0.523599,0.539648,2.87345,-0.00132704,-0.00132704,-0.00132704,-0.00132704,-0.00132704,-0.00132704
32.3997,0.523599,0.579218,2.99583,-0.00132704,-0.00132704,-0.00132704,-0.00132704,-0.00132704,-0.00132704
32.4247,0.523599,0.617467,2.94826,-0.00132704,-0.00132704,-0.00132704,-0.00132704,-0.00132704,-0.00132704
32.4497,0.523599,0.654308,2.73343,-0.00132704,-0.00132704,-0.00132704,-0.00132704,-0.00132704,-0.00132704
32.4747,0.523599,0.689658,2.36354,-0.00132704,-0.00132704,-0.00132704,-0.00132704,-0.00132704,-0.00132704
32.4997,0.523599,0.723436,1.85956,-0.00132704,-0.00132704,-0.00132704,-0.00132704,-0.00132704,-0.00132704
32.5247,0.523599,0.755565,1.25009,-0.00132704,-0.00132704,-0.00132704,-0.00132704,-0.00132704,-0.00132704
32.5497,0.523599,0.785971,0.569709,-0.00132704,-0.00132704,-0.00132704,-0.00132704,-0.00132704,-0.00132704
32.5747,0.523599,0.814586,-0.142997,-0.00132704,-0.00132704,-0.00132704,-0.00132704,-0.00132704,-0.00132704
32.5997,0.523599,0.841343,-0.847591,-0.00132704,-0.00132704,-0.00132704,-0.00132704,-0.00132704,-0.00132704
32.6247,0.523599,0.866183,-1.5041,-0.00132704,-0.00132704,-0.00132704,-0.00132704,-0.00132704,-0.00132704
32.6497,0.523599,0.889049,-2.07528,-0.00132704,-0.00132704,-0.00132704,-0.00132704,-0.00132704,-0.00132704
32.6747,0.523599,0.909887,-2.52873,-0.00132704,-0.00132704,-0.00132704,-0.00132704,-0.00132704,-0.00132704
32.6997,0.523599,0.928652,-2.83873,-0.00132704,-0.00132704,-0.00132704,-0.00132704,-0.00132704,-0.00132704
32.7247,0.523599,0.945299,-2.98769,-0.00132704,-0.00132704,-0.00132704,-0.00132704,-0.00132704,-0.00132704
32.7497,0.523599,0.959792,-2.96715,-0.00132704,-0.00132704,-0.00132704,-0.00132704,-0.00132704,-0.00132704
32.7747,0.523599,0.972097,-2.77829,-0.00132704,-0.00132704,-0.00132704,-0.00132704,-0.00132704,-0.00132704
32.7997,0.523599,0.982186,-2.43182,-0.00132704,-0.00132704,-0.00132704,-0.00132704,-0.00132704,-0.00132704
32.8247,0.523599,0.990035,-1.94739,-0.00132704,-0.00132704,-0.00132704,-0.00132704,-0.00132704,-0.00132704
32.8497,0.523599,0.995628,-1.35248,-0.00132704,-0.00132704,-0.00132704,-0.00132704,-0.00132704,-0.00132704
32.8747,0.523599,0.998952,-0.680851,-0.00132704,-0.00132704,-0.00132704,-0.00132704,-0.00132704,-0.00132704
32.8997,0.523599,0.999998,0.0294054,-0.00132704,-0.00132704,-0.00132704,-0.00132704,-0.00132704,-0.00132704
32.9247,0.523599,0.998765,0.737993,-0.00132704,-0.00132704,-0.00132704,-0.00132704,-0.00132704,-0.00132704
32.9497,0.523599,0.995255,1.40471,-0.00132704,-0.00132704,-0.00132704,-0.00132704,-0.00132704,-0.00132704
32.9747,0.523599,0.989476,1.99175,-0.00132704,-0.00132704,-0.00132704,-0.00132704,-0.00132704,-0.00132704
32.9997,0.523599,0.981441,2.46579,-0.00132704,-0.00132704,-0.00132704,-0.00132704,-0.00132704,-0.00132704
33.0247,0.523599,0.97117,2.79994,-0.00132704,-0.00132704,-0.00132704,-0.00132704,-0.00132704,-0.00132704
33.0497,0.523599,0.958684,2.97526,-0.00132704,-0.00132704,-0.00132704,-0.00132704,-0.00132704,-0.00132704
33.0747,0.523599,0.944013,2.98179,-0.00132704,-0.00132704,-0.00132704,-0.00132704,-0.00132704,-0.00132704
33.0997,0.523599,0.92719,2.81916,-0.00132704,-0.00132704,-0.00132704,-0.00132704,-0.00132704,-0.00132704
33.1247,0.523599,0.908254,2.49661,-0.00132704,-0.00132704,-0.00132704,-0.00132704,-0.00132704,-0.00132704
33.1497,0.523599,0.887247,2.03242,-0.00132704,-0.00132704,-0.00132704,-0.00132704,-0.00132704,-0.00132704
33.1747,0.523599,0.864217,1.45293,-0.00132704,-0.00132704,-0.00132704,-0.00132704,-0.00132704,-0.00132704
33.1997,0.523599,0.839218,0.791016,-0.00132704,-0.00132704,-0.00132704,-0.00132704,-0.00132704,-0.00132704
33.2247,0.523599,0.812305,0.0842286,-0.00132704,-0.00132704,-0.00132704,-0.00132704,-0.00132704,-0.00132704
33.2497,0.523599,0.783541,-0.627337,-0.00132704,-0.00132704,-0.00132704,-0.00132704,-0.00132704,-0.00132704
33.2747,0.523599,0.752991,-1.30331,-0.00132704,-0.00132704,-0.00132704,-0.00132704,-0.00132704,-0.00132704
33.2997,0.523599,0.720724,-1.90535,-0.00132704,-0.00132704,-0.00132704,-0.00132704,-0.00132704,-0.00132704
33.3247,0.523599,0.686814,-2.3993,-0.00132704,-0.00132704,-0.00132704,-0.00132704,-0.00132704,-0.00132704
33.3497,0.523599,0.651338,-2.75714,-0.00132704,-0.00132704,-0.00132704,-0.00132704,-0.00132704,-0.00132704
33.3747,0.523599,0.614378,-2.95857,-0.00132704,-0.00132704,-0.00132704,-0.00132704,-0.00132704,-0.00132704
33.3997,0.523599,0.576017,-2.99215,-0.00132704,-0.00132704,-0.00132704,-0.00132704,-0.00132704,-0.00132704
33.4247,0.523599,0.536343,-2.85599,-0.00132704,-0.00132704,-0.00132704,-0.00132704,-0.00132704,-0.00132704
33.4497,0.523599,0.495447,-2.55781,-0.00132704,-0.00132704,-0.00132704,-0.00132704,-0.00132704,-0.00132704
33.4747,0.523599,0.453421,-2.11453,-0.00132704,-0.00132704,-0.00132704,-0.00132704,-0.00132704,-0.00132704
33.4997,0.523599,0.410361,-1.55129,-0.00132704,-0.00132704,-0.00132704,-0.00132704,-0.00132704,-0.00132704
33.5247,0.523599,0.366367,-0.900046,-0.00132704,-0.00132704,-0.00132704,-0.00132704,-0.00132704,-0.00132704
33.5497,0.523599,0.321536,-0.197742,-0.00132704,-0.00132704,-0.00132704,-0.00132704,-0.00132704,-0.00132704
33.5747,0.523599,0.275973,0.51578,-0.00132704,-0.00132704,-0.00132704,-0.00132704,-0.00132704,-0.00132704
33.5998,0.523599,0.229781,1.20004,-0.00132704,-0.00132704,-0.00132704,-0.00132704,-0.00132704,-0.00132704
33.6248,0.523599,0.183065,1.81623,-0.00132704,-0.00132704,-0.00132704,-0.00132704,-0.00132704,-0.00132704
33.6498,0.523599,0.135932,2.32938,-0.00132704,-0.00132704,-0.00132704,-0.00132704,-0.00132704,-0.00132704
33.6748,0.523599,0.0884887,2.71038,-0.00132704,-0.00132704,-0.00132704,-0.00132704,-0.00132704,-0.00132704
33.6998,0.523599,0.0408439,2.93762,-0.00132704,-0.00132704,-0.00132704,-0.00132704,-0.00132704,-0.00132704
33.7248,0.523599,-0.00689411,2.99822,-0.00132704,-0.00132704,-0.00132704,-0.00132704,-0.00132704,-0.00132704
33.7498,0.523599,-0.0546164,2.88872,-0.00132704,-0.00132704,-0.00132704,-0.00132704,-0.00132704,-0.00132704
33.7748,0.523599,-0.102214,2.61535,-0.00132704,-0.00132704,-0.00132704,-0.00132704,-0.00132704,-0.00132704
33.7998,0.523599,-0.149579,2.19361,-0.00132704,-0.00132704,-0.00132704,-0.00132704,-0.00132704,-0.00132704
33.8248,0.523599,-0.196603,1.64743,-0.00132704,-0.00132704,-0.00132704,-0.00132704,-0.00132704,-0.00132704
33.8498,0.523599,-0.243178,1.00778,-0.00132704,-0.00132704,-0.00132704,-0.00132704,-0.00132704,-0.00132704
33.8748,0.523599,-0.2892,0.310971,-0.00132704,-0.00132704,-0.00132704,-0.00132704,-0.00132704,-0.00132704
33.8998,0.523599,-0.334562,-0.403484,-0.00132704,-0.00132704,-0.00132704,-0.00132704,-0.00132704,-0.00132704
33.9248,0.523599,-0.379161,-1.09505,-0.00132704,-0.00132704,-0.00132704,-0.00132704,-0.00132704,-0.00132704
33.9498,0.523599,-0.422896,-1.72449,-0.00132704,-0.00132704,-0.00132704,-0.00132704,-0.00132704,-0.00132704
33.9748,0.523599,-0.465667,-2.25611,-0.00132704,-0.00132704,-0.00132704,-0.00132704,-0.00132704,-0.00132704
33.9998,0.523599,-0.507376,-2.65973,-0.00132704,-0.00132704,-0.00132704,-0.00132704,-0.00132704,-0.00132704
34.0248,0.523599,-0.547929,-2.91247,-0.00132704,-0.00132704,-0.00132704,-0.00132704,-0.00132704,-0.00132704
34.0498,0.523599,-0.587233,-2.99998,-0.00132704,-0.00132704,-0.00132704,-0.00132704,-0.00132704,-0.00132704
34.0748,0.523599,-0.625198,-2.91731,-0.00132704,-0.00132704,-0.00132704,-0.00132704,-0.00132704,-0.00132704
34.0998,0.523599,-0.661738,-2.66914,-0.00132704,-0.00132704,-0.00132704,-0.00132704,-0.00132704,-0.00132704
34.1248,0.523599,-0.69677,-2.26954,-0.00132704,-0.00132704,-0.00132704,-0.00132704,-0.00132704,-0.00132704
34.1498,0.523599,-0.730213,-1.7412,-0.00132704,-0.00132704,-0.00132704,-0.00132704,-0.00132704,-0.00132704
34.1748,0.523599,-0.761992,-1.11408,-0.00132704,-0.00132704,-0.00132704,-0.00132704,-0.00132704,-0.00132704
34.1998,0.523599,-0.792033,-0.423754,-0.00132704,-0.00132704,-0.00132704,-0.00132704,-0.00132704,-0.00132704
34.2248,0.523599,-0.82027,0.290608,-0.00132704,-0.00132704,-0.00132704,-0.00132704,-0.00132704,-0.00132704
34.2498,0.523599,-0.846636,0.988485,-0.00132704,-0.00132704,-0.00132704,-0.00132704,-0.00132704,-0.00132704
34.2748,0.523599,-0.871072,1.63028,-0.00132704,-0.00132704,-0.00132704,-0.00132704,-0.00132704,-0.00132704
34.2998,0.523599,-0.893523,2.1796,-0.00132704,-0.00132704,-0.00132704,-0.00132704,-0.00132704,-0.00132704
34.3248,0.523599,-0.913936,2.60526,-0.00132704,-0.00132704,-0.00132704,-0.00132704,-0.00132704,-0.00132704
34.3498,0.523599,-0.932267,2.88313,-0.00132704,-0.00132704,-0.00132704,-0.00132704,-0.00132704,-0.00132704
34.3748,0.523599,-0.948472,2.99744,-0.00132704,-0.00132704,-0.00132704,-0.00132704,-0.00132704,-0.00132704
34.3998,0.523599,-0.962515,2.94171,-0.00132704,-0.00132704,-0.00132704,-0.00132704,-0.00132704,-0.00132704
34.4248,0.523599,-0.974364,2.71909,-0.00132704,-0.00132704,-0.00132704,-0.00132704,-0.00132704,-0.00132704
34.4498,0.523599,-0.983992,2.34222,-0.00132704,-0.00132704,-0.00132704,-0.00132704,-0.00132704,-0.00132704
34.4748,0.523599,-0.991377,1.83247,-0.00132704,-0.00132704,-0.00132704,-0.00132704,-0.00132704,-0.00132704
34.4998,0.523599,-0.996502,1.21877,-0.00132704,-0.00132704,-0.00132704,-0.00132704,-0.00132704,-0.00132704
34.5248,0.523599,-0.999355,0.53593,-0.00132704,-0.00132704,-0.00132704,-0.00132704,-0.00132704,-0.00132704
34.5498,0.523599,-0.99993,-0.177316,-0.00132704,-0.00132704,-0.00132704,-0.00132704,-0.00132704,-0.00132704
34.5748,0.523599,-0.998226,-0.880502,-0.00132704,-0.00132704,-0.00132704,-0.00132704,-0.00132704,-0.00132704
34.5998,0.523599,-0.994246,-1.53374,-0.00132704,-0.00132704,-0.00132704,-0.00132704,-0.00132704,-0.00132704
34.6248,0.523599,-0.988,-2.09996,-0.00132704,-0.00132704,-0.00132704,-0.00132704,-0.00132704,-0.00132704
34.6498,0.523599,-0.979501,-2.54706,-0.00132704,-0.00132704,-0.00132704,-0.00132704,-0.00132704,-0.00132704
34.6748,0.523599,-0.96877,-2.84966,-0.00132704,-0.00132704,-0.00132704,-0.00132704,-0.00132704,-0.00132704
34.6998,0.523599,-0.95583,-2.9906,-0.00132704,-0.00132704,-0.00132704,-0.00132704,-0.00132704,-0.00132704
34.7248,0.523599,-0.940712,-2.96189,-0.00132704,-0.00132704,-0.00132704,-0.00132704,-0.00132704,-0.00132704
34.7498,0.523599,-0.923449,-2.76514,-0.00132704,-0.00132704,-0.00132704,-0.00132704,-0.00132704,-0.00132704
34.7748,0.523599,-0.904081,-2.41153,-0.00132704,-0.00132704,-0.00132704,-0.00132704,-0.00132704,-0.00132704
34.7998,0.523599,-0.882652,-1.92112,-0.00132704,-0.00132704,-0.00132704,-0.00132704,-0.00132704,-0.00132704
34.8248,0.523599,-0.859211,-1.32172,-0.00132704,-0.00132704,-0.00132704,-0.00132704,-0.00132704,-0.00132704
34.8498,0.523599,-0.833811,-0.647336,-0.00132704,-0.00132704,-0.00132704,-0.00132704,-0.00132704,-0.00132704
34.8748,0.523599,-0.806511,0.0637689,-0.00132704,-0.00132704,-0.00132704,-0.00132704,-0.00132704,-0.00132704
34.8998,0.523599,-0.777372,0.771256,-0.00132704,-0.00132704,-0.00132704,-0.00132704,-0.00132704,-0.00132704
34.9248,0.523599,-0.746461,1.43499,-0.00132704,-0.00132704,-0.00132704,-0.00132704,-0.00132704,-0.00132704
34.9498,0.523599,-0.713848,2.01732,-0.00132704,-0.00132704,-0.00132704,-0.00132704,-0.00132704,-0.00132704
34.9748,0.523599,-0.679608,2.4852,-0.00132704,-0.00132704,-0.00132704,-0.00132704,-0.00132704,-0.00132704
34.9998,0.523599,-0.643819,2.8121,-0.00132704,-0.00132704,-0.00132704,-0.00132704,-0.00132704,-0.00132704
35.0248,0.523599,-0.606563,2.97947,-0.00132704,-0.00132704,-0.00132704,-0.00132704,-0.00132704,-0.00132704
35.0498,0.523599,-0.567923,2.97781,-0.00132704,-0.00132704,-0.00132704,-0.00132704,-0.00132704,-0.00132704
35.0748,0.523599,-0.527989,2.80723,-0.00132704,-0.00132704,-0.00132704,-0.00132704,-0.00132704,-0.00132704
35.0998,0.523599,-0.486852,2.47739,-0.00132704,-0.00132704,-0.00132704,-0.00132704,-0.00132704,-0.00132704
35.1248,0.523599,-0.444604,2.00701,-0.00132704,-0.00132704,-0.00132704,-0.00132704,-0.00132704,-0.00132704
35.1498,0.523599,-0.401343,1.42277,-0.00132704,-0.00132704,-0.00132704,-0.00132704,-0.00132704,-0.00132704
35.1748,0.523599,-0.357167,0.757813,-0.00132704,-0.00132704,-0.00132704,-0.00132704,-0.00132704,-0.00132704
35.1998,0.523599,-0.312177,0.0498695,-0.00132704,-0.00132704,-0.00132704,-0.00132704,-0.00132704,-0.00132704
35.2248,0.523599,-0.266476,-0.660903,-0.00132704,-0.00132704,-0.00132704,-0.00132704,-0.00132704,-0.00132704
35.2499,0.523599,-0.220167,-1.33418,-0.00132704,-0.00132704,-0.00132704,-0.00132704,-0.00132704,-0.00132704
35.2749,0.523599,-0.173356,-1.93177,-0.00132704,-0.00132704,-0.00132704,-0.00132704,-0.00132704,-0.00132704
35.2999,0.523599,-0.126149,-2.41978,-0.00132704,-0.00132704,-0.00132704,-0.00132704,-0.00132704,-0.00132704
35.3249,0.523599,-0.0786557,-2.7705,-0.00132704,-0.00132704,-0.00132704,-0.00132704,-0.00132704,-0.00132704
35.3499,0.523599,-0.0309827,-2.96406,-0.00132704,-0.00132704,-0.00132704,-0.00132704,-0.00132704,-0.00132704
35.3749,0.523599,0.0167609,-2.98947,-0.00132704,-0.00132704,-0.00132704,-0.00132704,-0.00132704,-0.00132704
35.3999,0.523599,0.0644664,-2.84529,-0.00132704,-0.00132704,-0.00132704,-0.00132704,-0.00132704,-0.00132704
35.4249,0.523599,0.112025,-2.53969,-0.00132704,-0.00132704,-0.00132704,-0.00132704,-0.00132704,-0.00132704
35.4499,0.523599,0.159328,-2.09001,-0.00132704,-0.00132704,-0.00132704,-0.00132704,-0.00132704,-0.00132704
35.4749,0.523599,0.206268,-1.52177,-0.00132704,-0.00132704,-0.00132704,-0.00132704,-0.00132704,-0.00132704
35.4999,0.523599,0.252738,-0.867203,-0.00132704,-0.00132704,-0.00132704,-0.00132704,-0.00132704,-0.00132704
35.5249,0.523599,0.298631,-0.163436,-0.00132704,-0.00132704,-0.00132704,-0.00132704,-0.00132704,-0.00132704
35.5499,0.523599,0.343844,0.549602,-0.00132704,-0.00132704,-0.00132704,-0.00132704,-0.00132704,-0.00132704
35.5749,0.523599,0.388273,1.23146,-0.00132704,-0.00132704,-0.00132704,-0.00132704,-0.00132704,-0.00132704
35.5999,0.523599,0.431817,1.84346,-0.00132704,-0.00132704,-0.00132704,-0.00132704,-0.00132704,-0.00132704
35.6249,0.523599,0.474377,2.35088,-0.00132704,-0.00132704,-0.00132704,-0.00132704,-0.00132704,-0.00132704
35.6499,0.523599,0.515855,2.72493,-0.00132704,-0.00132704,-0.00132704,-0.00132704,-0.00132704,-0.00132704
35.6749,0.523599,0.556157,2.9444,-0.00132704,-0.00132704,-0.00132704,-0.00132704,-0.00132704,-0.00132704
35.6999,0.523599,0.595191,2.99684,-0.00132704,-0.00132704,-0.00132704,-0.00132704,-0.00132704,-0.00132704
35.7249,0.523599,0.632869,2.87926,-0.00132704,-0.00132704,-0.00132704,-0.00132704,-0.00132704,-0.00132704
35.7499,0.523599,0.669104,2.59834,-0.00132704,-0.00132704,-0.00132704,-0.00132704,-0.00132704,-0.00132704
35.7749,0.523599,0.703814,2.17002,-0.00132704,-0.00132704,-0.00132704,-0.00132704,-0.00132704,-0.00132704
35.7999,0.523599,0.736919,1.6186,-0.00132704,-0.00132704,-0.00132704,-0.00132704,-0.00132704,-0.00132704
35.8249,0.523599,0.768345,0.975349,-0.00132704,-0.00132704,-0.00132704,-0.00132704,-0.00132704,-0.00132704
35.8499,0.523599,0.798019,0.276769,-0.00132704,-0.00132704,-0.00132704,-0.00132704,-0.00132704,-0.00132704
35.8749,0.523599,0.825874,-0.437512,-0.00132704,-0.00132704,-0.00132704,-0.00132704,-0.00132704,-0.00132704
35.8999,0.523599,0.851846,-1.12697,-0.00132704,-0.00132704,-0.00132704,-0.00132704,-0.00132704,-0.00132704
35.9249,0.523599,0.875876,-1.7525,-0.00132704,-0.00132704,-0.00132704,-0.00132704,-0.00132704,-0.00132704
35.9499,0.523599,0.89791,-2.27861,-0.00132704,-0.00132704,-0.00132704,-0.00132704,-0.00132704,-0.00132704
35.9749,0.523599,0.917897,-2.67545,-0.00132704,-0.00132704,-0.00132704,-0.00132704,-0.00132704,-0.00132704
35.9999,0.523599,0.935791,-2.92052,-0.00132704,-0.00132704,-0.00132704,-0.00132704,-0.00132704,-0.00132704
36.0249,0.523599,0.951553,-2.9999,-0.00132704,-0.00132704,-0.00132704,-0.00132704,-0.00132704,-0.00132704
36.0499,0.523599,0.965145,-2.9091,-0.00132704,-0.00132704,-0.00132704,-0.00132704,-0.00132704,-0.00132704
36.0749,0.523599,0.976537,-2.65327,-0.00132704,-0.00132704,-0.00132704,-0.00132704,-0.00132704,-0.00132704
36.0999,0.523599,0.985703,-2.24692,-0.00132704,-0.00132704,-0.00132704,-0.00132704,-0.00132704,-0.00132704
36.1249,0.523599,0.992622,-1.7131,-0.00132704,-0.00132704,-0.00132704,-0.00132704,-0.00132704,-0.00132704
36.1499,0.523599,0.997278,-1.08209,-0.00132704,-0.00132704,-0.00132704,-0.00132704,-0.00132704,-0.00132704
36.1749,0.523599,0.999661,-0.389704,-0.00132704,-0.00132704,-0.00132704,-0.00132704,-0.00132704,-0.00132704
36.1999,0.523599,0.999765,0.324795,-0.00132704,-0.00132704,-0.00132704,-0.00132704,-0.00132704,-0.00132704
36.2249,0.523599,0.99759,1.02087,-0.00132704,-0.00132704,-0.00132704,-0.00132704,-0.00132704,-0.00132704
36.2499,0.523599,0.993141,1.65903,-0.00132704,-0.00132704,-0.00132704,-0.00132704,-0.00132704,-0.00132704
36.2749,0.523599,0.986428,2.20307,-0.00132704,-0.00132704,-0.00132704,-0.00132704,-0.00132704,-0.00132704
36.2999,0.523599,0.977466,2.62213,-0.00132704,-0.00132704,-0.00132704,-0.00132704,-0.00132704,-0.00132704
36.3249,0.523599,0.966276,2.89244,-0.00132704,-0.00132704,-0.00132704,-0.00132704,-0.00132704,-0.00132704
36.3499,0.523599,0.952884,2.99866,-0.00132704,-0.00132704,-0.00132704,-0.00132704,-0.00132704,-0.00132704
36.3749,0.523599,0.937319,2.93477,-0.00132704,-0.00132704,-0.00132704,-0.00132704,-0.00132704,-0.00132704
36.3999,0.523599,0.919618,2.70439,-0.00132704,-0.00132704,-0.00132704,-0.00132704,-0.00132704,-0.00132704
36.4249,0.523599,0.89982,2.32059,-0.00132704,-0.00132704,-0.00132704,-0.00132704,-0.00132704,-0.00132704
36.4499,0.523599,0.877971,1.80514,-0.00132704,-0.00132704,-0.00132704,-0.00132704,-0.00132704,-0.00132704
36.4749,0.523599,0.854121,1.18729,-0.00132704,-0.00132704,-0.00132704,-0.00132704,-0.00132704,-0.00132704
36.4999,0.523599,0.828323,0.50208,-0.00132704,-0.00132704,-0.00132704,-0.00132704,-0.00132704,-0.00132704
36.5249,0.523599,0.800638,-0.211611,-0.00132704,-0.00132704,-0.00132704,-0.00132704,-0.00132704,-0.00132704
36.5499,0.523599,0.771127,-0.913298,-0.00132704,-0.00132704,-0.00132704,-0.00132704,-0.00132704,-0.00132704
36.5749,0.523599,0.739858,-1.56317,-0.00132704,-0.00132704,-0.00132704,-0.00132704,-0.00132704,-0.00132704
36.5999,0.523599,0.706903,-2.12437,-0.00132704,-0.00132704,-0.00132704,-0.00132704,-0.00132704,-0.00132704
36.6249,0.523599,0.672337,-2.56505,-0.00132704,-0.00132704,-0.00132704,-0.00132704,-0.00132704,-0.00132704
36.6499,0.523599,0.636238,-2.86022,-0.00132704,-0.00132704,-0.00132704,-0.00132704,-0.00132704,-0.00132704
36.6749,0.523599,0.598688,-2.99312,-0.00132704,-0.00132704,-0.00132704,-0.00132704,-0.00132704,-0.00132704
36.6999,0.523599,0.559774,-2.95623,-0.00132704,-0.00132704,-0.00132704,-0.00132704,-0.00132704,-0.00132704
36.7249,0.523599,0.519584,-2.75163,-0.00132704,-0.00132704,-0.00132704,-0.00132704,-0.00132704,-0.00132704
36.7499,0.523599,0.478209,-2.39093,-0.00132704,-0.00132704,-0.00132704,-0.00132704,-0.00132704,-0.00132704
36.7749,0.523599,0.435744,-1.8946,-0.00132704,-0.00132704,-0.00132704,-0.00132704,-0.00132704,-0.00132704
36.7999,0.523599,0.392286,-1.29078,-0.00132704,-0.00132704,-0.00132704,-0.00132704,-0.00132704,-0.00132704
36.8249,0.523599,0.347933,-0.613736,-0.00132704,-0.00132704,-0.00132704,-0.00132704,-0.00132704,-0.00132704
36.8499,0.523599,0.302788,0.098124,-0.00132704,-0.00132704,-0.00132704,-0.00132704,-0.00132704,-0.00132704
36.875,0.523599,0.256952,0.804417,-0.00132704,-0.00132704,-0.00132704,-0.00132704,-0.00132704,-0.00132704
36.9,0.523599,0.210531,1.46508,-0.00132704,-0.00132704,-0.00132704,-0.00132704,-0.00132704,-0.00132704
36.925,0.523599,0.163629,2.04262,-0.00132704,-0.00132704,-0.00132704,-0.00132704,-0.00132704,-0.00132704
36.95,0.523599,0.116355,2.50429,-0.00132704,-0.00132704,-0.00132704,-0.00132704,-0.00132704,-0.00132704
36.975,0.523599,0.0688151,2.82389,-0.00132704,-0.00132704,-0.00132704,-0.00132704,-0.00132704,-0.00132704
37,0.523599,0.0211185,2.98329,-0.00132704,-0.00132704,-0.00132704,-0.00132704,-0.00132704,-0.00132704
37.025,0.523599,-0.0266261,2.97345,-0.00132704,-0.00132704,-0.00132704,-0.00132704,-0.00132704,-0.00132704
37.05,0.523599,-0.0743101,2.79492,-0.00132704,-0.00132704,-0.00132704,-0.00132704,-0.00132704,-0.00132704
37.075,0.523599,-0.121825,2.45784,-0.00132704,-0.00132704,-0.00132704,-0.00132704,-0.00132704,-0.00132704
37.1,0.523599,-0.169062,1.98133,-0.00132704,-0.00132704,-0.00132704,-0.00132704,-0.00132704,-0.00132704
37.125,0.523599,-0.215913,1.39242,-0.00132704,-0.00132704,-0.00132704,-0.00132704,-0.00132704,-0.00132704
37.15,0.523599,-0.262272,0.724511,-0.00132704,-0.00132704,-0.00132704,-0.00132704,-0.00132704,-0.00132704
37.175,0.523599,-0.308034,0.0155039,-0.00132704,-0.00132704,-0.00132704,-0.00132704,-0.00132704,-0.00132704
37.2,0.523599,-0.353093,-0.694382,-0.00132704,-0.00132704,-0.00132704,-0.00132704,-0.00132704,-0.00132704
37.225,0.523599,-0.397347,-1.36488,-0.00132704,-0.00132704,-0.00132704,-0.00132704,-0.00132704,-0.00132704
37.25,0.523599,-0.440696,-1.95794,-0.00132704,-0.00132704,-0.00132704,-0.00132704,-0.00132704,-0.00132704
37.275,0.523599,-0.48304,-2.43993,-0.00132704,-0.00132704,-0.00132704,-0.00132704,-0.00132704,-0.00132704
37.3,0.523599,-0.524283,-2.78351,-0.00132704,-0.00132704,-0.00132704,-0.00132704,-0.00132704,-0.00132704
37.325,0.523599,-0.564331,-2.96917,-0.00132704,-0.00132704,-0.00132704,-0.00132704,-0.00132704,-0.00132704
37.35,0.523599,-0.603092,-2.9864,-0.00132704,-0.00132704,-0.00132704,-0.00132704,-0.00132704,-0.00132704
37.375,0.523599,-0.640478,-2.8342,-0.00132704,-0.00132704,-0.00132704,-0.00132704,-0.00132704,-0.00132704
37.4,0.523599,-0.676405,-2.52123,-0.00132704,-0.00132704,-0.00132704,-0.00132704,-0.00132704,-0.00132704
37.425,0.523599,-0.710789,-2.06522,-0.00132704,-0.00132704,-0.00132704,-0.00132704,-0.00132704,-0.00132704
37.45,0.523599,-0.743554,-1.49206,-0.00132704,-0.00132704,-0.00132704,-0.00132704,-0.00132704,-0.00132704
37.475,0.523599,-0.774623,-0.834246,-0.00132704,-0.00132704,-0.00132704,-0.00132704,-0.00132704,-0.00132704
37.5,0.523599,-0.803926,-0.12911,-0.00132704,-0.00132704,-0.00132704,-0.00132704,-0.00132704,-0.00132704
37.525,0.523599,-0.831397,0.583351,-0.00132704,-0.00132704,-0.00132704,-0.00132704,-0.00132704,-0.00132704
37.55,0.523599,-0.856973,1.26272,-0.00132704,-0.00132704,-0.00132704,-0.00132704,-0.00132704,-0.00132704
37.575,0.523599,-0.880595,1.87045,-0.00132704,-0.00132704,-0.00132704,-0.00132704,-0.00132704,-0.00132704
37.6,0.523599,-0.90221,2.37208,-0.00132704,-0.00132704,-0.00132704,-0.00132704,-0.00132704,-0.00132704
37.625,0.523599,-0.921768,2.73913,-0.00132704,-0.00132704,-0.00132704,-0.00132704,-0.00132704,-0.00132704
37.65,0.523599,-0.939224,2.9508,-0.00132704,-0.00132704,-0.00132704,-0.00132704,-0.00132704,-0.00132704
37.675,0.523599,-0.95454,2.99506,-0.00132704,-0.00132704,-0.00132704,-0.00132704,-0.00132704,-0.00132704
37.7,0.523599,-0.96768,2.86942,-0.00132704,-0.00132704,-0.00132704,-0.00132704,-0.00132704,-0.00132704
37.725,0.523599,-0.978614,2.58099,-0.00132704,-0.00132704,-0.00132704,-0.00132704,-0.00132704,-0.00132704
37.75,0.523599,-0.987317,2.14615,-0.00132704,-0.00132704,-0.00132704,-0.00132704,-0.00132704,-0.00132704
37.775,0.523599,-0.99377,1.58956,-0.00132704,-0.00132704,-0.00132704,-0.00132704,-0.00132704,-0.00132704
37.8,0.523599,-0.997957,0.942785,-0.00132704,-0.00132704,-0.00132704,-0.00132704,-0.00132704,-0.00132704
37.825,0.523599,-0.999869,0.24253,-0.00132704,-0.00132704,-0.00132704,-0.00132704,-0.00132704,-0.00132704
37.85,0.523599,-0.999502,-0.471483,-0.00132704,-0.00132704,-0.00132704,-0.00132704,-0.00132704,-0.00132704
37.875,0.523599,-0.996856,-1.15875,-0.00132704,-0.00132704,-0.00132704,-0.00132704,-0.00132704,-0.00132704
37.9,0.523599,-0.991938,-1.78028,-0.00132704,-0.00132704,-0.00132704,-0.00132704,-0.00132704,-0.00132704
37.925,0.523599,-0.984759,-2.30081,-0.00132704,-0.00132704,-0.00132704,-0.00132704,-0.00132704,-0.00132704
37.95,0.523599,-0.975335,-2.69082,-0.00132704,-0.00132704,-0.00132704,-0.00132704,-0.00132704,-0.00132704
37.975,0.523599,-0.963688,-2.92818,-0.00132704,-0.00132704,-0.00132704,-0.00132704,-0.00132704,-0.00132704
38,0.523599,-0.949844,-2.99943,-0.00132704,-0.00132704,-0.00132704,-0.00132704,-0.00132704,-0.00132704
38.025,0.523599,-0.933835,-2.90052,-0.00132704,-0.00132704,-0.00132704,-0.00132704,-0.00132704,-0.00132704
38.05,0.523599,-0.915697,-2.63706,-0.00132704,-0.00132704,-0.00132704,-0.00132704,-0.00132704,-0.00132704
38.075,0.523599,-0.895471,-2.224,-0.00132704,-0.00132704,-0.00132704,-0.00132704,-0.00132704,-0.00132704
38.1,0.523599,-0.873204,-1.68477,-0.00132704,-0.00132704,-0.00132704,-0.00132704,-0.00132704,-0.00132704
38.125,0.523599,-0.848947,-1.04997,-0.00132704,-0.00132704,-0.00132704,-0.00132704,-0.00132704,-0.00132704
38.15,0.523599,-0.822755,-0.355603,-0.00132704,-0.00132704,-0.00132704,-0.00132704,-0.00132704,-0.00132704
38.175,0.523599,-0.794687,0.358938,-0.00132704,-0.00132704,-0.00132704,-0.00132704,-0.00132704,-0.00132704
38.2,0.523599,-0.764807,1.05312,-0.00132704,-0.00132704,-0.00132704,-0.00132704,-0.00132704,-0.00132704
38.225,0.523599,-0.733184,1.68755,-0.00132704,-0.00132704,-0.00132704,-0.00132704,-0.00132704,-0.00132704
38.25,0.523599,-0.69989,2.22625,-0.00132704,-0.00132704,-0.00132704,-0.00132704,-0.00132704,-0.00132704
38.275,0.523599,-0.665,2.63866,-0.00132704,-0.00132704,-0.00132704,-0.00132704,-0.00132704,-0.00132704
38.3,0.523599,-0.628594,2.90137,-0.00132704,-0.00132704,-0.00132704,-0.00132704,-0.00132704,-0.00132704
38.325,0.523599,-0.590755,2.99949,-0.00132704,-0.00132704,-0.00132704,-0.00132704,-0.00132704,-0.00132704
38.35,0.523599,-0.55157,2.92745,-0.00132704,-0.00132704,-0.00132704,-0.00132704,-0.00132704,-0.00132704
38.375,0.523599,-0.511127,2.68934,-0.00132704,-0.00132704,-0.00132704,-0.00132704,-0.00132704,-0.00132704
38.4,0.523599,-0.46952,2.29866,-0.00132704,-0.00132704,-0.00132704,-0.00132704,-0.00132704,-0.00132704
38.425,0.523599,-0.426841,1.77757,-0.00132704,-0.00132704,-0.00132704,-0.00132704,-0.00132704,-0.00132704
38.45,0.523599,-0.38319,1.15565,-0.00132704,-0.00132704,-0.00132704,-0.00132704,-0.00132704,-0.00132704
38.475,0.523599,-0.338666,0.468165,-0.00132704,-0.00132704,-0.00132704,-0.00132704,-0.00132704,-0.00132704
38.5,0.523599,-0.293369,-0.245879,-0.00132704,-0.00132704,-0.00132704,-0.00132704,-0.00132704,-0.00132704
38.5251,0.523599,-0.247404,-0.945974,-0.00132704,-0.00132704,-0.00132704,-0.00132704,-0.00132704,-0.00132704
38.5501,0.523599,-0.200874,-1.5924,-0.00132704,-0.00132704,-0.00132704,-0.00132704,-0.00132704,-0.00132704
38.5751,0.523599,-0.153887,-2.1485,-0.00132704,-0.00132704,-0.00132704,-0.00132704,-0.00132704,-0.00132704
38.6001,0.523599,-0.106549,-2.58271,-0.00132704,-0.00132704,-0.00132704,-0.00132704,-0.00132704,-0.00132704
38.6251,0.523599,-0.0589677,-2.8704,-0.00132704,-0.00132704,-0.00132704,-0.00132704,-0.00132704,-0.00132704
38.6501,0.523599,-0.0112523,-2.99525,-0.00132704,-0.00132704,-0.00132704,-0.00132704,-0.00132704,-0.00132704
38.6751,0.523599,0.0364887,-2.95019,-0.00132704,-0.00132704,-0.00132704,-0.00132704,-0.00132704,-0.00132704
38.7001,0.523599,0.0841466,-2.73776,-0.00132704,-0.00132704,-0.00132704,-0.00132704,-0.00132704,-0.00132704
38.7251,0.523599,0.131613,-2.37002,-0.00132704,-0.00132704,-0.00132704,-0.00132704,-0.00132704,-0.00132704
38.7501,0.523599,0.178779,-1.86782,-0.00132704,-0.00132704,-0.00132704,-0.00132704,-0.00132704,-0.00132704
38.7751,0.523599,0.225537,-1.25967,-0.00132704,-0.00132704,-0.00132704,-0.00132704,-0.00132704,-0.00132704
38.8001,0.523599,0.271782,-0.580055,-0.00132704,-0.00132704,-0.00132704,-0.00132704,-0.00132704,-0.00132704
38.8251,0.523599,0.317406,0.132466,-0.00132704,-0.00132704,-0.00132704,-0.00132704,-0.00132704,-0.00132704
38.8501,0.523599,0.362308,0.837473,-0.00132704,-0.00132704,-0.00132704,-0.00132704,-0.00132704,-0.00132704
38.8751,0.523599,0.406383,1.49497,-0.00132704,-0.00132704,-0.00132704,-0.00132704,-0.00132704,-0.00132704
38.9001,0.523599,0.449532,2.06766,-0.00132704,-0.00132704,-0.00132704,-0.00132704,-0.00132704,-0.00132704
38.9251,0.523599,0.491656,2.52305,-0.00132704,-0.00132704,-0.00132704,-0.00132704,-0.00132704,-0.00132704
38.9501,0.523599,0.53266,2.8353,-0.00132704,-0.00132704,-0.00132704,-0.00132704,-0.00132704,-0.00132704
38.9751,0.523599,0.572449,2.98672,-0.00132704,-0.00132704,-0.00132704,-0.00132704,-0.00132704,-0.00132704
39.0001,0.523599,0.610933,2.96869,-0.00132704,-0.00132704,-0.00132704,-0.00132704,-0.00132704,-0.00132704
39.0251,0.523599,0.648025,2.78225,-0.00132704,-0.00132704,-0.00132704,-0.00132704,-0.00132704,-0.00132704
39.0501,0.523599,0.683639,2.43798,-0.00132704,-0.00132704,-0.00132704,-0.00132704,-0.00132704,-0.00132704
39.0751,0.523599,0.717695,1.95539,-0.00132704,-0.00132704,-0.00132704,-0.00132704,-0.00132704,-0.00132704
39.1001,0.523599,0.750115,1.36188,-0.00132704,-0.00132704,-0.00132704,-0.00132704,-0.00132704,-0.00132704
39.1251,0.523599,0.780825,0.691113,-0.00132704,-0.00132704,-0.00132704,-0.00132704,-0.00132704,-0.00132704
39.1501,0.523599,0.809756,-0.0188637,-0.00132704,-0.00132704,-0.00132704,-0.00132704,-0.00132704,-0.00132704
39.1751,0.523599,0.83684,-0.727771,-0.00132704,-0.00132704,-0.00132704,-0.00132704,-0.00132704,-0.00132704
39.2001,0.523599,0.862016,-1.39539,-0.00132704,-0.00132704,-0.00132704,-0.00132704,-0.00132704,-0.00132704
39.2251,0.523599,0.885228,-1.98385,-0.00132704,-0.00132704,-0.00132704,-0.00132704,-0.00132704,-0.00132704
39.2501,0.523599,0.906421,-2.45977,-0.00132704,-0.00132704,-0.00132704,-0.00132704,-0.00132704,-0.00132704
39.2751,0.523599,0.925549,-2.79614,-0.00132704,-0.00132704,-0.00132704,-0.00132704,-0.00132704,-0.00132704
39.3001,0.523599,0.942566,-2.97389,-0.00132704,-0.00132704,-0.00132704,-0.00132704,-0.00132704,-0.00132704
39.3251,0.523599,0.957435,-2.98293,-0.00132704,-0.00132704,-0.00132704,-0.00132704,-0.00132704,-0.00132704
39.3501,0.523599,0.970121,-2.82275,-0.00132704,-0.00132704,-0.00132704,-0.00132704,-0.00132704,-0.00132704
39.3751,0.523599,0.980596,-2.50244,-0.00132704,-0.00132704,-0.00132704,-0.00132704,-0.00132704,-0.00132704
39.4001,0.523599,0.988836,-2.04016,-0.00132704,-0.00132704,-0.00132704,-0.00132704,-0.00132704,-0.00132704
39.4251,0.523599,0.994821,-1.46214,-0.00132704,-0.00132704,-0.00132704,-0.00132704,-0.00132704,-0.00132704
39.4501,0.523599,0.998539,-0.80118,-0.00132704,-0.00132704,-0.00132704,-0.00132704,-0.00132704,-0.00132704
39.4751,0.523599,0.99998,-0.0947659,-0.00132704,-0.00132704,-0.00132704,-0.00132704,-0.00132704,-0.00132704
39.5001,0.523599,0.999142,0.617024,-0.00132704,-0.00132704,-0.00132704,-0.00132704,-0.00132704,-0.00132704
39.5251,0.523599,0.996026,1.29381,-0.00132704,-0.00132704,-0.00132704,-0.00132704,-0.00132704,-0.00132704
39.5501,0.523599,0.99064,1.8972,-0.00132704,-0.00132704,-0.00132704,-0.00132704,-0.00132704,-0.00132704
39.5751,0.523599,0.982995,2.39296,-0.00132704,-0.00132704,-0.00132704,-0.00132704,-0.00132704,-0.00132704
39.6001,0.523599,0.97311,2.75297,-0.00132704,-0.00132704,-0.00132704,-0.00132704,-0.00132704,-0.00132704
39.6251,0.523599,0.961006,2.9568,-0.00132704,-0.00132704,-0.00132704,-0.00132704,-0.00132704,-0.00132704
39.6501,0.523599,0.946712,2.99289,-0.00132704,-0.00132704,-0.00132704,-0.00132704,-0.00132704,-0.00132704
39.6751,0.523599,0.93026,2.8592,-0.00132704,-0.00132704,-0.00132704,-0.00132704,-0.00132704,-0.00132704
39.7001,0.523599,0.911687,2.56331,-0.00132704,-0.00132704,-0.00132704,-0.00132704,-0.00132704,-0.00132704
39.7251,0.523599,0.891035,2.122,-0.00132704,-0.00132704,-0.00132704,-0.00132704,-0.00132704,-0.00132704
39.7501,0.523599,0.868353,1.5603,-0.00132704,-0.00132704,-0.00132704,-0.00132704,-0.00132704,-0.00132704
39.7751,0.523599,0.843691,0.910097,-0.00132704,-0.00132704,-0.00132704,-0.00132704,-0.00132704,-0.00132704
39.8001,0.523599,0.817106,0.20826,-0.00132704,-0.00132704,-0.00132704,-0.00132704,-0.00132704,-0.00132704
39.8251,0.523599,0.788658,-0.505392,-0.00132704,-0.00132704,-0.00132704,-0.00132704,-0.00132704,-0.00132704
39.8501,0.523599,0.758413,-1.19037,-0.00132704,-0.00132704,-0.00132704,-0.00132704,-0.00132704,-0.00132704
39.8751,0.523599,0.726438,-1.80782,-0.00132704,-0.00132704,-0.00132704,-0.00132704,-0.00132704,-0.00132704
39.9001,0.523599,0.692808,-2.32272,-0.00132704,-0.00132704,-0.00132704,-0.00132704,-0.00132704,-0.00132704
39.9251,0.523599,0.657598,-2.70584,-0.00132704,-0.00132704,-0.00132704,-0.00132704,-0.00132704,-0.00132704
39.9501,0.523599,0.620889,-2.93547,-0.00132704,-0.00132704,-0.00132704,-0.00132704,-0.00132704,-0.00132704
39.9751,0.523599,0.582765,-2.99856,-0.00132704,-0.00132704,-0.00132704,-0.00132704,-0.00132704,-0.00132704
40.0001,0.523599,0.543312,-2.89155,-0.00132704,-0.00132704,-0.00132704,-0.00132704,-0.00132704,-0.00132704
40.0251,0.523599,0.502621,-2.6205,-0.00132704,-0.00132704,-0.00132704,-0.00132704,-0.00132704,-0.00132704
40.0501,0.523599,0.460785,-2.20079,-0.00132704,-0.00132704,-0.00132704,-0.00132704,-0.00132704,-0.00132704
40.0751,0.523599,0.417897,-1.65623,-0.00132704,-0.00132704,-0.00132704,-0.00132704,-0.00132704,-0.00132704
40.1001,0.523599,0.374057,-1.01771,-0.00132704,-0.00132704,-0.00132704,-0.00132704,-0.00132704,-0.00132704
40.1251,0.523599,0.329365,-0.321454,-0.00132704,-0.00132704,-0.00132704,-0.00132704,-0.00132704,-0.00132704
40.1502,0.523599,0.283921,0.393035,-0.00132704,-0.00132704,-0.00132704,-0.00132704,-0.00132704,-0.00132704
40.1752,0.523599,0.237831,1.08523,-0.00132704,-0.00132704,-0.00132704,-0.00132704,-0.00132704,-0.00132704
40.2002,0.523599,0.191198,1.71586,-0.00132704,-0.00132704,-0.00132704,-0.00132704,-0.00132704,-0.00132704
40.2252,0.523599,0.144129,2.24914,-0.00132704,-0.00132704,-0.00132704,-0.00132704,-0.00132704,-0.00132704
40.2502,0.523599,0.0967323,2.65484,-0.00132704,-0.00132704,-0.00132704,-0.00132704,-0.00132704,-0.00132704
40.2752,0.523599,0.0491146,2.90992,-0.00132704,-0.00132704,-0.00132704,-0.00132704,-0.00132704,-0.00132704
40.3002,0.523599,0.001385,2.99993,-0.00132704,-0.00132704,-0.00132704,-0.00132704,-0.00132704,-0.00132704
40.3252,0.523599,-0.0463478,2.91975,-0.00132704,-0.00132704,-0.00132704,-0.00132704,-0.00132704,-0.00132704
40.3502,0.523599,-0.0939749,2.67393,-0.00132704,-0.00132704,-0.00132704,-0.00132704,-0.00132704,-0.00132704
40.3752,0.523599,-0.141388,2.27642,-0.00132704,-0.00132704,-0.00132704,-0.00132704,-0.00132704,-0.00132704
40.4002,0.523599,-0.188478,1.74977,-0.00132704,-0.00132704,-0.00132704,-0.00132704,-0.00132704,-0.00132704
40.4252,0.523599,-0.235139,1.12386,-0.00132704,-0.00132704,-0.00132704,-0.00132704,-0.00132704,-0.00132704
40.4502,0.523599,-0.281264,0.434188,-0.00132704,-0.00132704,-0.00132704,-0.00132704,-0.00132704,-0.00132704
40.4752,0.523599,-0.326748,-0.280114,-0.00132704,-0.00132704,-0.00132704,-0.00132704,-0.00132704,-0.00132704
40.5002,0.523599,-0.371487,-0.978525,-0.00132704,-0.00132704,-0.00132704,-0.00132704,-0.00132704,-0.00132704
40.5252,0.523599,-0.415379,-1.62142,-0.00132704,-0.00132704,-0.00132704,-0.00132704,-0.00132704,-0.00132704
40.5502,0.523599,-0.458324,-2.17234,-0.00132704,-0.00132704,-0.00132704,-0.00132704,-0.00132704,-0.00132704
40.5752,0.523599,-0.500225,-2.60002,-0.00132704,-0.00132704,-0.00132704,-0.00132704,-0.00132704,-0.00132704
40.6002,0.523599,-0.540985,-2.8802,-0.00132704,-0.00132704,-0.00132704,-0.00132704,-0.00132704,-0.00132704
40.6252,0.523599,-0.580512,-2.99699,-0.00132704,-0.00132704,-0.00132704,-0.00132704,-0.00132704,-0.00132704
40.6502,0.523599,-0.618715,-2.94376,-0.00132704,-0.00132704,-0.00132704,-0.00132704,-0.00132704,-0.00132704
40.6752,0.523599,-0.655509,-2.72353,-0.00132704,-0.00132704,-0.00132704,-0.00132704,-0.00132704,-0.00132704
40.7002,0.523599,-0.690808,-2.34879,-0.00132704,-0.00132704,-0.00132704,-0.00132704,-0.00132704,-0.00132704
40.7252,0.523599,-0.724532,-1.84081,-0.00132704,-0.00132704,-0.00132704,-0.00132704,-0.00132704,-0.00132704
40.7502,0.523599,-0.756604,-1.2284,-0.00132704,-0.00132704,-0.00132704,-0.00132704,-0.00132704,-0.00132704
40.7752,0.523599,-0.786952,-0.546299,-0.00132704,-0.00132704,-0.00132704,-0.00132704,-0.00132704,-0.00132704
40.8002,0.523599,-0.815506,0.166791,-0.00132704,-0.00132704,-0.00132704,-0.00132704,-0.00132704,-0.00132704
40.8252,0.523599,-0.842201,0.870419,-0.00132704,-0.00132704,-0.00132704,-0.00132704,-0.00132704,-0.00132704
40.8502,0.523599,-0.866976,1.52467,-0.00132704,-0.00132704,-0.00132704,-0.00132704,-0.00132704,-0.00132704
40.8752,0.523599,-0.889775,2.09242,-0.00132704,-0.00132704,-0.00132704,-0.00132704,-0.00132704,-0.00132704
40.9002,0.523599,-0.910545,2.54147,-0.00132704,-0.00132704,-0.00132704,-0.00132704,-0.00132704,-0.00132704
40.9252,0.523599,-0.92924,2.84635,-0.00132704,-0.00132704,-0.00132704,-0.00132704,-0.00132704,-0.00132704
40.9502,0.523599,-0.945816,2.98975,-0.00132704,-0.00132704,-0.00132704,-0.00132704,-0.00132704,-0.00132704
40.9752,0.523599,-0.960237,2.96354,-0.00132704,-0.00132704,-0.00132704,-0.00132704,-0.00132704,-0.00132704
41.0002,0.523599,-0.972468,2.76921,-0.00132704,-0.00132704,-0.00132704,-0.00132704,-0.00132704,-0.00132704
41.0252,0.523599,-0.982483,2.41779,-0.00132704,-0.00132704,-0.00132704,-0.00132704,-0.00132704,-0.00132704
41.0502,0.523599,-0.990258,1.9292,-0.00132704,-0.00132704,-0.00132704,-0.00132704,-0.00132704,-0.00132704
41.0752,0.523599,-0.995776,1.33117,-0.00132704,-0.00132704,-0.00132704,-0.00132704,-0.00132704,-0.00132704
41.1002,0.523599,-0.999023,0.657625,-0.00132704,-0.00132704,-0.00132704,-0.00132704,-0.00132704,-0.00132704
41.1252,0.523599,-0.999994,-0.0532289,-0.00132704,-0.00132704,-0.00132704,-0.00132704,-0.00132704,-0.00132704
41.1502,0.523599,-0.998685,-0.761063,-0.00132704,-0.00132704,-0.00132704,-0.00132704,-0.00132704,-0.00132704
41.1752,0.523599,-0.995099,-1.42572,-0.00132704,-0.00132704,-0.00132704,-0.00132704,-0.00132704,-0.00132704
41.2002,0.523599,-0.989245,-2.0095,-0.00132704,-0.00132704,-0.00132704,-0.00132704,-0.00132704,-0.00132704
41.2252,0.523599,-0.981135,-2.47928,-0.00132704,-0.00132704,-0.00132704,-0.00132704,-0.00132704,-0.00132704
41.2502,0.523599,-0.97079,-2.80841,-0.00132704,-0.00132704,-0.00132704,-0.00132704,-0.00132704,-0.00132704
41.2752,0.523599,-0.958231,-2.97822,-0.00132704,-0.00132704,-0.00132704,-0.00132704,-0.00132704,-0.00132704
41.3002,0.523599,-0.943488,-2.97908,-0.00132704,-0.00132704,-0.00132704,-0.00132704,-0.00132704,-0.00132704
41.3252,0.523599,-0.926594,-2.81093,-0.00132704,-0.00132704,-0.00132704,-0.00132704,-0.00132704,-0.00132704
41.3502,0.523599,-0.907588,-2.48332,-0.00132704,-0.00132704,-0.00132704,-0.00132704,-0.00132704,-0.00132704
41.3752,0.523599,-0.886513,-2.01483,-0.00132704,-0.00132704,-0.00132704,-0.00132704,-0.00132704,-0.00132704
41.4002,0.523599,-0.863417,-1.43204,-0.00132704,-0.00132704,-0.00132704,-0.00132704,-0.00132704,-0.00132704
41.4252,0.523599,-0.838353,-0.768008,-0.00132704,-0.00132704,-0.00132704,-0.00132704,-0.00132704,-0.00132704
41.4502,0.523599,-0.811378,-0.0604097,-0.00132704,-0.00132704,-0.00132704,-0.00132704,-0.00132704,-0.00132704
41.4752,0.523599,-0.782553,0.650616,-0.00132704,-0.00132704,-0.00132704,-0.00132704,-0.00132704,-0.00132704
41.5002,0.523599,-0.751944,1.32473,-0.00132704,-0.00132704,-0.00132704,-0.00132704,-0.00132704,-0.00132704
41.5252,0.523599,-0.719622,1.9237,-0.00132704,-0.00132704,-0.00132704,-0.00132704,-0.00132704,-0.00132704
41.5502,0.523599,-0.685658,2.41353,-0.00132704,-0.00132704,-0.00132704,-0.00132704,-0.00132704,-0.00132704
41.5752,0.523599,-0.650132,2.76644,-0.00132704,-0.00132704,-0.00132704,-0.00132704,-0.00132704,-0.00132704
41.6002,0.523599,-0.613124,2.96242,-0.00132704,-0.00132704,-0.00132704,-0.00132704,-0.00132704,-0.00132704
41.6252,0.523599,-0.574718,2.99033,-0.00132704,-0.00132704,-0.00132704,-0.00132704,-0.00132704,-0.00132704
41.6502,0.523599,-0.535002,2.84861,-0.00132704,-0.00132704,-0.00132704,-0.00132704,-0.00132704,-0.00132704
41.6752,0.523599,-0.494067,2.54528,-0.00132704,-0.00132704,-0.00132704,-0.00132704,-0.00132704,-0.00132704
41.7002,0.523599,-0.452005,2.09756,-0.00132704,-0.00132704,-0.00132704,-0.00132704,-0.00132704,-0.00132704
41.7252,0.523599,-0.408912,1.53085,-0.00132704,-0.00132704,-0.00132704,-0.00132704,-0.00132704,-0.00132704
41.7502,0.523599,-0.364888,0.87729,-0.00132704,-0.00132704,-0.00132704,-0.00132704,-0.00132704,-0.00132704
41.7752,0.523599,-0.320032,0.173962,-0.00132704,-0.00132704,-0.00132704,-0.00132704,-0.00132704,-0.00132704
41.8003,0.523599,-0.274446,-0.539235,-0.00132704,-0.00132704,-0.00132704,-0.00132704,-0.00132704,-0.00132704
41.8253,0.523599,-0.228235,-1.22184,-0.00132704,-0.00132704,-0.00132704,-0.00132704,-0.00132704,-0.00132704
41.8503,0.523599,-0.181503,-1.83513,-0.00132704,-0.00132704,-0.00132704,-0.00132704,-0.00132704,-0.00132704
41.8753,0.523599,-0.134358,-2.34432,-0.00132704,-0.00132704,-0.00132704,-0.00132704,-0.00132704,-0.00132704
41.9003,0.523599,-0.0869065,-2.72051,-0.00132704,-0.00132704,-0.00132704,-0.00132704,-0.00132704,-0.00132704
41.9253,0.523599,-0.0392567,-2.94236,-0.00132704,-0.00132704,-0.00132704,-0.00132704,-0.00132704,-0.00132704
41.9503,0.523599,0.00848246,-2.9973,-0.00132704,-0.00132704,-0.00132704,-0.00132704,-0.00132704,-0.00132704
41.9753,0.523599,0.0562023,-2.8822,-0.00132704,-0.00132704,-0.00132704,-0.00132704,-0.00132704,-0.00132704
42.0003,0.523599,0.103794,-2.6036,-0.00132704,-0.00132704,-0.00132704,-0.00132704,-0.00132704,-0.00132704
42.0253,0.523599,0.151149,-2.17729,-0.00132704,-0.00132704,-0.00132704,-0.00132704,-0.00132704,-0.00132704
42.0503,0.523599,0.19816,-1.62746,-0.00132704,-0.00132704,-0.00132704,-0.00132704,-0.00132704,-0.00132704
42.0753,0.523599,0.244719,-0.985312,-0.00132704,-0.00132704,-0.00132704,-0.00132704,-0.00132704,-0.00132704
42.1003,0.523599,0.29072,-0.287264,-0.00132704,-0.00132704,-0.00132704,-0.00132704,-0.00132704,-0.00132704
42.1253,0.523599,0.336058,0.42708,-0.00132704,-0.00132704,-0.00132704,-0.00132704,-0.00132704,-0.00132704
42.1503,0.523599,0.38063,1.1172,-0.00132704,-0.00132704,-0.00132704,-0.00132704,-0.00132704,-0.00132704
42.1753,0.523599,0.424335,1.74393,-0.00132704,-0.00132704,-0.00132704,-0.00132704,-0.00132704,-0.00132704
42.2003,0.523599,0.467072,2.27174,-0.00132704,-0.00132704,-0.00132704,-0.00132704,-0.00132704,-0.00132704
42.2253,0.523599,0.508745,2.67067,-0.00132704,-0.00132704,-0.00132704,-0.00132704,-0.00132704,-0.00132704
42.2503,0.523599,0.549257,2.91809,-0.00132704,-0.00132704,-0.00132704,-0.00132704,-0.00132704,-0.00132704
42.2753,0.523599,0.588518,2.99997,-0.00132704,-0.00132704,-0.00132704,-0.00132704,-0.00132704,-0.00132704
42.3003,0.523599,0.626437,2.91166,-0.00132704,-0.00132704,-0.00132704,-0.00132704,-0.00132704,-0.00132704
42.3253,0.523599,0.662928,2.65817,-0.00132704,-0.00132704,-0.00132704,-0.00132704,-0.00132704,-0.00132704
42.3503,0.523599,0.697908,2.25389,-0.00132704,-0.00132704,-0.00132704,-0.00132704,-0.00132704,-0.00132704
42.3753,0.523599,0.731297,1.72174,-0.00132704,-0.00132704,-0.00132704,-0.00132704,-0.00132704,-0.00132704
42.4003,0.523599,0.763019,1.09192,-0.00132704,-0.00132704,-0.00132704,-0.00132704,-0.00132704,-0.00132704
42.4253,0.523599,0.793002,0.400154,-0.00132704,-0.00132704,-0.00132704,-0.00132704,-0.00132704,-0.00132704
42.4503,0.523599,0.821177,-0.314313,-0.00132704,-0.00132704,-0.00132704,-0.00132704,-0.00132704,-0.00132704
42.4753,0.523599,0.84748,-1.01095,-0.00132704,-0.00132704,-0.00132704,-0.00132704,-0.00132704,-0.00132704
42.5003,0.523599,0.871851,-1.65023,-0.00132704,-0.00132704,-0.00132704,-0.00132704,-0.00132704,-0.00132704
42.5253,0.523599,0.894235,-2.1959,-0.00132704,-0.00132704,-0.00132704,-0.00132704,-0.00132704,-0.00132704
42.5503,0.523599,0.91458,-2.617,-0.00132704,-0.00132704,-0.00132704,-0.00132704,-0.00132704,-0.00132704
42.5753,0.523599,0.93284,-2.88963,-0.00132704,-0.00132704,-0.00132704,-0.00132704,-0.00132704,-0.00132704
42.6003,0.523599,0.948974,-2.99833,-0.00132704,-0.00132704,-0.00132704,-0.00132704,-0.00132704,-0.00132704
42.6253,0.523599,0.962945,-2.93694,-0.00132704,-0.00132704,-0.00132704,-0.00132704,-0.00132704,-0.00132704
42.6503,0.523599,0.97472,-2.70894,-0.00132704,-0.00132704,-0.00132704,-0.00132704,-0.00132704,-0.00132704
42.6753,0.523599,0.984274,-2.32726,-0.00132704,-0.00132704,-0.00132704,-0.00132704,-0.00132704,-0.00132704
42.7003,0.523599,0.991584,-1.81355,-0.00132704,-0.00132704,-0.00132704,-0.00132704,-0.00132704,-0.00132704
42.7253,0.523599,0.996633,-1.19696,-0.00132704,-0.00132704,-0.00132704,-0.00132704,-0.00132704,-0.00132704
42.7503,0.523599,0.999411,-0.51247,-0.00132704,-0.00132704,-0.00132704,-0.00132704,-0.00132704,-0.00132704
42.7753,0.523599,0.99991,0.201094,-0.00132704,-0.00132704,-0.00132704,-0.00132704,-0.00132704,-0.00132704
42.8003,0.523599,0.99813,0.903251,-0.00132704,-0.00132704,-0.00132704,-0.00132704,-0.00132704,-0.00132704
42.8253,0.523599,0.994075,1.55417,-0.00132704,-0.00132704,-0.00132704,-0.00132704,-0.00132704,-0.00132704
42.8503,0.523599,0.987753,2.11691,-0.00132704,-0.00132704,-0.00132704,-0.00132704,-0.00132704,-0.00132704
42.8753,0.523599,0.97918,2.55957,-0.00132704,-0.00132704,-0.00132704,-0.00132704,-0.00132704,-0.00132704
42.9003,0.523599,0.968375,2.85702,-0.00132704,-0.00132704,-0.00132704,-0.00132704,-0.00132704,-0.00132704
42.9253,0.523599,0.955362,2.99239,-0.00132704,-0.00132704,-0.00132704,-0.00132704,-0.00132704,-0.00132704
42.9503,0.523599,0.940172,2.95801,-0.00132704,-0.00132704,-0.00132704,-0.00132704,-0.00132704,-0.00132704
42.9753,0.523599,0.922838,2.75581,-0.00132704,-0.00132704,-0.00132704,-0.00132704,-0.00132704,-0.00132704
43.0003,0.523599,0.903401,2.39728,-0.00132704,-0.00132704,-0.00132704,-0.00132704,-0.00132704,-0.00132704
43.0253,0.523599,0.881904,1.90276,-0.00132704,-0.00132704,-0.00132704,-0.00132704,-0.00132704,-0.00132704
43.0503,0.523599,0.858397,1.30029,-0.00132704,-0.00132704,-0.00132704,-0.00132704,-0.00132704,-0.00132704
43.0753,0.523599,0.832933,0.624051,-0.00132704,-0.00132704,-0.00132704,-0.00132704,-0.00132704,-0.00132704
43.1003,0.523599,0.805571,-0.0875871,-0.00132704,-0.00132704,-0.00132704,-0.00132704,-0.00132704,-0.00132704
43.1253,0.523599,0.776372,-0.794256,-0.00132704,-0.00132704,-0.00132704,-0.00132704,-0.00132704,-0.00132704
43.1503,0.523599,0.745403,-1.45587,-0.00132704,-0.00132704,-0.00132704,-0.00132704,-0.00132704,-0.00132704
43.1753,0.523599,0.712735,-2.03489,-0.00132704,-0.00132704,-0.00132704,-0.00132704,-0.00132704,-0.00132704
43.2003,0.523599,0.678442,-2.49847,-0.00132704,-0.00132704,-0.00132704,-0.00132704,-0.00132704,-0.00132704
43.2253,0.523599,0.642603,-2.82031,-0.00132704,-0.00132704,-0.00132704,-0.00132704,-0.00132704,-0.00132704
43.2503,0.523599,0.605299,-2.98216,-0.00132704,-0.00132704,-0.00132704,-0.00132704,-0.00132704,-0.00132704
43.2753,0.523599,0.566615,-2.97483,-0.00132704,-0.00132704,-0.00132704,-0.00132704,-0.00132704,-0.00132704
43.3003,0.523599,0.52664,-2.79874,-0.00132704,-0.00132704,-0.00132704,-0.00132704,-0.00132704,-0.00132704
43.3253,0.523599,0.485464,-2.46387,-0.00132704,-0.00132704,-0.00132704,-0.00132704,-0.00132704,-0.00132704
43.3503,0.523599,0.443181,-1.98923,-0.00132704,-0.00132704,-0.00132704,-0.00132704,-0.00132704,-0.00132704
43.3753,0.523599,0.399888,-1.40175,-0.00132704,-0.00132704,-0.00132704,-0.00132704,-0.00132704,-0.00132704
43.4003,0.523599,0.355683,-0.734736,-0.00132704,-0.00132704,-0.00132704,-0.00132704,-0.00132704,-0.00132704
43.4254,0.523599,0.310668,-0.0260456,-0.00132704,-0.00132704,-0.00132704,-0.00132704,-0.00132704,-0.00132704
43.4504,0.523599,0.264944,0.684122,-0.00132704,-0.00132704,-0.00132704,-0.00132704,-0.00132704,-0.00132704
43.4754,0.523599,0.218617,1.35548,-0.00132704,-0.00132704,-0.00132704,-0.00132704,-0.00132704,-0.00132704
43.5004,0.523599,0.171791,1.94994,-0.00132704,-0.00132704,-0.00132704,-0.00132704,-0.00132704,-0.00132704
43.5254,0.523599,0.124574,2.43378,-0.00132704,-0.00132704,-0.00132704,-0.00132704,-0.00132704,-0.00132704
43.5504,0.523599,0.0770722,2.77956,-0.00132704,-0.00132704,-0.00132704,-0.00132704,-0.00132704,-0.00132704
43.5754,0.523599,0.029395,2.96765,-0.00132704,-0.00132704,-0.00132704,-0.00132704,-0.00132704,-0.00132704
43.6004,0.523599,-0.0183491,2.98738,-0.00132704,-0.00132704,-0.00132704,-0.00132704,-0.00132704,-0.00132704
43.6254,0.523599,-0.0660514,2.83764,-0.00132704,-0.00132704,-0.00132704,-0.00132704,-0.00132704,-0.00132704
43.6504,0.523599,-0.113603,2.52693,-0.00132704,-0.00132704,-0.00132704,-0.00132704,-0.00132704,-0.00132704
43.6754,0.523599,-0.160896,2.07286,-0.00132704,-0.00132704,-0.00132704,-0.00132704,-0.00132704,-0.00132704
43.7004,0.523599,-0.207822,1.50119,-0.00132704,-0.00132704,-0.00132704,-0.00132704,-0.00132704,-0.00132704
43.7254,0.523599,-0.254274,0.844367,-0.00132704,-0.00132704,-0.00132704,-0.00132704,-0.00132704,-0.00132704
43.7504,0.523599,-0.300147,0.139641,-0.00132704,-0.00132704,-0.00132704,-0.00132704,-0.00132704,-0.00132704
43.7754,0.523599,-0.345335,-0.573007,-0.00132704,-0.00132704,-0.00132704,-0.00132704,-0.00132704,-0.00132704
43.8004,0.523599,-0.389736,-1.25315,-0.00132704,-0.00132704,-0.00132704,-0.00132704,-0.00132704,-0.00132704
43.8254,0.523599,-0.433249,-1.8622,-0.00132704,-0.00132704,-0.00132704,-0.00132704,-0.00132704,-0.00132704
43.8504,0.523599,-0.475774,-2.36561,-0.00132704,-0.00132704,-0.00132704,-0.00132704,-0.00132704,-0.00132704
43.8754,0.523599,-0.517215,-2.73481,-0.00132704,-0.00132704,-0.00132704,-0.00132704,-0.00132704,-0.00132704
43.9004,0.523599,-0.557476,-2.94888,-0.00132704,-0.00132704,-0.00132704,-0.00132704,-0.00132704,-0.00132704
43.9254,0.523599,-0.596467,-2.99565,-0.00132704,-0.00132704,-0.00132704,-0.00132704,-0.00132704,-0.00132704
43.9504,0.523599,-0.634098,-2.87248,-0.00132704,-0.00132704,-0.00132704,-0.00132704,-0.00132704,-0.00132704
43.9754,0.523599,-0.670284,-2.58635,-0.00132704,-0.00132704,-0.00132704,-0.00132704,-0.00132704,-0.00132704
44.0004,0.523599,-0.704941,-2.1535,-0.00132704,-0.00132704,-0.00132704,-0.00132704,-0.00132704,-0.00132704
44.0254,0.523599,-0.737992,-1.59849,-0.00132704,-0.00132704,-0.00132704,-0.00132704,-0.00132704,-0.00132704
44.0504,0.523599,-0.76936,-0.952787,-0.00132704,-0.00132704,-0.00132704,-0.00132704,-0.00132704,-0.00132704
44.0754,0.523599,-0.798975,-0.253036,-0.00132704,-0.00132704,-0.00132704,-0.00132704,-0.00132704,-0.00132704
44.1004,0.523599,-0.826768,0.461069,-0.00132704,-0.00132704,-0.00132704,-0.00132704,-0.00132704,-0.00132704
44.1254,0.523599,-0.852677,1.14902,-0.00132704,-0.00132704,-0.00132704,-0.00132704,-0.00132704,-0.00132704
44.1504,0.523599,-0.876641,1.77178,-0.00132704,-0.00132704,-0.00132704,-0.00132704,-0.00132704,-0.00132704
44.1754,0.523599,-0.898608,2.29404,-0.00132704,-0.00132704,-0.00132704,-0.00132704,-0.00132704,-0.00132704
44.2004,0.523599,-0.918526,2.68615,-0.00132704,-0.00132704,-0.00132704,-0.00132704,-0.00132704,-0.00132704
44.2254,0.523599,-0.93635,2.92587,-0.00132704,-0.00132704,-0.00132704,-0.00132704,-0.00132704,-0.00132704
44.2504,0.523599,-0.95204,2.99962,-0.00132704,-0.00132704,-0.00132704,-0.00132704,-0.00132704,-0.00132704
44.2754,0.523599,-0.965559,2.90319,-0.00132704,-0.00132704,-0.00132704,-0.00132704,-0.00132704,-0.00132704
44.3004,0.523599,-0.976878,2.64207,-0.00132704,-0.00132704,-0.00132704,-0.00132704,-0.00132704,-0.00132704
44.3254,0.523599,-0.985969,2.23106,-0.00132704,-0.00132704,-0.00132704,-0.00132704,-0.00132704,-0.00132704
44.3504,0.523599,-0.992813,1.69349,-0.00132704,-0.00132704,-0.00132704,-0.00132704,-0.00132704,-0.00132704
44.3754,0.523599,-0.997394,1.05984,-0.00132704,-0.00132704,-0.00132704,-0.00132704,-0.00132704,-0.00132704
44.4004,0.523599,-0.999701,0.366068,-0.00132704,-0.00132704,-0.00132704,-0.00132704,-0.00132704,-0.00132704
44.4254,0.523599,-0.999729,-0.34847,-0.00132704,-0.00132704,-0.00132704,-0.00132704,-0.00132704,-0.00132704
44.4504,0.523599,-0.997478,-1.04324,-0.00132704,-0.00132704,-0.00132704,-0.00132704,-0.00132704,-0.00132704
44.4754,0.523599,-0.992954,-1.67883,-0.00132704,-0.00132704,-0.00132704,-0.00132704,-0.00132704,-0.00132704
44.5004,0.523599,-0.986166,-2.21917,-0.00132704,-0.00132704,-0.00132704,-0.00132704,-0.00132704,-0.00132704
44.5254,0.523599,-0.977129,-2.63363,-0.00132704,-0.00132704,-0.00132704,-0.00132704,-0.00132704,-0.00132704
44.5504,0.523599,-0.965866,-2.89867,-0.00132704,-0.00132704,-0.00132704,-0.00132704,-0.00132704,-0.00132704
44.5754,0.523599,-0.952401,-2.99928,-0.00132704,-0.00132704,-0.00132704,-0.00132704,-0.00132704,-0.00132704
44.6004,0.523599,-0.936764,-2.92974,-0.00132704,-0.00132704,-0.00132704,-0.00132704,-0.00132704,-0.00132704
44.6254,0.523599,-0.918992,-2.69399,-0.00132704,-0.00132704,-0.00132704,-0.00132704,-0.00132704,-0.00132704
44.6504,0.523599,-0.899126,-2.30542,-0.00132704,-0.00132704,-0.00132704,-0.00132704,-0.00132704,-0.00132704
44.6754,0.523599,-0.877209,-1.78606,-0.00132704,-0.00132704,-0.00132704,-0.00132704,-0.00132704,-0.00132704
44.7004,0.523599,-0.853293,-1.16537,-0.00132704,-0.00132704,-0.00132704,-0.00132704,-0.00132704,-0.00132704
44.7254,0.523599,-0.827432,-0.478575,-0.00132704,-0.00132704,-0.00132704,-0.00132704,-0.00132704,-0.00132704
44.7504,0.523599,-0.799685,0.235371,-0.00132704,-0.00132704,-0.00132704,-0.00132704,-0.00132704,-0.00132704
44.7754,0.523599,-0.770115,0.935964,-0.00132704,-0.00132704,-0.00132704,-0.00132704,-0.00132704,-0.00132704
44.8004,0.523599,-0.738789,1.58346,-0.00132704,-0.00132704,-0.00132704,-0.00132704,-0.00132704,-0.00132704
44.8254,0.523599,-0.705779,2.14113,-0.00132704,-0.00132704,-0.00132704,-0.00132704,-0.00132704,-0.00132704
44.8504,0.523599,-0.67116,2.57733,-0.00132704,-0.00132704,-0.00132704,-0.00132704,-0.00132704,-0.00132704
44.8754,0.523599,-0.635011,2.86732,-0.00132704,-0.00132704,-0.00132704,-0.00132704,-0.00132704,-0.00132704
44.9004,0.523599,-0.597415,2.99464,-0.00132704,-0.00132704,-0.00132704,-0.00132704,-0.00132704,-0.00132704
44.9254,0.523599,-0.558457,2.95208,-0.00132704,-0.00132704,-0.00132704,-0.00132704,-0.00132704,-0.00132704
44.9504,0.523599,-0.518226,2.74205,-0.00132704,-0.00132704,-0.00132704,-0.00132704,-0.00132704,-0.00132704
44.9754,0.523599,-0.476813,2.37647,-0.00132704,-0.00132704,-0.00132704,-0.00132704,-0.00132704,-0.00132704
45.0004,0.523599,-0.434314,1.87606,-0.00132704,-0.00132704,-0.00132704,-0.00132704,-0.00132704,-0.00132704
45.0254,0.523599,-0.390824,1.26923,-0.00132704,-0.00132704,-0.00132704,-0.00132704,-0.00132704,-0.00132704
45.0504,0.523599,-0.346444,0.590395,-0.00132704,-0.00132704,-0.00132704,-0.00132704,-0.00132704,-0.00132704
45.0755,0.523599,-0.301274,-0.121934,-0.00132704,-0.00132704,-0.00132704,-0.00132704,-0.00132704,-0.00132704
45.1005,0.523599,-0.255417,-0.827345,-0.00132704,-0.00132704,-0.00132704,-0.00132704,-0.00132704,-0.00132704
45.1255,0.523599,-0.208978,-1.48582,-0.00132704,-0.00132704,-0.00132704,-0.00132704,-0.00132704,-0.00132704
45.1505,0.523599,-0.162062,-2.06001,-0.00132704,-0.00132704,-0.00132704,-0.00132704,-0.00132704,-0.00132704
45.1755,0.523599,-0.114777,-2.51733,-0.00132704,-0.00132704,-0.00132704,-0.00132704,-0.00132704,-0.00132704
45.2005,0.523599,-0.0672304,-2.83184,-0.00132704,-0.00132704,-0.00132704,-0.00132704,-0.00132704,-0.00132704
45.2255,0.523599,-0.0195305,-2.98571,-0.00132704,-0.00132704,-0.00132704,-0.00132704,-0.00132704,-0.00132704
45.2505,0.523599,0.0282139,-2.97019,-0.00132704,-0.00132704,-0.00132704,-0.00132704,-0.00132704,-0.00132704
45.2755,0.523599,0.075894,-2.78618,-0.00132704,-0.00132704,-0.00132704,-0.00132704,-0.00132704,-0.00132704
45.3005,0.523599,0.123401,-2.4441,-0.00132704,-0.00132704,-0.00132704,-0.00132704,-0.00132704,-0.00132704
45.3255,0.523599,0.170627,-1.96338,-0.00132704,-0.00132704,-0.00132704,-0.00132704,-0.00132704,-0.00132704
45.3505,0.523599,0.217464,-1.37127,-0.00132704,-0.00132704,-0.00132704,-0.00132704,-0.00132704,-0.00132704
45.3755,0.523599,0.263805,-0.701367,-0.00132704,-0.00132704,-0.00132704,-0.00132704,-0.00132704,-0.00132704
45.4005,0.523599,0.309545,0.00832188,-0.00132704,-0.00132704,-0.00132704,-0.00132704,-0.00132704,-0.00132704
45.4255,0.523599,0.354579,0.717539,-0.00132704,-0.00132704,-0.00132704,-0.00132704,-0.00132704,-0.00132704
45.4505,0.523599,0.398805,1.38605,-0.00132704,-0.00132704,-0.00132704,-0.00132704,-0.00132704,-0.00132704
45.4755,0.523599,0.442121,1.97593,-0.00132704,-0.00132704,-0.00132704,-0.00132704,-0.00132704,-0.00132704
45.5005,0.523599,0.48443,2.45372,-0.00132704,-0.00132704,-0.00132704,-0.00132704,-0.00132704,-0.00132704
45.5255,0.523599,0.525635,2.79231,-0.00132704,-0.00132704,-0.00132704,-0.00132704,-0.00132704,-0.00132704
45.5505,0.523599,0.565641,2.97249,-0.00132704,-0.00132704,-0.00132704,-0.00132704,-0.00132704,-0.00132704
45.5755,0.523599,0.604358,2.98404,-0.00132704,-0.00132704,-0.00132704,-0.00132704,-0.00132704,-0.00132704
45.6005,0.523599,0.641697,2.8263,-0.00132704,-0.00132704,-0.00132704,-0.00132704,-0.00132704,-0.00132704
45.6255,0.523599,0.677574,2.50824,-0.00132704,-0.00132704,-0.00132704,-0.00132704,-0.00132704,-0.00132704
45.6505,0.523599,0.711906,2.04788,-0.00132704,-0.00132704,-0.00132704,-0.00132704,-0.00132704,-0.00132704
45.6755,0.523599,0.744615,1.47134,-0.00132704,-0.00132704,-0.00132704,-0.00132704,-0.00132704,-0.00132704
45.7005,0.523599,0.775626,0.811334,-0.00132704,-0.00132704,-0.00132704,-0.00132704,-0.00132704,-0.00132704
45.7255,0.523599,0.80487,0.105302,-0.00132704,-0.00132704,-0.00132704,-0.00132704,-0.00132704,-0.00132704
45.7505,0.523599,0.832279,-0.606704,-0.00132704,-0.00132704,-0.00132704,-0.00132704,-0.00132704,-0.00132704
45.7755,0.523599,0.85779,-1.28429,-0.00132704,-0.00132704,-0.00132704,-0.00132704,-0.00132704,-0.00132704
45.8005,0.523599,0.881346,-1.88902,-0.00132704,-0.00132704,-0.00132704,-0.00132704,-0.00132704,-0.00132704
45.8255,0.523599,0.902893,-2.38659,-0.00132704,-0.00132704,-0.00132704,-0.00132704,-0.00132704,-0.00132704
45.8505,0.523599,0.922382,-2.74876,-0.00132704,-0.00132704,-0.00132704,-0.00132704,-0.00132704,-0.00132704
45.8755,0.523599,0.939769,-2.955,-0.00132704,-0.00132704,-0.00132704,-0.00132704,-0.00132704,-0.00132704
45.9005,0.523599,0.955013,-2.9936,-0.00132704,-0.00132704,-0.00132704,-0.00132704,-0.00132704,-0.00132704
45.9255,0.523599,0.968079,-2.86238,-0.00132704,-0.00132704,-0.00132704,-0.00132704,-0.00132704,-0.00132704
45.9505,0.523599,0.97894,-2.56877,-0.00132704,-0.00132704,-0.00132704,-0.00132704,-0.00132704,-0.00132704
45.9755,0.523599,0.987568,-2.12943,-0.00132704,-0.00132704,-0.00132704,-0.00132704,-0.00132704,-0.00132704
46.0005,0.523599,0.993945,-1.5693,-0.00132704,-0.00132704,-0.00132704,-0.00132704,-0.00132704,-0.00132704
46.0255,0.523599,0.998057,-0.920136,-0.00132704,-0.00132704,-0.00132704,-0.00132704,-0.00132704,-0.00132704
46.0505,0.523599,0.999893,-0.218775,-0.00132704,-0.00132704,-0.00132704,-0.00132704,-0.00132704,-0.00132704
46.0755,0.523599,0.999451,0.494998,-0.00132704,-0.00132704,-0.00132704,-0.00132704,-0.00132704,-0.00132704
46.1005,0.523599,0.996729,1.18069,-0.00132704,-0.00132704,-0.00132704,-0.00132704,-0.00132704,-0.00132704
46.1255,0.523599,0.991736,1.7994,-0.00132704,-0.00132704,-0.00132704,-0.00132704,-0.00132704,-0.00132704
46.1505,0.523599,0.984482,2.31603,-0.00132704,-0.00132704,-0.00132704,-0.00132704,-0.00132704,-0.00132704
46.1755,0.523599,0.974984,2.70127,-0.00132704,-0.00132704,-0.00132704,-0.00132704,-0.00132704,-0.00132704
46.2005,0.523599,0.963263,2.93327,-0.00132704,-0.00132704,-0.00132704,-0.00132704,-0.00132704,-0.00132704
46.2255,0.523599,0.949346,2.99887,-0.00132704,-0.00132704,-0.00132704,-0.00132704,-0.00132704,-0.00132704
46.2505,0.523599,0.933265,2.89434,-0.00132704,-0.00132704,-0.00132704,-0.00132704,-0.00132704,-0.00132704
46.2755,0.523599,0.915057,2.62562,-0.00132704,-0.00132704,-0.00132704,-0.00132704,-0.00132704,-0.00132704
46.3005,0.523599,0.894763,2.20794,-0.00132704,-0.00132704,-0.00132704,-0.00132704,-0.00132704,-0.00132704
46.3255,0.523599,0.872429,1.66501,-0.00132704,-0.00132704,-0.00132704,-0.00132704,-0.00132704,-0.00132704
46.3505,0.523599,0.848107,1.02762,-0.00132704,-0.00132704,-0.00132704,-0.00132704,-0.00132704,-0.00132704
46.3755,0.523599,0.821851,0.331934,-0.00132704,-0.00132704,-0.00132704,-0.00132704,-0.00132704,-0.00132704
46.4005,0.523599,0.793721,-0.382582,-0.00132704,-0.00132704,-0.00132704,-0.00132704,-0.00132704,-0.00132704
46.4255,0.523599,0.763783,-1.07539,-0.00132704,-0.00132704,-0.00132704,-0.00132704,-0.00132704,-0.00132704
46.4505,0.523599,0.732103,-1.7072,-0.00132704,-0.00132704,-0.00132704,-0.00132704,-0.00132704,-0.00132704
46.4755,0.523599,0.698754,-2.24215,-0.00132704,-0.00132704,-0.00132704,-0.00132704,-0.00132704,-0.00132704
46.5005,0.523599,0.663813,-2.64991,-0.00132704,-0.00132704,-0.00132704,-0.00132704,-0.00132704,-0.00132704
46.5255,0.523599,0.627358,-2.90734,-0.00132704,-0.00132704,-0.00132704,-0.00132704,-0.00132704,-0.00132704
46.5505,0.523599,0.589473,-2.99984,-0.00132704,-0.00132704,-0.00132704,-0.00132704,-0.00132704,-0.00132704
46.5755,0.523599,0.550244,-2.92215,-0.00132704,-0.00132704,-0.00132704,-0.00132704,-0.00132704,-0.00132704
46.6005,0.523599,0.509762,-2.67869,-0.00132704,-0.00132704,-0.00132704,-0.00132704,-0.00132704,-0.00132704
46.6255,0.523599,0.468117,-2.28327,-0.00132704,-0.00132704,-0.00132704,-0.00132704,-0.00132704,-0.00132704
46.6505,0.523599,0.425404,-1.75833,-0.00132704,-0.00132704,-0.00132704,-0.00132704,-0.00132704,-0.00132704
46.6755,0.523599,0.381723,-1.13363,-0.00132704,-0.00132704,-0.00132704,-0.00132704,-0.00132704,-0.00132704
46.7006,0.523599,0.337171,-0.444616,-0.00132704,-0.00132704,-0.00132704,-0.00132704,-0.00132704,-0.00132704
46.7256,0.523599,0.29185,0.269616,-0.00132704,-0.00132704,-0.00132704,-0.00132704,-0.00132704,-0.00132704
46.7506,0.523599,0.245864,0.968554,-0.00132704,-0.00132704,-0.00132704,-0.00132704,-0.00132704,-0.00132704
46.7756,0.523599,0.199318,1.61255,-0.00132704,-0.00132704,-0.00132704,-0.00132704,-0.00132704,-0.00132704
46.8006,0.523599,0.152317,2.16506,-0.00132704,-0.00132704,-0.00132704,-0.00132704,-0.00132704,-0.00132704
46.8256,0.523599,0.104969,2.59475,-0.00132704,-0.00132704,-0.00132704,-0.00132704,-0.00132704,-0.00132704
46.8506,0.523599,0.057382,2.87723,-0.00132704,-0.00132704,-0.00132704,-0.00132704,-0.00132704,-0.00132704
46.8756,0.523599,0.00966401,2.9965,-0.00132704,-0.00132704,-0.00132704,-0.00132704,-0.00132704,-0.00132704
46.9006,0.523599,-0.038076,2.94577,-0.00132704,-0.00132704,-0.00132704,-0.00132704,-0.00132704,-0.00132704
46.9256,0.523599,-0.0857293,2.72793,-0.00132704,-0.00132704,-0.00132704,-0.00132704,-0.00132704,-0.00132704
46.9506,0.523599,-0.133187,2.35533,-0.00132704,-0.00132704,-0.00132704,-0.00132704,-0.00132704,-0.00132704
46.9756,0.523599,-0.180341,1.84912,-0.00132704,-0.00132704,-0.00132704,-0.00132704,-0.00132704,-0.00132704
47.0006,0.523599,-0.227084,1.23801,-0.00132704,-0.00132704,-0.00132704,-0.00132704,-0.00132704,-0.00132704
47.0256,0.523599,-0.27331,0.556661,-0.00132704,-0.00132704,-0.00132704,-0.00132704,-0.00132704,-0.00132704
47.0506,0.523599,-0.318912,-0.156264,-0.00132704,-0.00132704,-0.00132704,-0.00132704,-0.00132704,-0.00132704
47.0756,0.523599,-0.363788,-0.860325,-0.00132704,-0.00132704,-0.00132704,-0.00132704,-0.00132704,-0.00132704
47.1006,0.523599,-0.407834,-1.51558,-0.00132704,-0.00132704,-0.00132704,-0.00132704,-0.00132704,-0.00132704
47.1256,0.523599,-0.45095,-2.08486,-0.00132704,-0.00132704,-0.00132704,-0.00132704,-0.00132704,-0.00132704
47.1506,0.523599,-0.493039,-2.53586,-0.00132704,-0.00132704,-0.00132704,-0.00132704,-0.00132704,-0.00132704
47.1756,0.523599,-0.534003,-2.843,-0.00132704,-0.00132704,-0.00132704,-0.00132704,-0.00132704,-0.00132704
47.2006,0.523599,-0.573751,-2.98886,-0.00132704,-0.00132704,-0.00132704,-0.00132704,-0.00132704,-0.00132704
47.2256,0.523599,-0.61219,-2.96516,-0.00132704,-0.00132704,-0.00132704,-0.00132704,-0.00132704,-0.00132704
47.2506,0.523599,-0.649234,-2.77325,-0.00132704,-0.00132704,-0.00132704,-0.00132704,-0.00132704,-0.00132704
47.2756,0.523599,-0.684798,-2.42401,-0.00132704,-0.00132704,-0.00132704,-0.00132704,-0.00132704,-0.00132704
47.3006,0.523599,-0.718801,-1.93726,-0.00132704,-0.00132704,-0.00132704,-0.00132704,-0.00132704,-0.00132704
47.3256,0.523599,-0.751165,-1.34061,-0.00132704,-0.00132704,-0.00132704,-0.00132704,-0.00132704,-0.00132704
47.3506,0.523599,-0.781817,-0.667907,-0.00132704,-0.00132704,-0.00132704,-0.00132704,-0.00132704,-0.00132704
47.3756,0.523599,-0.810687,0.0426883,-0.00132704,-0.00132704,-0.00132704,-0.00132704,-0.00132704,-0.00132704
47.4006,0.523599,-0.837708,0.750862,-0.00132704,-0.00132704,-0.00132704,-0.00132704,-0.00132704,-0.00132704
47.4256,0.523599,-0.86282,1.41644,-0.00132704,-0.00132704,-0.00132704,-0.00132704,-0.00132704,-0.00132704
47.4506,0.523599,-0.885966,2.00166,-0.00132704,-0.00132704,-0.00132704,-0.00132704,-0.00132704,-0.00132704
47.4756,0.523599,-0.907091,2.47333,-0.00132704,-0.00132704,-0.00132704,-0.00132704,-0.00132704,-0.00132704
47.5006,0.523599,-0.926149,2.80469,-0.00132704,-0.00132704,-0.00132704,-0.00132704,-0.00132704,-0.00132704
47.5256,0.523599,-0.943096,2.97693,-0.00132704,-0.00132704,-0.00132704,-0.00132704,-0.00132704,-0.00132704
47.5506,0.523599,-0.957892,2.9803,-0.00132704,-0.00132704,-0.00132704,-0.00132704,-0.00132704,-0.00132704
47.5756,0.523599,-0.970506,2.81459,-0.00132704,-0.00132704,-0.00132704,-0.00132704,-0.00132704,-0.00132704
47.6006,0.523599,-0.980906,2.48922,-0.00132704,-0.00132704,-0.00132704,-0.00132704,-0.00132704,-0.00132704
47.6256,0.523599,-0.989071,2.02263,-0.00132704,-0.00132704,-0.00132704,-0.00132704,-0.00132704,-0.00132704
47.6506,0.523599,-0.994981,1.44129,-0.00132704,-0.00132704,-0.00132704,-0.00132704,-0.00132704,-0.00132704
47.6756,0.523599,-0.998623,0.778194,-0.00132704,-0.00132704,-0.00132704,-0.00132704,-0.00132704,-0.00132704
47.7006,0.523599,-0.999989,0.0709492,-0.00132704,-0.00132704,-0.00132704,-0.00132704,-0.00132704,-0.00132704
47.7256,0.523599,-0.999075,-0.640321,-0.00132704,-0.00132704,-0.00132704,-0.00132704,-0.00132704,-0.00132704
47.7506,0.523599,-0.995883,-1.31527,-0.00132704,-0.00132704,-0.00132704,-0.00132704,-0.00132704,-0.00132704
47.7756,0.523599,-0.990422,-1.9156,-0.00132704,-0.00132704,-0.00132704,-0.00132704,-0.00132704,-0.00132704
47.8006,0.523599,-0.982702,-2.40725,-0.00132704,-0.00132704,-0.00132704,-0.00132704,-0.00132704,-0.00132704
47.8256,0.523599,-0.972743,-2.76235,-0.00132704,-0.00132704,-0.00132704,-0.00132704,-0.00132704,-0.00132704
47.8506,0.523599,-0.960566,-2.96074,-0.00132704,-0.00132704,-0.00132704,-0.00132704,-0.00132704,-0.00132704
47.8756,0.523599,-0.946199,-2.99116,-0.00132704,-0.00132704,-0.00132704,-0.00132704,-0.00132704,-0.00132704
47.9006,0.523599,-0.929676,-2.8519,-0.00132704,-0.00132704,-0.00132704,-0.00132704,-0.00132704,-0.00132704
47.9256,0.523599,-0.911033,-2.55085,-0.00132704,-0.00132704,-0.00132704,-0.00132704,-0.00132704,-0.00132704
47.9506,0.523599,-0.890313,-2.10509,-0.00132704,-0.00132704,-0.00132704,-0.00132704,-0.00132704,-0.00132704
47.9756,0.523599,-0.867564,-1.53991,-0.00132704,-0.00132704,-0.00132704,-0.00132704,-0.00132704,-0.00132704
48.0006,0.523599,-0.842837,-0.887365,-0.00132704,-0.00132704,-0.00132704,-0.00132704,-0.00132704,-0.00132704
48.0256,0.523599,-0.816189,-0.184485,-0.00132704,-0.00132704,-0.00132704,-0.00132704,-0.00132704,-0.00132704
48.0506,0.523599,-0.787681,0.528861,-0.00132704,-0.00132704,-0.00132704,-0.00132704,-0.00132704,-0.00132704
48.0756,0.523599,-0.757376,1.21221,-0.00132704,-0.00132704,-0.00132704,-0.00132704,-0.00132704,-0.00132704
48.1006,0.523599,-0.725346,1.82678,-0.00132704,-0.00132704,-0.00132704,-0.00132704,-0.00132704,-0.00132704
48.1256,0.523599,-0.691661,2.33772,-0.00132704,-0.00132704,-0.00132704,-0.00132704,-0.00132704,-0.00132704
48.1506,0.523599,-0.656401,2.71605,-0.00132704,-0.00132704,-0.00132704,-0.00132704,-0.00132704,-0.00132704
48.1756,0.523599,-0.619643,2.94029,-0.00132704,-0.00132704,-0.00132704,-0.00132704,-0.00132704,-0.00132704
48.2006,0.523599,-0.581474,2.99773,-0.00132704,-0.00132704,-0.00132704,-0.00132704,-0.00132704,-0.00132704
48.2256,0.523599,-0.541978,2.88511,-0.00132704,-0.00132704,-0.00132704,-0.00132704,-0.00132704,-0.00132704
48.2506,0.523599,-0.501248,2.60882,-0.00132704,-0.00132704,-0.00132704,-0.00132704,-0.00132704,-0.00132704
48.2756,0.523599,-0.459374,2.18453,-0.00132704,-0.00132704,-0.00132704,-0.00132704,-0.00132704,-0.00132704
48.3006,0.523599,-0.416454,1.63631,-0.00132704,-0.00132704,-0.00132704,-0.00132704,-0.00132704,-0.00132704
48.3256,0.523599,-0.372584,0.995263,-0.00132704,-0.00132704,-0.00132704,-0.00132704,-0.00132704,-0.00132704
48.3507,0.523599,-0.327865,0.297756,-0.00132704,-0.00132704,-0.00132704,-0.00132704,-0.00132704,-0.00132704
48.3757,0.523599,-0.282398,-0.416643,-0.00132704,-0.00132704,-0.00132704,-0.00132704,-0.00132704,-0.00132704
48.4007,0.523599,-0.236288,-1.10741,-0.00132704,-0.00132704,-0.00132704,-0.00132704,-0.00132704,-0.00132704
48.4257,0.523599,-0.189639,-1.73535,-0.00132704,-0.00132704,-0.00132704,-0.00132704,-0.00132704,-0.00132704
48.4507,0.523599,-0.142557,-2.26484,-0.00132704,-0.00132704,-0.00132704,-0.00132704,-0.00132704,-0.00132704
48.4757,0.523599,-0.0951512,-2.66585,-0.00132704,-0.00132704,-0.00132704,-0.00132704,-0.00132704,-0.00132704
48.5007,0.523599,-0.0475281,-2.91563,-0.00132704,-0.00132704,-0.00132704,-0.00132704,-0.00132704,-0.00132704
48.5257,0.523599,0.000203393,-3,-0.00132704,-0.00132704,-0.00132704,-0.00132704,-0.00132704,-0.00132704
48.5507,0.523599,0.0479344,-2.91418,-0.00132704,-0.00132704,-0.00132704,-0.00132704,-0.00132704,-0.00132704
48.5757,0.523599,0.0955562,-2.66304,-0.00132704,-0.00132704,-0.00132704,-0.00132704,-0.00132704,-0.00132704
48.6007,0.523599,0.14296,-2.26083,-0.00132704,-0.00132704,-0.00132704,-0.00132704,-0.00132704,-0.00132704
48.6257,0.523599,0.190038,-1.73036,-0.00132704,-0.00132704,-0.00132704,-0.00132704,-0.00132704,-0.00132704
48.6507,0.523599,0.236683,-1.10173,-0.00132704,-0.00132704,-0.00132704,-0.00132704,-0.00132704,-0.00132704
48.6757,0.523599,0.282788,-0.410599,-0.00132704,-0.00132704,-0.00132704,-0.00132704,-0.00132704,-0.00132704
48.7007,0.523599,0.328249,0.303827,-0.00132704,-0.00132704,-0.00132704,-0.00132704,-0.00132704,-0.00132704
48.7257,0.523599,0.372961,1.00102,-0.00132704,-0.00132704,-0.00132704,-0.00132704,-0.00132704,-0.00132704
48.7507,0.523599,0.416824,1.64142,-0.00132704,-0.00132704,-0.00132704,-0.00132704,-0.00132704,-0.00132704
48.7757,0.523599,0.459736,2.1887,-0.00132704,-0.00132704,-0.00132704,-0.00132704,-0.00132704,-0.00132704
48.8007,0.523599,0.5016,2.61182,-0.00132704,-0.00132704,-0.00132704,-0.00132704,-0.00132704,-0.00132704
48.8257,0.523599,0.54232,2.88678,-0.00132704,-0.00132704,-0.00132704,-0.00132704,-0.00132704,-0.00132704
48.8507,0.523599,0.581804,2.99796,-0.00132704,-0.00132704,-0.00132704,-0.00132704,-0.00132704,-0.00132704
48.8757,0.523599,0.619963,2.93907,-0.00132704,-0.00132704,-0.00132704,-0.00132704,-0.00132704,-0.00132704
48.9007,0.523599,0.656707,2.71345,-0.00132704,-0.00132704,-0.00132704,-0.00132704,-0.00132704,-0.00132704
48.9257,0.523599,0.691955,2.33389,-0.00132704,-0.00132704,-0.00132704,-0.00132704,-0.00132704,-0.00132704
48.9507,0.523599,0.725626,1.82194,-0.00132704,-0.00132704,-0.00132704,-0.00132704,-0.00132704,-0.00132704
48.9757,0.523599,0.757642,1.20662,-0.00132704,-0.00132704,-0.00132704,-0.00132704,-0.00132704,-0.00132704
49.0007,0.523599,0.787931,0.522854,-0.00132704,-0.00132704,-0.00132704,-0.00132704,-0.00132704,-0.00132704
49.0257,0.523599,0.816424,-0.190575,-0.00132704,-0.00132704,-0.00132704,-0.00132704,-0.00132704,-0.00132704
49.0507,0.523599,0.843056,-0.893192,-0.00132704,-0.00132704,-0.00132704,-0.00132704,-0.00132704,-0.00132704
49.0757,0.523599,0.867766,-1.54514,-0.00132704,-0.00132704,-0.00132704,-0.00132704,-0.00132704,-0.00132704
49.1007,0.523599,0.890498,-2.10943,-0.00132704,-0.00132704,-0.00132704,-0.00132704,-0.00132704,-0.00132704
49.1257,0.523599,0.911201,-2.55405,-0.00132704,-0.00132704,-0.00132704,-0.00132704,-0.00132704,-0.00132704
49.1507,0.523599,0.929825,-2.85379,-0.00132704,-0.00132704,-0.00132704,-0.00132704,-0.00132704,-0.00132704
49.1757,0.523599,0.946331,-2.99162,-0.00132704,-0.00132704,-0.00132704,-0.00132704,-0.00132704,-0.00132704
49.2007,0.523599,0.960679,-2.95975,-0.00132704,-0.00132704,-0.00132704,-0.00132704,-0.00132704,-0.00132704
49.2257,0.523599,0.972837,-2.75996,-0.00132704,-0.00132704,-0.00132704,-0.00132704,-0.00132704,-0.00132704
49.2507,0.523599,0.982778,-2.40361,-0.00132704,-0.00132704,-0.00132704,-0.00132704,-0.00132704,-0.00132704
49.2757,0.523599,0.990478,-1.9109,-0.00132704,-0.00132704,-0.00132704,-0.00132704,-0.00132704,-0.00132704
49.3007,0.523599,0.99592,-1.30978,-0.00132704,-0.00132704,-0.00132704,-0.00132704,-0.00132704,-0.00132704
49.3257,0.523599,0.999092,-0.634358,-0.00132704,-0.00132704,-0.00132704,-0.00132704,-0.00132704,-0.00132704
49.3507,0.523599,0.999987,0.0770491,-0.00132704,-0.00132704,-0.00132704,-0.00132704,-0.00132704,-0.00132704
49.3757,0.523599,0.998602,0.784086,-0.00132704,-0.00132704,-0.00132704,-0.00132704,-0.00132704,-0.00132704
49.4007,0.523599,0.99494,1.44664,-0.00132704,-0.00132704,-0.00132704,-0.00132704,-0.00132704,-0.00132704
49.4257,0.523599,0.989011,2.02713,-0.00132704,-0.00132704,-0.00132704,-0.00132704,-0.00132704,-0.00132704
49.4507,0.523599,0.980827,2.49262,-0.00132704,-0.00132704,-0.00132704,-0.00132704,-0.00132704,-0.00132704
49.4757,0.523599,0.970407,2.8167,-0.00132704,-0.00132704,-0.00132704,-0.00132704,-0.00132704,-0.00132704
49.5007,0.523599,0.957775,2.98099,-0.00132704,-0.00132704,-0.00132704,-0.00132704,-0.00132704,-0.00132704
49.5257,0.523599,0.94296,2.97617,-0.00132704,-0.00132704,-0.00132704,-0.00132704,-0.00132704,-0.00132704
49.5507,0.523599,0.925996,2.80252,-0.00132704,-0.00132704,-0.00132704,-0.00132704,-0.00132704,-0.00132704
49.5757,0.523599,0.90692,2.46987,-0.00132704,-0.00132704,-0.00132704,-0.00132704,-0.00132704,-0.00132704
49.6007,0.523599,0.885777,1.99711,-0.00132704,-0.00132704,-0.00132704,-0.00132704,-0.00132704,-0.00132704
49.6257,0.523599,0.862615,1.41106,-0.00132704,-0.00132704,-0.00132704,-0.00132704,-0.00132704,-0.00132704
49.6507,0.523599,0.837486,0.744952,-0.00132704,-0.00132704,-0.00132704,-0.00132704,-0.00132704,-0.00132704
49.6757,0.523599,0.810448,0.036587,-0.00132704,-0.00132704,-0.00132704,-0.00132704,-0.00132704,-0.00132704
49.7007,0.523599,0.781563,-0.673854,-0.00132704,-0.00132704,-0.00132704,-0.00132704,-0.00132704,-0.00132704
49.7257,0.523599,0.750896,-1.34607,-0.00132704,-0.00132704,-0.00132704,-0.00132704,-0.00132704,-0.00132704
49.7507,0.523599,0.718518,-1.94192,-0.00132704,-0.00132704,-0.00132704,-0.00132704,-0.00132704,-0.00132704
49.7757,0.523599,0.684501,-2.4276,-0.00132704,-0.00132704,-0.00132704,-0.00132704,-0.00132704,-0.00132704
49.8007,0.523599,0.648924,-2.77557,-0.00132704,-0.00132704,-0.00132704,-0.00132704,-0.00132704,-0.00132704
49.8257,0.523599,0.611868,-2.96608,-0.00132704,-0.00132704,-0.00132704,-0.00132704,-0.00132704,-0.00132704
49.8507,0.523599,0.573417,-2.98833,-0.00132704,-0.00132704,-0.00132704,-0.00132704,-0.00132704,-0.00132704
49.8757,0.523599,0.533659,-2.84105,-0.00132704,-0.00132704,-0.00132704,-0.00132704,-0.00132704,-0.00132704
49.9007,0.523599,0.492685,-2.53259,-0.00132704,-0.00132704,-0.00132704,-0.00132704,-0.00132704,-0.00132704
49.9257,0.523599,0.450587,-2.08046,-0.00132704,-0.00132704,-0.00132704,-0.00132704,-0.00132704,-0.00132704
49.9507,0.523599,0.407462,-1.51031,-0.00132704,-0.00132704,-0.00132704,-0.00132704,-0.00132704,-0.00132704
49.9757,0.523599,0.363409,-0.854478,-0.00132704,-0.00132704,-0.00132704,-0.00132704,-0.00132704,-0.00132704
50.0008,0.523599,0.318527,-0.150171,-0.00132704,-0.00132704,-0.00132704,-0.00132704,-0.00132704,-0.00132704
50.0258,0.523599,0.272919,0.562656,-0.00132704,-0.00132704,-0.00132704,-0.00132704,-0.00132704,-0.00132704
50.0508,0.523599,0.226688,1.24356,-0.00132704,-0.00132704,-0.00132704,-0.00132704,-0.00132704,-0.00132704
50.0758,0.523599,0.179941,1.85392,-0.00132704,-0.00132704,-0.00132704,-0.00132704,-0.00132704,-0.00132704
50.1008,0.523599,0.132784,2.35911,-0.00132704,-0.00132704,-0.00132704,-0.00132704,-0.00132704,-0.00132704
50.1258,0.523599,0.085324,2.73046,-0.00132704,-0.00132704,-0.00132704,-0.00132704,-0.00132704,-0.00132704
50.1508,0.523599,0.0376695,2.94692,-0.00132704,-0.00132704,-0.00132704,-0.00132704,-0.00132704,-0.00132704
50.1758,0.523599,-0.0100708,2.9962,-0.00132704,-0.00132704,-0.00132704,-0.00132704,-0.00132704,-0.00132704
50.2008,0.523599,-0.0577881,2.8755,-0.00132704,-0.00132704,-0.00132704,-0.00132704,-0.00132704,-0.00132704
50.2258,0.523599,-0.105374,2.59168,-0.00132704,-0.00132704,-0.00132704,-0.00132704,-0.00132704,-0.00132704
50.2508,0.523599,-0.152719,2.16083,-0.00132704,-0.00132704,-0.00132704,-0.00132704,-0.00132704,-0.00132704
50.2758,0.523599,-0.199716,1.6074,-0.00132704,-0.00132704,-0.00132704,-0.00132704,-0.00132704,-0.00132704
50.3008,0.523599,-0.246258,0.962777,-0.00132704,-0.00132704,-0.00132704,-0.00132704,-0.00132704,-0.00132704
50.3258,0.523599,-0.292239,0.263539,-0.00132704,-0.00132704,-0.00132704,-0.00132704,-0.00132704,-0.00132704
50.3508,0.523599,-0.337554,-0.45065,-0.00132704,-0.00132704,-0.00132704,-0.00132704,-0.00132704,-0.00132704
50.3758,0.523599,-0.382099,-1.13927,-0.00132704,-0.00132704,-0.00132704,-0.00132704,-0.00132704,-0.00132704
50.4008,0.523599,-0.425773,-1.76327,-0.00132704,-0.00132704,-0.00132704,-0.00132704,-0.00132704,-0.00132704
50.4258,0.523599,-0.468476,-2.28723,-0.00132704,-0.00132704,-0.00132704,-0.00132704,-0.00132704,-0.00132704
50.4508,0.523599,-0.510111,-2.68144,-0.00132704,-0.00132704,-0.00132704,-0.00132704,-0.00132704,-0.00132704
50.4758,0.523599,-0.550584,-2.92353,-0.00132704,-0.00132704,-0.00132704,-0.00132704,-0.00132704,-0.00132704
50.5008,0.523599,-0.589802,-2.99977,-0.00132704,-0.00132704,-0.00132704,-0.00132704,-0.00132704,-0.00132704
50.5258,0.523599,-0.627675,-2.90583,-0.00132704,-0.00132704,-0.00132704,-0.00132704,-0.00132704,-0.00132704
50.5508,0.523599,-0.664117,-2.64705,-0.00132704,-0.00132704,-0.00132704,-0.00132704,-0.00132704,-0.00132704
50.5758,0.523599,-0.699045,-2.23809,-0.00132704,-0.00132704,-0.00132704,-0.00132704,-0.00132704,-0.00132704
50.6008,0.523599,-0.73238,-1.70218,-0.00132704,-0.00132704,-0.00132704,-0.00132704,-0.00132704,-0.00132704
50.6258,0.523599,-0.764045,-1.06969,-0.00132704,-0.00132704,-0.00132704,-0.00132704,-0.00132704,-0.00132704
50.6508,0.523599,-0.793969,-0.376529,-0.00132704,-0.00132704,-0.00132704,-0.00132704,-0.00132704,-0.00132704
50.6758,0.523599,-0.822082,0.337997,-0.00132704,-0.00132704,-0.00132704,-0.00132704,-0.00132704,-0.00132704
50.7008,0.523599,-0.848322,1.03335,-0.00132704,-0.00132704,-0.00132704,-0.00132704,-0.00132704,-0.00132704
50.7258,0.523599,-0.872628,1.67008,-0.00132704,-0.00132704,-0.00132704,-0.00132704,-0.00132704,-0.00132704
50.7508,0.523599,-0.894945,2.21207,-0.00132704,-0.00132704,-0.00132704,-0.00132704,-0.00132704,-0.00132704
50.7758,0.523599,-0.915221,2.62856,-0.00132704,-0.00132704,-0.00132704,-0.00132704,-0.00132704,-0.00132704
50.8008,0.523599,-0.933411,2.89594,-0.00132704,-0.00132704,-0.00132704,-0.00132704,-0.00132704,-0.00132704
50.8258,0.523599,-0.949474,2.99903,-0.00132704,-0.00132704,-0.00132704,-0.00132704,-0.00132704,-0.00132704
50.8508,0.523599,-0.963372,2.93199,-0.00132704,-0.00132704,-0.00132704,-0.00132704,-0.00132704,-0.00132704
50.8758,0.523599,-0.975074,2.69861,-0.00132704,-0.00132704,-0.00132704,-0.00132704,-0.00132704,-0.00132704
50.9008,0.523599,-0.984553,2.31215,-0.00132704,-0.00132704,-0.00132704,-0.00132704,-0.00132704,-0.00132704
50.9258,0.523599,-0.991788,1.79451,-0.00132704,-0.00132704,-0.00132704,-0.00132704,-0.00132704,-0.00132704
50.9508,0.523599,-0.996762,1.17508,-0.00132704,-0.00132704,-0.00132704,-0.00132704,-0.00132704,-0.00132704
50.9758,0.523599,-0.999464,0.488979,-0.00132704,-0.00132704,-0.00132704,-0.00132704,-0.00132704,-0.00132704
51.0008,0.523599,-0.999887,-0.22486,-0.00132704,-0.00132704,-0.00132704,-0.00132704,-0.00132704,-0.00132704
51.0258,0.523599,-0.998032,-0.925942,-0.00132704,-0.00132704,-0.00132704,-0.00132704,-0.00132704,-0.00132704
51.0508,0.523599,-0.993901,-1.5745,-0.00132704,-0.00132704,-0.00132704,-0.00132704,-0.00132704,-0.00132704
51.0758,0.523599,-0.987504,-2.13373,-0.00132704,-0.00132704,-0.00132704,-0.00132704,-0.00132704,-0.00132704
51.1008,0.523599,-0.978856,-2.57191,-0.00132704,-0.00132704,-0.00132704,-0.00132704,-0.00132704,-0.00132704
51.1258,0.523599,-0.967977,-2.8642,-0.00132704,-0.00132704,-0.00132704,-0.00132704,-0.00132704,-0.00132704
51.1508,0.523599,-0.954892,-2.99399,-0.00132704,-0.00132704,-0.00132704,-0.00132704,-0.00132704,-0.00132704
51.1758,0.523599,-0.939629,-2.95394,-0.00132704,-0.00132704,-0.00132704,-0.00132704,-0.00132704,-0.00132704
51.2008,0.523599,-0.922225,-2.74631,-0.00132704,-0.00132704,-0.00132704,-0.00132704,-0.00132704,-0.00132704
51.2258,0.523599,-0.902719,-2.38288,-0.00132704,-0.00132704,-0.00132704,-0.00132704,-0.00132704,-0.00132704
51.2508,0.523599,-0.881154,-1.88428,-0.00132704,-0.00132704,-0.00132704,-0.00132704,-0.00132704,-0.00132704
51.2758,0.523599,-0.857581,-1.27877,-0.00132704,-0.00132704,-0.00132704,-0.00132704,-0.00132704,-0.00132704
51.3008,0.523599,-0.832053,-0.600727,-0.00132704,-0.00132704,-0.00132704,-0.00132704,-0.00132704,-0.00132704
51.3258,0.523599,-0.804628,0.1114,-0.00132704,-0.00132704,-0.00132704,-0.00132704,-0.00132704,-0.00132704
51.3508,0.523599,-0.77537,0.817207,-0.00132704,-0.00132704,-0.00132704,-0.00132704,-0.00132704,-0.00132704
51.3758,0.523599,-0.744343,1.47665,-0.00132704,-0.00132704,-0.00132704,-0.00132704,-0.00132704,-0.00132704
51.4008,0.523599,-0.71162,2.05233,-0.00132704,-0.00132704,-0.00132704,-0.00132704,-0.00132704,-0.00132704
51.4258,0.523599,-0.677275,2.51158,-0.00132704,-0.00132704,-0.00132704,-0.00132704,-0.00132704,-0.00132704
51.4508,0.523599,-0.641385,2.82834,-0.00132704,-0.00132704,-0.00132704,-0.00132704,-0.00132704,-0.00132704
51.4758,0.523599,-0.604034,2.98466,-0.00132704,-0.00132704,-0.00132704,-0.00132704,-0.00132704,-0.00132704
51.5008,0.523599,-0.565306,2.97165,-0.00132704,-0.00132704,-0.00132704,-0.00132704,-0.00132704,-0.00132704
51.5258,0.523599,-0.525289,2.79007,-0.00132704,-0.00132704,-0.00132704,-0.00132704,-0.00132704,-0.00132704
51.5508,0.523599,-0.484074,2.4502,-0.00132704,-0.00132704,-0.00132704,-0.00132704,-0.00132704,-0.00132704
51.5758,0.523599,-0.441756,1.97134,-0.00132704,-0.00132704,-0.00132704,-0.00132704,-0.00132704,-0.00132704
51.6008,0.523599,-0.398431,1.38064,-0.00132704,-0.00132704,-0.00132704,-0.00132704,-0.00132704,-0.00132704
51.6259,0.523599,-0.354198,0.711613,-0.00132704,-0.00132704,-0.00132704,-0.00132704,-0.00132704,-0.00132704
51.6509,0.523599,-0.309158,0.00222009,-0.00132704,-0.00132704,-0.00132704,-0.00132704,-0.00132704,-0.00132704
51.6759,0.523599,-0.263412,-0.707299,-0.00132704,-0.00132704,-0.00132704,-0.00132704,-0.00132704,-0.00132704
51.7009,0.523599,-0.217067,-1.37669,-0.00132704,-0.00132704,-0.00132704,-0.00132704,-0.00132704,-0.00132704
51.7259,0.523599,-0.170226,-1.96799,-0.00132704,-0.00132704,-0.00132704,-0.00132704,-0.00132704,-0.00132704
51.7509,0.523599,-0.122997,-2.44764,-0.00132704,-0.00132704,-0.00132704,-0.00132704,-0.00132704,-0.00132704
51.7759,0.523599,-0.0754884,-2.78843,-0.00132704,-0.00132704,-0.00132704,-0.00132704,-0.00132704,-0.00132704
51.8009,0.523599,-0.0278073,-2.97104,-0.00132704,-0.00132704,-0.00132704,-0.00132704,-0.00132704,-0.00132704
51.8259,0.523599,0.0199372,-2.9851,-0.00132704,-0.00132704,-0.00132704,-0.00132704,-0.00132704,-0.00132704
51.8509,0.523599,0.0676362,-2.82982,-0.00132704,-0.00132704,-0.00132704,-0.00132704,-0.00132704,-0.00132704
51.8759,0.523599,0.115181,-2.514,-0.00132704,-0.00132704,-0.00132704,-0.00132704,-0.00132704,-0.00132704
51.9009,0.523599,0.162463,-2.05557,-0.00132704,-0.00132704,-0.00132704,-0.00132704,-0.00132704,-0.00132704
51.9259,0.523599,0.209375,-1.48052,-0.00132704,-0.00132704,-0.00132704,-0.00132704,-0.00132704,-0.00132704
51.9509,0.523599,0.25581,-0.821478,-0.00132704,-0.00132704,-0.00132704,-0.00132704,-0.00132704,-0.00132704
51.9759,0.523599,0.301662,-0.115837,-0.00132704,-0.00132704,-0.00132704,-0.00132704,-0.00132704,-0.00132704
52.0009,0.523599,0.346825,0.596376,-0.00132704,-0.00132704,-0.00132704,-0.00132704,-0.00132704,-0.00132704
52.0259,0.523599,0.391199,1.27476,-0.00132704,-0.00132704,-0.00132704,-0.00132704,-0.00132704,-0.00132704
52.0509,0.523599,0.43468,1.88082,-0.00132704,-0.00132704,-0.00132704,-0.00132704,-0.00132704,-0.00132704
52.0759,0.523599,0.477171,2.38018,-0.00132704,-0.00132704,-0.00132704,-0.00132704,-0.00132704,-0.00132704
52.1009,0.523599,0.518574,2.74452,-0.00132704,-0.00132704,-0.00132704,-0.00132704,-0.00132704,-0.00132704
52.1259,0.523599,0.558794,2.95316,-0.00132704,-0.00132704,-0.00132704,-0.00132704,-0.00132704,-0.00132704
52.1509,0.523599,0.597741,2.99427,-0.00132704,-0.00132704,-0.00132704,-0.00132704,-0.00132704,-0.00132704
52.1759,0.523599,0.635326,2.86551,-0.00132704,-0.00132704,-0.00132704,-0.00132704,-0.00132704,-0.00132704
52.2009,0.523599,0.671462,2.5742,-0.00132704,-0.00132704,-0.00132704,-0.00132704,-0.00132704,-0.00132704
52.2259,0.523599,0.706067,2.13685,-0.00132704,-0.00132704,-0.00132704,-0.00132704,-0.00132704,-0.00132704
52.2509,0.523599,0.739063,1.57827,-0.00132704,-0.00132704,-0.00132704,-0.00132704,-0.00132704,-0.00132704
52.2759,0.523599,0.770374,0.930164,-0.00132704,-0.00132704,-0.00132704,-0.00132704,-0.00132704,-0.00132704
52.3009,0.523599,0.799929,0.229287,-0.00132704,-0.00132704,-0.00132704,-0.00132704,-0.00132704,-0.00132704
52.3259,0.523599,0.827661,-0.484597,-0.00132704,-0.00132704,-0.00132704,-0.00132704,-0.00132704,-0.00132704
52.3509,0.523599,0.853505,-1.17099,-0.00132704,-0.00132704,-0.00132704,-0.00132704,-0.00132704,-0.00132704
52.3759,0.523599,0.877405,-1.79095,-0.00132704,-0.00132704,-0.00132704,-0.00132704,-0.00132704,-0.00132704
52.4009,0.523599,0.899304,-2.30932,-0.00132704,-0.00132704,-0.00132704,-0.00132704,-0.00132704,-0.00132704
52.4259,0.523599,0.919153,-2.69667,-0.00132704,-0.00132704,-0.00132704,-0.00132704,-0.00132704,-0.00132704
52.4509,0.523599,0.936906,-2.93105,-0.00132704,-0.00132704,-0.00132704,-0.00132704,-0.00132704,-0.00132704
52.4759,0.523599,0.952524,-2.99914,-0.00132704,-0.00132704,-0.00132704,-0.00132704,-0.00132704,-0.00132704
52.5009,0.523599,0.965971,-2.8971,-0.00132704,-0.00132704,-0.00132704,-0.00132704,-0.00132704,-0.00132704
52.5259,0.523599,0.977216,-2.6307,-0.00132704,-0.00132704,-0.00132704,-0.00132704,-0.00132704,-0.00132704
52.5509,0.523599,0.986233,-2.21506,-0.00132704,-0.00132704,-0.00132704,-0.00132704,-0.00132704,-0.00132704
52.5759,0.523599,0.993002,-1.67377,-0.00132704,-0.00132704,-0.00132704,-0.00132704,-0.00132704,-0.00132704
52.6009,0.523599,0.997507,-1.03752,-0.00132704,-0.00132704,-0.00132704,-0.00132704,-0.00132704,-0.00132704
52.6259,0.523599,0.999738,-0.342409,-0.00132704,-0.00132704,-0.00132704,-0.00132704,-0.00132704,-0.00132704
52.6509,0.523599,0.999691,0.372123,-0.00132704,-0.00132704,-0.00132704,-0.00132704,-0.00132704,-0.00132704
52.6759,0.523599,0.997364,1.06555,-0.00132704,-0.00132704,-0.00132704,-0.00132704,-0.00132704,-0.00132704
52.7009,0.523599,0.992764,1.69852,-0.00132704,-0.00132704,-0.00132704,-0.00132704,-0.00132704,-0.00132704
52.7259,0.523599,0.985901,2.23514,-0.00132704,-0.00132704,-0.00132704,-0.00132704,-0.00132704,-0.00132704
52.7509,0.523599,0.97679,2.64495,-0.00132704,-0.00132704,-0.00132704,-0.00132704,-0.00132704,-0.00132704
52.7759,0.523599,0.965453,2.90472,-0.00132704,-0.00132704,-0.00132704,-0.00132704,-0.00132704,-0.00132704
52.8009,0.523599,0.951915,2.99971,-0.00132704,-0.00132704,-0.00132704,-0.00132704,-0.00132704,-0.00132704
52.8259,0.523599,0.936207,2.92452,-0.00132704,-0.00132704,-0.00132704,-0.00132704,-0.00132704,-0.00132704
52.8509,0.523599,0.918365,2.68342,-0.00132704,-0.00132704,-0.00132704,-0.00132704,-0.00132704,-0.00132704
52.8759,0.523599,0.898429,2.2901,-0.00132704,-0.00132704,-0.00132704,-0.00132704,-0.00132704,-0.00132704
52.9009,0.523599,0.876446,1.76686,-0.00132704,-0.00132704,-0.00132704,-0.00132704,-0.00132704,-0.00132704
52.9259,0.523599,0.852464,1.14338,-0.00132704,-0.00132704,-0.00132704,-0.00132704,-0.00132704,-0.00132704
52.9509,0.523599,0.826539,0.455039,-0.00132704,-0.00132704,-0.00132704,-0.00132704,-0.00132704,-0.00132704
52.9759,0.523599,0.79873,-0.259116,-0.00132704,-0.00132704,-0.00132704,-0.00132704,-0.00132704,-0.00132704
53.0009,0.523599,0.7691,-0.95857,-0.00132704,-0.00132704,-0.00132704,-0.00132704,-0.00132704,-0.00132704
53.0259,0.523599,0.737717,-1.60365,-0.00132704,-0.00132704,-0.00132704,-0.00132704,-0.00132704,-0.00132704
53.0509,0.523599,0.704653,-2.15775,-0.00132704,-0.00132704,-0.00132704,-0.00132704,-0.00132704,-0.00132704
53.0759,0.523599,0.669982,-2.58944,-0.00132704,-0.00132704,-0.00132704,-0.00132704,-0.00132704,-0.00132704
53.1009,0.523599,0.633784,-2.87423,-0.00132704,-0.00132704,-0.00132704,-0.00132704,-0.00132704,-0.00132704
53.1259,0.523599,0.596141,-2.99597,-0.00132704,-0.00132704,-0.00132704,-0.00132704,-0.00132704,-0.00132704
53.1509,0.523599,0.557139,-2.94775,-0.00132704,-0.00132704,-0.00132704,-0.00132704,-0.00132704,-0.00132704
53.1759,0.523599,0.516867,-2.7323,-0.00132704,-0.00132704,-0.00132704,-0.00132704,-0.00132704,-0.00132704
53.2009,0.523599,0.475416,-2.36185,-0.00132704,-0.00132704,-0.00132704,-0.00132704,-0.00132704,-0.00132704
53.2259,0.523599,0.432882,-1.85741,-0.00132704,-0.00132704,-0.00132704,-0.00132704,-0.00132704,-0.00132704
53.2509,0.523599,0.389362,-1.2476,-0.00132704,-0.00132704,-0.00132704,-0.00132704,-0.00132704,-0.00132704
53.276,0.523599,0.344953,-0.567016,-0.00132704,-0.00132704,-0.00132704,-0.00132704,-0.00132704,-0.00132704
53.301,0.523599,0.299759,0.145736,-0.00132704,-0.00132704,-0.00132704,-0.00132704,-0.00132704,-0.00132704
53.326,0.523599,0.253881,0.850221,-0.00132704,-0.00132704,-0.00132704,-0.00132704,-0.00132704,-0.00132704
53.351,0.523599,0.207424,1.50647,-0.00132704,-0.00132704,-0.00132704,-0.00132704,-0.00132704,-0.00132704
53.376,0.523599,0.160494,2.07726,-0.00132704,-0.00132704,-0.00132704,-0.00132704,-0.00132704,-0.00132704
53.401,0.523599,0.113199,2.53021,-0.00132704,-0.00132704,-0.00132704,-0.00132704,-0.00132704,-0.00132704
53.426,0.523599,0.0656455,2.83962,-0.00132704,-0.00132704,-0.00132704,-0.00132704,-0.00132704,-0.00132704
53.451,0.523599,0.0179424,2.98793,-0.00132704,-0.00132704,-0.00132704,-0.00132704,-0.00132704,-0.00132704
53.476,0.523599,-0.0298017,2.96675,-0.00132704,-0.00132704,-0.00132704,-0.00132704,-0.00132704,-0.00132704
53.501,0.523599,-0.0774777,2.77726,-0.00132704,-0.00132704,-0.00132704,-0.00132704,-0.00132704,-0.00132704
53.526,0.523599,-0.124977,2.43021,-0.00132704,-0.00132704,-0.00132704,-0.00132704,-0.00132704,-0.00132704
53.551,0.523599,-0.172192,1.9453,-0.00132704,-0.00132704,-0.00132704,-0.00132704,-0.00132704,-0.00132704
53.576,0.523599,-0.219014,1.35003,-0.00132704,-0.00132704,-0.00132704,-0.00132704,-0.00132704,-0.00132704
53.601,0.523599,-0.265337,0.67818,-0.00132704,-0.00132704,-0.00132704,-0.00132704,-0.00132704,-0.00132704
53.626,0.523599,-0.311055,-0.0321471,-0.00132704,-0.00132704,-0.00132704,-0.00132704,-0.00132704,-0.00132704
53.651,0.523599,-0.356063,-0.740651,-0.00132704,-0.00132704,-0.00132704,-0.00132704,-0.00132704,-0.00132704
53.676,0.523599,-0.400261,-1.40714,-0.00132704,-0.00132704,-0.00132704,-0.00132704,-0.00132704,-0.00132704
53.701,0.523599,-0.443545,-1.9938,-0.00132704,-0.00132704,-0.00132704,-0.00132704,-0.00132704,-0.00132704
53.726,0.523599,-0.485819,-2.46735,-0.00132704,-0.00132704,-0.00132704,-0.00132704,-0.00132704,-0.00132704
53.751,0.523599,-0.526985,-2.80093,-0.00132704,-0.00132704,-0.00132704,-0.00132704,-0.00132704,-0.00132704
53.776,0.523599,-0.56695,-2.97561,-0.00132704,-0.00132704,-0.00132704,-0.00132704,-0.00132704,-0.00132704
53.801,0.523599,-0.605623,-2.98149,-0.00132704,-0.00132704,-0.00132704,-0.00132704,-0.00132704,-0.00132704
53.826,0.523599,-0.642915,-2.81823,-0.00132704,-0.00132704,-0.00132704,-0.00132704,-0.00132704,-0.00132704
53.851,0.523599,-0.678741,-2.49509,-0.00132704,-0.00132704,-0.00132704,-0.00132704,-0.00132704,-0.00132704
53.876,0.523599,-0.71302,-2.0304,-0.00132704,-0.00132704,-0.00132704,-0.00132704,-0.00132704,-0.00132704
53.901,0.523599,-0.745674,-1.45053,-0.00132704,-0.00132704,-0.00132704,-0.00132704,-0.00132704,-0.00132704
53.926,0.523599,-0.776628,-0.788371,-0.00132704,-0.00132704,-0.00132704,-0.00132704,-0.00132704,-0.00132704
53.951,0.523599,-0.805812,-0.0814877,-0.00132704,-0.00132704,-0.00132704,-0.00132704,-0.00132704,-0.00132704
53.976,0.523599,-0.833158,0.630018,-0.00132704,-0.00132704,-0.00132704,-0.00132704,-0.00132704,-0.00132704
54.001,0.523599,-0.858606,1.30578,-0.00132704,-0.00132704,-0.00132704,-0.00132704,-0.00132704,-0.00132704
54.026,0.523599,-0.882096,1.90747,-0.00132704,-0.00132704,-0.00132704,-0.00132704,-0.00132704,-0.00132704
54.051,0.523599,-0.903575,2.40095,-0.00132704,-0.00132704,-0.00132704,-0.00132704,-0.00132704,-0.00132704
54.076,0.523599,-0.922995,2.75822,-0.00132704,-0.00132704,-0.00132704,-0.00132704,-0.00132704,-0.00132704
54.101,0.523599,-0.94031,2.95902,-0.00132704,-0.00132704,-0.00132704,-0.00132704,-0.00132704,-0.00132704
54.126,0.523599,-0.955482,2.99195,-0.00132704,-0.00132704,-0.00132704,-0.00132704,-0.00132704,-0.00132704
54.151,0.523599,-0.968476,2.85515,-0.00132704,-0.00132704,-0.00132704,-0.00132704,-0.00132704,-0.00132704
54.176,0.523599,-0.979263,2.55638,-0.00132704,-0.00132704,-0.00132704,-0.00132704,-0.00132704,-0.00132704
54.201,0.523599,-0.987817,2.11259,-0.00132704,-0.00132704,-0.00132704,-0.00132704,-0.00132704,-0.00132704
54.226,0.523599,-0.994119,1.54894,-0.00132704,-0.00132704,-0.00132704,-0.00132704,-0.00132704,-0.00132704
54.251,0.523599,-0.998155,0.89743,-0.00132704,-0.00132704,-0.00132704,-0.00132704,-0.00132704,-0.00132704
54.276,0.523599,-0.999915,0.195006,-0.00132704,-0.00132704,-0.00132704,-0.00132704,-0.00132704,-0.00132704
54.301,0.523599,-0.999397,-0.518481,-0.00132704,-0.00132704,-0.00132704,-0.00132704,-0.00132704,-0.00132704
54.326,0.523599,-0.9966,-1.20255,-0.00132704,-0.00132704,-0.00132704,-0.00132704,-0.00132704,-0.00132704
54.351,0.523599,-0.991531,-1.81841,-0.00132704,-0.00132704,-0.00132704,-0.00132704,-0.00132704,-0.00132704
54.376,0.523599,-0.984202,-2.3311,-0.00132704,-0.00132704,-0.00132704,-0.00132704,-0.00132704,-0.00132704
54.401,0.523599,-0.974629,-2.71155,-0.00132704,-0.00132704,-0.00132704,-0.00132704,-0.00132704,-0.00132704
54.426,0.523599,-0.962835,-2.93818,-0.00132704,-0.00132704,-0.00132704,-0.00132704,-0.00132704,-0.00132704
54.451,0.523599,-0.948846,-2.99812,-0.00132704,-0.00132704,-0.00132704,-0.00132704,-0.00132704,-0.00132704
54.476,0.523599,-0.932694,-2.88798,-0.00132704,-0.00132704,-0.00132704,-0.00132704,-0.00132704,-0.00132704
54.501,0.523599,-0.914415,-2.61401,-0.00132704,-0.00132704,-0.00132704,-0.00132704,-0.00132704,-0.00132704
54.526,0.523599,-0.894053,-2.19174,-0.00132704,-0.00132704,-0.00132704,-0.00132704,-0.00132704,-0.00132704
54.551,0.523599,-0.871652,-1.64513,-0.00132704,-0.00132704,-0.00132704,-0.00132704,-0.00132704,-0.00132704
54.576,0.523599,-0.847264,-1.0052,-0.00132704,-0.00132704,-0.00132704,-0.00132704,-0.00132704,-0.00132704
54.601,0.523599,-0.820945,-0.308244,-0.00132704,-0.00132704,-0.00132704,-0.00132704,-0.00132704,-0.00132704
54.626,0.523599,-0.792754,0.406201,-0.00132704,-0.00132704,-0.00132704,-0.00132704,-0.00132704,-0.00132704
54.651,0.523599,-0.762756,1.0976,-0.00132704,-0.00132704,-0.00132704,-0.00132704,-0.00132704,-0.00132704
54.676,0.523599,-0.73102,1.72674,-0.00132704,-0.00132704,-0.00132704,-0.00132704,-0.00132704,-0.00132704
54.701,0.523599,-0.697617,2.25791,-0.00132704,-0.00132704,-0.00132704,-0.00132704,-0.00132704,-0.00132704
54.726,0.523599,-0.662624,2.661,-0.00132704,-0.00132704,-0.00132704,-0.00132704,-0.00132704,-0.00132704
54.751,0.523599,-0.62612,2.91312,-0.00132704,-0.00132704,-0.00132704,-0.00132704,-0.00132704,-0.00132704
54.776,0.523599,-0.588189,2.99999,-0.00132704,-0.00132704,-0.00132704,-0.00132704,-0.00132704,-0.00132704
54.801,0.523599,-0.548917,2.91667,-0.00132704,-0.00132704,-0.00132704,-0.00132704,-0.00132704,-0.00132704
54.826,0.523599,-0.508394,2.66788,-0.00132704,-0.00132704,-0.00132704,-0.00132704,-0.00132704,-0.00132704
54.851,0.523599,-0.466712,2.26775,-0.00132704,-0.00132704,-0.00132704,-0.00132704,-0.00132704,-0.00132704
54.876,0.523599,-0.423966,1.73897,-0.00132704,-0.00132704,-0.00132704,-0.00132704,-0.00132704,-0.00132704
54.9011,0.523599,-0.380254,1.11153,-0.00132704,-0.00132704,-0.00132704,-0.00132704,-0.00132704,-0.00132704
54.9261,0.523599,-0.335675,0.42104,-0.00132704,-0.00132704,-0.00132704,-0.00132704,-0.00132704,-0.00132704
54.9511,0.523599,-0.29033,-0.293337,-0.00132704,-0.00132704,-0.00132704,-0.00132704,-0.00132704,-0.00132704
54.9761,0.523599,-0.244324,-0.991073,-0.00132704,-0.00132704,-0.00132704,-0.00132704,-0.00132704,-0.00132704
55.0011,0.523599,-0.197761,-1.63259,-0.00132704,-0.00132704,-0.00132704,-0.00132704,-0.00132704,-0.00132704
55.0261,0.523599,-0.150747,-2.18148,-0.00132704,-0.00132704,-0.00132704,-0.00132704,-0.00132704,-0.00132704
55.0511,0.523599,-0.103389,-2.60662,-0.00132704,-0.00132704,-0.00132704,-0.00132704,-0.00132704,-0.00132704
55.0761,0.523599,-0.0557962,-2.88389,-0.00132704,-0.00132704,-0.00132704,-0.00132704,-0.00132704,-0.00132704
55.1011,0.523599,-0.00807569,-2.99755,-0.00132704,-0.00132704,-0.00132704,-0.00132704,-0.00132704,-0.00132704
55.1261,0.523599,0.0396632,-2.94117,-0.00132704,-0.00132704,-0.00132704,-0.00132704,-0.00132704,-0.00132704
55.1511,0.523599,0.0873117,-2.71793,-0.00132704,-0.00132704,-0.00132704,-0.00132704,-0.00132704,-0.00132704
55.1761,0.523599,0.134761,-2.3405,-0.00132704,-0.00132704,-0.00132704,-0.00132704,-0.00132704,-0.00132704
55.2011,0.523599,0.181903,-1.8303,-0.00132704,-0.00132704,-0.00132704,-0.00132704,-0.00132704,-0.00132704
55.2261,0.523599,0.228631,-1.21627,-0.00132704,-0.00132704,-0.00132704,-0.00132704,-0.00132704,-0.00132704
55.2511,0.523599,0.274837,-0.533231,-0.00132704,-0.00132704,-0.00132704,-0.00132704,-0.00132704,-0.00132704
55.2761,0.523599,0.320417,0.180053,-0.00132704,-0.00132704,-0.00132704,-0.00132704,-0.00132704,-0.00132704
55.3011,0.523599,0.365267,0.883123,-0.00132704,-0.00132704,-0.00132704,-0.00132704,-0.00132704,-0.00132704
55.3261,0.523599,0.409284,1.53609,-0.00132704,-0.00132704,-0.00132704,-0.00132704,-0.00132704,-0.00132704
55.3511,0.523599,0.452367,2.10192,-0.00132704,-0.00132704,-0.00132704,-0.00132704,-0.00132704,-0.00132704
55.3761,0.523599,0.49442,2.54851,-0.00132704,-0.00132704,-0.00132704,-0.00132704,-0.00132704,-0.00132704
55.4011,0.523599,0.535346,2.85052,-0.00132704,-0.00132704,-0.00132704,-0.00132704,-0.00132704,-0.00132704
55.4261,0.523599,0.575051,2.99082,-0.00132704,-0.00132704,-0.00132704,-0.00132704,-0.00132704,-0.00132704
55.4511,0.523599,0.613445,2.96145,-0.00132704,-0.00132704,-0.00132704,-0.00132704,-0.00132704,-0.00132704
55.4761,0.523599,0.650441,2.76408,-0.00132704,-0.00132704,-0.00132704,-0.00132704,-0.00132704,-0.00132704
55.5011,0.523599,0.685954,2.4099,-0.00132704,-0.00132704,-0.00132704,-0.00132704,-0.00132704,-0.00132704
55.5261,0.523599,0.719904,1.91901,-0.00132704,-0.00132704,-0.00132704,-0.00132704,-0.00132704,-0.00132704
55.5511,0.523599,0.752212,1.31925,-0.00132704,-0.00132704,-0.00132704,-0.00132704,-0.00132704,-0.00132704
55.5761,0.523599,0.782806,0.644658,-0.00132704,-0.00132704,-0.00132704,-0.00132704,-0.00132704,-0.00132704
55.6011,0.523599,0.811615,-0.0665102,-0.00132704,-0.00132704,-0.00132704,-0.00132704,-0.00132704,-0.00132704
55.6261,0.523599,0.838575,-0.773905,-0.00132704,-0.00132704,-0.00132704,-0.00132704,-0.00132704,-0.00132704
55.6511,0.523599,0.863622,-1.4374,-0.00132704,-0.00132704,-0.00132704,-0.00132704,-0.00132704,-0.00132704
55.6761,0.523599,0.886701,-2.01935,-0.00132704,-0.00132704,-0.00132704,-0.00132704,-0.00132704,-0.00132704
55.7011,0.523599,0.907759,-2.48674,-0.00132704,-0.00132704,-0.00132704,-0.00132704,-0.00132704,-0.00132704
55.7261,0.523599,0.926747,-2.81305,-0.00132704,-0.00132704,-0.00132704,-0.00132704,-0.00132704,-0.00132704
55.7511,0.523599,0.943623,-2.97979,-0.00132704,-0.00132704,-0.00132704,-0.00132704,-0.00132704,-0.00132704
55.7761,0.523599,0.958347,-2.97748,-0.00132704,-0.00132704,-0.00132704,-0.00132704,-0.00132704,-0.00132704
55.8011,0.523599,0.970887,-2.80626,-0.00132704,-0.00132704,-0.00132704,-0.00132704,-0.00132704,-0.00132704
55.8261,0.523599,0.981214,-2.47584,-0.00132704,-0.00132704,-0.00132704,-0.00132704,-0.00132704,-0.00132704
55.8511,0.523599,0.989304,-2.00497,-0.00132704,-0.00132704,-0.00132704,-0.00132704,-0.00132704,-0.00132704
55.8761,0.523599,0.995139,-1.42035,-0.00132704,-0.00132704,-0.00132704,-0.00132704,-0.00132704,-0.00132704
55.9011,0.523599,0.998705,-0.75516,-0.00132704,-0.00132704,-0.00132704,-0.00132704,-0.00132704,-0.00132704
55.9261,0.523599,0.999995,-0.047128,-0.00132704,-0.00132704,-0.00132704,-0.00132704,-0.00132704,-0.00132704
55.9511,0.523599,0.999005,0.663577,-0.00132704,-0.00132704,-0.00132704,-0.00132704,-0.00132704,-0.00132704
55.9761,0.523599,0.995738,1.33664,-0.00132704,-0.00132704,-0.00132704,-0.00132704,-0.00132704,-0.00132704
56.0011,0.523599,0.990201,1.93387,-0.00132704,-0.00132704,-0.00132704,-0.00132704,-0.00132704,-0.00132704
56.0261,0.523599,0.982407,2.4214,-0.00132704,-0.00132704,-0.00132704,-0.00132704,-0.00132704,-0.00132704
56.0511,0.523599,0.972373,2.77156,-0.00132704,-0.00132704,-0.00132704,-0.00132704,-0.00132704,-0.00132704
56.0761,0.523599,0.960123,2.96448,-0.00132704,-0.00132704,-0.00132704,-0.00132704,-0.00132704,-0.00132704
56.1011,0.523599,0.945684,2.98924,-0.00132704,-0.00132704,-0.00132704,-0.00132704,-0.00132704,-0.00132704
56.1261,0.523599,0.929089,2.84441,-0.00132704,-0.00132704,-0.00132704,-0.00132704,-0.00132704,-0.00132704
56.1511,0.523599,0.910377,2.53823,-0.00132704,-0.00132704,-0.00132704,-0.00132704,-0.00132704,-0.00132704
56.1761,0.523599,0.889589,2.08805,-0.00132704,-0.00132704,-0.00132704,-0.00132704,-0.00132704,-0.00132704
56.2011,0.523599,0.866773,1.51941,-0.00132704,-0.00132704,-0.00132704,-0.00132704,-0.00132704,-0.00132704
56.2261,0.523599,0.841981,0.864578,-0.00132704,-0.00132704,-0.00132704,-0.00132704,-0.00132704,-0.00132704
56.2511,0.523599,0.81527,0.160698,-0.00132704,-0.00132704,-0.00132704,-0.00132704,-0.00132704,-0.00132704
56.2761,0.523599,0.786701,-0.552297,-0.00132704,-0.00132704,-0.00132704,-0.00132704,-0.00132704,-0.00132704
56.3011,0.523599,0.756338,-1.23396,-0.00132704,-0.00132704,-0.00132704,-0.00132704,-0.00132704,-0.00132704
56.3261,0.523599,0.724251,-1.84562,-0.00132704,-0.00132704,-0.00132704,-0.00132704,-0.00132704,-0.00132704
56.3511,0.523599,0.690513,-2.35258,-0.00132704,-0.00132704,-0.00132704,-0.00132704,-0.00132704,-0.00132704
56.3761,0.523599,0.655201,-2.72608,-0.00132704,-0.00132704,-0.00132704,-0.00132704,-0.00132704,-0.00132704
56.4011,0.523599,0.618396,-2.94493,-0.00132704,-0.00132704,-0.00132704,-0.00132704,-0.00132704,-0.00132704
56.4261,0.523599,0.580181,-2.99671,-0.00132704,-0.00132704,-0.00132704,-0.00132704,-0.00132704,-0.00132704
56.4511,0.523599,0.540643,-2.87849,-0.00132704,-0.00132704,-0.00132704,-0.00132704,-0.00132704,-0.00132704
56.4761,0.523599,0.499873,-2.59697,-0.00132704,-0.00132704,-0.00132704,-0.00132704,-0.00132704,-0.00132704
56.5011,0.523599,0.457963,-2.16813,-0.00132704,-0.00132704,-0.00132704,-0.00132704,-0.00132704,-0.00132704
56.5261,0.523599,0.415009,-1.61629,-0.00132704,-0.00132704,-0.00132704,-0.00132704,-0.00132704,-0.00132704
56.5512,0.523599,0.371109,-0.972755,-0.00132704,-0.00132704,-0.00132704,-0.00132704,-0.00132704,-0.00132704
56.5762,0.523599,0.326364,-0.274038,-0.00132704,-0.00132704,-0.00132704,-0.00132704,-0.00132704,-0.00132704
56.6012,0.523599,0.280874,0.440225,-0.00132704,-0.00132704,-0.00132704,-0.00132704,-0.00132704,-0.00132704
56.6262,0.523599,0.234744,1.12951,-0.00132704,-0.00132704,-0.00132704,-0.00132704,-0.00132704,-0.00132704
56.6512,0.523599,0.188079,1.75473,-0.00132704,-0.00132704,-0.00132704,-0.00132704,-0.00132704,-0.00132704
56.6762,0.523599,0.140985,2.28039,-0.00132704,-0.00132704,-0.00132704,-0.00132704,-0.00132704,-0.00132704
56.7012,0.523599,0.0935699,2.67669,-0.00132704,-0.00132704,-0.00132704,-0.00132704,-0.00132704,-0.00132704
56.7262,0.523599,0.0459414,2.92114,-0.00132704,-0.00132704,-0.00132704,-0.00132704,-0.00132704,-0.00132704
56.7512,0.523599,-0.00179178,2.99988,-0.00132704,-0.00132704,-0.00132704,-0.00132704,-0.00132704,-0.00132704
56.7762,0.523599,-0.0495209,2.90843,-0.00132704,-0.00132704,-0.00132704,-0.00132704,-0.00132704,-0.00132704
56.8012,0.523599,-0.0971372,2.65199,-0.00132704,-0.00132704,-0.00132704,-0.00132704,-0.00132704,-0.00132704
56.8262,0.523599,-0.144532,2.2451,-0.00132704,-0.00132704,-0.00132704,-0.00132704,-0.00132704,-0.00132704
56.8512,0.523599,-0.191597,1.71085,-0.00132704,-0.00132704,-0.00132704,-0.00132704,-0.00132704,-0.00132704
56.8762,0.523599,-0.238226,1.07954,-0.00132704,-0.00132704,-0.00132704,-0.00132704,-0.00132704,-0.00132704
56.9012,0.523599,-0.284311,0.386985,-0.00132704,-0.00132704,-0.00132704,-0.00132704,-0.00132704,-0.00132704
56.9262,0.523599,-0.329749,-0.32752,-0.00132704,-0.00132704,-0.00132704,-0.00132704,-0.00132704,-0.00132704
56.9512,0.523599,-0.374435,-1.02345,-0.00132704,-0.00132704,-0.00132704,-0.00132704,-0.00132704,-0.00132704
56.9762,0.523599,-0.418267,-1.66131,-0.00132704,-0.00132704,-0.00132704,-0.00132704,-0.00132704,-0.00132704
57.0012,0.523599,-0.461146,-2.20493,-0.00132704,-0.00132704,-0.00132704,-0.00132704,-0.00132704,-0.00132704
57.0262,0.523599,-0.502973,-2.62346,-0.00132704,-0.00132704,-0.00132704,-0.00132704,-0.00132704,-0.00132704
57.0512,0.523599,-0.543654,-2.89317,-0.00132704,-0.00132704,-0.00132704,-0.00132704,-0.00132704,-0.00132704
57.0762,0.523599,-0.583096,-2.99875,-0.00132704,-0.00132704,-0.00132704,-0.00132704,-0.00132704,-0.00132704
57.1012,0.523599,-0.621208,-2.9342,-0.00132704,-0.00132704,-0.00132704,-0.00132704,-0.00132704,-0.00132704
57.1262,0.523599,-0.657904,-2.7032,-0.00132704,-0.00132704,-0.00132704,-0.00132704,-0.00132704,-0.00132704
57.1512,0.523599,-0.693101,-2.31885,-0.00132704,-0.00132704,-0.00132704,-0.00132704,-0.00132704,-0.00132704
57.1762,0.523599,-0.726718,-1.80295,-0.00132704,-0.00132704,-0.00132704,-0.00132704,-0.00132704,-0.00132704
57.2012,0.523599,-0.758678,-1.18477,-0.00132704,-0.00132704,-0.00132704,-0.00132704,-0.00132704,-0.00132704
57.2262,0.523599,-0.788908,-0.499377,-0.00132704,-0.00132704,-0.00132704,-0.00132704,-0.00132704,-0.00132704
57.2512,0.523599,-0.81734,0.214346,-0.00132704,-0.00132704,-0.00132704,-0.00132704,-0.00132704,-0.00132704
57.2762,0.523599,-0.843909,0.915909,-0.00132704,-0.00132704,-0.00132704,-0.00132704,-0.00132704,-0.00132704
57.3012,0.523599,-0.868555,1.56551,-0.00132704,-0.00132704,-0.00132704,-0.00132704,-0.00132704,-0.00132704
57.3262,0.523599,-0.89122,2.1263,-0.00132704,-0.00132704,-0.00132704,-0.00132704,-0.00132704,-0.00132704
57.3512,0.523599,-0.911854,2.56647,-0.00132704,-0.00132704,-0.00132704,-0.00132704,-0.00132704,-0.00132704
57.3762,0.523599,-0.930409,2.86104,-0.00132704,-0.00132704,-0.00132704,-0.00132704,-0.00132704,-0.00132704
57.4012,0.523599,-0.946843,2.99331,-0.00132704,-0.00132704,-0.00132704,-0.00132704,-0.00132704,-0.00132704
57.4262,0.523599,-0.961119,2.95576,-0.00132704,-0.00132704,-0.00132704,-0.00132704,-0.00132704,-0.00132704
57.4512,0.523599,-0.973204,2.75054,-0.00132704,-0.00132704,-0.00132704,-0.00132704,-0.00132704,-0.00132704
57.4762,0.523599,-0.98307,2.38927,-0.00132704,-0.00132704,-0.00132704,-0.00132704,-0.00132704,-0.00132704
57.5012,0.523599,-0.990695,1.89247,-0.00132704,-0.00132704,-0.00132704,-0.00132704,-0.00132704,-0.00132704
57.5262,0.523599,-0.996062,1.2883,-0.00132704,-0.00132704,-0.00132704,-0.00132704,-0.00132704,-0.00132704
57.5512,0.523599,-0.999159,0.611051,-0.00132704,-0.00132704,-0.00132704,-0.00132704,-0.00132704,-0.00132704
57.5762,0.523599,-0.999977,-0.100864,-0.00132704,-0.00132704,-0.00132704,-0.00132704,-0.00132704,-0.00132704
57.6012,0.523599,-0.998517,-0.807058,-0.00132704,-0.00132704,-0.00132704,-0.00132704,-0.00132704,-0.00132704
57.6262,0.523599,-0.99478,-1.46747,-0.00132704,-0.00132704,-0.00132704,-0.00132704,-0.00132704,-0.00132704
57.6512,0.523599,-0.988775,-2.04463,-0.00132704,-0.00132704,-0.00132704,-0.00132704,-0.00132704,-0.00132704
57.6762,0.523599,-0.980516,-2.5058,-0.00132704,-0.00132704,-0.00132704,-0.00132704,-0.00132704,-0.00132704
57.7012,0.523599,-0.970023,-2.82481,-0.00132704,-0.00132704,-0.00132704,-0.00132704,-0.00132704,-0.00132704
57.7262,0.523599,-0.957318,-2.98358,-0.00132704,-0.00132704,-0.00132704,-0.00132704,-0.00132704,-0.00132704
57.7512,0.523599,-0.94243,-2.97308,-0.00132704,-0.00132704,-0.00132704,-0.00132704,-0.00132704,-0.00132704
57.7762,0.523599,-0.925395,-2.79393,-0.00132704,-0.00132704,-0.00132704,-0.00132704,-0.00132704,-0.00132704
57.8012,0.523599,-0.90625,-2.45627,-0.00132704,-0.00132704,-0.00132704,-0.00132704,-0.00132704,-0.00132704
57.8262,0.523599,-0.885039,-1.97927,-0.00132704,-0.00132704,-0.00132704,-0.00132704,-0.00132704,-0.00132704
57.8512,0.523599,-0.86181,-1.38999,-0.00132704,-0.00132704,-0.00132704,-0.00132704,-0.00132704,-0.00132704
57.8762,0.523599,-0.836617,-0.72185,-0.00132704,-0.00132704,-0.00132704,-0.00132704,-0.00132704,-0.00132704
57.9012,0.523599,-0.809517,-0.012762,-0.00132704,-0.00132704,-0.00132704,-0.00132704,-0.00132704,-0.00132704
57.9262,0.523599,-0.780571,0.69705,-0.00132704,-0.00132704,-0.00132704,-0.00132704,-0.00132704,-0.00132704
57.9512,0.523599,-0.749846,1.36732,-0.00132704,-0.00132704,-0.00132704,-0.00132704,-0.00132704,-0.00132704
57.9762,0.523599,-0.717412,1.96002,-0.00132704,-0.00132704,-0.00132704,-0.00132704,-0.00132704,-0.00132704
58.0012,0.523599,-0.683342,2.44153,-0.00132704,-0.00132704,-0.00132704,-0.00132704,-0.00132704,-0.00132704
58.0262,0.523599,-0.647715,2.78453,-0.00132704,-0.00132704,-0.00132704,-0.00132704,-0.00132704,-0.00132704
58.0512,0.523599,-0.610611,2.96956,-0.00132704,-0.00132704,-0.00132704,-0.00132704,-0.00132704,-0.00132704
58.0762,0.523599,-0.572115,2.98614,-0.00132704,-0.00132704,-0.00132704,-0.00132704,-0.00132704,-0.00132704
58.1012,0.523599,-0.532315,2.8333,-0.00132704,-0.00132704,-0.00132704,-0.00132704,-0.00132704,-0.00132704
58.1262,0.523599,-0.491302,2.51974,-0.00132704,-0.00132704,-0.00132704,-0.00132704,-0.00132704,-0.00132704
58.1512,0.523599,-0.449169,2.06323,-0.00132704,-0.00132704,-0.00132704,-0.00132704,-0.00132704,-0.00132704
58.1763,0.523599,-0.406011,1.48968,-0.00132704,-0.00132704,-0.00132704,-0.00132704,-0.00132704,-0.00132704
58.2013,0.523599,-0.361929,0.831612,-0.00132704,-0.00132704,-0.00132704,-0.00132704,-0.00132704,-0.00132704
58.2263,0.523599,-0.317021,0.12637,-0.00132704,-0.00132704,-0.00132704,-0.00132704,-0.00132704,-0.00132704
58.2513,0.523599,-0.27139,-0.586041,-0.00132704,-0.00132704,-0.00132704,-0.00132704,-0.00132704,-0.00132704
58.2763,0.523599,-0.225141,-1.26521,-0.00132704,-0.00132704,-0.00132704,-0.00132704,-0.00132704,-0.00132704
58.3013,0.523599,-0.178378,-1.8726,-0.00132704,-0.00132704,-0.00132704,-0.00132704,-0.00132704,-0.00132704
58.3263,0.523599,-0.131209,-2.37375,-0.00132704,-0.00132704,-0.00132704,-0.00132704,-0.00132704,-0.00132704
58.3513,0.523599,-0.0837413,-2.74025,-0.00132704,-0.00132704,-0.00132704,-0.00132704,-0.00132704,-0.00132704
58.3763,0.523599,-0.0360822,-2.95129,-0.00132704,-0.00132704,-0.00132704,-0.00132704,-0.00132704,-0.00132704
58.4013,0.523599,0.0116591,-2.9949,-0.00132704,-0.00132704,-0.00132704,-0.00132704,-0.00132704,-0.00132704
58.4263,0.523599,0.0593738,-2.86862,-0.00132704,-0.00132704,-0.00132704,-0.00132704,-0.00132704,-0.00132704
58.4513,0.523599,0.106953,-2.5796,-0.00132704,-0.00132704,-0.00132704,-0.00132704,-0.00132704,-0.00132704
58.4763,0.523599,0.154289,-2.14423,-0.00132704,-0.00132704,-0.00132704,-0.00132704,-0.00132704,-0.00132704
58.5013,0.523599,0.201273,-1.58723,-0.00132704,-0.00132704,-0.00132704,-0.00132704,-0.00132704,-0.00132704
58.5263,0.523599,0.247798,-0.940181,-0.00132704,-0.00132704,-0.00132704,-0.00132704,-0.00132704,-0.00132704
58.5513,0.523599,0.293758,-0.239797,-0.00132704,-0.00132704,-0.00132704,-0.00132704,-0.00132704,-0.00132704
58.5763,0.523599,0.339048,0.474191,-0.00132704,-0.00132704,-0.00132704,-0.00132704,-0.00132704,-0.00132704
58.6013,0.523599,0.383566,1.16128,-0.00132704,-0.00132704,-0.00132704,-0.00132704,-0.00132704,-0.00132704
58.6263,0.523599,0.427209,1.78249,-0.00132704,-0.00132704,-0.00132704,-0.00132704,-0.00132704,-0.00132704
58.6513,0.523599,0.469879,2.30257,-0.00132704,-0.00132704,-0.00132704,-0.00132704,-0.00132704,-0.00132704
58.6763,0.523599,0.511477,2.69204,-0.00132704,-0.00132704,-0.00132704,-0.00132704,-0.00132704,-0.00132704
58.7013,0.523599,0.551909,2.92878,-0.00132704,-0.00132704,-0.00132704,-0.00132704,-0.00132704,-0.00132704
58.7263,0.523599,0.591084,2.99937,-0.00132704,-0.00132704,-0.00132704,-0.00132704,-0.00132704,-0.00132704
58.7513,0.523599,0.62891,2.89982,-0.00132704,-0.00132704,-0.00132704,-0.00132704,-0.00132704,-0.00132704
58.7763,0.523599,0.665304,2.63575,-0.00132704,-0.00132704,-0.00132704,-0.00132704,-0.00132704,-0.00132704
58.8013,0.523599,0.70018,2.22216,-0.00132704,-0.00132704,-0.00132704,-0.00132704,-0.00132704,-0.00132704
58.8263,0.523599,0.733461,1.6825,-0.00132704,-0.00132704,-0.00132704,-0.00132704,-0.00132704,-0.00132704
58.8513,0.523599,0.765069,1.0474,-0.00132704,-0.00132704,-0.00132704,-0.00132704,-0.00132704,-0.00132704
58.8763,0.523599,0.794933,0.35288,-0.00132704,-0.00132704,-0.00132704,-0.00132704,-0.00132704,-0.00132704
58.9013,0.523599,0.822986,-0.361661,-0.00132704,-0.00132704,-0.00132704,-0.00132704,-0.00132704,-0.00132704
58.9263,0.523599,0.849162,-1.05568,-0.00132704,-0.00132704,-0.00132704,-0.00132704,-0.00132704,-0.00132704
58.9513,0.523599,0.873403,-1.68982,-0.00132704,-0.00132704,-0.00132704,-0.00132704,-0.00132704,-0.00132704
58.9763,0.523599,0.895652,-2.22809,-0.00132704,-0.00132704,-0.00132704,-0.00132704,-0.00132704,-0.00132704
59.0013,0.523599,0.91586,-2.63996,-0.00132704,-0.00132704,-0.00132704,-0.00132704,-0.00132704,-0.00132704
59.0263,0.523599,0.93398,-2.90207,-0.00132704,-0.00132704,-0.00132704,-0.00132704,-0.00132704,-0.00132704
59.0513,0.523599,0.949971,-2.99954,-0.00132704,-0.00132704,-0.00132704,-0.00132704,-0.00132704,-0.00132704
59.0763,0.523599,0.963797,-2.92685,-0.00132704,-0.00132704,-0.00132704,-0.00132704,-0.00132704,-0.00132704
59.1013,0.523599,0.975425,-2.68812,-0.00132704,-0.00132704,-0.00132704,-0.00132704,-0.00132704,-0.00132704
59.1263,0.523599,0.98483,-2.29689,-0.00132704,-0.00132704,-0.00132704,-0.00132704,-0.00132704,-0.00132704
59.1513,0.523599,0.99199,-1.77536,-0.00132704,-0.00132704,-0.00132704,-0.00132704,-0.00132704,-0.00132704
59.1763,0.523599,0.996889,-1.15312,-0.00132704,-0.00132704,-0.00132704,-0.00132704,-0.00132704,-0.00132704
59.2013,0.523599,0.999515,-0.465456,-0.00132704,-0.00132704,-0.00132704,-0.00132704,-0.00132704,-0.00132704
59.2263,0.523599,0.999862,0.248611,-0.00132704,-0.00132704,-0.00132704,-0.00132704,-0.00132704,-0.00132704
59.2513,0.523599,0.997931,0.948575,-0.00132704,-0.00132704,-0.00132704,-0.00132704,-0.00132704,-0.00132704
59.2763,0.523599,0.993724,1.59473,-0.00132704,-0.00132704,-0.00132704,-0.00132704,-0.00132704,-0.00132704
59.3013,0.523599,0.987253,2.15041,-0.00132704,-0.00132704,-0.00132704,-0.00132704,-0.00132704,-0.00132704
59.3263,0.523599,0.97853,2.5841,-0.00132704,-0.00132704,-0.00132704,-0.00132704,-0.00132704,-0.00132704
59.3513,0.523599,0.967577,2.87119,-0.00132704,-0.00132704,-0.00132704,-0.00132704,-0.00132704,-0.00132704
59.3763,0.523599,0.954419,2.99541,-0.00132704,-0.00132704,-0.00132704,-0.00132704,-0.00132704,-0.00132704
59.4013,0.523599,0.939085,2.94969,-0.00132704,-0.00132704,-0.00132704,-0.00132704,-0.00132704,-0.00132704
59.4263,0.523599,0.92161,2.73664,-0.00132704,-0.00132704,-0.00132704,-0.00132704,-0.00132704,-0.00132704
59.4513,0.523599,0.902034,2.36833,-0.00132704,-0.00132704,-0.00132704,-0.00132704,-0.00132704,-0.00132704
59.4763,0.523599,0.880402,1.86568,-0.00132704,-0.00132704,-0.00132704,-0.00132704,-0.00132704,-0.00132704
59.5013,0.523599,0.856763,1.25718,-0.00132704,-0.00132704,-0.00132704,-0.00132704,-0.00132704,-0.00132704
59.5263,0.523599,0.831171,0.577365,-0.00132704,-0.00132704,-0.00132704,-0.00132704,-0.00132704,-0.00132704
59.5513,0.523599,0.803684,-0.135205,-0.00132704,-0.00132704,-0.00132704,-0.00132704,-0.00132704,-0.00132704
59.5763,0.523599,0.774365,-0.840106,-0.00132704,-0.00132704,-0.00132704,-0.00132704,-0.00132704,-0.00132704
59.6013,0.523599,0.743281,-1.49735,-0.00132704,-0.00132704,-0.00132704,-0.00132704,-0.00132704,-0.00132704
59.6263,0.523599,0.710503,-2.06964,-0.00132704,-0.00132704,-0.00132704,-0.00132704,-0.00132704,-0.00132704
59.6513,0.523599,0.676105,-2.52453,-0.00132704,-0.00132704,-0.00132704,-0.00132704,-0.00132704,-0.00132704
59.6763,0.523599,0.640166,-2.8362,-0.00132704,-0.00132704,-0.00132704,-0.00132704,-0.00132704,-0.00132704
59.7013,0.523599,0.602767,-2.98697,-0.00132704,-0.00132704,-0.00132704,-0.00132704,-0.00132704,-0.00132704
59.7263,0.523599,0.563995,-2.96829,-0.00132704,-0.00132704,-0.00132704,-0.00132704,-0.00132704,-0.00132704
59.7513,0.523599,0.523936,-2.78122,-0.00132704,-0.00132704,-0.00132704,-0.00132704,-0.00132704,-0.00132704
59.7763,0.523599,0.482684,-2.43638,-0.00132704,-0.00132704,-0.00132704,-0.00132704,-0.00132704,-0.00132704
59.8013,0.523599,0.440331,-1.95331,-0.00132704,-0.00132704,-0.00132704,-0.00132704,-0.00132704,-0.00132704
59.8264,0.523599,0.396974,-1.35944,-0.00132704,-0.00132704,-0.00132704,-0.00132704,-0.00132704,-0.00132704
59.8514,0.523599,0.352712,-0.688445,-0.00132704,-0.00132704,-0.00132704,-0.00132704,-0.00132704,-0.00132704
59.8764,0.523599,0.307647,0.0216056,-0.00132704,-0.00132704,-0.00132704,-0.00132704,-0.00132704,-0.00132704
59.9014,0.523599,0.26188,0.73043,-0.00132704,-0.00132704,-0.00132704,-0.00132704,-0.00132704,-0.00132704
59.9264,0.523599,0.215516,1.39782,-0.00132704,-0.00132704,-0.00132704,-0.00132704,-0.00132704,-0.00132704
59.9514,0.523599,0.168661,1.98591,-0.00132704,-0.00132704,-0.00132704,-0.00132704,-0.00132704,-0.00132704
59.9764,0.523599,0.121421,2.46134,-0.00132704,-0.00132704,-0.00132704,-0.00132704,-0.00132704,-0.00132704
60.0014,-0.00132704,-0.00132704,-0.00132704,-0.00132704,-0.00132704,-0.00132704,-0.00132704,-0.00132704,-0.00132704
