Time,Value_1,Value_2,Value_3,Value_4,Value_5,Value_6,Value_7,Value_8,Value_9
0,0.523599,1,0,-0.00132704,-0.00132704,-0.00132704,-0.00132704,-0.00132704,-0.00132704
0.0125,0.523599,0.999715,0.357249,-0.00132704,-0.00132704,-0.00132704,-0.00132704,-0.00132704,-0.00132704
0.025,0.523599,0.99886,0.709414,-0.00132704,-0.00132704,-0.00132704,-0.00132704,-0.00132704,-0.00132704
0.0375,0.523599,0.997436,1.05148,-0.00132704,-0.00132704,-0.00132704,-0.00132704,-0.00132704,-0.00132704
0.05,0.523599,0.995444,1.37859,-0.00132704,-0.00132704,-0.00132704,-0.00132704,-0.00132704,-0.00132704
0.0625,0.523599,0.992884,1.68607,-0.00132704,-0.00132704,-0.00132704,-0.00132704,-0.00132704,-0.00132704
0.075,0.523599,0.989759,1.96956,-0.00132704,-0.00132704,-0.00132704,-0.00132704,-0.00132704,-0.00132704
0.0875,0.523599,0.986069,2.22502,-0.00132704,-0.00132704,-0.00132704,-0.00132704,-0.00132704,-0.00132704
0.1,0.523599,0.981818,2.44882,-0.00132704,-0.00132704,-0.00132704,-0.00132704,-0.00132704,-0.00132704
0.1125,0.523599,0.977006,2.63776,-0.00132704,-0.00132704,-0.00132704,-0.00132704,-0.00132704,-0.00132704
0.125,0.523599,0.971639,2.78917,-0.00132704,-0.00132704,-0.00132704,-0.00132704,-0.00132704,-0.00132704
0.1375,0.523599,0.965717,2.90088,-0.00132704,-0.00132704,-0.00132704,-0.00132704,-0.00132704,-0.00132704
0.15,0.523599,0.959245,2.97131,-0.00132704,-0.00132704,-0.00132704,-0.00132704,-0.00132704,-0.00132704
0.1625,0.523599,0.952226,2.99946,-0.00132704,-0.00132704,-0.00132704,-0.00132704,-0.00132704,-0.00132704
0.175,0.523599,0.944665,2.98491,-0.00132704,-0.00132704,-0.00132704,-0.00132704,-0.00132704,-0.00132704
0.1875,0.523599,0.936565,2.92789,-0.00132704,-0.00132704,-0.00132704,-0.00132704,-0.00132704,-0.00132704
0.2,0.523599,0.927931,2.8292,-0.00132704,-0.00132704,-0.00132704,-0.00132704,-0.00132704,-0.00132704
0.2125,0.523599,0.918769,2.69025,-0.00132704,-0.00132704,-0.00132704,-0.00132704,-0.00132704,-0.00132704
0.225,0.523599,0.909083,2.51301,-0.00132704,-0.00132704,-0.00132704,-0.00132704,-0.00132704,-0.00132704
0.2375,0.523599,0.898879,2.3,-0.00132704,-0.00132704,-0.00132704,-0.00132704,-0.00132704,-0.00132704
0.25,0.523599,0.888163,2.05427,-0.00132704,-0.00132704,-0.00132704,-0.00132704,-0.00132704,-0.00132704
0.2625,0.523599,0.87694,1.7793,-0.00132704,-0.00132704,-0.00132704,-0.00132704,-0.00132704,-0.00132704
0.275,0.523599,0.865218,1.479,-0.00132704,-0.00132704,-0.00132704,-0.00132704,-0.00132704,-0.00132704
0.2875,0.523599,0.853003,1.15766,-0.00132704,-0.00132704,-0.00132704,-0.00132704,-0.00132704,-0.00132704
0.3,0.523599,0.840301,0.819848,-0.00132704,-0.00132704,-0.00132704,-0.00132704,-0.00132704,-0.00132704
0.3125,0.523599,0.827121,0.470365,-0.00132704,-0.00132704,-0.00132704,-0.00132704,-0.00132704,-0.00132704
0.325,0.523599,0.813469,0.114187,-0.00132704,-0.00132704,-0.00132704,-0.00132704,-0.00132704,-0.00132704
0.3375,0.523599,0.799354,-0.243615,-0.00132704,-0.00132704,-0.00132704,-0.00132704,-0.00132704,-0.00132704
0.35,0.523599,0.784783,-0.59795,-0.00132704,-0.00132704,-0.00132704,-0.00132704,-0.00132704,-0.00132704
0.3625,0.523599,0.769765,-0.943775,-0.00132704,-0.00132704,-0.00132704,-0.00132704,-0.00132704,-0.00132704
0.375,0.523599,0.754308,-1.27617,-0.00132704,-0.00132704,-0.00132704,-0.00132704,-0.00132704,-0.00132704
0.3875,0.523599,0.738421,-1.5904,-0.00132704,-0.00132704,-0.00132704,-0.00132704,-0.00132704,-0.00132704
0.4,0.523599,0.722114,-1.882,-0.00132704,-0.00132704,-0.00132704,-0.00132704,-0.00132704,-0.00132704
0.4125,0.523599,0.705395,-2.14682,-0.00132704,-0.00132704,-0.00132704,-0.00132704,-0.00132704,-0.00132704
0.425,0.523599,0.688273,-2.38108,-0.00132704,-0.00132704,-0.00132704,-0.00132704,-0.00132704,-0.00132704
0.4375,0.523599,0.67076,-2.58146,-0.00132704,-0.00132704,-0.00132704,-0.00132704,-0.00132704,-0.00132704
0.45,0.523599,0.652865,-2.7451,-0.00132704,-0.00132704,-0.00132704,-0.00132704,-0.00132704,-0.00132704
0.4625,0.523599,0.634597,-2.86967,-0.00132704,-0.00132704,-0.00132704,-0.00132704,-0.00132704,-0.00132704
0.475,0.523599,0.615968,-2.95341,-0.00132704,-0.00132704,-0.00132704,-0.00132704,-0.00132704,-0.00132704
0.4875,0.523599,0.596987,-2.99511,-0.00132704,-0.00132704,-0.00132704,-0.00132704,-0.00132704,-0.00132704
0.5,0.523599,0.577667,-2.99419,-0.00132704,-0.00132704,-0.00132704,-0.00132704,-0.00132704,-0.00132704
0.5125,0.523599,0.558017,-2.95066,-0.00132704,-0.00132704,-0.00132704,-0.00132704,-0.00132704,-0.00132704
0.525,0.523599,0.538049,-2.86513,-0.00132704,-0.00132704,-0.00132704,-0.00132704,-0.00132704,-0.00132704
0.5375,0.523599,0.517774,-2.73883,-0.00132704,-0.00132704,-0.00132704,-0.00132704,-0.00132704,-0.00132704
0.55,0.523599,0.497205,-2.57355,-0.00132704,-0.00132704,-0.00132704,-0.00132704,-0.00132704,-0.00132704
0.5625,0.523599,0.476352,-2.37165,-0.00132704,-0.00132704,-0.00132704,-0.00132704,-0.00132704,-0.00132704
0.575,0.523599,0.455227,-2.136,-0.00132704,-0.00132704,-0.00132704,-0.00132704,-0.00132704,-0.00132704
0.5875,0.523599,0.433844,-1.86995,-0.00132704,-0.00132704,-0.00132704,-0.00132704,-0.00132704,-0.00132704
0.6,0.523599,0.412213,-1.57728,-0.00132704,-0.00132704,-0.00132704,-0.00132704,-0.00132704,-0.00132704
0.6125,0.523599,0.390347,-1.26217,-0.00132704,-0.00132704,-0.00132704,-0.00132704,-0.00132704,-0.00132704
0.625,0.523599,0.368258,-0.929101,-0.00132704,-0.00132704,-0.00132704,-0.00132704,-0.00132704,-0.00132704
0.6375,0.523599,0.34596,-0.582806,-0.00132704,-0.00132704,-0.00132704,-0.00132704,-0.00132704,-0.00132704
0.65,0.523599,0.323464,-0.228216,-0.00132704,-0.00132704,-0.00132704,-0.00132704,-0.00132704,-0.00132704
0.6625,0.523599,0.300785,0.129621,-0.00132704,-0.00132704,-0.00132704,-0.00132704,-0.00132704,-0.00132704
0.675,0.523599,0.277933,0.485614,-0.00132704,-0.00132704,-0.00132704,-0.00132704,-0.00132704,-0.00132704
0.6875,0.523599,0.254924,0.834695,-0.00132704,-0.00132704,-0.00132704,-0.00132704,-0.00132704,-0.00132704
0.7,0.523599,0.231769,1.1719,-0.00132704,-0.00132704,-0.00132704,-0.00132704,-0.00132704,-0.00132704
0.7125,0.523599,0.208482,1.49242,-0.00132704,-0.00132704,-0.00132704,-0.00132704,-0.00132704,-0.00132704
0.725,0.523599,0.185076,1.79171,-0.00132704,-0.00132704,-0.00132704,-0.00132704,-0.00132704,-0.00132704
0.7375,0.523599,0.161565,2.0655,-0.00132704,-0.00132704,-0.00132704,-0.00132704,-0.00132704,-0.00132704
0.75,0.523599,0.137961,2.30989,-0.00132704,-0.00132704,-0.00132704,-0.00132704,-0.00132704,-0.00132704
0.7625,0.523599,0.114279,2.52141,-0.00132704,-0.00132704,-0.00132704,-0.00132704,-0.00132704,-0.00132704
0.775,0.523599,0.0905321,2.69705,-0.00132704,-0.00132704,-0.00132704,-0.00132704,-0.00132704,-0.00132704
0.7875,0.523599,0.0667334,2.8343,-0.00132704,-0.00132704,-0.00132704,-0.00132704,-0.00132704,-0.00132704
0.8,0.523599,0.0428966,2.93122,-0.00132704,-0.00132704,-0.00132704,-0.00132704,-0.00132704,-0.00132704
0.8125,0.523599,0.0190354,2.98642,-0.00132704,-0.00132704,-0.00132704,-0.00132704,-0.00132704,-0.00132704
0.825,0.523599,-0.00483666,2.99912,-0.00132704,-0.00132704,-0.00132704,-0.00132704,-0.00132704,-0.00132704
0.837499,0.523599,-0.028706,2.96914,-0.00132704,-0.00132704,-0.00132704,-0.00132704,-0.00132704,-0.00132704
0.849999,0.523599,-0.0525589,2.89691,-0.00132704,-0.00132704,-0.00132704,-0.00132704,-0.00132704,-0.00132704
0.862499,0.523599,-0.0763819,2.78345,-0.00132704,-0.00132704,-0.00132704,-0.00132704,-0.00132704,-0.00132704
0.874999,0.523599,-0.100161,2.63037,-0.00132704,-0.00132704,-0.00132704,-0.00132704,-0.00132704,-0.00132704
0.887499,0.523599,-0.123884,2.43987,-0.00132704,-0.00132704,-0.00132704,-0.00132704,-0.00132704,-0.00132704
0.899999,0.523599,-0.147535,2.21464,-0.00132704,-0.00132704,-0.00132704,-0.00132704,-0.00132704,-0.00132704
0.912499,0.523599,-0.171103,1.95789,-0.00132704,-0.00132704,-0.00132704,-0.00132704,-0.00132704,-0.00132704
0.924999,0.523599,-0.194573,1.67328,-0.00132704,-0.00132704,-0.00132704,-0.00132704,-0.00132704,-0.00132704
0.937499,0.523599,-0.217933,1.36486,-0.00132704,-0.00132704,-0.00132704,-0.00132704,-0.00132704,-0.00132704
0.949999,0.523599,-0.241168,1.03701,-0.00132704,-0.00132704,-0.00132704,-0.00132704,-0.00132704,-0.00132704
0.962499,0.523599,-0.264265,0.694403,-0.00132704,-0.00132704,-0.00132704,-0.00132704,-0.00132704,-0.00132704
0.974999,0.523599,-0.287212,0.341915,-0.00132704,-0.00132704,-0.00132704,-0.00132704,-0.00132704,-0.00132704
0.987499,0.523599,-0.309996,-0.0154387,-0.00132704,-0.00132704,-0.00132704,-0.00132704,-0.00132704,-0.00132704
0.999999,0.523599,-0.332602,-0.372573,-0.00132704,-0.00132704,-0.00132704,-0.00132704,-0.00132704,-0.00132704
1.0125,0.523599,-0.35502,-0.724404,-0.00132704,-0.00132704,-0.00132704,-0.00132704,-0.00132704,-0.00132704
1.025,0.523599,-0.377234,-1.06593,-0.00132704,-0.00132704,-0.00132704,-0.00132704,-0.00132704,-0.00132704
1.0375,0.523599,-0.399234,-1.39228,-0.00132704,-0.00132704,-0.00132704,-0.00132704,-0.00132704,-0.00132704
1.05,0.523599,-0.421007,-1.69882,-0.00132704,-0.00132704,-0.00132704,-0.00132704,-0.00132704,-0.00132704
1.0625,0.523599,-0.442539,-1.98119,-0.00132704,-0.00132704,-0.00132704,-0.00132704,-0.00132704,-0.00132704
1.075,0.523599,-0.463819,-2.23535,-0.00132704,-0.00132704,-0.00132704,-0.00132704,-0.00132704,-0.00132704
1.0875,0.523599,-0.484835,-2.45771,-0.00132704,-0.00132704,-0.00132704,-0.00132704,-0.00132704,-0.00132704
1.1,0.523599,-0.505575,-2.64509,-0.00132704,-0.00132704,-0.00132704,-0.00132704,-0.00132704,-0.00132704
1.1125,0.523599,-0.526026,-2.79482,-0.00132704,-0.00132704,-0.00132704,-0.00132704,-0.00132704,-0.00132704
1.125,0.523599,-0.546178,-2.90478,-0.00132704,-0.00132704,-0.00132704,-0.00132704,-0.00132704,-0.00132704
1.1375,0.523599,-0.566019,-2.97341,-0.00132704,-0.00132704,-0.00132704,-0.00132704,-0.00132704,-0.00132704
1.15,0.523599,-0.585536,-2.99971,-0.00132704,-0.00132704,-0.00132704,-0.00132704,-0.00132704,-0.00132704
1.1625,0.523599,-0.604721,-2.98333,-0.00132704,-0.00132704,-0.00132704,-0.00132704,-0.00132704,-0.00132704
1.175,0.523599,-0.62356,-2.92448,-0.00132704,-0.00132704,-0.00132704,-0.00132704,-0.00132704,-0.00132704
1.1875,0.523599,-0.642044,-2.82402,-0.00132704,-0.00132704,-0.00132704,-0.00132704,-0.00132704,-0.00132704
1.2,0.523599,-0.660162,-2.68337,-0.00132704,-0.00132704,-0.00132704,-0.00132704,-0.00132704,-0.00132704
1.2125,0.523599,-0.677904,-2.50453,-0.00132704,-0.00132704,-0.00132704,-0.00132704,-0.00132704,-0.00132704
1.225,0.523599,-0.69526,-2.29005,-0.00132704,-0.00132704,-0.00132704,-0.00132704,-0.00132704,-0.00132704
1.2375,0.523599,-0.712219,-2.04297,-0.00132704,-0.00132704,-0.00132704,-0.00132704,-0.00132704,-0.00132704
1.25,0.523599,-0.728773,-1.76682,-0.00132704,-0.00132704,-0.00132704,-0.00132704,-0.00132704,-0.00132704
1.2625,0.523599,-0.744911,-1.46553,-0.00132704,-0.00132704,-0.00132704,-0.00132704,-0.00132704,-0.00132704
1.275,0.523599,-0.760625,-1.14338,-0.00132704,-0.00132704,-0.00132704,-0.00132704,-0.00132704,-0.00132704
1.2875,0.523599,-0.775905,-0.804957,-0.00132704,-0.00132704,-0.00132704,-0.00132704,-0.00132704,-0.00132704
1.3,0.523599,-0.790743,-0.455079,-0.00132704,-0.00132704,-0.00132704,-0.00132704,-0.00132704,-0.00132704
1.3125,0.523599,-0.80513,-0.0987251,-0.00132704,-0.00132704,-0.00132704,-0.00132704,-0.00132704,-0.00132704
1.325,0.523599,-0.819059,0.259034,-0.00132704,-0.00132704,-0.00132704,-0.00132704,-0.00132704,-0.00132704
1.3375,0.523599,-0.83252,0.613107,-0.00132704,-0.00132704,-0.00132704,-0.00132704,-0.00132704,-0.00132704
1.35,0.523599,-0.845508,0.958454,-0.00132704,-0.00132704,-0.00132704,-0.00132704,-0.00132704,-0.00132704
1.3625,0.523599,-0.858013,1.29016,-0.00132704,-0.00132704,-0.00132704,-0.00132704,-0.00132704,-0.00132704
1.375,0.523599,-0.870029,1.60351,-0.00132704,-0.00132704,-0.00132704,-0.00132704,-0.00132704,-0.00132704
1.3875,0.523599,-0.88155,1.89403,-0.00132704,-0.00132704,-0.00132704,-0.00132704,-0.00132704,-0.00132704
1.4,0.523599,-0.892568,2.1576,-0.00132704,-0.00132704,-0.00132704,-0.00132704,-0.00132704,-0.00132704
1.4125,0.523599,-0.903077,2.39047,-0.00132704,-0.00132704,-0.00132704,-0.00132704,-0.00132704,-0.00132704
1.425,0.523599,-0.913072,2.58931,-0.00132704,-0.00132704,-0.00132704,-0.00132704,-0.00132704,-0.00132704
1.4375,0.523599,-0.922546,2.75131,-0.00132704,-0.00132704,-0.00132704,-0.00132704,-0.00132704,-0.00132704
1.45,0.523599,-0.931495,2.87415,-0.00132704,-0.00132704,-0.00132704,-0.00132704,-0.00132704,-0.00132704
1.4625,0.523599,-0.939913,2.95609,-0.00132704,-0.00132704,-0.00132704,-0.00132704,-0.00132704,-0.00132704
1.475,0.523599,-0.947795,2.99595,-0.00132704,-0.00132704,-0.00132704,-0.00132704,-0.00132704,-0.00132704
1.4875,0.523599,-0.955137,2.99318,-0.00132704,-0.00132704,-0.00132704,-0.00132704,-0.00132704,-0.00132704
1.5,0.523599,-0.961934,2.94782,-0.00132704,-0.00132704,-0.00132704,-0.00132704,-0.00132704,-0.00132704
1.5125,0.523599,-0.968184,2.8605,-0.00132704,-0.00132704,-0.00132704,-0.00132704,-0.00132704,-0.00132704
1.525,0.523599,-0.973881,2.73247,-0.00132704,-0.00132704,-0.00132704,-0.00132704,-0.00132704,-0.00132704
1.5375,0.523599,-0.979024,2.56555,-0.00132704,-0.00132704,-0.00132704,-0.00132704,-0.00132704,-0.00132704
1.55,0.523599,-0.983609,2.36213,-0.00132704,-0.00132704,-0.00132704,-0.00132704,-0.00132704,-0.00132704
1.5625,0.523599,-0.987633,2.12508,-0.00132704,-0.00132704,-0.00132704,-0.00132704,-0.00132704,-0.00132704
1.575,0.523599,-0.991094,1.8578,-0.00132704,-0.00132704,-0.00132704,-0.00132704,-0.00132704,-0.00132704
1.5875,0.523599,-0.99399,1.56407,-0.00132704,-0.00132704,-0.00132704,-0.00132704,-0.00132704,-0.00132704
1.6,0.523599,-0.99632,1.24809,-0.00132704,-0.00132704,-0.00132704,-0.00132704,-0.00132704,-0.00132704
1.6125,0.523599,-0.998082,0.914339,-0.00132704,-0.00132704,-0.00132704,-0.00132704,-0.00132704,-0.00132704
1.625,0.523599,-0.999276,0.567579,-0.00132704,-0.00132704,-0.00132704,-0.00132704,-0.00132704,-0.00132704
1.6375,0.523599,-0.999899,0.212742,-0.00132704,-0.00132704,-0.00132704,-0.00132704,-0.00132704,-0.00132704
1.65,0.523599,-0.999953,-0.145122,-0.00132704,-0.00132704,-0.00132704,-0.00132704,-0.00132704,-0.00132704
1.6625,0.523599,-0.999437,-0.500921,-0.00132704,-0.00132704,-0.00132704,-0.00132704,-0.00132704,-0.00132704
1.675,0.523599,-0.998352,-0.849592,-0.00132704,-0.00132704,-0.00132704,-0.00132704,-0.00132704,-0.00132704
1.6875,0.523599,-0.996697,-1.18617,-0.00132704,-0.00132704,-0.00132704,-0.00132704,-0.00132704,-0.00132704
1.7,0.523599,-0.994475,-1.50587,-0.00132704,-0.00132704,-0.00132704,-0.00132704,-0.00132704,-0.00132704
1.7125,0.523599,-0.991685,-1.80414,-0.00132704,-0.00132704,-0.00132704,-0.00132704,-0.00132704,-0.00132704
1.725,0.523599,-0.988331,-2.07673,-0.00132704,-0.00132704,-0.00132704,-0.00132704,-0.00132704,-0.00132704
1.7375,0.523599,-0.984413,-2.31977,-0.00132704,-0.00132704,-0.00132704,-0.00132704,-0.00132704,-0.00132704
1.75,0.523599,-0.979934,-2.52979,-0.00132704,-0.00132704,-0.00132704,-0.00132704,-0.00132704,-0.00132704
1.7625,0.523599,-0.974897,-2.70381,-0.00132704,-0.00132704,-0.00132704,-0.00132704,-0.00132704,-0.00132704
1.775,0.523599,-0.969304,-2.83935,-0.00132704,-0.00132704,-0.00132704,-0.00132704,-0.00132704,-0.00132704
1.7875,0.523599,-0.963159,-2.93449,-0.00132704,-0.00132704,-0.00132704,-0.00132704,-0.00132704,-0.00132704
1.8,0.523599,-0.956465,-2.98786,-0.00132704,-0.00132704,-0.00132704,-0.00132704,-0.00132704,-0.00132704
1.8125,0.523599,-0.949225,-2.99871,-0.00132704,-0.00132704,-0.00132704,-0.00132704,-0.00132704,-0.00132704
1.825,0.523599,-0.941445,-2.96688,-0.00132704,-0.00132704,-0.00132704,-0.00132704,-0.00132704,-0.00132704
1.8375,0.523599,-0.933128,-2.89283,-0.00132704,-0.00132704,-0.00132704,-0.00132704,-0.00132704,-0.00132704
1.85,0.523599,-0.92428,-2.77761,-0.00132704,-0.00132704,-0.00132704,-0.00132704,-0.00132704,-0.00132704
1.8625,0.523599,-0.914904,-2.62286,-0.00132704,-0.00132704,-0.00132704,-0.00132704,-0.00132704,-0.00132704
1.875,0.523599,-0.905008,-2.43079,-0.00132704,-0.00132704,-0.00132704,-0.00132704,-0.00132704,-0.00132704
1.8875,0.523599,-0.894595,-2.20412,-0.00132704,-0.00132704,-0.00132704,-0.00132704,-0.00132704,-0.00132704
1.9,0.523599,-0.883673,-1.94608,-0.00132704,-0.00132704,-0.00132704,-0.00132704,-0.00132704,-0.00132704
1.9125,0.523599,-0.872247,-1.66035,-0.00132704,-0.00132704,-0.00132704,-0.00132704,-0.00132704,-0.00132704
1.925,0.523599,-0.860324,-1.35099,-0.00132704,-0.00132704,-0.00132704,-0.00132704,-0.00132704,-0.00132704
1.9375,0.523599,-0.84791,-1.0224,-0.00132704,-0.00132704,-0.00132704,-0.00132704,-0.00132704,-0.00132704
1.95,0.523599,-0.835014,-0.679258,-0.00132704,-0.00132704,-0.00132704,-0.00132704,-0.00132704,-0.00132704
1.9625,0.523599,-0.821641,-0.326452,-0.00132704,-0.00132704,-0.00132704,-0.00132704,-0.00132704,-0.00132704
1.975,0.523599,-0.8078,0.031,-0.00132704,-0.00132704,-0.00132704,-0.00132704,-0.00132704,-0.00132704
1.9875,0.523599,-0.793499,0.388011,-0.00132704,-0.00132704,-0.00132704,-0.00132704,-0.00132704,-0.00132704
2,0.523599,-0.778746,0.739499,-0.00132704,-0.00132704,-0.00132704,-0.00132704,-0.00132704,-0.00132704
2.0125,0.523599,-0.763549,1.08046,-0.00132704,-0.00132704,-0.00132704,-0.00132704,-0.00132704,-0.00132704
2.025,0.523599,-0.747917,1.40605,-0.00132704,-0.00132704,-0.00132704,-0.00132704,-0.00132704,-0.00132704
2.0375,0.523599,-0.731858,1.71163,-0.00132704,-0.00132704,-0.00132704,-0.00132704,-0.00132704,-0.00132704
2.05,0.523599,-0.715382,1.99285,-0.00132704,-0.00132704,-0.00132704,-0.00132704,-0.00132704,-0.00132704
2.0625,0.523599,-0.698499,2.2457,-0.00132704,-0.00132704,-0.00132704,-0.00132704,-0.00132704,-0.00132704
2.075,0.523599,-0.681217,2.4666,-0.00132704,-0.00132704,-0.00132704,-0.00132704,-0.00132704,-0.00132704
2.0875,0.523599,-0.663548,2.6524,-0.00132704,-0.00132704,-0.00132704,-0.00132704,-0.00132704,-0.00132704
2.1,0.523599,-0.6455,2.80044,-0.00132704,-0.00132704,-0.00132704,-0.00132704,-0.00132704,-0.00132704
2.1125,0.523599,-0.627084,2.90864,-0.00132704,-0.00132704,-0.00132704,-0.00132704,-0.00132704,-0.00132704
2.125,0.523599,-0.608311,2.97543,-0.00132704,-0.00132704,-0.00132704,-0.00132704,-0.00132704,-0.00132704
2.1375,0.523599,-0.589191,2.99989,-0.00132704,-0.00132704,-0.00132704,-0.00132704,-0.00132704,-0.00132704
2.15,0.523599,-0.569736,2.98165,-0.00132704,-0.00132704,-0.00132704,-0.00132704,-0.00132704,-0.00132704
2.1625,0.523599,-0.549956,2.92097,-0.00132704,-0.00132704,-0.00132704,-0.00132704,-0.00132704,-0.00132704
2.175,0.523599,-0.529862,2.81873,-0.00132704,-0.00132704,-0.00132704,-0.00132704,-0.00132704,-0.00132704
2.1875,0.523599,-0.509466,2.67637,-0.00132704,-0.00132704,-0.00132704,-0.00132704,-0.00132704,-0.00132704
2.2,0.523599,-0.48878,2.49593,-0.00132704,-0.00132704,-0.00132704,-0.00132704,-0.00132704,-0.00132704
2.2125,0.523599,-0.467816,2.27996,-0.00132704,-0.00132704,-0.00132704,-0.00132704,-0.00132704,-0.00132704
2.225,0.523599,-0.446585,2.03155,-0.00132704,-0.00132704,-0.00132704,-0.00132704,-0.00132704,-0.00132704
2.2375,0.523599,-0.425099,1.75422,-0.00132704,-0.00132704,-0.00132704,-0.00132704,-0.00132704,-0.00132704
2.25,0.523599,-0.403371,1.45193,-0.00132704,-0.00132704,-0.00132704,-0.00132704,-0.00132704,-0.00132704
2.2625,0.523599,-0.381413,1.12897,-0.00132704,-0.00132704,-0.00132704,-0.00132704,-0.00132704,-0.00132704
2.275,0.523599,-0.359238,0.789952,-0.00132704,-0.00132704,-0.00132704,-0.00132704,-0.00132704,-0.00132704
2.2875,0.523599,-0.336858,0.439688,-0.00132704,-0.00132704,-0.00132704,-0.00132704,-0.00132704,-0.00132704
2.3,0.523599,-0.314286,0.0831671,-0.00132704,-0.00132704,-0.00132704,-0.00132704,-0.00132704,-0.00132704
2.3125,0.523599,-0.291535,-0.274538,-0.00132704,-0.00132704,-0.00132704,-0.00132704,-0.00132704,-0.00132704
2.325,0.523599,-0.268618,-0.628335,-0.00132704,-0.00132704,-0.00132704,-0.00132704,-0.00132704,-0.00132704
2.3375,0.523599,-0.245548,-0.973191,-0.00132704,-0.00132704,-0.00132704,-0.00132704,-0.00132704,-0.00132704
2.35,0.523599,-0.222337,-1.3042,-0.00132704,-0.00132704,-0.00132704,-0.00132704,-0.00132704,-0.00132704
2.3625,0.523599,-0.199,-1.61664,-0.00132704,-0.00132704,-0.00132704,-0.00132704,-0.00132704,-0.00132704
2.375,0.523599,-0.17555,-1.90608,-0.00132704,-0.00132704,-0.00132704,-0.00132704,-0.00132704,-0.00132704
2.3875,0.523599,-0.152,-2.16839,-0.00132704,-0.00132704,-0.00132704,-0.00132704,-0.00132704,-0.00132704
2.4,0.523599,-0.128363,-2.39984,-0.00132704,-0.00132704,-0.00132704,-0.00132704,-0.00132704,-0.00132704
2.4125,0.523599,-0.104652,-2.59714,-0.00132704,-0.00132704,-0.00132704,-0.00132704,-0.00132704,-0.00132704
2.425,0.523599,-0.0808827,-2.75748,-0.00132704,-0.00132704,-0.00132704,-0.00132704,-0.00132704,-0.00132704
2.4375,0.523599,-0.0570668,-2.87857,-0.00132704,-0.00132704,-0.00132704,-0.00132704,-0.00132704,-0.00132704
2.45,0.523599,-0.0332183,-2.9587,-0.00132704,-0.00132704,-0.00132704,-0.00132704,-0.00132704,-0.00132704
2.4625,0.523599,-0.00935099,-2.99672,-0.00132704,-0.00132704,-0.00132704,-0.00132704,-0.00132704,-0.00132704
2.475,0.523599,0.0145217,-2.99209,-0.00132704,-0.00132704,-0.00132704,-0.00132704,-0.00132704,-0.00132704
2.4875,0.523599,0.0383861,-2.94489,-0.00132704,-0.00132704,-0.00132704,-0.00132704,-0.00132704,-0.00132704
2.50001,0.523599,0.0622286,-2.85577,-0.00132704,-0.00132704,-0.00132704,-0.00132704,-0.00132704,-0.00132704
2.51251,0.523599,0.0860357,-2.72601,-0.00132704,-0.00132704,-0.00132704,-0.00132704,-0.00132704,-0.00132704
2.52501,0.523599,0.109794,-2.55745,-0.00132704,-0.00132704,-0.00132704,-0.00132704,-0.00132704,-0.00132704
2.53751,0.523599,0.133489,-2.3525,-0.00132704,-0.00132704,-0.00132704,-0.00132704,-0.00132704,-0.00132704
2.55001,0.523599,0.157109,-2.11407,-0.00132704,-0.00132704,-0.00132704,-0.00132704,-0.00132704,-0.00132704
2.56251,0.523599,0.180638,-1.84555,-0.00132704,-0.00132704,-0.00132704,-0.00132704,-0.00132704,-0.00132704
2.57501,0.523599,0.204065,-1.55077,-0.00132704,-0.00132704,-0.00132704,-0.00132704,-0.00132704,-0.00132704
2.58751,0.523599,0.227376,-1.23391,-0.00132704,-0.00132704,-0.00132704,-0.00132704,-0.00132704,-0.00132704
2.60001,0.523599,0.250557,-0.899502,-0.00132704,-0.00132704,-0.00132704,-0.00132704,-0.00132704,-0.00132704
2.61251,0.523599,0.273595,-0.552288,-0.00132704,-0.00132704,-0.00132704,-0.00132704,-0.00132704,-0.00132704
2.62501,0.523599,0.296477,-0.197214,-0.00132704,-0.00132704,-0.00132704,-0.00132704,-0.00132704,-0.00132704
2.63751,0.523599,0.319191,0.160667,-0.00132704,-0.00132704,-0.00132704,-0.00132704,-0.00132704,-0.00132704
2.65001,0.523599,0.341722,0.516261,-0.00132704,-0.00132704,-0.00132704,-0.00132704,-0.00132704,-0.00132704
2.66251,0.523599,0.364059,0.864508,-0.00132704,-0.00132704,-0.00132704,-0.00132704,-0.00132704,-0.00132704
2.67501,0.523599,0.386188,1.20045,-0.00132704,-0.00132704,-0.00132704,-0.00132704,-0.00132704,-0.00132704
2.68751,0.523599,0.408097,1.51931,-0.00132704,-0.00132704,-0.00132704,-0.00132704,-0.00132704,-0.00132704
2.70001,0.523599,0.429774,1.81655,-0.00132704,-0.00132704,-0.00132704,-0.00132704,-0.00132704,-0.00132704
2.71251,0.523599,0.451205,2.08793,-0.00132704,-0.00132704,-0.00132704,-0.00132704,-0.00132704,-0.00132704
2.72501,0.523599,0.47238,2.32961,-0.00132704,-0.00132704,-0.00132704,-0.00132704,-0.00132704,-0.00132704
2.73751,0.523599,0.493285,2.53812,-0.00132704,-0.00132704,-0.00132704,-0.00132704,-0.00132704,-0.00132704
2.75001,0.523599,0.513909,2.71052,-0.00132704,-0.00132704,-0.00132704,-0.00132704,-0.00132704,-0.00132704
2.76251,0.523599,0.53424,2.84434,-0.00132704,-0.00132704,-0.00132704,-0.00132704,-0.00132704,-0.00132704
2.77501,0.523599,0.554267,2.93768,-0.00132704,-0.00132704,-0.00132704,-0.00132704,-0.00132704,-0.00132704
2.78751,0.523599,0.573978,2.98922,-0.00132704,-0.00132704,-0.00132704,-0.00132704,-0.00132704,-0.00132704
2.80001,0.523599,0.593362,2.99821,-0.00132704,-0.00132704,-0.00132704,-0.00132704,-0.00132704,-0.00132704
2.81251,0.523599,0.612407,2.96453,-0.00132704,-0.00132704,-0.00132704,-0.00132704,-0.00132704,-0.00132704
2.82501,0.523599,0.631104,2.88867,-0.00132704,-0.00132704,-0.00132704,-0.00132704,-0.00132704,-0.00132704
2.83751,0.523599,0.649441,2.77169,-0.00132704,-0.00132704,-0.00132704,-0.00132704,-0.00132704,-0.00132704
2.85001,0.523599,0.667408,2.61527,-0.00132704,-0.00132704,-0.00132704,-0.00132704,-0.00132704,-0.00132704
2.86251,0.523599,0.684994,2.42163,-0.00132704,-0.00132704,-0.00132704,-0.00132704,-0.00132704,-0.00132704
2.87501,0.523599,0.70219,2.19353,-0.00132704,-0.00132704,-0.00132704,-0.00132704,-0.00132704,-0.00132704
2.88751,0.523599,0.718986,1.93421,-0.00132704,-0.00132704,-0.00132704,-0.00132704,-0.00132704,-0.00132704
2.90001,0.523599,0.735372,1.64736,-0.00132704,-0.00132704,-0.00132704,-0.00132704,-0.00132704,-0.00132704
2.91251,0.523599,0.751339,1.33707,-0.00132704,-0.00132704,-0.00132704,-0.00132704,-0.00132704,-0.00132704
2.92501,0.523599,0.766878,1.00775,-0.00132704,-0.00132704,-0.00132704,-0.00132704,-0.00132704,-0.00132704
2.93751,0.523599,0.78198,0.664088,-0.00132704,-0.00132704,-0.00132704,-0.00132704,-0.00132704,-0.00132704
2.95001,0.523599,0.796636,0.310975,-0.00132704,-0.00132704,-0.00132704,-0.00132704,-0.00132704,-0.00132704
2.96251,0.523599,0.810838,-0.0465639,-0.00132704,-0.00132704,-0.00132704,-0.00132704,-0.00132704,-0.00132704
2.97501,0.523599,0.824578,-0.40344,-0.00132704,-0.00132704,-0.00132704,-0.00132704,-0.00132704,-0.00132704
2.98751,0.523599,0.837848,-0.754574,-0.00132704,-0.00132704,-0.00132704,-0.00132704,-0.00132704,-0.00132704
3.00001,0.523599,0.85064,-1.09497,-0.00132704,-0.00132704,-0.00132704,-0.00132704,-0.00132704,-0.00132704
3.01251,0.523599,0.862948,-1.41978,-0.00132704,-0.00132704,-0.00132704,-0.00132704,-0.00132704,-0.00132704
3.02501,0.523599,0.874764,-1.72439,-0.00132704,-0.00132704,-0.00132704,-0.00132704,-0.00132704,-0.00132704
3.03751,0.523599,0.886082,-2.00446,-0.00132704,-0.00132704,-0.00132704,-0.00132704,-0.00132704,-0.00132704
3.05001,0.523599,0.896894,-2.256,-0.00132704,-0.00132704,-0.00132704,-0.00132704,-0.00132704,-0.00132704
3.06251,0.523599,0.907195,-2.47543,-0.00132704,-0.00132704,-0.00132704,-0.00132704,-0.00132704,-0.00132704
3.07501,0.523599,0.91698,-2.65963,-0.00132704,-0.00132704,-0.00132704,-0.00132704,-0.00132704,-0.00132704
3.08751,0.523599,0.926241,-2.80599,-0.00132704,-0.00132704,-0.00132704,-0.00132704,-0.00132704,-0.00132704
3.10001,0.523599,0.934975,-2.91241,-0.00132704,-0.00132704,-0.00132704,-0.00132704,-0.00132704,-0.00132704
3.11251,0.523599,0.943176,-2.97738,-0.00132704,-0.00132704,-0.00132704,-0.00132704,-0.00132704,-0.00132704
3.12501,0.523599,0.950839,-2.99998,-0.00132704,-0.00132704,-0.00132704,-0.00132704,-0.00132704,-0.00132704
3.13751,0.523599,0.957961,-2.97989,-0.00132704,-0.00132704,-0.00132704,-0.00132704,-0.00132704,-0.00132704
3.15001,0.523599,0.964537,-2.91739,-0.00132704,-0.00132704,-0.00132704,-0.00132704,-0.00132704,-0.00132704
3.16251,0.523599,0.970563,-2.81336,-0.00132704,-0.00132704,-0.00132704,-0.00132704,-0.00132704,-0.00132704
3.17501,0.523599,0.976035,-2.66931,-0.00132704,-0.00132704,-0.00132704,-0.00132704,-0.00132704,-0.00132704
3.18751,0.523599,0.980952,-2.48726,-0.00132704,-0.00132704,-0.00132704,-0.00132704,-0.00132704,-0.00132704
3.20001,0.523599,0.985309,-2.26981,-0.00132704,-0.00132704,-0.00132704,-0.00132704,-0.00132704,-0.00132704
3.21251,0.523599,0.989105,-2.02007,-0.00132704,-0.00132704,-0.00132704,-0.00132704,-0.00132704,-0.00132704
3.22501,0.523599,0.992337,-1.74157,-0.00132704,-0.00132704,-0.00132704,-0.00132704,-0.00132704,-0.00132704
3.23751,0.523599,0.995004,-1.43829,-0.00132704,-0.00132704,-0.00132704,-0.00132704,-0.00132704,-0.00132704
3.25001,0.523599,0.997104,-1.11454,-0.00132704,-0.00132704,-0.00132704,-0.00132704,-0.00132704,-0.00132704
3.26251,0.523599,0.998635,-0.774925,-0.00132704,-0.00132704,-0.00132704,-0.00132704,-0.00132704,-0.00132704
3.27501,0.523599,0.999597,-0.424285,-0.00132704,-0.00132704,-0.00132704,-0.00132704,-0.00132704,-0.00132704
3.28751,0.523599,0.99999,-0.0676068,-0.00132704,-0.00132704,-0.00132704,-0.00132704,-0.00132704,-0.00132704
3.30001,0.523599,0.999812,0.290034,-0.00132704,-0.00132704,-0.00132704,-0.00132704,-0.00132704,-0.00132704
3.31251,0.523599,0.999065,0.643547,-0.00132704,-0.00132704,-0.00132704,-0.00132704,-0.00132704,-0.00132704
3.32501,0.523599,0.997749,0.987901,-0.00132704,-0.00132704,-0.00132704,-0.00132704,-0.00132704,-0.00132704
3.33751,0.523599,0.995864,1.3182,-0.00132704,-0.00132704,-0.00132704,-0.00132704,-0.00132704,-0.00132704
3.35001,0.523599,0.993411,1.62973,-0.00132704,-0.00132704,-0.00132704,-0.00132704,-0.00132704,-0.00132704
3.36251,0.523599,0.990392,1.91807,-0.00132704,-0.00132704,-0.00132704,-0.00132704,-0.00132704,-0.00132704
3.37501,0.523599,0.986809,2.17912,-0.00132704,-0.00132704,-0.00132704,-0.00132704,-0.00132704,-0.00132704
3.38751,0.523599,0.982663,2.40915,-0.00132704,-0.00132704,-0.00132704,-0.00132704,-0.00132704,-0.00132704
3.40001,0.523599,0.977957,2.6049,-0.00132704,-0.00132704,-0.00132704,-0.00132704,-0.00132704,-0.00132704
3.41251,0.523599,0.972694,2.76357,-0.00132704,-0.00132704,-0.00132704,-0.00132704,-0.00132704,-0.00132704
3.42501,0.523599,0.966877,2.88292,-0.00132704,-0.00132704,-0.00132704,-0.00132704,-0.00132704,-0.00132704
3.43751,0.523599,0.960508,2.96123,-0.00132704,-0.00132704,-0.00132704,-0.00132704,-0.00132704,-0.00132704
3.45001,0.523599,0.953593,2.99741,-0.00132704,-0.00132704,-0.00132704,-0.00132704,-0.00132704,-0.00132704
3.46251,0.523599,0.946133,2.99093,-0.00132704,-0.00132704,-0.00132704,-0.00132704,-0.00132704,-0.00132704
3.47501,0.523599,0.938135,2.94188,-0.00132704,-0.00132704,-0.00132704,-0.00132704,-0.00132704,-0.00132704
3.48751,0.523599,0.929602,2.85096,-0.00132704,-0.00132704,-0.00132704,-0.00132704,-0.00132704,-0.00132704
3.50001,0.523599,0.920539,2.71947,-0.00132704,-0.00132704,-0.00132704,-0.00132704,-0.00132704,-0.00132704
3.51251,0.523599,0.910951,2.54928,-0.00132704,-0.00132704,-0.00132704,-0.00132704,-0.00132704,-0.00132704
3.52501,0.523599,0.900844,2.34281,-0.00132704,-0.00132704,-0.00132704,-0.00132704,-0.00132704,-0.00132704
3.53751,0.523599,0.890224,2.103,-0.00132704,-0.00132704,-0.00132704,-0.00132704,-0.00132704,-0.00132704
3.55001,0.523599,0.879097,1.83325,-0.00132704,-0.00132704,-0.00132704,-0.00132704,-0.00132704,-0.00132704
3.56251,0.523599,0.867468,1.53742,-0.00132704,-0.00132704,-0.00132704,-0.00132704,-0.00132704,-0.00132704
3.57501,0.523599,0.855345,1.21971,-0.00132704,-0.00132704,-0.00132704,-0.00132704,-0.00132704,-0.00132704
3.58751,0.523599,0.842735,0.884641,-0.00132704,-0.00132704,-0.00132704,-0.00132704,-0.00132704,-0.00132704
3.60001,0.523599,0.829644,0.536981,-0.00132704,-0.00132704,-0.00132704,-0.00132704,-0.00132704,-0.00132704
3.61251,0.523599,0.816081,0.18168,-0.00132704,-0.00132704,-0.00132704,-0.00132704,-0.00132704,-0.00132704
3.62501,0.523599,0.802052,-0.176208,-0.00132704,-0.00132704,-0.00132704,-0.00132704,-0.00132704,-0.00132704
3.63751,0.523599,0.787567,-0.531587,-0.00132704,-0.00132704,-0.00132704,-0.00132704,-0.00132704,-0.00132704
3.65001,0.523599,0.772632,-0.879402,-0.00132704,-0.00132704,-0.00132704,-0.00132704,-0.00132704,-0.00132704
3.66251,0.523599,0.757258,-1.2147,-0.00132704,-0.00132704,-0.00132704,-0.00132704,-0.00132704,-0.00132704
3.67501,0.523599,0.741451,-1.53271,-0.00132704,-0.00132704,-0.00132704,-0.00132704,-0.00132704,-0.00132704
3.68751,0.523599,0.725222,-1.82891,-0.00132704,-0.00132704,-0.00132704,-0.00132704,-0.00132704,-0.00132704
3.70001,0.523599,0.70858,-2.09908,-0.00132704,-0.00132704,-0.00132704,-0.00132704,-0.00132704,-0.00132704
3.71251,0.523599,0.691534,-2.33938,-0.00132704,-0.00132704,-0.00132704,-0.00132704,-0.00132704,-0.00132704
3.72501,0.523599,0.674094,-2.54639,-0.00132704,-0.00132704,-0.00132704,-0.00132704,-0.00132704,-0.00132704
3.73751,0.523599,0.656269,-2.71715,-0.00132704,-0.00132704,-0.00132704,-0.00132704,-0.00132704,-0.00132704
3.75001,0.523599,0.638071,-2.84925,-0.00132704,-0.00132704,-0.00132704,-0.00132704,-0.00132704,-0.00132704
3.76251,0.523599,0.619509,-2.9408,-0.00132704,-0.00132704,-0.00132704,-0.00132704,-0.00132704,-0.00132704
3.77501,0.523599,0.600594,-2.99049,-0.00132704,-0.00132704,-0.00132704,-0.00132704,-0.00132704,-0.00132704
3.78751,0.523599,0.581337,-2.99763,-0.00132704,-0.00132704,-0.00132704,-0.00132704,-0.00132704,-0.00132704
3.80001,0.523599,0.561748,-2.96211,-0.00132704,-0.00132704,-0.00132704,-0.00132704,-0.00132704,-0.00132704
3.81251,0.523599,0.541839,-2.88443,-0.00132704,-0.00132704,-0.00132704,-0.00132704,-0.00132704,-0.00132704
3.82501,0.523599,0.521622,-2.7657,-0.00132704,-0.00132704,-0.00132704,-0.00132704,-0.00132704,-0.00132704
3.83751,0.523599,0.501107,-2.60761,-0.00132704,-0.00132704,-0.00132704,-0.00132704,-0.00132704,-0.00132704
3.85001,0.523599,0.480306,-2.41241,-0.00132704,-0.00132704,-0.00132704,-0.00132704,-0.00132704,-0.00132704
3.86251,0.523599,0.459232,-2.18288,-0.00132704,-0.00132704,-0.00132704,-0.00132704,-0.00132704,-0.00132704
3.87501,0.523599,0.437896,-1.92228,-0.00132704,-0.00132704,-0.00132704,-0.00132704,-0.00132704,-0.00132704
3.88751,0.523599,0.416311,-1.63433,-0.00132704,-0.00132704,-0.00132704,-0.00132704,-0.00132704,-0.00132704
3.90001,0.523599,0.394488,-1.32312,-0.00132704,-0.00132704,-0.00132704,-0.00132704,-0.00132704,-0.00132704
3.91251,0.523599,0.37244,-0.993075,-0.00132704,-0.00132704,-0.00132704,-0.00132704,-0.00132704,-0.00132704
3.92501,0.523599,0.350181,-0.6489,-0.00132704,-0.00132704,-0.00132704,-0.00132704,-0.00132704,-0.00132704
3.93751,0.523599,0.327721,-0.295489,-0.00132704,-0.00132704,-0.00132704,-0.00132704,-0.00132704,-0.00132704
3.95001,0.523599,0.305075,0.0621265,-0.00132704,-0.00132704,-0.00132704,-0.00132704,-0.00132704,-0.00132704
3.96251,0.523599,0.282255,0.418858,-0.00132704,-0.00132704,-0.00132704,-0.00132704,-0.00132704,-0.00132704
3.97501,0.523599,0.259274,0.769629,-0.00132704,-0.00132704,-0.00132704,-0.00132704,-0.00132704,-0.00132704
3.98751,0.523599,0.236145,1.10945,-0.00132704,-0.00132704,-0.00132704,-0.00132704,-0.00132704,-0.00132704
4.00001,0.523599,0.212883,1.43347,-0.00132704,-0.00132704,-0.00132704,-0.00132704,-0.00132704,-0.00132704
4.01251,0.523599,0.189499,1.73709,-0.00132704,-0.00132704,-0.00132704,-0.00132704,-0.00132704,-0.00132704
4.02501,0.523599,0.166006,2.01599,-0.00132704,-0.00132704,-0.00132704,-0.00132704,-0.00132704,-0.00132704
4.03751,0.523599,0.14242,2.26621,-0.00132704,-0.00132704,-0.00132704,-0.00132704,-0.00132704,-0.00132704
4.05001,0.523599,0.118752,2.48417,-0.00132704,-0.00132704,-0.00132704,-0.00132704,-0.00132704,-0.00132704
4.06251,0.523599,0.0950164,2.66678,-0.00132704,-0.00132704,-0.00132704,-0.00132704,-0.00132704,-0.00132704
4.07501,0.523599,0.0712267,2.81144,-0.00132704,-0.00132704,-0.00132704,-0.00132704,-0.00132704,-0.00132704
4.08751,0.523599,0.0473964,2.91609,-0.00132704,-0.00132704,-0.00132704,-0.00132704,-0.00132704,-0.00132704
4.10001,0.523599,0.0235391,2.97924,-0.00132704,-0.00132704,-0.00132704,-0.00132704,-0.00132704,-0.00132704
4.11251,0.523599,-0.000331564,3,-0.00132704,-0.00132704,-0.00132704,-0.00132704,-0.00132704,-0.00132704
4.12501,0.523599,-0.0242021,2.97806,-0.00132704,-0.00132704,-0.00132704,-0.00132704,-0.00132704,-0.00132704
4.13751,0.523599,-0.0480588,2.91374,-0.00132704,-0.00132704,-0.00132704,-0.00132704,-0.00132704,-0.00132704
4.15001,0.523599,-0.0718881,2.80795,-0.00132704,-0.00132704,-0.00132704,-0.00132704,-0.00132704,-0.00132704
4.16251,0.523599,-0.0956765,2.66221,-0.00132704,-0.00132704,-0.00132704,-0.00132704,-0.00132704,-0.00132704
4.17501,0.523599,-0.11941,2.47858,-0.00132704,-0.00132704,-0.00132704,-0.00132704,-0.00132704,-0.00132704
4.18751,0.523599,-0.143076,2.25968,-0.00132704,-0.00132704,-0.00132704,-0.00132704,-0.00132704,-0.00132704
4.20001,0.523599,-0.16666,2.00862,-0.00132704,-0.00132704,-0.00132704,-0.00132704,-0.00132704,-0.00132704
4.21251,0.523599,-0.19015,1.72897,-0.00132704,-0.00132704,-0.00132704,-0.00132704,-0.00132704,-0.00132704
4.22501,0.523599,-0.213531,1.42472,-0.00132704,-0.00132704,-0.00132704,-0.00132704,-0.00132704,-0.00132704
4.23751,0.523599,-0.23679,1.1002,-0.00132704,-0.00132704,-0.00132704,-0.00132704,-0.00132704,-0.00132704
4.25001,0.523599,-0.259914,0.760017,-0.00132704,-0.00132704,-0.00132704,-0.00132704,-0.00132704,-0.00132704
4.26251,0.523599,-0.28289,0.40902,-0.00132704,-0.00132704,-0.00132704,-0.00132704,-0.00132704,-0.00132704
4.27501,0.523599,-0.305705,0.0522018,-0.00132704,-0.00132704,-0.00132704,-0.00132704,-0.00132704,-0.00132704
4.28751,0.523599,-0.328346,-0.305359,-0.00132704,-0.00132704,-0.00132704,-0.00132704,-0.00132704,-0.00132704
4.30001,0.523599,-0.3508,-0.658574,-0.00132704,-0.00132704,-0.00132704,-0.00132704,-0.00132704,-0.00132704
4.31251,0.523599,-0.373053,-1.00242,-0.00132704,-0.00132704,-0.00132704,-0.00132704,-0.00132704,-0.00132704
4.32501,0.523599,-0.395094,-1.332,-0.00132704,-0.00132704,-0.00132704,-0.00132704,-0.00132704,-0.00132704
4.33751,0.523599,-0.41691,-1.64262,-0.00132704,-0.00132704,-0.00132704,-0.00132704,-0.00132704,-0.00132704
4.35001,0.523599,-0.438489,-1.92986,-0.00132704,-0.00132704,-0.00132704,-0.00132704,-0.00132704,-0.00132704
4.3625,0.523599,-0.459817,-2.18965,-0.00132704,-0.00132704,-0.00132704,-0.00132704,-0.00132704,-0.00132704
4.375,0.523599,-0.480883,-2.41827,-0.00132704,-0.00132704,-0.00132704,-0.00132704,-0.00132704,-0.00132704
4.3875,0.523599,-0.501676,-2.61247,-0.00132704,-0.00132704,-0.00132704,-0.00132704,-0.00132704,-0.00132704
4.4,0.523599,-0.522182,-2.7695,-0.00132704,-0.00132704,-0.00132704,-0.00132704,-0.00132704,-0.00132704
4.4125,0.523599,-0.542391,-2.88712,-0.00132704,-0.00132704,-0.00132704,-0.00132704,-0.00132704,-0.00132704
4.425,0.523599,-0.562291,-2.96365,-0.00132704,-0.00132704,-0.00132704,-0.00132704,-0.00132704,-0.00132704
4.4375,0.523599,-0.58187,-2.99801,-0.00132704,-0.00132704,-0.00132704,-0.00132704,-0.00132704,-0.00132704
4.45,0.523599,-0.601118,-2.9897,-0.00132704,-0.00132704,-0.00132704,-0.00132704,-0.00132704,-0.00132704
4.4625,0.523599,-0.620023,-2.93884,-0.00132704,-0.00132704,-0.00132704,-0.00132704,-0.00132704,-0.00132704
4.475,0.523599,-0.638575,-2.84616,-0.00132704,-0.00132704,-0.00132704,-0.00132704,-0.00132704,-0.00132704
4.4875,0.523599,-0.656763,-2.71298,-0.00132704,-0.00132704,-0.00132704,-0.00132704,-0.00132704,-0.00132704
4.5,0.523599,-0.674576,-2.54119,-0.00132704,-0.00132704,-0.00132704,-0.00132704,-0.00132704,-0.00132704
4.5125,0.523599,-0.692006,-2.33324,-0.00132704,-0.00132704,-0.00132704,-0.00132704,-0.00132704,-0.00132704
4.525,0.523599,-0.70904,-2.09208,-0.00132704,-0.00132704,-0.00132704,-0.00132704,-0.00132704,-0.00132704
4.5375,0.523599,-0.725671,-1.82115,-0.00132704,-0.00132704,-0.00132704,-0.00132704,-0.00132704,-0.00132704
4.55,0.523599,-0.741888,-1.5243,-0.00132704,-0.00132704,-0.00132704,-0.00132704,-0.00132704,-0.00132704
4.5625,0.523599,-0.757683,-1.20576,-0.00132704,-0.00132704,-0.00132704,-0.00132704,-0.00132704,-0.00132704
4.575,0.523599,-0.773045,-0.870063,-0.00132704,-0.00132704,-0.00132704,-0.00132704,-0.00132704,-0.00132704
4.5875,0.523599,-0.787967,-0.521983,-0.00132704,-0.00132704,-0.00132704,-0.00132704,-0.00132704,-0.00132704
4.6,0.523599,-0.80244,-0.166475,-0.00132704,-0.00132704,-0.00132704,-0.00132704,-0.00132704,-0.00132704
4.6125,0.523599,-0.816456,0.191403,-0.00132704,-0.00132704,-0.00132704,-0.00132704,-0.00132704,-0.00132704
4.625,0.523599,-0.830007,0.546556,-0.00132704,-0.00132704,-0.00132704,-0.00132704,-0.00132704,-0.00132704
4.6375,0.523599,-0.843084,0.893932,-0.00132704,-0.00132704,-0.00132704,-0.00132704,-0.00132704,-0.00132704
4.65,0.523599,-0.855681,1.22859,-0.00132704,-0.00132704,-0.00132704,-0.00132704,-0.00132704,-0.00132704
4.6625,0.523599,-0.86779,1.54576,-0.00132704,-0.00132704,-0.00132704,-0.00132704,-0.00132704,-0.00132704
4.675,0.523599,-0.879405,1.84093,-0.00132704,-0.00132704,-0.00132704,-0.00132704,-0.00132704,-0.00132704
4.6875,0.523599,-0.890519,2.1099,-0.00132704,-0.00132704,-0.00132704,-0.00132704,-0.00132704,-0.00132704
4.7,0.523599,-0.901125,2.34885,-0.00132704,-0.00132704,-0.00132704,-0.00132704,-0.00132704,-0.00132704
4.7125,0.523599,-0.911217,2.55437,-0.00132704,-0.00132704,-0.00132704,-0.00132704,-0.00132704,-0.00132704
4.725,0.523599,-0.920791,2.72355,-0.00132704,-0.00132704,-0.00132704,-0.00132704,-0.00132704,-0.00132704
4.7375,0.523599,-0.929839,2.85396,-0.00132704,-0.00132704,-0.00132704,-0.00132704,-0.00132704,-0.00132704
4.75,0.523599,-0.938358,2.94376,-0.00132704,-0.00132704,-0.00132704,-0.00132704,-0.00132704,-0.00132704
4.7625,0.523599,-0.946342,2.99166,-0.00132704,-0.00132704,-0.00132704,-0.00132704,-0.00132704,-0.00132704
4.775,0.523599,-0.953786,2.99699,-0.00132704,-0.00132704,-0.00132704,-0.00132704,-0.00132704,-0.00132704
4.7875,0.523599,-0.960687,2.95967,-0.00132704,-0.00132704,-0.00132704,-0.00132704,-0.00132704,-0.00132704
4.8,0.523599,-0.967041,2.88024,-0.00132704,-0.00132704,-0.00132704,-0.00132704,-0.00132704,-0.00132704
4.8125,0.523599,-0.972843,2.75981,-0.00132704,-0.00132704,-0.00132704,-0.00132704,-0.00132704,-0.00132704
4.825,0.523599,-0.978091,2.60011,-0.00132704,-0.00132704,-0.00132704,-0.00132704,-0.00132704,-0.00132704
4.8375,0.523599,-0.982782,2.40341,-0.00132704,-0.00132704,-0.00132704,-0.00132704,-0.00132704,-0.00132704
4.85,0.523599,-0.986912,2.1725,-0.00132704,-0.00132704,-0.00132704,-0.00132704,-0.00132704,-0.00132704
4.8625,0.523599,-0.99048,1.91068,-0.00132704,-0.00132704,-0.00132704,-0.00132704,-0.00132704,-0.00132704
4.875,0.523599,-0.993484,1.62166,-0.00132704,-0.00132704,-0.00132704,-0.00132704,-0.00132704,-0.00132704
4.8875,0.523599,-0.995922,1.30957,-0.00132704,-0.00132704,-0.00132704,-0.00132704,-0.00132704,-0.00132704
4.9,0.523599,-0.997791,0.978846,-0.00132704,-0.00132704,-0.00132704,-0.00132704,-0.00132704,-0.00132704
4.9125,0.523599,-0.999093,0.634188,-0.00132704,-0.00132704,-0.00132704,-0.00132704,-0.00132704,-0.00132704
4.925,0.523599,-0.999825,0.280506,-0.00132704,-0.00132704,-0.00132704,-0.00132704,-0.00132704,-0.00132704
4.9375,0.523599,-0.999987,-0.0771685,-0.00132704,-0.00132704,-0.00132704,-0.00132704,-0.00132704,-0.00132704
4.95,0.523599,-0.999579,-0.433745,-0.00132704,-0.00132704,-0.00132704,-0.00132704,-0.00132704,-0.00132704
4.9625,0.523599,-0.998602,-0.784148,-0.00132704,-0.00132704,-0.00132704,-0.00132704,-0.00132704,-0.00132704
4.975,0.523599,-0.997055,-1.12339,-0.00132704,-0.00132704,-0.00132704,-0.00132704,-0.00132704,-0.00132704
4.9875,0.523599,-0.99494,-1.44665,-0.00132704,-0.00132704,-0.00132704,-0.00132704,-0.00132704,-0.00132704
5,0.523599,-0.992259,-1.74932,-0.00132704,-0.00132704,-0.00132704,-0.00132704,-0.00132704,-0.00132704
5.0125,0.523599,-0.989012,-2.0271,-0.00132704,-0.00132704,-0.00132704,-0.00132704,-0.00132704,-0.00132704
5.02499,0.523599,-0.985201,-2.27602,-0.00132704,-0.00132704,-0.00132704,-0.00132704,-0.00132704,-0.00132704
5.03749,0.523599,-0.980828,-2.49256,-0.00132704,-0.00132704,-0.00132704,-0.00132704,-0.00132704,-0.00132704
5.04999,0.523599,-0.975897,-2.67363,-0.00132704,-0.00132704,-0.00132704,-0.00132704,-0.00132704,-0.00132704
5.06249,0.523599,-0.97041,-2.81665,-0.00132704,-0.00132704,-0.00132704,-0.00132704,-0.00132704,-0.00132704
5.07499,0.523599,-0.964369,-2.91958,-0.00132704,-0.00132704,-0.00132704,-0.00132704,-0.00132704,-0.00132704
5.08749,0.523599,-0.957779,-2.98097,-0.00132704,-0.00132704,-0.00132704,-0.00132704,-0.00132704,-0.00132704
5.09999,0.523599,-0.950644,-2.99993,-0.00132704,-0.00132704,-0.00132704,-0.00132704,-0.00132704,-0.00132704
5.11249,0.523599,-0.942966,-2.97621,-0.00132704,-0.00132704,-0.00132704,-0.00132704,-0.00132704,-0.00132704
5.12499,0.523599,-0.934751,-2.91012,-0.00132704,-0.00132704,-0.00132704,-0.00132704,-0.00132704,-0.00132704
5.13749,0.523599,-0.926004,-2.80263,-0.00132704,-0.00132704,-0.00132704,-0.00132704,-0.00132704,-0.00132704
5.14999,0.523599,-0.916728,-2.65525,-0.00132704,-0.00132704,-0.00132704,-0.00132704,-0.00132704,-0.00132704
5.16249,0.523599,-0.90693,-2.47008,-0.00132704,-0.00132704,-0.00132704,-0.00132704,-0.00132704,-0.00132704
5.17499,0.523599,-0.896616,-2.24976,-0.00132704,-0.00132704,-0.00132704,-0.00132704,-0.00132704,-0.00132704
5.18749,0.523599,-0.88579,-1.99743,-0.00132704,-0.00132704,-0.00132704,-0.00132704,-0.00132704,-0.00132704
5.19999,0.523599,-0.87446,-1.71667,-0.00132704,-0.00132704,-0.00132704,-0.00132704,-0.00132704,-0.00132704
5.21249,0.523599,-0.862631,-1.41148,-0.00132704,-0.00132704,-0.00132704,-0.00132704,-0.00132704,-0.00132704
5.22499,0.523599,-0.850311,-1.08621,-0.00132704,-0.00132704,-0.00132704,-0.00132704,-0.00132704,-0.00132704
5.23749,0.523599,-0.837506,-0.745472,-0.00132704,-0.00132704,-0.00132704,-0.00132704,-0.00132704,-0.00132704
5.24999,0.523599,-0.824223,-0.394129,-0.00132704,-0.00132704,-0.00132704,-0.00132704,-0.00132704,-0.00132704
5.26249,0.523599,-0.810471,-0.0371779,-0.00132704,-0.00132704,-0.00132704,-0.00132704,-0.00132704,-0.00132704
5.27499,0.523599,-0.796258,0.320303,-0.00132704,-0.00132704,-0.00132704,-0.00132704,-0.00132704,-0.00132704
5.28749,0.523599,-0.78159,0.673225,-0.00132704,-0.00132704,-0.00132704,-0.00132704,-0.00132704,-0.00132704
5.29999,0.523599,-0.766477,1.01657,-0.00132704,-0.00132704,-0.00132704,-0.00132704,-0.00132704,-0.00132704
5.31249,0.523599,-0.750927,1.34544,-0.00132704,-0.00132704,-0.00132704,-0.00132704,-0.00132704,-0.00132704
5.32499,0.523599,-0.734949,1.65517,-0.00132704,-0.00132704,-0.00132704,-0.00132704,-0.00132704,-0.00132704
5.33749,0.523599,-0.718553,1.94134,-0.00132704,-0.00132704,-0.00132704,-0.00132704,-0.00132704,-0.00132704
5.34999,0.523599,-0.701747,2.19989,-0.00132704,-0.00132704,-0.00132704,-0.00132704,-0.00132704,-0.00132704
5.36249,0.523599,-0.684541,2.42713,-0.00132704,-0.00132704,-0.00132704,-0.00132704,-0.00132704,-0.00132704
5.37499,0.523599,-0.666945,2.61983,-0.00132704,-0.00132704,-0.00132704,-0.00132704,-0.00132704,-0.00132704
5.38749,0.523599,-0.648968,2.77525,-0.00132704,-0.00132704,-0.00132704,-0.00132704,-0.00132704,-0.00132704
5.39999,0.523599,-0.630622,2.89117,-0.00132704,-0.00132704,-0.00132704,-0.00132704,-0.00132704,-0.00132704
5.41249,0.523599,-0.611917,2.96595,-0.00132704,-0.00132704,-0.00132704,-0.00132704,-0.00132704,-0.00132704
5.42499,0.523599,-0.592863,2.99852,-0.00132704,-0.00132704,-0.00132704,-0.00132704,-0.00132704,-0.00132704
5.43749,0.523599,-0.573471,2.98841,-0.00132704,-0.00132704,-0.00132704,-0.00132704,-0.00132704,-0.00132704
5.44999,0.523599,-0.553752,2.93579,-0.00132704,-0.00132704,-0.00132704,-0.00132704,-0.00132704,-0.00132704
5.46249,0.523599,-0.533717,2.84138,-0.00132704,-0.00132704,-0.00132704,-0.00132704,-0.00132704,-0.00132704
5.47499,0.523599,-0.513379,2.70653,-0.00132704,-0.00132704,-0.00132704,-0.00132704,-0.00132704,-0.00132704
5.48749,0.523599,-0.492748,2.53317,-0.00132704,-0.00132704,-0.00132704,-0.00132704,-0.00132704,-0.00132704
5.49999,0.523599,-0.471836,2.32376,-0.00132704,-0.00132704,-0.00132704,-0.00132704,-0.00132704,-0.00132704
5.51249,0.523599,-0.450655,2.08128,-0.00132704,-0.00132704,-0.00132704,-0.00132704,-0.00132704,-0.00132704
5.52499,0.523599,-0.429217,1.80918,-0.00132704,-0.00132704,-0.00132704,-0.00132704,-0.00132704,-0.00132704
5.53749,0.523599,-0.407535,1.51134,-0.00132704,-0.00132704,-0.00132704,-0.00132704,-0.00132704,-0.00132704
5.54999,0.523599,-0.38562,1.19199,-0.00132704,-0.00132704,-0.00132704,-0.00132704,-0.00132704,-0.00132704
5.56249,0.523599,-0.363486,0.855673,-0.00132704,-0.00132704,-0.00132704,-0.00132704,-0.00132704,-0.00132704
5.57499,0.523599,-0.341145,0.50718,-0.00132704,-0.00132704,-0.00132704,-0.00132704,-0.00132704,-0.00132704
5.58749,0.523599,-0.318609,0.15147,-0.00132704,-0.00132704,-0.00132704,-0.00132704,-0.00132704,-0.00132704
5.59999,0.523599,-0.295892,-0.206395,-0.00132704,-0.00132704,-0.00132704,-0.00132704,-0.00132704,-0.00132704
5.61249,0.523599,-0.273005,-0.561324,-0.00132704,-0.00132704,-0.00132704,-0.00132704,-0.00132704,-0.00132704
5.62499,0.523599,-0.249964,-0.908264,-0.00132704,-0.00132704,-0.00132704,-0.00132704,-0.00132704,-0.00132704
5.63749,0.523599,-0.22678,-1.24228,-0.00132704,-0.00132704,-0.00132704,-0.00132704,-0.00132704,-0.00132704
5.64999,0.523599,-0.203467,-1.55861,-0.00132704,-0.00132704,-0.00132704,-0.00132704,-0.00132704,-0.00132704
5.66249,0.523599,-0.180037,-1.85277,-0.00132704,-0.00132704,-0.00132704,-0.00132704,-0.00132704,-0.00132704
5.67498,0.523599,-0.156505,-2.12056,-0.00132704,-0.00132704,-0.00132704,-0.00132704,-0.00132704,-0.00132704
5.68748,0.523599,-0.132884,-2.35817,-0.00132704,-0.00132704,-0.00132704,-0.00132704,-0.00132704,-0.00132704
5.69998,0.523599,-0.109188,-2.56222,-0.00132704,-0.00132704,-0.00132704,-0.00132704,-0.00132704,-0.00132704
5.71248,0.523599,-0.0854286,-2.72981,-0.00132704,-0.00132704,-0.00132704,-0.00132704,-0.00132704,-0.00132704
5.72498,0.523599,-0.0616209,-2.85855,-0.00132704,-0.00132704,-0.00132704,-0.00132704,-0.00132704,-0.00132704
5.73748,0.523599,-0.0377781,-2.94661,-0.00132704,-0.00132704,-0.00132704,-0.00132704,-0.00132704,-0.00132704
5.74998,0.523599,-0.0139137,-2.99274,-0.00132704,-0.00132704,-0.00132704,-0.00132704,-0.00132704,-0.00132704
5.76248,0.523599,0.00995853,-2.99628,-0.00132704,-0.00132704,-0.00132704,-0.00132704,-0.00132704,-0.00132704
5.77498,0.523599,0.0338251,-2.95718,-0.00132704,-0.00132704,-0.00132704,-0.00132704,-0.00132704,-0.00132704
5.78748,0.523599,0.0576724,-2.876,-0.00132704,-0.00132704,-0.00132704,-0.00132704,-0.00132704,-0.00132704
5.79998,0.523599,0.0814869,-2.75388,-0.00132704,-0.00132704,-0.00132704,-0.00132704,-0.00132704,-0.00132704
5.81248,0.523599,0.105255,-2.59258,-0.00132704,-0.00132704,-0.00132704,-0.00132704,-0.00132704,-0.00132704
5.82498,0.523599,0.128963,-2.39438,-0.00132704,-0.00132704,-0.00132704,-0.00132704,-0.00132704,-0.00132704
5.83748,0.523599,0.152597,-2.16211,-0.00132704,-0.00132704,-0.00132704,-0.00132704,-0.00132704,-0.00132704
5.84998,0.523599,0.176145,-1.89907,-0.00132704,-0.00132704,-0.00132704,-0.00132704,-0.00132704,-0.00132704
5.86248,0.523599,0.199592,-1.609,-0.00132704,-0.00132704,-0.00132704,-0.00132704,-0.00132704,-0.00132704
5.87498,0.523599,0.222926,-1.29604,-0.00132704,-0.00132704,-0.00132704,-0.00132704,-0.00132704,-0.00132704
5.88748,0.523599,0.246132,-0.96463,-0.00132704,-0.00132704,-0.00132704,-0.00132704,-0.00132704,-0.00132704
5.89998,0.523599,0.269198,-0.619494,-0.00132704,-0.00132704,-0.00132704,-0.00132704,-0.00132704,-0.00132704
5.91248,0.523599,0.292111,-0.265543,-0.00132704,-0.00132704,-0.00132704,-0.00132704,-0.00132704,-0.00132704
5.92498,0.523599,0.314857,0.092188,-0.00132704,-0.00132704,-0.00132704,-0.00132704,-0.00132704,-0.00132704
5.93748,0.523599,0.337424,0.448607,-0.00132704,-0.00132704,-0.00132704,-0.00132704,-0.00132704,-0.00132704
5.94998,0.523599,0.359798,0.798641,-0.00132704,-0.00132704,-0.00132704,-0.00132704,-0.00132704,-0.00132704
5.96248,0.523599,0.381968,1.13731,-0.00132704,-0.00132704,-0.00132704,-0.00132704,-0.00132704,-0.00132704
5.97498,0.523599,0.40392,1.45979,-0.00132704,-0.00132704,-0.00132704,-0.00132704,-0.00132704,-0.00132704
5.98748,0.523599,0.425641,1.7615,-0.00132704,-0.00132704,-0.00132704,-0.00132704,-0.00132704,-0.00132704
5.99998,0.523599,0.44712,2.03815,-0.00132704,-0.00132704,-0.00132704,-0.00132704,-0.00132704,-0.00132704
6.01248,0.523599,0.468345,2.28578,-0.00132704,-0.00132704,-0.00132704,-0.00132704,-0.00132704,-0.00132704
6.02498,0.523599,0.489302,2.50089,-0.00132704,-0.00132704,-0.00132704,-0.00132704,-0.00132704,-0.00132704
6.03748,0.523599,0.50998,2.68041,-0.00132704,-0.00132704,-0.00132704,-0.00132704,-0.00132704,-0.00132704
6.04998,0.523599,0.530368,2.82178,-0.00132704,-0.00132704,-0.00132704,-0.00132704,-0.00132704,-0.00132704
6.06248,0.523599,0.550454,2.923,-0.00132704,-0.00132704,-0.00132704,-0.00132704,-0.00132704,-0.00132704
6.07498,0.523599,0.570226,2.98262,-0.00132704,-0.00132704,-0.00132704,-0.00132704,-0.00132704,-0.00132704
6.08748,0.523599,0.589673,2.9998,-0.00132704,-0.00132704,-0.00132704,-0.00132704,-0.00132704,-0.00132704
6.09998,0.523599,0.608784,2.97428,-0.00132704,-0.00132704,-0.00132704,-0.00132704,-0.00132704,-0.00132704
6.11248,0.523599,0.627548,2.90644,-0.00132704,-0.00132704,-0.00132704,-0.00132704,-0.00132704,-0.00132704
6.12498,0.523599,0.645954,2.79723,-0.00132704,-0.00132704,-0.00132704,-0.00132704,-0.00132704,-0.00132704
6.13748,0.523599,0.663992,2.64822,-0.00132704,-0.00132704,-0.00132704,-0.00132704,-0.00132704,-0.00132704
6.14998,0.523599,0.681652,2.46152,-0.00132704,-0.00132704,-0.00132704,-0.00132704,-0.00132704,-0.00132704
6.16248,0.523599,0.698923,2.2398,-0.00132704,-0.00132704,-0.00132704,-0.00132704,-0.00132704,-0.00132704
6.17498,0.523599,0.715796,1.98619,-0.00132704,-0.00132704,-0.00132704,-0.00132704,-0.00132704,-0.00132704
6.18748,0.523599,0.732261,1.70433,-0.00132704,-0.00132704,-0.00132704,-0.00132704,-0.00132704,-0.00132704
6.19998,0.523599,0.748309,1.39821,-0.00132704,-0.00132704,-0.00132704,-0.00132704,-0.00132704,-0.00132704
6.21248,0.523599,0.76393,1.07219,-0.00132704,-0.00132704,-0.00132704,-0.00132704,-0.00132704,-0.00132704
6.22498,0.523599,0.779116,0.730908,-0.00132704,-0.00132704,-0.00132704,-0.00132704,-0.00132704,-0.00132704
6.23748,0.523599,0.793858,0.379229,-0.00132704,-0.00132704,-0.00132704,-0.00132704,-0.00132704,-0.00132704
6.24998,0.523599,0.808148,0.0221531,-0.00132704,-0.00132704,-0.00132704,-0.00132704,-0.00132704,-0.00132704
6.26248,0.523599,0.821977,-0.335238,-0.00132704,-0.00132704,-0.00132704,-0.00132704,-0.00132704,-0.00132704
6.27498,0.523599,0.835338,-0.687859,-0.00132704,-0.00132704,-0.00132704,-0.00132704,-0.00132704,-0.00132704
6.28748,0.523599,0.848222,-1.03069,-0.00132704,-0.00132704,-0.00132704,-0.00132704,-0.00132704,-0.00132704
6.29998,0.523599,0.860623,-1.35885,-0.00132704,-0.00132704,-0.00132704,-0.00132704,-0.00132704,-0.00132704
6.31248,0.523599,0.872534,-1.66768,-0.00132704,-0.00132704,-0.00132704,-0.00132704,-0.00132704,-0.00132704
6.32498,0.523599,0.883947,-1.95277,-0.00132704,-0.00132704,-0.00132704,-0.00132704,-0.00132704,-0.00132704
6.33747,0.523599,0.894857,-2.21008,-0.00132704,-0.00132704,-0.00132704,-0.00132704,-0.00132704,-0.00132704
6.34997,0.523599,0.905257,-2.43593,-0.00132704,-0.00132704,-0.00132704,-0.00132704,-0.00132704,-0.00132704
6.36247,0.523599,0.915141,-2.62712,-0.00132704,-0.00132704,-0.00132704,-0.00132704,-0.00132704,-0.00132704
6.37497,0.523599,0.924503,-2.78092,-0.00132704,-0.00132704,-0.00132704,-0.00132704,-0.00132704,-0.00132704
6.38747,0.523599,0.933338,-2.89514,-0.00132704,-0.00132704,-0.00132704,-0.00132704,-0.00132704,-0.00132704
6.39997,0.523599,0.941642,-2.96817,-0.00132704,-0.00132704,-0.00132704,-0.00132704,-0.00132704,-0.00132704
6.41247,0.523599,0.949409,-2.99895,-0.00132704,-0.00132704,-0.00132704,-0.00132704,-0.00132704,-0.00132704
6.42497,0.523599,0.956635,-2.98706,-0.00132704,-0.00132704,-0.00132704,-0.00132704,-0.00132704,-0.00132704
6.43747,0.523599,0.963315,-2.93266,-0.00132704,-0.00132704,-0.00132704,-0.00132704,-0.00132704,-0.00132704
6.44997,0.523599,0.969447,-2.83652,-0.00132704,-0.00132704,-0.00132704,-0.00132704,-0.00132704,-0.00132704
6.46247,0.523599,0.975026,-2.70002,-0.00132704,-0.00132704,-0.00132704,-0.00132704,-0.00132704,-0.00132704
6.47497,0.523599,0.98005,-2.52509,-0.00132704,-0.00132704,-0.00132704,-0.00132704,-0.00132704,-0.00132704
6.48747,0.523599,0.984515,-2.31423,-0.00132704,-0.00132704,-0.00132704,-0.00132704,-0.00132704,-0.00132704
6.49997,0.523599,0.988419,-2.07043,-0.00132704,-0.00132704,-0.00132704,-0.00132704,-0.00132704,-0.00132704
6.51247,0.523599,0.99176,-1.79718,-0.00132704,-0.00132704,-0.00132704,-0.00132704,-0.00132704,-0.00132704
6.52497,0.523599,0.994535,-1.49834,-0.00132704,-0.00132704,-0.00132704,-0.00132704,-0.00132704,-0.00132704
6.53747,0.523599,0.996744,-1.17818,-0.00132704,-0.00132704,-0.00132704,-0.00132704,-0.00132704,-0.00132704
6.54997,0.523599,0.998385,-0.841261,-0.00132704,-0.00132704,-0.00132704,-0.00132704,-0.00132704,-0.00132704
6.56247,0.523599,0.999456,-0.492365,-0.00132704,-0.00132704,-0.00132704,-0.00132704,-0.00132704,-0.00132704
6.57497,0.523599,0.999959,-0.136462,-0.00132704,-0.00132704,-0.00132704,-0.00132704,-0.00132704,-0.00132704
6.58747,0.523599,0.999891,0.221383,-0.00132704,-0.00132704,-0.00132704,-0.00132704,-0.00132704,-0.00132704
6.59997,0.523599,0.999253,0.576077,-0.00132704,-0.00132704,-0.00132704,-0.00132704,-0.00132704,-0.00132704
6.61247,0.523599,0.998046,0.922573,-0.00132704,-0.00132704,-0.00132704,-0.00132704,-0.00132704,-0.00132704
6.62497,0.523599,0.996271,1.25594,-0.00132704,-0.00132704,-0.00132704,-0.00132704,-0.00132704,-0.00132704
6.63747,0.523599,0.993927,1.57143,-0.00132704,-0.00132704,-0.00132704,-0.00132704,-0.00132704,-0.00132704
6.64997,0.523599,0.991017,1.86456,-0.00132704,-0.00132704,-0.00132704,-0.00132704,-0.00132704,-0.00132704
6.66247,0.523599,0.987542,2.13116,-0.00132704,-0.00132704,-0.00132704,-0.00132704,-0.00132704,-0.00132704
6.67497,0.523599,0.983505,2.36743,-0.00132704,-0.00132704,-0.00132704,-0.00132704,-0.00132704,-0.00132704
6.68747,0.523599,0.978907,2.57001,-0.00132704,-0.00132704,-0.00132704,-0.00132704,-0.00132704,-0.00132704
6.69997,0.523599,0.973751,2.73601,-0.00132704,-0.00132704,-0.00132704,-0.00132704,-0.00132704,-0.00132704
6.71247,0.523599,0.96804,2.86308,-0.00132704,-0.00132704,-0.00132704,-0.00132704,-0.00132704,-0.00132704
6.72497,0.523599,0.961778,2.9494,-0.00132704,-0.00132704,-0.00132704,-0.00132704,-0.00132704,-0.00132704
6.73747,0.523599,0.954967,2.99375,-0.00132704,-0.00132704,-0.00132704,-0.00132704,-0.00132704,-0.00132704
6.74997,0.523599,0.947613,2.9955,-0.00132704,-0.00132704,-0.00132704,-0.00132704,-0.00132704,-0.00132704
6.76247,0.523599,0.939718,2.95461,-0.00132704,-0.00132704,-0.00132704,-0.00132704,-0.00132704,-0.00132704
6.77497,0.523599,0.931287,2.87168,-0.00132704,-0.00132704,-0.00132704,-0.00132704,-0.00132704,-0.00132704
6.78747,0.523599,0.922326,2.74789,-0.00132704,-0.00132704,-0.00132704,-0.00132704,-0.00132704,-0.00132704
6.79997,0.523599,0.91284,2.58499,-0.00132704,-0.00132704,-0.00132704,-0.00132704,-0.00132704,-0.00132704
6.81247,0.523599,0.902833,2.3853,-0.00132704,-0.00132704,-0.00132704,-0.00132704,-0.00132704,-0.00132704
6.82497,0.523599,0.892311,2.15167,-0.00132704,-0.00132704,-0.00132704,-0.00132704,-0.00132704,-0.00132704
6.83747,0.523599,0.881281,1.88741,-0.00132704,-0.00132704,-0.00132704,-0.00132704,-0.00132704,-0.00132704
6.84997,0.523599,0.869749,1.5963,-0.00132704,-0.00132704,-0.00132704,-0.00132704,-0.00132704,-0.00132704
6.86247,0.523599,0.857721,1.28247,-0.00132704,-0.00132704,-0.00132704,-0.00132704,-0.00132704,-0.00132704
6.87497,0.523599,0.845205,0.95039,-0.00132704,-0.00132704,-0.00132704,-0.00132704,-0.00132704,-0.00132704
6.88747,0.523599,0.832206,0.604785,-0.00132704,-0.00132704,-0.00132704,-0.00132704,-0.00132704,-0.00132704
6.89997,0.523599,0.818734,0.250573,-0.00132704,-0.00132704,-0.00132704,-0.00132704,-0.00132704,-0.00132704
6.91247,0.523599,0.804795,-0.107205,-0.00132704,-0.00132704,-0.00132704,-0.00132704,-0.00132704,-0.00132704
6.92497,0.523599,0.790397,-0.463458,-0.00132704,-0.00132704,-0.00132704,-0.00132704,-0.00132704,-0.00132704
6.93747,0.523599,0.775549,-0.813115,-0.00132704,-0.00132704,-0.00132704,-0.00132704,-0.00132704,-0.00132704
6.94997,0.523599,0.760258,-1.1512,-0.00132704,-0.00132704,-0.00132704,-0.00132704,-0.00132704,-0.00132704
6.96247,0.523599,0.744535,-1.4729,-0.00132704,-0.00132704,-0.00132704,-0.00132704,-0.00132704,-0.00132704
6.97497,0.523599,0.728387,-1.77365,-0.00132704,-0.00132704,-0.00132704,-0.00132704,-0.00132704,-0.00132704
6.98746,0.523599,0.711824,-2.04915,-0.00132704,-0.00132704,-0.00132704,-0.00132704,-0.00132704,-0.00132704
6.99996,0.523599,0.694856,-2.29549,-0.00132704,-0.00132704,-0.00132704,-0.00132704,-0.00132704,-0.00132704
7.01246,0.523599,0.677491,-2.50916,-0.00132704,-0.00132704,-0.00132704,-0.00132704,-0.00132704,-0.00132704
7.02496,0.523599,0.65974,-2.68713,-0.00132704,-0.00132704,-0.00132704,-0.00132704,-0.00132704,-0.00132704
7.03746,0.523599,0.641614,-2.82685,-0.00132704,-0.00132704,-0.00132704,-0.00132704,-0.00132704,-0.00132704
7.04996,0.523599,0.623122,-2.92635,-0.00132704,-0.00132704,-0.00132704,-0.00132704,-0.00132704,-0.00132704
7.06246,0.523599,0.604274,-2.9842,-0.00132704,-0.00132704,-0.00132704,-0.00132704,-0.00132704,-0.00132704
7.07496,0.523599,0.585083,-2.99958,-0.00132704,-0.00132704,-0.00132704,-0.00132704,-0.00132704,-0.00132704
7.08746,0.523599,0.565557,-2.97228,-0.00132704,-0.00132704,-0.00132704,-0.00132704,-0.00132704,-0.00132704
7.09996,0.523599,0.54571,-2.90268,-0.00132704,-0.00132704,-0.00132704,-0.00132704,-0.00132704,-0.00132704
7.11246,0.523599,0.525551,-2.79177,-0.00132704,-0.00132704,-0.00132704,-0.00132704,-0.00132704,-0.00132704
7.12496,0.523599,0.505094,-2.64113,-0.00132704,-0.00132704,-0.00132704,-0.00132704,-0.00132704,-0.00132704
7.13746,0.523599,0.484348,-2.4529,-0.00132704,-0.00132704,-0.00132704,-0.00132704,-0.00132704,-0.00132704
7.14996,0.523599,0.463326,-2.22977,-0.00132704,-0.00132704,-0.00132704,-0.00132704,-0.00132704,-0.00132704
7.16246,0.523599,0.44204,-1.97491,-0.00132704,-0.00132704,-0.00132704,-0.00132704,-0.00132704,-0.00132704
7.17496,0.523599,0.420502,-1.69194,-0.00132704,-0.00132704,-0.00132704,-0.00132704,-0.00132704,-0.00132704
7.18746,0.523599,0.398725,-1.38489,-0.00132704,-0.00132704,-0.00132704,-0.00132704,-0.00132704,-0.00132704
7.19996,0.523599,0.37672,-1.05814,-0.00132704,-0.00132704,-0.00132704,-0.00132704,-0.00132704,-0.00132704
7.21246,0.523599,0.354501,-0.716326,-0.00132704,-0.00132704,-0.00132704,-0.00132704,-0.00132704,-0.00132704
7.22496,0.523599,0.332079,-0.364319,-0.00132704,-0.00132704,-0.00132704,-0.00132704,-0.00132704,-0.00132704
7.23746,0.523599,0.309469,-0.0071277,-0.00132704,-0.00132704,-0.00132704,-0.00132704,-0.00132704,-0.00132704
7.24996,0.523599,0.286682,0.350165,-0.00132704,-0.00132704,-0.00132704,-0.00132704,-0.00132704,-0.00132704
7.26246,0.523599,0.263732,0.702475,-0.00132704,-0.00132704,-0.00132704,-0.00132704,-0.00132704,-0.00132704
7.27496,0.523599,0.240631,1.04479,-0.00132704,-0.00132704,-0.00132704,-0.00132704,-0.00132704,-0.00132704
7.28746,0.523599,0.217393,1.37223,-0.00132704,-0.00132704,-0.00132704,-0.00132704,-0.00132704,-0.00132704
7.29996,0.523599,0.194031,1.68015,-0.00132704,-0.00132704,-0.00132704,-0.00132704,-0.00132704,-0.00132704
7.31246,0.523599,0.170559,1.96416,-0.00132704,-0.00132704,-0.00132704,-0.00132704,-0.00132704,-0.00132704
7.32496,0.523599,0.14699,2.22021,-0.00132704,-0.00132704,-0.00132704,-0.00132704,-0.00132704,-0.00132704
7.33746,0.523599,0.123337,2.44467,-0.00132704,-0.00132704,-0.00132704,-0.00132704,-0.00132704,-0.00132704
7.34996,0.523599,0.0996131,2.63434,-0.00132704,-0.00132704,-0.00132704,-0.00132704,-0.00132704,-0.00132704
7.36246,0.523599,0.0758328,2.78652,-0.00132704,-0.00132704,-0.00132704,-0.00132704,-0.00132704,-0.00132704
7.37496,0.523599,0.0520093,2.89904,-0.00132704,-0.00132704,-0.00132704,-0.00132704,-0.00132704,-0.00132704
7.38746,0.523599,0.0281562,2.97031,-0.00132704,-0.00132704,-0.00132704,-0.00132704,-0.00132704,-0.00132704
7.39996,0.523599,0.00428703,2.99931,-0.00132704,-0.00132704,-0.00132704,-0.00132704,-0.00132704,-0.00132704
7.41246,0.523599,-0.0195846,2.98563,-0.00132704,-0.00132704,-0.00132704,-0.00132704,-0.00132704,-0.00132704
7.42496,0.523599,-0.043445,2.92945,-0.00132704,-0.00132704,-0.00132704,-0.00132704,-0.00132704,-0.00132704
7.43746,0.523599,-0.0672807,2.83159,-0.00132704,-0.00132704,-0.00132704,-0.00132704,-0.00132704,-0.00132704
7.44996,0.523599,-0.0910781,2.69343,-0.00132704,-0.00132704,-0.00132704,-0.00132704,-0.00132704,-0.00132704
7.46246,0.523599,-0.114824,2.51695,-0.00132704,-0.00132704,-0.00132704,-0.00132704,-0.00132704,-0.00132704
7.47496,0.523599,-0.138504,2.30464,-0.00132704,-0.00132704,-0.00132704,-0.00132704,-0.00132704,-0.00132704
7.48746,0.523599,-0.162105,2.05954,-0.00132704,-0.00132704,-0.00132704,-0.00132704,-0.00132704,-0.00132704
7.49996,0.523599,-0.185613,1.78512,-0.00132704,-0.00132704,-0.00132704,-0.00132704,-0.00132704,-0.00132704
7.51246,0.523599,-0.209016,1.48531,-0.00132704,-0.00132704,-0.00132704,-0.00132704,-0.00132704,-0.00132704
7.52496,0.523599,-0.2323,1.16435,-0.00132704,-0.00132704,-0.00132704,-0.00132704,-0.00132704,-0.00132704
7.53746,0.523599,-0.255451,0.826827,-0.00132704,-0.00132704,-0.00132704,-0.00132704,-0.00132704,-0.00132704
7.54996,0.523599,-0.278457,0.477537,-0.00132704,-0.00132704,-0.00132704,-0.00132704,-0.00132704,-0.00132704
7.56246,0.523599,-0.301304,0.12145,-0.00132704,-0.00132704,-0.00132704,-0.00132704,-0.00132704,-0.00132704
7.57496,0.523599,-0.32398,-0.236364,-0.00132704,-0.00132704,-0.00132704,-0.00132704,-0.00132704,-0.00132704
7.58746,0.523599,-0.346471,-0.590815,-0.00132704,-0.00132704,-0.00132704,-0.00132704,-0.00132704,-0.00132704
7.59996,0.523599,-0.368764,-0.936859,-0.00132704,-0.00132704,-0.00132704,-0.00132704,-0.00132704,-0.00132704
7.61246,0.523599,-0.390847,-1.26957,-0.00132704,-0.00132704,-0.00132704,-0.00132704,-0.00132704,-0.00132704
7.62496,0.523599,-0.412708,-1.58421,-0.00132704,-0.00132704,-0.00132704,-0.00132704,-0.00132704,-0.00132704
7.63745,0.523599,-0.434333,-1.87631,-0.00132704,-0.00132704,-0.00132704,-0.00132704,-0.00132704,-0.00132704
7.64995,0.523599,-0.455711,-2.14171,-0.00132704,-0.00132704,-0.00132704,-0.00132704,-0.00132704,-0.00132704
7.66245,0.523599,-0.476829,-2.37663,-0.00132704,-0.00132704,-0.00132704,-0.00132704,-0.00132704,-0.00132704
7.67495,0.523599,-0.497675,-2.57772,-0.00132704,-0.00132704,-0.00132704,-0.00132704,-0.00132704,-0.00132704
7.68745,0.523599,-0.518238,-2.74214,-0.00132704,-0.00132704,-0.00132704,-0.00132704,-0.00132704,-0.00132704
7.69995,0.523599,-0.538505,-2.86753,-0.00132704,-0.00132704,-0.00132704,-0.00132704,-0.00132704,-0.00132704
7.71245,0.523599,-0.558466,-2.95211,-0.00132704,-0.00132704,-0.00132704,-0.00132704,-0.00132704,-0.00132704
7.72495,0.523599,-0.578108,-2.99468,-0.00132704,-0.00132704,-0.00132704,-0.00132704,-0.00132704,-0.00132704
7.73745,0.523599,-0.597421,-2.99464,-0.00132704,-0.00132704,-0.00132704,-0.00132704,-0.00132704,-0.00132704
7.74995,0.523599,-0.616393,-2.95197,-0.00132704,-0.00132704,-0.00132704,-0.00132704,-0.00132704,-0.00132704
7.76245,0.523599,-0.635014,-2.8673,-0.00132704,-0.00132704,-0.00132704,-0.00132704,-0.00132704,-0.00132704
7.77495,0.523599,-0.653273,-2.74183,-0.00132704,-0.00132704,-0.00132704,-0.00132704,-0.00132704,-0.00132704
7.78745,0.523599,-0.67116,-2.57733,-0.00132704,-0.00132704,-0.00132704,-0.00132704,-0.00132704,-0.00132704
7.79995,0.523599,-0.688664,-2.37616,-0.00132704,-0.00132704,-0.00132704,-0.00132704,-0.00132704,-0.00132704
7.81245,0.523599,-0.705776,-2.14117,-0.00132704,-0.00132704,-0.00132704,-0.00132704,-0.00132704,-0.00132704
7.82495,0.523599,-0.722486,-1.87571,-0.00132704,-0.00132704,-0.00132704,-0.00132704,-0.00132704,-0.00132704
7.83745,0.523599,-0.738784,-1.58356,-0.00132704,-0.00132704,-0.00132704,-0.00132704,-0.00132704,-0.00132704
7.84995,0.523599,-0.75466,-1.26887,-0.00132704,-0.00132704,-0.00132704,-0.00132704,-0.00132704,-0.00132704
7.86245,0.523599,-0.770107,-0.936127,-0.00132704,-0.00132704,-0.00132704,-0.00132704,-0.00132704,-0.00132704
7.87495,0.523599,-0.785115,-0.59006,-0.00132704,-0.00132704,-0.00132704,-0.00132704,-0.00132704,-0.00132704
7.88745,0.523599,-0.799676,-0.235597,-0.00132704,-0.00132704,-0.00132704,-0.00132704,-0.00132704,-0.00132704
7.89995,0.523599,-0.813781,0.12222,-0.00132704,-0.00132704,-0.00132704,-0.00132704,-0.00132704,-0.00132704
7.91245,0.523599,-0.827422,0.478297,-0.00132704,-0.00132704,-0.00132704,-0.00132704,-0.00132704,-0.00132704
7.92495,0.523599,-0.840591,0.827568,-0.00132704,-0.00132704,-0.00132704,-0.00132704,-0.00132704,-0.00132704
7.93745,0.523599,-0.853282,1.16506,-0.00132704,-0.00132704,-0.00132704,-0.00132704,-0.00132704,-0.00132704
7.94995,0.523599,-0.865486,1.48597,-0.00132704,-0.00132704,-0.00132704,-0.00132704,-0.00132704,-0.00132704
7.96245,0.523599,-0.877197,1.78574,-0.00132704,-0.00132704,-0.00132704,-0.00132704,-0.00132704,-0.00132704
7.97495,0.523599,-0.888408,2.0601,-0.00132704,-0.00132704,-0.00132704,-0.00132704,-0.00132704,-0.00132704
7.98745,0.523599,-0.899113,2.30513,-0.00132704,-0.00132704,-0.00132704,-0.00132704,-0.00132704,-0.00132704
7.99995,0.523599,-0.909305,2.51736,-0.00132704,-0.00132704,-0.00132704,-0.00132704,-0.00132704,-0.00132704
8.01245,0.523599,-0.918979,2.69377,-0.00132704,-0.00132704,-0.00132704,-0.00132704,-0.00132704,-0.00132704
8.02495,0.523599,-0.92813,2.83185,-0.00132704,-0.00132704,-0.00132704,-0.00132704,-0.00132704,-0.00132704
8.03745,0.523599,-0.936751,2.92962,-0.00132704,-0.00132704,-0.00132704,-0.00132704,-0.00132704,-0.00132704
8.04995,0.523599,-0.944839,2.9857,-0.00132704,-0.00132704,-0.00132704,-0.00132704,-0.00132704,-0.00132704
8.06245,0.523599,-0.952388,2.99929,-0.00132704,-0.00132704,-0.00132704,-0.00132704,-0.00132704,-0.00132704
8.07495,0.523599,-0.959395,2.9702,-0.00132704,-0.00132704,-0.00132704,-0.00132704,-0.00132704,-0.00132704
8.08745,0.523599,-0.965854,2.89885,-0.00132704,-0.00132704,-0.00132704,-0.00132704,-0.00132704,-0.00132704
8.09995,0.523599,-0.971764,2.78623,-0.00132704,-0.00132704,-0.00132704,-0.00132704,-0.00132704,-0.00132704
8.11245,0.523599,-0.977119,2.63397,-0.00132704,-0.00132704,-0.00132704,-0.00132704,-0.00132704,-0.00132704
8.12495,0.523599,-0.981918,2.44422,-0.00132704,-0.00132704,-0.00132704,-0.00132704,-0.00132704,-0.00132704
8.13745,0.523599,-0.986157,2.21969,-0.00132704,-0.00132704,-0.00132704,-0.00132704,-0.00132704,-0.00132704
8.14995,0.523599,-0.989834,1.96357,-0.00132704,-0.00132704,-0.00132704,-0.00132704,-0.00132704,-0.00132704
8.16245,0.523599,-0.992947,1.67951,-0.00132704,-0.00132704,-0.00132704,-0.00132704,-0.00132704,-0.00132704
8.17495,0.523599,-0.995494,1.37155,-0.00132704,-0.00132704,-0.00132704,-0.00132704,-0.00132704,-0.00132704
8.18745,0.523599,-0.997474,1.04407,-0.00132704,-0.00132704,-0.00132704,-0.00132704,-0.00132704,-0.00132704
8.19995,0.523599,-0.998885,0.701727,-0.00132704,-0.00132704,-0.00132704,-0.00132704,-0.00132704,-0.00132704
8.21245,0.523599,-0.999727,0.349401,-0.00132704,-0.00132704,-0.00132704,-0.00132704,-0.00132704,-0.00132704
8.22495,0.523599,-1,-0.00789786,-0.00132704,-0.00132704,-0.00132704,-0.00132704,-0.00132704,-0.00132704
8.23745,0.523599,-0.999702,-0.365084,-0.00132704,-0.00132704,-0.00132704,-0.00132704,-0.00132704,-0.00132704
8.24995,0.523599,-0.998835,-0.717074,-0.00132704,-0.00132704,-0.00132704,-0.00132704,-0.00132704,-0.00132704
8.26245,0.523599,-0.997399,-1.05886,-0.00132704,-0.00132704,-0.00132704,-0.00132704,-0.00132704,-0.00132704
8.27495,0.523599,-0.995394,-1.38558,-0.00132704,-0.00132704,-0.00132704,-0.00132704,-0.00132704,-0.00132704
8.28745,0.523599,-0.992822,-1.69258,-0.00132704,-0.00132704,-0.00132704,-0.00132704,-0.00132704,-0.00132704
8.29994,0.523599,-0.989684,-1.97549,-0.00132704,-0.00132704,-0.00132704,-0.00132704,-0.00132704,-0.00132704
8.31244,0.523599,-0.985982,-2.23029,-0.00132704,-0.00132704,-0.00132704,-0.00132704,-0.00132704,-0.00132704
8.32494,0.523599,-0.981718,-2.45335,-0.00132704,-0.00132704,-0.00132704,-0.00132704,-0.00132704,-0.00132704
8.33744,0.523599,-0.976895,-2.64149,-0.00132704,-0.00132704,-0.00132704,-0.00132704,-0.00132704,-0.00132704
8.34994,0.523599,-0.971515,-2.79205,-0.00132704,-0.00132704,-0.00132704,-0.00132704,-0.00132704,-0.00132704
8.36244,0.523599,-0.965581,-2.90287,-0.00132704,-0.00132704,-0.00132704,-0.00132704,-0.00132704,-0.00132704
8.37494,0.523599,-0.959097,-2.97238,-0.00132704,-0.00132704,-0.00132704,-0.00132704,-0.00132704,-0.00132704
8.38744,0.523599,-0.952067,-2.9996,-0.00132704,-0.00132704,-0.00132704,-0.00132704,-0.00132704,-0.00132704
8.39994,0.523599,-0.944494,-2.98412,-0.00132704,-0.00132704,-0.00132704,-0.00132704,-0.00132704,-0.00132704
8.41244,0.523599,-0.936382,-2.92618,-0.00132704,-0.00132704,-0.00132704,-0.00132704,-0.00132704,-0.00132704
8.42494,0.523599,-0.927737,-2.82659,-0.00132704,-0.00132704,-0.00132704,-0.00132704,-0.00132704,-0.00132704
8.43744,0.523599,-0.918564,-2.68678,-0.00132704,-0.00132704,-0.00132704,-0.00132704,-0.00132704,-0.00132704
8.44994,0.523599,-0.908866,-2.50874,-0.00132704,-0.00132704,-0.00132704,-0.00132704,-0.00132704,-0.00132704
8.46244,0.523599,-0.898651,-2.29499,-0.00132704,-0.00132704,-0.00132704,-0.00132704,-0.00132704,-0.00132704
8.47494,0.523599,-0.887924,-2.04858,-0.00132704,-0.00132704,-0.00132704,-0.00132704,-0.00132704,-0.00132704
8.48744,0.523599,-0.876691,-1.77302,-0.00132704,-0.00132704,-0.00132704,-0.00132704,-0.00132704,-0.00132704
8.49994,0.523599,-0.864958,-1.47223,-0.00132704,-0.00132704,-0.00132704,-0.00132704,-0.00132704,-0.00132704
8.51244,0.523599,-0.852732,-1.15049,-0.00132704,-0.00132704,-0.00132704,-0.00132704,-0.00132704,-0.00132704
8.52494,0.523599,-0.84002,-0.812373,-0.00132704,-0.00132704,-0.00132704,-0.00132704,-0.00132704,-0.00132704
8.53744,0.523599,-0.82683,-0.462697,-0.00132704,-0.00132704,-0.00132704,-0.00132704,-0.00132704,-0.00132704
8.54994,0.523599,-0.813168,-0.106436,-0.00132704,-0.00132704,-0.00132704,-0.00132704,-0.00132704,-0.00132704
8.56244,0.523599,-0.799043,0.25134,-0.00132704,-0.00132704,-0.00132704,-0.00132704,-0.00132704,-0.00132704
8.57494,0.523599,-0.784463,0.605539,-0.00132704,-0.00132704,-0.00132704,-0.00132704,-0.00132704,-0.00132704
8.58744,0.523599,-0.769435,0.951121,-0.00132704,-0.00132704,-0.00132704,-0.00132704,-0.00132704,-0.00132704
8.59994,0.523599,-0.753969,1.28317,-0.00132704,-0.00132704,-0.00132704,-0.00132704,-0.00132704,-0.00132704
8.61244,0.523599,-0.738073,1.59695,-0.00132704,-0.00132704,-0.00132704,-0.00132704,-0.00132704,-0.00132704
8.62494,0.523599,-0.721757,1.88801,-0.00132704,-0.00132704,-0.00132704,-0.00132704,-0.00132704,-0.00132704
8.63744,0.523599,-0.70503,2.1522,-0.00132704,-0.00132704,-0.00132704,-0.00132704,-0.00132704,-0.00132704
8.64994,0.523599,-0.6879,2.38577,-0.00132704,-0.00132704,-0.00132704,-0.00132704,-0.00132704,-0.00132704
8.66244,0.523599,-0.670379,2.58538,-0.00132704,-0.00132704,-0.00132704,-0.00132704,-0.00132704,-0.00132704
8.67494,0.523599,-0.652475,2.7482,-0.00132704,-0.00132704,-0.00132704,-0.00132704,-0.00132704,-0.00132704
8.68744,0.523599,-0.6342,2.87191,-0.00132704,-0.00132704,-0.00132704,-0.00132704,-0.00132704,-0.00132704
8.69994,0.523599,-0.615563,2.95475,-0.00132704,-0.00132704,-0.00132704,-0.00132704,-0.00132704,-0.00132704
8.71244,0.523599,-0.596576,2.99554,-0.00132704,-0.00132704,-0.00132704,-0.00132704,-0.00132704,-0.00132704
8.72494,0.523599,-0.577248,2.9937,-0.00132704,-0.00132704,-0.00132704,-0.00132704,-0.00132704,-0.00132704
8.73744,0.523599,-0.557592,2.94926,-0.00132704,-0.00132704,-0.00132704,-0.00132704,-0.00132704,-0.00132704
8.74994,0.523599,-0.537618,2.86285,-0.00132704,-0.00132704,-0.00132704,-0.00132704,-0.00132704,-0.00132704
8.76244,0.523599,-0.517337,2.73569,-0.00132704,-0.00132704,-0.00132704,-0.00132704,-0.00132704,-0.00132704
8.77494,0.523599,-0.496761,2.56961,-0.00132704,-0.00132704,-0.00132704,-0.00132704,-0.00132704,-0.00132704
8.78744,0.523599,-0.475903,2.36696,-0.00132704,-0.00132704,-0.00132704,-0.00132704,-0.00132704,-0.00132704
8.79994,0.523599,-0.454773,2.13062,-0.00132704,-0.00132704,-0.00132704,-0.00132704,-0.00132704,-0.00132704
8.81244,0.523599,-0.433384,1.86396,-0.00132704,-0.00132704,-0.00132704,-0.00132704,-0.00132704,-0.00132704
8.82494,0.523599,-0.411748,1.57078,-0.00132704,-0.00132704,-0.00132704,-0.00132704,-0.00132704,-0.00132704
8.83744,0.523599,-0.389878,1.25524,-0.00132704,-0.00132704,-0.00132704,-0.00132704,-0.00132704,-0.00132704
8.84994,0.523599,-0.367785,0.92184,-0.00132704,-0.00132704,-0.00132704,-0.00132704,-0.00132704,-0.00132704
8.86244,0.523599,-0.345483,0.575321,-0.00132704,-0.00132704,-0.00132704,-0.00132704,-0.00132704,-0.00132704
8.87494,0.523599,-0.322983,0.220615,-0.00132704,-0.00132704,-0.00132704,-0.00132704,-0.00132704,-0.00132704
8.88744,0.523599,-0.3003,-0.137231,-0.00132704,-0.00132704,-0.00132704,-0.00132704,-0.00132704,-0.00132704
8.89994,0.523599,-0.277446,-0.493124,-0.00132704,-0.00132704,-0.00132704,-0.00132704,-0.00132704,-0.00132704
8.91244,0.523599,-0.254433,-0.842,-0.00132704,-0.00132704,-0.00132704,-0.00132704,-0.00132704,-0.00132704
8.92494,0.523599,-0.231276,-1.17889,-0.00132704,-0.00132704,-0.00132704,-0.00132704,-0.00132704,-0.00132704
8.93744,0.523599,-0.207986,-1.49901,-0.00132704,-0.00132704,-0.00132704,-0.00132704,-0.00132704,-0.00132704
8.94993,0.523599,-0.184578,-1.79779,-0.00132704,-0.00132704,-0.00132704,-0.00132704,-0.00132704,-0.00132704
8.96243,0.523599,-0.161065,-2.07099,-0.00132704,-0.00132704,-0.00132704,-0.00132704,-0.00132704,-0.00132704
8.97493,0.523599,-0.137461,-2.31472,-0.00132704,-0.00132704,-0.00132704,-0.00132704,-0.00132704,-0.00132704
8.98743,0.523599,-0.113777,-2.52551,-0.00132704,-0.00132704,-0.00132704,-0.00132704,-0.00132704,-0.00132704
8.99993,0.523599,-0.0900294,-2.70035,-0.00132704,-0.00132704,-0.00132704,-0.00132704,-0.00132704,-0.00132704
9.01243,0.523599,-0.06623,-2.83677,-0.00132704,-0.00132704,-0.00132704,-0.00132704,-0.00132704,-0.00132704
9.02493,0.523599,-0.042393,-2.93282,-0.00132704,-0.00132704,-0.00132704,-0.00132704,-0.00132704,-0.00132704
9.03743,0.523599,-0.0185317,-2.98713,-0.00132704,-0.00132704,-0.00132704,-0.00132704,-0.00132704,-0.00132704
9.04993,0.523599,0.00534007,-2.99893,-0.00132704,-0.00132704,-0.00132704,-0.00132704,-0.00132704,-0.00132704
9.06243,0.523599,0.0292088,-2.96805,-0.00132704,-0.00132704,-0.00132704,-0.00132704,-0.00132704,-0.00132704
9.07493,0.523599,0.0530609,-2.89494,-0.00132704,-0.00132704,-0.00132704,-0.00132704,-0.00132704,-0.00132704
9.08743,0.523599,0.0768828,-2.78063,-0.00132704,-0.00132704,-0.00132704,-0.00132704,-0.00132704,-0.00132704
9.09993,0.523599,0.100661,-2.62674,-0.00132704,-0.00132704,-0.00132704,-0.00132704,-0.00132704,-0.00132704
9.11243,0.523599,0.124382,-2.43548,-0.00132704,-0.00132704,-0.00132704,-0.00132704,-0.00132704,-0.00132704
9.12493,0.523599,0.148031,-2.20956,-0.00132704,-0.00132704,-0.00132704,-0.00132704,-0.00132704,-0.00132704
9.13743,0.523599,0.171597,-1.95219,-0.00132704,-0.00132704,-0.00132704,-0.00132704,-0.00132704,-0.00132704
9.14993,0.523599,0.195064,-1.66704,-0.00132704,-0.00132704,-0.00132704,-0.00132704,-0.00132704,-0.00132704
9.16243,0.523599,0.218421,-1.35817,-0.00132704,-0.00132704,-0.00132704,-0.00132704,-0.00132704,-0.00132704
9.17493,0.523599,0.241653,-1.02997,-0.00132704,-0.00132704,-0.00132704,-0.00132704,-0.00132704,-0.00132704
9.18743,0.523599,0.264747,-0.687109,-0.00132704,-0.00132704,-0.00132704,-0.00132704,-0.00132704,-0.00132704
9.19993,0.523599,0.287691,-0.334473,-0.00132704,-0.00132704,-0.00132704,-0.00132704,-0.00132704,-0.00132704
9.21243,0.523599,0.31047,0.0229232,-0.00132704,-0.00132704,-0.00132704,-0.00132704,-0.00132704,-0.00132704
9.22493,0.523599,0.333073,0.379993,-0.00132704,-0.00132704,-0.00132704,-0.00132704,-0.00132704,-0.00132704
9.23743,0.523599,0.355485,0.731655,-0.00132704,-0.00132704,-0.00132704,-0.00132704,-0.00132704,-0.00132704
9.24993,0.523599,0.377695,1.07291,-0.00132704,-0.00132704,-0.00132704,-0.00132704,-0.00132704,-0.00132704
9.26243,0.523599,0.39969,1.39889,-0.00132704,-0.00132704,-0.00132704,-0.00132704,-0.00132704,-0.00132704
9.27493,0.523599,0.421457,1.70496,-0.00132704,-0.00132704,-0.00132704,-0.00132704,-0.00132704,-0.00132704
9.28743,0.523599,0.442984,1.98677,-0.00132704,-0.00132704,-0.00132704,-0.00132704,-0.00132704,-0.00132704
9.29993,0.523599,0.464259,2.24031,-0.00132704,-0.00132704,-0.00132704,-0.00132704,-0.00132704,-0.00132704
9.31243,0.523599,0.485269,2.46196,-0.00132704,-0.00132704,-0.00132704,-0.00132704,-0.00132704,-0.00132704
9.32493,0.523599,0.506002,2.64858,-0.00132704,-0.00132704,-0.00132704,-0.00132704,-0.00132704,-0.00132704
9.33743,0.523599,0.526447,2.79751,-0.00132704,-0.00132704,-0.00132704,-0.00132704,-0.00132704,-0.00132704
9.34993,0.523599,0.546592,2.90663,-0.00132704,-0.00132704,-0.00132704,-0.00132704,-0.00132704,-0.00132704
9.36243,0.523599,0.566426,2.97438,-0.00132704,-0.00132704,-0.00132704,-0.00132704,-0.00132704,-0.00132704
9.37493,0.523599,0.585936,2.9998,-0.00132704,-0.00132704,-0.00132704,-0.00132704,-0.00132704,-0.00132704
9.38743,0.523599,0.605113,2.98254,-0.00132704,-0.00132704,-0.00132704,-0.00132704,-0.00132704,-0.00132704
9.39993,0.523599,0.623945,2.92283,-0.00132704,-0.00132704,-0.00132704,-0.00132704,-0.00132704,-0.00132704
9.41243,0.523599,0.642421,2.82152,-0.00132704,-0.00132704,-0.00132704,-0.00132704,-0.00132704,-0.00132704
9.42493,0.523599,0.660531,2.68006,-0.00132704,-0.00132704,-0.00132704,-0.00132704,-0.00132704,-0.00132704
9.43743,0.523599,0.678265,2.50047,-0.00132704,-0.00132704,-0.00132704,-0.00132704,-0.00132704,-0.00132704
9.44993,0.523599,0.695613,2.28529,-0.00132704,-0.00132704,-0.00132704,-0.00132704,-0.00132704,-0.00132704
9.46243,0.523599,0.712563,2.03758,-0.00132704,-0.00132704,-0.00132704,-0.00132704,-0.00132704,-0.00132704
9.47493,0.523599,0.729108,1.76088,-0.00132704,-0.00132704,-0.00132704,-0.00132704,-0.00132704,-0.00132704
9.48743,0.523599,0.745237,1.45912,-0.00132704,-0.00132704,-0.00132704,-0.00132704,-0.00132704,-0.00132704
9.49993,0.523599,0.760942,1.1366,-0.00132704,-0.00132704,-0.00132704,-0.00132704,-0.00132704,-0.00132704
9.51243,0.523599,0.776213,0.797899,-0.00132704,-0.00132704,-0.00132704,-0.00132704,-0.00132704,-0.00132704
9.52493,0.523599,0.791041,0.447845,-0.00132704,-0.00132704,-0.00132704,-0.00132704,-0.00132704,-0.00132704
9.53743,0.523599,0.805419,0.0914182,-0.00132704,-0.00132704,-0.00132704,-0.00132704,-0.00132704,-0.00132704
9.54993,0.523599,0.819338,-0.26631,-0.00132704,-0.00132704,-0.00132704,-0.00132704,-0.00132704,-0.00132704
9.56243,0.523599,0.83279,-0.620248,-0.00132704,-0.00132704,-0.00132704,-0.00132704,-0.00132704,-0.00132704
9.57493,0.523599,0.845767,-0.965359,-0.00132704,-0.00132704,-0.00132704,-0.00132704,-0.00132704,-0.00132704
9.58743,0.523599,0.858262,-1.29673,-0.00132704,-0.00132704,-0.00132704,-0.00132704,-0.00132704,-0.00132704
9.59993,0.523599,0.870268,-1.60965,-0.00132704,-0.00132704,-0.00132704,-0.00132704,-0.00132704,-0.00132704
9.61242,0.523599,0.881778,-1.89967,-0.00132704,-0.00132704,-0.00132704,-0.00132704,-0.00132704,-0.00132704
9.62492,0.523599,0.892786,-2.16264,-0.00132704,-0.00132704,-0.00132704,-0.00132704,-0.00132704,-0.00132704
9.63742,0.523599,0.903285,-2.39485,-0.00132704,-0.00132704,-0.00132704,-0.00132704,-0.00132704,-0.00132704
9.64992,0.523599,0.913269,-2.59297,-0.00132704,-0.00132704,-0.00132704,-0.00132704,-0.00132704,-0.00132704
9.66242,0.523599,0.922733,-2.75419,-0.00132704,-0.00132704,-0.00132704,-0.00132704,-0.00132704,-0.00132704
9.67492,0.523599,0.93167,-2.87622,-0.00132704,-0.00132704,-0.00132704,-0.00132704,-0.00132704,-0.00132704
9.68742,0.523599,0.940077,-2.95731,-0.00132704,-0.00132704,-0.00132704,-0.00132704,-0.00132704,-0.00132704
9.69992,0.523599,0.947948,-2.99632,-0.00132704,-0.00132704,-0.00132704,-0.00132704,-0.00132704,-0.00132704
9.71242,0.523599,0.955279,-2.99269,-0.00132704,-0.00132704,-0.00132704,-0.00132704,-0.00132704,-0.00132704
9.72492,0.523599,0.962066,-2.94647,-0.00132704,-0.00132704,-0.00132704,-0.00132704,-0.00132704,-0.00132704
9.73742,0.523599,0.968304,-2.85832,-0.00132704,-0.00132704,-0.00132704,-0.00132704,-0.00132704,-0.00132704
9.74992,0.523599,0.97399,-2.72949,-0.00132704,-0.00132704,-0.00132704,-0.00132704,-0.00132704,-0.00132704
9.76242,0.523599,0.979122,-2.56182,-0.00132704,-0.00132704,-0.00132704,-0.00132704,-0.00132704,-0.00132704
9.77492,0.523599,0.983695,-2.35769,-0.00132704,-0.00132704,-0.00132704,-0.00132704,-0.00132704,-0.00132704
9.78742,0.523599,0.987708,-2.12001,-0.00132704,-0.00132704,-0.00132704,-0.00132704,-0.00132704,-0.00132704
9.79992,0.523599,0.991157,-1.85216,-0.00132704,-0.00132704,-0.00132704,-0.00132704,-0.00132704,-0.00132704
9.81242,0.523599,0.994042,-1.55796,-0.00132704,-0.00132704,-0.00132704,-0.00132704,-0.00132704,-0.00132704
9.82492,0.523599,0.996361,-1.24158,-0.00132704,-0.00132704,-0.00132704,-0.00132704,-0.00132704,-0.00132704
9.83742,0.523599,0.998112,-0.90753,-0.00132704,-0.00132704,-0.00132704,-0.00132704,-0.00132704,-0.00132704
9.84992,0.523599,0.999294,-0.560567,-0.00132704,-0.00132704,-0.00132704,-0.00132704,-0.00132704,-0.00132704
9.86242,0.523599,0.999906,-0.205627,-0.00132704,-0.00132704,-0.00132704,-0.00132704,-0.00132704,-0.00132704
9.87492,0.523599,0.999948,0.152239,-0.00132704,-0.00132704,-0.00132704,-0.00132704,-0.00132704,-0.00132704
9.88742,0.523599,0.999421,0.507939,-0.00132704,-0.00132704,-0.00132704,-0.00132704,-0.00132704,-0.00132704
9.89992,0.523599,0.998324,0.856411,-0.00132704,-0.00132704,-0.00132704,-0.00132704,-0.00132704,-0.00132704
9.91242,0.523599,0.996659,1.19269,-0.00132704,-0.00132704,-0.00132704,-0.00132704,-0.00132704,-0.00132704
9.92492,0.523599,0.994425,1.51201,-0.00132704,-0.00132704,-0.00132704,-0.00132704,-0.00132704,-0.00132704
9.93742,0.523599,0.991624,1.8098,-0.00132704,-0.00132704,-0.00132704,-0.00132704,-0.00132704,-0.00132704
9.94992,0.523599,0.988259,2.08184,-0.00132704,-0.00132704,-0.00132704,-0.00132704,-0.00132704,-0.00132704
9.96242,0.523599,0.98433,2.32425,-0.00132704,-0.00132704,-0.00132704,-0.00132704,-0.00132704,-0.00132704
9.97492,0.523599,0.97984,2.53358,-0.00132704,-0.00132704,-0.00132704,-0.00132704,-0.00132704,-0.00132704
9.98742,0.523599,0.974792,2.70686,-0.00132704,-0.00132704,-0.00132704,-0.00132704,-0.00132704,-0.00132704
9.99992,0.523599,0.969188,2.84162,-0.00132704,-0.00132704,-0.00132704,-0.00132704,-0.00132704,-0.00132704
10.0124,0.523599,0.963032,2.93594,-0.00132704,-0.00132704,-0.00132704,-0.00132704,-0.00132704,-0.00132704
10.0249,0.523599,0.956327,2.98848,-0.00132704,-0.00132704,-0.00132704,-0.00132704,-0.00132704,-0.00132704
10.0374,0.523599,0.949078,2.99849,-0.00132704,-0.00132704,-0.00132704,-0.00132704,-0.00132704,-0.00132704
10.0499,0.523599,0.941287,2.96583,-0.00132704,-0.00132704,-0.00132704,-0.00132704,-0.00132704,-0.00132704
10.0624,0.523599,0.93296,2.89096,-0.00132704,-0.00132704,-0.00132704,-0.00132704,-0.00132704,-0.00132704
10.0749,0.523599,0.924101,2.77495,-0.00132704,-0.00132704,-0.00132704,-0.00132704,-0.00132704,-0.00132704
10.0874,0.523599,0.914716,2.61945,-0.00132704,-0.00132704,-0.00132704,-0.00132704,-0.00132704,-0.00132704
10.0999,0.523599,0.904809,2.42668,-0.00132704,-0.00132704,-0.00132704,-0.00132704,-0.00132704,-0.00132704
10.1124,0.523599,0.894387,2.19937,-0.00132704,-0.00132704,-0.00132704,-0.00132704,-0.00132704,-0.00132704
10.1249,0.523599,0.883455,1.94076,-0.00132704,-0.00132704,-0.00132704,-0.00132704,-0.00132704,-0.00132704
10.1374,0.523599,0.872019,1.65453,-0.00132704,-0.00132704,-0.00132704,-0.00132704,-0.00132704,-0.00132704
10.1499,0.523599,0.860087,1.34475,-0.00132704,-0.00132704,-0.00132704,-0.00132704,-0.00132704,-0.00132704
10.1624,0.523599,0.847664,1.01584,-0.00132704,-0.00132704,-0.00132704,-0.00132704,-0.00132704,-0.00132704
10.1749,0.523599,0.834758,0.672474,-0.00132704,-0.00132704,-0.00132704,-0.00132704,-0.00132704,-0.00132704
10.1874,0.523599,0.821377,0.319537,-0.00132704,-0.00132704,-0.00132704,-0.00132704,-0.00132704,-0.00132704
10.1999,0.523599,0.807527,-0.037948,-0.00132704,-0.00132704,-0.00132704,-0.00132704,-0.00132704,-0.00132704
10.2124,0.523599,0.793218,-0.394893,-0.00132704,-0.00132704,-0.00132704,-0.00132704,-0.00132704,-0.00132704
10.2249,0.523599,0.778456,-0.746218,-0.00132704,-0.00132704,-0.00132704,-0.00132704,-0.00132704,-0.00132704
10.2374,0.523599,0.763251,-1.08692,-0.00132704,-0.00132704,-0.00132704,-0.00132704,-0.00132704,-0.00132704
10.2499,0.523599,0.74761,-1.41216,-0.00132704,-0.00132704,-0.00132704,-0.00132704,-0.00132704,-0.00132704
10.2624,0.523599,0.731544,-1.7173,-0.00132704,-0.00132704,-0.00132704,-0.00132704,-0.00132704,-0.00132704
10.2749,0.523599,0.71506,-1.99801,-0.00132704,-0.00132704,-0.00132704,-0.00132704,-0.00132704,-0.00132704
10.2874,0.523599,0.69817,-2.25027,-0.00132704,-0.00132704,-0.00132704,-0.00132704,-0.00132704,-0.00132704
10.2999,0.523599,0.680881,-2.47052,-0.00132704,-0.00132704,-0.00132704,-0.00132704,-0.00132704,-0.00132704
10.3124,0.523599,0.663204,-2.65561,-0.00132704,-0.00132704,-0.00132704,-0.00132704,-0.00132704,-0.00132704
10.3249,0.523599,0.64515,-2.8029,-0.00132704,-0.00132704,-0.00132704,-0.00132704,-0.00132704,-0.00132704
10.3374,0.523599,0.626727,-2.91031,-0.00132704,-0.00132704,-0.00132704,-0.00132704,-0.00132704,-0.00132704
10.3499,0.523599,0.607948,-2.9763,-0.00132704,-0.00132704,-0.00132704,-0.00132704,-0.00132704,-0.00132704
10.3624,0.523599,0.588822,-2.99994,-0.00132704,-0.00132704,-0.00132704,-0.00132704,-0.00132704,-0.00132704
10.3749,0.523599,0.56936,-2.98088,-0.00132704,-0.00132704,-0.00132704,-0.00132704,-0.00132704,-0.00132704
10.3874,0.523599,0.549574,-2.91941,-0.00132704,-0.00132704,-0.00132704,-0.00132704,-0.00132704,-0.00132704
10.3999,0.523599,0.529475,-2.81638,-0.00132704,-0.00132704,-0.00132704,-0.00132704,-0.00132704,-0.00132704
10.4124,0.523599,0.509074,-2.67328,-0.00132704,-0.00132704,-0.00132704,-0.00132704,-0.00132704,-0.00132704
10.4249,0.523599,0.488383,-2.49213,-0.00132704,-0.00132704,-0.00132704,-0.00132704,-0.00132704,-0.00132704
10.4374,0.523599,0.467414,-2.27552,-0.00132704,-0.00132704,-0.00132704,-0.00132704,-0.00132704,-0.00132704
10.4499,0.523599,0.446178,-2.02653,-0.00132704,-0.00132704,-0.00132704,-0.00132704,-0.00132704,-0.00132704
10.4624,0.523599,0.424688,-1.74869,-0.00132704,-0.00132704,-0.00132704,-0.00132704,-0.00132704,-0.00132704
10.4749,0.523599,0.402956,-1.44598,-0.00132704,-0.00132704,-0.00132704,-0.00132704,-0.00132704,-0.00132704
10.4874,0.523599,0.380994,-1.12268,-0.00132704,-0.00132704,-0.00132704,-0.00132704,-0.00132704,-0.00132704
10.4999,0.523599,0.358816,-0.783405,-0.00132704,-0.00132704,-0.00132704,-0.00132704,-0.00132704,-0.00132704
10.5124,0.523599,0.336432,-0.432983,-0.00132704,-0.00132704,-0.00132704,-0.00132704,-0.00132704,-0.00132704
10.5249,0.523599,0.313857,-0.0763986,-0.00132704,-0.00132704,-0.00132704,-0.00132704,-0.00132704,-0.00132704
10.5374,0.523599,0.291104,0.281273,-0.00132704,-0.00132704,-0.00132704,-0.00132704,-0.00132704,-0.00132704
10.5499,0.523599,0.268184,0.634941,-0.00132704,-0.00132704,-0.00132704,-0.00132704,-0.00132704,-0.00132704
10.5624,0.523599,0.245111,0.979574,-0.00132704,-0.00132704,-0.00132704,-0.00132704,-0.00132704,-0.00132704
10.5749,0.523599,0.221899,1.31027,-0.00132704,-0.00132704,-0.00132704,-0.00132704,-0.00132704,-0.00132704
10.5874,0.523599,0.19856,1.62231,-0.00132704,-0.00132704,-0.00132704,-0.00132704,-0.00132704,-0.00132704
10.5999,0.523599,0.175108,1.91127,-0.00132704,-0.00132704,-0.00132704,-0.00132704,-0.00132704,-0.00132704
10.6124,0.523599,0.151557,2.17303,-0.00132704,-0.00132704,-0.00132704,-0.00132704,-0.00132704,-0.00132704
10.6249,0.523599,0.127919,2.40387,-0.00132704,-0.00132704,-0.00132704,-0.00132704,-0.00132704,-0.00132704
10.6374,0.523599,0.104208,2.60049,-0.00132704,-0.00132704,-0.00132704,-0.00132704,-0.00132704,-0.00132704
10.6499,0.523599,0.0804373,2.76011,-0.00132704,-0.00132704,-0.00132704,-0.00132704,-0.00132704,-0.00132704
10.6624,0.523599,0.0566211,2.88045,-0.00132704,-0.00132704,-0.00132704,-0.00132704,-0.00132704,-0.00132704
10.6749,0.523599,0.0327727,2.9598,-0.00132704,-0.00132704,-0.00132704,-0.00132704,-0.00132704,-0.00132704
10.6874,0.523599,0.00890553,2.99703,-0.00132704,-0.00132704,-0.00132704,-0.00132704,-0.00132704,-0.00132704
10.6999,0.523599,-0.0149667,2.9916,-0.00132704,-0.00132704,-0.00132704,-0.00132704,-0.00132704,-0.00132704
10.7124,0.523599,-0.0388303,2.94361,-0.00132704,-0.00132704,-0.00132704,-0.00132704,-0.00132704,-0.00132704
10.7249,0.523599,-0.0626719,2.85372,-0.00132704,-0.00132704,-0.00132704,-0.00132704,-0.00132704,-0.00132704
10.7374,0.523599,-0.0864777,2.72322,-0.00132704,-0.00132704,-0.00132704,-0.00132704,-0.00132704,-0.00132704
10.7499,0.523599,-0.110234,2.55397,-0.00132704,-0.00132704,-0.00132704,-0.00132704,-0.00132704,-0.00132704
10.7624,0.523599,-0.133928,2.34837,-0.00132704,-0.00132704,-0.00132704,-0.00132704,-0.00132704,-0.00132704
10.7749,0.523599,-0.157545,2.10936,-0.00132704,-0.00132704,-0.00132704,-0.00132704,-0.00132704,-0.00132704
10.7874,0.523599,-0.181073,1.84032,-0.00132704,-0.00132704,-0.00132704,-0.00132704,-0.00132704,-0.00132704
10.7999,0.523599,-0.204497,1.5451,-0.00132704,-0.00132704,-0.00132704,-0.00132704,-0.00132704,-0.00132704
10.8124,0.523599,-0.227805,1.22788,-0.00132704,-0.00132704,-0.00132704,-0.00132704,-0.00132704,-0.00132704
10.8249,0.523599,-0.250983,0.893197,-0.00132704,-0.00132704,-0.00132704,-0.00132704,-0.00132704,-0.00132704
10.8374,0.523599,-0.274018,0.545799,-0.00132704,-0.00132704,-0.00132704,-0.00132704,-0.00132704,-0.00132704
10.8499,0.523599,-0.296897,0.190634,-0.00132704,-0.00132704,-0.00132704,-0.00132704,-0.00132704,-0.00132704
10.8624,0.523599,-0.319607,-0.167244,-0.00132704,-0.00132704,-0.00132704,-0.00132704,-0.00132704,-0.00132704
10.8749,0.523599,-0.342134,-0.522742,-0.00132704,-0.00132704,-0.00132704,-0.00132704,-0.00132704,-0.00132704
10.8874,0.523599,-0.364467,-0.8708,-0.00132704,-0.00132704,-0.00132704,-0.00132704,-0.00132704,-0.00132704
10.8999,0.523599,-0.386592,-1.20647,-0.00132704,-0.00132704,-0.00132704,-0.00132704,-0.00132704,-0.00132704
10.9124,0.523599,-0.408496,-1.52496,-0.00132704,-0.00132704,-0.00132704,-0.00132704,-0.00132704,-0.00132704
10.9249,0.523599,-0.430168,-1.82176,-0.00132704,-0.00132704,-0.00132704,-0.00132704,-0.00132704,-0.00132704
10.9374,0.523599,-0.451595,-2.09263,-0.00132704,-0.00132704,-0.00132704,-0.00132704,-0.00132704,-0.00132704
10.9499,0.523599,-0.472764,-2.33372,-0.00132704,-0.00132704,-0.00132704,-0.00132704,-0.00132704,-0.00132704
10.9624,0.523599,-0.493664,-2.5416,-0.00132704,-0.00132704,-0.00132704,-0.00132704,-0.00132704,-0.00132704
10.9749,0.523599,-0.514282,-2.71331,-0.00132704,-0.00132704,-0.00132704,-0.00132704,-0.00132704,-0.00132704
10.9874,0.523599,-0.534608,-2.84641,-0.00132704,-0.00132704,-0.00132704,-0.00132704,-0.00132704,-0.00132704
10.9999,0.523599,-0.554628,-2.939,-0.00132704,-0.00132704,-0.00132704,-0.00132704,-0.00132704,-0.00132704
11.0124,0.523599,-0.574333,-2.98976,-0.00132704,-0.00132704,-0.00132704,-0.00132704,-0.00132704,-0.00132704
11.0249,0.523599,-0.59371,-2.99798,-0.00132704,-0.00132704,-0.00132704,-0.00132704,-0.00132704,-0.00132704
11.0374,0.523599,-0.612749,-2.96353,-0.00132704,-0.00132704,-0.00132704,-0.00132704,-0.00132704,-0.00132704
11.0499,0.523599,-0.631439,-2.88691,-0.00132704,-0.00132704,-0.00132704,-0.00132704,-0.00132704,-0.00132704
11.0624,0.523599,-0.649769,-2.76921,-0.00132704,-0.00132704,-0.00132704,-0.00132704,-0.00132704,-0.00132704
11.0749,0.523599,-0.667729,-2.6121,-0.00132704,-0.00132704,-0.00132704,-0.00132704,-0.00132704,-0.00132704
11.0874,0.523599,-0.685308,-2.41781,-0.00132704,-0.00132704,-0.00132704,-0.00132704,-0.00132704,-0.00132704
11.0999,0.523599,-0.702496,-2.18912,-0.00132704,-0.00132704,-0.00132704,-0.00132704,-0.00132704,-0.00132704
11.1124,0.523599,-0.719285,-1.92927,-0.00132704,-0.00132704,-0.00132704,-0.00132704,-0.00132704,-0.00132704
11.1249,0.523599,-0.735663,-1.64197,-0.00132704,-0.00132704,-0.00132704,-0.00132704,-0.00132704,-0.00132704
11.1374,0.523599,-0.751622,-1.3313,-0.00132704,-0.00132704,-0.00132704,-0.00132704,-0.00132704,-0.00132704
11.1499,0.523599,-0.767153,-1.00169,-0.00132704,-0.00132704,-0.00132704,-0.00132704,-0.00132704,-0.00132704
11.1624,0.523599,-0.782246,-0.657823,-0.00132704,-0.00132704,-0.00132704,-0.00132704,-0.00132704,-0.00132704
11.1749,0.523599,-0.796894,-0.304593,-0.00132704,-0.00132704,-0.00132704,-0.00132704,-0.00132704,-0.00132704
11.1874,0.523599,-0.811088,0.0529719,-0.00132704,-0.00132704,-0.00132704,-0.00132704,-0.00132704,-0.00132704
11.1999,0.523599,-0.824819,0.409783,-0.00132704,-0.00132704,-0.00132704,-0.00132704,-0.00132704,-0.00132704
11.2124,0.523599,-0.838081,0.760762,-0.00132704,-0.00132704,-0.00132704,-0.00132704,-0.00132704,-0.00132704
11.2249,0.523599,-0.850864,1.10091,-0.00132704,-0.00132704,-0.00132704,-0.00132704,-0.00132704,-0.00132704
11.2374,0.523599,-0.863163,1.4254,-0.00132704,-0.00132704,-0.00132704,-0.00132704,-0.00132704,-0.00132704
11.2499,0.523599,-0.87497,1.7296,-0.00132704,-0.00132704,-0.00132704,-0.00132704,-0.00132704,-0.00132704
11.2624,0.523599,-0.886278,2.00919,-0.00132704,-0.00132704,-0.00132704,-0.00132704,-0.00132704,-0.00132704
11.2749,0.523599,-0.897081,2.26018,-0.00132704,-0.00132704,-0.00132704,-0.00132704,-0.00132704,-0.00132704
11.2874,0.523599,-0.907373,2.47901,-0.00132704,-0.00132704,-0.00132704,-0.00132704,-0.00132704,-0.00132704
11.2999,0.523599,-0.917148,2.66256,-0.00132704,-0.00132704,-0.00132704,-0.00132704,-0.00132704,-0.00132704
11.3124,0.523599,-0.926401,2.80822,-0.00132704,-0.00132704,-0.00132704,-0.00132704,-0.00132704,-0.00132704
11.3249,0.523599,-0.935125,2.91392,-0.00132704,-0.00132704,-0.00132704,-0.00132704,-0.00132704,-0.00132704
11.3374,0.523599,-0.943316,2.97815,-0.00132704,-0.00132704,-0.00132704,-0.00132704,-0.00132704,-0.00132704
11.3499,0.523599,-0.95097,3,-0.00132704,-0.00132704,-0.00132704,-0.00132704,-0.00132704,-0.00132704
11.3624,0.523599,-0.958082,2.97915,-0.00132704,-0.00132704,-0.00132704,-0.00132704,-0.00132704,-0.00132704
11.3749,0.523599,-0.964648,2.91591,-0.00132704,-0.00132704,-0.00132704,-0.00132704,-0.00132704,-0.00132704
11.3874,0.523599,-0.970664,2.81117,-0.00132704,-0.00132704,-0.00132704,-0.00132704,-0.00132704,-0.00132704
11.3999,0.523599,-0.976126,2.66643,-0.00132704,-0.00132704,-0.00132704,-0.00132704,-0.00132704,-0.00132704
11.4124,0.523599,-0.981033,2.48374,-0.00132704,-0.00132704,-0.00132704,-0.00132704,-0.00132704,-0.00132704
11.4249,0.523599,-0.985381,2.2657,-0.00132704,-0.00132704,-0.00132704,-0.00132704,-0.00132704,-0.00132704
11.4374,0.523599,-0.989167,2.01542,-0.00132704,-0.00132704,-0.00132704,-0.00132704,-0.00132704,-0.00132704
11.4499,0.523599,-0.992389,1.73646,-0.00132704,-0.00132704,-0.00132704,-0.00132704,-0.00132704,-0.00132704
11.4624,0.523599,-0.995046,1.43279,-0.00132704,-0.00132704,-0.00132704,-0.00132704,-0.00132704,-0.00132704
11.4749,0.523599,-0.997135,1.10873,-0.00132704,-0.00132704,-0.00132704,-0.00132704,-0.00132704,-0.00132704
11.4874,0.523599,-0.998657,0.768891,-0.00132704,-0.00132704,-0.00132704,-0.00132704,-0.00132704,-0.00132704
11.4999,0.523599,-0.999609,0.418109,-0.00132704,-0.00132704,-0.00132704,-0.00132704,-0.00132704,-0.00132704
11.5124,0.523599,-0.999992,0.0613769,-0.00132704,-0.00132704,-0.00132704,-0.00132704,-0.00132704,-0.00132704
11.5249,0.523599,-0.999804,-0.296228,-0.00132704,-0.00132704,-0.00132704,-0.00132704,-0.00132704,-0.00132704
11.5374,0.523599,-0.999047,-0.649618,-0.00132704,-0.00132704,-0.00132704,-0.00132704,-0.00132704,-0.00132704
11.5499,0.523599,-0.997721,-0.993763,-0.00132704,-0.00132704,-0.00132704,-0.00132704,-0.00132704,-0.00132704
11.5624,0.523599,-0.995826,-1.32377,-0.00132704,-0.00132704,-0.00132704,-0.00132704,-0.00132704,-0.00132704
11.5749,0.523599,-0.993363,-1.63493,-0.00132704,-0.00132704,-0.00132704,-0.00132704,-0.00132704,-0.00132704
11.5874,0.523599,-0.990335,-1.92283,-0.00132704,-0.00132704,-0.00132704,-0.00132704,-0.00132704,-0.00132704
11.5999,0.523599,-0.986742,-2.18336,-0.00132704,-0.00132704,-0.00132704,-0.00132704,-0.00132704,-0.00132704
11.6124,0.523599,-0.982587,-2.41283,-0.00132704,-0.00132704,-0.00132704,-0.00132704,-0.00132704,-0.00132704
11.6249,0.523599,-0.977871,-2.60795,-0.00132704,-0.00132704,-0.00132704,-0.00132704,-0.00132704,-0.00132704
11.6374,0.523599,-0.972599,-2.76596,-0.00132704,-0.00132704,-0.00132704,-0.00132704,-0.00132704,-0.00132704
11.6499,0.523599,-0.966772,-2.88461,-0.00132704,-0.00132704,-0.00132704,-0.00132704,-0.00132704,-0.00132704
11.6624,0.523599,-0.960394,-2.96221,-0.00132704,-0.00132704,-0.00132704,-0.00132704,-0.00132704,-0.00132704
11.6749,0.523599,-0.953469,-2.99766,-0.00132704,-0.00132704,-0.00132704,-0.00132704,-0.00132704,-0.00132704
11.6874,0.523599,-0.946001,-2.99044,-0.00132704,-0.00132704,-0.00132704,-0.00132704,-0.00132704,-0.00132704
11.6999,0.523599,-0.937993,-2.94067,-0.00132704,-0.00132704,-0.00132704,-0.00132704,-0.00132704,-0.00132704
11.7124,0.523599,-0.929451,-2.84905,-0.00132704,-0.00132704,-0.00132704,-0.00132704,-0.00132704,-0.00132704
11.7249,0.523599,-0.920379,-2.71688,-0.00132704,-0.00132704,-0.00132704,-0.00132704,-0.00132704,-0.00132704
11.7374,0.523599,-0.910783,-2.54606,-0.00132704,-0.00132704,-0.00132704,-0.00132704,-0.00132704,-0.00132704
11.7499,0.523599,-0.900668,-2.33899,-0.00132704,-0.00132704,-0.00132704,-0.00132704,-0.00132704,-0.00132704
11.7624,0.523599,-0.890039,-2.09865,-0.00132704,-0.00132704,-0.00132704,-0.00132704,-0.00132704,-0.00132704
11.7749,0.523599,-0.878903,-1.82843,-0.00132704,-0.00132704,-0.00132704,-0.00132704,-0.00132704,-0.00132704
11.7874,0.523599,-0.867266,-1.5322,-0.00132704,-0.00132704,-0.00132704,-0.00132704,-0.00132704,-0.00132704
11.7999,0.523599,-0.855136,-1.21416,-0.00132704,-0.00132704,-0.00132704,-0.00132704,-0.00132704,-0.00132704
11.8124,0.523599,-0.842517,-0.878842,-0.00132704,-0.00132704,-0.00132704,-0.00132704,-0.00132704,-0.00132704
11.8249,0.523599,-0.829419,-0.531018,-0.00132704,-0.00132704,-0.00132704,-0.00132704,-0.00132704,-0.00132704
11.8374,0.523599,-0.815848,-0.175637,-0.00132704,-0.00132704,-0.00132704,-0.00132704,-0.00132704,-0.00132704
11.8499,0.523599,-0.801812,0.182244,-0.00132704,-0.00132704,-0.00132704,-0.00132704,-0.00132704,-0.00132704
11.8624,0.523599,-0.787319,0.537531,-0.00132704,-0.00132704,-0.00132704,-0.00132704,-0.00132704,-0.00132704
11.8749,0.523599,-0.772377,0.885168,-0.00132704,-0.00132704,-0.00132704,-0.00132704,-0.00132704,-0.00132704
11.8874,0.523599,-0.756995,1.22021,-0.00132704,-0.00132704,-0.00132704,-0.00132704,-0.00132704,-0.00132704
11.8999,0.523599,-0.741182,1.53788,-0.00132704,-0.00132704,-0.00132704,-0.00132704,-0.00132704,-0.00132704
11.9124,0.523599,-0.724946,1.83367,-0.00132704,-0.00132704,-0.00132704,-0.00132704,-0.00132704,-0.00132704
11.9249,0.523599,-0.708297,2.10337,-0.00132704,-0.00132704,-0.00132704,-0.00132704,-0.00132704,-0.00132704
11.9374,0.523599,-0.691245,2.34313,-0.00132704,-0.00132704,-0.00132704,-0.00132704,-0.00132704,-0.00132704
11.9499,0.523599,-0.673799,2.54955,-0.00132704,-0.00132704,-0.00132704,-0.00132704,-0.00132704,-0.00132704
11.9624,0.523599,-0.655968,2.71968,-0.00132704,-0.00132704,-0.00132704,-0.00132704,-0.00132704,-0.00132704
11.9749,0.523599,-0.637764,2.85112,-0.00132704,-0.00132704,-0.00132704,-0.00132704,-0.00132704,-0.00132704
11.9874,0.523599,-0.619197,2.94197,-0.00132704,-0.00132704,-0.00132704,-0.00132704,-0.00132704,-0.00132704
11.9999,0.523599,-0.600276,2.99096,-0.00132704,-0.00132704,-0.00132704,-0.00132704,-0.00132704,-0.00132704
12.0124,0.523599,-0.581013,2.99739,-0.00132704,-0.00132704,-0.00132704,-0.00132704,-0.00132704,-0.00132704
12.0249,0.523599,-0.56142,2.96116,-0.00132704,-0.00132704,-0.00132704,-0.00132704,-0.00132704,-0.00132704
12.0374,0.523599,-0.541506,2.88279,-0.00132704,-0.00132704,-0.00132704,-0.00132704,-0.00132704,-0.00132704
12.0499,0.523599,-0.521284,2.76339,-0.00132704,-0.00132704,-0.00132704,-0.00132704,-0.00132704,-0.00132704
12.0624,0.523599,-0.500765,2.60467,-0.00132704,-0.00132704,-0.00132704,-0.00132704,-0.00132704,-0.00132704
12.0749,0.523599,-0.47996,2.40889,-0.00132704,-0.00132704,-0.00132704,-0.00132704,-0.00132704,-0.00132704
12.0874,0.523599,-0.458882,2.17882,-0.00132704,-0.00132704,-0.00132704,-0.00132704,-0.00132704,-0.00132704
12.0999,0.523599,-0.437542,1.91774,-0.00132704,-0.00132704,-0.00132704,-0.00132704,-0.00132704,-0.00132704
12.1124,0.523599,-0.415953,1.62938,-0.00132704,-0.00132704,-0.00132704,-0.00132704,-0.00132704,-0.00132704
12.1249,0.523599,-0.394127,1.31782,-0.00132704,-0.00132704,-0.00132704,-0.00132704,-0.00132704,-0.00132704
12.1374,0.523599,-0.372076,0.987516,-0.00132704,-0.00132704,-0.00132704,-0.00132704,-0.00132704,-0.00132704
12.1499,0.523599,-0.349813,0.643155,-0.00132704,-0.00132704,-0.00132704,-0.00132704,-0.00132704,-0.00132704
12.1624,0.523599,-0.327351,0.289641,-0.00132704,-0.00132704,-0.00132704,-0.00132704,-0.00132704,-0.00132704
12.1749,0.523599,-0.304702,-0.0679944,-0.00132704,-0.00132704,-0.00132704,-0.00132704,-0.00132704,-0.00132704
12.1874,0.523599,-0.28188,-0.424662,-0.00132704,-0.00132704,-0.00132704,-0.00132704,-0.00132704,-0.00132704
12.1999,0.523599,-0.258897,-0.775287,-0.00132704,-0.00132704,-0.00132704,-0.00132704,-0.00132704,-0.00132704
12.2124,0.523599,-0.235767,-1.11488,-0.00132704,-0.00132704,-0.00132704,-0.00132704,-0.00132704,-0.00132704
12.2249,0.523599,-0.212502,-1.4386,-0.00132704,-0.00132704,-0.00132704,-0.00132704,-0.00132704,-0.00132704
12.2374,0.523599,-0.189116,-1.74186,-0.00132704,-0.00132704,-0.00132704,-0.00132704,-0.00132704,-0.00132704
12.2499,0.523599,-0.165622,-2.02032,-0.00132704,-0.00132704,-0.00132704,-0.00132704,-0.00132704,-0.00132704
12.2624,0.523599,-0.142034,-2.27004,-0.00132704,-0.00132704,-0.00132704,-0.00132704,-0.00132704,-0.00132704
12.2749,0.523599,-0.118365,-2.48744,-0.00132704,-0.00132704,-0.00132704,-0.00132704,-0.00132704,-0.00132704
12.2874,0.523599,-0.0946282,-2.66945,-0.00132704,-0.00132704,-0.00132704,-0.00132704,-0.00132704,-0.00132704
12.2999,0.523599,-0.0708378,-2.81348,-0.00132704,-0.00132704,-0.00132704,-0.00132704,-0.00132704,-0.00132704
12.3124,0.523599,-0.0470069,-2.91746,-0.00132704,-0.00132704,-0.00132704,-0.00132704,-0.00132704,-0.00132704
12.3249,0.523599,-0.0231493,-2.97992,-0.00132704,-0.00132704,-0.00132704,-0.00132704,-0.00132704,-0.00132704
12.3374,0.523599,0.000721485,-2.99998,-0.00132704,-0.00132704,-0.00132704,-0.00132704,-0.00132704,-0.00132704
12.3499,0.523599,0.0245919,-2.97735,-0.00132704,-0.00132704,-0.00132704,-0.00132704,-0.00132704,-0.00132704
12.3624,0.523599,0.0484483,-2.91234,-0.00132704,-0.00132704,-0.00132704,-0.00132704,-0.00132704,-0.00132704
12.3749,0.523599,0.072277,-2.80589,-0.00132704,-0.00132704,-0.00132704,-0.00132704,-0.00132704,-0.00132704
12.3874,0.523599,0.0960646,-2.65951,-0.00132704,-0.00132704,-0.00132704,-0.00132704,-0.00132704,-0.00132704
12.3999,0.523599,0.119797,-2.47528,-0.00132704,-0.00132704,-0.00132704,-0.00132704,-0.00132704,-0.00132704
12.4124,0.523599,0.143462,-2.25583,-0.00132704,-0.00132704,-0.00132704,-0.00132704,-0.00132704,-0.00132704
12.4249,0.523599,0.167045,-2.00427,-0.00132704,-0.00132704,-0.00132704,-0.00132704,-0.00132704,-0.00132704
12.4374,0.523599,0.190532,-1.72419,-0.00132704,-0.00132704,-0.00132704,-0.00132704,-0.00132704,-0.00132704
12.4499,0.523599,0.213911,-1.41957,-0.00132704,-0.00132704,-0.00132704,-0.00132704,-0.00132704,-0.00132704
12.4624,0.523599,0.237169,-1.09475,-0.00132704,-0.00132704,-0.00132704,-0.00132704,-0.00132704,-0.00132704
12.4749,0.523599,0.260291,-0.754357,-0.00132704,-0.00132704,-0.00132704,-0.00132704,-0.00132704,-0.00132704
12.4874,0.523599,0.283264,-0.403225,-0.00132704,-0.00132704,-0.00132704,-0.00132704,-0.00132704,-0.00132704
12.4999,0.523599,0.306076,-0.0463538,-0.00132704,-0.00132704,-0.00132704,-0.00132704,-0.00132704,-0.00132704
12.5124,0.523599,0.328714,0.311177,-0.00132704,-0.00132704,-0.00132704,-0.00132704,-0.00132704,-0.00132704
12.5249,0.523599,0.351165,0.664279,-0.00132704,-0.00132704,-0.00132704,-0.00132704,-0.00132704,-0.00132704
12.5374,0.523599,0.373415,1.00793,-0.00132704,-0.00132704,-0.00132704,-0.00132704,-0.00132704,-0.00132704
12.5499,0.523599,0.395452,1.33723,-0.00132704,-0.00132704,-0.00132704,-0.00132704,-0.00132704,-0.00132704
12.5624,0.523599,0.417265,1.64751,-0.00132704,-0.00132704,-0.00132704,-0.00132704,-0.00132704,-0.00132704
12.5749,0.523599,0.438839,1.93434,-0.00132704,-0.00132704,-0.00132704,-0.00132704,-0.00132704,-0.00132704
12.5874,0.523599,0.460163,2.19364,-0.00132704,-0.00132704,-0.00132704,-0.00132704,-0.00132704,-0.00132704
12.5999,0.523599,0.481225,2.42172,-0.00132704,-0.00132704,-0.00132704,-0.00132704,-0.00132704,-0.00132704
12.6124,0.523599,0.502013,2.61535,-0.00132704,-0.00132704,-0.00132704,-0.00132704,-0.00132704,-0.00132704
12.6249,0.523599,0.522515,2.77175,-0.00132704,-0.00132704,-0.00132704,-0.00132704,-0.00132704,-0.00132704
12.6374,0.523599,0.542719,2.88871,-0.00132704,-0.00132704,-0.00132704,-0.00132704,-0.00132704,-0.00132704
12.6499,0.523599,0.562613,2.96455,-0.00132704,-0.00132704,-0.00132704,-0.00132704,-0.00132704,-0.00132704
12.6624,0.523599,0.582187,2.99821,-0.00132704,-0.00132704,-0.00132704,-0.00132704,-0.00132704,-0.00132704
12.6749,0.523599,0.601429,2.98921,-0.00132704,-0.00132704,-0.00132704,-0.00132704,-0.00132704,-0.00132704
12.6874,0.523599,0.620329,2.93766,-0.00132704,-0.00132704,-0.00132704,-0.00132704,-0.00132704,-0.00132704
12.6999,0.523599,0.638875,2.84431,-0.00132704,-0.00132704,-0.00132704,-0.00132704,-0.00132704,-0.00132704
12.7124,0.523599,0.657057,2.71048,-0.00132704,-0.00132704,-0.00132704,-0.00132704,-0.00132704,-0.00132704
12.7249,0.523599,0.674864,2.53808,-0.00132704,-0.00132704,-0.00132704,-0.00132704,-0.00132704,-0.00132704
12.7374,0.523599,0.692287,2.32956,-0.00132704,-0.00132704,-0.00132704,-0.00132704,-0.00132704,-0.00132704
12.7499,0.523599,0.709315,2.08788,-0.00132704,-0.00132704,-0.00132704,-0.00132704,-0.00132704,-0.00132704
12.7624,0.523599,0.725939,1.8165,-0.00132704,-0.00132704,-0.00132704,-0.00132704,-0.00132704,-0.00132704
12.7749,0.523599,0.74215,1.51926,-0.00132704,-0.00132704,-0.00132704,-0.00132704,-0.00132704,-0.00132704
12.7874,0.523599,0.757937,1.2004,-0.00132704,-0.00132704,-0.00132704,-0.00132704,-0.00132704,-0.00132704
12.7999,0.523599,0.773293,0.864464,-0.00132704,-0.00132704,-0.00132704,-0.00132704,-0.00132704,-0.00132704
12.8124,0.523599,0.788207,0.516223,-0.00132704,-0.00132704,-0.00132704,-0.00132704,-0.00132704,-0.00132704
12.8249,0.523599,0.802673,0.160635,-0.00132704,-0.00132704,-0.00132704,-0.00132704,-0.00132704,-0.00132704
12.8374,0.523599,0.816681,-0.197239,-0.00132704,-0.00132704,-0.00132704,-0.00132704,-0.00132704,-0.00132704
12.8499,0.523599,0.830224,-0.552306,-0.00132704,-0.00132704,-0.00132704,-0.00132704,-0.00132704,-0.00132704
12.8624,0.523599,0.843294,-0.899513,-0.00132704,-0.00132704,-0.00132704,-0.00132704,-0.00132704,-0.00132704
12.8749,0.523599,0.855883,-1.23392,-0.00132704,-0.00132704,-0.00132704,-0.00132704,-0.00132704,-0.00132704
12.8874,0.523599,0.867984,-1.55077,-0.00132704,-0.00132704,-0.00132704,-0.00132704,-0.00132704,-0.00132704
12.8999,0.523599,0.879591,-1.84554,-0.00132704,-0.00132704,-0.00132704,-0.00132704,-0.00132704,-0.00132704
12.9124,0.523599,0.890696,-2.11406,-0.00132704,-0.00132704,-0.00132704,-0.00132704,-0.00132704,-0.00132704
12.9249,0.523599,0.901294,-2.35249,-0.00132704,-0.00132704,-0.00132704,-0.00132704,-0.00132704,-0.00132704
12.9374,0.523599,0.911378,-2.55744,-0.00132704,-0.00132704,-0.00132704,-0.00132704,-0.00132704,-0.00132704
12.9499,0.523599,0.920943,-2.72599,-0.00132704,-0.00132704,-0.00132704,-0.00132704,-0.00132704,-0.00132704
12.9624,0.523599,0.929983,-2.85575,-0.00132704,-0.00132704,-0.00132704,-0.00132704,-0.00132704,-0.00132704
12.9749,0.523599,0.938492,-2.94488,-0.00132704,-0.00132704,-0.00132704,-0.00132704,-0.00132704,-0.00132704
12.9874,0.523599,0.946468,-2.99209,-0.00132704,-0.00132704,-0.00132704,-0.00132704,-0.00132704,-0.00132704
12.9999,0.523599,0.953903,-2.99672,-0.00132704,-0.00132704,-0.00132704,-0.00132704,-0.00132704,-0.00132704
13.0124,0.523599,0.960795,-2.95871,-0.00132704,-0.00132704,-0.00132704,-0.00132704,-0.00132704,-0.00132704
13.0249,0.523599,0.96714,-2.87859,-0.00132704,-0.00132704,-0.00132704,-0.00132704,-0.00132704,-0.00132704
13.0374,0.523599,0.972933,-2.75751,-0.00132704,-0.00132704,-0.00132704,-0.00132704,-0.00132704,-0.00132704
13.0499,0.523599,0.978172,-2.59719,-0.00132704,-0.00132704,-0.00132704,-0.00132704,-0.00132704,-0.00132704
13.0624,0.523599,0.982854,-2.3999,-0.00132704,-0.00132704,-0.00132704,-0.00132704,-0.00132704,-0.00132704
13.0749,0.523599,0.986975,-2.16846,-0.00132704,-0.00132704,-0.00132704,-0.00132704,-0.00132704,-0.00132704
13.0874,0.523599,0.990534,-1.90616,-0.00132704,-0.00132704,-0.00132704,-0.00132704,-0.00132704,-0.00132704
13.0999,0.523599,0.993528,-1.61674,-0.00132704,-0.00132704,-0.00132704,-0.00132704,-0.00132704,-0.00132704
13.1124,0.523599,0.995957,-1.30431,-0.00132704,-0.00132704,-0.00132704,-0.00132704,-0.00132704,-0.00132704
13.1249,0.523599,0.997817,-0.973315,-0.00132704,-0.00132704,-0.00132704,-0.00132704,-0.00132704,-0.00132704
13.1374,0.523599,0.999109,-0.62847,-0.00132704,-0.00132704,-0.00132704,-0.00132704,-0.00132704,-0.00132704
13.1499,0.523599,0.999832,-0.274682,-0.00132704,-0.00132704,-0.00132704,-0.00132704,-0.00132704,-0.00132704
13.1624,0.523599,0.999985,0.0830152,-0.00132704,-0.00132704,-0.00132704,-0.00132704,-0.00132704,-0.00132704
13.1749,0.523599,0.999568,0.439531,-0.00132704,-0.00132704,-0.00132704,-0.00132704,-0.00132704,-0.00132704
13.1874,0.523599,0.998581,0.789792,-0.00132704,-0.00132704,-0.00132704,-0.00132704,-0.00132704,-0.00132704
13.1999,0.523599,0.997025,1.12881,-0.00132704,-0.00132704,-0.00132704,-0.00132704,-0.00132704,-0.00132704
13.2124,0.523599,0.994901,1.45177,-0.00132704,-0.00132704,-0.00132704,-0.00132704,-0.00132704,-0.00132704
13.2249,0.523599,0.99221,1.75407,-0.00132704,-0.00132704,-0.00132704,-0.00132704,-0.00132704,-0.00132704
13.2374,0.523599,0.988954,2.0314,-0.00132704,-0.00132704,-0.00132704,-0.00132704,-0.00132704,-0.00132704
13.2499,0.523599,0.985134,2.27983,-0.00132704,-0.00132704,-0.00132704,-0.00132704,-0.00132704,-0.00132704
13.2624,0.523599,0.980752,2.49581,-0.00132704,-0.00132704,-0.00132704,-0.00132704,-0.00132704,-0.00132704
13.2749,0.523599,0.975812,2.67628,-0.00132704,-0.00132704,-0.00132704,-0.00132704,-0.00132704,-0.00132704
13.2874,0.523599,0.970316,2.81866,-0.00132704,-0.00132704,-0.00132704,-0.00132704,-0.00132704,-0.00132704
13.2999,0.523599,0.964266,2.92092,-0.00132704,-0.00132704,-0.00132704,-0.00132704,-0.00132704,-0.00132704
13.3124,0.523599,0.957667,2.98162,-0.00132704,-0.00132704,-0.00132704,-0.00132704,-0.00132704,-0.00132704
13.3249,0.523599,0.950523,2.99989,-0.00132704,-0.00132704,-0.00132704,-0.00132704,-0.00132704,-0.00132704
13.3374,0.523599,0.942836,2.97547,-0.00132704,-0.00132704,-0.00132704,-0.00132704,-0.00132704,-0.00132704
13.3499,0.523599,0.934613,2.9087,-0.00132704,-0.00132704,-0.00132704,-0.00132704,-0.00132704,-0.00132704
13.3624,0.523599,0.925856,2.80054,-0.00132704,-0.00132704,-0.00132704,-0.00132704,-0.00132704,-0.00132704
13.3749,0.523599,0.916572,2.65252,-0.00132704,-0.00132704,-0.00132704,-0.00132704,-0.00132704,-0.00132704
13.3874,0.523599,0.906766,2.46676,-0.00132704,-0.00132704,-0.00132704,-0.00132704,-0.00132704,-0.00132704
13.3999,0.523599,0.896443,2.24589,-0.00132704,-0.00132704,-0.00132704,-0.00132704,-0.00132704,-0.00132704
13.4124,0.523599,0.885609,1.99306,-0.00132704,-0.00132704,-0.00132704,-0.00132704,-0.00132704,-0.00132704
13.4249,0.523599,0.87427,1.71187,-0.00132704,-0.00132704,-0.00132704,-0.00132704,-0.00132704,-0.00132704
13.4374,0.523599,0.862434,1.40632,-0.00132704,-0.00132704,-0.00132704,-0.00132704,-0.00132704,-0.00132704
13.4499,0.523599,0.850105,1.08075,-0.00132704,-0.00132704,-0.00132704,-0.00132704,-0.00132704,-0.00132704
13.4624,0.523599,0.837292,0.739805,-0.00132704,-0.00132704,-0.00132704,-0.00132704,-0.00132704,-0.00132704
13.4749,0.523599,0.824002,0.388331,-0.00132704,-0.00132704,-0.00132704,-0.00132704,-0.00132704,-0.00132704
13.4874,0.523599,0.810243,0.0313295,-0.00132704,-0.00132704,-0.00132704,-0.00132704,-0.00132704,-0.00132704
13.4999,0.523599,0.796022,-0.326117,-0.00132704,-0.00132704,-0.00132704,-0.00132704,-0.00132704,-0.00132704
13.5124,0.523599,0.781347,-0.678923,-0.00132704,-0.00132704,-0.00132704,-0.00132704,-0.00132704,-0.00132704
13.5249,0.523599,0.766226,-1.02207,-0.00132704,-0.00132704,-0.00132704,-0.00132704,-0.00132704,-0.00132704
13.5374,0.523599,0.75067,-1.35067,-0.00132704,-0.00132704,-0.00132704,-0.00132704,-0.00132704,-0.00132704
13.5499,0.523599,0.734685,-1.66004,-0.00132704,-0.00132704,-0.00132704,-0.00132704,-0.00132704,-0.00132704
13.5624,0.523599,0.718282,-1.9458,-0.00132704,-0.00132704,-0.00132704,-0.00132704,-0.00132704,-0.00132704
13.5749,0.523599,0.701469,-2.20386,-0.00132704,-0.00132704,-0.00132704,-0.00132704,-0.00132704,-0.00132704
13.5874,0.523599,0.684256,-2.43056,-0.00132704,-0.00132704,-0.00132704,-0.00132704,-0.00132704,-0.00132704
13.5999,0.523599,0.666654,-2.62267,-0.00132704,-0.00132704,-0.00132704,-0.00132704,-0.00132704,-0.00132704
13.6124,0.523599,0.648672,-2.77746,-0.00132704,-0.00132704,-0.00132704,-0.00132704,-0.00132704,-0.00132704
13.6249,0.523599,0.63032,-2.89272,-0.00132704,-0.00132704,-0.00132704,-0.00132704,-0.00132704,-0.00132704
13.6374,0.523599,0.611608,-2.96682,-0.00132704,-0.00132704,-0.00132704,-0.00132704,-0.00132704,-0.00132704
13.6499,0.523599,0.592549,-2.99869,-0.00132704,-0.00132704,-0.00132704,-0.00132704,-0.00132704,-0.00132704
13.6624,0.523599,0.573151,-2.9879,-0.00132704,-0.00132704,-0.00132704,-0.00132704,-0.00132704,-0.00132704
13.6749,0.523599,0.553427,-2.93458,-0.00132704,-0.00132704,-0.00132704,-0.00132704,-0.00132704,-0.00132704
13.6874,0.523599,0.533388,-2.83949,-0.00132704,-0.00132704,-0.00132704,-0.00132704,-0.00132704,-0.00132704
13.6999,0.523599,0.513044,-2.704,-0.00132704,-0.00132704,-0.00132704,-0.00132704,-0.00132704,-0.00132704
13.7124,0.523599,0.492408,-2.53003,-0.00132704,-0.00132704,-0.00132704,-0.00132704,-0.00132704,-0.00132704
13.7249,0.523599,0.471492,-2.32006,-0.00132704,-0.00132704,-0.00132704,-0.00132704,-0.00132704,-0.00132704
13.7374,0.523599,0.450307,-2.07707,-0.00132704,-0.00132704,-0.00132704,-0.00132704,-0.00132704,-0.00132704
13.7499,0.523599,0.428865,-1.80452,-0.00132704,-0.00132704,-0.00132704,-0.00132704,-0.00132704,-0.00132704
13.7624,0.523599,0.407179,-1.50628,-0.00132704,-0.00132704,-0.00132704,-0.00132704,-0.00132704,-0.00132704
13.7749,0.523599,0.385261,-1.18662,-0.00132704,-0.00132704,-0.00132704,-0.00132704,-0.00132704,-0.00132704
13.7874,0.523599,0.363123,-0.850065,-0.00132704,-0.00132704,-0.00132704,-0.00132704,-0.00132704,-0.00132704
13.7999,0.523599,0.340778,-0.501415,-0.00132704,-0.00132704,-0.00132704,-0.00132704,-0.00132704,-0.00132704
13.8124,0.523599,0.318239,-0.145629,-0.00132704,-0.00132704,-0.00132704,-0.00132704,-0.00132704,-0.00132704
13.8249,0.523599,0.295519,0.21223,-0.00132704,-0.00132704,-0.00132704,-0.00132704,-0.00132704,-0.00132704
13.8374,0.523599,0.27263,0.567068,-0.00132704,-0.00132704,-0.00132704,-0.00132704,-0.00132704,-0.00132704
13.8499,0.523599,0.249586,0.913836,-0.00132704,-0.00132704,-0.00132704,-0.00132704,-0.00132704,-0.00132704
13.8624,0.523599,0.2264,1.2476,-0.00132704,-0.00132704,-0.00132704,-0.00132704,-0.00132704,-0.00132704
13.8749,0.523599,0.203085,1.56361,-0.00132704,-0.00132704,-0.00132704,-0.00132704,-0.00132704,-0.00132704
13.8874,0.523599,0.179654,1.85737,-0.00132704,-0.00132704,-0.00132704,-0.00132704,-0.00132704,-0.00132704
13.8999,0.523599,0.15612,2.12469,-0.00132704,-0.00132704,-0.00132704,-0.00132704,-0.00132704,-0.00132704
13.9124,0.523599,0.132498,2.36178,-0.00132704,-0.00132704,-0.00132704,-0.00132704,-0.00132704,-0.00132704
13.9249,0.523599,0.1088,2.56526,-0.00132704,-0.00132704,-0.00132704,-0.00132704,-0.00132704,-0.00132704
13.9374,0.523599,0.0850401,2.73223,-0.00132704,-0.00132704,-0.00132704,-0.00132704,-0.00132704,-0.00132704
13.9499,0.523599,0.0612317,2.86032,-0.00132704,-0.00132704,-0.00132704,-0.00132704,-0.00132704,-0.00132704
13.9624,0.523599,0.0373884,2.94771,-0.00132704,-0.00132704,-0.00132704,-0.00132704,-0.00132704,-0.00132704
13.9749,0.523599,0.0135238,2.99314,-0.00132704,-0.00132704,-0.00132704,-0.00132704,-0.00132704,-0.00132704
13.9874,0.523599,-0.0103484,2.99598,-0.00132704,-0.00132704,-0.00132704,-0.00132704,-0.00132704,-0.00132704
13.9999,0.523599,-0.0342148,2.95619,-0.00132704,-0.00132704,-0.00132704,-0.00132704,-0.00132704,-0.00132704
14.0124,0.523599,-0.0580617,2.87433,-0.00132704,-0.00132704,-0.00132704,-0.00132704,-0.00132704,-0.00132704
14.0249,0.523599,-0.0818755,2.75156,-0.00132704,-0.00132704,-0.00132704,-0.00132704,-0.00132704,-0.00132704
14.0374,0.523599,-0.105643,2.58963,-0.00132704,-0.00132704,-0.00132704,-0.00132704,-0.00132704,-0.00132704
14.0499,0.523599,-0.12935,2.39085,-0.00132704,-0.00132704,-0.00132704,-0.00132704,-0.00132704,-0.00132704
14.0624,0.523599,-0.152983,2.15805,-0.00132704,-0.00132704,-0.00132704,-0.00132704,-0.00132704,-0.00132704
14.0749,0.523599,-0.176529,1.89454,-0.00132704,-0.00132704,-0.00132704,-0.00132704,-0.00132704,-0.00132704
14.0874,0.523599,-0.199974,1.60406,-0.00132704,-0.00132704,-0.00132704,-0.00132704,-0.00132704,-0.00132704
14.0999,0.523599,-0.223306,1.29076,-0.00132704,-0.00132704,-0.00132704,-0.00132704,-0.00132704,-0.00132704
14.1124,0.523599,-0.24651,0.95909,-0.00132704,-0.00132704,-0.00132704,-0.00132704,-0.00132704,-0.00132704
14.1249,0.523599,-0.269574,0.61377,-0.00132704,-0.00132704,-0.00132704,-0.00132704,-0.00132704,-0.00132704
14.1374,0.523599,-0.292484,0.259716,-0.00132704,-0.00132704,-0.00132704,-0.00132704,-0.00132704,-0.00132704
14.1499,0.523599,-0.315227,-0.0980339,-0.00132704,-0.00132704,-0.00132704,-0.00132704,-0.00132704,-0.00132704
14.1624,0.523599,-0.337791,-0.454389,-0.00132704,-0.00132704,-0.00132704,-0.00132704,-0.00132704,-0.00132704
14.1749,0.523599,-0.360162,-0.804278,-0.00132704,-0.00132704,-0.00132704,-0.00132704,-0.00132704,-0.00132704
14.1874,0.523599,-0.382328,-1.14272,-0.00132704,-0.00132704,-0.00132704,-0.00132704,-0.00132704,-0.00132704
14.1999,0.523599,-0.404276,-1.4649,-0.00132704,-0.00132704,-0.00132704,-0.00132704,-0.00132704,-0.00132704
14.2124,0.523599,-0.425994,-1.76624,-0.00132704,-0.00132704,-0.00132704,-0.00132704,-0.00132704,-0.00132704
14.2249,0.523599,-0.447469,-2.04243,-0.00132704,-0.00132704,-0.00132704,-0.00132704,-0.00132704,-0.00132704
14.2374,0.523599,-0.468689,-2.28957,-0.00132704,-0.00132704,-0.00132704,-0.00132704,-0.00132704,-0.00132704
14.2499,0.523599,-0.489642,-2.50412,-0.00132704,-0.00132704,-0.00132704,-0.00132704,-0.00132704,-0.00132704
14.2624,0.523599,-0.510316,-2.68303,-0.00132704,-0.00132704,-0.00132704,-0.00132704,-0.00132704,-0.00132704
14.2749,0.523599,-0.530699,-2.82377,-0.00132704,-0.00132704,-0.00132704,-0.00132704,-0.00132704,-0.00132704
14.2874,0.523599,-0.550779,-2.92431,-0.00132704,-0.00132704,-0.00132704,-0.00132704,-0.00132704,-0.00132704
14.2999,0.523599,-0.570546,-2.98324,-0.00132704,-0.00132704,-0.00132704,-0.00132704,-0.00132704,-0.00132704
14.3124,0.523599,-0.589988,-2.99972,-0.00132704,-0.00132704,-0.00132704,-0.00132704,-0.00132704,-0.00132704
14.3249,0.523599,-0.609093,-2.97351,-0.00132704,-0.00132704,-0.00132704,-0.00132704,-0.00132704,-0.00132704
14.3374,0.523599,-0.627851,-2.90498,-0.00132704,-0.00132704,-0.00132704,-0.00132704,-0.00132704,-0.00132704
14.3499,0.523599,-0.646251,-2.79511,-0.00132704,-0.00132704,-0.00132704,-0.00132704,-0.00132704,-0.00132704
14.3624,0.523599,-0.664284,-2.64547,-0.00132704,-0.00132704,-0.00132704,-0.00132704,-0.00132704,-0.00132704
14.3749,0.523599,-0.681937,-2.45818,-0.00132704,-0.00132704,-0.00132704,-0.00132704,-0.00132704,-0.00132704
14.3874,0.523599,-0.699202,-2.2359,-0.00132704,-0.00132704,-0.00132704,-0.00132704,-0.00132704,-0.00132704
14.3999,0.523599,-0.716068,-1.98181,-0.00132704,-0.00132704,-0.00132704,-0.00132704,-0.00132704,-0.00132704
14.4124,0.523599,-0.732527,-1.69951,-0.00132704,-0.00132704,-0.00132704,-0.00132704,-0.00132704,-0.00132704
14.4249,0.523599,-0.748568,-1.39303,-0.00132704,-0.00132704,-0.00132704,-0.00132704,-0.00132704,-0.00132704
14.4374,0.523599,-0.764182,-1.06672,-0.00132704,-0.00132704,-0.00132704,-0.00132704,-0.00132704,-0.00132704
14.4499,0.523599,-0.779361,-0.725234,-0.00132704,-0.00132704,-0.00132704,-0.00132704,-0.00132704,-0.00132704
14.4624,0.523599,-0.794096,-0.373427,-0.00132704,-0.00132704,-0.00132704,-0.00132704,-0.00132704,-0.00132704
14.4749,0.523599,-0.808378,-0.0163044,-0.00132704,-0.00132704,-0.00132704,-0.00132704,-0.00132704,-0.00132704
14.4874,0.523599,-0.822199,0.34105,-0.00132704,-0.00132704,-0.00132704,-0.00132704,-0.00132704,-0.00132704
14.4999,0.523599,-0.835552,0.69355,-0.00132704,-0.00132704,-0.00132704,-0.00132704,-0.00132704,-0.00132704
14.5124,0.523599,-0.848429,1.03618,-0.00132704,-0.00132704,-0.00132704,-0.00132704,-0.00132704,-0.00132704
14.5248,0.523599,-0.860822,1.36407,-0.00132704,-0.00132704,-0.00132704,-0.00132704,-0.00132704,-0.00132704
14.5373,0.523599,-0.872724,1.67254,-0.00132704,-0.00132704,-0.00132704,-0.00132704,-0.00132704,-0.00132704
14.5498,0.523599,-0.88413,1.95721,-0.00132704,-0.00132704,-0.00132704,-0.00132704,-0.00132704,-0.00132704
14.5623,0.523599,-0.895031,2.21403,-0.00132704,-0.00132704,-0.00132704,-0.00132704,-0.00132704,-0.00132704
14.5748,0.523599,-0.905422,2.43934,-0.00132704,-0.00132704,-0.00132704,-0.00132704,-0.00132704,-0.00132704
14.5873,0.523599,-0.915298,2.62994,-0.00132704,-0.00132704,-0.00132704,-0.00132704,-0.00132704,-0.00132704
14.5998,0.523599,-0.924652,2.78311,-0.00132704,-0.00132704,-0.00132704,-0.00132704,-0.00132704,-0.00132704
14.6123,0.523599,-0.933478,2.89667,-0.00132704,-0.00132704,-0.00132704,-0.00132704,-0.00132704,-0.00132704
14.6248,0.523599,-0.941773,2.96901,-0.00132704,-0.00132704,-0.00132704,-0.00132704,-0.00132704,-0.00132704
14.6373,0.523599,-0.949531,2.9991,-0.00132704,-0.00132704,-0.00132704,-0.00132704,-0.00132704,-0.00132704
14.6498,0.523599,-0.956748,2.98651,-0.00132704,-0.00132704,-0.00132704,-0.00132704,-0.00132704,-0.00132704
14.6623,0.523599,-0.96342,2.93142,-0.00132704,-0.00132704,-0.00132704,-0.00132704,-0.00132704,-0.00132704
14.6748,0.523599,-0.969543,2.83461,-0.00132704,-0.00132704,-0.00132704,-0.00132704,-0.00132704,-0.00132704
14.6873,0.523599,-0.975113,2.69746,-0.00132704,-0.00132704,-0.00132704,-0.00132704,-0.00132704,-0.00132704
14.6998,0.523599,-0.980127,2.52193,-0.00132704,-0.00132704,-0.00132704,-0.00132704,-0.00132704,-0.00132704
14.7123,0.523599,-0.984583,2.3105,-0.00132704,-0.00132704,-0.00132704,-0.00132704,-0.00132704,-0.00132704
14.7248,0.523599,-0.988478,2.0662,-0.00132704,-0.00132704,-0.00132704,-0.00132704,-0.00132704,-0.00132704
14.7373,0.523599,-0.99181,1.79249,-0.00132704,-0.00132704,-0.00132704,-0.00132704,-0.00132704,-0.00132704
14.7498,0.523599,-0.994576,1.49327,-0.00132704,-0.00132704,-0.00132704,-0.00132704,-0.00132704,-0.00132704
14.7623,0.523599,-0.996775,1.1728,-0.00132704,-0.00132704,-0.00132704,-0.00132704,-0.00132704,-0.00132704
14.7748,0.523599,-0.998407,0.835645,-0.00132704,-0.00132704,-0.00132704,-0.00132704,-0.00132704,-0.00132704
14.7873,0.523599,-0.999469,0.486594,-0.00132704,-0.00132704,-0.00132704,-0.00132704,-0.00132704,-0.00132704
14.7998,0.523599,-0.999962,0.130619,-0.00132704,-0.00132704,-0.00132704,-0.00132704,-0.00132704,-0.00132704
14.8123,0.523599,-0.999885,-0.227215,-0.00132704,-0.00132704,-0.00132704,-0.00132704,-0.00132704,-0.00132704
14.8248,0.523599,-0.999238,-0.581816,-0.00132704,-0.00132704,-0.00132704,-0.00132704,-0.00132704,-0.00132704
14.8373,0.523599,-0.998022,-0.928136,-0.00132704,-0.00132704,-0.00132704,-0.00132704,-0.00132704,-0.00132704
14.8498,0.523599,-0.996237,-1.26125,-0.00132704,-0.00132704,-0.00132704,-0.00132704,-0.00132704,-0.00132704
14.8623,0.523599,-0.993884,-1.57641,-0.00132704,-0.00132704,-0.00132704,-0.00132704,-0.00132704,-0.00132704
14.8748,0.523599,-0.990965,-1.86914,-0.00132704,-0.00132704,-0.00132704,-0.00132704,-0.00132704,-0.00132704
14.8873,0.523599,-0.987481,-2.13527,-0.00132704,-0.00132704,-0.00132704,-0.00132704,-0.00132704,-0.00132704
14.8998,0.523599,-0.983434,-2.37102,-0.00132704,-0.00132704,-0.00132704,-0.00132704,-0.00132704,-0.00132704
14.9123,0.523599,-0.978827,-2.57302,-0.00132704,-0.00132704,-0.00132704,-0.00132704,-0.00132704,-0.00132704
14.9248,0.523599,-0.973662,-2.7384,-0.00132704,-0.00132704,-0.00132704,-0.00132704,-0.00132704,-0.00132704
14.9373,0.523599,-0.967942,-2.86482,-0.00132704,-0.00132704,-0.00132704,-0.00132704,-0.00132704,-0.00132704
14.9498,0.523599,-0.961671,-2.95046,-0.00132704,-0.00132704,-0.00132704,-0.00132704,-0.00132704,-0.00132704
14.9623,0.523599,-0.954852,-2.99412,-0.00132704,-0.00132704,-0.00132704,-0.00132704,-0.00132704,-0.00132704
14.9748,0.523599,-0.947488,-2.99517,-0.00132704,-0.00132704,-0.00132704,-0.00132704,-0.00132704,-0.00132704
14.9873,0.523599,-0.939584,-2.95359,-0.00132704,-0.00132704,-0.00132704,-0.00132704,-0.00132704,-0.00132704
14.9998,0.523599,-0.931145,-2.86999,-0.00132704,-0.00132704,-0.00132704,-0.00132704,-0.00132704,-0.00132704
15.0123,0.523599,-0.922176,-2.74554,-0.00132704,-0.00132704,-0.00132704,-0.00132704,-0.00132704,-0.00132704
15.0248,0.523599,-0.91268,-2.58201,-0.00132704,-0.00132704,-0.00132704,-0.00132704,-0.00132704,-0.00132704
15.0373,0.523599,-0.902665,-2.38175,-0.00132704,-0.00132704,-0.00132704,-0.00132704,-0.00132704,-0.00132704
15.0498,0.523599,-0.892135,-2.14759,-0.00132704,-0.00132704,-0.00132704,-0.00132704,-0.00132704,-0.00132704
15.0623,0.523599,-0.881097,-1.88286,-0.00132704,-0.00132704,-0.00132704,-0.00132704,-0.00132704,-0.00132704
15.0748,0.523599,-0.869557,-1.59135,-0.00132704,-0.00132704,-0.00132704,-0.00132704,-0.00132704,-0.00132704
15.0873,0.523599,-0.857521,-1.27718,-0.00132704,-0.00132704,-0.00132704,-0.00132704,-0.00132704,-0.00132704
15.0998,0.523599,-0.844996,-0.944841,-0.00132704,-0.00132704,-0.00132704,-0.00132704,-0.00132704,-0.00132704
15.1123,0.523599,-0.83199,-0.599055,-0.00132704,-0.00132704,-0.00132704,-0.00132704,-0.00132704,-0.00132704
15.1248,0.523599,-0.81851,-0.244744,-0.00132704,-0.00132704,-0.00132704,-0.00132704,-0.00132704,-0.00132704
15.1373,0.523599,-0.804563,0.11305,-0.00132704,-0.00132704,-0.00132704,-0.00132704,-0.00132704,-0.00132704
15.1498,0.523599,-0.790158,0.469235,-0.00132704,-0.00132704,-0.00132704,-0.00132704,-0.00132704,-0.00132704
15.1623,0.523599,-0.775302,0.818743,-0.00132704,-0.00132704,-0.00132704,-0.00132704,-0.00132704,-0.00132704
15.1748,0.523599,-0.760005,1.1566,-0.00132704,-0.00132704,-0.00132704,-0.00132704,-0.00132704,-0.00132704
15.1873,0.523599,-0.744274,1.478,-0.00132704,-0.00132704,-0.00132704,-0.00132704,-0.00132704,-0.00132704
15.1998,0.523599,-0.72812,1.77836,-0.00132704,-0.00132704,-0.00132704,-0.00132704,-0.00132704,-0.00132704
15.2123,0.523599,-0.71155,2.05341,-0.00132704,-0.00132704,-0.00132704,-0.00132704,-0.00132704,-0.00132704
15.2248,0.523599,-0.694575,2.29925,-0.00132704,-0.00132704,-0.00132704,-0.00132704,-0.00132704,-0.00132704
15.2373,0.523599,-0.677204,2.51236,-0.00132704,-0.00132704,-0.00132704,-0.00132704,-0.00132704,-0.00132704
15.2498,0.523599,-0.659447,2.68972,-0.00132704,-0.00132704,-0.00132704,-0.00132704,-0.00132704,-0.00132704
15.2623,0.523599,-0.641315,2.8288,-0.00132704,-0.00132704,-0.00132704,-0.00132704,-0.00132704,-0.00132704
15.2748,0.523599,-0.622817,2.92763,-0.00132704,-0.00132704,-0.00132704,-0.00132704,-0.00132704,-0.00132704
15.2873,0.523599,-0.603964,2.98479,-0.00132704,-0.00132704,-0.00132704,-0.00132704,-0.00132704,-0.00132704
15.2998,0.523599,-0.584766,2.99948,-0.00132704,-0.00132704,-0.00132704,-0.00132704,-0.00132704,-0.00132704
15.3123,0.523599,-0.565236,2.97148,-0.00132704,-0.00132704,-0.00132704,-0.00132704,-0.00132704,-0.00132704
15.3248,0.523599,-0.545383,2.90119,-0.00132704,-0.00132704,-0.00132704,-0.00132704,-0.00132704,-0.00132704
15.3373,0.523599,-0.52522,2.78962,-0.00132704,-0.00132704,-0.00132704,-0.00132704,-0.00132704,-0.00132704
15.3498,0.523599,-0.504757,2.63835,-0.00132704,-0.00132704,-0.00132704,-0.00132704,-0.00132704,-0.00132704
15.3623,0.523599,-0.484007,2.44953,-0.00132704,-0.00132704,-0.00132704,-0.00132704,-0.00132704,-0.00132704
15.3748,0.523599,-0.46298,2.22586,-0.00132704,-0.00132704,-0.00132704,-0.00132704,-0.00132704,-0.00132704
15.3873,0.523599,-0.44169,1.9705,-0.00132704,-0.00132704,-0.00132704,-0.00132704,-0.00132704,-0.00132704
15.3998,0.523599,-0.420148,1.68711,-0.00132704,-0.00132704,-0.00132704,-0.00132704,-0.00132704,-0.00132704
15.4123,0.523599,-0.398367,1.3797,-0.00132704,-0.00132704,-0.00132704,-0.00132704,-0.00132704,-0.00132704
15.4248,0.523599,-0.376359,1.05266,-0.00132704,-0.00132704,-0.00132704,-0.00132704,-0.00132704,-0.00132704
15.4373,0.523599,-0.354136,0.710645,-0.00132704,-0.00132704,-0.00132704,-0.00132704,-0.00132704,-0.00132704
15.4498,0.523599,-0.331712,0.358513,-0.00132704,-0.00132704,-0.00132704,-0.00132704,-0.00132704,-0.00132704
15.4623,0.523599,-0.309098,0.00127889,-0.00132704,-0.00132704,-0.00132704,-0.00132704,-0.00132704,-0.00132704
15.4748,0.523599,-0.286308,-0.355974,-0.00132704,-0.00132704,-0.00132704,-0.00132704,-0.00132704,-0.00132704
15.4873,0.523599,-0.263355,-0.70816,-0.00132704,-0.00132704,-0.00132704,-0.00132704,-0.00132704,-0.00132704
15.4998,0.523599,-0.240252,-1.05027,-0.00132704,-0.00132704,-0.00132704,-0.00132704,-0.00132704,-0.00132704
15.5123,0.523599,-0.217013,-1.37743,-0.00132704,-0.00132704,-0.00132704,-0.00132704,-0.00132704,-0.00132704
15.5248,0.523599,-0.193649,-1.68499,-0.00132704,-0.00132704,-0.00132704,-0.00132704,-0.00132704,-0.00132704
15.5373,0.523599,-0.170175,-1.96857,-0.00132704,-0.00132704,-0.00132704,-0.00132704,-0.00132704,-0.00132704
15.5498,0.523599,-0.146604,-2.22414,-0.00132704,-0.00132704,-0.00132704,-0.00132704,-0.00132704,-0.00132704
15.5623,0.523599,-0.12295,-2.44806,-0.00132704,-0.00132704,-0.00132704,-0.00132704,-0.00132704,-0.00132704
15.5748,0.523599,-0.0992251,-2.63713,-0.00132704,-0.00132704,-0.00132704,-0.00132704,-0.00132704,-0.00132704
15.5873,0.523599,-0.075444,-2.78868,-0.00132704,-0.00132704,-0.00132704,-0.00132704,-0.00132704,-0.00132704
15.5998,0.523599,-0.0516199,-2.90054,-0.00132704,-0.00132704,-0.00132704,-0.00132704,-0.00132704,-0.00132704
15.6123,0.523599,-0.0277664,-2.97113,-0.00132704,-0.00132704,-0.00132704,-0.00132704,-0.00132704,-0.00132704
15.6248,0.523599,-0.00389711,-2.99943,-0.00132704,-0.00132704,-0.00132704,-0.00132704,-0.00132704,-0.00132704
15.6373,0.523599,0.0199744,-2.98505,-0.00132704,-0.00132704,-0.00132704,-0.00132704,-0.00132704,-0.00132704
15.6498,0.523599,0.0438346,-2.92819,-0.00132704,-0.00132704,-0.00132704,-0.00132704,-0.00132704,-0.00132704
15.6623,0.523599,0.0676698,-2.82965,-0.00132704,-0.00132704,-0.00132704,-0.00132704,-0.00132704,-0.00132704
15.6748,0.523599,0.0914664,-2.69085,-0.00132704,-0.00132704,-0.00132704,-0.00132704,-0.00132704,-0.00132704
15.6873,0.523599,0.115211,-2.51376,-0.00132704,-0.00132704,-0.00132704,-0.00132704,-0.00132704,-0.00132704
15.6998,0.523599,0.13889,-2.30089,-0.00132704,-0.00132704,-0.00132704,-0.00132704,-0.00132704,-0.00132704
15.7123,0.523599,0.162489,-2.05528,-0.00132704,-0.00132704,-0.00132704,-0.00132704,-0.00132704,-0.00132704
15.7248,0.523599,0.185996,-1.78042,-0.00132704,-0.00132704,-0.00132704,-0.00132704,-0.00132704,-0.00132704
15.7373,0.523599,0.209398,-1.48022,-0.00132704,-0.00132704,-0.00132704,-0.00132704,-0.00132704,-0.00132704
15.7498,0.523599,0.232679,-1.15896,-0.00132704,-0.00132704,-0.00132704,-0.00132704,-0.00132704,-0.00132704
15.7623,0.523599,0.255828,-0.821203,-0.00132704,-0.00132704,-0.00132704,-0.00132704,-0.00132704,-0.00132704
15.7748,0.523599,0.278832,-0.471762,-0.00132704,-0.00132704,-0.00132704,-0.00132704,-0.00132704,-0.00132704
15.7873,0.523599,0.301676,-0.115606,-0.00132704,-0.00132704,-0.00132704,-0.00132704,-0.00132704,-0.00132704
15.7998,0.523599,0.324349,0.242195,-0.00132704,-0.00132704,-0.00132704,-0.00132704,-0.00132704,-0.00132704
15.8123,0.523599,0.346836,0.596549,-0.00132704,-0.00132704,-0.00132704,-0.00132704,-0.00132704,-0.00132704
15.8248,0.523599,0.369126,0.942413,-0.00132704,-0.00132704,-0.00132704,-0.00132704,-0.00132704,-0.00132704
15.8373,0.523599,0.391206,1.27487,-0.00132704,-0.00132704,-0.00132704,-0.00132704,-0.00132704,-0.00132704
15.8498,0.523599,0.413063,1.58918,-0.00132704,-0.00132704,-0.00132704,-0.00132704,-0.00132704,-0.00132704
15.8623,0.523599,0.434684,1.88087,-0.00132704,-0.00132704,-0.00132704,-0.00132704,-0.00132704,-0.00132704
15.8748,0.523599,0.456058,2.1458,-0.00132704,-0.00132704,-0.00132704,-0.00132704,-0.00132704,-0.00132704
15.8873,0.523599,0.477171,2.38019,-0.00132704,-0.00132704,-0.00132704,-0.00132704,-0.00132704,-0.00132704
15.8998,0.523599,0.498013,2.58071,-0.00132704,-0.00132704,-0.00132704,-0.00132704,-0.00132704,-0.00132704
15.9123,0.523599,0.518571,2.7445,-0.00132704,-0.00132704,-0.00132704,-0.00132704,-0.00132704,-0.00132704
15.9248,0.523599,0.538834,2.86924,-0.00132704,-0.00132704,-0.00132704,-0.00132704,-0.00132704,-0.00132704
15.9373,0.523599,0.558789,2.95315,-0.00132704,-0.00132704,-0.00132704,-0.00132704,-0.00132704,-0.00132704
15.9498,0.523599,0.578426,2.99502,-0.00132704,-0.00132704,-0.00132704,-0.00132704,-0.00132704,-0.00132704
15.9623,0.523599,0.597733,2.99428,-0.00132704,-0.00132704,-0.00132704,-0.00132704,-0.00132704,-0.00132704
15.9748,0.523599,0.6167,2.95093,-0.00132704,-0.00132704,-0.00132704,-0.00132704,-0.00132704,-0.00132704
15.9873,0.523599,0.635315,2.86558,-0.00132704,-0.00132704,-0.00132704,-0.00132704,-0.00132704,-0.00132704
15.9998,0.523599,0.653568,2.73945,-0.00132704,-0.00132704,-0.00132704,-0.00132704,-0.00132704,-0.00132704
16.0123,0.523599,0.671449,2.57433,-0.00132704,-0.00132704,-0.00132704,-0.00132704,-0.00132704,-0.00132704
16.0248,0.523599,0.688948,2.37257,-0.00132704,-0.00132704,-0.00132704,-0.00132704,-0.00132704,-0.00132704
16.0373,0.523599,0.706055,2.13703,-0.00132704,-0.00132704,-0.00132704,-0.00132704,-0.00132704,-0.00132704
16.0498,0.523599,0.722759,1.87108,-0.00132704,-0.00132704,-0.00132704,-0.00132704,-0.00132704,-0.00132704
16.0623,0.523599,0.739051,1.5785,-0.00132704,-0.00132704,-0.00132704,-0.00132704,-0.00132704,-0.00132704
16.0748,0.523599,0.754922,1.26345,-0.00132704,-0.00132704,-0.00132704,-0.00132704,-0.00132704,-0.00132704
16.0873,0.523599,0.770363,0.930413,-0.00132704,-0.00132704,-0.00132704,-0.00132704,-0.00132704,-0.00132704
16.0998,0.523599,0.785365,0.584137,-0.00132704,-0.00132704,-0.00132704,-0.00132704,-0.00132704,-0.00132704
16.1123,0.523599,0.799919,0.229547,-0.00132704,-0.00132704,-0.00132704,-0.00132704,-0.00132704,-0.00132704
16.1248,0.523599,0.814017,-0.128309,-0.00132704,-0.00132704,-0.00132704,-0.00132704,-0.00132704,-0.00132704
16.1373,0.523599,0.827651,-0.48434,-0.00132704,-0.00132704,-0.00132704,-0.00132704,-0.00132704,-0.00132704
16.1498,0.523599,0.840813,-0.833477,-0.00132704,-0.00132704,-0.00132704,-0.00132704,-0.00132704,-0.00132704
16.1623,0.523599,0.853496,-1.17075,-0.00132704,-0.00132704,-0.00132704,-0.00132704,-0.00132704,-0.00132704
16.1748,0.523599,0.865693,-1.49136,-0.00132704,-0.00132704,-0.00132704,-0.00132704,-0.00132704,-0.00132704
16.1873,0.523599,0.877396,-1.79074,-0.00132704,-0.00132704,-0.00132704,-0.00132704,-0.00132704,-0.00132704
16.1998,0.523599,0.888599,-2.06464,-0.00132704,-0.00132704,-0.00132704,-0.00132704,-0.00132704,-0.00132704
16.2123,0.523599,0.899296,-2.30915,-0.00132704,-0.00132704,-0.00132704,-0.00132704,-0.00132704,-0.00132704
16.2248,0.523599,0.90948,-2.52079,-0.00132704,-0.00132704,-0.00132704,-0.00132704,-0.00132704,-0.00132704
16.2373,0.523599,0.919146,-2.69656,-0.00132704,-0.00132704,-0.00132704,-0.00132704,-0.00132704,-0.00132704
16.2498,0.523599,0.928288,-2.83394,-0.00132704,-0.00132704,-0.00132704,-0.00132704,-0.00132704,-0.00132704
16.2623,0.523599,0.9369,-2.93099,-0.00132704,-0.00132704,-0.00132704,-0.00132704,-0.00132704,-0.00132704
16.2748,0.523599,0.944979,-2.98632,-0.00132704,-0.00132704,-0.00132704,-0.00132704,-0.00132704,-0.00132704
16.2873,0.523599,0.952519,-2.99915,-0.00132704,-0.00132704,-0.00132704,-0.00132704,-0.00132704,-0.00132704
16.2998,0.523599,0.959516,-2.96929,-0.00132704,-0.00132704,-0.00132704,-0.00132704,-0.00132704,-0.00132704
16.3123,0.523599,0.965967,-2.89716,-0.00132704,-0.00132704,-0.00132704,-0.00132704,-0.00132704,-0.00132704
16.3248,0.523599,0.971866,-2.7838,-0.00132704,-0.00132704,-0.00132704,-0.00132704,-0.00132704,-0.00132704
16.3373,0.523599,0.977212,-2.63082,-0.00132704,-0.00132704,-0.00132704,-0.00132704,-0.00132704,-0.00132704
16.3498,0.523599,0.982001,-2.4404,-0.00132704,-0.00132704,-0.00132704,-0.00132704,-0.00132704,-0.00132704
16.3623,0.523599,0.98623,-2.21524,-0.00132704,-0.00132704,-0.00132704,-0.00132704,-0.00132704,-0.00132704
16.3748,0.523599,0.989897,-1.95855,-0.00132704,-0.00132704,-0.00132704,-0.00132704,-0.00132704,-0.00132704
16.3874,0.523599,0.993,-1.67398,-0.00132704,-0.00132704,-0.00132704,-0.00132704,-0.00132704,-0.00132704
16.3999,0.523599,0.995536,-1.36559,-0.00132704,-0.00132704,-0.00132704,-0.00132704,-0.00132704,-0.00132704
16.4124,0.523599,0.997506,-1.03776,-0.00132704,-0.00132704,-0.00132704,-0.00132704,-0.00132704,-0.00132704
16.4249,0.523599,0.998906,-0.695162,-0.00132704,-0.00132704,-0.00132704,-0.00132704,-0.00132704,-0.00132704
16.4374,0.523599,0.999738,-0.342668,-0.00132704,-0.00132704,-0.00132704,-0.00132704,-0.00132704,-0.00132704
16.4499,0.523599,1,0.0147029,-0.00132704,-0.00132704,-0.00132704,-0.00132704,-0.00132704,-0.00132704
16.4624,0.523599,0.999691,0.371864,-0.00132704,-0.00132704,-0.00132704,-0.00132704,-0.00132704,-0.00132704
16.4749,0.523599,0.998813,0.723733,-0.00132704,-0.00132704,-0.00132704,-0.00132704,-0.00132704,-0.00132704
16.4874,0.523599,0.997365,1.0653,-0.00132704,-0.00132704,-0.00132704,-0.00132704,-0.00132704,-0.00132704
16.4999,0.523599,0.99535,1.39171,-0.00132704,-0.00132704,-0.00132704,-0.00132704,-0.00132704,-0.00132704
16.5124,0.523599,0.992766,1.6983,-0.00132704,-0.00132704,-0.00132704,-0.00132704,-0.00132704,-0.00132704
16.5249,0.523599,0.989617,1.98073,-0.00132704,-0.00132704,-0.00132704,-0.00132704,-0.00132704,-0.00132704
16.5374,0.523599,0.985904,2.23496,-0.00132704,-0.00132704,-0.00132704,-0.00132704,-0.00132704,-0.00132704
16.5499,0.523599,0.981629,2.45738,-0.00132704,-0.00132704,-0.00132704,-0.00132704,-0.00132704,-0.00132704
16.5624,0.523599,0.976794,2.64483,-0.00132704,-0.00132704,-0.00132704,-0.00132704,-0.00132704,-0.00132704
16.5749,0.523599,0.971403,2.79463,-0.00132704,-0.00132704,-0.00132704,-0.00132704,-0.00132704,-0.00132704
16.5874,0.523599,0.965458,2.90466,-0.00132704,-0.00132704,-0.00132704,-0.00132704,-0.00132704,-0.00132704
16.5999,0.523599,0.958962,2.97334,-0.00132704,-0.00132704,-0.00132704,-0.00132704,-0.00132704,-0.00132704
16.6124,0.523599,0.951921,2.9997,-0.00132704,-0.00132704,-0.00132704,-0.00132704,-0.00132704,-0.00132704
16.6249,0.523599,0.944336,2.98337,-0.00132704,-0.00132704,-0.00132704,-0.00132704,-0.00132704,-0.00132704
16.6374,0.523599,0.936213,2.92458,-0.00132704,-0.00132704,-0.00132704,-0.00132704,-0.00132704,-0.00132704
16.6499,0.523599,0.927557,2.82416,-0.00132704,-0.00132704,-0.00132704,-0.00132704,-0.00132704,-0.00132704
16.6624,0.523599,0.918372,2.68354,-0.00132704,-0.00132704,-0.00132704,-0.00132704,-0.00132704,-0.00132704
16.6749,0.523599,0.908663,2.50473,-0.00132704,-0.00132704,-0.00132704,-0.00132704,-0.00132704,-0.00132704
16.6874,0.523599,0.898437,2.29027,-0.00132704,-0.00132704,-0.00132704,-0.00132704,-0.00132704,-0.00132704
16.6999,0.523599,0.887698,2.04321,-0.00132704,-0.00132704,-0.00132704,-0.00132704,-0.00132704,-0.00132704
16.7124,0.523599,0.876454,1.76707,-0.00132704,-0.00132704,-0.00132704,-0.00132704,-0.00132704,-0.00132704
16.7249,0.523599,0.86471,1.46577,-0.00132704,-0.00132704,-0.00132704,-0.00132704,-0.00132704,-0.00132704
16.7374,0.523599,0.852473,1.14362,-0.00132704,-0.00132704,-0.00132704,-0.00132704,-0.00132704,-0.00132704
16.7499,0.523599,0.83975,0.805189,-0.00132704,-0.00132704,-0.00132704,-0.00132704,-0.00132704,-0.00132704
16.7624,0.523599,0.826549,0.455297,-0.00132704,-0.00132704,-0.00132704,-0.00132704,-0.00132704,-0.00132704
16.7749,0.523599,0.812877,0.0989247,-0.00132704,-0.00132704,-0.00132704,-0.00132704,-0.00132704,-0.00132704
16.7874,0.523599,0.798741,-0.258856,-0.00132704,-0.00132704,-0.00132704,-0.00132704,-0.00132704,-0.00132704
16.7999,0.523599,0.78415,-0.612952,-0.00132704,-0.00132704,-0.00132704,-0.00132704,-0.00132704,-0.00132704
16.8124,0.523599,0.769112,-0.958323,-0.00132704,-0.00132704,-0.00132704,-0.00132704,-0.00132704,-0.00132704
16.8249,0.523599,0.753635,-1.29006,-0.00132704,-0.00132704,-0.00132704,-0.00132704,-0.00132704,-0.00132704
16.8374,0.523599,0.737729,-1.60343,-0.00132704,-0.00132704,-0.00132704,-0.00132704,-0.00132704,-0.00132704
16.8499,0.523599,0.721403,-1.89397,-0.00132704,-0.00132704,-0.00132704,-0.00132704,-0.00132704,-0.00132704
16.8624,0.523599,0.704665,-2.15757,-0.00132704,-0.00132704,-0.00132704,-0.00132704,-0.00132704,-0.00132704
16.8749,0.523599,0.687526,-2.39045,-0.00132704,-0.00132704,-0.00132704,-0.00132704,-0.00132704,-0.00132704
16.8874,0.523599,0.669995,-2.58931,-0.00132704,-0.00132704,-0.00132704,-0.00132704,-0.00132704,-0.00132704
16.8999,0.523599,0.652082,-2.75131,-0.00132704,-0.00132704,-0.00132704,-0.00132704,-0.00132704,-0.00132704
16.9124,0.523599,0.633797,-2.87416,-0.00132704,-0.00132704,-0.00132704,-0.00132704,-0.00132704,-0.00132704
16.9249,0.523599,0.615151,-2.95609,-0.00132704,-0.00132704,-0.00132704,-0.00132704,-0.00132704,-0.00132704
16.9374,0.523599,0.596155,-2.99596,-0.00132704,-0.00132704,-0.00132704,-0.00132704,-0.00132704,-0.00132704
16.9499,0.523599,0.576818,-2.99318,-0.00132704,-0.00132704,-0.00132704,-0.00132704,-0.00132704,-0.00132704
16.9624,0.523599,0.557153,-2.9478,-0.00132704,-0.00132704,-0.00132704,-0.00132704,-0.00132704,-0.00132704
16.9749,0.523599,0.53717,-2.86046,-0.00132704,-0.00132704,-0.00132704,-0.00132704,-0.00132704,-0.00132704
16.9874,0.523599,0.516882,-2.73241,-0.00132704,-0.00132704,-0.00132704,-0.00132704,-0.00132704,-0.00132704
16.9999,0.523599,0.496298,-2.56547,-0.00132704,-0.00132704,-0.00132704,-0.00132704,-0.00132704,-0.00132704
17.0124,0.523599,0.475432,-2.36201,-0.00132704,-0.00132704,-0.00132704,-0.00132704,-0.00132704,-0.00132704
17.0249,0.523599,0.454294,-2.12494,-0.00132704,-0.00132704,-0.00132704,-0.00132704,-0.00132704,-0.00132704
17.0374,0.523599,0.432898,-1.85762,-0.00132704,-0.00132704,-0.00132704,-0.00132704,-0.00132704,-0.00132704
17.0499,0.523599,0.411255,-1.56386,-0.00132704,-0.00132704,-0.00132704,-0.00132704,-0.00132704,-0.00132704
17.0624,0.523599,0.389378,-1.24784,-0.00132704,-0.00132704,-0.00132704,-0.00132704,-0.00132704,-0.00132704
17.0749,0.523599,0.367278,-0.914061,-0.00132704,-0.00132704,-0.00132704,-0.00132704,-0.00132704,-0.00132704
17.0874,0.523599,0.34497,-0.567273,-0.00132704,-0.00132704,-0.00132704,-0.00132704,-0.00132704,-0.00132704
17.0999,0.523599,0.322464,-0.21241,-0.00132704,-0.00132704,-0.00132704,-0.00132704,-0.00132704,-0.00132704
17.1124,0.523599,0.299775,0.145475,-0.00132704,-0.00132704,-0.00132704,-0.00132704,-0.00132704,-0.00132704
17.1249,0.523599,0.276915,0.50129,-0.00132704,-0.00132704,-0.00132704,-0.00132704,-0.00132704,-0.00132704
17.1374,0.523599,0.253898,0.84997,-0.00132704,-0.00132704,-0.00132704,-0.00132704,-0.00132704,-0.00132704
17.1499,0.523599,0.230735,1.18655,-0.00132704,-0.00132704,-0.00132704,-0.00132704,-0.00132704,-0.00132704
17.1624,0.523599,0.207441,1.50625,-0.00132704,-0.00132704,-0.00132704,-0.00132704,-0.00132704,-0.00132704
17.1749,0.523599,0.184029,1.8045,-0.00132704,-0.00132704,-0.00132704,-0.00132704,-0.00132704,-0.00132704
17.1874,0.523599,0.160512,2.07707,-0.00132704,-0.00132704,-0.00132704,-0.00132704,-0.00132704,-0.00132704
17.1999,0.523599,0.136903,2.32008,-0.00132704,-0.00132704,-0.00132704,-0.00132704,-0.00132704,-0.00132704
17.2124,0.523599,0.113216,2.53007,-0.00132704,-0.00132704,-0.00132704,-0.00132704,-0.00132704,-0.00132704
17.2249,0.523599,0.089465,2.70404,-0.00132704,-0.00132704,-0.00132704,-0.00132704,-0.00132704,-0.00132704
17.2374,0.523599,0.0656628,2.83953,-0.00132704,-0.00132704,-0.00132704,-0.00132704,-0.00132704,-0.00132704
17.2499,0.523599,0.0418232,2.93461,-0.00132704,-0.00132704,-0.00132704,-0.00132704,-0.00132704,-0.00132704
17.2624,0.523599,0.0179598,2.98791,-0.00132704,-0.00132704,-0.00132704,-0.00132704,-0.00132704,-0.00132704
17.2749,0.523599,-0.00591394,2.99869,-0.00132704,-0.00132704,-0.00132704,-0.00132704,-0.00132704,-0.00132704
17.2874,0.523599,-0.0297843,2.96679,-0.00132704,-0.00132704,-0.00132704,-0.00132704,-0.00132704,-0.00132704
17.2999,0.523599,-0.0536376,2.89266,-0.00132704,-0.00132704,-0.00132704,-0.00132704,-0.00132704,-0.00132704
17.3124,0.523599,-0.0774604,2.77735,-0.00132704,-0.00132704,-0.00132704,-0.00132704,-0.00132704,-0.00132704
17.3249,0.523599,-0.101239,2.62252,-0.00132704,-0.00132704,-0.00132704,-0.00132704,-0.00132704,-0.00132704
17.3374,0.523599,-0.12496,2.43036,-0.00132704,-0.00132704,-0.00132704,-0.00132704,-0.00132704,-0.00132704
17.3499,0.523599,-0.14861,2.20361,-0.00132704,-0.00132704,-0.00132704,-0.00132704,-0.00132704,-0.00132704
17.3624,0.523599,-0.172175,1.9455,-0.00132704,-0.00132704,-0.00132704,-0.00132704,-0.00132704,-0.00132704
17.3749,0.523599,-0.195642,1.65969,-0.00132704,-0.00132704,-0.00132704,-0.00132704,-0.00132704,-0.00132704
17.3874,0.523599,-0.218997,1.35027,-0.00132704,-0.00132704,-0.00132704,-0.00132704,-0.00132704,-0.00132704
17.3999,0.523599,-0.242227,1.02162,-0.00132704,-0.00132704,-0.00132704,-0.00132704,-0.00132704,-0.00132704
17.4124,0.523599,-0.26532,0.678434,-0.00132704,-0.00132704,-0.00132704,-0.00132704,-0.00132704,-0.00132704
17.4249,0.523599,-0.288261,0.325591,-0.00132704,-0.00132704,-0.00132704,-0.00132704,-0.00132704,-0.00132704
17.4374,0.523599,-0.311038,-0.0318862,-0.00132704,-0.00132704,-0.00132704,-0.00132704,-0.00132704,-0.00132704
17.4499,0.523599,-0.333638,-0.38891,-0.00132704,-0.00132704,-0.00132704,-0.00132704,-0.00132704,-0.00132704
17.4624,0.523599,-0.356047,-0.740398,-0.00132704,-0.00132704,-0.00132704,-0.00132704,-0.00132704,-0.00132704
17.4749,0.523599,-0.378254,-1.08135,-0.00132704,-0.00132704,-0.00132704,-0.00132704,-0.00132704,-0.00132704
17.4874,0.523599,-0.400245,-1.40691,-0.00132704,-0.00132704,-0.00132704,-0.00132704,-0.00132704,-0.00132704
17.4999,0.523599,-0.422008,-1.71244,-0.00132704,-0.00132704,-0.00132704,-0.00132704,-0.00132704,-0.00132704
17.5124,0.523599,-0.44353,-1.9936,-0.00132704,-0.00132704,-0.00132704,-0.00132704,-0.00132704,-0.00132704
17.5249,0.523599,-0.464799,-2.24639,-0.00132704,-0.00132704,-0.00132704,-0.00132704,-0.00132704,-0.00132704
17.5374,0.523599,-0.485804,-2.4672,-0.00132704,-0.00132704,-0.00132704,-0.00132704,-0.00132704,-0.00132704
17.5499,0.523599,-0.506532,-2.6529,-0.00132704,-0.00132704,-0.00132704,-0.00132704,-0.00132704,-0.00132704
17.5624,0.523599,-0.526971,-2.80083,-0.00132704,-0.00132704,-0.00132704,-0.00132704,-0.00132704,-0.00132704
17.5749,0.523599,-0.547109,-2.90891,-0.00132704,-0.00132704,-0.00132704,-0.00132704,-0.00132704,-0.00132704
17.5874,0.523599,-0.566936,-2.97558,-0.00132704,-0.00132704,-0.00132704,-0.00132704,-0.00132704,-0.00132704
17.5999,0.523599,-0.58644,-2.9999,-0.00132704,-0.00132704,-0.00132704,-0.00132704,-0.00132704,-0.00132704
17.6124,0.523599,-0.605609,-2.98152,-0.00132704,-0.00132704,-0.00132704,-0.00132704,-0.00132704,-0.00132704
17.6249,0.523599,-0.624433,-2.9207,-0.00132704,-0.00132704,-0.00132704,-0.00132704,-0.00132704,-0.00132704
17.6374,0.523599,-0.642901,-2.81832,-0.00132704,-0.00132704,-0.00132704,-0.00132704,-0.00132704,-0.00132704
17.6499,0.523599,-0.661003,-2.67582,-0.00132704,-0.00132704,-0.00132704,-0.00132704,-0.00132704,-0.00132704
17.6624,0.523599,-0.678728,-2.49523,-0.00132704,-0.00132704,-0.00132704,-0.00132704,-0.00132704,-0.00132704
17.6749,0.523599,-0.696067,-2.27913,-0.00132704,-0.00132704,-0.00132704,-0.00132704,-0.00132704,-0.00132704
17.6874,0.523599,-0.713008,-2.03059,-0.00132704,-0.00132704,-0.00132704,-0.00132704,-0.00132704,-0.00132704
17.6999,0.523599,-0.729543,-1.75315,-0.00132704,-0.00132704,-0.00132704,-0.00132704,-0.00132704,-0.00132704
17.7124,0.523599,-0.745662,-1.45076,-0.00132704,-0.00132704,-0.00132704,-0.00132704,-0.00132704,-0.00132704
17.7249,0.523599,-0.761357,-1.12772,-0.00132704,-0.00132704,-0.00132704,-0.00132704,-0.00132704,-0.00132704
17.7374,0.523599,-0.776617,-0.788622,-0.00132704,-0.00132704,-0.00132704,-0.00132704,-0.00132704,-0.00132704
17.7499,0.523599,-0.791435,-0.438305,-0.00132704,-0.00132704,-0.00132704,-0.00132704,-0.00132704,-0.00132704
17.7624,0.523599,-0.805801,-0.0817486,-0.00132704,-0.00132704,-0.00132704,-0.00132704,-0.00132704,-0.00132704
17.7749,0.523599,-0.819709,0.275971,-0.00132704,-0.00132704,-0.00132704,-0.00132704,-0.00132704,-0.00132704
17.7874,0.523599,-0.833149,0.629763,-0.00132704,-0.00132704,-0.00132704,-0.00132704,-0.00132704,-0.00132704
17.7999,0.523599,-0.846114,0.974591,-0.00132704,-0.00132704,-0.00132704,-0.00132704,-0.00132704,-0.00132704
17.8124,0.523599,-0.858597,1.30555,-0.00132704,-0.00132704,-0.00132704,-0.00132704,-0.00132704,-0.00132704
17.8249,0.523599,-0.87059,1.61792,-0.00132704,-0.00132704,-0.00132704,-0.00132704,-0.00132704,-0.00132704
17.8374,0.523599,-0.882088,1.90727,-0.00132704,-0.00132704,-0.00132704,-0.00132704,-0.00132704,-0.00132704
17.8499,0.523599,-0.893082,2.16947,-0.00132704,-0.00132704,-0.00132704,-0.00132704,-0.00132704,-0.00132704
17.8624,0.523599,-0.903568,2.40079,-0.00132704,-0.00132704,-0.00132704,-0.00132704,-0.00132704,-0.00132704
17.8749,0.523599,-0.913538,2.59794,-0.00132704,-0.00132704,-0.00132704,-0.00132704,-0.00132704,-0.00132704
17.8874,0.523599,-0.922988,2.75812,-0.00132704,-0.00132704,-0.00132704,-0.00132704,-0.00132704,-0.00132704
17.8999,0.523599,-0.931912,2.87903,-0.00132704,-0.00132704,-0.00132704,-0.00132704,-0.00132704,-0.00132704
17.9124,0.523599,-0.940304,2.95898,-0.00132704,-0.00132704,-0.00132704,-0.00132704,-0.00132704,-0.00132704
17.9249,0.523599,-0.948161,2.9968,-0.00132704,-0.00132704,-0.00132704,-0.00132704,-0.00132704,-0.00132704
17.9374,0.523599,-0.955477,2.99197,-0.00132704,-0.00132704,-0.00132704,-0.00132704,-0.00132704,-0.00132704
17.9499,0.523599,-0.962249,2.94456,-0.00132704,-0.00132704,-0.00132704,-0.00132704,-0.00132704,-0.00132704
17.9624,0.523599,-0.968472,2.85523,-0.00132704,-0.00132704,-0.00132704,-0.00132704,-0.00132704,-0.00132704
17.9749,0.523599,-0.974143,2.72527,-0.00132704,-0.00132704,-0.00132704,-0.00132704,-0.00132704,-0.00132704
17.9874,0.523599,-0.979259,2.55652,-0.00132704,-0.00132704,-0.00132704,-0.00132704,-0.00132704,-0.00132704
17.9999,0.523599,-0.983817,2.35138,-0.00132704,-0.00132704,-0.00132704,-0.00132704,-0.00132704,-0.00132704
18.0124,0.523599,-0.987814,2.11277,-0.00132704,-0.00132704,-0.00132704,-0.00132704,-0.00132704,-0.00132704
18.025,0.523599,-0.991248,1.84409,-0.00132704,-0.00132704,-0.00132704,-0.00132704,-0.00132704,-0.00132704
18.0375,0.523599,-0.994117,1.54917,-0.00132704,-0.00132704,-0.00132704,-0.00132704,-0.00132704,-0.00132704
18.05,0.523599,-0.996419,1.23219,-0.00132704,-0.00132704,-0.00132704,-0.00132704,-0.00132704,-0.00132704
18.0625,0.523599,-0.998154,0.897679,-0.00132704,-0.00132704,-0.00132704,-0.00132704,-0.00132704,-0.00132704
18.075,0.523599,-0.999319,0.550389,-0.00132704,-0.00132704,-0.00132704,-0.00132704,-0.00132704,-0.00132704
18.0875,0.523599,-0.999915,0.195266,-0.00132704,-0.00132704,-0.00132704,-0.00132704,-0.00132704,-0.00132704
18.1,0.523599,-0.999941,-0.162637,-0.00132704,-0.00132704,-0.00132704,-0.00132704,-0.00132704,-0.00132704
18.1125,0.523599,-0.999397,-0.518224,-0.00132704,-0.00132704,-0.00132704,-0.00132704,-0.00132704,-0.00132704
18.125,0.523599,-0.998284,-0.866436,-0.00132704,-0.00132704,-0.00132704,-0.00132704,-0.00132704,-0.00132704
18.1375,0.523599,-0.996601,-1.20232,-0.00132704,-0.00132704,-0.00132704,-0.00132704,-0.00132704,-0.00132704
18.15,0.523599,-0.994351,-1.52108,-0.00132704,-0.00132704,-0.00132704,-0.00132704,-0.00132704,-0.00132704
18.1625,0.523599,-0.991533,-1.8182,-0.00132704,-0.00132704,-0.00132704,-0.00132704,-0.00132704,-0.00132704
18.175,0.523599,-0.988151,-2.08944,-0.00132704,-0.00132704,-0.00132704,-0.00132704,-0.00132704,-0.00132704
18.1875,0.523599,-0.984205,-2.33094,-0.00132704,-0.00132704,-0.00132704,-0.00132704,-0.00132704,-0.00132704
18.2,0.523599,-0.979698,-2.53926,-0.00132704,-0.00132704,-0.00132704,-0.00132704,-0.00132704,-0.00132704
18.2125,0.523599,-0.974633,-2.71144,-0.00132704,-0.00132704,-0.00132704,-0.00132704,-0.00132704,-0.00132704
18.225,0.523599,-0.969013,-2.84503,-0.00132704,-0.00132704,-0.00132704,-0.00132704,-0.00132704,-0.00132704
18.2375,0.523599,-0.96284,-2.93813,-0.00132704,-0.00132704,-0.00132704,-0.00132704,-0.00132704,-0.00132704
18.25,0.523599,-0.956118,-2.9894,-0.00132704,-0.00132704,-0.00132704,-0.00132704,-0.00132704,-0.00132704
18.2625,0.523599,-0.948851,-2.99813,-0.00132704,-0.00132704,-0.00132704,-0.00132704,-0.00132704,-0.00132704
18.275,0.523599,-0.941044,-2.96419,-0.00132704,-0.00132704,-0.00132704,-0.00132704,-0.00132704,-0.00132704
18.2875,0.523599,-0.9327,-2.88805,-0.00132704,-0.00132704,-0.00132704,-0.00132704,-0.00132704,-0.00132704
18.3,0.523599,-0.923824,-2.77081,-0.00132704,-0.00132704,-0.00132704,-0.00132704,-0.00132704,-0.00132704
18.3125,0.523599,-0.914422,-2.61413,-0.00132704,-0.00132704,-0.00132704,-0.00132704,-0.00132704,-0.00132704
18.325,0.523599,-0.904499,-2.42025,-0.00132704,-0.00132704,-0.00132704,-0.00132704,-0.00132704,-0.00132704
18.3375,0.523599,-0.89406,-2.19192,-0.00132704,-0.00132704,-0.00132704,-0.00132704,-0.00132704,-0.00132704
18.35,0.523599,-0.883112,-1.93239,-0.00132704,-0.00132704,-0.00132704,-0.00132704,-0.00132704,-0.00132704
18.3625,0.523599,-0.87166,-1.64535,-0.00132704,-0.00132704,-0.00132704,-0.00132704,-0.00132704,-0.00132704
18.375,0.523599,-0.859712,-1.3349,-0.00132704,-0.00132704,-0.00132704,-0.00132704,-0.00132704,-0.00132704
18.3875,0.523599,-0.847273,-1.00545,-0.00132704,-0.00132704,-0.00132704,-0.00132704,-0.00132704,-0.00132704
18.4,0.523599,-0.834352,-0.661684,-0.00132704,-0.00132704,-0.00132704,-0.00132704,-0.00132704,-0.00132704
18.4125,0.523599,-0.820955,-0.308503,-0.00132704,-0.00132704,-0.00132704,-0.00132704,-0.00132704,-0.00132704
18.425,0.523599,-0.80709,0.0490686,-0.00132704,-0.00132704,-0.00132704,-0.00132704,-0.00132704,-0.00132704
18.4375,0.523599,-0.792765,0.405942,-0.00132704,-0.00132704,-0.00132704,-0.00132704,-0.00132704,-0.00132704
18.45,0.523599,-0.777988,0.757038,-0.00132704,-0.00132704,-0.00132704,-0.00132704,-0.00132704,-0.00132704
18.4625,0.523599,-0.762768,1.09736,-0.00132704,-0.00132704,-0.00132704,-0.00132704,-0.00132704,-0.00132704
18.475,0.523599,-0.747113,1.42206,-0.00132704,-0.00132704,-0.00132704,-0.00132704,-0.00132704,-0.00132704
18.4875,0.523599,-0.731032,1.72652,-0.00132704,-0.00132704,-0.00132704,-0.00132704,-0.00132704,-0.00132704
18.5,0.523599,-0.714534,2.00641,-0.00132704,-0.00132704,-0.00132704,-0.00132704,-0.00132704,-0.00132704
18.5125,0.523599,-0.69763,2.25774,-0.00132704,-0.00132704,-0.00132704,-0.00132704,-0.00132704,-0.00132704
18.525,0.523599,-0.680327,2.47694,-0.00132704,-0.00132704,-0.00132704,-0.00132704,-0.00132704,-0.00132704
18.5375,0.523599,-0.662637,2.66088,-0.00132704,-0.00132704,-0.00132704,-0.00132704,-0.00132704,-0.00132704
18.55,0.523599,-0.644569,2.80695,-0.00132704,-0.00132704,-0.00132704,-0.00132704,-0.00132704,-0.00132704
18.5625,0.523599,-0.626134,2.91306,-0.00132704,-0.00132704,-0.00132704,-0.00132704,-0.00132704,-0.00132704
18.575,0.523599,-0.607342,2.97772,-0.00132704,-0.00132704,-0.00132704,-0.00132704,-0.00132704,-0.00132704
18.5875,0.523599,-0.588203,2.99999,-0.00132704,-0.00132704,-0.00132704,-0.00132704,-0.00132704,-0.00132704
18.6,0.523599,-0.56873,2.97956,-0.00132704,-0.00132704,-0.00132704,-0.00132704,-0.00132704,-0.00132704
18.6125,0.523599,-0.548932,2.91673,-0.00132704,-0.00132704,-0.00132704,-0.00132704,-0.00132704,-0.00132704
18.625,0.523599,-0.528821,2.81238,-0.00132704,-0.00132704,-0.00132704,-0.00132704,-0.00132704,-0.00132704
18.6375,0.523599,-0.508409,2.668,-0.00132704,-0.00132704,-0.00132704,-0.00132704,-0.00132704,-0.00132704
18.65,0.523599,-0.487707,2.48565,-0.00132704,-0.00132704,-0.00132704,-0.00132704,-0.00132704,-0.00132704
18.6625,0.523599,-0.466728,2.26792,-0.00132704,-0.00132704,-0.00132704,-0.00132704,-0.00132704,-0.00132704
18.675,0.523599,-0.445482,2.01791,-0.00132704,-0.00132704,-0.00132704,-0.00132704,-0.00132704,-0.00132704
18.6875,0.523599,-0.423982,1.73918,-0.00132704,-0.00132704,-0.00132704,-0.00132704,-0.00132704,-0.00132704
18.7,0.523599,-0.402241,1.43569,-0.00132704,-0.00132704,-0.00132704,-0.00132704,-0.00132704,-0.00132704
18.7125,0.523599,-0.38027,1.11177,-0.00132704,-0.00132704,-0.00132704,-0.00132704,-0.00132704,-0.00132704
18.725,0.523599,-0.358083,0.77203,-0.00132704,-0.00132704,-0.00132704,-0.00132704,-0.00132704,-0.00132704
18.7375,0.523599,-0.335691,0.421298,-0.00132704,-0.00132704,-0.00132704,-0.00132704,-0.00132704,-0.00132704
18.75,0.523599,-0.313108,0.0645698,-0.00132704,-0.00132704,-0.00132704,-0.00132704,-0.00132704,-0.00132704
18.7625,0.523599,-0.290347,-0.293078,-0.00132704,-0.00132704,-0.00132704,-0.00132704,-0.00132704,-0.00132704
18.775,0.523599,-0.26742,-0.646553,-0.00132704,-0.00132704,-0.00132704,-0.00132704,-0.00132704,-0.00132704
18.7875,0.523599,-0.244341,-0.990827,-0.00132704,-0.00132704,-0.00132704,-0.00132704,-0.00132704,-0.00132704
18.8,0.523599,-0.221123,-1.321,-0.00132704,-0.00132704,-0.00132704,-0.00132704,-0.00132704,-0.00132704
18.8125,0.523599,-0.197778,-1.63237,-0.00132704,-0.00132704,-0.00132704,-0.00132704,-0.00132704,-0.00132704
18.825,0.523599,-0.174321,-1.9205,-0.00132704,-0.00132704,-0.00132704,-0.00132704,-0.00132704,-0.00132704
18.8375,0.523599,-0.150764,-2.1813,-0.00132704,-0.00132704,-0.00132704,-0.00132704,-0.00132704,-0.00132704
18.85,0.523599,-0.127122,-2.41106,-0.00132704,-0.00132704,-0.00132704,-0.00132704,-0.00132704,-0.00132704
18.8625,0.523599,-0.103407,-2.60649,-0.00132704,-0.00132704,-0.00132704,-0.00132704,-0.00132704,-0.00132704
18.875,0.523599,-0.0796329,-2.76483,-0.00132704,-0.00132704,-0.00132704,-0.00132704,-0.00132704,-0.00132704
18.8875,0.523599,-0.0558135,-2.88382,-0.00132704,-0.00132704,-0.00132704,-0.00132704,-0.00132704,-0.00132704
18.9,0.523599,-0.0319624,-2.96176,-0.00132704,-0.00132704,-0.00132704,-0.00132704,-0.00132704,-0.00132704
18.9125,0.523599,-0.00809308,-2.99754,-0.00132704,-0.00132704,-0.00132704,-0.00132704,-0.00132704,-0.00132704
18.925,0.523599,0.0157809,-2.99067,-0.00132704,-0.00132704,-0.00132704,-0.00132704,-0.00132704,-0.00132704
18.9375,0.523599,0.0396458,-2.94122,-0.00132704,-0.00132704,-0.00132704,-0.00132704,-0.00132704,-0.00132704
18.95,0.523599,0.0634882,-2.84991,-0.00132704,-0.00132704,-0.00132704,-0.00132704,-0.00132704,-0.00132704
18.9625,0.523599,0.0872944,-2.71804,-0.00132704,-0.00132704,-0.00132704,-0.00132704,-0.00132704,-0.00132704
18.975,0.523599,0.111051,-2.54748,-0.00132704,-0.00132704,-0.00132704,-0.00132704,-0.00132704,-0.00132704
18.9875,0.523599,0.134744,-2.34067,-0.00132704,-0.00132704,-0.00132704,-0.00132704,-0.00132704,-0.00132704
19,0.523599,0.15836,-2.10054,-0.00132704,-0.00132704,-0.00132704,-0.00132704,-0.00132704,-0.00132704
19.0125,0.523599,0.181886,-1.83051,-0.00132704,-0.00132704,-0.00132704,-0.00132704,-0.00132704,-0.00132704
19.025,0.523599,0.205309,-1.53443,-0.00132704,-0.00132704,-0.00132704,-0.00132704,-0.00132704,-0.00132704
19.0375,0.523599,0.228614,-1.2165,-0.00132704,-0.00132704,-0.00132704,-0.00132704,-0.00132704,-0.00132704
19.05,0.523599,0.251789,-0.881268,-0.00132704,-0.00132704,-0.00132704,-0.00132704,-0.00132704,-0.00132704
19.0625,0.523599,0.274821,-0.533488,-0.00132704,-0.00132704,-0.00132704,-0.00132704,-0.00132704,-0.00132704
19.075,0.523599,0.297696,-0.178115,-0.00132704,-0.00132704,-0.00132704,-0.00132704,-0.00132704,-0.00132704
19.0875,0.523599,0.320401,0.179792,-0.00132704,-0.00132704,-0.00132704,-0.00132704,-0.00132704,-0.00132704
19.1,0.523599,0.342923,0.535141,-0.00132704,-0.00132704,-0.00132704,-0.00132704,-0.00132704,-0.00132704
19.1125,0.523599,0.365251,0.882873,-0.00132704,-0.00132704,-0.00132704,-0.00132704,-0.00132704,-0.00132704
19.125,0.523599,0.38737,1.21804,-0.00132704,-0.00132704,-0.00132704,-0.00132704,-0.00132704,-0.00132704
19.1375,0.523599,0.409268,1.53587,-0.00132704,-0.00132704,-0.00132704,-0.00132704,-0.00132704,-0.00132704
19.15,0.523599,0.430933,1.83184,-0.00132704,-0.00132704,-0.00132704,-0.00132704,-0.00132704,-0.00132704
19.1625,0.523599,0.452352,2.10174,-0.00132704,-0.00132704,-0.00132704,-0.00132704,-0.00132704,-0.00132704
19.175,0.523599,0.473513,2.34172,-0.00132704,-0.00132704,-0.00132704,-0.00132704,-0.00132704,-0.00132704
19.1875,0.523599,0.494405,2.54837,-0.00132704,-0.00132704,-0.00132704,-0.00132704,-0.00132704,-0.00132704
19.2,0.523599,0.515015,2.71875,-0.00132704,-0.00132704,-0.00132704,-0.00132704,-0.00132704,-0.00132704
19.2125,0.523599,0.535331,2.85044,-0.00132704,-0.00132704,-0.00132704,-0.00132704,-0.00132704,-0.00132704
19.225,0.523599,0.555342,2.94155,-0.00132704,-0.00132704,-0.00132704,-0.00132704,-0.00132704,-0.00132704
19.2375,0.523599,0.575037,2.9908,-0.00132704,-0.00132704,-0.00132704,-0.00132704,-0.00132704,-0.00132704
19.25,0.523599,0.594404,2.99748,-0.00132704,-0.00132704,-0.00132704,-0.00132704,-0.00132704,-0.00132704
19.2625,0.523599,0.613432,2.96149,-0.00132704,-0.00132704,-0.00132704,-0.00132704,-0.00132704,-0.00132704
19.275,0.523599,0.63211,2.88335,-0.00132704,-0.00132704,-0.00132704,-0.00132704,-0.00132704,-0.00132704
19.2875,0.523599,0.650428,2.76418,-0.00132704,-0.00132704,-0.00132704,-0.00132704,-0.00132704,-0.00132704
19.3,0.523599,0.668375,2.60566,-0.00132704,-0.00132704,-0.00132704,-0.00132704,-0.00132704,-0.00132704
19.3125,0.523599,0.685942,2.41006,-0.00132704,-0.00132704,-0.00132704,-0.00132704,-0.00132704,-0.00132704
19.325,0.523599,0.703117,2.18015,-0.00132704,-0.00132704,-0.00132704,-0.00132704,-0.00132704,-0.00132704
19.3375,0.523599,0.719892,1.91921,-0.00132704,-0.00132704,-0.00132704,-0.00132704,-0.00132704,-0.00132704
19.35,0.523599,0.736256,1.63096,-0.00132704,-0.00132704,-0.00132704,-0.00132704,-0.00132704,-0.00132704
19.3625,0.523599,0.752201,1.31949,-0.00132704,-0.00132704,-0.00132704,-0.00132704,-0.00132704,-0.00132704
19.375,0.523599,0.767717,0.989241,-0.00132704,-0.00132704,-0.00132704,-0.00132704,-0.00132704,-0.00132704
19.3875,0.523599,0.782795,0.644913,-0.00132704,-0.00132704,-0.00132704,-0.00132704,-0.00132704,-0.00132704
19.4,0.523599,0.797428,0.291406,-0.00132704,-0.00132704,-0.00132704,-0.00132704,-0.00132704,-0.00132704
19.4125,0.523599,0.811605,-0.0662493,-0.00132704,-0.00132704,-0.00132704,-0.00132704,-0.00132704,-0.00132704
19.425,0.523599,0.82532,-0.422961,-0.00132704,-0.00132704,-0.00132704,-0.00132704,-0.00132704,-0.00132704
19.4375,0.523599,0.838565,-0.773653,-0.00132704,-0.00132704,-0.00132704,-0.00132704,-0.00132704,-0.00132704
19.45,0.523599,0.851332,-1.11333,-0.00132704,-0.00132704,-0.00132704,-0.00132704,-0.00132704,-0.00132704
19.4625,0.523599,0.863613,-1.43717,-0.00132704,-0.00132704,-0.00132704,-0.00132704,-0.00132704,-0.00132704
19.475,0.523599,0.875403,-1.74055,-0.00132704,-0.00132704,-0.00132704,-0.00132704,-0.00132704,-0.00132704
19.4875,0.523599,0.886693,-2.01915,-0.00132704,-0.00132704,-0.00132704,-0.00132704,-0.00132704,-0.00132704
19.5,0.523599,0.897478,-2.26902,-0.00132704,-0.00132704,-0.00132704,-0.00132704,-0.00132704,-0.00132704
19.5125,0.523599,0.907751,-2.48659,-0.00132704,-0.00132704,-0.00132704,-0.00132704,-0.00132704,-0.00132704
19.525,0.523599,0.917507,-2.66877,-0.00132704,-0.00132704,-0.00132704,-0.00132704,-0.00132704,-0.00132704
19.5375,0.523599,0.92674,-2.81296,-0.00132704,-0.00132704,-0.00132704,-0.00132704,-0.00132704,-0.00132704
19.55,0.523599,0.935445,-2.91712,-0.00132704,-0.00132704,-0.00132704,-0.00132704,-0.00132704,-0.00132704
19.5625,0.523599,0.943617,-2.97976,-0.00132704,-0.00132704,-0.00132704,-0.00132704,-0.00132704,-0.00132704
19.575,0.523599,0.951251,-2.99999,-0.00132704,-0.00132704,-0.00132704,-0.00132704,-0.00132704,-0.00132704
19.5875,0.523599,0.958342,-2.97751,-0.00132704,-0.00132704,-0.00132704,-0.00132704,-0.00132704,-0.00132704
19.6,0.523599,0.964888,-2.91266,-0.00132704,-0.00132704,-0.00132704,-0.00132704,-0.00132704,-0.00132704
19.6125,0.523599,0.970883,-2.80635,-0.00132704,-0.00132704,-0.00132704,-0.00132704,-0.00132704,-0.00132704
19.625,0.523599,0.976325,-2.6601,-0.00132704,-0.00132704,-0.00132704,-0.00132704,-0.00132704,-0.00132704
19.6375,0.523599,0.981211,-2.47599,-0.00132704,-0.00132704,-0.00132704,-0.00132704,-0.00132704,-0.00132704
19.65,0.523599,0.985537,-2.25663,-0.00132704,-0.00132704,-0.00132704,-0.00132704,-0.00132704,-0.00132704
19.6625,0.523599,0.989302,-2.00516,-0.00132704,-0.00132704,-0.00132704,-0.00132704,-0.00132704,-0.00132704
19.6751,0.523599,0.992502,-1.72515,-0.00132704,-0.00132704,-0.00132704,-0.00132704,-0.00132704,-0.00132704
19.6876,0.523599,0.995137,-1.42058,-0.00132704,-0.00132704,-0.00132704,-0.00132704,-0.00132704,-0.00132704
19.7001,0.523599,0.997205,-1.09579,-0.00132704,-0.00132704,-0.00132704,-0.00132704,-0.00132704,-0.00132704
19.7126,0.523599,0.998704,-0.755412,-0.00132704,-0.00132704,-0.00132704,-0.00132704,-0.00132704,-0.00132704
19.7251,0.523599,0.999635,-0.404278,-0.00132704,-0.00132704,-0.00132704,-0.00132704,-0.00132704,-0.00132704
19.7376,0.523599,0.999995,-0.0473889,-0.00132704,-0.00132704,-0.00132704,-0.00132704,-0.00132704,-0.00132704
19.7501,0.523599,0.999785,0.310174,-0.00132704,-0.00132704,-0.00132704,-0.00132704,-0.00132704,-0.00132704
19.7626,0.523599,0.999006,0.663323,-0.00132704,-0.00132704,-0.00132704,-0.00132704,-0.00132704,-0.00132704
19.7751,0.523599,0.997657,1.00703,-0.00132704,-0.00132704,-0.00132704,-0.00132704,-0.00132704,-0.00132704
19.7876,0.523599,0.99574,1.3364,-0.00132704,-0.00132704,-0.00132704,-0.00132704,-0.00132704,-0.00132704
19.8001,0.523599,0.993255,1.64676,-0.00132704,-0.00132704,-0.00132704,-0.00132704,-0.00132704,-0.00132704
19.8126,0.523599,0.990204,1.93367,-0.00132704,-0.00132704,-0.00132704,-0.00132704,-0.00132704,-0.00132704
19.8251,0.523599,0.986588,2.19306,-0.00132704,-0.00132704,-0.00132704,-0.00132704,-0.00132704,-0.00132704
19.8376,0.523599,0.98241,2.42124,-0.00132704,-0.00132704,-0.00132704,-0.00132704,-0.00132704,-0.00132704
19.8501,0.523599,0.977672,2.61496,-0.00132704,-0.00132704,-0.00132704,-0.00132704,-0.00132704,-0.00132704
19.8626,0.523599,0.972377,2.77146,-0.00132704,-0.00132704,-0.00132704,-0.00132704,-0.00132704,-0.00132704
19.8751,0.523599,0.966528,2.88851,-0.00132704,-0.00132704,-0.00132704,-0.00132704,-0.00132704,-0.00132704
19.8876,0.523599,0.960128,2.96444,-0.00132704,-0.00132704,-0.00132704,-0.00132704,-0.00132704,-0.00132704
19.9001,0.523599,0.95318,2.99819,-0.00132704,-0.00132704,-0.00132704,-0.00132704,-0.00132704,-0.00132704
19.9126,0.523599,0.94569,2.98926,-0.00132704,-0.00132704,-0.00132704,-0.00132704,-0.00132704,-0.00132704
19.9251,0.523599,0.93766,2.93779,-0.00132704,-0.00132704,-0.00132704,-0.00132704,-0.00132704,-0.00132704
19.9376,0.523599,0.929096,2.8445,-0.00132704,-0.00132704,-0.00132704,-0.00132704,-0.00132704,-0.00132704
19.9501,0.523599,0.920002,2.71072,-0.00132704,-0.00132704,-0.00132704,-0.00132704,-0.00132704,-0.00132704
19.9626,0.523599,0.910384,2.53837,-0.00132704,-0.00132704,-0.00132704,-0.00132704,-0.00132704,-0.00132704
19.9751,0.523599,0.900247,2.32988,-0.00132704,-0.00132704,-0.00132704,-0.00132704,-0.00132704,-0.00132704
19.9876,0.523599,0.889597,2.08823,-0.00132704,-0.00132704,-0.00132704,-0.00132704,-0.00132704,-0.00132704
20.0001,0.523599,0.87844,1.81686,-0.00132704,-0.00132704,-0.00132704,-0.00132704,-0.00132704,-0.00132704
20.0126,0.523599,0.866782,1.51963,-0.00132704,-0.00132704,-0.00132704,-0.00132704,-0.00132704,-0.00132704
20.0251,0.523599,0.85463,1.20078,-0.00132704,-0.00132704,-0.00132704,-0.00132704,-0.00132704,-0.00132704
20.0376,0.523599,0.841991,0.864828,-0.00132704,-0.00132704,-0.00132704,-0.00132704,-0.00132704,-0.00132704
20.0501,0.523599,0.828872,0.516569,-0.00132704,-0.00132704,-0.00132704,-0.00132704,-0.00132704,-0.00132704
20.0626,0.523599,0.815281,0.160959,-0.00132704,-0.00132704,-0.00132704,-0.00132704,-0.00132704,-0.00132704
20.0751,0.523599,0.801225,-0.196942,-0.00132704,-0.00132704,-0.00132704,-0.00132704,-0.00132704,-0.00132704
20.0876,0.523599,0.786712,-0.552041,-0.00132704,-0.00132704,-0.00132704,-0.00132704,-0.00132704,-0.00132704
20.1001,0.523599,0.771751,-0.899282,-0.00132704,-0.00132704,-0.00132704,-0.00132704,-0.00132704,-0.00132704
20.1126,0.523599,0.75635,-1.23372,-0.00132704,-0.00132704,-0.00132704,-0.00132704,-0.00132704,-0.00132704
20.1251,0.523599,0.740517,-1.55061,-0.00132704,-0.00132704,-0.00132704,-0.00132704,-0.00132704,-0.00132704
20.1376,0.523599,0.724263,-1.84542,-0.00132704,-0.00132704,-0.00132704,-0.00132704,-0.00132704,-0.00132704
20.1501,0.523599,0.707596,-2.11396,-0.00132704,-0.00132704,-0.00132704,-0.00132704,-0.00132704,-0.00132704
20.1626,0.523599,0.690526,-2.35242,-0.00132704,-0.00132704,-0.00132704,-0.00132704,-0.00132704,-0.00132704
20.1751,0.523599,0.673062,-2.5574,-0.00132704,-0.00132704,-0.00132704,-0.00132704,-0.00132704,-0.00132704
20.1876,0.523599,0.655215,-2.72597,-0.00132704,-0.00132704,-0.00132704,-0.00132704,-0.00132704,-0.00132704
20.2001,0.523599,0.636994,-2.85575,-0.00132704,-0.00132704,-0.00132704,-0.00132704,-0.00132704,-0.00132704
20.2126,0.523599,0.61841,-2.94488,-0.00132704,-0.00132704,-0.00132704,-0.00132704,-0.00132704,-0.00132704
20.2251,0.523599,0.599473,-2.99209,-0.00132704,-0.00132704,-0.00132704,-0.00132704,-0.00132704,-0.00132704
20.2376,0.523599,0.580195,-2.99672,-0.00132704,-0.00132704,-0.00132704,-0.00132704,-0.00132704,-0.00132704
20.2501,0.523599,0.560586,-2.9587,-0.00132704,-0.00132704,-0.00132704,-0.00132704,-0.00132704,-0.00132704
20.2626,0.523599,0.540657,-2.87856,-0.00132704,-0.00132704,-0.00132704,-0.00132704,-0.00132704,-0.00132704
20.2751,0.523599,0.520421,-2.75746,-0.00132704,-0.00132704,-0.00132704,-0.00132704,-0.00132704,-0.00132704
20.2876,0.523599,0.499888,-2.5971,-0.00132704,-0.00132704,-0.00132704,-0.00132704,-0.00132704,-0.00132704
20.3001,0.523599,0.479069,-2.39978,-0.00132704,-0.00132704,-0.00132704,-0.00132704,-0.00132704,-0.00132704
20.3126,0.523599,0.457978,-2.16831,-0.00132704,-0.00132704,-0.00132704,-0.00132704,-0.00132704,-0.00132704
20.3251,0.523599,0.436626,-1.90597,-0.00132704,-0.00132704,-0.00132704,-0.00132704,-0.00132704,-0.00132704
20.3376,0.523599,0.415025,-1.61651,-0.00132704,-0.00132704,-0.00132704,-0.00132704,-0.00132704,-0.00132704
20.3501,0.523599,0.393187,-1.30404,-0.00132704,-0.00132704,-0.00132704,-0.00132704,-0.00132704,-0.00132704
20.3626,0.523599,0.371125,-0.973002,-0.00132704,-0.00132704,-0.00132704,-0.00132704,-0.00132704,-0.00132704
20.3751,0.523599,0.348852,-0.62812,-0.00132704,-0.00132704,-0.00132704,-0.00132704,-0.00132704,-0.00132704
20.3876,0.523599,0.32638,-0.274298,-0.00132704,-0.00132704,-0.00132704,-0.00132704,-0.00132704,-0.00132704
20.4001,0.523599,0.303722,0.0834279,-0.00132704,-0.00132704,-0.00132704,-0.00132704,-0.00132704,-0.00132704
20.4126,0.523599,0.280891,0.439966,-0.00132704,-0.00132704,-0.00132704,-0.00132704,-0.00132704,-0.00132704
20.4251,0.523599,0.257899,0.790243,-0.00132704,-0.00132704,-0.00132704,-0.00132704,-0.00132704,-0.00132704
20.4376,0.523599,0.234761,1.12927,-0.00132704,-0.00132704,-0.00132704,-0.00132704,-0.00132704,-0.00132704
20.4501,0.523599,0.211489,1.45223,-0.00132704,-0.00132704,-0.00132704,-0.00132704,-0.00132704,-0.00132704
20.4626,0.523599,0.188096,1.75451,-0.00132704,-0.00132704,-0.00132704,-0.00132704,-0.00132704,-0.00132704
20.4751,0.523599,0.164596,2.03183,-0.00132704,-0.00132704,-0.00132704,-0.00132704,-0.00132704,-0.00132704
20.4876,0.523599,0.141002,2.28022,-0.00132704,-0.00132704,-0.00132704,-0.00132704,-0.00132704,-0.00132704
20.5001,0.523599,0.117328,2.49616,-0.00132704,-0.00132704,-0.00132704,-0.00132704,-0.00132704,-0.00132704
20.5126,0.523599,0.0935872,2.67657,-0.00132704,-0.00132704,-0.00132704,-0.00132704,-0.00132704,-0.00132704
20.5251,0.523599,0.0697929,2.81889,-0.00132704,-0.00132704,-0.00132704,-0.00132704,-0.00132704,-0.00132704
20.5376,0.523599,0.0459588,2.92108,-0.00132704,-0.00132704,-0.00132704,-0.00132704,-0.00132704,-0.00132704
20.5501,0.523599,0.0220985,2.9817,-0.00132704,-0.00132704,-0.00132704,-0.00132704,-0.00132704,-0.00132704
20.5626,0.523599,-0.00177439,2.99988,-0.00132704,-0.00132704,-0.00132704,-0.00132704,-0.00132704,-0.00132704
20.5751,0.523599,-0.0256463,2.97536,-0.00132704,-0.00132704,-0.00132704,-0.00132704,-0.00132704,-0.00132704
20.5876,0.523599,-0.0495035,2.9085,-0.00132704,-0.00132704,-0.00132704,-0.00132704,-0.00132704,-0.00132704
20.6001,0.523599,-0.0733326,2.80023,-0.00132704,-0.00132704,-0.00132704,-0.00132704,-0.00132704,-0.00132704
20.6126,0.523599,-0.0971199,2.65211,-0.00132704,-0.00132704,-0.00132704,-0.00132704,-0.00132704,-0.00132704
20.6251,0.523599,-0.120852,2.46624,-0.00132704,-0.00132704,-0.00132704,-0.00132704,-0.00132704,-0.00132704
20.6376,0.523599,-0.144515,2.24527,-0.00132704,-0.00132704,-0.00132704,-0.00132704,-0.00132704,-0.00132704
20.6501,0.523599,-0.168095,1.99235,-0.00132704,-0.00132704,-0.00132704,-0.00132704,-0.00132704,-0.00132704
20.6626,0.523599,-0.19158,1.71106,-0.00132704,-0.00132704,-0.00132704,-0.00132704,-0.00132704,-0.00132704
20.6751,0.523599,-0.214956,1.40542,-0.00132704,-0.00132704,-0.00132704,-0.00132704,-0.00132704,-0.00132704
20.6876,0.523599,-0.238209,1.07978,-0.00132704,-0.00132704,-0.00132704,-0.00132704,-0.00132704,-0.00132704
20.7001,0.523599,-0.261326,0.73877,-0.00132704,-0.00132704,-0.00132704,-0.00132704,-0.00132704,-0.00132704
20.7126,0.523599,-0.284295,0.387244,-0.00132704,-0.00132704,-0.00132704,-0.00132704,-0.00132704,-0.00132704
20.7251,0.523599,-0.307101,0.0302064,-0.00132704,-0.00132704,-0.00132704,-0.00132704,-0.00132704,-0.00132704
20.7376,0.523599,-0.329732,-0.327261,-0.00132704,-0.00132704,-0.00132704,-0.00132704,-0.00132704,-0.00132704
20.7501,0.523599,-0.352176,-0.68007,-0.00132704,-0.00132704,-0.00132704,-0.00132704,-0.00132704,-0.00132704
20.7626,0.523599,-0.374418,-1.0232,-0.00132704,-0.00132704,-0.00132704,-0.00132704,-0.00132704,-0.00132704
20.7751,0.523599,-0.396448,-1.35177,-0.00132704,-0.00132704,-0.00132704,-0.00132704,-0.00132704,-0.00132704
20.7876,0.523599,-0.418251,-1.66109,-0.00132704,-0.00132704,-0.00132704,-0.00132704,-0.00132704,-0.00132704
20.8001,0.523599,-0.439816,-1.94678,-0.00132704,-0.00132704,-0.00132704,-0.00132704,-0.00132704,-0.00132704
20.8126,0.523599,-0.46113,-2.20475,-0.00132704,-0.00132704,-0.00132704,-0.00132704,-0.00132704,-0.00132704
20.8251,0.523599,-0.482181,-2.43135,-0.00132704,-0.00132704,-0.00132704,-0.00132704,-0.00132704,-0.00132704
20.8376,0.523599,-0.502958,-2.62334,-0.00132704,-0.00132704,-0.00132704,-0.00132704,-0.00132704,-0.00132704
20.8501,0.523599,-0.523448,-2.77799,-0.00132704,-0.00132704,-0.00132704,-0.00132704,-0.00132704,-0.00132704
20.8626,0.523599,-0.543639,-2.8931,-0.00132704,-0.00132704,-0.00132704,-0.00132704,-0.00132704,-0.00132704
20.8751,0.523599,-0.563521,-2.96703,-0.00132704,-0.00132704,-0.00132704,-0.00132704,-0.00132704,-0.00132704
20.8876,0.523599,-0.583081,-2.99874,-0.00132704,-0.00132704,-0.00132704,-0.00132704,-0.00132704,-0.00132704
20.9001,0.523599,-0.60231,-2.98776,-0.00132704,-0.00132704,-0.00132704,-0.00132704,-0.00132704,-0.00132704
20.9126,0.523599,-0.621194,-2.93426,-0.00132704,-0.00132704,-0.00132704,-0.00132704,-0.00132704,-0.00132704
20.9251,0.523599,-0.639725,-2.83899,-0.00132704,-0.00132704,-0.00132704,-0.00132704,-0.00132704,-0.00132704
20.9376,0.523599,-0.657891,-2.70332,-0.00132704,-0.00132704,-0.00132704,-0.00132704,-0.00132704,-0.00132704
20.9501,0.523599,-0.675682,-2.52917,-0.00132704,-0.00132704,-0.00132704,-0.00132704,-0.00132704,-0.00132704
20.9626,0.523599,-0.693088,-2.31902,-0.00132704,-0.00132704,-0.00132704,-0.00132704,-0.00132704,-0.00132704
20.9751,0.523599,-0.710099,-2.07586,-0.00132704,-0.00132704,-0.00132704,-0.00132704,-0.00132704,-0.00132704
20.9876,0.523599,-0.726706,-1.80316,-0.00132704,-0.00132704,-0.00132704,-0.00132704,-0.00132704,-0.00132704
21.0001,0.523599,-0.742898,-1.50479,-0.00132704,-0.00132704,-0.00132704,-0.00132704,-0.00132704,-0.00132704
21.0126,0.523599,-0.758666,-1.18501,-0.00132704,-0.00132704,-0.00132704,-0.00132704,-0.00132704,-0.00132704
21.0251,0.523599,-0.774003,-0.848359,-0.00132704,-0.00132704,-0.00132704,-0.00132704,-0.00132704,-0.00132704
21.0376,0.523599,-0.788898,-0.499634,-0.00132704,-0.00132704,-0.00132704,-0.00132704,-0.00132704,-0.00132704
21.0501,0.523599,-0.803343,-0.143797,-0.00132704,-0.00132704,-0.00132704,-0.00132704,-0.00132704,-0.00132704
21.0626,0.523599,-0.81733,0.214086,-0.00132704,-0.00132704,-0.00132704,-0.00132704,-0.00132704,-0.00132704
21.0751,0.523599,-0.830852,0.568922,-0.00132704,-0.00132704,-0.00132704,-0.00132704,-0.00132704,-0.00132704
21.0876,0.523599,-0.8439,0.915661,-0.00132704,-0.00132704,-0.00132704,-0.00132704,-0.00132704,-0.00132704
21.1001,0.523599,-0.856467,1.24937,-0.00132704,-0.00132704,-0.00132704,-0.00132704,-0.00132704,-0.00132704
21.1126,0.523599,-0.868546,1.56529,-0.00132704,-0.00132704,-0.00132704,-0.00132704,-0.00132704,-0.00132704
21.1251,0.523599,-0.88013,1.85893,-0.00132704,-0.00132704,-0.00132704,-0.00132704,-0.00132704,-0.00132704
21.1376,0.523599,-0.891212,2.12612,-0.00132704,-0.00132704,-0.00132704,-0.00132704,-0.00132704,-0.00132704
21.1501,0.523599,-0.901786,2.36305,-0.00132704,-0.00132704,-0.00132704,-0.00132704,-0.00132704,-0.00132704
21.1626,0.523599,-0.911847,2.56634,-0.00132704,-0.00132704,-0.00132704,-0.00132704,-0.00132704,-0.00132704
21.1751,0.523599,-0.921387,2.7331,-0.00132704,-0.00132704,-0.00132704,-0.00132704,-0.00132704,-0.00132704
21.1876,0.523599,-0.930402,2.86096,-0.00132704,-0.00132704,-0.00132704,-0.00132704,-0.00132704,-0.00132704
21.2001,0.523599,-0.938887,2.94811,-0.00132704,-0.00132704,-0.00132704,-0.00132704,-0.00132704,-0.00132704
21.2126,0.523599,-0.946837,2.99329,-0.00132704,-0.00132704,-0.00132704,-0.00132704,-0.00132704,-0.00132704
21.2251,0.523599,-0.954248,2.99587,-0.00132704,-0.00132704,-0.00132704,-0.00132704,-0.00132704,-0.00132704
21.2376,0.523599,-0.961114,2.95581,-0.00132704,-0.00132704,-0.00132704,-0.00132704,-0.00132704,-0.00132704
21.2501,0.523599,-0.967432,2.87368,-0.00132704,-0.00132704,-0.00132704,-0.00132704,-0.00132704,-0.00132704
21.2626,0.523599,-0.9732,2.75064,-0.00132704,-0.00132704,-0.00132704,-0.00132704,-0.00132704,-0.00132704
21.2751,0.523599,-0.978412,2.58846,-0.00132704,-0.00132704,-0.00132704,-0.00132704,-0.00132704,-0.00132704
21.2876,0.523599,-0.983067,2.38943,-0.00132704,-0.00132704,-0.00132704,-0.00132704,-0.00132704,-0.00132704
21.3001,0.523599,-0.987161,2.1564,-0.00132704,-0.00132704,-0.00132704,-0.00132704,-0.00132704,-0.00132704
21.3127,0.523599,-0.990693,1.89267,-0.00132704,-0.00132704,-0.00132704,-0.00132704,-0.00132704,-0.00132704
21.3252,0.523599,-0.99366,1.60201,-0.00132704,-0.00132704,-0.00132704,-0.00132704,-0.00132704,-0.00132704
21.3377,0.523599,-0.996061,1.28854,-0.00132704,-0.00132704,-0.00132704,-0.00132704,-0.00132704,-0.00132704
21.3502,0.523599,-0.997894,0.956731,-0.00132704,-0.00132704,-0.00132704,-0.00132704,-0.00132704,-0.00132704
21.3627,0.523599,-0.999158,0.611307,-0.00132704,-0.00132704,-0.00132704,-0.00132704,-0.00132704,-0.00132704
21.3752,0.523599,-0.999853,0.257182,-0.00132704,-0.00132704,-0.00132704,-0.00132704,-0.00132704,-0.00132704
21.3877,0.523599,-0.999978,-0.100604,-0.00132704,-0.00132704,-0.00132704,-0.00132704,-0.00132704,-0.00132704
21.4002,0.523599,-0.999532,-0.456957,-0.00132704,-0.00132704,-0.00132704,-0.00132704,-0.00132704,-0.00132704
21.4127,0.523599,-0.998518,-0.806807,-0.00132704,-0.00132704,-0.00132704,-0.00132704,-0.00132704,-0.00132704
21.4252,0.523599,-0.996934,-1.14517,-0.00132704,-0.00132704,-0.00132704,-0.00132704,-0.00132704,-0.00132704
21.4377,0.523599,-0.994781,-1.46724,-0.00132704,-0.00132704,-0.00132704,-0.00132704,-0.00132704,-0.00132704
21.4502,0.523599,-0.992062,-1.76842,-0.00132704,-0.00132704,-0.00132704,-0.00132704,-0.00132704,-0.00132704
21.4627,0.523599,-0.988778,-2.04444,-0.00132704,-0.00132704,-0.00132704,-0.00132704,-0.00132704,-0.00132704
21.4752,0.523599,-0.984929,-2.29135,-0.00132704,-0.00132704,-0.00132704,-0.00132704,-0.00132704,-0.00132704
21.4877,0.523599,-0.98052,-2.50565,-0.00132704,-0.00132704,-0.00132704,-0.00132704,-0.00132704,-0.00132704
21.5002,0.523599,-0.975551,-2.68429,-0.00132704,-0.00132704,-0.00132704,-0.00132704,-0.00132704,-0.00132704
21.5127,0.523599,-0.970027,-2.82472,-0.00132704,-0.00132704,-0.00132704,-0.00132704,-0.00132704,-0.00132704
21.5252,0.523599,-0.963949,-2.92495,-0.00132704,-0.00132704,-0.00132704,-0.00132704,-0.00132704,-0.00132704
21.5377,0.523599,-0.957323,-2.98355,-0.00132704,-0.00132704,-0.00132704,-0.00132704,-0.00132704,-0.00132704
21.5502,0.523599,-0.95015,-2.99968,-0.00132704,-0.00132704,-0.00132704,-0.00132704,-0.00132704,-0.00132704
21.5627,0.523599,-0.942436,-2.97312,-0.00132704,-0.00132704,-0.00132704,-0.00132704,-0.00132704,-0.00132704
21.5752,0.523599,-0.934185,-2.90424,-0.00132704,-0.00132704,-0.00132704,-0.00132704,-0.00132704,-0.00132704
21.5877,0.523599,-0.925401,-2.79402,-0.00132704,-0.00132704,-0.00132704,-0.00132704,-0.00132704,-0.00132704
21.6002,0.523599,-0.91609,-2.64404,-0.00132704,-0.00132704,-0.00132704,-0.00132704,-0.00132704,-0.00132704
21.6127,0.523599,-0.906257,-2.45642,-0.00132704,-0.00132704,-0.00132704,-0.00132704,-0.00132704,-0.00132704
21.6252,0.523599,-0.895907,-2.23384,-0.00132704,-0.00132704,-0.00132704,-0.00132704,-0.00132704,-0.00132704
21.6377,0.523599,-0.885047,-1.97947,-0.00132704,-0.00132704,-0.00132704,-0.00132704,-0.00132704,-0.00132704
21.6502,0.523599,-0.873682,-1.69692,-0.00132704,-0.00132704,-0.00132704,-0.00132704,-0.00132704,-0.00132704
21.6627,0.523599,-0.861819,-1.39022,-0.00132704,-0.00132704,-0.00132704,-0.00132704,-0.00132704,-0.00132704
21.6752,0.523599,-0.849465,-1.06373,-0.00132704,-0.00132704,-0.00132704,-0.00132704,-0.00132704,-0.00132704
21.6877,0.523599,-0.836627,-0.722103,-0.00132704,-0.00132704,-0.00132704,-0.00132704,-0.00132704,-0.00132704
21.7002,0.523599,-0.823311,-0.370197,-0.00132704,-0.00132704,-0.00132704,-0.00132704,-0.00132704,-0.00132704
21.7127,0.523599,-0.809527,-0.0130229,-0.00132704,-0.00132704,-0.00132704,-0.00132704,-0.00132704,-0.00132704
21.7252,0.523599,-0.795281,0.344337,-0.00132704,-0.00132704,-0.00132704,-0.00132704,-0.00132704,-0.00132704
21.7377,0.523599,-0.780582,0.696796,-0.00132704,-0.00132704,-0.00132704,-0.00132704,-0.00132704,-0.00132704
21.7502,0.523599,-0.765438,1.03934,-0.00132704,-0.00132704,-0.00132704,-0.00132704,-0.00132704,-0.00132704
21.7627,0.523599,-0.749858,1.36709,-0.00132704,-0.00132704,-0.00132704,-0.00132704,-0.00132704,-0.00132704
21.7752,0.523599,-0.73385,1.67538,-0.00132704,-0.00132704,-0.00132704,-0.00132704,-0.00132704,-0.00132704
21.7877,0.523599,-0.717424,1.95982,-0.00132704,-0.00132704,-0.00132704,-0.00132704,-0.00132704,-0.00132704
21.8002,0.523599,-0.700589,2.21637,-0.00132704,-0.00132704,-0.00132704,-0.00132704,-0.00132704,-0.00132704
21.8127,0.523599,-0.683355,2.44138,-0.00132704,-0.00132704,-0.00132704,-0.00132704,-0.00132704,-0.00132704
21.8252,0.523599,-0.665731,2.63163,-0.00132704,-0.00132704,-0.00132704,-0.00132704,-0.00132704,-0.00132704
21.8377,0.523599,-0.647728,2.78443,-0.00132704,-0.00132704,-0.00132704,-0.00132704,-0.00132704,-0.00132704
21.8502,0.523599,-0.629356,2.8976,-0.00132704,-0.00132704,-0.00132704,-0.00132704,-0.00132704,-0.00132704
21.8627,0.523599,-0.610625,2.96953,-0.00132704,-0.00132704,-0.00132704,-0.00132704,-0.00132704,-0.00132704
21.8752,0.523599,-0.591546,2.99919,-0.00132704,-0.00132704,-0.00132704,-0.00132704,-0.00132704,-0.00132704
21.8877,0.523599,-0.57213,2.98616,-0.00132704,-0.00132704,-0.00132704,-0.00132704,-0.00132704,-0.00132704
21.9002,0.523599,-0.552387,2.93063,-0.00132704,-0.00132704,-0.00132704,-0.00132704,-0.00132704,-0.00132704
21.9127,0.523599,-0.53233,2.83339,-0.00132704,-0.00132704,-0.00132704,-0.00132704,-0.00132704,-0.00132704
21.9252,0.523599,-0.51197,2.69582,-0.00132704,-0.00132704,-0.00132704,-0.00132704,-0.00132704,-0.00132704
21.9377,0.523599,-0.491317,2.51988,-0.00132704,-0.00132704,-0.00132704,-0.00132704,-0.00132704,-0.00132704
21.9502,0.523599,-0.470385,2.30808,-0.00132704,-0.00132704,-0.00132704,-0.00132704,-0.00132704,-0.00132704
21.9627,0.523599,-0.449184,2.06342,-0.00132704,-0.00132704,-0.00132704,-0.00132704,-0.00132704,-0.00132704
21.9752,0.523599,-0.427728,1.7894,-0.00132704,-0.00132704,-0.00132704,-0.00132704,-0.00132704,-0.00132704
21.9877,0.523599,-0.406027,1.4899,-0.00132704,-0.00132704,-0.00132704,-0.00132704,-0.00132704,-0.00132704
22.0002,0.523599,-0.384095,1.1692,-0.00132704,-0.00132704,-0.00132704,-0.00132704,-0.00132704,-0.00132704
22.0127,0.523599,-0.361945,0.831863,-0.00132704,-0.00132704,-0.00132704,-0.00132704,-0.00132704,-0.00132704
22.0252,0.523599,-0.339588,0.482682,-0.00132704,-0.00132704,-0.00132704,-0.00132704,-0.00132704,-0.00132704
22.0377,0.523599,-0.317037,0.126631,-0.00132704,-0.00132704,-0.00132704,-0.00132704,-0.00132704,-0.00132704
22.0502,0.523599,-0.294306,-0.231222,-0.00132704,-0.00132704,-0.00132704,-0.00132704,-0.00132704,-0.00132704
22.0627,0.523599,-0.271407,-0.585785,-0.00132704,-0.00132704,-0.00132704,-0.00132704,-0.00132704,-0.00132704
22.0752,0.523599,-0.248353,-0.932009,-0.00132704,-0.00132704,-0.00132704,-0.00132704,-0.00132704,-0.00132704
22.0877,0.523599,-0.225158,-1.26497,-0.00132704,-0.00132704,-0.00132704,-0.00132704,-0.00132704,-0.00132704
22.1002,0.523599,-0.201834,-1.57992,-0.00132704,-0.00132704,-0.00132704,-0.00132704,-0.00132704,-0.00132704
22.1127,0.523599,-0.178396,-1.87239,-0.00132704,-0.00132704,-0.00132704,-0.00132704,-0.00132704,-0.00132704
22.1252,0.523599,-0.154855,-2.13821,-0.00132704,-0.00132704,-0.00132704,-0.00132704,-0.00132704,-0.00132704
22.1377,0.523599,-0.131227,-2.37359,-0.00132704,-0.00132704,-0.00132704,-0.00132704,-0.00132704,-0.00132704
22.1502,0.523599,-0.107523,-2.57519,-0.00132704,-0.00132704,-0.00132704,-0.00132704,-0.00132704,-0.00132704
22.1627,0.523599,-0.0837586,-2.74014,-0.00132704,-0.00132704,-0.00132704,-0.00132704,-0.00132704,-0.00132704
22.1752,0.523599,-0.0599462,-2.86609,-0.00132704,-0.00132704,-0.00132704,-0.00132704,-0.00132704,-0.00132704
22.1877,0.523599,-0.0360996,-2.95124,-0.00132704,-0.00132704,-0.00132704,-0.00132704,-0.00132704,-0.00132704
22.2002,0.523599,-0.0122324,-2.99439,-0.00132704,-0.00132704,-0.00132704,-0.00132704,-0.00132704,-0.00132704
22.2127,0.523599,0.0116417,-2.99492,-0.00132704,-0.00132704,-0.00132704,-0.00132704,-0.00132704,-0.00132704
22.2252,0.523599,0.0355092,-2.95282,-0.00132704,-0.00132704,-0.00132704,-0.00132704,-0.00132704,-0.00132704
22.2377,0.523599,0.0593564,-2.86869,-0.00132704,-0.00132704,-0.00132704,-0.00132704,-0.00132704,-0.00132704
22.2502,0.523599,0.0831699,-2.74374,-0.00132704,-0.00132704,-0.00132704,-0.00132704,-0.00132704,-0.00132704
22.2627,0.523599,0.106936,-2.57973,-0.00132704,-0.00132704,-0.00132704,-0.00132704,-0.00132704,-0.00132704
22.2752,0.523599,0.130641,-2.379,-0.00132704,-0.00132704,-0.00132704,-0.00132704,-0.00132704,-0.00132704
22.2877,0.523599,0.154272,-2.14442,-0.00132704,-0.00132704,-0.00132704,-0.00132704,-0.00132704,-0.00132704
22.3002,0.523599,0.177814,-1.87931,-0.00132704,-0.00132704,-0.00132704,-0.00132704,-0.00132704,-0.00132704
22.3127,0.523599,0.201256,-1.58745,-0.00132704,-0.00132704,-0.00132704,-0.00132704,-0.00132704,-0.00132704
22.3252,0.523599,0.224582,-1.273,-0.00132704,-0.00132704,-0.00132704,-0.00132704,-0.00132704,-0.00132704
22.3377,0.523599,0.247781,-0.940429,-0.00132704,-0.00132704,-0.00132704,-0.00132704,-0.00132704,-0.00132704
22.3502,0.523599,0.270838,-0.594474,-0.00132704,-0.00132704,-0.00132704,-0.00132704,-0.00132704,-0.00132704
22.3627,0.523599,0.293741,-0.240057,-0.00132704,-0.00132704,-0.00132704,-0.00132704,-0.00132704,-0.00132704
22.3752,0.523599,0.316477,0.117776,-0.00132704,-0.00132704,-0.00132704,-0.00132704,-0.00132704,-0.00132704
22.3877,0.523599,0.339032,0.473933,-0.00132704,-0.00132704,-0.00132704,-0.00132704,-0.00132704,-0.00132704
22.4002,0.523599,0.361394,0.823345,-0.00132704,-0.00132704,-0.00132704,-0.00132704,-0.00132704,-0.00132704
22.4127,0.523599,0.38355,1.16104,-0.00132704,-0.00132704,-0.00132704,-0.00132704,-0.00132704,-0.00132704
22.4252,0.523599,0.405487,1.4822,-0.00132704,-0.00132704,-0.00132704,-0.00132704,-0.00132704,-0.00132704
22.4377,0.523599,0.427194,1.78228,-0.00132704,-0.00132704,-0.00132704,-0.00132704,-0.00132704,-0.00132704
22.4502,0.523599,0.448656,2.05698,-0.00132704,-0.00132704,-0.00132704,-0.00132704,-0.00132704,-0.00132704
22.4627,0.523599,0.469863,2.30241,-0.00132704,-0.00132704,-0.00132704,-0.00132704,-0.00132704,-0.00132704
22.4752,0.523599,0.490803,2.51506,-0.00132704,-0.00132704,-0.00132704,-0.00132704,-0.00132704,-0.00132704
22.4877,0.523599,0.511462,2.69192,-0.00132704,-0.00132704,-0.00132704,-0.00132704,-0.00132704,-0.00132704
22.5002,0.523599,0.53183,2.83047,-0.00132704,-0.00132704,-0.00132704,-0.00132704,-0.00132704,-0.00132704
22.5127,0.523599,0.551895,2.92872,-0.00132704,-0.00132704,-0.00132704,-0.00132704,-0.00132704,-0.00132704
22.5252,0.523599,0.571645,2.9853,-0.00132704,-0.00132704,-0.00132704,-0.00132704,-0.00132704,-0.00132704
22.5377,0.523599,0.59107,2.99938,-0.00132704,-0.00132704,-0.00132704,-0.00132704,-0.00132704,-0.00132704
22.5502,0.523599,0.610157,2.97077,-0.00132704,-0.00132704,-0.00132704,-0.00132704,-0.00132704,-0.00132704
22.5627,0.523599,0.628897,2.89988,-0.00132704,-0.00132704,-0.00132704,-0.00132704,-0.00132704,-0.00132704
22.5752,0.523599,0.647278,2.78772,-0.00132704,-0.00132704,-0.00132704,-0.00132704,-0.00132704,-0.00132704
22.5877,0.523599,0.665291,2.63587,-0.00132704,-0.00132704,-0.00132704,-0.00132704,-0.00132704,-0.00132704
22.6002,0.523599,0.682924,2.44651,-0.00132704,-0.00132704,-0.00132704,-0.00132704,-0.00132704,-0.00132704
22.6127,0.523599,0.700168,2.22233,-0.00132704,-0.00132704,-0.00132704,-0.00132704,-0.00132704,-0.00132704
22.6252,0.523599,0.717013,1.96652,-0.00132704,-0.00132704,-0.00132704,-0.00132704,-0.00132704,-0.00132704
22.6377,0.523599,0.733449,1.68272,-0.00132704,-0.00132704,-0.00132704,-0.00132704,-0.00132704,-0.00132704
22.6502,0.523599,0.749467,1.37497,-0.00132704,-0.00132704,-0.00132704,-0.00132704,-0.00132704,-0.00132704
22.6627,0.523599,0.765058,1.04765,-0.00132704,-0.00132704,-0.00132704,-0.00132704,-0.00132704,-0.00132704
22.6752,0.523599,0.780213,0.705412,-0.00132704,-0.00132704,-0.00132704,-0.00132704,-0.00132704,-0.00132704
22.6877,0.523599,0.794923,0.353139,-0.00132704,-0.00132704,-0.00132704,-0.00132704,-0.00132704,-0.00132704
22.7002,0.523599,0.80918,-0.00416094,-0.00132704,-0.00132704,-0.00132704,-0.00132704,-0.00132704,-0.00132704
22.7127,0.523599,0.822976,-0.361402,-0.00132704,-0.00132704,-0.00132704,-0.00132704,-0.00132704,-0.00132704
22.7252,0.523599,0.836303,-0.713498,-0.00132704,-0.00132704,-0.00132704,-0.00132704,-0.00132704,-0.00132704
22.7377,0.523599,0.849153,-1.05544,-0.00132704,-0.00132704,-0.00132704,-0.00132704,-0.00132704,-0.00132704
22.7502,0.523599,0.861519,-1.38236,-0.00132704,-0.00132704,-0.00132704,-0.00132704,-0.00132704,-0.00132704
22.7627,0.523599,0.873394,-1.6896,-0.00132704,-0.00132704,-0.00132704,-0.00132704,-0.00132704,-0.00132704
22.7752,0.523599,0.884771,-1.9728,-0.00132704,-0.00132704,-0.00132704,-0.00132704,-0.00132704,-0.00132704
22.7877,0.523599,0.895644,-2.22792,-0.00132704,-0.00132704,-0.00132704,-0.00132704,-0.00132704,-0.00132704
22.8002,0.523599,0.906007,-2.45132,-0.00132704,-0.00132704,-0.00132704,-0.00132704,-0.00132704,-0.00132704
22.8127,0.523599,0.915853,-2.63984,-0.00132704,-0.00132704,-0.00132704,-0.00132704,-0.00132704,-0.00132704
22.8252,0.523599,0.925177,-2.79078,-0.00132704,-0.00132704,-0.00132704,-0.00132704,-0.00132704,-0.00132704
22.8377,0.523599,0.933974,-2.902,-0.00132704,-0.00132704,-0.00132704,-0.00132704,-0.00132704,-0.00132704
22.8502,0.523599,0.942238,-2.97192,-0.00132704,-0.00132704,-0.00132704,-0.00132704,-0.00132704,-0.00132704
22.8627,0.523599,0.949966,-2.99954,-0.00132704,-0.00132704,-0.00132704,-0.00132704,-0.00132704,-0.00132704
22.8752,0.523599,0.957152,-2.98446,-0.00132704,-0.00132704,-0.00132704,-0.00132704,-0.00132704,-0.00132704
22.8877,0.523599,0.963792,-2.92691,-0.00132704,-0.00132704,-0.00132704,-0.00132704,-0.00132704,-0.00132704
22.9002,0.523599,0.969883,-2.8277,-0.00132704,-0.00132704,-0.00132704,-0.00132704,-0.00132704,-0.00132704
22.9127,0.523599,0.975421,-2.68824,-0.00132704,-0.00132704,-0.00132704,-0.00132704,-0.00132704,-0.00132704
22.9252,0.523599,0.980404,-2.51052,-0.00132704,-0.00132704,-0.00132704,-0.00132704,-0.00132704,-0.00132704
22.9377,0.523599,0.984827,-2.29706,-0.00132704,-0.00132704,-0.00132704,-0.00132704,-0.00132704,-0.00132704
22.9503,0.523599,0.988689,-2.05091,-0.00132704,-0.00132704,-0.00132704,-0.00132704,-0.00132704,-0.00132704
22.9628,0.523599,0.991988,-1.77557,-0.00132704,-0.00132704,-0.00132704,-0.00132704,-0.00132704,-0.00132704
22.9753,0.523599,0.994721,-1.47496,-0.00132704,-0.00132704,-0.00132704,-0.00132704,-0.00132704,-0.00132704
22.9878,0.523599,0.996887,-1.15336,-0.00132704,-0.00132704,-0.00132704,-0.00132704,-0.00132704,-0.00132704
23.0003,0.523599,0.998485,-0.815339,-0.00132704,-0.00132704,-0.00132704,-0.00132704,-0.00132704,-0.00132704
23.0128,0.523599,0.999514,-0.465714,-0.00132704,-0.00132704,-0.00132704,-0.00132704,-0.00132704,-0.00132704
23.0253,0.523599,0.999973,-0.10946,-0.00132704,-0.00132704,-0.00132704,-0.00132704,-0.00132704,-0.00132704
23.0378,0.523599,0.999863,0.248351,-0.00132704,-0.00132704,-0.00132704,-0.00132704,-0.00132704,-0.00132704
23.0503,0.523599,0.999182,0.602628,-0.00132704,-0.00132704,-0.00132704,-0.00132704,-0.00132704,-0.00132704
23.0628,0.523599,0.997932,0.948328,-0.00132704,-0.00132704,-0.00132704,-0.00132704,-0.00132704,-0.00132704
23.0753,0.523599,0.996113,1.28053,-0.00132704,-0.00132704,-0.00132704,-0.00132704,-0.00132704,-0.00132704
23.0878,0.523599,0.993726,1.59451,-0.00132704,-0.00132704,-0.00132704,-0.00132704,-0.00132704,-0.00132704
23.1003,0.523599,0.990773,1.88579,-0.00132704,-0.00132704,-0.00132704,-0.00132704,-0.00132704,-0.00132704
23.1128,0.523599,0.987255,2.15023,-0.00132704,-0.00132704,-0.00132704,-0.00132704,-0.00132704,-0.00132704
23.1253,0.523599,0.983175,2.38406,-0.00132704,-0.00132704,-0.00132704,-0.00132704,-0.00132704,-0.00132704
23.1378,0.523599,0.978534,2.58397,-0.00132704,-0.00132704,-0.00132704,-0.00132704,-0.00132704,-0.00132704
23.1503,0.523599,0.973335,2.74709,-0.00132704,-0.00132704,-0.00132704,-0.00132704,-0.00132704,-0.00132704
23.1628,0.523599,0.967582,2.87112,-0.00132704,-0.00132704,-0.00132704,-0.00132704,-0.00132704,-0.00132704
23.1753,0.523599,0.961277,2.95428,-0.00132704,-0.00132704,-0.00132704,-0.00132704,-0.00132704,-0.00132704
23.1878,0.523599,0.954424,2.99539,-0.00132704,-0.00132704,-0.00132704,-0.00132704,-0.00132704,-0.00132704
23.2003,0.523599,0.947027,2.99387,-0.00132704,-0.00132704,-0.00132704,-0.00132704,-0.00132704,-0.00132704
23.2128,0.523599,0.939091,2.94974,-0.00132704,-0.00132704,-0.00132704,-0.00132704,-0.00132704,-0.00132704
23.2253,0.523599,0.930619,2.86362,-0.00132704,-0.00132704,-0.00132704,-0.00132704,-0.00132704,-0.00132704
23.2378,0.523599,0.921617,2.73674,-0.00132704,-0.00132704,-0.00132704,-0.00132704,-0.00132704,-0.00132704
23.2503,0.523599,0.912089,2.57092,-0.00132704,-0.00132704,-0.00132704,-0.00132704,-0.00132704,-0.00132704
23.2628,0.523599,0.902042,2.36849,-0.00132704,-0.00132704,-0.00132704,-0.00132704,-0.00132704,-0.00132704
23.2753,0.523599,0.89148,2.13236,-0.00132704,-0.00132704,-0.00132704,-0.00132704,-0.00132704,-0.00132704
23.2878,0.523599,0.88041,1.86588,-0.00132704,-0.00132704,-0.00132704,-0.00132704,-0.00132704,-0.00132704
23.3003,0.523599,0.868839,1.57284,-0.00132704,-0.00132704,-0.00132704,-0.00132704,-0.00132704,-0.00132704
23.3128,0.523599,0.856772,1.25742,-0.00132704,-0.00132704,-0.00132704,-0.00132704,-0.00132704,-0.00132704
23.3253,0.523599,0.844217,0.924096,-0.00132704,-0.00132704,-0.00132704,-0.00132704,-0.00132704,-0.00132704
23.3378,0.523599,0.831181,0.577621,-0.00132704,-0.00132704,-0.00132704,-0.00132704,-0.00132704,-0.00132704
23.3503,0.523599,0.817671,0.222924,-0.00132704,-0.00132704,-0.00132704,-0.00132704,-0.00132704,-0.00132704
23.3628,0.523599,0.803695,-0.134945,-0.00132704,-0.00132704,-0.00132704,-0.00132704,-0.00132704,-0.00132704
23.3753,0.523599,0.78926,-0.490893,-0.00132704,-0.00132704,-0.00132704,-0.00132704,-0.00132704,-0.00132704
23.3878,0.523599,0.774376,-0.839855,-0.00132704,-0.00132704,-0.00132704,-0.00132704,-0.00132704,-0.00132704
23.4003,0.523599,0.759051,-1.17686,-0.00132704,-0.00132704,-0.00132704,-0.00132704,-0.00132704,-0.00132704
23.4128,0.523599,0.743293,-1.49712,-0.00132704,-0.00132704,-0.00132704,-0.00132704,-0.00132704,-0.00132704
23.4253,0.523599,0.727111,-1.79607,-0.00132704,-0.00132704,-0.00132704,-0.00132704,-0.00132704,-0.00132704
23.4378,0.523599,0.710515,-2.06945,-0.00132704,-0.00132704,-0.00132704,-0.00132704,-0.00132704,-0.00132704
23.4503,0.523599,0.693514,-2.31338,-0.00132704,-0.00132704,-0.00132704,-0.00132704,-0.00132704,-0.00132704
23.4628,0.523599,0.676118,-2.52439,-0.00132704,-0.00132704,-0.00132704,-0.00132704,-0.00132704,-0.00132704
23.4753,0.523599,0.658336,-2.69946,-0.00132704,-0.00132704,-0.00132704,-0.00132704,-0.00132704,-0.00132704
23.4878,0.523599,0.640179,-2.83611,-0.00132704,-0.00132704,-0.00132704,-0.00132704,-0.00132704,-0.00132704
23.5003,0.523599,0.621657,-2.9324,-0.00132704,-0.00132704,-0.00132704,-0.00132704,-0.00132704,-0.00132704
23.5128,0.523599,0.602781,-2.98695,-0.00132704,-0.00132704,-0.00132704,-0.00132704,-0.00132704,-0.00132704
23.5253,0.523599,0.583561,-2.99898,-0.00132704,-0.00132704,-0.00132704,-0.00132704,-0.00132704,-0.00132704
23.5378,0.523599,0.564009,-2.96833,-0.00132704,-0.00132704,-0.00132704,-0.00132704,-0.00132704,-0.00132704
23.5503,0.523599,0.544135,-2.89543,-0.00132704,-0.00132704,-0.00132704,-0.00132704,-0.00132704,-0.00132704
23.5628,0.523599,0.523951,-2.78132,-0.00132704,-0.00132704,-0.00132704,-0.00132704,-0.00132704,-0.00132704
23.5753,0.523599,0.503469,-2.62763,-0.00132704,-0.00132704,-0.00132704,-0.00132704,-0.00132704,-0.00132704
23.5878,0.523599,0.482699,-2.43653,-0.00132704,-0.00132704,-0.00132704,-0.00132704,-0.00132704,-0.00132704
23.6003,0.523599,0.461654,-2.21075,-0.00132704,-0.00132704,-0.00132704,-0.00132704,-0.00132704,-0.00132704
23.6128,0.523599,0.440346,-1.95351,-0.00132704,-0.00132704,-0.00132704,-0.00132704,-0.00132704,-0.00132704
23.6253,0.523599,0.418788,-1.66847,-0.00132704,-0.00132704,-0.00132704,-0.00132704,-0.00132704,-0.00132704
23.6378,0.523599,0.39699,-1.35967,-0.00132704,-0.00132704,-0.00132704,-0.00132704,-0.00132704,-0.00132704
23.6503,0.523599,0.374966,-1.03153,-0.00132704,-0.00132704,-0.00132704,-0.00132704,-0.00132704,-0.00132704
23.6628,0.523599,0.352729,-0.688699,-0.00132704,-0.00132704,-0.00132704,-0.00132704,-0.00132704,-0.00132704
23.6753,0.523599,0.33029,-0.336069,-0.00132704,-0.00132704,-0.00132704,-0.00132704,-0.00132704,-0.00132704
23.6878,0.523599,0.307663,0.0213447,-0.00132704,-0.00132704,-0.00132704,-0.00132704,-0.00132704,-0.00132704
23.7003,0.523599,0.284861,0.378454,-0.00132704,-0.00132704,-0.00132704,-0.00132704,-0.00132704,-0.00132704
23.7128,0.523599,0.261897,0.730177,-0.00132704,-0.00132704,-0.00132704,-0.00132704,-0.00132704,-0.00132704
23.7253,0.523599,0.238783,1.07151,-0.00132704,-0.00132704,-0.00132704,-0.00132704,-0.00132704,-0.00132704
23.7378,0.523599,0.215533,1.39759,-0.00132704,-0.00132704,-0.00132704,-0.00132704,-0.00132704,-0.00132704
23.7503,0.523599,0.19216,1.70377,-0.00132704,-0.00132704,-0.00132704,-0.00132704,-0.00132704,-0.00132704
23.7628,0.523599,0.168678,1.98571,-0.00132704,-0.00132704,-0.00132704,-0.00132704,-0.00132704,-0.00132704
23.7753,0.523599,0.145099,2.23939,-0.00132704,-0.00132704,-0.00132704,-0.00132704,-0.00132704,-0.00132704
23.7878,0.523599,0.121438,2.46119,-0.00132704,-0.00132704,-0.00132704,-0.00132704,-0.00132704,-0.00132704
23.8003,0.523599,0.0977078,2.64796,-0.00132704,-0.00132704,-0.00132704,-0.00132704,-0.00132704,-0.00132704
23.8128,0.523599,0.0739218,2.79704,-0.00132704,-0.00132704,-0.00132704,-0.00132704,-0.00132704,-0.00132704
23.8253,0.523599,0.0500936,2.90631,-0.00132704,-0.00132704,-0.00132704,-0.00132704,-0.00132704,-0.00132704
23.8378,0.523599,0.0262369,2.97422,-0.00132704,-0.00132704,-0.00132704,-0.00132704,-0.00132704,-0.00132704
23.8503,0.523599,0.00236519,2.99979,-0.00132704,-0.00132704,-0.00132704,-0.00132704,-0.00132704,-0.00132704
23.8628,0.523599,-0.0215078,2.98267,-0.00132704,-0.00132704,-0.00132704,-0.00132704,-0.00132704,-0.00132704
23.8753,0.523599,-0.0453686,2.92309,-0.00132704,-0.00132704,-0.00132704,-0.00132704,-0.00132704,-0.00132704
23.8878,0.523599,-0.0692035,2.82191,-0.00132704,-0.00132704,-0.00132704,-0.00132704,-0.00132704,-0.00132704
23.9003,0.523599,-0.092999,2.68057,-0.00132704,-0.00132704,-0.00132704,-0.00132704,-0.00132704,-0.00132704
23.9128,0.523599,-0.116741,2.50107,-0.00132704,-0.00132704,-0.00132704,-0.00132704,-0.00132704,-0.00132704
23.9253,0.523599,-0.140417,2.28597,-0.00132704,-0.00132704,-0.00132704,-0.00132704,-0.00132704,-0.00132704
23.9378,0.523599,-0.164013,2.03834,-0.00132704,-0.00132704,-0.00132704,-0.00132704,-0.00132704,-0.00132704
23.9503,0.523599,-0.187516,1.76169,-0.00132704,-0.00132704,-0.00132704,-0.00132704,-0.00132704,-0.00132704
23.9628,0.523599,-0.210911,1.45998,-0.00132704,-0.00132704,-0.00132704,-0.00132704,-0.00132704,-0.00132704
23.9753,0.523599,-0.234187,1.13748,-0.00132704,-0.00132704,-0.00132704,-0.00132704,-0.00132704,-0.00132704
23.9878,0.523599,-0.257328,0.798789,-0.00132704,-0.00132704,-0.00132704,-0.00132704,-0.00132704,-0.00132704
24.0003,0.523599,-0.280324,0.448731,-0.00132704,-0.00132704,-0.00132704,-0.00132704,-0.00132704,-0.00132704
24.0128,0.523599,-0.303159,0.0922861,-0.00132704,-0.00132704,-0.00132704,-0.00132704,-0.00132704,-0.00132704
24.0253,0.523599,-0.325822,-0.265472,-0.00132704,-0.00132704,-0.00132704,-0.00132704,-0.00132704,-0.00132704
24.0378,0.523599,-0.348298,-0.619452,-0.00132704,-0.00132704,-0.00132704,-0.00132704,-0.00132704,-0.00132704
24.0503,0.523599,-0.370577,-0.964615,-0.00132704,-0.00132704,-0.00132704,-0.00132704,-0.00132704,-0.00132704
24.0628,0.523599,-0.392644,-1.29605,-0.00132704,-0.00132704,-0.00132704,-0.00132704,-0.00132704,-0.00132704
24.0753,0.523599,-0.414487,-1.60904,-0.00132704,-0.00132704,-0.00132704,-0.00132704,-0.00132704,-0.00132704
24.0878,0.523599,-0.436094,-1.89912,-0.00132704,-0.00132704,-0.00132704,-0.00132704,-0.00132704,-0.00132704
24.1003,0.523599,-0.457453,-2.16217,-0.00132704,-0.00132704,-0.00132704,-0.00132704,-0.00132704,-0.00132704
24.1128,0.523599,-0.478551,-2.39446,-0.00132704,-0.00132704,-0.00132704,-0.00132704,-0.00132704,-0.00132704
24.1253,0.523599,-0.499376,-2.59265,-0.00132704,-0.00132704,-0.00132704,-0.00132704,-0.00132704,-0.00132704
24.1378,0.523599,-0.519916,-2.75395,-0.00132704,-0.00132704,-0.00132704,-0.00132704,-0.00132704,-0.00132704
24.1503,0.523599,-0.54016,-2.87605,-0.00132704,-0.00132704,-0.00132704,-0.00132704,-0.00132704,-0.00132704
24.1628,0.523599,-0.560097,-2.95722,-0.00132704,-0.00132704,-0.00132704,-0.00132704,-0.00132704,-0.00132704
24.1753,0.523599,-0.579713,-2.99629,-0.00132704,-0.00132704,-0.00132704,-0.00132704,-0.00132704,-0.00132704
24.1878,0.523599,-0.599,-2.99272,-0.00132704,-0.00132704,-0.00132704,-0.00132704,-0.00132704,-0.00132704
24.2003,0.523599,-0.617945,-2.94656,-0.00132704,-0.00132704,-0.00132704,-0.00132704,-0.00132704,-0.00132704
24.2128,0.523599,-0.636538,-2.85845,-0.00132704,-0.00132704,-0.00132704,-0.00132704,-0.00132704,-0.00132704
24.2253,0.523599,-0.654768,-2.72966,-0.00132704,-0.00132704,-0.00132704,-0.00132704,-0.00132704,-0.00132704
24.2378,0.523599,-0.672625,-2.56202,-0.00132704,-0.00132704,-0.00132704,-0.00132704,-0.00132704,-0.00132704
24.2503,0.523599,-0.690099,-2.35791,-0.00132704,-0.00132704,-0.00132704,-0.00132704,-0.00132704,-0.00132704
24.2628,0.523599,-0.707179,-2.12024,-0.00132704,-0.00132704,-0.00132704,-0.00132704,-0.00132704,-0.00132704
24.2753,0.523599,-0.723856,-1.8524,-0.00132704,-0.00132704,-0.00132704,-0.00132704,-0.00132704,-0.00132704
24.2878,0.523599,-0.74012,-1.55818,-0.00132704,-0.00132704,-0.00132704,-0.00132704,-0.00132704,-0.00132704
24.3003,0.523599,-0.755963,-1.2418,-0.00132704,-0.00132704,-0.00132704,-0.00132704,-0.00132704,-0.00132704
24.3128,0.523599,-0.771375,-0.907732,-0.00132704,-0.00132704,-0.00132704,-0.00132704,-0.00132704,-0.00132704
24.3253,0.523599,-0.786347,-0.560749,-0.00132704,-0.00132704,-0.00132704,-0.00132704,-0.00132704,-0.00132704
24.3378,0.523599,-0.800871,-0.205784,-0.00132704,-0.00132704,-0.00132704,-0.00132704,-0.00132704,-0.00132704
24.3503,0.523599,-0.814938,0.152109,-0.00132704,-0.00132704,-0.00132704,-0.00132704,-0.00132704,-0.00132704
24.3628,0.523599,-0.828541,0.507838,-0.00132704,-0.00132704,-0.00132704,-0.00132704,-0.00132704,-0.00132704
24.3753,0.523599,-0.841672,0.856338,-0.00132704,-0.00132704,-0.00132704,-0.00132704,-0.00132704,-0.00132704
24.3878,0.523599,-0.854323,1.19265,-0.00132704,-0.00132704,-0.00132704,-0.00132704,-0.00132704,-0.00132704
24.4003,0.523599,-0.866487,1.51199,-0.00132704,-0.00132704,-0.00132704,-0.00132704,-0.00132704,-0.00132704
24.4128,0.523599,-0.878157,1.8098,-0.00132704,-0.00132704,-0.00132704,-0.00132704,-0.00132704,-0.00132704
24.4253,0.523599,-0.889327,2.08186,-0.00132704,-0.00132704,-0.00132704,-0.00132704,-0.00132704,-0.00132704
24.4378,0.523599,-0.89999,2.32429,-0.00132704,-0.00132704,-0.00132704,-0.00132704,-0.00132704,-0.00132704
24.4503,0.523599,-0.910139,2.53363,-0.00132704,-0.00132704,-0.00132704,-0.00132704,-0.00132704,-0.00132704
24.4628,0.523599,-0.91977,2.70691,-0.00132704,-0.00132704,-0.00132704,-0.00132704,-0.00132704,-0.00132704
24.4753,0.523599,-0.928877,2.84167,-0.00132704,-0.00132704,-0.00132704,-0.00132704,-0.00132704,-0.00132704
24.4878,0.523599,-0.937455,2.93598,-0.00132704,-0.00132704,-0.00132704,-0.00132704,-0.00132704,-0.00132704
24.5003,0.523599,-0.945498,2.9885,-0.00132704,-0.00132704,-0.00132704,-0.00132704,-0.00132704,-0.00132704
24.5128,0.523599,-0.953002,2.99848,-0.00132704,-0.00132704,-0.00132704,-0.00132704,-0.00132704,-0.00132704
24.5253,0.523599,-0.959963,2.96579,-0.00132704,-0.00132704,-0.00132704,-0.00132704,-0.00132704,-0.00132704
24.5378,0.523599,-0.966376,2.89089,-0.00132704,-0.00132704,-0.00132704,-0.00132704,-0.00132704,-0.00132704
24.5503,0.523599,-0.972239,2.77484,-0.00132704,-0.00132704,-0.00132704,-0.00132704,-0.00132704,-0.00132704
24.5628,0.523599,-0.977548,2.61929,-0.00132704,-0.00132704,-0.00132704,-0.00132704,-0.00132704,-0.00132704
24.5753,0.523599,-0.9823,2.42646,-0.00132704,-0.00132704,-0.00132704,-0.00132704,-0.00132704,-0.00132704
24.5879,0.523599,-0.986491,2.1991,-0.00132704,-0.00132704,-0.00132704,-0.00132704,-0.00132704,-0.00132704
24.6004,0.523599,-0.990121,1.94044,-0.00132704,-0.00132704,-0.00132704,-0.00132704,-0.00132704,-0.00132704
24.6129,0.523599,-0.993186,1.65416,-0.00132704,-0.00132704,-0.00132704,-0.00132704,-0.00132704,-0.00132704
24.6254,0.523599,-0.995685,1.34433,-0.00132704,-0.00132704,-0.00132704,-0.00132704,-0.00132704,-0.00132704
24.6379,0.523599,-0.997617,1.01537,-0.00132704,-0.00132704,-0.00132704,-0.00132704,-0.00132704,-0.00132704
24.6504,0.523599,-0.99898,0.671963,-0.00132704,-0.00132704,-0.00132704,-0.00132704,-0.00132704,-0.00132704
24.6629,0.523599,-0.999773,0.318988,-0.00132704,-0.00132704,-0.00132704,-0.00132704,-0.00132704,-0.00132704
24.6754,0.523599,-0.999997,-0.0385277,-0.00132704,-0.00132704,-0.00132704,-0.00132704,-0.00132704,-0.00132704
24.6879,0.523599,-0.99965,-0.395495,-0.00132704,-0.00132704,-0.00132704,-0.00132704,-0.00132704,-0.00132704
24.7004,0.523599,-0.998734,-0.746832,-0.00132704,-0.00132704,-0.00132704,-0.00132704,-0.00132704,-0.00132704
24.7129,0.523599,-0.997249,-1.08754,-0.00132704,-0.00132704,-0.00132704,-0.00132704,-0.00132704,-0.00132704
24.7254,0.523599,-0.995195,-1.41277,-0.00132704,-0.00132704,-0.00132704,-0.00132704,-0.00132704,-0.00132704
24.7379,0.523599,-0.992574,-1.71789,-0.00132704,-0.00132704,-0.00132704,-0.00132704,-0.00132704,-0.00132704
24.7504,0.523599,-0.989388,-1.99856,-0.00132704,-0.00132704,-0.00132704,-0.00132704,-0.00132704,-0.00132704
24.7629,0.523599,-0.985637,-2.25078,-0.00132704,-0.00132704,-0.00132704,-0.00132704,-0.00132704,-0.00132704
24.7754,0.523599,-0.981324,-2.47097,-0.00132704,-0.00132704,-0.00132704,-0.00132704,-0.00132704,-0.00132704
24.7879,0.523599,-0.976453,-2.65599,-0.00132704,-0.00132704,-0.00132704,-0.00132704,-0.00132704,-0.00132704
24.8004,0.523599,-0.971024,-2.80321,-0.00132704,-0.00132704,-0.00132704,-0.00132704,-0.00132704,-0.00132704
24.8129,0.523599,-0.965043,-2.91052,-0.00132704,-0.00132704,-0.00132704,-0.00132704,-0.00132704,-0.00132704
24.8254,0.523599,-0.958511,-2.97642,-0.00132704,-0.00132704,-0.00132704,-0.00132704,-0.00132704,-0.00132704
24.8379,0.523599,-0.951433,-2.99994,-0.00132704,-0.00132704,-0.00132704,-0.00132704,-0.00132704,-0.00132704
24.8504,0.523599,-0.943812,-2.98077,-0.00132704,-0.00132704,-0.00132704,-0.00132704,-0.00132704,-0.00132704
24.8629,0.523599,-0.935654,-2.91918,-0.00132704,-0.00132704,-0.00132704,-0.00132704,-0.00132704,-0.00132704
24.8754,0.523599,-0.926962,-2.81603,-0.00132704,-0.00132704,-0.00132704,-0.00132704,-0.00132704,-0.00132704
24.8879,0.523599,-0.917742,-2.67281,-0.00132704,-0.00132704,-0.00132704,-0.00132704,-0.00132704,-0.00132704
24.9004,0.523599,-0.907999,-2.49154,-0.00132704,-0.00132704,-0.00132704,-0.00132704,-0.00132704,-0.00132704
24.9129,0.523599,-0.897738,-2.27481,-0.00132704,-0.00132704,-0.00132704,-0.00132704,-0.00132704,-0.00132704
24.9254,0.523599,-0.886966,-2.0257,-0.00132704,-0.00132704,-0.00132704,-0.00132704,-0.00132704,-0.00132704
24.9379,0.523599,-0.875688,-1.74776,-0.00132704,-0.00132704,-0.00132704,-0.00132704,-0.00132704,-0.00132704
24.9504,0.523599,-0.863911,-1.44494,-0.00132704,-0.00132704,-0.00132704,-0.00132704,-0.00132704,-0.00132704
24.9629,0.523599,-0.851642,-1.12156,-0.00132704,-0.00132704,-0.00132704,-0.00132704,-0.00132704,-0.00132704
24.9754,0.523599,-0.838887,-0.782212,-0.00132704,-0.00132704,-0.00132704,-0.00132704,-0.00132704,-0.00132704
24.9879,0.523599,-0.825654,-0.431733,-0.00132704,-0.00132704,-0.00132704,-0.00132704,-0.00132704,-0.00132704
25.0004,0.523599,-0.81195,-0.0751089,-0.00132704,-0.00132704,-0.00132704,-0.00132704,-0.00132704,-0.00132704
25.0129,0.523599,-0.797784,0.282584,-0.00132704,-0.00132704,-0.00132704,-0.00132704,-0.00132704,-0.00132704
25.0254,0.523599,-0.783163,0.636255,-0.00132704,-0.00132704,-0.00132704,-0.00132704,-0.00132704,-0.00132704
25.0379,0.523599,-0.768095,0.98087,-0.00132704,-0.00132704,-0.00132704,-0.00132704,-0.00132704,-0.00132704
25.0504,0.523599,-0.75259,1.31152,-0.00132704,-0.00132704,-0.00132704,-0.00132704,-0.00132704,-0.00132704
25.0629,0.523599,-0.736656,1.62351,-0.00132704,-0.00132704,-0.00132704,-0.00132704,-0.00132704,-0.00132704
25.0754,0.523599,-0.720302,1.91239,-0.00132704,-0.00132704,-0.00132704,-0.00132704,-0.00132704,-0.00132704
25.0879,0.523599,-0.703537,2.17405,-0.00132704,-0.00132704,-0.00132704,-0.00132704,-0.00132704,-0.00132704
25.1004,0.523599,-0.686372,2.40477,-0.00132704,-0.00132704,-0.00132704,-0.00132704,-0.00132704,-0.00132704
25.1129,0.523599,-0.668815,2.60126,-0.00132704,-0.00132704,-0.00132704,-0.00132704,-0.00132704,-0.00132704
25.1254,0.523599,-0.650877,2.76072,-0.00132704,-0.00132704,-0.00132704,-0.00132704,-0.00132704,-0.00132704
25.1379,0.523599,-0.632568,2.88089,-0.00132704,-0.00132704,-0.00132704,-0.00132704,-0.00132704,-0.00132704
25.1504,0.523599,-0.613898,2.96006,-0.00132704,-0.00132704,-0.00132704,-0.00132704,-0.00132704,-0.00132704
25.1629,0.523599,-0.594878,2.9971,-0.00132704,-0.00132704,-0.00132704,-0.00132704,-0.00132704,-0.00132704
25.1754,0.523599,-0.57552,2.99148,-0.00132704,-0.00132704,-0.00132704,-0.00132704,-0.00132704,-0.00132704
25.1879,0.523599,-0.555833,2.94328,-0.00132704,-0.00132704,-0.00132704,-0.00132704,-0.00132704,-0.00132704
25.2004,0.523599,-0.53583,2.85319,-0.00132704,-0.00132704,-0.00132704,-0.00132704,-0.00132704,-0.00132704
25.2129,0.523599,-0.515521,2.72249,-0.00132704,-0.00132704,-0.00132704,-0.00132704,-0.00132704,-0.00132704
25.2254,0.523599,-0.494918,2.55304,-0.00132704,-0.00132704,-0.00132704,-0.00132704,-0.00132704,-0.00132704
25.2379,0.523599,-0.474034,2.34725,-0.00132704,-0.00132704,-0.00132704,-0.00132704,-0.00132704,-0.00132704
25.2504,0.523599,-0.452879,2.10805,-0.00132704,-0.00132704,-0.00132704,-0.00132704,-0.00132704,-0.00132704
25.2629,0.523599,-0.431466,1.83885,-0.00132704,-0.00132704,-0.00132704,-0.00132704,-0.00132704,-0.00132704
25.2754,0.523599,-0.409807,1.54347,-0.00132704,-0.00132704,-0.00132704,-0.00132704,-0.00132704,-0.00132704
25.2879,0.523599,-0.387914,1.22613,-0.00132704,-0.00132704,-0.00132704,-0.00132704,-0.00132704,-0.00132704
25.3004,0.523599,-0.365801,0.891339,-0.00132704,-0.00132704,-0.00132704,-0.00132704,-0.00132704,-0.00132704
25.3129,0.523599,-0.343478,0.543859,-0.00132704,-0.00132704,-0.00132704,-0.00132704,-0.00132704,-0.00132704
25.3254,0.523599,-0.32096,0.188638,-0.00132704,-0.00132704,-0.00132704,-0.00132704,-0.00132704,-0.00132704
25.3379,0.523599,-0.29826,-0.169268,-0.00132704,-0.00132704,-0.00132704,-0.00132704,-0.00132704,-0.00132704
25.3504,0.523599,-0.275389,-0.524765,-0.00132704,-0.00132704,-0.00132704,-0.00132704,-0.00132704,-0.00132704
25.3629,0.523599,-0.252361,-0.872793,-0.00132704,-0.00132704,-0.00132704,-0.00132704,-0.00132704,-0.00132704
25.3754,0.523599,-0.229189,-1.2084,-0.00132704,-0.00132704,-0.00132704,-0.00132704,-0.00132704,-0.00132704
25.3879,0.523599,-0.205887,-1.5268,-0.00132704,-0.00132704,-0.00132704,-0.00132704,-0.00132704,-0.00132704
25.4004,0.523599,-0.182467,-1.82348,-0.00132704,-0.00132704,-0.00132704,-0.00132704,-0.00132704,-0.00132704
25.4129,0.523599,-0.158944,-2.0942,-0.00132704,-0.00132704,-0.00132704,-0.00132704,-0.00132704,-0.00132704
25.4254,0.523599,-0.135329,-2.33511,-0.00132704,-0.00132704,-0.00132704,-0.00132704,-0.00132704,-0.00132704
25.4379,0.523599,-0.111638,-2.54279,-0.00132704,-0.00132704,-0.00132704,-0.00132704,-0.00132704,-0.00132704
25.4504,0.523599,-0.0878829,-2.71428,-0.00132704,-0.00132704,-0.00132704,-0.00132704,-0.00132704,-0.00132704
25.4629,0.523599,-0.0640778,-2.84713,-0.00132704,-0.00132704,-0.00132704,-0.00132704,-0.00132704,-0.00132704
25.4754,0.523599,-0.0402362,-2.93946,-0.00132704,-0.00132704,-0.00132704,-0.00132704,-0.00132704,-0.00132704
25.4879,0.523599,-0.0163716,-2.98995,-0.00132704,-0.00132704,-0.00132704,-0.00132704,-0.00132704,-0.00132704
25.5004,0.523599,0.00750229,-2.99789,-0.00132704,-0.00132704,-0.00132704,-0.00132704,-0.00132704,-0.00132704
25.5129,0.523599,0.0313719,-2.96316,-0.00132704,-0.00132704,-0.00132704,-0.00132704,-0.00132704,-0.00132704
25.5254,0.523599,0.0552237,-2.88625,-0.00132704,-0.00132704,-0.00132704,-0.00132704,-0.00132704,-0.00132704
25.5379,0.523599,0.0790439,-2.76826,-0.00132704,-0.00132704,-0.00132704,-0.00132704,-0.00132704,-0.00132704
25.5504,0.523599,0.102819,-2.61087,-0.00132704,-0.00132704,-0.00132704,-0.00132704,-0.00132704,-0.00132704
25.5629,0.523599,0.126536,-2.41632,-0.00132704,-0.00132704,-0.00132704,-0.00132704,-0.00132704,-0.00132704
25.5754,0.523599,0.15018,-2.18738,-0.00132704,-0.00132704,-0.00132704,-0.00132704,-0.00132704,-0.00132704
25.5879,0.523599,0.173739,-1.9273,-0.00132704,-0.00132704,-0.00132704,-0.00132704,-0.00132704,-0.00132704
25.6004,0.523599,0.197199,-1.63979,-0.00132704,-0.00132704,-0.00132704,-0.00132704,-0.00132704,-0.00132704
25.6129,0.523599,0.220546,-1.32895,-0.00132704,-0.00132704,-0.00132704,-0.00132704,-0.00132704,-0.00132704
25.6254,0.523599,0.243768,-0.999187,-0.00132704,-0.00132704,-0.00132704,-0.00132704,-0.00132704,-0.00132704
25.6379,0.523599,0.266851,-0.655204,-0.00132704,-0.00132704,-0.00132704,-0.00132704,-0.00132704,-0.00132704
25.6504,0.523599,0.289782,-0.301896,-0.00132704,-0.00132704,-0.00132704,-0.00132704,-0.00132704,-0.00132704
25.6629,0.523599,0.312547,0.0557095,-0.00132704,-0.00132704,-0.00132704,-0.00132704,-0.00132704,-0.00132704
25.6754,0.523599,0.335135,0.412522,-0.00132704,-0.00132704,-0.00132704,-0.00132704,-0.00132704,-0.00132704
25.6879,0.523599,0.357531,0.763463,-0.00132704,-0.00132704,-0.00132704,-0.00132704,-0.00132704,-0.00132704
25.7004,0.523599,0.379724,1.10354,-0.00132704,-0.00132704,-0.00132704,-0.00132704,-0.00132704,-0.00132704
25.7129,0.523599,0.4017,1.42791,-0.00132704,-0.00132704,-0.00132704,-0.00132704,-0.00132704,-0.00132704
25.7254,0.523599,0.423447,1.73195,-0.00132704,-0.00132704,-0.00132704,-0.00132704,-0.00132704,-0.00132704
25.7379,0.523599,0.444953,2.01134,-0.00132704,-0.00132704,-0.00132704,-0.00132704,-0.00132704,-0.00132704
25.7504,0.523599,0.466205,2.26211,-0.00132704,-0.00132704,-0.00132704,-0.00132704,-0.00132704,-0.00132704
25.7629,0.523599,0.487192,2.48068,-0.00132704,-0.00132704,-0.00132704,-0.00132704,-0.00132704,-0.00132704
25.7754,0.523599,0.5079,2.66394,-0.00132704,-0.00132704,-0.00132704,-0.00132704,-0.00132704,-0.00132704
25.7879,0.523599,0.52832,2.80928,-0.00132704,-0.00132704,-0.00132704,-0.00132704,-0.00132704,-0.00132704
25.8004,0.523599,0.548438,2.91464,-0.00132704,-0.00132704,-0.00132704,-0.00132704,-0.00132704,-0.00132704
25.8129,0.523599,0.568244,2.97852,-0.00132704,-0.00132704,-0.00132704,-0.00132704,-0.00132704,-0.00132704
25.8254,0.523599,0.587725,3,-0.00132704,-0.00132704,-0.00132704,-0.00132704,-0.00132704,-0.00132704
25.8379,0.523599,0.606872,2.97878,-0.00132704,-0.00132704,-0.00132704,-0.00132704,-0.00132704,-0.00132704
25.8504,0.523599,0.625673,2.91517,-0.00132704,-0.00132704,-0.00132704,-0.00132704,-0.00132704,-0.00132704
25.8629,0.523599,0.644117,2.81006,-0.00132704,-0.00132704,-0.00132704,-0.00132704,-0.00132704,-0.00132704
25.8754,0.523599,0.662194,2.66496,-0.00132704,-0.00132704,-0.00132704,-0.00132704,-0.00132704,-0.00132704
25.8879,0.523599,0.679894,2.48192,-0.00132704,-0.00132704,-0.00132704,-0.00132704,-0.00132704,-0.00132704
25.9004,0.523599,0.697206,2.26357,-0.00132704,-0.00132704,-0.00132704,-0.00132704,-0.00132704,-0.00132704
25.9129,0.523599,0.714121,2.01299,-0.00132704,-0.00132704,-0.00132704,-0.00132704,-0.00132704,-0.00132704
25.9254,0.523599,0.730629,1.73376,-0.00132704,-0.00132704,-0.00132704,-0.00132704,-0.00132704,-0.00132704
25.9379,0.523599,0.74672,1.42986,-0.00132704,-0.00132704,-0.00132704,-0.00132704,-0.00132704,-0.00132704
25.9504,0.523599,0.762386,1.1056,-0.00132704,-0.00132704,-0.00132704,-0.00132704,-0.00132704,-0.00132704
25.9629,0.523599,0.777617,0.76561,-0.00132704,-0.00132704,-0.00132704,-0.00132704,-0.00132704,-0.00132704
25.9754,0.523599,0.792405,0.414721,-0.00132704,-0.00132704,-0.00132704,-0.00132704,-0.00132704,-0.00132704
25.9879,0.523599,0.806741,0.0579292,-0.00132704,-0.00132704,-0.00132704,-0.00132704,-0.00132704,-0.00132704
26.0004,0.523599,0.820617,-0.299687,-0.00132704,-0.00132704,-0.00132704,-0.00132704,-0.00132704,-0.00132704
26.0129,0.523599,0.834026,-0.653038,-0.00132704,-0.00132704,-0.00132704,-0.00132704,-0.00132704,-0.00132704
26.0254,0.523599,0.846959,-0.997094,-0.00132704,-0.00132704,-0.00132704,-0.00132704,-0.00132704,-0.00132704
26.0379,0.523599,0.85941,-1.32696,-0.00132704,-0.00132704,-0.00132704,-0.00132704,-0.00132704,-0.00132704
26.0504,0.523599,0.871371,-1.63794,-0.00132704,-0.00132704,-0.00132704,-0.00132704,-0.00132704,-0.00132704
26.0629,0.523599,0.882835,-1.9256,-0.00132704,-0.00132704,-0.00132704,-0.00132704,-0.00132704,-0.00132704
26.0754,0.523599,0.893796,-2.18586,-0.00132704,-0.00132704,-0.00132704,-0.00132704,-0.00132704,-0.00132704
26.0879,0.523599,0.904247,-2.415,-0.00132704,-0.00132704,-0.00132704,-0.00132704,-0.00132704,-0.00132704
26.1004,0.523599,0.914183,-2.60978,-0.00132704,-0.00132704,-0.00132704,-0.00132704,-0.00132704,-0.00132704
26.1129,0.523599,0.923598,-2.7674,-0.00132704,-0.00132704,-0.00132704,-0.00132704,-0.00132704,-0.00132704
26.1254,0.523599,0.932487,-2.88564,-0.00132704,-0.00132704,-0.00132704,-0.00132704,-0.00132704,-0.00132704
26.1379,0.523599,0.940844,-2.96281,-0.00132704,-0.00132704,-0.00132704,-0.00132704,-0.00132704,-0.00132704
26.1504,0.523599,0.948665,-2.99781,-0.00132704,-0.00132704,-0.00132704,-0.00132704,-0.00132704,-0.00132704
26.1629,0.523599,0.955945,-2.99013,-0.00132704,-0.00132704,-0.00132704,-0.00132704,-0.00132704,-0.00132704
26.1754,0.523599,0.96268,-2.9399,-0.00132704,-0.00132704,-0.00132704,-0.00132704,-0.00132704,-0.00132704
26.1879,0.523599,0.968867,-2.84783,-0.00132704,-0.00132704,-0.00132704,-0.00132704,-0.00132704,-0.00132704
26.2004,0.523599,0.974501,-2.71522,-0.00132704,-0.00132704,-0.00132704,-0.00132704,-0.00132704,-0.00132704
26.2129,0.523599,0.97958,-2.54397,-0.00132704,-0.00132704,-0.00132704,-0.00132704,-0.00132704,-0.00132704
26.2255,0.523599,0.9841,-2.33651,-0.00132704,-0.00132704,-0.00132704,-0.00132704,-0.00132704,-0.00132704
26.238,0.523599,0.98806,-2.09579,-0.00132704,-0.00132704,-0.00132704,-0.00132704,-0.00132704,-0.00132704
26.2505,0.523599,0.991456,-1.82524,-0.00132704,-0.00132704,-0.00132704,-0.00132704,-0.00132704,-0.00132704
26.263,0.523599,0.994288,-1.52871,-0.00132704,-0.00132704,-0.00132704,-0.00132704,-0.00132704,-0.00132704
26.2755,0.523599,0.996552,-1.21043,-0.00132704,-0.00132704,-0.00132704,-0.00132704,-0.00132704,-0.00132704
26.288,0.523599,0.998249,-0.874917,-0.00132704,-0.00132704,-0.00132704,-0.00132704,-0.00132704,-0.00132704
26.3005,0.523599,0.999377,-0.526951,-0.00132704,-0.00132704,-0.00132704,-0.00132704,-0.00132704,-0.00132704
26.313,0.523599,0.999935,-0.171485,-0.00132704,-0.00132704,-0.00132704,-0.00132704,-0.00132704,-0.00132704
26.3255,0.523599,0.999923,0.186422,-0.00132704,-0.00132704,-0.00132704,-0.00132704,-0.00132704,-0.00132704
26.338,0.523599,0.999341,0.541675,-0.00132704,-0.00132704,-0.00132704,-0.00132704,-0.00132704,-0.00132704
26.3505,0.523599,0.998189,0.889219,-0.00132704,-0.00132704,-0.00132704,-0.00132704,-0.00132704,-0.00132704
26.363,0.523599,0.996469,1.22411,-0.00132704,-0.00132704,-0.00132704,-0.00132704,-0.00132704,-0.00132704
26.3755,0.523599,0.994181,1.54157,-0.00132704,-0.00132704,-0.00132704,-0.00132704,-0.00132704,-0.00132704
26.388,0.523599,0.991326,1.83709,-0.00132704,-0.00132704,-0.00132704,-0.00132704,-0.00132704,-0.00132704
26.4005,0.523599,0.987906,2.10647,-0.00132704,-0.00132704,-0.00132704,-0.00132704,-0.00132704,-0.00132704
26.413,0.523599,0.983923,2.34586,-0.00132704,-0.00132704,-0.00132704,-0.00132704,-0.00132704,-0.00132704
26.4255,0.523599,0.979379,2.55187,-0.00132704,-0.00132704,-0.00132704,-0.00132704,-0.00132704,-0.00132704
26.438,0.523599,0.974276,2.72155,-0.00132704,-0.00132704,-0.00132704,-0.00132704,-0.00132704,-0.00132704
26.4505,0.523599,0.968619,2.8525,-0.00132704,-0.00132704,-0.00132704,-0.00132704,-0.00132704,-0.00132704
26.463,0.523599,0.962409,2.94285,-0.00132704,-0.00132704,-0.00132704,-0.00132704,-0.00132704,-0.00132704
26.4755,0.523599,0.955651,2.99131,-0.00132704,-0.00132704,-0.00132704,-0.00132704,-0.00132704,-0.00132704
26.488,0.523599,0.948349,2.9972,-0.00132704,-0.00132704,-0.00132704,-0.00132704,-0.00132704,-0.00132704
26.5005,0.523599,0.940505,2.96042,-0.00132704,-0.00132704,-0.00132704,-0.00132704,-0.00132704,-0.00132704
26.513,0.523599,0.932126,2.88151,-0.00132704,-0.00132704,-0.00132704,-0.00132704,-0.00132704,-0.00132704
26.5255,0.523599,0.923215,2.76159,-0.00132704,-0.00132704,-0.00132704,-0.00132704,-0.00132704,-0.00132704
26.538,0.523599,0.913778,2.60236,-0.00132704,-0.00132704,-0.00132704,-0.00132704,-0.00132704,-0.00132704
26.5505,0.523599,0.903821,2.4061,-0.00132704,-0.00132704,-0.00132704,-0.00132704,-0.00132704,-0.00132704
26.563,0.523599,0.893348,2.17558,-0.00132704,-0.00132704,-0.00132704,-0.00132704,-0.00132704,-0.00132704
26.5755,0.523599,0.882366,1.9141,-0.00132704,-0.00132704,-0.00132704,-0.00132704,-0.00132704,-0.00132704
26.588,0.523599,0.870881,1.62538,-0.00132704,-0.00132704,-0.00132704,-0.00132704,-0.00132704,-0.00132704
26.6005,0.523599,0.858899,1.31352,-0.00132704,-0.00132704,-0.00132704,-0.00132704,-0.00132704,-0.00132704
26.613,0.523599,0.846429,0.982968,-0.00132704,-0.00132704,-0.00132704,-0.00132704,-0.00132704,-0.00132704
26.6255,0.523599,0.833475,0.638425,-0.00132704,-0.00132704,-0.00132704,-0.00132704,-0.00132704,-0.00132704
26.638,0.523599,0.820047,0.284794,-0.00132704,-0.00132704,-0.00132704,-0.00132704,-0.00132704,-0.00132704
26.6505,0.523599,0.806151,-0.0728895,-0.00132704,-0.00132704,-0.00132704,-0.00132704,-0.00132704,-0.00132704
26.663,0.523599,0.791796,-0.429536,-0.00132704,-0.00132704,-0.00132704,-0.00132704,-0.00132704,-0.00132704
26.6755,0.523599,0.776989,-0.780069,-0.00132704,-0.00132704,-0.00132704,-0.00132704,-0.00132704,-0.00132704
26.688,0.523599,0.76174,-1.1195,-0.00132704,-0.00132704,-0.00132704,-0.00132704,-0.00132704,-0.00132704
26.7005,0.523599,0.746056,-1.44299,-0.00132704,-0.00132704,-0.00132704,-0.00132704,-0.00132704,-0.00132704
26.713,0.523599,0.729947,-1.74595,-0.00132704,-0.00132704,-0.00132704,-0.00132704,-0.00132704,-0.00132704
26.7255,0.523599,0.713422,-2.02406,-0.00132704,-0.00132704,-0.00132704,-0.00132704,-0.00132704,-0.00132704
26.738,0.523599,0.696491,-2.27336,-0.00132704,-0.00132704,-0.00132704,-0.00132704,-0.00132704,-0.00132704
26.7505,0.523599,0.679162,-2.4903,-0.00132704,-0.00132704,-0.00132704,-0.00132704,-0.00132704,-0.00132704
26.763,0.523599,0.661446,-2.6718,-0.00132704,-0.00132704,-0.00132704,-0.00132704,-0.00132704,-0.00132704
26.7755,0.523599,0.643354,-2.81527,-0.00132704,-0.00132704,-0.00132704,-0.00132704,-0.00132704,-0.00132704
26.788,0.523599,0.624894,-2.91866,-0.00132704,-0.00132704,-0.00132704,-0.00132704,-0.00132704,-0.00132704
26.8005,0.523599,0.606079,-2.98052,-0.00132704,-0.00132704,-0.00132704,-0.00132704,-0.00132704,-0.00132704
26.813,0.523599,0.586918,-2.99996,-0.00132704,-0.00132704,-0.00132704,-0.00132704,-0.00132704,-0.00132704
26.8255,0.523599,0.567423,-2.97669,-0.00132704,-0.00132704,-0.00132704,-0.00132704,-0.00132704,-0.00132704
26.838,0.523599,0.547604,-2.91106,-0.00132704,-0.00132704,-0.00132704,-0.00132704,-0.00132704,-0.00132704
26.8505,0.523599,0.527473,-2.804,-0.00132704,-0.00132704,-0.00132704,-0.00132704,-0.00132704,-0.00132704
26.863,0.523599,0.507041,-2.65702,-0.00132704,-0.00132704,-0.00132704,-0.00132704,-0.00132704,-0.00132704
26.8755,0.523599,0.48632,-2.47223,-0.00132704,-0.00132704,-0.00132704,-0.00132704,-0.00132704,-0.00132704
26.888,0.523599,0.465322,-2.25225,-0.00132704,-0.00132704,-0.00132704,-0.00132704,-0.00132704,-0.00132704
26.9005,0.523599,0.444059,-2.00022,-0.00132704,-0.00132704,-0.00132704,-0.00132704,-0.00132704,-0.00132704
26.913,0.523599,0.422543,-1.71971,-0.00132704,-0.00132704,-0.00132704,-0.00132704,-0.00132704,-0.00132704
26.9255,0.523599,0.400786,-1.41473,-0.00132704,-0.00132704,-0.00132704,-0.00132704,-0.00132704,-0.00132704
26.938,0.523599,0.378801,-1.08961,-0.00132704,-0.00132704,-0.00132704,-0.00132704,-0.00132704,-0.00132704
26.9505,0.523599,0.356599,-0.748982,-0.00132704,-0.00132704,-0.00132704,-0.00132704,-0.00132704,-0.00132704
26.963,0.523599,0.334195,-0.397695,-0.00132704,-0.00132704,-0.00132704,-0.00132704,-0.00132704,-0.00132704
26.9755,0.523599,0.311599,-0.0407476,-0.00132704,-0.00132704,-0.00132704,-0.00132704,-0.00132704,-0.00132704
26.988,0.523599,0.288827,0.31678,-0.00132704,-0.00132704,-0.00132704,-0.00132704,-0.00132704,-0.00132704
27.0005,0.523599,0.265889,0.669799,-0.00132704,-0.00132704,-0.00132704,-0.00132704,-0.00132704,-0.00132704
27.013,0.523599,0.242801,1.01328,-0.00132704,-0.00132704,-0.00132704,-0.00132704,-0.00132704,-0.00132704
27.0255,0.523599,0.219573,1.34235,-0.00132704,-0.00132704,-0.00132704,-0.00132704,-0.00132704,-0.00132704
27.038,0.523599,0.196221,1.65231,-0.00132704,-0.00132704,-0.00132704,-0.00132704,-0.00132704,-0.00132704
27.0505,0.523599,0.172757,1.93875,-0.00132704,-0.00132704,-0.00132704,-0.00132704,-0.00132704,-0.00132704
27.063,0.523599,0.149194,2.19759,-0.00132704,-0.00132704,-0.00132704,-0.00132704,-0.00132704,-0.00132704
27.0755,0.523599,0.125546,2.42516,-0.00132704,-0.00132704,-0.00132704,-0.00132704,-0.00132704,-0.00132704
27.088,0.523599,0.101827,2.61821,-0.00132704,-0.00132704,-0.00132704,-0.00132704,-0.00132704,-0.00132704
27.1005,0.523599,0.0780494,2.77399,-0.00132704,-0.00132704,-0.00132704,-0.00132704,-0.00132704,-0.00132704
27.113,0.523599,0.0542276,2.89029,-0.00132704,-0.00132704,-0.00132704,-0.00132704,-0.00132704,-0.00132704
27.1255,0.523599,0.0303748,2.96546,-0.00132704,-0.00132704,-0.00132704,-0.00132704,-0.00132704,-0.00132704
27.138,0.523599,0.00650473,2.99841,-0.00132704,-0.00132704,-0.00132704,-0.00132704,-0.00132704,-0.00132704
27.1505,0.523599,-0.017369,2.98869,-0.00132704,-0.00132704,-0.00132704,-0.00132704,-0.00132704,-0.00132704
27.163,0.523599,-0.0412329,2.93643,-0.00132704,-0.00132704,-0.00132704,-0.00132704,-0.00132704,-0.00132704
27.1755,0.523599,-0.0650733,2.84238,-0.00132704,-0.00132704,-0.00132704,-0.00132704,-0.00132704,-0.00132704
27.188,0.523599,-0.0888766,2.70787,-0.00132704,-0.00132704,-0.00132704,-0.00132704,-0.00132704,-0.00132704
27.2005,0.523599,-0.112629,2.53482,-0.00132704,-0.00132704,-0.00132704,-0.00132704,-0.00132704,-0.00132704
27.213,0.523599,-0.136318,2.32569,-0.00132704,-0.00132704,-0.00132704,-0.00132704,-0.00132704,-0.00132704
27.2255,0.523599,-0.159928,2.08346,-0.00132704,-0.00132704,-0.00132704,-0.00132704,-0.00132704,-0.00132704
27.238,0.523599,-0.183448,1.81157,-0.00132704,-0.00132704,-0.00132704,-0.00132704,-0.00132704,-0.00132704
27.2505,0.523599,-0.206863,1.5139,-0.00132704,-0.00132704,-0.00132704,-0.00132704,-0.00132704,-0.00132704
27.263,0.523599,-0.23016,1.19469,-0.00132704,-0.00132704,-0.00132704,-0.00132704,-0.00132704,-0.00132704
27.2755,0.523599,-0.253326,0.858465,-0.00132704,-0.00132704,-0.00132704,-0.00132704,-0.00132704,-0.00132704
27.288,0.523599,-0.276348,0.510026,-0.00132704,-0.00132704,-0.00132704,-0.00132704,-0.00132704,-0.00132704
27.3005,0.523599,-0.299212,0.154326,-0.00132704,-0.00132704,-0.00132704,-0.00132704,-0.00132704,-0.00132704
27.313,0.523599,-0.321905,-0.20357,-0.00132704,-0.00132704,-0.00132704,-0.00132704,-0.00132704,-0.00132704
27.3255,0.523599,-0.344415,-0.558568,-0.00132704,-0.00132704,-0.00132704,-0.00132704,-0.00132704,-0.00132704
27.338,0.523599,-0.366729,-0.905616,-0.00132704,-0.00132704,-0.00132704,-0.00132704,-0.00132704,-0.00132704
27.3505,0.523599,-0.388833,-1.23977,-0.00132704,-0.00132704,-0.00132704,-0.00132704,-0.00132704,-0.00132704
27.363,0.523599,-0.410717,-1.55629,-0.00132704,-0.00132704,-0.00132704,-0.00132704,-0.00132704,-0.00132704
27.3755,0.523599,-0.432365,-1.85065,-0.00132704,-0.00132704,-0.00132704,-0.00132704,-0.00132704,-0.00132704
27.388,0.523599,-0.453768,-2.11867,-0.00132704,-0.00132704,-0.00132704,-0.00132704,-0.00132704,-0.00132704
27.4005,0.523599,-0.474912,-2.35654,-0.00132704,-0.00132704,-0.00132704,-0.00132704,-0.00132704,-0.00132704
27.413,0.523599,-0.495785,-2.56086,-0.00132704,-0.00132704,-0.00132704,-0.00132704,-0.00132704,-0.00132704
27.4255,0.523599,-0.516376,-2.72874,-0.00132704,-0.00132704,-0.00132704,-0.00132704,-0.00132704,-0.00132704
27.438,0.523599,-0.536672,-2.85778,-0.00132704,-0.00132704,-0.00132704,-0.00132704,-0.00132704,-0.00132704
27.4505,0.523599,-0.556662,-2.94614,-0.00132704,-0.00132704,-0.00132704,-0.00132704,-0.00132704,-0.00132704
27.463,0.523599,-0.576335,-2.99257,-0.00132704,-0.00132704,-0.00132704,-0.00132704,-0.00132704,-0.00132704
27.4755,0.523599,-0.59568,-2.9964,-0.00132704,-0.00132704,-0.00132704,-0.00132704,-0.00132704,-0.00132704
27.488,0.523599,-0.614685,-2.95759,-0.00132704,-0.00132704,-0.00132704,-0.00132704,-0.00132704,-0.00132704
27.5005,0.523599,-0.63334,-2.87668,-0.00132704,-0.00132704,-0.00132704,-0.00132704,-0.00132704,-0.00132704
27.513,0.523599,-0.651634,-2.75483,-0.00132704,-0.00132704,-0.00132704,-0.00132704,-0.00132704,-0.00132704
27.5255,0.523599,-0.669556,-2.59377,-0.00132704,-0.00132704,-0.00132704,-0.00132704,-0.00132704,-0.00132704
27.538,0.523599,-0.687097,-2.39579,-0.00132704,-0.00132704,-0.00132704,-0.00132704,-0.00132704,-0.00132704
27.5505,0.523599,-0.704246,-2.16371,-0.00132704,-0.00132704,-0.00132704,-0.00132704,-0.00132704,-0.00132704
27.563,0.523599,-0.720993,-1.90084,-0.00132704,-0.00132704,-0.00132704,-0.00132704,-0.00132704,-0.00132704
27.5755,0.523599,-0.73733,-1.61091,-0.00132704,-0.00132704,-0.00132704,-0.00132704,-0.00132704,-0.00132704
27.588,0.523599,-0.753247,-1.29805,-0.00132704,-0.00132704,-0.00132704,-0.00132704,-0.00132704,-0.00132704
27.6005,0.523599,-0.768734,-0.966717,-0.00132704,-0.00132704,-0.00132704,-0.00132704,-0.00132704,-0.00132704
27.613,0.523599,-0.783783,-0.621624,-0.00132704,-0.00132704,-0.00132704,-0.00132704,-0.00132704,-0.00132704
27.6255,0.523599,-0.798385,-0.267683,-0.00132704,-0.00132704,-0.00132704,-0.00132704,-0.00132704,-0.00132704
27.638,0.523599,-0.812532,0.090067,-0.00132704,-0.00132704,-0.00132704,-0.00132704,-0.00132704,-0.00132704
27.6505,0.523599,-0.826216,0.446536,-0.00132704,-0.00132704,-0.00132704,-0.00132704,-0.00132704,-0.00132704
27.663,0.523599,-0.839429,0.796649,-0.00132704,-0.00132704,-0.00132704,-0.00132704,-0.00132704,-0.00132704
27.6755,0.523599,-0.852164,1.13542,-0.00132704,-0.00132704,-0.00132704,-0.00132704,-0.00132704,-0.00132704
27.688,0.523599,-0.864413,1.45804,-0.00132704,-0.00132704,-0.00132704,-0.00132704,-0.00132704,-0.00132704
27.7005,0.523599,-0.876169,1.7599,-0.00132704,-0.00132704,-0.00132704,-0.00132704,-0.00132704,-0.00132704
27.713,0.523599,-0.887426,2.03671,-0.00132704,-0.00132704,-0.00132704,-0.00132704,-0.00132704,-0.00132704
27.7255,0.523599,-0.898177,2.28453,-0.00132704,-0.00132704,-0.00132704,-0.00132704,-0.00132704,-0.00132704
27.738,0.523599,-0.908417,2.49984,-0.00132704,-0.00132704,-0.00132704,-0.00132704,-0.00132704,-0.00132704
27.7505,0.523599,-0.918138,2.67957,-0.00132704,-0.00132704,-0.00132704,-0.00132704,-0.00132704,-0.00132704
27.763,0.523599,-0.927336,2.82116,-0.00132704,-0.00132704,-0.00132704,-0.00132704,-0.00132704,-0.00132704
27.7755,0.523599,-0.936005,2.92259,-0.00132704,-0.00132704,-0.00132704,-0.00132704,-0.00132704,-0.00132704
27.788,0.523599,-0.944141,2.98243,-0.00132704,-0.00132704,-0.00132704,-0.00132704,-0.00132704,-0.00132704
27.8005,0.523599,-0.951739,2.99982,-0.00132704,-0.00132704,-0.00132704,-0.00132704,-0.00132704,-0.00132704
27.813,0.523599,-0.958795,2.97451,-0.00132704,-0.00132704,-0.00132704,-0.00132704,-0.00132704,-0.00132704
27.8255,0.523599,-0.965304,2.90686,-0.00132704,-0.00132704,-0.00132704,-0.00132704,-0.00132704,-0.00132704
27.838,0.523599,-0.971262,2.79784,-0.00132704,-0.00132704,-0.00132704,-0.00132704,-0.00132704,-0.00132704
27.8505,0.523599,-0.976667,2.649,-0.00132704,-0.00132704,-0.00132704,-0.00132704,-0.00132704,-0.00132704
27.8631,0.523599,-0.981516,2.46246,-0.00132704,-0.00132704,-0.00132704,-0.00132704,-0.00132704,-0.00132704
27.8756,0.523599,-0.985805,2.24086,-0.00132704,-0.00132704,-0.00132704,-0.00132704,-0.00132704,-0.00132704
27.8881,0.523599,-0.989532,1.98738,-0.00132704,-0.00132704,-0.00132704,-0.00132704,-0.00132704,-0.00132704
27.9006,0.523599,-0.992695,1.7056,-0.00132704,-0.00132704,-0.00132704,-0.00132704,-0.00132704,-0.00132704
27.9131,0.523599,-0.995292,1.39955,-0.00132704,-0.00132704,-0.00132704,-0.00132704,-0.00132704,-0.00132704
27.9256,0.523599,-0.997322,1.07358,-0.00132704,-0.00132704,-0.00132704,-0.00132704,-0.00132704,-0.00132704
27.9381,0.523599,-0.998784,0.73233,-0.00132704,-0.00132704,-0.00132704,-0.00132704,-0.00132704,-0.00132704
27.9506,0.523599,-0.999676,0.380657,-0.00132704,-0.00132704,-0.00132704,-0.00132704,-0.00132704,-0.00132704
27.9631,0.523599,-0.999999,0.0235647,-0.00132704,-0.00132704,-0.00132704,-0.00132704,-0.00132704,-0.00132704
27.9756,0.523599,-0.999751,-0.333863,-0.00132704,-0.00132704,-0.00132704,-0.00132704,-0.00132704,-0.00132704
27.9881,0.523599,-0.998934,-0.686538,-0.00132704,-0.00132704,-0.00132704,-0.00132704,-0.00132704,-0.00132704
28.0006,0.523599,-0.997547,-1.02944,-0.00132704,-0.00132704,-0.00132704,-0.00132704,-0.00132704,-0.00132704
28.0131,0.523599,-0.995592,-1.35769,-0.00132704,-0.00132704,-0.00132704,-0.00132704,-0.00132704,-0.00132704
28.0256,0.523599,-0.993069,-1.66662,-0.00132704,-0.00132704,-0.00132704,-0.00132704,-0.00132704,-0.00132704
28.0381,0.523599,-0.989981,-1.95183,-0.00132704,-0.00132704,-0.00132704,-0.00132704,-0.00132704,-0.00132704
28.0506,0.523599,-0.986328,-2.20925,-0.00132704,-0.00132704,-0.00132704,-0.00132704,-0.00132704,-0.00132704
28.0631,0.523599,-0.982112,-2.43523,-0.00132704,-0.00132704,-0.00132704,-0.00132704,-0.00132704,-0.00132704
28.0756,0.523599,-0.977337,-2.62655,-0.00132704,-0.00132704,-0.00132704,-0.00132704,-0.00132704,-0.00132704
28.0881,0.523599,-0.972005,-2.78049,-0.00132704,-0.00132704,-0.00132704,-0.00132704,-0.00132704,-0.00132704
28.1006,0.523599,-0.966119,-2.89485,-0.00132704,-0.00132704,-0.00132704,-0.00132704,-0.00132704,-0.00132704
28.1131,0.523599,-0.959683,-2.96801,-0.00132704,-0.00132704,-0.00132704,-0.00132704,-0.00132704,-0.00132704
28.1256,0.523599,-0.952699,-2.99892,-0.00132704,-0.00132704,-0.00132704,-0.00132704,-0.00132704,-0.00132704
28.1381,0.523599,-0.945172,-2.98715,-0.00132704,-0.00132704,-0.00132704,-0.00132704,-0.00132704,-0.00132704
28.1506,0.523599,-0.937107,-2.93287,-0.00132704,-0.00132704,-0.00132704,-0.00132704,-0.00132704,-0.00132704
28.1631,0.523599,-0.928507,-2.83684,-0.00132704,-0.00132704,-0.00132704,-0.00132704,-0.00132704,-0.00132704
28.1756,0.523599,-0.919378,-2.70043,-0.00132704,-0.00132704,-0.00132704,-0.00132704,-0.00132704,-0.00132704
28.1881,0.523599,-0.909726,-2.52559,-0.00132704,-0.00132704,-0.00132704,-0.00132704,-0.00132704,-0.00132704
28.2006,0.523599,-0.899554,-2.3148,-0.00132704,-0.00132704,-0.00132704,-0.00132704,-0.00132704,-0.00132704
28.2131,0.523599,-0.88887,-2.07106,-0.00132704,-0.00132704,-0.00132704,-0.00132704,-0.00132704,-0.00132704
28.2256,0.523599,-0.87768,-1.79785,-0.00132704,-0.00132704,-0.00132704,-0.00132704,-0.00132704,-0.00132704
28.2381,0.523599,-0.865989,-1.49904,-0.00132704,-0.00132704,-0.00132704,-0.00132704,-0.00132704,-0.00132704
28.2506,0.523599,-0.853804,-1.1789,-0.00132704,-0.00132704,-0.00132704,-0.00132704,-0.00132704,-0.00132704
28.2631,0.523599,-0.841133,-0.841986,-0.00132704,-0.00132704,-0.00132704,-0.00132704,-0.00132704,-0.00132704
28.2756,0.523599,-0.827982,-0.493083,-0.00132704,-0.00132704,-0.00132704,-0.00132704,-0.00132704,-0.00132704
28.2881,0.523599,-0.81436,-0.137163,-0.00132704,-0.00132704,-0.00132704,-0.00132704,-0.00132704,-0.00132704
28.3006,0.523599,-0.800273,0.22071,-0.00132704,-0.00132704,-0.00132704,-0.00132704,-0.00132704,-0.00132704
28.3131,0.523599,-0.78573,0.575442,-0.00132704,-0.00132704,-0.00132704,-0.00132704,-0.00132704,-0.00132704
28.3256,0.523599,-0.77074,0.921983,-0.00132704,-0.00132704,-0.00132704,-0.00132704,-0.00132704,-0.00132704
28.3381,0.523599,-0.75531,1.2554,-0.00132704,-0.00132704,-0.00132704,-0.00132704,-0.00132704,-0.00132704
28.3506,0.523599,-0.739449,1.57095,-0.00132704,-0.00132704,-0.00132704,-0.00132704,-0.00132704,-0.00132704
28.3631,0.523599,-0.723167,1.86414,-0.00132704,-0.00132704,-0.00132704,-0.00132704,-0.00132704,-0.00132704
28.3756,0.523599,-0.706473,2.1308,-0.00132704,-0.00132704,-0.00132704,-0.00132704,-0.00132704,-0.00132704
28.3881,0.523599,-0.689376,2.36713,-0.00132704,-0.00132704,-0.00132704,-0.00132704,-0.00132704,-0.00132704
28.4006,0.523599,-0.671886,2.56977,-0.00132704,-0.00132704,-0.00132704,-0.00132704,-0.00132704,-0.00132704
28.4131,0.523599,-0.654014,2.73583,-0.00132704,-0.00132704,-0.00132704,-0.00132704,-0.00132704,-0.00132704
28.4256,0.523599,-0.635768,2.86296,-0.00132704,-0.00132704,-0.00132704,-0.00132704,-0.00132704,-0.00132704
28.4381,0.523599,-0.61716,2.94933,-0.00132704,-0.00132704,-0.00132704,-0.00132704,-0.00132704,-0.00132704
28.4506,0.523599,-0.598201,2.99373,-0.00132704,-0.00132704,-0.00132704,-0.00132704,-0.00132704,-0.00132704
28.4631,0.523599,-0.5789,2.99551,-0.00132704,-0.00132704,-0.00132704,-0.00132704,-0.00132704,-0.00132704
28.4756,0.523599,-0.55927,2.95466,-0.00132704,-0.00132704,-0.00132704,-0.00132704,-0.00132704,-0.00132704
28.4881,0.523599,-0.53932,2.87176,-0.00132704,-0.00132704,-0.00132704,-0.00132704,-0.00132704,-0.00132704
28.5006,0.523599,-0.519064,2.74798,-0.00132704,-0.00132704,-0.00132704,-0.00132704,-0.00132704,-0.00132704
28.5131,0.523599,-0.498511,2.58509,-0.00132704,-0.00132704,-0.00132704,-0.00132704,-0.00132704,-0.00132704
28.5256,0.523599,-0.477675,2.38541,-0.00132704,-0.00132704,-0.00132704,-0.00132704,-0.00132704,-0.00132704
28.5381,0.523599,-0.456566,2.15177,-0.00132704,-0.00132704,-0.00132704,-0.00132704,-0.00132704,-0.00132704
28.5506,0.523599,-0.435196,1.88751,-0.00132704,-0.00132704,-0.00132704,-0.00132704,-0.00132704,-0.00132704
28.5631,0.523599,-0.413579,1.59639,-0.00132704,-0.00132704,-0.00132704,-0.00132704,-0.00132704,-0.00132704
28.5756,0.523599,-0.391726,1.28254,-0.00132704,-0.00132704,-0.00132704,-0.00132704,-0.00132704,-0.00132704
28.5881,0.523599,-0.36965,0.950434,-0.00132704,-0.00132704,-0.00132704,-0.00132704,-0.00132704,-0.00132704
28.6006,0.523599,-0.347363,0.604803,-0.00132704,-0.00132704,-0.00132704,-0.00132704,-0.00132704,-0.00132704
28.6131,0.523599,-0.324878,0.250564,-0.00132704,-0.00132704,-0.00132704,-0.00132704,-0.00132704,-0.00132704
28.6256,0.523599,-0.302208,-0.107242,-0.00132704,-0.00132704,-0.00132704,-0.00132704,-0.00132704,-0.00132704
28.6381,0.523599,-0.279366,-0.463521,-0.00132704,-0.00132704,-0.00132704,-0.00132704,-0.00132704,-0.00132704
28.6506,0.523599,-0.256364,-0.813202,-0.00132704,-0.00132704,-0.00132704,-0.00132704,-0.00132704,-0.00132704
28.6631,0.523599,-0.233217,-1.15131,-0.00132704,-0.00132704,-0.00132704,-0.00132704,-0.00132704,-0.00132704
28.6756,0.523599,-0.209936,-1.47303,-0.00132704,-0.00132704,-0.00132704,-0.00132704,-0.00132704,-0.00132704
28.6881,0.523599,-0.186536,-1.77378,-0.00132704,-0.00132704,-0.00132704,-0.00132704,-0.00132704,-0.00132704
28.7006,0.523599,-0.163029,-2.04929,-0.00132704,-0.00132704,-0.00132704,-0.00132704,-0.00132704,-0.00132704
28.7131,0.523599,-0.13943,-2.29563,-0.00132704,-0.00132704,-0.00132704,-0.00132704,-0.00132704,-0.00132704
28.7256,0.523599,-0.115751,-2.5093,-0.00132704,-0.00132704,-0.00132704,-0.00132704,-0.00132704,-0.00132704
28.7381,0.523599,-0.0920057,-2.68725,-0.00132704,-0.00132704,-0.00132704,-0.00132704,-0.00132704,-0.00132704
28.7506,0.523599,-0.0682083,-2.82695,-0.00132704,-0.00132704,-0.00132704,-0.00132704,-0.00132704,-0.00132704
28.7631,0.523599,-0.044372,-2.92642,-0.00132704,-0.00132704,-0.00132704,-0.00132704,-0.00132704,-0.00132704
28.7756,0.523599,-0.0205105,-2.98424,-0.00132704,-0.00132704,-0.00132704,-0.00132704,-0.00132704,-0.00132704
28.7881,0.523599,0.00336278,-2.99958,-0.00132704,-0.00132704,-0.00132704,-0.00132704,-0.00132704,-0.00132704
28.8006,0.523599,0.0272341,-2.97222,-0.00132704,-0.00132704,-0.00132704,-0.00132704,-0.00132704,-0.00132704
28.8131,0.523599,0.0510899,-2.90257,-0.00132704,-0.00132704,-0.00132704,-0.00132704,-0.00132704,-0.00132704
28.8256,0.523599,0.0749166,-2.79159,-0.00132704,-0.00132704,-0.00132704,-0.00132704,-0.00132704,-0.00132704
28.8381,0.523599,0.0987006,-2.64089,-0.00132704,-0.00132704,-0.00132704,-0.00132704,-0.00132704,-0.00132704
28.8506,0.523599,0.122428,-2.4526,-0.00132704,-0.00132704,-0.00132704,-0.00132704,-0.00132704,-0.00132704
28.8631,0.523599,0.146086,-2.2294,-0.00132704,-0.00132704,-0.00132704,-0.00132704,-0.00132704,-0.00132704
28.8756,0.523599,0.169661,-1.97447,-0.00132704,-0.00132704,-0.00132704,-0.00132704,-0.00132704,-0.00132704
28.8881,0.523599,0.193139,-1.69144,-0.00132704,-0.00132704,-0.00132704,-0.00132704,-0.00132704,-0.00132704
28.9006,0.523599,0.216507,-1.38433,-0.00132704,-0.00132704,-0.00132704,-0.00132704,-0.00132704,-0.00132704
28.9131,0.523599,0.239751,-1.05752,-0.00132704,-0.00132704,-0.00132704,-0.00132704,-0.00132704,-0.00132704
28.9256,0.523599,0.262859,-0.715654,-0.00132704,-0.00132704,-0.00132704,-0.00132704,-0.00132704,-0.00132704
28.9381,0.523599,0.285817,-0.363605,-0.00132704,-0.00132704,-0.00132704,-0.00132704,-0.00132704,-0.00132704
28.9506,0.523599,0.308612,-0.00638103,-0.00132704,-0.00132704,-0.00132704,-0.00132704,-0.00132704,-0.00132704
28.9631,0.523599,0.331232,0.350934,-0.00132704,-0.00132704,-0.00132704,-0.00132704,-0.00132704,-0.00132704
28.9756,0.523599,0.353662,0.703254,-0.00132704,-0.00132704,-0.00132704,-0.00132704,-0.00132704,-0.00132704
28.9881,0.523599,0.375891,1.04557,-0.00132704,-0.00132704,-0.00132704,-0.00132704,-0.00132704,-0.00132704
29.0006,0.523599,0.397905,1.37299,-0.00132704,-0.00132704,-0.00132704,-0.00132704,-0.00132704,-0.00132704
29.0131,0.523599,0.419693,1.68088,-0.00132704,-0.00132704,-0.00132704,-0.00132704,-0.00132704,-0.00132704
29.0256,0.523599,0.441242,1.96484,-0.00132704,-0.00132704,-0.00132704,-0.00132704,-0.00132704,-0.00132704
29.0381,0.523599,0.462539,2.22084,-0.00132704,-0.00132704,-0.00132704,-0.00132704,-0.00132704,-0.00132704
29.0506,0.523599,0.483572,2.44523,-0.00132704,-0.00132704,-0.00132704,-0.00132704,-0.00132704,-0.00132704
29.0631,0.523599,0.50433,2.63481,-0.00132704,-0.00132704,-0.00132704,-0.00132704,-0.00132704,-0.00132704
29.0756,0.523599,0.524801,2.7869,-0.00132704,-0.00132704,-0.00132704,-0.00132704,-0.00132704,-0.00132704
29.0881,0.523599,0.544972,2.89931,-0.00132704,-0.00132704,-0.00132704,-0.00132704,-0.00132704,-0.00132704
29.1006,0.523599,0.564833,2.97046,-0.00132704,-0.00132704,-0.00132704,-0.00132704,-0.00132704,-0.00132704
29.1131,0.523599,0.584371,2.99933,-0.00132704,-0.00132704,-0.00132704,-0.00132704,-0.00132704,-0.00132704
29.1256,0.523599,0.603577,2.98552,-0.00132704,-0.00132704,-0.00132704,-0.00132704,-0.00132704,-0.00132704
29.1381,0.523599,0.622438,2.9292,-0.00132704,-0.00132704,-0.00132704,-0.00132704,-0.00132704,-0.00132704
29.1506,0.523599,0.640945,2.8312,-0.00132704,-0.00132704,-0.00132704,-0.00132704,-0.00132704,-0.00132704
29.1631,0.523599,0.659087,2.6929,-0.00132704,-0.00132704,-0.00132704,-0.00132704,-0.00132704,-0.00132704
29.1756,0.523599,0.676853,2.51627,-0.00132704,-0.00132704,-0.00132704,-0.00132704,-0.00132704,-0.00132704
29.1881,0.523599,0.694233,2.30383,-0.00132704,-0.00132704,-0.00132704,-0.00132704,-0.00132704,-0.00132704
29.2006,0.523599,0.711217,2.05859,-0.00132704,-0.00132704,-0.00132704,-0.00132704,-0.00132704,-0.00132704
29.2131,0.523599,0.727796,1.78406,-0.00132704,-0.00132704,-0.00132704,-0.00132704,-0.00132704,-0.00132704
29.2256,0.523599,0.74396,1.48413,-0.00132704,-0.00132704,-0.00132704,-0.00132704,-0.00132704,-0.00132704
29.2381,0.523599,0.7597,1.16308,-0.00132704,-0.00132704,-0.00132704,-0.00132704,-0.00132704,-0.00132704
29.2506,0.523599,0.775007,0.825479,-0.00132704,-0.00132704,-0.00132704,-0.00132704,-0.00132704,-0.00132704
29.2631,0.523599,0.789873,0.476125,-0.00132704,-0.00132704,-0.00132704,-0.00132704,-0.00132704,-0.00132704
29.2756,0.523599,0.804288,0.119995,-0.00132704,-0.00132704,-0.00132704,-0.00132704,-0.00132704,-0.00132704
29.2881,0.523599,0.818245,-0.237844,-0.00132704,-0.00132704,-0.00132704,-0.00132704,-0.00132704,-0.00132704
29.3006,0.523599,0.831735,-0.592297,-0.00132704,-0.00132704,-0.00132704,-0.00132704,-0.00132704,-0.00132704
29.3131,0.523599,0.844751,-0.93832,-0.00132704,-0.00132704,-0.00132704,-0.00132704,-0.00132704,-0.00132704
29.3256,0.523599,0.857286,-1.27099,-0.00132704,-0.00132704,-0.00132704,-0.00132704,-0.00132704,-0.00132704
29.3381,0.523599,0.869332,-1.58557,-0.00132704,-0.00132704,-0.00132704,-0.00132704,-0.00132704,-0.00132704
29.3506,0.523599,0.880883,-1.87758,-0.00132704,-0.00132704,-0.00132704,-0.00132704,-0.00132704,-0.00132704
29.3631,0.523599,0.891931,-2.14286,-0.00132704,-0.00132704,-0.00132704,-0.00132704,-0.00132704,-0.00132704
29.3756,0.523599,0.902472,-2.37765,-0.00132704,-0.00132704,-0.00132704,-0.00132704,-0.00132704,-0.00132704
29.3881,0.523599,0.912498,-2.57859,-0.00132704,-0.00132704,-0.00132704,-0.00132704,-0.00132704,-0.00132704
29.4006,0.523599,0.922003,-2.74284,-0.00132704,-0.00132704,-0.00132704,-0.00132704,-0.00132704,-0.00132704
29.4131,0.523599,0.930983,-2.86804,-0.00132704,-0.00132704,-0.00132704,-0.00132704,-0.00132704,-0.00132704
29.4256,0.523599,0.939433,-2.95243,-0.00132704,-0.00132704,-0.00132704,-0.00132704,-0.00132704,-0.00132704
29.4381,0.523599,0.947347,-2.99479,-0.00132704,-0.00132704,-0.00132704,-0.00132704,-0.00132704,-0.00132704
29.4506,0.523599,0.954721,-2.99453,-0.00132704,-0.00132704,-0.00132704,-0.00132704,-0.00132704,-0.00132704
29.4631,0.523599,0.961551,-2.95164,-0.00132704,-0.00132704,-0.00132704,-0.00132704,-0.00132704,-0.00132704
29.4756,0.523599,0.967833,-2.86674,-0.00132704,-0.00132704,-0.00132704,-0.00132704,-0.00132704,-0.00132704
29.4881,0.523599,0.973564,-2.74104,-0.00132704,-0.00132704,-0.00132704,-0.00132704,-0.00132704,-0.00132704
29.5007,0.523599,0.978739,-2.57633,-0.00132704,-0.00132704,-0.00132704,-0.00132704,-0.00132704,-0.00132704
29.5132,0.523599,0.983357,-2.37495,-0.00132704,-0.00132704,-0.00132704,-0.00132704,-0.00132704,-0.00132704
29.5257,0.523599,0.987414,-2.13977,-0.00132704,-0.00132704,-0.00132704,-0.00132704,-0.00132704,-0.00132704
29.5382,0.523599,0.990908,-1.87413,-0.00132704,-0.00132704,-0.00132704,-0.00132704,-0.00132704,-0.00132704
29.5507,0.523599,0.993837,-1.58181,-0.00132704,-0.00132704,-0.00132704,-0.00132704,-0.00132704,-0.00132704
29.5632,0.523599,0.9962,-1.26698,-0.00132704,-0.00132704,-0.00132704,-0.00132704,-0.00132704,-0.00132704
29.5757,0.523599,0.997995,-0.934119,-0.00132704,-0.00132704,-0.00132704,-0.00132704,-0.00132704,-0.00132704
29.5882,0.523599,0.999222,-0.587962,-0.00132704,-0.00132704,-0.00132704,-0.00132704,-0.00132704,-0.00132704
29.6007,0.523599,0.999879,-0.233436,-0.00132704,-0.00132704,-0.00132704,-0.00132704,-0.00132704,-0.00132704
29.6132,0.523599,0.999966,0.124413,-0.00132704,-0.00132704,-0.00132704,-0.00132704,-0.00132704,-0.00132704
29.6257,0.523599,0.999483,0.480491,-0.00132704,-0.00132704,-0.00132704,-0.00132704,-0.00132704,-0.00132704
29.6382,0.523599,0.99843,0.829729,-0.00132704,-0.00132704,-0.00132704,-0.00132704,-0.00132704,-0.00132704
29.6507,0.523599,0.996808,1.16716,-0.00132704,-0.00132704,-0.00132704,-0.00132704,-0.00132704,-0.00132704
29.6632,0.523599,0.994618,1.48798,-0.00132704,-0.00132704,-0.00132704,-0.00132704,-0.00132704,-0.00132704
29.6757,0.523599,0.991861,1.78761,-0.00132704,-0.00132704,-0.00132704,-0.00132704,-0.00132704,-0.00132704
29.6882,0.523599,0.988539,2.06181,-0.00132704,-0.00132704,-0.00132704,-0.00132704,-0.00132704,-0.00132704
29.7007,0.523599,0.984653,2.30666,-0.00132704,-0.00132704,-0.00132704,-0.00132704,-0.00132704,-0.00132704
29.7132,0.523599,0.980207,2.51868,-0.00132704,-0.00132704,-0.00132704,-0.00132704,-0.00132704,-0.00132704
29.7257,0.523599,0.975201,2.69485,-0.00132704,-0.00132704,-0.00132704,-0.00132704,-0.00132704,-0.00132704
29.7382,0.523599,0.96964,2.83266,-0.00132704,-0.00132704,-0.00132704,-0.00132704,-0.00132704,-0.00132704
29.7507,0.523599,0.963526,2.93016,-0.00132704,-0.00132704,-0.00132704,-0.00132704,-0.00132704,-0.00132704
29.7632,0.523599,0.956862,2.98595,-0.00132704,-0.00132704,-0.00132704,-0.00132704,-0.00132704,-0.00132704
29.7757,0.523599,0.949654,2.99924,-0.00132704,-0.00132704,-0.00132704,-0.00132704,-0.00132704,-0.00132704
29.7882,0.523599,0.941904,2.96984,-0.00132704,-0.00132704,-0.00132704,-0.00132704,-0.00132704,-0.00132704
29.8007,0.523599,0.933617,2.89817,-0.00132704,-0.00132704,-0.00132704,-0.00132704,-0.00132704,-0.00132704
29.8132,0.523599,0.924798,2.78526,-0.00132704,-0.00132704,-0.00132704,-0.00132704,-0.00132704,-0.00132704
29.8257,0.523599,0.915452,2.6327,-0.00132704,-0.00132704,-0.00132704,-0.00132704,-0.00132704,-0.00132704
29.8382,0.523599,0.905584,2.44266,-0.00132704,-0.00132704,-0.00132704,-0.00132704,-0.00132704,-0.00132704
29.8507,0.523599,0.8952,2.21787,-0.00132704,-0.00132704,-0.00132704,-0.00132704,-0.00132704,-0.00132704
29.8632,0.523599,0.884306,1.9615,-0.00132704,-0.00132704,-0.00132704,-0.00132704,-0.00132704,-0.00132704
29.8757,0.523599,0.872908,1.67722,-0.00132704,-0.00132704,-0.00132704,-0.00132704,-0.00132704,-0.00132704
29.8882,0.523599,0.861012,1.36906,-0.00132704,-0.00132704,-0.00132704,-0.00132704,-0.00132704,-0.00132704
29.9007,0.523599,0.848626,1.04142,-0.00132704,-0.00132704,-0.00132704,-0.00132704,-0.00132704,-0.00132704
29.9132,0.523599,0.835755,0.698955,-0.00132704,-0.00132704,-0.00132704,-0.00132704,-0.00132704,-0.00132704
29.9257,0.523599,0.822409,0.346542,-0.00132704,-0.00132704,-0.00132704,-0.00132704,-0.00132704,-0.00132704
29.9382,0.523599,0.808593,-0.0108029,-0.00132704,-0.00132704,-0.00132704,-0.00132704,-0.00132704,-0.00132704
29.9507,0.523599,0.794317,-0.367994,-0.00132704,-0.00132704,-0.00132704,-0.00132704,-0.00132704,-0.00132704
29.9632,0.523599,0.779588,-0.719948,-0.00132704,-0.00132704,-0.00132704,-0.00132704,-0.00132704,-0.00132704
29.9757,0.523599,0.764415,-1.06165,-0.00132704,-0.00132704,-0.00132704,-0.00132704,-0.00132704,-0.00132704
29.9882,0.523599,0.748806,-1.38825,-0.00132704,-0.00132704,-0.00132704,-0.00132704,-0.00132704,-0.00132704
30.0007,0.523599,0.73277,-1.69509,-0.00132704,-0.00132704,-0.00132704,-0.00132704,-0.00132704,-0.00132704
30.0132,0.523599,0.716317,-1.9778,-0.00132704,-0.00132704,-0.00132704,-0.00132704,-0.00132704,-0.00132704
30.0257,0.523599,0.699455,-2.23236,-0.00132704,-0.00132704,-0.00132704,-0.00132704,-0.00132704,-0.00132704
30.0382,0.523599,0.682195,-2.45514,-0.00132704,-0.00132704,-0.00132704,-0.00132704,-0.00132704,-0.00132704
30.0507,0.523599,0.664545,-2.64299,-0.00132704,-0.00132704,-0.00132704,-0.00132704,-0.00132704,-0.00132704
30.0632,0.523599,0.646517,-2.79321,-0.00132704,-0.00132704,-0.00132704,-0.00132704,-0.00132704,-0.00132704
30.0757,0.523599,0.628121,-2.90368,-0.00132704,-0.00132704,-0.00132704,-0.00132704,-0.00132704,-0.00132704
30.0882,0.523599,0.609366,-2.97282,-0.00132704,-0.00132704,-0.00132704,-0.00132704,-0.00132704,-0.00132704
30.1007,0.523599,0.590265,-2.99965,-0.00132704,-0.00132704,-0.00132704,-0.00132704,-0.00132704,-0.00132704
30.1132,0.523599,0.570826,-2.98378,-0.00132704,-0.00132704,-0.00132704,-0.00132704,-0.00132704,-0.00132704
30.1257,0.523599,0.551063,-2.92544,-0.00132704,-0.00132704,-0.00132704,-0.00132704,-0.00132704,-0.00132704
30.1382,0.523599,0.530985,-2.82547,-0.00132704,-0.00132704,-0.00132704,-0.00132704,-0.00132704,-0.00132704
30.1507,0.523599,0.510605,-2.68528,-0.00132704,-0.00132704,-0.00132704,-0.00132704,-0.00132704,-0.00132704
30.1632,0.523599,0.489933,-2.50687,-0.00132704,-0.00132704,-0.00132704,-0.00132704,-0.00132704,-0.00132704
30.1757,0.523599,0.468982,-2.29278,-0.00132704,-0.00132704,-0.00132704,-0.00132704,-0.00132704,-0.00132704
30.1882,0.523599,0.447764,-2.04606,-0.00132704,-0.00132704,-0.00132704,-0.00132704,-0.00132704,-0.00132704
30.2007,0.523599,0.426291,-1.77022,-0.00132704,-0.00132704,-0.00132704,-0.00132704,-0.00132704,-0.00132704
30.2132,0.523599,0.404575,-1.46918,-0.00132704,-0.00132704,-0.00132704,-0.00132704,-0.00132704,-0.00132704
30.2257,0.523599,0.382628,-1.14723,-0.00132704,-0.00132704,-0.00132704,-0.00132704,-0.00132704,-0.00132704
30.2382,0.523599,0.360464,-0.808945,-0.00132704,-0.00132704,-0.00132704,-0.00132704,-0.00132704,-0.00132704
30.2507,0.523599,0.338093,-0.459151,-0.00132704,-0.00132704,-0.00132704,-0.00132704,-0.00132704,-0.00132704
30.2632,0.523599,0.31553,-0.102822,-0.00132704,-0.00132704,-0.00132704,-0.00132704,-0.00132704,-0.00132704
30.2757,0.523599,0.292787,0.25497,-0.00132704,-0.00132704,-0.00132704,-0.00132704,-0.00132704,-0.00132704
30.2882,0.523599,0.269878,0.609133,-0.00132704,-0.00132704,-0.00132704,-0.00132704,-0.00132704,-0.00132704
30.3007,0.523599,0.246814,0.954627,-0.00132704,-0.00132704,-0.00132704,-0.00132704,-0.00132704,-0.00132704
30.3132,0.523599,0.22361,1.28653,-0.00132704,-0.00132704,-0.00132704,-0.00132704,-0.00132704,-0.00132704
30.3257,0.523599,0.200278,1.60013,-0.00132704,-0.00132704,-0.00132704,-0.00132704,-0.00132704,-0.00132704
30.3382,0.523599,0.176832,1.89095,-0.00132704,-0.00132704,-0.00132704,-0.00132704,-0.00132704,-0.00132704
30.3507,0.523599,0.153286,2.15485,-0.00132704,-0.00132704,-0.00132704,-0.00132704,-0.00132704,-0.00132704
30.3632,0.523599,0.129652,2.38809,-0.00132704,-0.00132704,-0.00132704,-0.00132704,-0.00132704,-0.00132704
30.3757,0.523599,0.105944,2.58734,-0.00132704,-0.00132704,-0.00132704,-0.00132704,-0.00132704,-0.00132704
30.3882,0.523599,0.0821757,2.74975,-0.00132704,-0.00132704,-0.00132704,-0.00132704,-0.00132704,-0.00132704
30.4007,0.523599,0.0583606,2.87304,-0.00132704,-0.00132704,-0.00132704,-0.00132704,-0.00132704,-0.00132704
30.4132,0.523599,0.0345122,2.95543,-0.00132704,-0.00132704,-0.00132704,-0.00132704,-0.00132704,-0.00132704
30.4257,0.523599,0.0106442,2.99575,-0.00132704,-0.00132704,-0.00132704,-0.00132704,-0.00132704,-0.00132704
30.4382,0.523599,-0.01323,2.99344,-0.00132704,-0.00132704,-0.00132704,-0.00132704,-0.00132704,-0.00132704
30.4507,0.523599,-0.0370965,2.94852,-0.00132704,-0.00132704,-0.00132704,-0.00132704,-0.00132704,-0.00132704
30.4632,0.523599,-0.060942,2.86163,-0.00132704,-0.00132704,-0.00132704,-0.00132704,-0.00132704,-0.00132704
30.4757,0.523599,-0.0847526,2.73402,-0.00132704,-0.00132704,-0.00132704,-0.00132704,-0.00132704,-0.00132704
30.4882,0.523599,-0.108515,2.56749,-0.00132704,-0.00132704,-0.00132704,-0.00132704,-0.00132704,-0.00132704
30.5007,0.523599,-0.132216,2.36441,-0.00132704,-0.00132704,-0.00132704,-0.00132704,-0.00132704,-0.00132704
30.5132,0.523599,-0.155841,2.12769,-0.00132704,-0.00132704,-0.00132704,-0.00132704,-0.00132704,-0.00132704
30.5257,0.523599,-0.179377,1.86068,-0.00132704,-0.00132704,-0.00132704,-0.00132704,-0.00132704,-0.00132704
30.5382,0.523599,-0.202811,1.56718,-0.00132704,-0.00132704,-0.00132704,-0.00132704,-0.00132704,-0.00132704
30.5507,0.523599,-0.22613,1.25138,-0.00132704,-0.00132704,-0.00132704,-0.00132704,-0.00132704,-0.00132704
30.5632,0.523599,-0.249319,0.917775,-0.00132704,-0.00132704,-0.00132704,-0.00132704,-0.00132704,-0.00132704
30.5757,0.523599,-0.272367,0.571102,-0.00132704,-0.00132704,-0.00132704,-0.00132704,-0.00132704,-0.00132704
30.5882,0.523599,-0.295259,0.2163,-0.00132704,-0.00132704,-0.00132704,-0.00132704,-0.00132704,-0.00132704
30.6007,0.523599,-0.317983,-0.14158,-0.00132704,-0.00132704,-0.00132704,-0.00132704,-0.00132704,-0.00132704
30.6132,0.523599,-0.340526,-0.497445,-0.00132704,-0.00132704,-0.00132704,-0.00132704,-0.00132704,-0.00132704
30.6257,0.523599,-0.362875,-0.846229,-0.00132704,-0.00132704,-0.00132704,-0.00132704,-0.00132704,-0.00132704
30.6382,0.523599,-0.385016,-1.18297,-0.00132704,-0.00132704,-0.00132704,-0.00132704,-0.00132704,-0.00132704
30.6507,0.523599,-0.406939,-1.50287,-0.00132704,-0.00132704,-0.00132704,-0.00132704,-0.00132704,-0.00132704
30.6632,0.523599,-0.428629,-1.80138,-0.00132704,-0.00132704,-0.00132704,-0.00132704,-0.00132704,-0.00132704
30.6757,0.523599,-0.450075,-2.07426,-0.00132704,-0.00132704,-0.00132704,-0.00132704,-0.00132704,-0.00132704
30.6882,0.523599,-0.471265,-2.31761,-0.00132704,-0.00132704,-0.00132704,-0.00132704,-0.00132704,-0.00132704
30.7007,0.523599,-0.492186,-2.52797,-0.00132704,-0.00132704,-0.00132704,-0.00132704,-0.00132704,-0.00132704
30.7132,0.523599,-0.512826,-2.70235,-0.00132704,-0.00132704,-0.00132704,-0.00132704,-0.00132704,-0.00132704
30.7257,0.523599,-0.533174,-2.83827,-0.00132704,-0.00132704,-0.00132704,-0.00132704,-0.00132704,-0.00132704
30.7382,0.523599,-0.553219,-2.93379,-0.00132704,-0.00132704,-0.00132704,-0.00132704,-0.00132704,-0.00132704
30.7507,0.523599,-0.572948,-2.98756,-0.00132704,-0.00132704,-0.00132704,-0.00132704,-0.00132704,-0.00132704
30.7632,0.523599,-0.59235,-2.9988,-0.00132704,-0.00132704,-0.00132704,-0.00132704,-0.00132704,-0.00132704
30.7757,0.523599,-0.611415,-2.96736,-0.00132704,-0.00132704,-0.00132704,-0.00132704,-0.00132704,-0.00132704
30.7882,0.523599,-0.630131,-2.89369,-0.00132704,-0.00132704,-0.00132704,-0.00132704,-0.00132704,-0.00132704
30.8007,0.523599,-0.648488,-2.77883,-0.00132704,-0.00132704,-0.00132704,-0.00132704,-0.00132704,-0.00132704
30.8132,0.523599,-0.666476,-2.62441,-0.00132704,-0.00132704,-0.00132704,-0.00132704,-0.00132704,-0.00132704
30.8257,0.523599,-0.684083,-2.43265,-0.00132704,-0.00132704,-0.00132704,-0.00132704,-0.00132704,-0.00132704
30.8382,0.523599,-0.701301,-2.20626,-0.00132704,-0.00132704,-0.00132704,-0.00132704,-0.00132704,-0.00132704
30.8507,0.523599,-0.718119,-1.94847,-0.00132704,-0.00132704,-0.00132704,-0.00132704,-0.00132704,-0.00132704
30.8632,0.523599,-0.734527,-1.66294,-0.00132704,-0.00132704,-0.00132704,-0.00132704,-0.00132704,-0.00132704
30.8757,0.523599,-0.750517,-1.35375,-0.00132704,-0.00132704,-0.00132704,-0.00132704,-0.00132704,-0.00132704
30.8882,0.523599,-0.76608,-1.02529,-0.00132704,-0.00132704,-0.00132704,-0.00132704,-0.00132704,-0.00132704
30.9007,0.523599,-0.781205,-0.682233,-0.00132704,-0.00132704,-0.00132704,-0.00132704,-0.00132704,-0.00132704
30.9132,0.523599,-0.795886,-0.329468,-0.00132704,-0.00132704,-0.00132704,-0.00132704,-0.00132704,-0.00132704
30.9257,0.523599,-0.810112,0.0279864,-0.00132704,-0.00132704,-0.00132704,-0.00132704,-0.00132704,-0.00132704
30.9382,0.523599,-0.823877,0.385042,-0.00132704,-0.00132704,-0.00132704,-0.00132704,-0.00132704,-0.00132704
30.9507,0.523599,-0.837173,0.736618,-0.00132704,-0.00132704,-0.00132704,-0.00132704,-0.00132704,-0.00132704
30.9632,0.523599,-0.849991,1.07771,-0.00132704,-0.00132704,-0.00132704,-0.00132704,-0.00132704,-0.00132704
30.9757,0.523599,-0.862324,1.40346,-0.00132704,-0.00132704,-0.00132704,-0.00132704,-0.00132704,-0.00132704
30.9882,0.523599,-0.874167,1.70924,-0.00132704,-0.00132704,-0.00132704,-0.00132704,-0.00132704,-0.00132704
31.0007,0.523599,-0.885511,1.99069,-0.00132704,-0.00132704,-0.00132704,-0.00132704,-0.00132704,-0.00132704
31.0132,0.523599,-0.89635,2.2438,-0.00132704,-0.00132704,-0.00132704,-0.00132704,-0.00132704,-0.00132704
31.0257,0.523599,-0.906678,2.46498,-0.00132704,-0.00132704,-0.00132704,-0.00132704,-0.00132704,-0.00132704
31.0382,0.523599,-0.91649,2.65107,-0.00132704,-0.00132704,-0.00132704,-0.00132704,-0.00132704,-0.00132704
31.0507,0.523599,-0.925779,2.79943,-0.00132704,-0.00132704,-0.00132704,-0.00132704,-0.00132704,-0.00132704
31.0632,0.523599,-0.93454,2.90795,-0.00132704,-0.00132704,-0.00132704,-0.00132704,-0.00132704,-0.00132704
31.0757,0.523599,-0.942769,2.97508,-0.00132704,-0.00132704,-0.00132704,-0.00132704,-0.00132704,-0.00132704
31.0882,0.523599,-0.950461,2.99986,-0.00132704,-0.00132704,-0.00132704,-0.00132704,-0.00132704,-0.00132704
31.1007,0.523599,-0.95761,2.98195,-0.00132704,-0.00132704,-0.00132704,-0.00132704,-0.00132704,-0.00132704
31.1132,0.523599,-0.964214,2.92159,-0.00132704,-0.00132704,-0.00132704,-0.00132704,-0.00132704,-0.00132704
31.1257,0.523599,-0.970269,2.81965,-0.00132704,-0.00132704,-0.00132704,-0.00132704,-0.00132704,-0.00132704
31.1383,0.523599,-0.97577,2.67758,-0.00132704,-0.00132704,-0.00132704,-0.00132704,-0.00132704,-0.00132704
31.1508,0.523599,-0.980715,2.49739,-0.00132704,-0.00132704,-0.00132704,-0.00132704,-0.00132704,-0.00132704
31.1633,0.523599,-0.985101,2.28166,-0.00132704,-0.00132704,-0.00132704,-0.00132704,-0.00132704,-0.00132704
31.1758,0.523599,-0.988926,2.03346,-0.00132704,-0.00132704,-0.00132704,-0.00132704,-0.00132704,-0.00132704
31.1883,0.523599,-0.992187,1.75631,-0.00132704,-0.00132704,-0.00132704,-0.00132704,-0.00132704,-0.00132704
31.2008,0.523599,-0.994883,1.45417,-0.00132704,-0.00132704,-0.00132704,-0.00132704,-0.00132704,-0.00132704
31.2133,0.523599,-0.997011,1.13133,-0.00132704,-0.00132704,-0.00132704,-0.00132704,-0.00132704,-0.00132704
31.2258,0.523599,-0.998571,0.792385,-0.00132704,-0.00132704,-0.00132704,-0.00132704,-0.00132704,-0.00132704
31.2383,0.523599,-0.999562,0.442162,-0.00132704,-0.00132704,-0.00132704,-0.00132704,-0.00132704,-0.00132704
31.2508,0.523599,-0.999984,0.0856471,-0.00132704,-0.00132704,-0.00132704,-0.00132704,-0.00132704,-0.00132704
31.2633,0.523599,-0.999835,-0.272087,-0.00132704,-0.00132704,-0.00132704,-0.00132704,-0.00132704,-0.00132704
31.2758,0.523599,-0.999116,-0.625949,-0.00132704,-0.00132704,-0.00132704,-0.00132704,-0.00132704,-0.00132704
31.2883,0.523599,-0.997828,-0.970902,-0.00132704,-0.00132704,-0.00132704,-0.00132704,-0.00132704,-0.00132704
31.3008,0.523599,-0.995972,-1.30204,-0.00132704,-0.00132704,-0.00132704,-0.00132704,-0.00132704,-0.00132704
31.3133,0.523599,-0.993547,-1.61464,-0.00132704,-0.00132704,-0.00132704,-0.00132704,-0.00132704,-0.00132704
31.3258,0.523599,-0.990557,-1.90426,-0.00132704,-0.00132704,-0.00132704,-0.00132704,-0.00132704,-0.00132704
31.3383,0.523599,-0.987001,-2.16677,-0.00132704,-0.00132704,-0.00132704,-0.00132704,-0.00132704,-0.00132704
31.3508,0.523599,-0.982883,-2.39845,-0.00132704,-0.00132704,-0.00132704,-0.00132704,-0.00132704,-0.00132704
31.3633,0.523599,-0.978205,-2.59599,-0.00132704,-0.00132704,-0.00132704,-0.00132704,-0.00132704,-0.00132704
31.3758,0.523599,-0.97297,-2.75658,-0.00132704,-0.00132704,-0.00132704,-0.00132704,-0.00132704,-0.00132704
31.3883,0.523599,-0.967179,-2.87794,-0.00132704,-0.00132704,-0.00132704,-0.00132704,-0.00132704,-0.00132704
31.4008,0.523599,-0.960838,-2.95833,-0.00132704,-0.00132704,-0.00132704,-0.00132704,-0.00132704,-0.00132704
31.4133,0.523599,-0.953949,-2.99662,-0.00132704,-0.00132704,-0.00132704,-0.00132704,-0.00132704,-0.00132704
31.4258,0.523599,-0.946516,-2.99225,-0.00132704,-0.00132704,-0.00132704,-0.00132704,-0.00132704,-0.00132704
31.4383,0.523599,-0.938544,-2.9453,-0.00132704,-0.00132704,-0.00132704,-0.00132704,-0.00132704,-0.00132704
31.4508,0.523599,-0.930036,-2.85643,-0.00132704,-0.00132704,-0.00132704,-0.00132704,-0.00132704,-0.00132704
31.4633,0.523599,-0.920999,-2.7269,-0.00132704,-0.00132704,-0.00132704,-0.00132704,-0.00132704,-0.00132704
31.4758,0.523599,-0.911437,-2.55856,-0.00132704,-0.00132704,-0.00132704,-0.00132704,-0.00132704,-0.00132704
31.4883,0.523599,-0.901355,-2.3538,-0.00132704,-0.00132704,-0.00132704,-0.00132704,-0.00132704,-0.00132704
31.5008,0.523599,-0.890759,-2.11554,-0.00132704,-0.00132704,-0.00132704,-0.00132704,-0.00132704,-0.00132704
31.5133,0.523599,-0.879656,-1.84717,-0.00132704,-0.00132704,-0.00132704,-0.00132704,-0.00132704,-0.00132704
31.5258,0.523599,-0.868051,-1.55251,-0.00132704,-0.00132704,-0.00132704,-0.00132704,-0.00132704,-0.00132704
31.5383,0.523599,-0.855952,-1.23575,-0.00132704,-0.00132704,-0.00132704,-0.00132704,-0.00132704,-0.00132704
31.5508,0.523599,-0.843364,-0.9014,-0.00132704,-0.00132704,-0.00132704,-0.00132704,-0.00132704,-0.00132704
31.5633,0.523599,-0.830296,-0.554223,-0.00132704,-0.00132704,-0.00132704,-0.00132704,-0.00132704,-0.00132704
31.5758,0.523599,-0.816755,-0.199158,-0.00132704,-0.00132704,-0.00132704,-0.00132704,-0.00132704,-0.00132704
31.5883,0.523599,-0.802748,0.158742,-0.00132704,-0.00132704,-0.00132704,-0.00132704,-0.00132704,-0.00132704
31.6008,0.523599,-0.788284,0.514382,-0.00132704,-0.00132704,-0.00132704,-0.00132704,-0.00132704,-0.00132704
31.6133,0.523599,-0.773371,0.862701,-0.00132704,-0.00132704,-0.00132704,-0.00132704,-0.00132704,-0.00132704
31.6258,0.523599,-0.758016,1.19874,-0.00132704,-0.00132704,-0.00132704,-0.00132704,-0.00132704,-0.00132704
31.6383,0.523599,-0.74223,1.51772,-0.00132704,-0.00132704,-0.00132704,-0.00132704,-0.00132704,-0.00132704
31.6508,0.523599,-0.72602,1.8151,-0.00132704,-0.00132704,-0.00132704,-0.00132704,-0.00132704,-0.00132704
31.6633,0.523599,-0.709397,2.08664,-0.00132704,-0.00132704,-0.00132704,-0.00132704,-0.00132704,-0.00132704
31.6758,0.523599,-0.692369,2.32848,-0.00132704,-0.00132704,-0.00132704,-0.00132704,-0.00132704,-0.00132704
31.6883,0.523599,-0.674947,2.53718,-0.00132704,-0.00132704,-0.00132704,-0.00132704,-0.00132704,-0.00132704
31.7008,0.523599,-0.65714,2.70977,-0.00132704,-0.00132704,-0.00132704,-0.00132704,-0.00132704,-0.00132704
31.7133,0.523599,-0.638958,2.84379,-0.00132704,-0.00132704,-0.00132704,-0.00132704,-0.00132704,-0.00132704
31.7258,0.523599,-0.620412,2.93734,-0.00132704,-0.00132704,-0.00132704,-0.00132704,-0.00132704,-0.00132704
31.7383,0.523599,-0.601513,2.98907,-0.00132704,-0.00132704,-0.00132704,-0.00132704,-0.00132704,-0.00132704
31.7508,0.523599,-0.582271,2.99827,-0.00132704,-0.00132704,-0.00132704,-0.00132704,-0.00132704,-0.00132704
31.7633,0.523599,-0.562697,2.96478,-0.00132704,-0.00132704,-0.00132704,-0.00132704,-0.00132704,-0.00132704
31.7758,0.523599,-0.542802,2.88911,-0.00132704,-0.00132704,-0.00132704,-0.00132704,-0.00132704,-0.00132704
31.7883,0.523599,-0.522598,2.7723,-0.00132704,-0.00132704,-0.00132704,-0.00132704,-0.00132704,-0.00132704
31.8008,0.523599,-0.502096,2.61605,-0.00132704,-0.00132704,-0.00132704,-0.00132704,-0.00132704,-0.00132704
31.8133,0.523599,-0.481307,2.42255,-0.00132704,-0.00132704,-0.00132704,-0.00132704,-0.00132704,-0.00132704
31.8258,0.523599,-0.460245,2.19458,-0.00132704,-0.00132704,-0.00132704,-0.00132704,-0.00132704,-0.00132704
31.8383,0.523599,-0.43892,1.93537,-0.00132704,-0.00132704,-0.00132704,-0.00132704,-0.00132704,-0.00132704
31.8508,0.523599,-0.417345,1.64861,-0.00132704,-0.00132704,-0.00132704,-0.00132704,-0.00132704,-0.00132704
31.8633,0.523599,-0.395532,1.33839,-0.00132704,-0.00132704,-0.00132704,-0.00132704,-0.00132704,-0.00132704
31.8758,0.523599,-0.373493,1.00912,-0.00132704,-0.00132704,-0.00132704,-0.00132704,-0.00132704,-0.00132704
31.8883,0.523599,-0.351242,0.665488,-0.00132704,-0.00132704,-0.00132704,-0.00132704,-0.00132704,-0.00132704
31.9008,0.523599,-0.32879,0.312382,-0.00132704,-0.00132704,-0.00132704,-0.00132704,-0.00132704,-0.00132704
31.9133,0.523599,-0.306152,-0.045169,-0.00132704,-0.00132704,-0.00132704,-0.00132704,-0.00132704,-0.00132704
31.9258,0.523599,-0.283338,-0.402078,-0.00132704,-0.00132704,-0.00132704,-0.00132704,-0.00132704,-0.00132704
31.9383,0.523599,-0.260363,-0.753263,-0.00132704,-0.00132704,-0.00132704,-0.00132704,-0.00132704,-0.00132704
31.9508,0.523599,-0.23724,-1.09373,-0.00132704,-0.00132704,-0.00132704,-0.00132704,-0.00132704,-0.00132704
31.9633,0.523599,-0.213982,-1.41863,-0.00132704,-0.00132704,-0.00132704,-0.00132704,-0.00132704,-0.00132704
31.9758,0.523599,-0.190601,-1.72333,-0.00132704,-0.00132704,-0.00132704,-0.00132704,-0.00132704,-0.00132704
31.9883,0.523599,-0.167112,-2.00351,-0.00132704,-0.00132704,-0.00132704,-0.00132704,-0.00132704,-0.00132704
32.0008,0.523599,-0.143531,-2.25513,-0.00132704,-0.00132704,-0.00132704,-0.00132704,-0.00132704,-0.00132704
32.0133,0.523599,-0.119865,-2.4747,-0.00132704,-0.00132704,-0.00132704,-0.00132704,-0.00132704,-0.00132704
32.0258,0.523599,-0.0961306,-2.65905,-0.00132704,-0.00132704,-0.00132704,-0.00132704,-0.00132704,-0.00132704
32.0383,0.523599,-0.0723413,-2.80555,-0.00132704,-0.00132704,-0.00132704,-0.00132704,-0.00132704,-0.00132704
32.0508,0.523599,-0.0485108,-2.91211,-0.00132704,-0.00132704,-0.00132704,-0.00132704,-0.00132704,-0.00132704
32.0633,0.523599,-0.0246526,-2.97723,-0.00132704,-0.00132704,-0.00132704,-0.00132704,-0.00132704,-0.00132704
32.0758,0.523599,-0.000780444,-2.99998,-0.00132704,-0.00132704,-0.00132704,-0.00132704,-0.00132704,-0.00132704
32.0883,0.523599,0.0230922,-2.98002,-0.00132704,-0.00132704,-0.00132704,-0.00132704,-0.00132704,-0.00132704
32.1008,0.523599,0.0469517,-2.91765,-0.00132704,-0.00132704,-0.00132704,-0.00132704,-0.00132704,-0.00132704
32.1133,0.523599,0.0707844,-2.81375,-0.00132704,-0.00132704,-0.00132704,-0.00132704,-0.00132704,-0.00132704
32.1258,0.523599,0.0945768,-2.66981,-0.00132704,-0.00132704,-0.00132704,-0.00132704,-0.00132704,-0.00132704
32.1383,0.523599,0.118315,-2.48786,-0.00132704,-0.00132704,-0.00132704,-0.00132704,-0.00132704,-0.00132704
32.1508,0.523599,0.141986,-2.27051,-0.00132704,-0.00132704,-0.00132704,-0.00132704,-0.00132704,-0.00132704
32.1633,0.523599,0.165576,-2.02083,-0.00132704,-0.00132704,-0.00132704,-0.00132704,-0.00132704,-0.00132704
32.1758,0.523599,0.189072,-1.7424,-0.00132704,-0.00132704,-0.00132704,-0.00132704,-0.00132704,-0.00132704
32.1883,0.523599,0.21246,-1.43916,-0.00132704,-0.00132704,-0.00132704,-0.00132704,-0.00132704,-0.00132704
32.2008,0.523599,0.235727,-1.11545,-0.00132704,-0.00132704,-0.00132704,-0.00132704,-0.00132704,-0.00132704
32.2133,0.523599,0.258859,-0.775851,-0.00132704,-0.00132704,-0.00132704,-0.00132704,-0.00132704,-0.00132704
32.2258,0.523599,0.281844,-0.425213,-0.00132704,-0.00132704,-0.00132704,-0.00132704,-0.00132704,-0.00132704
32.2383,0.523599,0.304669,-0.0685235,-0.00132704,-0.00132704,-0.00132704,-0.00132704,-0.00132704,-0.00132704
32.2508,0.523599,0.327319,0.289142,-0.00132704,-0.00132704,-0.00132704,-0.00132704,-0.00132704,-0.00132704
32.2633,0.523599,0.349784,0.642691,-0.00132704,-0.00132704,-0.00132704,-0.00132704,-0.00132704,-0.00132704
32.2758,0.523599,0.372048,0.987093,-0.00132704,-0.00132704,-0.00132704,-0.00132704,-0.00132704,-0.00132704
32.2883,0.523599,0.394101,1.31745,-0.00132704,-0.00132704,-0.00132704,-0.00132704,-0.00132704,-0.00132704
32.3008,0.523599,0.415929,1.62905,-0.00132704,-0.00132704,-0.00132704,-0.00132704,-0.00132704,-0.00132704
32.3133,0.523599,0.43752,1.91746,-0.00132704,-0.00132704,-0.00132704,-0.00132704,-0.00132704,-0.00132704
32.3258,0.523599,0.458862,2.17859,-0.00132704,-0.00132704,-0.00132704,-0.00132704,-0.00132704,-0.00132704
32.3383,0.523599,0.479942,2.4087,-0.00132704,-0.00132704,-0.00132704,-0.00132704,-0.00132704,-0.00132704
32.3508,0.523599,0.500748,2.60453,-0.00132704,-0.00132704,-0.00132704,-0.00132704,-0.00132704,-0.00132704
32.3633,0.523599,0.521269,2.76329,-0.00132704,-0.00132704,-0.00132704,-0.00132704,-0.00132704,-0.00132704
32.3758,0.523599,0.541493,2.88273,-0.00132704,-0.00132704,-0.00132704,-0.00132704,-0.00132704,-0.00132704
32.3883,0.523599,0.561409,2.96113,-0.00132704,-0.00132704,-0.00132704,-0.00132704,-0.00132704,-0.00132704
32.4008,0.523599,0.581004,2.99738,-0.00132704,-0.00132704,-0.00132704,-0.00132704,-0.00132704,-0.00132704
32.4133,0.523599,0.600268,2.99097,-0.00132704,-0.00132704,-0.00132704,-0.00132704,-0.00132704,-0.00132704
32.4258,0.523599,0.61919,2.942,-0.00132704,-0.00132704,-0.00132704,-0.00132704,-0.00132704,-0.00132704
32.4383,0.523599,0.637759,2.85114,-0.00132704,-0.00132704,-0.00132704,-0.00132704,-0.00132704,-0.00132704
32.4508,0.523599,0.655965,2.71971,-0.00132704,-0.00132704,-0.00132704,-0.00132704,-0.00132704,-0.00132704
32.4633,0.523599,0.673797,2.54957,-0.00132704,-0.00132704,-0.00132704,-0.00132704,-0.00132704,-0.00132704
32.4758,0.523599,0.691245,2.34314,-0.00132704,-0.00132704,-0.00132704,-0.00132704,-0.00132704,-0.00132704
32.4883,0.523599,0.708298,2.10336,-0.00132704,-0.00132704,-0.00132704,-0.00132704,-0.00132704,-0.00132704
32.5008,0.523599,0.724948,1.83364,-0.00132704,-0.00132704,-0.00132704,-0.00132704,-0.00132704,-0.00132704
32.5133,0.523599,0.741185,1.53782,-0.00132704,-0.00132704,-0.00132704,-0.00132704,-0.00132704,-0.00132704
32.5258,0.523599,0.756999,1.22012,-0.00132704,-0.00132704,-0.00132704,-0.00132704,-0.00132704,-0.00132704
32.5383,0.523599,0.772382,0.885047,-0.00132704,-0.00132704,-0.00132704,-0.00132704,-0.00132704,-0.00132704
32.5508,0.523599,0.787325,0.537379,-0.00132704,-0.00132704,-0.00132704,-0.00132704,-0.00132704,-0.00132704
32.5633,0.523599,0.801819,0.182063,-0.00132704,-0.00132704,-0.00132704,-0.00132704,-0.00132704,-0.00132704
32.5758,0.523599,0.815856,-0.175845,-0.00132704,-0.00132704,-0.00132704,-0.00132704,-0.00132704,-0.00132704
32.5883,0.523599,0.829428,-0.53125,-0.00132704,-0.00132704,-0.00132704,-0.00132704,-0.00132704,-0.00132704
32.6008,0.523599,0.842527,-0.879093,-0.00132704,-0.00132704,-0.00132704,-0.00132704,-0.00132704,-0.00132704
32.6133,0.523599,0.855146,-1.21442,-0.00132704,-0.00132704,-0.00132704,-0.00132704,-0.00132704,-0.00132704
32.6258,0.523599,0.867277,-1.53247,-0.00132704,-0.00132704,-0.00132704,-0.00132704,-0.00132704,-0.00132704
32.6383,0.523599,0.878914,-1.82871,-0.00132704,-0.00132704,-0.00132704,-0.00132704,-0.00132704,-0.00132704
32.6508,0.523599,0.89005,-2.09891,-0.00132704,-0.00132704,-0.00132704,-0.00132704,-0.00132704,-0.00132704
32.6633,0.523599,0.900679,-2.33924,-0.00132704,-0.00132704,-0.00132704,-0.00132704,-0.00132704,-0.00132704
32.6758,0.523599,0.910795,-2.54628,-0.00132704,-0.00132704,-0.00132704,-0.00132704,-0.00132704,-0.00132704
32.6883,0.523599,0.920391,-2.71708,-0.00132704,-0.00132704,-0.00132704,-0.00132704,-0.00132704,-0.00132704
32.7008,0.523599,0.929463,-2.8492,-0.00132704,-0.00132704,-0.00132704,-0.00132704,-0.00132704,-0.00132704
32.7133,0.523599,0.938005,-2.94077,-0.00132704,-0.00132704,-0.00132704,-0.00132704,-0.00132704,-0.00132704
32.7258,0.523599,0.946012,-2.99048,-0.00132704,-0.00132704,-0.00132704,-0.00132704,-0.00132704,-0.00132704
32.7383,0.523599,0.953481,-2.99764,-0.00132704,-0.00132704,-0.00132704,-0.00132704,-0.00132704,-0.00132704
32.7508,0.523599,0.960405,-2.96212,-0.00132704,-0.00132704,-0.00132704,-0.00132704,-0.00132704,-0.00132704
32.7633,0.523599,0.966783,-2.88444,-0.00132704,-0.00132704,-0.00132704,-0.00132704,-0.00132704,-0.00132704
32.7758,0.523599,0.972609,-2.76571,-0.00132704,-0.00132704,-0.00132704,-0.00132704,-0.00132704,-0.00132704
32.7883,0.523599,0.977881,-2.60762,-0.00132704,-0.00132704,-0.00132704,-0.00132704,-0.00132704,-0.00132704
32.8008,0.523599,0.982595,-2.41241,-0.00132704,-0.00132704,-0.00132704,-0.00132704,-0.00132704,-0.00132704
32.8134,0.523599,0.98675,-2.18286,-0.00132704,-0.00132704,-0.00132704,-0.00132704,-0.00132704,-0.00132704
32.8259,0.523599,0.990342,-1.92225,-0.00132704,-0.00132704,-0.00132704,-0.00132704,-0.00132704,-0.00132704
32.8384,0.523599,0.99337,-1.63427,-0.00132704,-0.00132704,-0.00132704,-0.00132704,-0.00132704,-0.00132704
32.8509,0.523599,0.995831,-1.32304,-0.00132704,-0.00132704,-0.00132704,-0.00132704,-0.00132704,-0.00132704
32.8634,0.523599,0.997725,-0.992974,-0.00132704,-0.00132704,-0.00132704,-0.00132704,-0.00132704,-0.00132704
32.8759,0.523599,0.99905,-0.648775,-0.00132704,-0.00132704,-0.00132704,-0.00132704,-0.00132704,-0.00132704
32.8884,0.523599,0.999806,-0.295341,-0.00132704,-0.00132704,-0.00132704,-0.00132704,-0.00132704,-0.00132704
32.9009,0.523599,0.999991,0.0622955,-0.00132704,-0.00132704,-0.00132704,-0.00132704,-0.00132704,-0.00132704
32.9134,0.523599,0.999607,0.419046,-0.00132704,-0.00132704,-0.00132704,-0.00132704,-0.00132704,-0.00132704
32.9259,0.523599,0.998653,0.769832,-0.00132704,-0.00132704,-0.00132704,-0.00132704,-0.00132704,-0.00132704
32.9384,0.523599,0.99713,1.10966,-0.00132704,-0.00132704,-0.00132704,-0.00132704,-0.00132704,-0.00132704
32.9509,0.523599,0.995039,1.4337,-0.00132704,-0.00132704,-0.00132704,-0.00132704,-0.00132704,-0.00132704
32.9634,0.523599,0.99238,1.73732,-0.00132704,-0.00132704,-0.00132704,-0.00132704,-0.00132704,-0.00132704
32.9759,0.523599,0.989156,2.01623,-0.00132704,-0.00132704,-0.00132704,-0.00132704,-0.00132704,-0.00132704
32.9884,0.523599,0.985368,2.26643,-0.00132704,-0.00132704,-0.00132704,-0.00132704,-0.00132704,-0.00132704
33.0009,0.523599,0.981018,2.48438,-0.00132704,-0.00132704,-0.00132704,-0.00132704,-0.00132704,-0.00132704
33.0134,0.523599,0.97611,2.66696,-0.00132704,-0.00132704,-0.00132704,-0.00132704,-0.00132704,-0.00132704
33.0259,0.523599,0.970644,2.81159,-0.00132704,-0.00132704,-0.00132704,-0.00132704,-0.00132704,-0.00132704
33.0384,0.523599,0.964626,2.9162,-0.00132704,-0.00132704,-0.00132704,-0.00132704,-0.00132704,-0.00132704
33.0509,0.523599,0.958058,2.9793,-0.00132704,-0.00132704,-0.00132704,-0.00132704,-0.00132704,-0.00132704
33.0634,0.523599,0.950944,2.99999,-0.00132704,-0.00132704,-0.00132704,-0.00132704,-0.00132704,-0.00132704
33.0759,0.523599,0.943287,2.97799,-0.00132704,-0.00132704,-0.00132704,-0.00132704,-0.00132704,-0.00132704
33.0884,0.523599,0.935093,2.9136,-0.00132704,-0.00132704,-0.00132704,-0.00132704,-0.00132704,-0.00132704
33.1009,0.523599,0.926367,2.80775,-0.00132704,-0.00132704,-0.00132704,-0.00132704,-0.00132704,-0.00132704
33.1134,0.523599,0.917112,2.66193,-0.00132704,-0.00132704,-0.00132704,-0.00132704,-0.00132704,-0.00132704
33.1259,0.523599,0.907334,2.47822,-0.00132704,-0.00132704,-0.00132704,-0.00132704,-0.00132704,-0.00132704
33.1384,0.523599,0.897039,2.25924,-0.00132704,-0.00132704,-0.00132704,-0.00132704,-0.00132704,-0.00132704
33.1509,0.523599,0.886233,2.0081,-0.00132704,-0.00132704,-0.00132704,-0.00132704,-0.00132704,-0.00132704
33.1634,0.523599,0.874922,1.72838,-0.00132704,-0.00132704,-0.00132704,-0.00132704,-0.00132704,-0.00132704
33.1759,0.523599,0.863112,1.42406,-0.00132704,-0.00132704,-0.00132704,-0.00132704,-0.00132704,-0.00132704
33.1884,0.523599,0.85081,1.09948,-0.00132704,-0.00132704,-0.00132704,-0.00132704,-0.00132704,-0.00132704
33.2009,0.523599,0.838023,0.759239,-0.00132704,-0.00132704,-0.00132704,-0.00132704,-0.00132704,-0.00132704
33.2134,0.523599,0.824759,0.408196,-0.00132704,-0.00132704,-0.00132704,-0.00132704,-0.00132704,-0.00132704
33.2259,0.523599,0.811024,0.051343,-0.00132704,-0.00132704,-0.00132704,-0.00132704,-0.00132704,-0.00132704
33.2384,0.523599,0.796827,-0.306241,-0.00132704,-0.00132704,-0.00132704,-0.00132704,-0.00132704,-0.00132704
33.2509,0.523599,0.782176,-0.659465,-0.00132704,-0.00132704,-0.00132704,-0.00132704,-0.00132704,-0.00132704
33.2634,0.523599,0.76708,-1.0033,-0.00132704,-0.00132704,-0.00132704,-0.00132704,-0.00132704,-0.00132704
33.2759,0.523599,0.751546,-1.33286,-0.00132704,-0.00132704,-0.00132704,-0.00132704,-0.00132704,-0.00132704
33.2884,0.523599,0.735583,-1.64345,-0.00132704,-0.00132704,-0.00132704,-0.00132704,-0.00132704,-0.00132704
33.3009,0.523599,0.719202,-1.93065,-0.00132704,-0.00132704,-0.00132704,-0.00132704,-0.00132704,-0.00132704
33.3134,0.523599,0.70241,-2.19036,-0.00132704,-0.00132704,-0.00132704,-0.00132704,-0.00132704,-0.00132704
33.3259,0.523599,0.685218,-2.41891,-0.00132704,-0.00132704,-0.00132704,-0.00132704,-0.00132704,-0.00132704
33.3384,0.523599,0.667636,-2.61302,-0.00132704,-0.00132704,-0.00132704,-0.00132704,-0.00132704,-0.00132704
33.3509,0.523599,0.649673,-2.76994,-0.00132704,-0.00132704,-0.00132704,-0.00132704,-0.00132704,-0.00132704
33.3634,0.523599,0.631339,-2.88744,-0.00132704,-0.00132704,-0.00132704,-0.00132704,-0.00132704,-0.00132704
33.3759,0.523599,0.612646,-2.96384,-0.00132704,-0.00132704,-0.00132704,-0.00132704,-0.00132704,-0.00132704
33.3884,0.523599,0.593604,-2.99805,-0.00132704,-0.00132704,-0.00132704,-0.00132704,-0.00132704,-0.00132704
33.4009,0.523599,0.574223,-2.98959,-0.00132704,-0.00132704,-0.00132704,-0.00132704,-0.00132704,-0.00132704
33.4134,0.523599,0.554515,-2.93859,-0.00132704,-0.00132704,-0.00132704,-0.00132704,-0.00132704,-0.00132704
33.4259,0.523599,0.534491,-2.84575,-0.00132704,-0.00132704,-0.00132704,-0.00132704,-0.00132704,-0.00132704
33.4384,0.523599,0.514163,-2.71241,-0.00132704,-0.00132704,-0.00132704,-0.00132704,-0.00132704,-0.00132704
33.4509,0.523599,0.493541,-2.54047,-0.00132704,-0.00132704,-0.00132704,-0.00132704,-0.00132704,-0.00132704
33.4634,0.523599,0.472638,-2.33237,-0.00132704,-0.00132704,-0.00132704,-0.00132704,-0.00132704,-0.00132704
33.4759,0.523599,0.451465,-2.09107,-0.00132704,-0.00132704,-0.00132704,-0.00132704,-0.00132704,-0.00132704
33.4884,0.523599,0.430036,-1.82001,-0.00132704,-0.00132704,-0.00132704,-0.00132704,-0.00132704,-0.00132704
33.5009,0.523599,0.408361,-1.52304,-0.00132704,-0.00132704,-0.00132704,-0.00132704,-0.00132704,-0.00132704
33.5134,0.523599,0.386453,-1.2044,-0.00132704,-0.00132704,-0.00132704,-0.00132704,-0.00132704,-0.00132704
33.5259,0.523599,0.364325,-0.868614,-0.00132704,-0.00132704,-0.00132704,-0.00132704,-0.00132704,-0.00132704
33.5384,0.523599,0.34199,-0.520465,-0.00132704,-0.00132704,-0.00132704,-0.00132704,-0.00132704,-0.00132704
33.5509,0.523599,0.319459,-0.164908,-0.00132704,-0.00132704,-0.00132704,-0.00132704,-0.00132704,-0.00132704
33.5634,0.523599,0.296747,0.192996,-0.00132704,-0.00132704,-0.00132704,-0.00132704,-0.00132704,-0.00132704
33.5759,0.523599,0.273865,0.548153,-0.00132704,-0.00132704,-0.00132704,-0.00132704,-0.00132704,-0.00132704
33.5884,0.523599,0.250827,0.895508,-0.00132704,-0.00132704,-0.00132704,-0.00132704,-0.00132704,-0.00132704
33.6009,0.523599,0.227646,1.23012,-0.00132704,-0.00132704,-0.00132704,-0.00132704,-0.00132704,-0.00132704
33.6134,0.523599,0.204336,1.54722,-0.00132704,-0.00132704,-0.00132704,-0.00132704,-0.00132704,-0.00132704
33.6259,0.523599,0.180909,1.8423,-0.00132704,-0.00132704,-0.00132704,-0.00132704,-0.00132704,-0.00132704
33.6384,0.523599,0.157379,2.11115,-0.00132704,-0.00132704,-0.00132704,-0.00132704,-0.00132704,-0.00132704
33.6509,0.523599,0.133759,2.34996,-0.00132704,-0.00132704,-0.00132704,-0.00132704,-0.00132704,-0.00132704
33.6634,0.523599,0.110063,2.55533,-0.00132704,-0.00132704,-0.00132704,-0.00132704,-0.00132704,-0.00132704
33.6759,0.523599,0.0863042,2.72432,-0.00132704,-0.00132704,-0.00132704,-0.00132704,-0.00132704,-0.00132704
33.6884,0.523599,0.0624962,2.85453,-0.00132704,-0.00132704,-0.00132704,-0.00132704,-0.00132704,-0.00132704
33.7009,0.523599,0.0386527,2.94412,-0.00132704,-0.00132704,-0.00132704,-0.00132704,-0.00132704,-0.00132704
33.7134,0.523599,0.014787,2.9918,-0.00132704,-0.00132704,-0.00132704,-0.00132704,-0.00132704,-0.00132704
33.7259,0.523599,-0.00908699,2.9969,-0.00132704,-0.00132704,-0.00132704,-0.00132704,-0.00132704,-0.00132704
33.7384,0.523599,-0.0329558,2.95935,-0.00132704,-0.00132704,-0.00132704,-0.00132704,-0.00132704,-0.00132704
33.7509,0.523599,-0.0568059,2.87967,-0.00132704,-0.00132704,-0.00132704,-0.00132704,-0.00132704,-0.00132704
33.7634,0.523599,-0.0806236,2.75901,-0.00132704,-0.00132704,-0.00132704,-0.00132704,-0.00132704,-0.00132704
33.7759,0.523599,-0.104395,2.59908,-0.00132704,-0.00132704,-0.00132704,-0.00132704,-0.00132704,-0.00132704
33.7884,0.523599,-0.128108,2.40215,-0.00132704,-0.00132704,-0.00132704,-0.00132704,-0.00132704,-0.00132704
33.8009,0.523599,-0.151747,2.17104,-0.00132704,-0.00132704,-0.00132704,-0.00132704,-0.00132704,-0.00132704
33.8134,0.523599,-0.1753,1.90902,-0.00132704,-0.00132704,-0.00132704,-0.00132704,-0.00132704,-0.00132704
33.8259,0.523599,-0.198752,1.61984,-0.00132704,-0.00132704,-0.00132704,-0.00132704,-0.00132704,-0.00132704
33.8384,0.523599,-0.222092,1.3076,-0.00132704,-0.00132704,-0.00132704,-0.00132704,-0.00132704,-0.00132704
33.8509,0.523599,-0.245305,0.976742,-0.00132704,-0.00132704,-0.00132704,-0.00132704,-0.00132704,-0.00132704
33.8634,0.523599,-0.268378,0.631987,-0.00132704,-0.00132704,-0.00132704,-0.00132704,-0.00132704,-0.00132704
33.8759,0.523599,-0.291298,0.278236,-0.00132704,-0.00132704,-0.00132704,-0.00132704,-0.00132704,-0.00132704
33.8884,0.523599,-0.314052,-0.0794747,-0.00132704,-0.00132704,-0.00132704,-0.00132704,-0.00132704,-0.00132704
33.9009,0.523599,-0.336627,-0.436054,-0.00132704,-0.00132704,-0.00132704,-0.00132704,-0.00132704,-0.00132704
33.9134,0.523599,-0.359011,-0.786427,-0.00132704,-0.00132704,-0.00132704,-0.00132704,-0.00132704,-0.00132704
33.9259,0.523599,-0.381189,-1.12561,-0.00132704,-0.00132704,-0.00132704,-0.00132704,-0.00132704,-0.00132704
33.9384,0.523599,-0.403151,-1.44877,-0.00132704,-0.00132704,-0.00132704,-0.00132704,-0.00132704,-0.00132704
33.9509,0.523599,-0.424882,-1.7513,-0.00132704,-0.00132704,-0.00132704,-0.00132704,-0.00132704,-0.00132704
33.9634,0.523599,-0.446372,-2.02892,-0.00132704,-0.00132704,-0.00132704,-0.00132704,-0.00132704,-0.00132704
33.9759,0.523599,-0.467607,-2.27765,-0.00132704,-0.00132704,-0.00132704,-0.00132704,-0.00132704,-0.00132704
33.9884,0.523599,-0.488575,-2.49397,-0.00132704,-0.00132704,-0.00132704,-0.00132704,-0.00132704,-0.00132704
34.0009,0.523599,-0.509265,-2.67479,-0.00132704,-0.00132704,-0.00132704,-0.00132704,-0.00132704,-0.00132704
34.0134,0.523599,-0.529665,-2.81753,-0.00132704,-0.00132704,-0.00132704,-0.00132704,-0.00132704,-0.00132704
34.0259,0.523599,-0.549762,-2.92018,-0.00132704,-0.00132704,-0.00132704,-0.00132704,-0.00132704,-0.00132704
34.0384,0.523599,-0.569547,-2.98126,-0.00132704,-0.00132704,-0.00132704,-0.00132704,-0.00132704,-0.00132704
34.0509,0.523599,-0.589007,-2.99991,-0.00132704,-0.00132704,-0.00132704,-0.00132704,-0.00132704,-0.00132704
34.0634,0.523599,-0.608131,-2.97587,-0.00132704,-0.00132704,-0.00132704,-0.00132704,-0.00132704,-0.00132704
34.0759,0.523599,-0.626908,-2.90946,-0.00132704,-0.00132704,-0.00132704,-0.00132704,-0.00132704,-0.00132704
34.0884,0.523599,-0.645329,-2.80165,-0.00132704,-0.00132704,-0.00132704,-0.00132704,-0.00132704,-0.00132704
34.1009,0.523599,-0.663381,-2.65396,-0.00132704,-0.00132704,-0.00132704,-0.00132704,-0.00132704,-0.00132704
34.1134,0.523599,-0.681055,-2.46849,-0.00132704,-0.00132704,-0.00132704,-0.00132704,-0.00132704,-0.00132704
34.1259,0.523599,-0.698341,-2.24789,-0.00132704,-0.00132704,-0.00132704,-0.00132704,-0.00132704,-0.00132704
34.1384,0.523599,-0.715229,-1.9953,-0.00132704,-0.00132704,-0.00132704,-0.00132704,-0.00132704,-0.00132704
34.1509,0.523599,-0.73171,-1.71431,-0.00132704,-0.00132704,-0.00132704,-0.00132704,-0.00132704,-0.00132704
34.1634,0.523599,-0.747773,-1.40892,-0.00132704,-0.00132704,-0.00132704,-0.00132704,-0.00132704,-0.00132704
34.1759,0.523599,-0.76341,-1.08347,-0.00132704,-0.00132704,-0.00132704,-0.00132704,-0.00132704,-0.00132704
34.1884,0.523599,-0.778612,-0.742602,-0.00132704,-0.00132704,-0.00132704,-0.00132704,-0.00132704,-0.00132704
34.2009,0.523599,-0.79337,-0.391165,-0.00132704,-0.00132704,-0.00132704,-0.00132704,-0.00132704,-0.00132704
34.2134,0.523599,-0.807676,-0.0341608,-0.00132704,-0.00132704,-0.00132704,-0.00132704,-0.00132704,-0.00132704
34.2259,0.523599,-0.821522,0.32333,-0.00132704,-0.00132704,-0.00132704,-0.00132704,-0.00132704,-0.00132704
34.2384,0.523599,-0.834899,0.676218,-0.00132704,-0.00132704,-0.00132704,-0.00132704,-0.00132704,-0.00132704
34.2509,0.523599,-0.847801,1.01948,-0.00132704,-0.00132704,-0.00132704,-0.00132704,-0.00132704,-0.00132704
34.2634,0.523599,-0.860219,1.34824,-0.00132704,-0.00132704,-0.00132704,-0.00132704,-0.00132704,-0.00132704
34.2759,0.523599,-0.872147,1.6578,-0.00132704,-0.00132704,-0.00132704,-0.00132704,-0.00132704,-0.00132704
34.2884,0.523599,-0.883578,1.94377,-0.00132704,-0.00132704,-0.00132704,-0.00132704,-0.00132704,-0.00132704
34.3009,0.523599,-0.894505,2.20207,-0.00132704,-0.00132704,-0.00132704,-0.00132704,-0.00132704,-0.00132704
34.3134,0.523599,-0.904923,2.42903,-0.00132704,-0.00132704,-0.00132704,-0.00132704,-0.00132704,-0.00132704
34.3259,0.523599,-0.914824,2.62142,-0.00132704,-0.00132704,-0.00132704,-0.00132704,-0.00132704,-0.00132704
34.3384,0.523599,-0.924205,2.77649,-0.00132704,-0.00132704,-0.00132704,-0.00132704,-0.00132704,-0.00132704
34.3509,0.523599,-0.933058,2.89205,-0.00132704,-0.00132704,-0.00132704,-0.00132704,-0.00132704,-0.00132704
34.3634,0.523599,-0.94138,2.96645,-0.00132704,-0.00132704,-0.00132704,-0.00132704,-0.00132704,-0.00132704
34.3759,0.523599,-0.949165,2.99862,-0.00132704,-0.00132704,-0.00132704,-0.00132704,-0.00132704,-0.00132704
34.3884,0.523599,-0.956409,2.98811,-0.00132704,-0.00132704,-0.00132704,-0.00132704,-0.00132704,-0.00132704
34.4009,0.523599,-0.963108,2.93508,-0.00132704,-0.00132704,-0.00132704,-0.00132704,-0.00132704,-0.00132704
34.4134,0.523599,-0.969258,2.84027,-0.00132704,-0.00132704,-0.00132704,-0.00132704,-0.00132704,-0.00132704
34.4259,0.523599,-0.974855,2.70503,-0.00132704,-0.00132704,-0.00132704,-0.00132704,-0.00132704,-0.00132704
34.4384,0.523599,-0.979897,2.53129,-0.00132704,-0.00132704,-0.00132704,-0.00132704,-0.00132704,-0.00132704
34.451,0.523599,-0.98438,2.32152,-0.00132704,-0.00132704,-0.00132704,-0.00132704,-0.00132704,-0.00132704
34.4635,0.523599,-0.988303,2.07871,-0.00132704,-0.00132704,-0.00132704,-0.00132704,-0.00132704,-0.00132704
34.476,0.523599,-0.991662,1.80632,-0.00132704,-0.00132704,-0.00132704,-0.00132704,-0.00132704,-0.00132704
34.4885,0.523599,-0.994456,1.50821,-0.00132704,-0.00132704,-0.00132704,-0.00132704,-0.00132704,-0.00132704
34.501,0.523599,-0.996683,1.18864,-0.00132704,-0.00132704,-0.00132704,-0.00132704,-0.00132704,-0.00132704
34.5135,0.523599,-0.998341,0.852152,-0.00132704,-0.00132704,-0.00132704,-0.00132704,-0.00132704,-0.00132704
34.526,0.523599,-0.999431,0.503533,-0.00132704,-0.00132704,-0.00132704,-0.00132704,-0.00132704,-0.00132704
34.5385,0.523599,-0.999951,0.147747,-0.00132704,-0.00132704,-0.00132704,-0.00132704,-0.00132704,-0.00132704
34.551,0.523599,-0.999902,-0.210141,-0.00132704,-0.00132704,-0.00132704,-0.00132704,-0.00132704,-0.00132704
34.5635,0.523599,-0.999282,-0.565039,-0.00132704,-0.00132704,-0.00132704,-0.00132704,-0.00132704,-0.00132704
34.576,0.523599,-0.998093,-0.911894,-0.00132704,-0.00132704,-0.00132704,-0.00132704,-0.00132704,-0.00132704
34.5885,0.523599,-0.996335,-1.24577,-0.00132704,-0.00132704,-0.00132704,-0.00132704,-0.00132704,-0.00132704
34.601,0.523599,-0.994009,-1.56192,-0.00132704,-0.00132704,-0.00132704,-0.00132704,-0.00132704,-0.00132704
34.6135,0.523599,-0.991116,-1.85583,-0.00132704,-0.00132704,-0.00132704,-0.00132704,-0.00132704,-0.00132704
34.626,0.523599,-0.987659,-2.12333,-0.00132704,-0.00132704,-0.00132704,-0.00132704,-0.00132704,-0.00132704
34.6385,0.523599,-0.983638,-2.36061,-0.00132704,-0.00132704,-0.00132704,-0.00132704,-0.00132704,-0.00132704
34.651,0.523599,-0.979057,-2.56429,-0.00132704,-0.00132704,-0.00132704,-0.00132704,-0.00132704,-0.00132704
34.6635,0.523599,-0.973918,-2.73147,-0.00132704,-0.00132704,-0.00132704,-0.00132704,-0.00132704,-0.00132704
34.676,0.523599,-0.968224,-2.85977,-0.00132704,-0.00132704,-0.00132704,-0.00132704,-0.00132704,-0.00132704
34.6885,0.523599,-0.961978,-2.94737,-0.00132704,-0.00132704,-0.00132704,-0.00132704,-0.00132704,-0.00132704
34.701,0.523599,-0.955184,-2.99302,-0.00132704,-0.00132704,-0.00132704,-0.00132704,-0.00132704,-0.00132704
34.7135,0.523599,-0.947845,-2.99607,-0.00132704,-0.00132704,-0.00132704,-0.00132704,-0.00132704,-0.00132704
34.726,0.523599,-0.939966,-2.95648,-0.00132704,-0.00132704,-0.00132704,-0.00132704,-0.00132704,-0.00132704
34.7385,0.523599,-0.931551,-2.87481,-0.00132704,-0.00132704,-0.00132704,-0.00132704,-0.00132704,-0.00132704
34.751,0.523599,-0.922605,-2.75222,-0.00132704,-0.00132704,-0.00132704,-0.00132704,-0.00132704,-0.00132704
34.7635,0.523599,-0.913134,-2.59045,-0.00132704,-0.00132704,-0.00132704,-0.00132704,-0.00132704,-0.00132704
34.776,0.523599,-0.903141,-2.39182,-0.00132704,-0.00132704,-0.00132704,-0.00132704,-0.00132704,-0.00132704
34.7885,0.523599,-0.892635,-2.15915,-0.00132704,-0.00132704,-0.00132704,-0.00132704,-0.00132704,-0.00132704
34.801,0.523599,-0.881619,-1.89574,-0.00132704,-0.00132704,-0.00132704,-0.00132704,-0.00132704,-0.00132704
34.8135,0.523599,-0.870101,-1.60535,-0.00132704,-0.00132704,-0.00132704,-0.00132704,-0.00132704,-0.00132704
34.826,0.523599,-0.858087,-1.29211,-0.00132704,-0.00132704,-0.00132704,-0.00132704,-0.00132704,-0.00132704
34.8385,0.523599,-0.845584,-0.960479,-0.00132704,-0.00132704,-0.00132704,-0.00132704,-0.00132704,-0.00132704
34.851,0.523599,-0.832598,-0.615178,-0.00132704,-0.00132704,-0.00132704,-0.00132704,-0.00132704,-0.00132704
34.8635,0.523599,-0.819139,-0.261122,-0.00132704,-0.00132704,-0.00132704,-0.00132704,-0.00132704,-0.00132704
34.876,0.523599,-0.805212,0.0966511,-0.00132704,-0.00132704,-0.00132704,-0.00132704,-0.00132704,-0.00132704
34.8885,0.523599,-0.790827,0.453048,-0.00132704,-0.00132704,-0.00132704,-0.00132704,-0.00132704,-0.00132704
34.901,0.523599,-0.77599,0.802997,-0.00132704,-0.00132704,-0.00132704,-0.00132704,-0.00132704,-0.00132704
34.9135,0.523599,-0.760712,1.14152,-0.00132704,-0.00132704,-0.00132704,-0.00132704,-0.00132704,-0.00132704
34.926,0.523599,-0.745,1.46379,-0.00132704,-0.00132704,-0.00132704,-0.00132704,-0.00132704,-0.00132704
34.9385,0.523599,-0.728863,1.76523,-0.00132704,-0.00132704,-0.00132704,-0.00132704,-0.00132704,-0.00132704
34.951,0.523599,-0.712311,2.04154,-0.00132704,-0.00132704,-0.00132704,-0.00132704,-0.00132704,-0.00132704
34.9635,0.523599,-0.695353,2.2888,-0.00132704,-0.00132704,-0.00132704,-0.00132704,-0.00132704,-0.00132704
34.976,0.523599,-0.677998,2.50348,-0.00132704,-0.00132704,-0.00132704,-0.00132704,-0.00132704,-0.00132704
34.9885,0.523599,-0.660257,2.68252,-0.00132704,-0.00132704,-0.00132704,-0.00132704,-0.00132704,-0.00132704
35.001,0.523599,-0.64214,2.82339,-0.00132704,-0.00132704,-0.00132704,-0.00132704,-0.00132704,-0.00132704
35.0135,0.523599,-0.623656,2.92407,-0.00132704,-0.00132704,-0.00132704,-0.00132704,-0.00132704,-0.00132704
35.026,0.523599,-0.604818,2.98313,-0.00132704,-0.00132704,-0.00132704,-0.00132704,-0.00132704,-0.00132704
35.0385,0.523599,-0.585634,2.99974,-0.00132704,-0.00132704,-0.00132704,-0.00132704,-0.00132704,-0.00132704
35.051,0.523599,-0.566117,2.97364,-0.00132704,-0.00132704,-0.00132704,-0.00132704,-0.00132704,-0.00132704
35.0635,0.523599,-0.546277,2.90523,-0.00132704,-0.00132704,-0.00132704,-0.00132704,-0.00132704,-0.00132704
35.076,0.523599,-0.526126,2.79546,-0.00132704,-0.00132704,-0.00132704,-0.00132704,-0.00132704,-0.00132704
35.0885,0.523599,-0.505674,2.6459,-0.00132704,-0.00132704,-0.00132704,-0.00132704,-0.00132704,-0.00132704
35.101,0.523599,-0.484935,2.45869,-0.00132704,-0.00132704,-0.00132704,-0.00132704,-0.00132704,-0.00132704
35.1135,0.523599,-0.463919,2.23648,-0.00132704,-0.00132704,-0.00132704,-0.00132704,-0.00132704,-0.00132704
35.126,0.523599,-0.442639,1.98244,-0.00132704,-0.00132704,-0.00132704,-0.00132704,-0.00132704,-0.00132704
35.1385,0.523599,-0.421106,1.70018,-0.00132704,-0.00132704,-0.00132704,-0.00132704,-0.00132704,-0.00132704
35.151,0.523599,-0.399334,1.39372,-0.00132704,-0.00132704,-0.00132704,-0.00132704,-0.00132704,-0.00132704
35.1635,0.523599,-0.377333,1.06743,-0.00132704,-0.00132704,-0.00132704,-0.00132704,-0.00132704,-0.00132704
35.176,0.523599,-0.355118,0.725941,-0.00132704,-0.00132704,-0.00132704,-0.00132704,-0.00132704,-0.00132704
35.1885,0.523599,-0.332701,0.374122,-0.00132704,-0.00132704,-0.00132704,-0.00132704,-0.00132704,-0.00132704
35.201,0.523599,-0.310093,0.0169776,-0.00132704,-0.00132704,-0.00132704,-0.00132704,-0.00132704,-0.00132704
35.2135,0.523599,-0.287309,-0.340408,-0.00132704,-0.00132704,-0.00132704,-0.00132704,-0.00132704,-0.00132704
35.226,0.523599,-0.264361,-0.692949,-0.00132704,-0.00132704,-0.00132704,-0.00132704,-0.00132704,-0.00132704
35.2385,0.523599,-0.241263,-1.03563,-0.00132704,-0.00132704,-0.00132704,-0.00132704,-0.00132704,-0.00132704
35.251,0.523599,-0.218027,-1.36356,-0.00132704,-0.00132704,-0.00132704,-0.00132704,-0.00132704,-0.00132704
35.2635,0.523599,-0.194667,-1.67209,-0.00132704,-0.00132704,-0.00132704,-0.00132704,-0.00132704,-0.00132704
35.276,0.523599,-0.171195,-1.95682,-0.00132704,-0.00132704,-0.00132704,-0.00132704,-0.00132704,-0.00132704
35.2885,0.523599,-0.147627,-2.2137,-0.00132704,-0.00132704,-0.00132704,-0.00132704,-0.00132704,-0.00132704
35.301,0.523599,-0.123974,-2.43907,-0.00132704,-0.00132704,-0.00132704,-0.00132704,-0.00132704,-0.00132704
35.3135,0.523599,-0.10025,-2.62973,-0.00132704,-0.00132704,-0.00132704,-0.00132704,-0.00132704,-0.00132704
35.326,0.523599,-0.0764694,-2.78296,-0.00132704,-0.00132704,-0.00132704,-0.00132704,-0.00132704,-0.00132704
35.3385,0.523599,-0.0526451,-2.89657,-0.00132704,-0.00132704,-0.00132704,-0.00132704,-0.00132704,-0.00132704
35.351,0.523599,-0.0287907,-2.96896,-0.00132704,-0.00132704,-0.00132704,-0.00132704,-0.00132704,-0.00132704
35.3635,0.523599,-0.00492001,-2.99909,-0.00132704,-0.00132704,-0.00132704,-0.00132704,-0.00132704,-0.00132704
35.376,0.523599,0.0189535,-2.98654,-0.00132704,-0.00132704,-0.00132704,-0.00132704,-0.00132704,-0.00132704
35.3885,0.523599,0.0428163,-2.93147,-0.00132704,-0.00132704,-0.00132704,-0.00132704,-0.00132704,-0.00132704
35.401,0.523599,0.0666546,-2.83469,-0.00132704,-0.00132704,-0.00132704,-0.00132704,-0.00132704,-0.00132704
35.4135,0.523599,0.090455,-2.69755,-0.00132704,-0.00132704,-0.00132704,-0.00132704,-0.00132704,-0.00132704
35.426,0.523599,0.114204,-2.52203,-0.00132704,-0.00132704,-0.00132704,-0.00132704,-0.00132704,-0.00132704
35.4385,0.523599,0.137887,-2.3106,-0.00132704,-0.00132704,-0.00132704,-0.00132704,-0.00132704,-0.00132704
35.451,0.523599,0.161493,-2.06629,-0.00132704,-0.00132704,-0.00132704,-0.00132704,-0.00132704,-0.00132704
35.4635,0.523599,0.185006,-1.79257,-0.00132704,-0.00132704,-0.00132704,-0.00132704,-0.00132704,-0.00132704
35.476,0.523599,0.208413,-1.49333,-0.00132704,-0.00132704,-0.00132704,-0.00132704,-0.00132704,-0.00132704
35.4885,0.523599,0.231702,-1.17284,-0.00132704,-0.00132704,-0.00132704,-0.00132704,-0.00132704,-0.00132704
35.501,0.523599,0.254859,-0.835662,-0.00132704,-0.00132704,-0.00132704,-0.00132704,-0.00132704,-0.00132704
35.5135,0.523599,0.27787,-0.486585,-0.00132704,-0.00132704,-0.00132704,-0.00132704,-0.00132704,-0.00132704
35.526,0.523599,0.300723,-0.130582,-0.00132704,-0.00132704,-0.00132704,-0.00132704,-0.00132704,-0.00132704
35.5385,0.523599,0.323405,0.227279,-0.00132704,-0.00132704,-0.00132704,-0.00132704,-0.00132704,-0.00132704
35.551,0.523599,0.345902,0.581906,-0.00132704,-0.00132704,-0.00132704,-0.00132704,-0.00132704,-0.00132704
35.5635,0.523599,0.368203,0.92825,-0.00132704,-0.00132704,-0.00132704,-0.00132704,-0.00132704,-0.00132704
35.576,0.523599,0.390293,1.26138,-0.00132704,-0.00132704,-0.00132704,-0.00132704,-0.00132704,-0.00132704
35.5885,0.523599,0.412161,1.57656,-0.00132704,-0.00132704,-0.00132704,-0.00132704,-0.00132704,-0.00132704
35.601,0.523599,0.433794,1.8693,-0.00132704,-0.00132704,-0.00132704,-0.00132704,-0.00132704,-0.00132704
35.6135,0.523599,0.45518,2.13543,-0.00132704,-0.00132704,-0.00132704,-0.00132704,-0.00132704,-0.00132704
35.626,0.523599,0.476306,2.37117,-0.00132704,-0.00132704,-0.00132704,-0.00132704,-0.00132704,-0.00132704
35.6385,0.523599,0.497161,2.57316,-0.00132704,-0.00132704,-0.00132704,-0.00132704,-0.00132704,-0.00132704
35.651,0.523599,0.517732,2.73853,-0.00132704,-0.00132704,-0.00132704,-0.00132704,-0.00132704,-0.00132704
35.6635,0.523599,0.538009,2.86492,-0.00132704,-0.00132704,-0.00132704,-0.00132704,-0.00132704,-0.00132704
35.676,0.523599,0.557978,2.95053,-0.00132704,-0.00132704,-0.00132704,-0.00132704,-0.00132704,-0.00132704
35.6885,0.523599,0.57763,2.99415,-0.00132704,-0.00132704,-0.00132704,-0.00132704,-0.00132704,-0.00132704
35.701,0.523599,0.596952,2.99515,-0.00132704,-0.00132704,-0.00132704,-0.00132704,-0.00132704,-0.00132704
35.7135,0.523599,0.615934,2.95352,-0.00132704,-0.00132704,-0.00132704,-0.00132704,-0.00132704,-0.00132704
35.726,0.523599,0.634566,2.86985,-0.00132704,-0.00132704,-0.00132704,-0.00132704,-0.00132704,-0.00132704
35.7385,0.523599,0.652835,2.74533,-0.00132704,-0.00132704,-0.00132704,-0.00132704,-0.00132704,-0.00132704
35.751,0.523599,0.670732,2.58175,-0.00132704,-0.00132704,-0.00132704,-0.00132704,-0.00132704,-0.00132704
35.7635,0.523599,0.688247,2.38141,-0.00132704,-0.00132704,-0.00132704,-0.00132704,-0.00132704,-0.00132704
35.776,0.523599,0.70537,2.14718,-0.00132704,-0.00132704,-0.00132704,-0.00132704,-0.00132704,-0.00132704
35.7885,0.523599,0.722091,1.88239,-0.00132704,-0.00132704,-0.00132704,-0.00132704,-0.00132704,-0.00132704
35.801,0.523599,0.7384,1.5908,-0.00132704,-0.00132704,-0.00132704,-0.00132704,-0.00132704,-0.00132704
35.8135,0.523599,0.754288,1.27658,-0.00132704,-0.00132704,-0.00132704,-0.00132704,-0.00132704,-0.00132704
35.826,0.523599,0.769746,0.944183,-0.00132704,-0.00132704,-0.00132704,-0.00132704,-0.00132704,-0.00132704
35.8385,0.523599,0.784766,0.598349,-0.00132704,-0.00132704,-0.00132704,-0.00132704,-0.00132704,-0.00132704
35.851,0.523599,0.799338,0.243999,-0.00132704,-0.00132704,-0.00132704,-0.00132704,-0.00132704,-0.00132704
35.8635,0.523599,0.813455,-0.113824,-0.00132704,-0.00132704,-0.00132704,-0.00132704,-0.00132704,-0.00132704
35.876,0.523599,0.827108,-0.470028,-0.00132704,-0.00132704,-0.00132704,-0.00132704,-0.00132704,-0.00132704
35.8885,0.523599,0.84029,-0.819541,-0.00132704,-0.00132704,-0.00132704,-0.00132704,-0.00132704,-0.00132704
35.901,0.523599,0.852992,-1.15739,-0.00132704,-0.00132704,-0.00132704,-0.00132704,-0.00132704,-0.00132704
35.9135,0.523599,0.865209,-1.47877,-0.00132704,-0.00132704,-0.00132704,-0.00132704,-0.00132704,-0.00132704
35.926,0.523599,0.876932,-1.77909,-0.00132704,-0.00132704,-0.00132704,-0.00132704,-0.00132704,-0.00132704
35.9385,0.523599,0.888156,-2.0541,-0.00132704,-0.00132704,-0.00132704,-0.00132704,-0.00132704,-0.00132704
35.951,0.523599,0.898873,-2.29987,-0.00132704,-0.00132704,-0.00132704,-0.00132704,-0.00132704,-0.00132704
35.9635,0.523599,0.909078,-2.5129,-0.00132704,-0.00132704,-0.00132704,-0.00132704,-0.00132704,-0.00132704
35.976,0.523599,0.918765,-2.69017,-0.00132704,-0.00132704,-0.00132704,-0.00132704,-0.00132704,-0.00132704
35.9885,0.523599,0.927928,-2.82915,-0.00132704,-0.00132704,-0.00132704,-0.00132704,-0.00132704,-0.00132704
36.001,0.523599,0.936562,-2.92786,-0.00132704,-0.00132704,-0.00132704,-0.00132704,-0.00132704,-0.00132704
36.0135,0.523599,0.944663,-2.9849,-0.00132704,-0.00132704,-0.00132704,-0.00132704,-0.00132704,-0.00132704
36.026,0.523599,0.952224,-2.99946,-0.00132704,-0.00132704,-0.00132704,-0.00132704,-0.00132704,-0.00132704
36.0385,0.523599,0.959244,-2.97132,-0.00132704,-0.00132704,-0.00132704,-0.00132704,-0.00132704,-0.00132704
36.051,0.523599,0.965716,-2.90089,-0.00132704,-0.00132704,-0.00132704,-0.00132704,-0.00132704,-0.00132704
36.0635,0.523599,0.971638,-2.78918,-0.00132704,-0.00132704,-0.00132704,-0.00132704,-0.00132704,-0.00132704
36.076,0.523599,0.977007,-2.63776,-0.00132704,-0.00132704,-0.00132704,-0.00132704,-0.00132704,-0.00132704
36.0886,0.523599,0.981818,-2.4488,-0.00132704,-0.00132704,-0.00132704,-0.00132704,-0.00132704,-0.00132704
36.1011,0.523599,0.98607,-2.22499,-0.00132704,-0.00132704,-0.00132704,-0.00132704,-0.00132704,-0.00132704
36.1136,0.523599,0.989759,-1.96951,-0.00132704,-0.00132704,-0.00132704,-0.00132704,-0.00132704,-0.00132704
36.1261,0.523599,0.992885,-1.68599,-0.00132704,-0.00132704,-0.00132704,-0.00132704,-0.00132704,-0.00132704
36.1386,0.523599,0.995445,-1.37848,-0.00132704,-0.00132704,-0.00132704,-0.00132704,-0.00132704,-0.00132704
36.1511,0.523599,0.997437,-1.05135,-0.00132704,-0.00132704,-0.00132704,-0.00132704,-0.00132704,-0.00132704
36.1636,0.523599,0.998861,-0.709256,-0.00132704,-0.00132704,-0.00132704,-0.00132704,-0.00132704,-0.00132704
36.1761,0.523599,0.999715,-0.357066,-0.00132704,-0.00132704,-0.00132704,-0.00132704,-0.00132704,-0.00132704
36.1886,0.523599,1,0.000206279,-0.00132704,-0.00132704,-0.00132704,-0.00132704,-0.00132704,-0.00132704
36.2011,0.523599,0.999715,0.357475,-0.00132704,-0.00132704,-0.00132704,-0.00132704,-0.00132704,-0.00132704
36.2136,0.523599,0.99886,0.709656,-0.00132704,-0.00132704,-0.00132704,-0.00132704,-0.00132704,-0.00132704
36.2261,0.523599,0.997435,1.05174,-0.00132704,-0.00132704,-0.00132704,-0.00132704,-0.00132704,-0.00132704
36.2386,0.523599,0.995442,1.37885,-0.00132704,-0.00132704,-0.00132704,-0.00132704,-0.00132704,-0.00132704
36.2511,0.523599,0.992882,1.68633,-0.00132704,-0.00132704,-0.00132704,-0.00132704,-0.00132704,-0.00132704
36.2636,0.523599,0.989756,1.96982,-0.00132704,-0.00132704,-0.00132704,-0.00132704,-0.00132704,-0.00132704
36.2761,0.523599,0.986065,2.22526,-0.00132704,-0.00132704,-0.00132704,-0.00132704,-0.00132704,-0.00132704
36.2886,0.523599,0.981813,2.44904,-0.00132704,-0.00132704,-0.00132704,-0.00132704,-0.00132704,-0.00132704
36.3011,0.523599,0.977001,2.63796,-0.00132704,-0.00132704,-0.00132704,-0.00132704,-0.00132704,-0.00132704
36.3136,0.523599,0.971632,2.78933,-0.00132704,-0.00132704,-0.00132704,-0.00132704,-0.00132704,-0.00132704
36.3261,0.523599,0.965709,2.901,-0.00132704,-0.00132704,-0.00132704,-0.00132704,-0.00132704,-0.00132704
36.3386,0.523599,0.959236,2.97138,-0.00132704,-0.00132704,-0.00132704,-0.00132704,-0.00132704,-0.00132704
36.3511,0.523599,0.952216,2.99947,-0.00132704,-0.00132704,-0.00132704,-0.00132704,-0.00132704,-0.00132704
36.3636,0.523599,0.944654,2.98486,-0.00132704,-0.00132704,-0.00132704,-0.00132704,-0.00132704,-0.00132704
36.3761,0.523599,0.936552,2.92777,-0.00132704,-0.00132704,-0.00132704,-0.00132704,-0.00132704,-0.00132704
36.3886,0.523599,0.927918,2.82902,-0.00132704,-0.00132704,-0.00132704,-0.00132704,-0.00132704,-0.00132704
36.4011,0.523599,0.918754,2.68999,-0.00132704,-0.00132704,-0.00132704,-0.00132704,-0.00132704,-0.00132704
36.4136,0.523599,0.909066,2.51268,-0.00132704,-0.00132704,-0.00132704,-0.00132704,-0.00132704,-0.00132704
36.4261,0.523599,0.898861,2.2996,-0.00132704,-0.00132704,-0.00132704,-0.00132704,-0.00132704,-0.00132704
36.4386,0.523599,0.888143,2.0538,-0.00132704,-0.00132704,-0.00132704,-0.00132704,-0.00132704,-0.00132704
36.4511,0.523599,0.876919,1.77876,-0.00132704,-0.00132704,-0.00132704,-0.00132704,-0.00132704,-0.00132704
36.4636,0.523599,0.865195,1.47841,-0.00132704,-0.00132704,-0.00132704,-0.00132704,-0.00132704,-0.00132704
36.4761,0.523599,0.852978,1.15701,-0.00132704,-0.00132704,-0.00132704,-0.00132704,-0.00132704,-0.00132704
36.4886,0.523599,0.840275,0.819144,-0.00132704,-0.00132704,-0.00132704,-0.00132704,-0.00132704,-0.00132704
36.5011,0.523599,0.827093,0.46962,-0.00132704,-0.00132704,-0.00132704,-0.00132704,-0.00132704,-0.00132704
36.5136,0.523599,0.813439,0.113412,-0.00132704,-0.00132704,-0.00132704,-0.00132704,-0.00132704,-0.00132704
36.5261,0.523599,0.799322,-0.24441,-0.00132704,-0.00132704,-0.00132704,-0.00132704,-0.00132704,-0.00132704
36.5386,0.523599,0.784749,-0.598754,-0.00132704,-0.00132704,-0.00132704,-0.00132704,-0.00132704,-0.00132704
36.5511,0.523599,0.769729,-0.944575,-0.00132704,-0.00132704,-0.00132704,-0.00132704,-0.00132704,-0.00132704
36.5636,0.523599,0.75427,-1.27695,-0.00132704,-0.00132704,-0.00132704,-0.00132704,-0.00132704,-0.00132704
36.5761,0.523599,0.738381,-1.59115,-0.00132704,-0.00132704,-0.00132704,-0.00132704,-0.00132704,-0.00132704
36.5886,0.523599,0.722072,-1.88271,-0.00132704,-0.00132704,-0.00132704,-0.00132704,-0.00132704,-0.00132704
36.6011,0.523599,0.705351,-2.14747,-0.00132704,-0.00132704,-0.00132704,-0.00132704,-0.00132704,-0.00132704
36.6136,0.523599,0.688227,-2.38166,-0.00132704,-0.00132704,-0.00132704,-0.00132704,-0.00132704,-0.00132704
36.6261,0.523599,0.670712,-2.58196,-0.00132704,-0.00132704,-0.00132704,-0.00132704,-0.00132704,-0.00132704
36.6386,0.523599,0.652814,-2.7455,-0.00132704,-0.00132704,-0.00132704,-0.00132704,-0.00132704,-0.00132704
36.6511,0.523599,0.634544,-2.86997,-0.00132704,-0.00132704,-0.00132704,-0.00132704,-0.00132704,-0.00132704
36.6636,0.523599,0.615913,-2.95359,-0.00132704,-0.00132704,-0.00132704,-0.00132704,-0.00132704,-0.00132704
36.6761,0.523599,0.59693,-2.99517,-0.00132704,-0.00132704,-0.00132704,-0.00132704,-0.00132704,-0.00132704
36.6886,0.523599,0.577607,-2.99412,-0.00132704,-0.00132704,-0.00132704,-0.00132704,-0.00132704,-0.00132704
36.7011,0.523599,0.557955,-2.95045,-0.00132704,-0.00132704,-0.00132704,-0.00132704,-0.00132704,-0.00132704
36.7136,0.523599,0.537985,-2.8648,-0.00132704,-0.00132704,-0.00132704,-0.00132704,-0.00132704,-0.00132704
36.7261,0.523599,0.517709,-2.73836,-0.00132704,-0.00132704,-0.00132704,-0.00132704,-0.00132704,-0.00132704
36.7386,0.523599,0.497137,-2.57295,-0.00132704,-0.00132704,-0.00132704,-0.00132704,-0.00132704,-0.00132704
36.7511,0.523599,0.476282,-2.37092,-0.00132704,-0.00132704,-0.00132704,-0.00132704,-0.00132704,-0.00132704
36.7636,0.523599,0.455155,-2.13514,-0.00132704,-0.00132704,-0.00132704,-0.00132704,-0.00132704,-0.00132704
36.7761,0.523599,0.433769,-1.86898,-0.00132704,-0.00132704,-0.00132704,-0.00132704,-0.00132704,-0.00132704
36.7886,0.523599,0.412136,-1.57621,-0.00132704,-0.00132704,-0.00132704,-0.00132704,-0.00132704,-0.00132704
36.8011,0.523599,0.390268,-1.26101,-0.00132704,-0.00132704,-0.00132704,-0.00132704,-0.00132704,-0.00132704
36.8136,0.523599,0.368177,-0.927857,-0.00132704,-0.00132704,-0.00132704,-0.00132704,-0.00132704,-0.00132704
36.8261,0.523599,0.345877,-0.581501,-0.00132704,-0.00132704,-0.00132704,-0.00132704,-0.00132704,-0.00132704
36.8386,0.523599,0.323379,-0.226868,-0.00132704,-0.00132704,-0.00132704,-0.00132704,-0.00132704,-0.00132704
36.8511,0.523599,0.300697,0.130994,-0.00132704,-0.00132704,-0.00132704,-0.00132704,-0.00132704,-0.00132704
36.8636,0.523599,0.277844,0.486992,-0.00132704,-0.00132704,-0.00132704,-0.00132704,-0.00132704,-0.00132704
36.8761,0.523599,0.254832,0.836058,-0.00132704,-0.00132704,-0.00132704,-0.00132704,-0.00132704,-0.00132704
36.8886,0.523599,0.231675,1.17322,-0.00132704,-0.00132704,-0.00132704,-0.00132704,-0.00132704,-0.00132704
36.9011,0.523599,0.208386,1.49369,-0.00132704,-0.00132704,-0.00132704,-0.00132704,-0.00132704,-0.00132704
36.9136,0.523599,0.184979,1.7929,-0.00132704,-0.00132704,-0.00132704,-0.00132704,-0.00132704,-0.00132704
36.9261,0.523599,0.161465,2.06659,-0.00132704,-0.00132704,-0.00132704,-0.00132704,-0.00132704,-0.00132704
36.9386,0.523599,0.13786,2.31086,-0.00132704,-0.00132704,-0.00132704,-0.00132704,-0.00132704,-0.00132704
36.9511,0.523599,0.114176,2.52225,-0.00132704,-0.00132704,-0.00132704,-0.00132704,-0.00132704,-0.00132704
36.9636,0.523599,0.0904276,2.69773,-0.00132704,-0.00132704,-0.00132704,-0.00132704,-0.00132704,-0.00132704
36.9761,0.523599,0.0666272,2.83482,-0.00132704,-0.00132704,-0.00132704,-0.00132704,-0.00132704,-0.00132704
36.9886,0.523599,0.0427888,2.93156,-0.00132704,-0.00132704,-0.00132704,-0.00132704,-0.00132704,-0.00132704
37.0011,0.523599,0.018926,2.98658,-0.00132704,-0.00132704,-0.00132704,-0.00132704,-0.00132704,-0.00132704
37.0136,0.523599,-0.00494751,2.99908,-0.00132704,-0.00132704,-0.00132704,-0.00132704,-0.00132704,-0.00132704
37.0261,0.523599,-0.0288182,2.9689,-0.00132704,-0.00132704,-0.00132704,-0.00132704,-0.00132704,-0.00132704
37.0386,0.523599,-0.0526725,2.89646,-0.00132704,-0.00132704,-0.00132704,-0.00132704,-0.00132704,-0.00132704
37.0511,0.523599,-0.0764968,2.7828,-0.00132704,-0.00132704,-0.00132704,-0.00132704,-0.00132704,-0.00132704
37.0636,0.523599,-0.100277,2.62953,-0.00132704,-0.00132704,-0.00132704,-0.00132704,-0.00132704,-0.00132704
37.0761,0.523599,-0.124001,2.43883,-0.00132704,-0.00132704,-0.00132704,-0.00132704,-0.00132704,-0.00132704
37.0886,0.523599,-0.147654,2.21342,-0.00132704,-0.00132704,-0.00132704,-0.00132704,-0.00132704,-0.00132704
37.1011,0.523599,-0.171223,1.95651,-0.00132704,-0.00132704,-0.00132704,-0.00132704,-0.00132704,-0.00132704
37.1136,0.523599,-0.194694,1.67175,-0.00132704,-0.00132704,-0.00132704,-0.00132704,-0.00132704,-0.00132704
37.1261,0.523599,-0.218054,1.3632,-0.00132704,-0.00132704,-0.00132704,-0.00132704,-0.00132704,-0.00132704
37.1386,0.523599,-0.24129,1.03524,-0.00132704,-0.00132704,-0.00132704,-0.00132704,-0.00132704,-0.00132704
37.1511,0.523599,-0.264388,0.692547,-0.00132704,-0.00132704,-0.00132704,-0.00132704,-0.00132704,-0.00132704
37.1636,0.523599,-0.287336,0.339998,-0.00132704,-0.00132704,-0.00132704,-0.00132704,-0.00132704,-0.00132704
37.1761,0.523599,-0.310119,-0.0173901,-0.00132704,-0.00132704,-0.00132704,-0.00132704,-0.00132704,-0.00132704
37.1886,0.523599,-0.332726,-0.374531,-0.00132704,-0.00132704,-0.00132704,-0.00132704,-0.00132704,-0.00132704
37.2011,0.523599,-0.355144,-0.726341,-0.00132704,-0.00132704,-0.00132704,-0.00132704,-0.00132704,-0.00132704
37.2136,0.523599,-0.377359,-1.06781,-0.00132704,-0.00132704,-0.00132704,-0.00132704,-0.00132704,-0.00132704
37.2261,0.523599,-0.399359,-1.39409,-0.00132704,-0.00132704,-0.00132704,-0.00132704,-0.00132704,-0.00132704
37.2386,0.523599,-0.421131,-1.70052,-0.00132704,-0.00132704,-0.00132704,-0.00132704,-0.00132704,-0.00132704
37.2511,0.523599,-0.442663,-1.98275,-0.00132704,-0.00132704,-0.00132704,-0.00132704,-0.00132704,-0.00132704
37.2636,0.523599,-0.463943,-2.23675,-0.00132704,-0.00132704,-0.00132704,-0.00132704,-0.00132704,-0.00132704
37.2761,0.523599,-0.484959,-2.45892,-0.00132704,-0.00132704,-0.00132704,-0.00132704,-0.00132704,-0.00132704
37.2886,0.523599,-0.505698,-2.6461,-0.00132704,-0.00132704,-0.00132704,-0.00132704,-0.00132704,-0.00132704
37.3011,0.523599,-0.526149,-2.79561,-0.00132704,-0.00132704,-0.00132704,-0.00132704,-0.00132704,-0.00132704
37.3136,0.523599,-0.5463,-2.90533,-0.00132704,-0.00132704,-0.00132704,-0.00132704,-0.00132704,-0.00132704
37.3261,0.523599,-0.56614,-2.9737,-0.00132704,-0.00132704,-0.00132704,-0.00132704,-0.00132704,-0.00132704
37.3386,0.523599,-0.585656,-2.99974,-0.00132704,-0.00132704,-0.00132704,-0.00132704,-0.00132704,-0.00132704
37.3511,0.523599,-0.60484,-2.98309,-0.00132704,-0.00132704,-0.00132704,-0.00132704,-0.00132704,-0.00132704
37.3636,0.523599,-0.623678,-2.92398,-0.00132704,-0.00132704,-0.00132704,-0.00132704,-0.00132704,-0.00132704
37.3761,0.523599,-0.642161,-2.82325,-0.00132704,-0.00132704,-0.00132704,-0.00132704,-0.00132704,-0.00132704
37.3886,0.523599,-0.660278,-2.68234,-0.00132704,-0.00132704,-0.00132704,-0.00132704,-0.00132704,-0.00132704
37.4011,0.523599,-0.678018,-2.50325,-0.00132704,-0.00132704,-0.00132704,-0.00132704,-0.00132704,-0.00132704
37.4136,0.523599,-0.695372,-2.28853,-0.00132704,-0.00132704,-0.00132704,-0.00132704,-0.00132704,-0.00132704
37.4261,0.523599,-0.71233,-2.04124,-0.00132704,-0.00132704,-0.00132704,-0.00132704,-0.00132704,-0.00132704
37.4386,0.523599,-0.728882,-1.76489,-0.00132704,-0.00132704,-0.00132704,-0.00132704,-0.00132704,-0.00132704
37.4511,0.523599,-0.745018,-1.46343,-0.00132704,-0.00132704,-0.00132704,-0.00132704,-0.00132704,-0.00132704
37.4636,0.523599,-0.76073,-1.14114,-0.00132704,-0.00132704,-0.00132704,-0.00132704,-0.00132704,-0.00132704
37.4761,0.523599,-0.776008,-0.8026,-0.00132704,-0.00132704,-0.00132704,-0.00132704,-0.00132704,-0.00132704
37.4886,0.523599,-0.790844,-0.452641,-0.00132704,-0.00132704,-0.00132704,-0.00132704,-0.00132704,-0.00132704
37.5011,0.523599,-0.805229,-0.0962388,-0.00132704,-0.00132704,-0.00132704,-0.00132704,-0.00132704,-0.00132704
37.5136,0.523599,-0.819155,0.261533,-0.00132704,-0.00132704,-0.00132704,-0.00132704,-0.00132704,-0.00132704
37.5261,0.523599,-0.832614,0.615582,-0.00132704,-0.00132704,-0.00132704,-0.00132704,-0.00132704,-0.00132704
37.5386,0.523599,-0.845598,0.960869,-0.00132704,-0.00132704,-0.00132704,-0.00132704,-0.00132704,-0.00132704
37.5511,0.523599,-0.858101,1.29248,-0.00132704,-0.00132704,-0.00132704,-0.00132704,-0.00132704,-0.00132704
37.5636,0.523599,-0.870114,1.6057,-0.00132704,-0.00132704,-0.00132704,-0.00132704,-0.00132704,-0.00132704
37.5761,0.523599,-0.881632,1.89606,-0.00132704,-0.00132704,-0.00132704,-0.00132704,-0.00132704,-0.00132704
37.5886,0.523599,-0.892647,2.15943,-0.00132704,-0.00132704,-0.00132704,-0.00132704,-0.00132704,-0.00132704
37.6011,0.523599,-0.903153,2.39207,-0.00132704,-0.00132704,-0.00132704,-0.00132704,-0.00132704,-0.00132704
37.6136,0.523599,-0.913145,2.59066,-0.00132704,-0.00132704,-0.00132704,-0.00132704,-0.00132704,-0.00132704
37.6261,0.523599,-0.922616,2.75238,-0.00132704,-0.00132704,-0.00132704,-0.00132704,-0.00132704,-0.00132704
37.6386,0.523599,-0.931561,2.87493,-0.00132704,-0.00132704,-0.00132704,-0.00132704,-0.00132704,-0.00132704
37.6511,0.523599,-0.939975,2.95655,-0.00132704,-0.00132704,-0.00132704,-0.00132704,-0.00132704,-0.00132704
37.6636,0.523599,-0.947853,2.9961,-0.00132704,-0.00132704,-0.00132704,-0.00132704,-0.00132704,-0.00132704
37.6761,0.523599,-0.955192,2.993,-0.00132704,-0.00132704,-0.00132704,-0.00132704,-0.00132704,-0.00132704
37.6886,0.523599,-0.961985,2.9473,-0.00132704,-0.00132704,-0.00132704,-0.00132704,-0.00132704,-0.00132704
37.7011,0.523599,-0.968231,2.85965,-0.00132704,-0.00132704,-0.00132704,-0.00132704,-0.00132704,-0.00132704
37.7136,0.523599,-0.973924,2.7313,-0.00132704,-0.00132704,-0.00132704,-0.00132704,-0.00132704,-0.00132704
37.7262,0.523599,-0.979063,2.56407,-0.00132704,-0.00132704,-0.00132704,-0.00132704,-0.00132704,-0.00132704
37.7387,0.523599,-0.983643,2.36035,-0.00132704,-0.00132704,-0.00132704,-0.00132704,-0.00132704,-0.00132704
37.7512,0.523599,-0.987663,2.12304,-0.00132704,-0.00132704,-0.00132704,-0.00132704,-0.00132704,-0.00132704
37.7637,0.523599,-0.99112,1.8555,-0.00132704,-0.00132704,-0.00132704,-0.00132704,-0.00132704,-0.00132704
37.7762,0.523599,-0.994012,1.56156,-0.00132704,-0.00132704,-0.00132704,-0.00132704,-0.00132704,-0.00132704
37.7887,0.523599,-0.996337,1.24539,-0.00132704,-0.00132704,-0.00132704,-0.00132704,-0.00132704,-0.00132704
37.8012,0.523599,-0.998094,0.911501,-0.00132704,-0.00132704,-0.00132704,-0.00132704,-0.00132704,-0.00132704
37.8137,0.523599,-0.999283,0.564633,-0.00132704,-0.00132704,-0.00132704,-0.00132704,-0.00132704,-0.00132704
37.8262,0.523599,-0.999902,0.20973,-0.00132704,-0.00132704,-0.00132704,-0.00132704,-0.00132704,-0.00132704
37.8387,0.523599,-0.999951,-0.148159,-0.00132704,-0.00132704,-0.00132704,-0.00132704,-0.00132704,-0.00132704
37.8512,0.523599,-0.99943,-0.50394,-0.00132704,-0.00132704,-0.00132704,-0.00132704,-0.00132704,-0.00132704
37.8637,0.523599,-0.99834,-0.852547,-0.00132704,-0.00132704,-0.00132704,-0.00132704,-0.00132704,-0.00132704
37.8762,0.523599,-0.99668,-1.18902,-0.00132704,-0.00132704,-0.00132704,-0.00132704,-0.00132704,-0.00132704
37.8887,0.523599,-0.994453,-1.50857,-0.00132704,-0.00132704,-0.00132704,-0.00132704,-0.00132704,-0.00132704
37.9012,0.523599,-0.991658,-1.80665,-0.00132704,-0.00132704,-0.00132704,-0.00132704,-0.00132704,-0.00132704
37.9137,0.523599,-0.988299,-2.07901,-0.00132704,-0.00132704,-0.00132704,-0.00132704,-0.00132704,-0.00132704
37.9262,0.523599,-0.984376,-2.32178,-0.00132704,-0.00132704,-0.00132704,-0.00132704,-0.00132704,-0.00132704
37.9387,0.523599,-0.979892,-2.53151,-0.00132704,-0.00132704,-0.00132704,-0.00132704,-0.00132704,-0.00132704
37.9512,0.523599,-0.974849,-2.70521,-0.00132704,-0.00132704,-0.00132704,-0.00132704,-0.00132704,-0.00132704
37.9637,0.523599,-0.969251,-2.8404,-0.00132704,-0.00132704,-0.00132704,-0.00132704,-0.00132704,-0.00132704
37.9762,0.523599,-0.9631,-2.93516,-0.00132704,-0.00132704,-0.00132704,-0.00132704,-0.00132704,-0.00132704
37.9887,0.523599,-0.956401,-2.98815,-0.00132704,-0.00132704,-0.00132704,-0.00132704,-0.00132704,-0.00132704
38.0012,0.523599,-0.949156,-2.99861,-0.00132704,-0.00132704,-0.00132704,-0.00132704,-0.00132704,-0.00132704
38.0137,0.523599,-0.94137,-2.96639,-0.00132704,-0.00132704,-0.00132704,-0.00132704,-0.00132704,-0.00132704
38.0262,0.523599,-0.933048,-2.89194,-0.00132704,-0.00132704,-0.00132704,-0.00132704,-0.00132704,-0.00132704
38.0387,0.523599,-0.924194,-2.77634,-0.00132704,-0.00132704,-0.00132704,-0.00132704,-0.00132704,-0.00132704
38.0512,0.523599,-0.914813,-2.62122,-0.00132704,-0.00132704,-0.00132704,-0.00132704,-0.00132704,-0.00132704
38.0637,0.523599,-0.904911,-2.42879,-0.00132704,-0.00132704,-0.00132704,-0.00132704,-0.00132704,-0.00132704
38.0762,0.523599,-0.894493,-2.20179,-0.00132704,-0.00132704,-0.00132704,-0.00132704,-0.00132704,-0.00132704
38.0887,0.523599,-0.883565,-1.94345,-0.00132704,-0.00132704,-0.00132704,-0.00132704,-0.00132704,-0.00132704
38.1012,0.523599,-0.872134,-1.65746,-0.00132704,-0.00132704,-0.00132704,-0.00132704,-0.00132704,-0.00132704
38.1137,0.523599,-0.860205,-1.34787,-0.00132704,-0.00132704,-0.00132704,-0.00132704,-0.00132704,-0.00132704
38.1262,0.523599,-0.847786,-1.01909,-0.00132704,-0.00132704,-0.00132704,-0.00132704,-0.00132704,-0.00132704
38.1387,0.523599,-0.834884,-0.675816,-0.00132704,-0.00132704,-0.00132704,-0.00132704,-0.00132704,-0.00132704
38.1512,0.523599,-0.821506,-0.322919,-0.00132704,-0.00132704,-0.00132704,-0.00132704,-0.00132704,-0.00132704
38.1637,0.523599,-0.80766,0.0345734,-0.00132704,-0.00132704,-0.00132704,-0.00132704,-0.00132704,-0.00132704
38.1762,0.523599,-0.793353,0.391574,-0.00132704,-0.00132704,-0.00132704,-0.00132704,-0.00132704,-0.00132704
38.1887,0.523599,-0.778595,0.743002,-0.00132704,-0.00132704,-0.00132704,-0.00132704,-0.00132704,-0.00132704
38.2012,0.523599,-0.763392,1.08385,-0.00132704,-0.00132704,-0.00132704,-0.00132704,-0.00132704,-0.00132704
38.2137,0.523599,-0.747755,1.40928,-0.00132704,-0.00132704,-0.00132704,-0.00132704,-0.00132704,-0.00132704
38.2262,0.523599,-0.731691,1.71465,-0.00132704,-0.00132704,-0.00132704,-0.00132704,-0.00132704,-0.00132704
38.2387,0.523599,-0.71521,1.99561,-0.00132704,-0.00132704,-0.00132704,-0.00132704,-0.00132704,-0.00132704
38.2512,0.523599,-0.698322,2.24817,-0.00132704,-0.00132704,-0.00132704,-0.00132704,-0.00132704,-0.00132704
38.2637,0.523599,-0.681035,2.46873,-0.00132704,-0.00132704,-0.00132704,-0.00132704,-0.00132704,-0.00132704
38.2762,0.523599,-0.66336,2.65415,-0.00132704,-0.00132704,-0.00132704,-0.00132704,-0.00132704,-0.00132704
38.2887,0.523599,-0.645308,2.8018,-0.00132704,-0.00132704,-0.00132704,-0.00132704,-0.00132704,-0.00132704
38.3012,0.523599,-0.626887,2.90956,-0.00132704,-0.00132704,-0.00132704,-0.00132704,-0.00132704,-0.00132704
38.3137,0.523599,-0.608109,2.97592,-0.00132704,-0.00132704,-0.00132704,-0.00132704,-0.00132704,-0.00132704
38.3262,0.523599,-0.588985,2.99992,-0.00132704,-0.00132704,-0.00132704,-0.00132704,-0.00132704,-0.00132704
38.3387,0.523599,-0.569524,2.98122,-0.00132704,-0.00132704,-0.00132704,-0.00132704,-0.00132704,-0.00132704
38.3512,0.523599,-0.54974,2.92009,-0.00132704,-0.00132704,-0.00132704,-0.00132704,-0.00132704,-0.00132704
38.3637,0.523599,-0.529641,2.81739,-0.00132704,-0.00132704,-0.00132704,-0.00132704,-0.00132704,-0.00132704
38.3762,0.523599,-0.509241,2.6746,-0.00132704,-0.00132704,-0.00132704,-0.00132704,-0.00132704,-0.00132704
38.3887,0.523599,-0.488551,2.49374,-0.00132704,-0.00132704,-0.00132704,-0.00132704,-0.00132704,-0.00132704
38.4012,0.523599,-0.467582,2.27738,-0.00132704,-0.00132704,-0.00132704,-0.00132704,-0.00132704,-0.00132704
38.4137,0.523599,-0.446347,2.02861,-0.00132704,-0.00132704,-0.00132704,-0.00132704,-0.00132704,-0.00132704
38.4262,0.523599,-0.424857,1.75097,-0.00132704,-0.00132704,-0.00132704,-0.00132704,-0.00132704,-0.00132704
38.4387,0.523599,-0.403125,1.4484,-0.00132704,-0.00132704,-0.00132704,-0.00132704,-0.00132704,-0.00132704
38.4512,0.523599,-0.381164,1.12522,-0.00132704,-0.00132704,-0.00132704,-0.00132704,-0.00132704,-0.00132704
38.4637,0.523599,-0.358985,0.786029,-0.00132704,-0.00132704,-0.00132704,-0.00132704,-0.00132704,-0.00132704
38.4762,0.523599,-0.336601,0.435646,-0.00132704,-0.00132704,-0.00132704,-0.00132704,-0.00132704,-0.00132704
38.4887,0.523599,-0.314026,0.0790622,-0.00132704,-0.00132704,-0.00132704,-0.00132704,-0.00132704,-0.00132704
38.5012,0.523599,-0.291272,-0.278647,-0.00132704,-0.00132704,-0.00132704,-0.00132704,-0.00132704,-0.00132704
38.5137,0.523599,-0.268351,-0.63239,-0.00132704,-0.00132704,-0.00132704,-0.00132704,-0.00132704,-0.00132704
38.5262,0.523599,-0.245278,-0.977132,-0.00132704,-0.00132704,-0.00132704,-0.00132704,-0.00132704,-0.00132704
38.5387,0.523599,-0.222065,-1.30797,-0.00132704,-0.00132704,-0.00132704,-0.00132704,-0.00132704,-0.00132704
38.5512,0.523599,-0.198725,-1.62018,-0.00132704,-0.00132704,-0.00132704,-0.00132704,-0.00132704,-0.00132704
38.5637,0.523599,-0.175272,-1.90934,-0.00132704,-0.00132704,-0.00132704,-0.00132704,-0.00132704,-0.00132704
38.5762,0.523599,-0.15172,-2.17132,-0.00132704,-0.00132704,-0.00132704,-0.00132704,-0.00132704,-0.00132704
38.5887,0.523599,-0.12808,-2.4024,-0.00132704,-0.00132704,-0.00132704,-0.00132704,-0.00132704,-0.00132704
38.6012,0.523599,-0.104368,-2.59929,-0.00132704,-0.00132704,-0.00132704,-0.00132704,-0.00132704,-0.00132704
38.6137,0.523599,-0.0805962,-2.75917,-0.00132704,-0.00132704,-0.00132704,-0.00132704,-0.00132704,-0.00132704
38.6262,0.523599,-0.0567785,-2.87979,-0.00132704,-0.00132704,-0.00132704,-0.00132704,-0.00132704,-0.00132704
38.6387,0.523599,-0.0329284,-2.95942,-0.00132704,-0.00132704,-0.00132704,-0.00132704,-0.00132704,-0.00132704
38.6512,0.523599,-0.00905949,-2.99692,-0.00132704,-0.00132704,-0.00132704,-0.00132704,-0.00132704,-0.00132704
38.6637,0.523599,0.0148145,-2.99177,-0.00132704,-0.00132704,-0.00132704,-0.00132704,-0.00132704,-0.00132704
38.6762,0.523599,0.0386801,-2.94404,-0.00132704,-0.00132704,-0.00132704,-0.00132704,-0.00132704,-0.00132704
38.6887,0.523599,0.0625237,-2.85441,-0.00132704,-0.00132704,-0.00132704,-0.00132704,-0.00132704,-0.00132704
38.7012,0.523599,0.0863316,-2.72414,-0.00132704,-0.00132704,-0.00132704,-0.00132704,-0.00132704,-0.00132704
38.7137,0.523599,0.11009,-2.55511,-0.00132704,-0.00132704,-0.00132704,-0.00132704,-0.00132704,-0.00132704
38.7262,0.523599,0.133786,-2.34971,-0.00132704,-0.00132704,-0.00132704,-0.00132704,-0.00132704,-0.00132704
38.7387,0.523599,0.157406,-2.11086,-0.00132704,-0.00132704,-0.00132704,-0.00132704,-0.00132704,-0.00132704
38.7512,0.523599,0.180936,-1.84197,-0.00132704,-0.00132704,-0.00132704,-0.00132704,-0.00132704,-0.00132704
38.7637,0.523599,0.204363,-1.54686,-0.00132704,-0.00132704,-0.00132704,-0.00132704,-0.00132704,-0.00132704
38.7762,0.523599,0.227673,-1.22974,-0.00132704,-0.00132704,-0.00132704,-0.00132704,-0.00132704,-0.00132704
38.7887,0.523599,0.250854,-0.895114,-0.00132704,-0.00132704,-0.00132704,-0.00132704,-0.00132704,-0.00132704
38.8012,0.523599,0.273891,-0.547747,-0.00132704,-0.00132704,-0.00132704,-0.00132704,-0.00132704,-0.00132704
38.8137,0.523599,0.296773,-0.192584,-0.00132704,-0.00132704,-0.00132704,-0.00132704,-0.00132704,-0.00132704
38.8262,0.523599,0.319485,0.16532,-0.00132704,-0.00132704,-0.00132704,-0.00132704,-0.00132704,-0.00132704
38.8387,0.523599,0.342015,0.520871,-0.00132704,-0.00132704,-0.00132704,-0.00132704,-0.00132704,-0.00132704
38.8512,0.523599,0.364351,0.869008,-0.00132704,-0.00132704,-0.00132704,-0.00132704,-0.00132704,-0.00132704
38.8637,0.523599,0.386478,1.20478,-0.00132704,-0.00132704,-0.00132704,-0.00132704,-0.00132704,-0.00132704
38.8762,0.523599,0.408386,1.5234,-0.00132704,-0.00132704,-0.00132704,-0.00132704,-0.00132704,-0.00132704
38.8887,0.523599,0.43006,1.82034,-0.00132704,-0.00132704,-0.00132704,-0.00132704,-0.00132704,-0.00132704
38.9012,0.523599,0.45149,2.09137,-0.00132704,-0.00132704,-0.00132704,-0.00132704,-0.00132704,-0.00132704
38.9137,0.523599,0.472662,2.33263,-0.00132704,-0.00132704,-0.00132704,-0.00132704,-0.00132704,-0.00132704
38.9262,0.523599,0.493565,2.54069,-0.00132704,-0.00132704,-0.00132704,-0.00132704,-0.00132704,-0.00132704
38.9387,0.523599,0.514186,2.71259,-0.00132704,-0.00132704,-0.00132704,-0.00132704,-0.00132704,-0.00132704
38.9512,0.523599,0.534514,2.84588,-0.00132704,-0.00132704,-0.00132704,-0.00132704,-0.00132704,-0.00132704
38.9637,0.523599,0.554538,2.93867,-0.00132704,-0.00132704,-0.00132704,-0.00132704,-0.00132704,-0.00132704
38.9762,0.523599,0.574246,2.98963,-0.00132704,-0.00132704,-0.00132704,-0.00132704,-0.00132704,-0.00132704
38.9887,0.523599,0.593626,2.99804,-0.00132704,-0.00132704,-0.00132704,-0.00132704,-0.00132704,-0.00132704
39.0012,0.523599,0.612668,2.96377,-0.00132704,-0.00132704,-0.00132704,-0.00132704,-0.00132704,-0.00132704
39.0137,0.523599,0.631361,2.88732,-0.00132704,-0.00132704,-0.00132704,-0.00132704,-0.00132704,-0.00132704
39.0262,0.523599,0.649694,2.76978,-0.00132704,-0.00132704,-0.00132704,-0.00132704,-0.00132704,-0.00132704
39.0387,0.523599,0.667656,2.61282,-0.00132704,-0.00132704,-0.00132704,-0.00132704,-0.00132704,-0.00132704
39.0512,0.523599,0.685238,2.41866,-0.00132704,-0.00132704,-0.00132704,-0.00132704,-0.00132704,-0.00132704
39.0637,0.523599,0.70243,2.19008,-0.00132704,-0.00132704,-0.00132704,-0.00132704,-0.00132704,-0.00132704
39.0762,0.523599,0.719221,1.93033,-0.00132704,-0.00132704,-0.00132704,-0.00132704,-0.00132704,-0.00132704
39.0887,0.523599,0.735602,1.64311,-0.00132704,-0.00132704,-0.00132704,-0.00132704,-0.00132704,-0.00132704
39.1012,0.523599,0.751564,1.33249,-0.00132704,-0.00132704,-0.00132704,-0.00132704,-0.00132704,-0.00132704
39.1137,0.523599,0.767097,1.00292,-0.00132704,-0.00132704,-0.00132704,-0.00132704,-0.00132704,-0.00132704
39.1262,0.523599,0.782194,0.659063,-0.00132704,-0.00132704,-0.00132704,-0.00132704,-0.00132704,-0.00132704
39.1387,0.523599,0.796844,0.30583,-0.00132704,-0.00132704,-0.00132704,-0.00132704,-0.00132704,-0.00132704
39.1512,0.523599,0.81104,-0.0517555,-0.00132704,-0.00132704,-0.00132704,-0.00132704,-0.00132704,-0.00132704
39.1637,0.523599,0.824774,-0.408605,-0.00132704,-0.00132704,-0.00132704,-0.00132704,-0.00132704,-0.00132704
39.1762,0.523599,0.838038,-0.759638,-0.00132704,-0.00132704,-0.00132704,-0.00132704,-0.00132704,-0.00132704
39.1887,0.523599,0.850824,-1.09986,-0.00132704,-0.00132704,-0.00132704,-0.00132704,-0.00132704,-0.00132704
39.2012,0.523599,0.863126,-1.42443,-0.00132704,-0.00132704,-0.00132704,-0.00132704,-0.00132704,-0.00132704
39.2137,0.523599,0.874935,-1.72872,-0.00132704,-0.00132704,-0.00132704,-0.00132704,-0.00132704,-0.00132704
39.2262,0.523599,0.886246,-2.00841,-0.00132704,-0.00132704,-0.00132704,-0.00132704,-0.00132704,-0.00132704
39.2387,0.523599,0.897051,-2.25951,-0.00132704,-0.00132704,-0.00132704,-0.00132704,-0.00132704,-0.00132704
39.2512,0.523599,0.907345,-2.47845,-0.00132704,-0.00132704,-0.00132704,-0.00132704,-0.00132704,-0.00132704
39.2637,0.523599,0.917123,-2.66212,-0.00132704,-0.00132704,-0.00132704,-0.00132704,-0.00132704,-0.00132704
39.2762,0.523599,0.926377,-2.80789,-0.00132704,-0.00132704,-0.00132704,-0.00132704,-0.00132704,-0.00132704
39.2887,0.523599,0.935103,-2.9137,-0.00132704,-0.00132704,-0.00132704,-0.00132704,-0.00132704,-0.00132704
39.3012,0.523599,0.943296,-2.97804,-0.00132704,-0.00132704,-0.00132704,-0.00132704,-0.00132704,-0.00132704
39.3137,0.523599,0.950952,-3,-0.00132704,-0.00132704,-0.00132704,-0.00132704,-0.00132704,-0.00132704
39.3262,0.523599,0.958066,-2.97925,-0.00132704,-0.00132704,-0.00132704,-0.00132704,-0.00132704,-0.00132704
39.3387,0.523599,0.964633,-2.9161,-0.00132704,-0.00132704,-0.00132704,-0.00132704,-0.00132704,-0.00132704
39.3512,0.523599,0.970651,-2.81144,-0.00132704,-0.00132704,-0.00132704,-0.00132704,-0.00132704,-0.00132704
39.3638,0.523599,0.976116,-2.66677,-0.00132704,-0.00132704,-0.00132704,-0.00132704,-0.00132704,-0.00132704
39.3763,0.523599,0.981024,-2.48414,-0.00132704,-0.00132704,-0.00132704,-0.00132704,-0.00132704,-0.00132704
39.3888,0.523599,0.985373,-2.26616,-0.00132704,-0.00132704,-0.00132704,-0.00132704,-0.00132704,-0.00132704
39.4013,0.523599,0.98916,-2.01592,-0.00132704,-0.00132704,-0.00132704,-0.00132704,-0.00132704,-0.00132704
39.4138,0.523599,0.992384,-1.73699,-0.00132704,-0.00132704,-0.00132704,-0.00132704,-0.00132704,-0.00132704
39.4263,0.523599,0.995042,-1.43333,-0.00132704,-0.00132704,-0.00132704,-0.00132704,-0.00132704,-0.00132704
39.4388,0.523599,0.997132,-1.10928,-0.00132704,-0.00132704,-0.00132704,-0.00132704,-0.00132704,-0.00132704
39.4513,0.523599,0.998655,-0.769433,-0.00132704,-0.00132704,-0.00132704,-0.00132704,-0.00132704,-0.00132704
39.4638,0.523599,0.999608,-0.418637,-0.00132704,-0.00132704,-0.00132704,-0.00132704,-0.00132704,-0.00132704
39.4763,0.523599,0.999991,-0.0618831,-0.00132704,-0.00132704,-0.00132704,-0.00132704,-0.00132704,-0.00132704
39.4888,0.523599,0.999805,0.295752,-0.00132704,-0.00132704,-0.00132704,-0.00132704,-0.00132704,-0.00132704
39.5013,0.523599,0.999049,0.649177,-0.00132704,-0.00132704,-0.00132704,-0.00132704,-0.00132704,-0.00132704
39.5138,0.523599,0.997723,0.993363,-0.00132704,-0.00132704,-0.00132704,-0.00132704,-0.00132704,-0.00132704
39.5263,0.523599,0.995828,1.32341,-0.00132704,-0.00132704,-0.00132704,-0.00132704,-0.00132704,-0.00132704
39.5388,0.523599,0.993366,1.63462,-0.00132704,-0.00132704,-0.00132704,-0.00132704,-0.00132704,-0.00132704
39.5513,0.523599,0.990338,1.92257,-0.00132704,-0.00132704,-0.00132704,-0.00132704,-0.00132704,-0.00132704
39.5638,0.523599,0.986745,2.18315,-0.00132704,-0.00132704,-0.00132704,-0.00132704,-0.00132704,-0.00132704
39.5763,0.523599,0.98259,2.41265,-0.00132704,-0.00132704,-0.00132704,-0.00132704,-0.00132704,-0.00132704
39.5888,0.523599,0.977875,2.60782,-0.00132704,-0.00132704,-0.00132704,-0.00132704,-0.00132704,-0.00132704
39.6013,0.523599,0.972602,2.76587,-0.00132704,-0.00132704,-0.00132704,-0.00132704,-0.00132704,-0.00132704
39.6138,0.523599,0.966776,2.88456,-0.00132704,-0.00132704,-0.00132704,-0.00132704,-0.00132704,-0.00132704
39.6263,0.523599,0.960398,2.96219,-0.00132704,-0.00132704,-0.00132704,-0.00132704,-0.00132704,-0.00132704
39.6388,0.523599,0.953472,2.99765,-0.00132704,-0.00132704,-0.00132704,-0.00132704,-0.00132704,-0.00132704
39.6513,0.523599,0.946003,2.99045,-0.00132704,-0.00132704,-0.00132704,-0.00132704,-0.00132704,-0.00132704
39.6638,0.523599,0.937995,2.94069,-0.00132704,-0.00132704,-0.00132704,-0.00132704,-0.00132704,-0.00132704
39.6763,0.523599,0.929453,2.84907,-0.00132704,-0.00132704,-0.00132704,-0.00132704,-0.00132704,-0.00132704
39.6888,0.523599,0.92038,2.7169,-0.00132704,-0.00132704,-0.00132704,-0.00132704,-0.00132704,-0.00132704
39.7013,0.523599,0.910783,2.54606,-0.00132704,-0.00132704,-0.00132704,-0.00132704,-0.00132704,-0.00132704
39.7138,0.523599,0.900667,2.33899,-0.00132704,-0.00132704,-0.00132704,-0.00132704,-0.00132704,-0.00132704
39.7263,0.523599,0.890038,2.09862,-0.00132704,-0.00132704,-0.00132704,-0.00132704,-0.00132704,-0.00132704
39.7388,0.523599,0.878901,1.82838,-0.00132704,-0.00132704,-0.00132704,-0.00132704,-0.00132704,-0.00132704
39.7513,0.523599,0.867263,1.53212,-0.00132704,-0.00132704,-0.00132704,-0.00132704,-0.00132704,-0.00132704
39.7638,0.523599,0.855131,1.21405,-0.00132704,-0.00132704,-0.00132704,-0.00132704,-0.00132704,-0.00132704
39.7763,0.523599,0.842512,0.878699,-0.00132704,-0.00132704,-0.00132704,-0.00132704,-0.00132704,-0.00132704
39.7888,0.523599,0.829412,0.530843,-0.00132704,-0.00132704,-0.00132704,-0.00132704,-0.00132704,-0.00132704
39.8013,0.523599,0.81584,0.175433,-0.00132704,-0.00132704,-0.00132704,-0.00132704,-0.00132704,-0.00132704
39.8138,0.523599,0.801802,-0.182475,-0.00132704,-0.00132704,-0.00132704,-0.00132704,-0.00132704,-0.00132704
39.8263,0.523599,0.787308,-0.537785,-0.00132704,-0.00132704,-0.00132704,-0.00132704,-0.00132704,-0.00132704
39.8388,0.523599,0.772365,-0.885441,-0.00132704,-0.00132704,-0.00132704,-0.00132704,-0.00132704,-0.00132704
39.8513,0.523599,0.756981,-1.22049,-0.00132704,-0.00132704,-0.00132704,-0.00132704,-0.00132704,-0.00132704
39.8638,0.523599,0.741167,-1.53818,-0.00132704,-0.00132704,-0.00132704,-0.00132704,-0.00132704,-0.00132704
39.8763,0.523599,0.724929,-1.83397,-0.00132704,-0.00132704,-0.00132704,-0.00132704,-0.00132704,-0.00132704
39.8888,0.523599,0.708279,-2.10365,-0.00132704,-0.00132704,-0.00132704,-0.00132704,-0.00132704,-0.00132704
39.9013,0.523599,0.691225,-2.3434,-0.00132704,-0.00132704,-0.00132704,-0.00132704,-0.00132704,-0.00132704
39.9138,0.523599,0.673777,-2.54979,-0.00132704,-0.00132704,-0.00132704,-0.00132704,-0.00132704,-0.00132704
39.9263,0.523599,0.655944,-2.71989,-0.00132704,-0.00132704,-0.00132704,-0.00132704,-0.00132704,-0.00132704
39.9388,0.523599,0.637738,-2.85127,-0.00132704,-0.00132704,-0.00132704,-0.00132704,-0.00132704,-0.00132704
39.9513,0.523599,0.619169,-2.94208,-0.00132704,-0.00132704,-0.00132704,-0.00132704,-0.00132704,-0.00132704
39.9638,0.523599,0.600246,-2.99101,-0.00132704,-0.00132704,-0.00132704,-0.00132704,-0.00132704,-0.00132704
39.9763,0.523599,0.580982,-2.99736,-0.00132704,-0.00132704,-0.00132704,-0.00132704,-0.00132704,-0.00132704
39.9888,0.523599,0.561386,-2.96106,-0.00132704,-0.00132704,-0.00132704,-0.00132704,-0.00132704,-0.00132704
40.0013,0.523599,0.54147,-2.88261,-0.00132704,-0.00132704,-0.00132704,-0.00132704,-0.00132704,-0.00132704
40.0138,0.523599,0.521246,-2.76313,-0.00132704,-0.00132704,-0.00132704,-0.00132704,-0.00132704,-0.00132704
40.0263,0.523599,0.500724,-2.60433,-0.00132704,-0.00132704,-0.00132704,-0.00132704,-0.00132704,-0.00132704
40.0388,0.523599,0.479918,-2.40846,-0.00132704,-0.00132704,-0.00132704,-0.00132704,-0.00132704,-0.00132704
40.0513,0.523599,0.458837,-2.1783,-0.00132704,-0.00132704,-0.00132704,-0.00132704,-0.00132704,-0.00132704
40.0638,0.523599,0.437495,-1.91714,-0.00132704,-0.00132704,-0.00132704,-0.00132704,-0.00132704,-0.00132704
40.0763,0.523599,0.415904,-1.6287,-0.00132704,-0.00132704,-0.00132704,-0.00132704,-0.00132704,-0.00132704
40.0888,0.523599,0.394076,-1.31708,-0.00132704,-0.00132704,-0.00132704,-0.00132704,-0.00132704,-0.00132704
40.1013,0.523599,0.372023,-0.986704,-0.00132704,-0.00132704,-0.00132704,-0.00132704,-0.00132704,-0.00132704
40.1138,0.523599,0.349758,-0.642288,-0.00132704,-0.00132704,-0.00132704,-0.00132704,-0.00132704,-0.00132704
40.1263,0.523599,0.327293,-0.288731,-0.00132704,-0.00132704,-0.00132704,-0.00132704,-0.00132704,-0.00132704
40.1388,0.523599,0.304643,0.0689359,-0.00132704,-0.00132704,-0.00132704,-0.00132704,-0.00132704,-0.00132704
40.1513,0.523599,0.281818,0.425622,-0.00132704,-0.00132704,-0.00132704,-0.00132704,-0.00132704,-0.00132704
40.1638,0.523599,0.258833,0.776249,-0.00132704,-0.00132704,-0.00132704,-0.00132704,-0.00132704,-0.00132704
40.1763,0.523599,0.2357,1.11583,-0.00132704,-0.00132704,-0.00132704,-0.00132704,-0.00132704,-0.00132704
40.1888,0.523599,0.212433,1.43953,-0.00132704,-0.00132704,-0.00132704,-0.00132704,-0.00132704,-0.00132704
40.2013,0.523599,0.189045,1.74273,-0.00132704,-0.00132704,-0.00132704,-0.00132704,-0.00132704,-0.00132704
40.2138,0.523599,0.165549,2.02114,-0.00132704,-0.00132704,-0.00132704,-0.00132704,-0.00132704,-0.00132704
40.2263,0.523599,0.141959,2.27078,-0.00132704,-0.00132704,-0.00132704,-0.00132704,-0.00132704,-0.00132704
40.2388,0.523599,0.118288,2.48809,-0.00132704,-0.00132704,-0.00132704,-0.00132704,-0.00132704,-0.00132704
40.2513,0.523599,0.0945494,2.67,-0.00132704,-0.00132704,-0.00132704,-0.00132704,-0.00132704,-0.00132704
40.2638,0.523599,0.070757,2.8139,-0.00132704,-0.00132704,-0.00132704,-0.00132704,-0.00132704,-0.00132704
40.2763,0.523599,0.0469242,2.91775,-0.00132704,-0.00132704,-0.00132704,-0.00132704,-0.00132704,-0.00132704
40.2888,0.523599,0.0230647,2.98007,-0.00132704,-0.00132704,-0.00132704,-0.00132704,-0.00132704,-0.00132704
40.3013,0.523599,-0.000807948,2.99998,-0.00132704,-0.00132704,-0.00132704,-0.00132704,-0.00132704,-0.00132704
40.3138,0.523599,-0.0246801,2.97718,-0.00132704,-0.00132704,-0.00132704,-0.00132704,-0.00132704,-0.00132704
40.3263,0.523599,-0.0485383,2.91202,-0.00132704,-0.00132704,-0.00132704,-0.00132704,-0.00132704,-0.00132704
40.3388,0.523599,-0.0723687,2.8054,-0.00132704,-0.00132704,-0.00132704,-0.00132704,-0.00132704,-0.00132704
40.3513,0.523599,-0.0961579,2.65886,-0.00132704,-0.00132704,-0.00132704,-0.00132704,-0.00132704,-0.00132704
40.3638,0.523599,-0.119892,2.47447,-0.00132704,-0.00132704,-0.00132704,-0.00132704,-0.00132704,-0.00132704
40.3763,0.523599,-0.143558,2.25486,-0.00132704,-0.00132704,-0.00132704,-0.00132704,-0.00132704,-0.00132704
40.3888,0.523599,-0.167143,2.00316,-0.00132704,-0.00132704,-0.00132704,-0.00132704,-0.00132704,-0.00132704
40.4013,0.523599,-0.190632,1.72295,-0.00132704,-0.00132704,-0.00132704,-0.00132704,-0.00132704,-0.00132704
40.4138,0.523599,-0.214012,1.41821,-0.00132704,-0.00132704,-0.00132704,-0.00132704,-0.00132704,-0.00132704
40.4263,0.523599,-0.23727,1.09329,-0.00132704,-0.00132704,-0.00132704,-0.00132704,-0.00132704,-0.00132704
40.4388,0.523599,-0.260393,0.752811,-0.00132704,-0.00132704,-0.00132704,-0.00132704,-0.00132704,-0.00132704
40.4513,0.523599,-0.283368,0.401615,-0.00132704,-0.00132704,-0.00132704,-0.00132704,-0.00132704,-0.00132704
40.4638,0.523599,-0.306181,0.0447019,-0.00132704,-0.00132704,-0.00132704,-0.00132704,-0.00132704,-0.00132704
40.4763,0.523599,-0.32882,-0.312847,-0.00132704,-0.00132704,-0.00132704,-0.00132704,-0.00132704,-0.00132704
40.4888,0.523599,-0.351271,-0.665943,-0.00132704,-0.00132704,-0.00132704,-0.00132704,-0.00132704,-0.00132704
40.5013,0.523599,-0.373522,-1.00956,-0.00132704,-0.00132704,-0.00132704,-0.00132704,-0.00132704,-0.00132704
40.5138,0.523599,-0.39556,-1.33881,-0.00132704,-0.00132704,-0.00132704,-0.00132704,-0.00132704,-0.00132704
40.5263,0.523599,-0.417373,-1.649,-0.00132704,-0.00132704,-0.00132704,-0.00132704,-0.00132704,-0.00132704
40.5388,0.523599,-0.438948,-1.93573,-0.00132704,-0.00132704,-0.00132704,-0.00132704,-0.00132704,-0.00132704
40.5513,0.523599,-0.460272,-2.1949,-0.00132704,-0.00132704,-0.00132704,-0.00132704,-0.00132704,-0.00132704
40.5638,0.523599,-0.481335,-2.42283,-0.00132704,-0.00132704,-0.00132704,-0.00132704,-0.00132704,-0.00132704
40.5763,0.523599,-0.502122,-2.61627,-0.00132704,-0.00132704,-0.00132704,-0.00132704,-0.00132704,-0.00132704
40.5888,0.523599,-0.522624,-2.77248,-0.00132704,-0.00132704,-0.00132704,-0.00132704,-0.00132704,-0.00132704
40.6013,0.523599,-0.542828,-2.88923,-0.00132704,-0.00132704,-0.00132704,-0.00132704,-0.00132704,-0.00132704
40.6138,0.523599,-0.562722,-2.96486,-0.00132704,-0.00132704,-0.00132704,-0.00132704,-0.00132704,-0.00132704
40.6263,0.523599,-0.582296,-2.99828,-0.00132704,-0.00132704,-0.00132704,-0.00132704,-0.00132704,-0.00132704
40.6388,0.523599,-0.601538,-2.98903,-0.00132704,-0.00132704,-0.00132704,-0.00132704,-0.00132704,-0.00132704
40.6513,0.523599,-0.620437,-2.93724,-0.00132704,-0.00132704,-0.00132704,-0.00132704,-0.00132704,-0.00132704
40.6638,0.523599,-0.638982,-2.84364,-0.00132704,-0.00132704,-0.00132704,-0.00132704,-0.00132704,-0.00132704
40.6763,0.523599,-0.657163,-2.70957,-0.00132704,-0.00132704,-0.00132704,-0.00132704,-0.00132704,-0.00132704
40.6888,0.523599,-0.67497,-2.53693,-0.00132704,-0.00132704,-0.00132704,-0.00132704,-0.00132704,-0.00132704
40.7013,0.523599,-0.692391,-2.32819,-0.00132704,-0.00132704,-0.00132704,-0.00132704,-0.00132704,-0.00132704
40.7138,0.523599,-0.709419,-2.0863,-0.00132704,-0.00132704,-0.00132704,-0.00132704,-0.00132704,-0.00132704
40.7263,0.523599,-0.726041,-1.81472,-0.00132704,-0.00132704,-0.00132704,-0.00132704,-0.00132704,-0.00132704
40.7388,0.523599,-0.74225,-1.51732,-0.00132704,-0.00132704,-0.00132704,-0.00132704,-0.00132704,-0.00132704
40.7513,0.523599,-0.758036,-1.19831,-0.00132704,-0.00132704,-0.00132704,-0.00132704,-0.00132704,-0.00132704
40.7638,0.523599,-0.77339,-0.862254,-0.00132704,-0.00132704,-0.00132704,-0.00132704,-0.00132704,-0.00132704
40.7763,0.523599,-0.788303,-0.513922,-0.00132704,-0.00132704,-0.00132704,-0.00132704,-0.00132704,-0.00132704
40.7888,0.523599,-0.802767,-0.158276,-0.00132704,-0.00132704,-0.00132704,-0.00132704,-0.00132704,-0.00132704
40.8013,0.523599,-0.816773,0.199624,-0.00132704,-0.00132704,-0.00132704,-0.00132704,-0.00132704,-0.00132704
40.8138,0.523599,-0.830314,0.554682,-0.00132704,-0.00132704,-0.00132704,-0.00132704,-0.00132704,-0.00132704
40.8263,0.523599,-0.843381,0.901845,-0.00132704,-0.00132704,-0.00132704,-0.00132704,-0.00132704,-0.00132704
40.8388,0.523599,-0.855968,1.23617,-0.00132704,-0.00132704,-0.00132704,-0.00132704,-0.00132704,-0.00132704
40.8513,0.523599,-0.868067,1.5529,-0.00132704,-0.00132704,-0.00132704,-0.00132704,-0.00132704,-0.00132704
40.8638,0.523599,-0.879671,1.84753,-0.00132704,-0.00132704,-0.00132704,-0.00132704,-0.00132704,-0.00132704
40.8763,0.523599,-0.890773,2.11587,-0.00132704,-0.00132704,-0.00132704,-0.00132704,-0.00132704,-0.00132704
40.8888,0.523599,-0.901368,2.35409,-0.00132704,-0.00132704,-0.00132704,-0.00132704,-0.00132704,-0.00132704
40.9013,0.523599,-0.911449,2.5588,-0.00132704,-0.00132704,-0.00132704,-0.00132704,-0.00132704,-0.00132704
40.9138,0.523599,-0.921011,2.72709,-0.00132704,-0.00132704,-0.00132704,-0.00132704,-0.00132704,-0.00132704
40.9263,0.523599,-0.930048,2.85657,-0.00132704,-0.00132704,-0.00132704,-0.00132704,-0.00132704,-0.00132704
40.9388,0.523599,-0.938554,2.94539,-0.00132704,-0.00132704,-0.00132704,-0.00132704,-0.00132704,-0.00132704
40.9513,0.523599,-0.946526,2.99229,-0.00132704,-0.00132704,-0.00132704,-0.00132704,-0.00132704,-0.00132704
40.9638,0.523599,-0.953958,2.99659,-0.00132704,-0.00132704,-0.00132704,-0.00132704,-0.00132704,-0.00132704
40.9763,0.523599,-0.960847,2.95825,-0.00132704,-0.00132704,-0.00132704,-0.00132704,-0.00132704,-0.00132704
40.9888,0.523599,-0.967187,2.8778,-0.00132704,-0.00132704,-0.00132704,-0.00132704,-0.00132704,-0.00132704
41.0014,0.523599,-0.972977,2.7564,-0.00132704,-0.00132704,-0.00132704,-0.00132704,-0.00132704,-0.00132704
41.0139,0.523599,-0.978212,2.59576,-0.00132704,-0.00132704,-0.00132704,-0.00132704,-0.00132704,-0.00132704
41.0264,0.523599,-0.982889,2.39817,-0.00132704,-0.00132704,-0.00132704,-0.00132704,-0.00132704,-0.00132704
41.0389,0.523599,-0.987006,2.16645,-0.00132704,-0.00132704,-0.00132704,-0.00132704,-0.00132704,-0.00132704
41.0514,0.523599,-0.990561,1.9039,-0.00132704,-0.00132704,-0.00132704,-0.00132704,-0.00132704,-0.00132704
41.0639,0.523599,-0.993551,1.61424,-0.00132704,-0.00132704,-0.00132704,-0.00132704,-0.00132704,-0.00132704
41.0764,0.523599,-0.995975,1.30161,-0.00132704,-0.00132704,-0.00132704,-0.00132704,-0.00132704,-0.00132704
41.0889,0.523599,-0.997831,0.97046,-0.00132704,-0.00132704,-0.00132704,-0.00132704,-0.00132704,-0.00132704
41.1014,0.523599,-0.999118,0.625492,-0.00132704,-0.00132704,-0.00132704,-0.00132704,-0.00132704,-0.00132704
41.1139,0.523599,-0.999836,0.271622,-0.00132704,-0.00132704,-0.00132704,-0.00132704,-0.00132704,-0.00132704
41.1264,0.523599,-0.999983,-0.0861141,-0.00132704,-0.00132704,-0.00132704,-0.00132704,-0.00132704,-0.00132704
41.1389,0.523599,-0.999561,-0.442625,-0.00132704,-0.00132704,-0.00132704,-0.00132704,-0.00132704,-0.00132704
41.1514,0.523599,-0.99857,-0.792835,-0.00132704,-0.00132704,-0.00132704,-0.00132704,-0.00132704,-0.00132704
41.1639,0.523599,-0.997009,-1.13176,-0.00132704,-0.00132704,-0.00132704,-0.00132704,-0.00132704,-0.00132704
41.1764,0.523599,-0.99488,-1.45458,-0.00132704,-0.00132704,-0.00132704,-0.00132704,-0.00132704,-0.00132704
41.1889,0.523599,-0.992183,-1.75669,-0.00132704,-0.00132704,-0.00132704,-0.00132704,-0.00132704,-0.00132704
41.2014,0.523599,-0.988922,-2.0338,-0.00132704,-0.00132704,-0.00132704,-0.00132704,-0.00132704,-0.00132704
41.2139,0.523599,-0.985096,-2.28197,-0.00132704,-0.00132704,-0.00132704,-0.00132704,-0.00132704,-0.00132704
41.2264,0.523599,-0.980709,-2.49765,-0.00132704,-0.00132704,-0.00132704,-0.00132704,-0.00132704,-0.00132704
41.2389,0.523599,-0.975763,-2.67779,-0.00132704,-0.00132704,-0.00132704,-0.00132704,-0.00132704,-0.00132704
41.2514,0.523599,-0.970261,-2.81981,-0.00132704,-0.00132704,-0.00132704,-0.00132704,-0.00132704,-0.00132704
41.2639,0.523599,-0.964206,-2.9217,-0.00132704,-0.00132704,-0.00132704,-0.00132704,-0.00132704,-0.00132704
41.2764,0.523599,-0.957601,-2.982,-0.00132704,-0.00132704,-0.00132704,-0.00132704,-0.00132704,-0.00132704
41.2889,0.523599,-0.950451,-2.99986,-0.00132704,-0.00132704,-0.00132704,-0.00132704,-0.00132704,-0.00132704
41.3014,0.523599,-0.942759,-2.97502,-0.00132704,-0.00132704,-0.00132704,-0.00132704,-0.00132704,-0.00132704
41.3139,0.523599,-0.934529,-2.90784,-0.00132704,-0.00132704,-0.00132704,-0.00132704,-0.00132704,-0.00132704
41.3264,0.523599,-0.925767,-2.79927,-0.00132704,-0.00132704,-0.00132704,-0.00132704,-0.00132704,-0.00132704
41.3389,0.523599,-0.916477,-2.65085,-0.00132704,-0.00132704,-0.00132704,-0.00132704,-0.00132704,-0.00132704
41.3514,0.523599,-0.906665,-2.46471,-0.00132704,-0.00132704,-0.00132704,-0.00132704,-0.00132704,-0.00132704
41.3639,0.523599,-0.896336,-2.24349,-0.00132704,-0.00132704,-0.00132704,-0.00132704,-0.00132704,-0.00132704
41.3764,0.523599,-0.885496,-1.99034,-0.00132704,-0.00132704,-0.00132704,-0.00132704,-0.00132704,-0.00132704
41.3889,0.523599,-0.874152,-1.70885,-0.00132704,-0.00132704,-0.00132704,-0.00132704,-0.00132704,-0.00132704
41.4014,0.523599,-0.862309,-1.40305,-0.00132704,-0.00132704,-0.00132704,-0.00132704,-0.00132704,-0.00132704
41.4139,0.523599,-0.849974,-1.07727,-0.00132704,-0.00132704,-0.00132704,-0.00132704,-0.00132704,-0.00132704
41.4264,0.523599,-0.837156,-0.736165,-0.00132704,-0.00132704,-0.00132704,-0.00132704,-0.00132704,-0.00132704
41.4389,0.523599,-0.82386,-0.384579,-0.00132704,-0.00132704,-0.00132704,-0.00132704,-0.00132704,-0.00132704
41.4514,0.523599,-0.810094,-0.0275192,-0.00132704,-0.00132704,-0.00132704,-0.00132704,-0.00132704,-0.00132704
41.4639,0.523599,-0.795867,0.329932,-0.00132704,-0.00132704,-0.00132704,-0.00132704,-0.00132704,-0.00132704
41.4764,0.523599,-0.781186,0.682688,-0.00132704,-0.00132704,-0.00132704,-0.00132704,-0.00132704,-0.00132704
41.4889,0.523599,-0.76606,1.02573,-0.00132704,-0.00132704,-0.00132704,-0.00132704,-0.00132704,-0.00132704
41.5014,0.523599,-0.750497,1.35417,-0.00132704,-0.00132704,-0.00132704,-0.00132704,-0.00132704,-0.00132704
41.5139,0.523599,-0.734506,1.66333,-0.00132704,-0.00132704,-0.00132704,-0.00132704,-0.00132704,-0.00132704
41.5264,0.523599,-0.718097,1.94882,-0.00132704,-0.00132704,-0.00132704,-0.00132704,-0.00132704,-0.00132704
41.5389,0.523599,-0.701279,2.20657,-0.00132704,-0.00132704,-0.00132704,-0.00132704,-0.00132704,-0.00132704
41.5514,0.523599,-0.68406,2.43292,-0.00132704,-0.00132704,-0.00132704,-0.00132704,-0.00132704,-0.00132704
41.5639,0.523599,-0.666452,2.62464,-0.00132704,-0.00132704,-0.00132704,-0.00132704,-0.00132704,-0.00132704
41.5764,0.523599,-0.648464,2.779,-0.00132704,-0.00132704,-0.00132704,-0.00132704,-0.00132704,-0.00132704
41.5889,0.523599,-0.630107,2.89381,-0.00132704,-0.00132704,-0.00132704,-0.00132704,-0.00132704,-0.00132704
41.6014,0.523599,-0.61139,2.96743,-0.00132704,-0.00132704,-0.00132704,-0.00132704,-0.00132704,-0.00132704
41.6139,0.523599,-0.592325,2.99881,-0.00132704,-0.00132704,-0.00132704,-0.00132704,-0.00132704,-0.00132704
41.6264,0.523599,-0.572922,2.98752,-0.00132704,-0.00132704,-0.00132704,-0.00132704,-0.00132704,-0.00132704
41.6389,0.523599,-0.553193,2.9337,-0.00132704,-0.00132704,-0.00132704,-0.00132704,-0.00132704,-0.00132704
41.6514,0.523599,-0.533148,2.83812,-0.00132704,-0.00132704,-0.00132704,-0.00132704,-0.00132704,-0.00132704
41.6639,0.523599,-0.5128,2.70215,-0.00132704,-0.00132704,-0.00132704,-0.00132704,-0.00132704,-0.00132704
41.6764,0.523599,-0.492159,2.52772,-0.00132704,-0.00132704,-0.00132704,-0.00132704,-0.00132704,-0.00132704
41.6889,0.523599,-0.471237,2.31731,-0.00132704,-0.00132704,-0.00132704,-0.00132704,-0.00132704,-0.00132704
41.7014,0.523599,-0.450047,2.07392,-0.00132704,-0.00132704,-0.00132704,-0.00132704,-0.00132704,-0.00132704
41.7139,0.523599,-0.428601,1.80101,-0.00132704,-0.00132704,-0.00132704,-0.00132704,-0.00132704,-0.00132704
41.7264,0.523599,-0.40691,1.50247,-0.00132704,-0.00132704,-0.00132704,-0.00132704,-0.00132704,-0.00132704
41.7389,0.523599,-0.384988,1.18254,-0.00132704,-0.00132704,-0.00132704,-0.00132704,-0.00132704,-0.00132704
41.7514,0.523599,-0.362845,0.845781,-0.00132704,-0.00132704,-0.00132704,-0.00132704,-0.00132704,-0.00132704
41.7639,0.523599,-0.340497,0.496984,-0.00132704,-0.00132704,-0.00132704,-0.00132704,-0.00132704,-0.00132704
41.7764,0.523599,-0.317954,0.141113,-0.00132704,-0.00132704,-0.00132704,-0.00132704,-0.00132704,-0.00132704
41.7889,0.523599,-0.295229,-0.216766,-0.00132704,-0.00132704,-0.00132704,-0.00132704,-0.00132704,-0.00132704
41.8014,0.523599,-0.272337,-0.57156,-0.00132704,-0.00132704,-0.00132704,-0.00132704,-0.00132704,-0.00132704
41.8139,0.523599,-0.249289,-0.918219,-0.00132704,-0.00132704,-0.00132704,-0.00132704,-0.00132704,-0.00132704
41.8264,0.523599,-0.226099,-1.25181,-0.00132704,-0.00132704,-0.00132704,-0.00132704,-0.00132704,-0.00132704
41.8389,0.523599,-0.202781,-1.56758,-0.00132704,-0.00132704,-0.00132704,-0.00132704,-0.00132704,-0.00132704
41.8514,0.523599,-0.179346,-1.86104,-0.00132704,-0.00132704,-0.00132704,-0.00132704,-0.00132704,-0.00132704
41.8639,0.523599,-0.15581,-2.12802,-0.00132704,-0.00132704,-0.00132704,-0.00132704,-0.00132704,-0.00132704
41.8764,0.523599,-0.132185,-2.3647,-0.00132704,-0.00132704,-0.00132704,-0.00132704,-0.00132704,-0.00132704
41.8889,0.523599,-0.108484,-2.56773,-0.00132704,-0.00132704,-0.00132704,-0.00132704,-0.00132704,-0.00132704
41.9014,0.523599,-0.0847216,-2.73421,-0.00132704,-0.00132704,-0.00132704,-0.00132704,-0.00132704,-0.00132704
41.9139,0.523599,-0.0609109,-2.86177,-0.00132704,-0.00132704,-0.00132704,-0.00132704,-0.00132704,-0.00132704
41.9264,0.523599,-0.0370654,-2.9486,-0.00132704,-0.00132704,-0.00132704,-0.00132704,-0.00132704,-0.00132704
41.9389,0.523599,-0.0131988,-2.99347,-0.00132704,-0.00132704,-0.00132704,-0.00132704,-0.00132704,-0.00132704
41.9514,0.523599,0.0106753,-2.99573,-0.00132704,-0.00132704,-0.00132704,-0.00132704,-0.00132704,-0.00132704
41.9639,0.523599,0.0345433,-2.95535,-0.00132704,-0.00132704,-0.00132704,-0.00132704,-0.00132704,-0.00132704
41.9764,0.523599,0.0583917,-2.8729,-0.00132704,-0.00132704,-0.00132704,-0.00132704,-0.00132704,-0.00132704
41.9889,0.523599,0.0822067,-2.74957,-0.00132704,-0.00132704,-0.00132704,-0.00132704,-0.00132704,-0.00132704
42.0014,0.523599,0.105975,-2.5871,-0.00132704,-0.00132704,-0.00132704,-0.00132704,-0.00132704,-0.00132704
42.0139,0.523599,0.129683,-2.38781,-0.00132704,-0.00132704,-0.00132704,-0.00132704,-0.00132704,-0.00132704
42.0264,0.523599,0.153317,-2.15453,-0.00132704,-0.00132704,-0.00132704,-0.00132704,-0.00132704,-0.00132704
42.0389,0.523599,0.176863,-1.89059,-0.00132704,-0.00132704,-0.00132704,-0.00132704,-0.00132704,-0.00132704
42.0514,0.523599,0.200309,-1.59973,-0.00132704,-0.00132704,-0.00132704,-0.00132704,-0.00132704,-0.00132704
42.0639,0.523599,0.22364,-1.28611,-0.00132704,-0.00132704,-0.00132704,-0.00132704,-0.00132704,-0.00132704
42.0764,0.523599,0.246844,-0.954184,-0.00132704,-0.00132704,-0.00132704,-0.00132704,-0.00132704,-0.00132704
42.0889,0.523599,0.269908,-0.608676,-0.00132704,-0.00132704,-0.00132704,-0.00132704,-0.00132704,-0.00132704
42.1014,0.523599,0.292817,-0.254504,-0.00132704,-0.00132704,-0.00132704,-0.00132704,-0.00132704,-0.00132704
42.1139,0.523599,0.31556,0.103289,-0.00132704,-0.00132704,-0.00132704,-0.00132704,-0.00132704,-0.00132704
42.1264,0.523599,0.338123,0.459613,-0.00132704,-0.00132704,-0.00132704,-0.00132704,-0.00132704,-0.00132704
42.1389,0.523599,0.360493,0.809395,-0.00132704,-0.00132704,-0.00132704,-0.00132704,-0.00132704,-0.00132704
42.1514,0.523599,0.382657,1.14766,-0.00132704,-0.00132704,-0.00132704,-0.00132704,-0.00132704,-0.00132704
42.1639,0.523599,0.404604,1.46958,-0.00132704,-0.00132704,-0.00132704,-0.00132704,-0.00132704,-0.00132704
42.1764,0.523599,0.42632,1.77059,-0.00132704,-0.00132704,-0.00132704,-0.00132704,-0.00132704,-0.00132704
42.1889,0.523599,0.447792,2.0464,-0.00132704,-0.00132704,-0.00132704,-0.00132704,-0.00132704,-0.00132704
42.2014,0.523599,0.46901,2.29309,-0.00132704,-0.00132704,-0.00132704,-0.00132704,-0.00132704,-0.00132704
42.2139,0.523599,0.48996,2.50713,-0.00132704,-0.00132704,-0.00132704,-0.00132704,-0.00132704,-0.00132704
42.2264,0.523599,0.510631,2.68549,-0.00132704,-0.00132704,-0.00132704,-0.00132704,-0.00132704,-0.00132704
42.2389,0.523599,0.531011,2.82563,-0.00132704,-0.00132704,-0.00132704,-0.00132704,-0.00132704,-0.00132704
42.2514,0.523599,0.551089,2.92555,-0.00132704,-0.00132704,-0.00132704,-0.00132704,-0.00132704,-0.00132704
42.2639,0.523599,0.570852,2.98383,-0.00132704,-0.00132704,-0.00132704,-0.00132704,-0.00132704,-0.00132704
42.2764,0.523599,0.59029,2.99964,-0.00132704,-0.00132704,-0.00132704,-0.00132704,-0.00132704,-0.00132704
42.2889,0.523599,0.609391,2.97276,-0.00132704,-0.00132704,-0.00132704,-0.00132704,-0.00132704,-0.00132704
42.3014,0.523599,0.628145,2.90356,-0.00132704,-0.00132704,-0.00132704,-0.00132704,-0.00132704,-0.00132704
42.3139,0.523599,0.646541,2.79304,-0.00132704,-0.00132704,-0.00132704,-0.00132704,-0.00132704,-0.00132704
42.3264,0.523599,0.664569,2.64277,-0.00132704,-0.00132704,-0.00132704,-0.00132704,-0.00132704,-0.00132704
42.3389,0.523599,0.682217,2.45488,-0.00132704,-0.00132704,-0.00132704,-0.00132704,-0.00132704,-0.00132704
42.3514,0.523599,0.699477,2.23205,-0.00132704,-0.00132704,-0.00132704,-0.00132704,-0.00132704,-0.00132704
42.3639,0.523599,0.716339,1.97745,-0.00132704,-0.00132704,-0.00132704,-0.00132704,-0.00132704,-0.00132704
42.3764,0.523599,0.732791,1.6947,-0.00132704,-0.00132704,-0.00132704,-0.00132704,-0.00132704,-0.00132704
42.3889,0.523599,0.748827,1.38784,-0.00132704,-0.00132704,-0.00132704,-0.00132704,-0.00132704,-0.00132704
42.4014,0.523599,0.764435,1.06122,-0.00132704,-0.00132704,-0.00132704,-0.00132704,-0.00132704,-0.00132704
42.4139,0.523599,0.779608,0.719494,-0.00132704,-0.00132704,-0.00132704,-0.00132704,-0.00132704,-0.00132704
42.4264,0.523599,0.794336,0.367531,-0.00132704,-0.00132704,-0.00132704,-0.00132704,-0.00132704,-0.00132704
42.4389,0.523599,0.808612,0.0103357,-0.00132704,-0.00132704,-0.00132704,-0.00132704,-0.00132704,-0.00132704
42.4514,0.523599,0.822426,-0.347006,-0.00132704,-0.00132704,-0.00132704,-0.00132704,-0.00132704,-0.00132704
42.4639,0.523599,0.835772,-0.699409,-0.00132704,-0.00132704,-0.00132704,-0.00132704,-0.00132704,-0.00132704
42.4764,0.523599,0.848642,-1.04186,-0.00132704,-0.00132704,-0.00132704,-0.00132704,-0.00132704,-0.00132704
42.4889,0.523599,0.861028,-1.36948,-0.00132704,-0.00132704,-0.00132704,-0.00132704,-0.00132704,-0.00132704
42.5014,0.523599,0.872923,-1.6776,-0.00132704,-0.00132704,-0.00132704,-0.00132704,-0.00132704,-0.00132704
42.5139,0.523599,0.884321,-1.96185,-0.00132704,-0.00132704,-0.00132704,-0.00132704,-0.00132704,-0.00132704
42.5264,0.523599,0.895214,-2.21818,-0.00132704,-0.00132704,-0.00132704,-0.00132704,-0.00132704,-0.00132704
42.5389,0.523599,0.905598,-2.44294,-0.00132704,-0.00132704,-0.00132704,-0.00132704,-0.00132704,-0.00132704
42.5514,0.523599,0.915465,-2.63292,-0.00132704,-0.00132704,-0.00132704,-0.00132704,-0.00132704,-0.00132704
42.5639,0.523599,0.92481,-2.78543,-0.00132704,-0.00132704,-0.00132704,-0.00132704,-0.00132704,-0.00132704
42.5764,0.523599,0.933628,-2.89829,-0.00132704,-0.00132704,-0.00132704,-0.00132704,-0.00132704,-0.00132704
42.5889,0.523599,0.941914,-2.96991,-0.00132704,-0.00132704,-0.00132704,-0.00132704,-0.00132704,-0.00132704
42.6014,0.523599,0.949663,-2.99925,-0.00132704,-0.00132704,-0.00132704,-0.00132704,-0.00132704,-0.00132704
42.6139,0.523599,0.956871,-2.9859,-0.00132704,-0.00132704,-0.00132704,-0.00132704,-0.00132704,-0.00132704
42.6264,0.523599,0.963534,-2.93006,-0.00132704,-0.00132704,-0.00132704,-0.00132704,-0.00132704,-0.00132704
42.639,0.523599,0.969647,-2.83251,-0.00132704,-0.00132704,-0.00132704,-0.00132704,-0.00132704,-0.00132704
42.6515,0.523599,0.975208,-2.69464,-0.00132704,-0.00132704,-0.00132704,-0.00132704,-0.00132704,-0.00132704
42.664,0.523599,0.980213,-2.51842,-0.00132704,-0.00132704,-0.00132704,-0.00132704,-0.00132704,-0.00132704
42.6765,0.523599,0.984659,-2.30636,-0.00132704,-0.00132704,-0.00132704,-0.00132704,-0.00132704,-0.00132704
42.689,0.523599,0.988544,-2.06147,-0.00132704,-0.00132704,-0.00132704,-0.00132704,-0.00132704,-0.00132704
42.7015,0.523599,0.991865,-1.78724,-0.00132704,-0.00132704,-0.00132704,-0.00132704,-0.00132704,-0.00132704
42.714,0.523599,0.994621,-1.48757,-0.00132704,-0.00132704,-0.00132704,-0.00132704,-0.00132704,-0.00132704
42.7265,0.523599,0.996811,-1.16673,-0.00132704,-0.00132704,-0.00132704,-0.00132704,-0.00132704,-0.00132704
42.739,0.523599,0.998432,-0.82928,-0.00132704,-0.00132704,-0.00132704,-0.00132704,-0.00132704,-0.00132704
42.7515,0.523599,0.999484,-0.480029,-0.00132704,-0.00132704,-0.00132704,-0.00132704,-0.00132704,-0.00132704
42.764,0.523599,0.999966,-0.123946,-0.00132704,-0.00132704,-0.00132704,-0.00132704,-0.00132704,-0.00132704
42.7765,0.523599,0.999878,0.233902,-0.00132704,-0.00132704,-0.00132704,-0.00132704,-0.00132704,-0.00132704
42.789,0.523599,0.999221,0.58842,-0.00132704,-0.00132704,-0.00132704,-0.00132704,-0.00132704,-0.00132704
42.8015,0.523599,0.997994,0.934563,-0.00132704,-0.00132704,-0.00132704,-0.00132704,-0.00132704,-0.00132704
42.814,0.523599,0.996198,1.26741,-0.00132704,-0.00132704,-0.00132704,-0.00132704,-0.00132704,-0.00132704
42.8265,0.523599,0.993834,1.58221,-0.00132704,-0.00132704,-0.00132704,-0.00132704,-0.00132704,-0.00132704
42.839,0.523599,0.990904,1.87449,-0.00132704,-0.00132704,-0.00132704,-0.00132704,-0.00132704,-0.00132704
42.8515,0.523599,0.987409,2.14009,-0.00132704,-0.00132704,-0.00132704,-0.00132704,-0.00132704,-0.00132704
42.864,0.523599,0.983351,2.37524,-0.00132704,-0.00132704,-0.00132704,-0.00132704,-0.00132704,-0.00132704
42.8765,0.523599,0.978733,2.57657,-0.00132704,-0.00132704,-0.00132704,-0.00132704,-0.00132704,-0.00132704
42.889,0.523599,0.973557,2.74123,-0.00132704,-0.00132704,-0.00132704,-0.00132704,-0.00132704,-0.00132704
42.9015,0.523599,0.967825,2.86688,-0.00132704,-0.00132704,-0.00132704,-0.00132704,-0.00132704,-0.00132704
42.914,0.523599,0.961543,2.95172,-0.00132704,-0.00132704,-0.00132704,-0.00132704,-0.00132704,-0.00132704
42.9265,0.523599,0.954712,2.99455,-0.00132704,-0.00132704,-0.00132704,-0.00132704,-0.00132704,-0.00132704
42.939,0.523599,0.947337,2.99476,-0.00132704,-0.00132704,-0.00132704,-0.00132704,-0.00132704,-0.00132704
42.9515,0.523599,0.939422,2.95234,-0.00132704,-0.00132704,-0.00132704,-0.00132704,-0.00132704,-0.00132704
42.964,0.523599,0.930972,2.86791,-0.00132704,-0.00132704,-0.00132704,-0.00132704,-0.00132704,-0.00132704
42.9765,0.523599,0.921991,2.74265,-0.00132704,-0.00132704,-0.00132704,-0.00132704,-0.00132704,-0.00132704
42.989,0.523599,0.912485,2.57836,-0.00132704,-0.00132704,-0.00132704,-0.00132704,-0.00132704,-0.00132704
43.0015,0.523599,0.902458,2.37736,-0.00132704,-0.00132704,-0.00132704,-0.00132704,-0.00132704,-0.00132704
43.014,0.523599,0.891917,2.14254,-0.00132704,-0.00132704,-0.00132704,-0.00132704,-0.00132704,-0.00132704
43.0265,0.523599,0.880868,1.87721,-0.00132704,-0.00132704,-0.00132704,-0.00132704,-0.00132704,-0.00132704
43.039,0.523599,0.869317,1.58517,-0.00132704,-0.00132704,-0.00132704,-0.00132704,-0.00132704,-0.00132704
43.0515,0.523599,0.85727,1.27057,-0.00132704,-0.00132704,-0.00132704,-0.00132704,-0.00132704,-0.00132704
43.064,0.523599,0.844735,0.937877,-0.00132704,-0.00132704,-0.00132704,-0.00132704,-0.00132704,-0.00132704
43.0765,0.523599,0.831718,0.591839,-0.00132704,-0.00132704,-0.00132704,-0.00132704,-0.00132704,-0.00132704
43.089,0.523599,0.818227,0.237378,-0.00132704,-0.00132704,-0.00132704,-0.00132704,-0.00132704,-0.00132704
43.1015,0.523599,0.804269,-0.120461,-0.00132704,-0.00132704,-0.00132704,-0.00132704,-0.00132704,-0.00132704
43.114,0.523599,0.789854,-0.476586,-0.00132704,-0.00132704,-0.00132704,-0.00132704,-0.00132704,-0.00132704
43.1265,0.523599,0.774988,-0.825928,-0.00132704,-0.00132704,-0.00132704,-0.00132704,-0.00132704,-0.00132704
43.139,0.523599,0.75968,-1.16351,-0.00132704,-0.00132704,-0.00132704,-0.00132704,-0.00132704,-0.00132704
43.1515,0.523599,0.743939,-1.48454,-0.00132704,-0.00132704,-0.00132704,-0.00132704,-0.00132704,-0.00132704
43.164,0.523599,0.727775,-1.78444,-0.00132704,-0.00132704,-0.00132704,-0.00132704,-0.00132704,-0.00132704
43.1765,0.523599,0.711195,-2.05893,-0.00132704,-0.00132704,-0.00132704,-0.00132704,-0.00132704,-0.00132704
43.189,0.523599,0.69421,-2.30413,-0.00132704,-0.00132704,-0.00132704,-0.00132704,-0.00132704,-0.00132704
43.2015,0.523599,0.67683,-2.51653,-0.00132704,-0.00132704,-0.00132704,-0.00132704,-0.00132704,-0.00132704
43.214,0.523599,0.659063,-2.69311,-0.00132704,-0.00132704,-0.00132704,-0.00132704,-0.00132704,-0.00132704
43.2265,0.523599,0.640921,-2.83136,-0.00132704,-0.00132704,-0.00132704,-0.00132704,-0.00132704,-0.00132704
43.239,0.523599,0.622414,-2.9293,-0.00132704,-0.00132704,-0.00132704,-0.00132704,-0.00132704,-0.00132704
43.2515,0.523599,0.603552,-2.98556,-0.00132704,-0.00132704,-0.00132704,-0.00132704,-0.00132704,-0.00132704
43.264,0.523599,0.584346,-2.99932,-0.00132704,-0.00132704,-0.00132704,-0.00132704,-0.00132704,-0.00132704
43.2765,0.523599,0.564807,-2.9704,-0.00132704,-0.00132704,-0.00132704,-0.00132704,-0.00132704,-0.00132704
43.289,0.523599,0.544946,-2.89919,-0.00132704,-0.00132704,-0.00132704,-0.00132704,-0.00132704,-0.00132704
43.3015,0.523599,0.524774,-2.78672,-0.00132704,-0.00132704,-0.00132704,-0.00132704,-0.00132704,-0.00132704
43.314,0.523599,0.504303,-2.63459,-0.00132704,-0.00132704,-0.00132704,-0.00132704,-0.00132704,-0.00132704
43.3265,0.523599,0.483545,-2.44496,-0.00132704,-0.00132704,-0.00132704,-0.00132704,-0.00132704,-0.00132704
43.339,0.523599,0.462511,-2.22053,-0.00132704,-0.00132704,-0.00132704,-0.00132704,-0.00132704,-0.00132704
43.3515,0.523599,0.441214,-1.96449,-0.00132704,-0.00132704,-0.00132704,-0.00132704,-0.00132704,-0.00132704
43.364,0.523599,0.419665,-1.68049,-0.00132704,-0.00132704,-0.00132704,-0.00132704,-0.00132704,-0.00132704
43.3765,0.523599,0.397877,-1.37258,-0.00132704,-0.00132704,-0.00132704,-0.00132704,-0.00132704,-0.00132704
43.389,0.523599,0.375862,-1.04513,-0.00132704,-0.00132704,-0.00132704,-0.00132704,-0.00132704,-0.00132704
43.4015,0.523599,0.353633,-0.7028,-0.00132704,-0.00132704,-0.00132704,-0.00132704,-0.00132704,-0.00132704
43.414,0.523599,0.331202,-0.35047,-0.00132704,-0.00132704,-0.00132704,-0.00132704,-0.00132704,-0.00132704
43.4265,0.523599,0.308583,0.00684822,-0.00132704,-0.00132704,-0.00132704,-0.00132704,-0.00132704,-0.00132704
43.439,0.523599,0.285787,0.364069,-0.00132704,-0.00132704,-0.00132704,-0.00132704,-0.00132704,-0.00132704
43.4515,0.523599,0.262829,0.716108,-0.00132704,-0.00132704,-0.00132704,-0.00132704,-0.00132704,-0.00132704
43.464,0.523599,0.239721,1.05795,-0.00132704,-0.00132704,-0.00132704,-0.00132704,-0.00132704,-0.00132704
43.4765,0.523599,0.216476,1.38474,-0.00132704,-0.00132704,-0.00132704,-0.00132704,-0.00132704,-0.00132704
43.489,0.523599,0.193108,1.69182,-0.00132704,-0.00132704,-0.00132704,-0.00132704,-0.00132704,-0.00132704
43.5015,0.523599,0.16963,1.97482,-0.00132704,-0.00132704,-0.00132704,-0.00132704,-0.00132704,-0.00132704
43.514,0.523599,0.146055,2.22971,-0.00132704,-0.00132704,-0.00132704,-0.00132704,-0.00132704,-0.00132704
43.5265,0.523599,0.122397,2.45287,-0.00132704,-0.00132704,-0.00132704,-0.00132704,-0.00132704,-0.00132704
43.539,0.523599,0.0986696,2.64111,-0.00132704,-0.00132704,-0.00132704,-0.00132704,-0.00132704,-0.00132704
43.5515,0.523599,0.0748856,2.79177,-0.00132704,-0.00132704,-0.00132704,-0.00132704,-0.00132704,-0.00132704
43.564,0.523599,0.0510588,2.90268,-0.00132704,-0.00132704,-0.00132704,-0.00132704,-0.00132704,-0.00132704
43.5765,0.523599,0.027203,2.97229,-0.00132704,-0.00132704,-0.00132704,-0.00132704,-0.00132704,-0.00132704
43.589,0.523599,0.00333163,2.99958,-0.00132704,-0.00132704,-0.00132704,-0.00132704,-0.00132704,-0.00132704
43.6015,0.523599,-0.0205416,2.98419,-0.00132704,-0.00132704,-0.00132704,-0.00132704,-0.00132704,-0.00132704
43.614,0.523599,-0.0444032,2.92632,-0.00132704,-0.00132704,-0.00132704,-0.00132704,-0.00132704,-0.00132704
43.6265,0.523599,-0.0682394,2.8268,-0.00132704,-0.00132704,-0.00132704,-0.00132704,-0.00132704,-0.00132704
43.639,0.523599,-0.0920367,2.68704,-0.00132704,-0.00132704,-0.00132704,-0.00132704,-0.00132704,-0.00132704
43.6515,0.523599,-0.115782,2.50904,-0.00132704,-0.00132704,-0.00132704,-0.00132704,-0.00132704,-0.00132704
43.664,0.523599,-0.13946,2.29533,-0.00132704,-0.00132704,-0.00132704,-0.00132704,-0.00132704,-0.00132704
43.6765,0.523599,-0.16306,2.04895,-0.00132704,-0.00132704,-0.00132704,-0.00132704,-0.00132704,-0.00132704
43.689,0.523599,-0.186566,1.77341,-0.00132704,-0.00132704,-0.00132704,-0.00132704,-0.00132704,-0.00132704
43.7015,0.523599,-0.209966,1.47262,-0.00132704,-0.00132704,-0.00132704,-0.00132704,-0.00132704,-0.00132704
43.714,0.523599,-0.233247,1.15088,-0.00132704,-0.00132704,-0.00132704,-0.00132704,-0.00132704,-0.00132704
43.7265,0.523599,-0.256394,0.812753,-0.00132704,-0.00132704,-0.00132704,-0.00132704,-0.00132704,-0.00132704
43.739,0.523599,-0.279396,0.463059,-0.00132704,-0.00132704,-0.00132704,-0.00132704,-0.00132704,-0.00132704
43.7515,0.523599,-0.302238,0.106775,-0.00132704,-0.00132704,-0.00132704,-0.00132704,-0.00132704,-0.00132704
43.764,0.523599,-0.324908,-0.251029,-0.00132704,-0.00132704,-0.00132704,-0.00132704,-0.00132704,-0.00132704
43.7765,0.523599,-0.347392,-0.60526,-0.00132704,-0.00132704,-0.00132704,-0.00132704,-0.00132704,-0.00132704
43.789,0.523599,-0.369679,-0.950877,-0.00132704,-0.00132704,-0.00132704,-0.00132704,-0.00132704,-0.00132704
43.8015,0.523599,-0.391755,-1.28296,-0.00132704,-0.00132704,-0.00132704,-0.00132704,-0.00132704,-0.00132704
43.814,0.523599,-0.413608,-1.59678,-0.00132704,-0.00132704,-0.00132704,-0.00132704,-0.00132704,-0.00132704
43.8265,0.523599,-0.435225,-1.88788,-0.00132704,-0.00132704,-0.00132704,-0.00132704,-0.00132704,-0.00132704
43.839,0.523599,-0.456593,-2.1521,-0.00132704,-0.00132704,-0.00132704,-0.00132704,-0.00132704,-0.00132704
43.8515,0.523599,-0.477702,-2.38569,-0.00132704,-0.00132704,-0.00132704,-0.00132704,-0.00132704,-0.00132704
43.864,0.523599,-0.498538,-2.58533,-0.00132704,-0.00132704,-0.00132704,-0.00132704,-0.00132704,-0.00132704
43.8765,0.523599,-0.51909,-2.74817,-0.00132704,-0.00132704,-0.00132704,-0.00132704,-0.00132704,-0.00132704
43.889,0.523599,-0.539347,-2.8719,-0.00132704,-0.00132704,-0.00132704,-0.00132704,-0.00132704,-0.00132704
43.9015,0.523599,-0.559296,-2.95475,-0.00132704,-0.00132704,-0.00132704,-0.00132704,-0.00132704,-0.00132704
43.914,0.523599,-0.578926,-2.99554,-0.00132704,-0.00132704,-0.00132704,-0.00132704,-0.00132704,-0.00132704
43.9265,0.523599,-0.598226,-2.9937,-0.00132704,-0.00132704,-0.00132704,-0.00132704,-0.00132704,-0.00132704
43.939,0.523599,-0.617185,-2.94925,-0.00132704,-0.00132704,-0.00132704,-0.00132704,-0.00132704,-0.00132704
43.9515,0.523599,-0.635792,-2.86282,-0.00132704,-0.00132704,-0.00132704,-0.00132704,-0.00132704,-0.00132704
43.964,0.523599,-0.654037,-2.73564,-0.00132704,-0.00132704,-0.00132704,-0.00132704,-0.00132704,-0.00132704
43.9765,0.523599,-0.67191,-2.56953,-0.00132704,-0.00132704,-0.00132704,-0.00132704,-0.00132704,-0.00132704
43.989,0.523599,-0.689399,-2.36684,-0.00132704,-0.00132704,-0.00132704,-0.00132704,-0.00132704,-0.00132704
44.0015,0.523599,-0.706495,-2.13047,-0.00132704,-0.00132704,-0.00132704,-0.00132704,-0.00132704,-0.00132704
44.014,0.523599,-0.723189,-1.86378,-0.00132704,-0.00132704,-0.00132704,-0.00132704,-0.00132704,-0.00132704
44.0265,0.523599,-0.73947,-1.57055,-0.00132704,-0.00132704,-0.00132704,-0.00132704,-0.00132704,-0.00132704
44.039,0.523599,-0.75533,-1.25498,-0.00132704,-0.00132704,-0.00132704,-0.00132704,-0.00132704,-0.00132704
44.0515,0.523599,-0.770759,-0.921539,-0.00132704,-0.00132704,-0.00132704,-0.00132704,-0.00132704,-0.00132704
44.064,0.523599,-0.785749,-0.574984,-0.00132704,-0.00132704,-0.00132704,-0.00132704,-0.00132704,-0.00132704
44.0765,0.523599,-0.800292,-0.220244,-0.00132704,-0.00132704,-0.00132704,-0.00132704,-0.00132704,-0.00132704
44.089,0.523599,-0.814378,0.137629,-0.00132704,-0.00132704,-0.00132704,-0.00132704,-0.00132704,-0.00132704
44.1015,0.523599,-0.828,0.493544,-0.00132704,-0.00132704,-0.00132704,-0.00132704,-0.00132704,-0.00132704
44.114,0.523599,-0.84115,0.842435,-0.00132704,-0.00132704,-0.00132704,-0.00132704,-0.00132704,-0.00132704
44.1265,0.523599,-0.85382,1.17933,-0.00132704,-0.00132704,-0.00132704,-0.00132704,-0.00132704,-0.00132704
44.139,0.523599,-0.866004,1.49945,-0.00132704,-0.00132704,-0.00132704,-0.00132704,-0.00132704,-0.00132704
44.1515,0.523599,-0.877694,1.79822,-0.00132704,-0.00132704,-0.00132704,-0.00132704,-0.00132704,-0.00132704
44.164,0.523599,-0.888884,2.0714,-0.00132704,-0.00132704,-0.00132704,-0.00132704,-0.00132704,-0.00132704
44.1765,0.523599,-0.899568,2.31509,-0.00132704,-0.00132704,-0.00132704,-0.00132704,-0.00132704,-0.00132704
44.189,0.523599,-0.909739,2.52584,-0.00132704,-0.00132704,-0.00132704,-0.00132704,-0.00132704,-0.00132704
44.2015,0.523599,-0.919391,2.70063,-0.00132704,-0.00132704,-0.00132704,-0.00132704,-0.00132704,-0.00132704
44.214,0.523599,-0.928519,2.83699,-0.00132704,-0.00132704,-0.00132704,-0.00132704,-0.00132704,-0.00132704
44.2265,0.523599,-0.937118,2.93297,-0.00132704,-0.00132704,-0.00132704,-0.00132704,-0.00132704,-0.00132704
44.239,0.523599,-0.945182,2.9872,-0.00132704,-0.00132704,-0.00132704,-0.00132704,-0.00132704,-0.00132704
44.2515,0.523599,-0.952708,2.99891,-0.00132704,-0.00132704,-0.00132704,-0.00132704,-0.00132704,-0.00132704
44.264,0.523599,-0.959691,2.96794,-0.00132704,-0.00132704,-0.00132704,-0.00132704,-0.00132704,-0.00132704
44.2766,0.523599,-0.966127,2.89473,-0.00132704,-0.00132704,-0.00132704,-0.00132704,-0.00132704,-0.00132704
44.2891,0.523599,-0.972013,2.78031,-0.00132704,-0.00132704,-0.00132704,-0.00132704,-0.00132704,-0.00132704
44.3016,0.523599,-0.977344,2.62633,-0.00132704,-0.00132704,-0.00132704,-0.00132704,-0.00132704,-0.00132704
44.3141,0.523599,-0.982118,2.43496,-0.00132704,-0.00132704,-0.00132704,-0.00132704,-0.00132704,-0.00132704
44.3266,0.523599,-0.986333,2.20894,-0.00132704,-0.00132704,-0.00132704,-0.00132704,-0.00132704,-0.00132704
44.3391,0.523599,-0.989985,1.95147,-0.00132704,-0.00132704,-0.00132704,-0.00132704,-0.00132704,-0.00132704
44.3516,0.523599,-0.993073,1.66623,-0.00132704,-0.00132704,-0.00132704,-0.00132704,-0.00132704,-0.00132704
44.3641,0.523599,-0.995595,1.35728,-0.00132704,-0.00132704,-0.00132704,-0.00132704,-0.00132704,-0.00132704
44.3766,0.523599,-0.997549,1.029,-0.00132704,-0.00132704,-0.00132704,-0.00132704,-0.00132704,-0.00132704
44.3891,0.523599,-0.998935,0.686083,-0.00132704,-0.00132704,-0.00132704,-0.00132704,-0.00132704,-0.00132704
44.4016,0.523599,-0.999752,0.333398,-0.00132704,-0.00132704,-0.00132704,-0.00132704,-0.00132704,-0.00132704
44.4141,0.523599,-0.999999,-0.0240319,-0.00132704,-0.00132704,-0.00132704,-0.00132704,-0.00132704,-0.00132704
44.4266,0.523599,-0.999676,-0.38112,-0.00132704,-0.00132704,-0.00132704,-0.00132704,-0.00132704,-0.00132704
44.4391,0.523599,-0.998782,-0.732783,-0.00132704,-0.00132704,-0.00132704,-0.00132704,-0.00132704,-0.00132704
44.4516,0.523599,-0.99732,-1.07402,-0.00132704,-0.00132704,-0.00132704,-0.00132704,-0.00132704,-0.00132704
44.4641,0.523599,-0.995289,-1.39996,-0.00132704,-0.00132704,-0.00132704,-0.00132704,-0.00132704,-0.00132704
44.4766,0.523599,-0.992691,-1.70599,-0.00132704,-0.00132704,-0.00132704,-0.00132704,-0.00132704,-0.00132704
44.4891,0.523599,-0.989528,-1.98773,-0.00132704,-0.00132704,-0.00132704,-0.00132704,-0.00132704,-0.00132704
44.5016,0.523599,-0.9858,-2.24117,-0.00132704,-0.00132704,-0.00132704,-0.00132704,-0.00132704,-0.00132704
44.5141,0.523599,-0.98151,-2.46272,-0.00132704,-0.00132704,-0.00132704,-0.00132704,-0.00132704,-0.00132704
44.5266,0.523599,-0.976661,-2.64922,-0.00132704,-0.00132704,-0.00132704,-0.00132704,-0.00132704,-0.00132704
44.5391,0.523599,-0.971255,-2.79801,-0.00132704,-0.00132704,-0.00132704,-0.00132704,-0.00132704,-0.00132704
44.5516,0.523599,-0.965295,-2.90698,-0.00132704,-0.00132704,-0.00132704,-0.00132704,-0.00132704,-0.00132704
44.5641,0.523599,-0.958786,-2.97457,-0.00132704,-0.00132704,-0.00132704,-0.00132704,-0.00132704,-0.00132704
44.5766,0.523599,-0.95173,-2.99982,-0.00132704,-0.00132704,-0.00132704,-0.00132704,-0.00132704,-0.00132704
44.5891,0.523599,-0.944131,-2.98238,-0.00132704,-0.00132704,-0.00132704,-0.00132704,-0.00132704,-0.00132704
44.6016,0.523599,-0.935995,-2.92249,-0.00132704,-0.00132704,-0.00132704,-0.00132704,-0.00132704,-0.00132704
44.6141,0.523599,-0.927324,-2.821,-0.00132704,-0.00132704,-0.00132704,-0.00132704,-0.00132704,-0.00132704
44.6266,0.523599,-0.918126,-2.67936,-0.00132704,-0.00132704,-0.00132704,-0.00132704,-0.00132704,-0.00132704
44.6391,0.523599,-0.908404,-2.49958,-0.00132704,-0.00132704,-0.00132704,-0.00132704,-0.00132704,-0.00132704
44.6516,0.523599,-0.898164,-2.28423,-0.00132704,-0.00132704,-0.00132704,-0.00132704,-0.00132704,-0.00132704
44.6641,0.523599,-0.887412,-2.03637,-0.00132704,-0.00132704,-0.00132704,-0.00132704,-0.00132704,-0.00132704
44.6766,0.523599,-0.876154,-1.75952,-0.00132704,-0.00132704,-0.00132704,-0.00132704,-0.00132704,-0.00132704
44.6891,0.523599,-0.864397,-1.45763,-0.00132704,-0.00132704,-0.00132704,-0.00132704,-0.00132704,-0.00132704
44.7016,0.523599,-0.852148,-1.13499,-0.00132704,-0.00132704,-0.00132704,-0.00132704,-0.00132704,-0.00132704
44.7141,0.523599,-0.839413,-0.796198,-0.00132704,-0.00132704,-0.00132704,-0.00132704,-0.00132704,-0.00132704
44.7266,0.523599,-0.826199,-0.446074,-0.00132704,-0.00132704,-0.00132704,-0.00132704,-0.00132704,-0.00132704
44.7391,0.523599,-0.812514,-0.0896,-0.00132704,-0.00132704,-0.00132704,-0.00132704,-0.00132704,-0.00132704
44.7516,0.523599,-0.798366,0.268149,-0.00132704,-0.00132704,-0.00132704,-0.00132704,-0.00132704,-0.00132704
44.7641,0.523599,-0.783763,0.622081,-0.00132704,-0.00132704,-0.00132704,-0.00132704,-0.00132704,-0.00132704
44.7766,0.523599,-0.768714,0.967159,-0.00132704,-0.00132704,-0.00132704,-0.00132704,-0.00132704,-0.00132704
44.7891,0.523599,-0.753226,1.29847,-0.00132704,-0.00132704,-0.00132704,-0.00132704,-0.00132704,-0.00132704
44.8016,0.523599,-0.737309,1.6113,-0.00132704,-0.00132704,-0.00132704,-0.00132704,-0.00132704,-0.00132704
44.8141,0.523599,-0.720972,1.9012,-0.00132704,-0.00132704,-0.00132704,-0.00132704,-0.00132704,-0.00132704
44.8266,0.523599,-0.704224,2.16404,-0.00132704,-0.00132704,-0.00132704,-0.00132704,-0.00132704,-0.00132704
44.8391,0.523599,-0.687074,2.39607,-0.00132704,-0.00132704,-0.00132704,-0.00132704,-0.00132704,-0.00132704
44.8516,0.523599,-0.669533,2.59401,-0.00132704,-0.00132704,-0.00132704,-0.00132704,-0.00132704,-0.00132704
44.8641,0.523599,-0.65161,2.75502,-0.00132704,-0.00132704,-0.00132704,-0.00132704,-0.00132704,-0.00132704
44.8766,0.523599,-0.633316,2.87682,-0.00132704,-0.00132704,-0.00132704,-0.00132704,-0.00132704,-0.00132704
44.8891,0.523599,-0.614661,2.95767,-0.00132704,-0.00132704,-0.00132704,-0.00132704,-0.00132704,-0.00132704
44.9016,0.523599,-0.595655,2.99643,-0.00132704,-0.00132704,-0.00132704,-0.00132704,-0.00132704,-0.00132704
44.9141,0.523599,-0.57631,2.99253,-0.00132704,-0.00132704,-0.00132704,-0.00132704,-0.00132704,-0.00132704
44.9266,0.523599,-0.556637,2.94605,-0.00132704,-0.00132704,-0.00132704,-0.00132704,-0.00132704,-0.00132704
44.9391,0.523599,-0.536646,2.85763,-0.00132704,-0.00132704,-0.00132704,-0.00132704,-0.00132704,-0.00132704
44.9516,0.523599,-0.516349,2.72854,-0.00132704,-0.00132704,-0.00132704,-0.00132704,-0.00132704,-0.00132704
44.9641,0.523599,-0.495758,2.56062,-0.00132704,-0.00132704,-0.00132704,-0.00132704,-0.00132704,-0.00132704
44.9766,0.523599,-0.474884,2.35625,-0.00132704,-0.00132704,-0.00132704,-0.00132704,-0.00132704,-0.00132704
44.9891,0.523599,-0.45374,2.11834,-0.00132704,-0.00132704,-0.00132704,-0.00132704,-0.00132704,-0.00132704
45.0016,0.523599,-0.432337,1.85028,-0.00132704,-0.00132704,-0.00132704,-0.00132704,-0.00132704,-0.00132704
45.0141,0.523599,-0.410688,1.55589,-0.00132704,-0.00132704,-0.00132704,-0.00132704,-0.00132704,-0.00132704
45.0266,0.523599,-0.388805,1.23935,-0.00132704,-0.00132704,-0.00132704,-0.00132704,-0.00132704,-0.00132704
45.0391,0.523599,-0.3667,0.905171,-0.00132704,-0.00132704,-0.00132704,-0.00132704,-0.00132704,-0.00132704
45.0516,0.523599,-0.344386,0.558109,-0.00132704,-0.00132704,-0.00132704,-0.00132704,-0.00132704,-0.00132704
45.0641,0.523599,-0.321876,0.203103,-0.00132704,-0.00132704,-0.00132704,-0.00132704,-0.00132704,-0.00132704
45.0766,0.523599,-0.299182,-0.154793,-0.00132704,-0.00132704,-0.00132704,-0.00132704,-0.00132704,-0.00132704
45.0891,0.523599,-0.276318,-0.510486,-0.00132704,-0.00132704,-0.00132704,-0.00132704,-0.00132704,-0.00132704
45.1016,0.523599,-0.253296,-0.858913,-0.00132704,-0.00132704,-0.00132704,-0.00132704,-0.00132704,-0.00132704
45.1141,0.523599,-0.23013,-1.19512,-0.00132704,-0.00132704,-0.00132704,-0.00132704,-0.00132704,-0.00132704
45.1266,0.523599,-0.206833,-1.51431,-0.00132704,-0.00132704,-0.00132704,-0.00132704,-0.00132704,-0.00132704
45.1391,0.523599,-0.183417,-1.81195,-0.00132704,-0.00132704,-0.00132704,-0.00132704,-0.00132704,-0.00132704
45.1516,0.523599,-0.159898,-2.0838,-0.00132704,-0.00132704,-0.00132704,-0.00132704,-0.00132704,-0.00132704
45.1641,0.523599,-0.136287,-2.32599,-0.00132704,-0.00132704,-0.00132704,-0.00132704,-0.00132704,-0.00132704
45.1766,0.523599,-0.112598,-2.53507,-0.00132704,-0.00132704,-0.00132704,-0.00132704,-0.00132704,-0.00132704
45.1891,0.523599,-0.0888456,-2.70807,-0.00132704,-0.00132704,-0.00132704,-0.00132704,-0.00132704,-0.00132704
45.2016,0.523599,-0.0650422,-2.84253,-0.00132704,-0.00132704,-0.00132704,-0.00132704,-0.00132704,-0.00132704
45.2141,0.523599,-0.0412018,-2.93653,-0.00132704,-0.00132704,-0.00132704,-0.00132704,-0.00132704,-0.00132704
45.2266,0.523599,-0.0173379,-2.98873,-0.00132704,-0.00132704,-0.00132704,-0.00132704,-0.00132704,-0.00132704
45.2391,0.523599,0.00653588,-2.9984,-0.00132704,-0.00132704,-0.00132704,-0.00132704,-0.00132704,-0.00132704
45.2516,0.523599,0.0304059,-2.96539,-0.00132704,-0.00132704,-0.00132704,-0.00132704,-0.00132704,-0.00132704
45.2641,0.523599,0.0542587,-2.89017,-0.00132704,-0.00132704,-0.00132704,-0.00132704,-0.00132704,-0.00132704
45.2766,0.523599,0.0780805,-2.77381,-0.00132704,-0.00132704,-0.00132704,-0.00132704,-0.00132704,-0.00132704
45.2891,0.523599,0.101858,-2.61798,-0.00132704,-0.00132704,-0.00132704,-0.00132704,-0.00132704,-0.00132704
45.3016,0.523599,0.125577,-2.42488,-0.00132704,-0.00132704,-0.00132704,-0.00132704,-0.00132704,-0.00132704
45.3141,0.523599,0.149225,-2.19727,-0.00132704,-0.00132704,-0.00132704,-0.00132704,-0.00132704,-0.00132704
45.3266,0.523599,0.172787,-1.93839,-0.00132704,-0.00132704,-0.00132704,-0.00132704,-0.00132704,-0.00132704
45.3391,0.523599,0.196251,-1.65192,-0.00132704,-0.00132704,-0.00132704,-0.00132704,-0.00132704,-0.00132704
45.3516,0.523599,0.219604,-1.34193,-0.00132704,-0.00132704,-0.00132704,-0.00132704,-0.00132704,-0.00132704
45.3641,0.523599,0.242831,-1.01284,-0.00132704,-0.00132704,-0.00132704,-0.00132704,-0.00132704,-0.00132704
45.3766,0.523599,0.265919,-0.669343,-0.00132704,-0.00132704,-0.00132704,-0.00132704,-0.00132704,-0.00132704
45.3891,0.523599,0.288857,-0.316315,-0.00132704,-0.00132704,-0.00132704,-0.00132704,-0.00132704,-0.00132704
45.4016,0.523599,0.311629,0.0412148,-0.00132704,-0.00132704,-0.00132704,-0.00132704,-0.00132704,-0.00132704
45.4141,0.523599,0.334224,0.398158,-0.00132704,-0.00132704,-0.00132704,-0.00132704,-0.00132704,-0.00132704
45.4266,0.523599,0.356628,0.749435,-0.00132704,-0.00132704,-0.00132704,-0.00132704,-0.00132704,-0.00132704
45.4391,0.523599,0.378829,1.09004,-0.00132704,-0.00132704,-0.00132704,-0.00132704,-0.00132704,-0.00132704
45.4516,0.523599,0.400815,1.41514,-0.00132704,-0.00132704,-0.00132704,-0.00132704,-0.00132704,-0.00132704
45.4641,0.523599,0.422571,1.72009,-0.00132704,-0.00132704,-0.00132704,-0.00132704,-0.00132704,-0.00132704
45.4766,0.523599,0.444087,2.00056,-0.00132704,-0.00132704,-0.00132704,-0.00132704,-0.00132704,-0.00132704
45.4891,0.523599,0.46535,2.25256,-0.00132704,-0.00132704,-0.00132704,-0.00132704,-0.00132704,-0.00132704
45.5016,0.523599,0.486347,2.4725,-0.00132704,-0.00132704,-0.00132704,-0.00132704,-0.00132704,-0.00132704
45.5141,0.523599,0.507068,2.65724,-0.00132704,-0.00132704,-0.00132704,-0.00132704,-0.00132704,-0.00132704
45.5266,0.523599,0.527499,2.80416,-0.00132704,-0.00132704,-0.00132704,-0.00132704,-0.00132704,-0.00132704
45.5391,0.523599,0.54763,2.91118,-0.00132704,-0.00132704,-0.00132704,-0.00132704,-0.00132704,-0.00132704
45.5516,0.523599,0.567448,2.97675,-0.00132704,-0.00132704,-0.00132704,-0.00132704,-0.00132704,-0.00132704
45.5641,0.523599,0.586943,2.99996,-0.00132704,-0.00132704,-0.00132704,-0.00132704,-0.00132704,-0.00132704
45.5766,0.523599,0.606104,2.98047,-0.00132704,-0.00132704,-0.00132704,-0.00132704,-0.00132704,-0.00132704
45.5891,0.523599,0.624919,2.91856,-0.00132704,-0.00132704,-0.00132704,-0.00132704,-0.00132704,-0.00132704
45.6016,0.523599,0.643378,2.8151,-0.00132704,-0.00132704,-0.00132704,-0.00132704,-0.00132704,-0.00132704
45.6141,0.523599,0.66147,2.67158,-0.00132704,-0.00132704,-0.00132704,-0.00132704,-0.00132704,-0.00132704
45.6266,0.523599,0.679185,2.49004,-0.00132704,-0.00132704,-0.00132704,-0.00132704,-0.00132704,-0.00132704
45.6391,0.523599,0.696513,2.27305,-0.00132704,-0.00132704,-0.00132704,-0.00132704,-0.00132704,-0.00132704
45.6516,0.523599,0.713444,2.02371,-0.00132704,-0.00132704,-0.00132704,-0.00132704,-0.00132704,-0.00132704
45.6641,0.523599,0.729968,1.74557,-0.00132704,-0.00132704,-0.00132704,-0.00132704,-0.00132704,-0.00132704
45.6766,0.523599,0.746077,1.44258,-0.00132704,-0.00132704,-0.00132704,-0.00132704,-0.00132704,-0.00132704
45.6891,0.523599,0.76176,1.11907,-0.00132704,-0.00132704,-0.00132704,-0.00132704,-0.00132704,-0.00132704
45.7016,0.523599,0.777009,0.779617,-0.00132704,-0.00132704,-0.00132704,-0.00132704,-0.00132704,-0.00132704
45.7141,0.523599,0.791815,0.429073,-0.00132704,-0.00132704,-0.00132704,-0.00132704,-0.00132704,-0.00132704
45.7266,0.523599,0.806169,0.0724224,-0.00132704,-0.00132704,-0.00132704,-0.00132704,-0.00132704,-0.00132704
45.7391,0.523599,0.820065,-0.285259,-0.00132704,-0.00132704,-0.00132704,-0.00132704,-0.00132704,-0.00132704
45.7516,0.523599,0.833492,-0.638881,-0.00132704,-0.00132704,-0.00132704,-0.00132704,-0.00132704,-0.00132704
45.7641,0.523599,0.846445,-0.98341,-0.00132704,-0.00132704,-0.00132704,-0.00132704,-0.00132704,-0.00132704
45.7766,0.523599,0.858915,-1.31394,-0.00132704,-0.00132704,-0.00132704,-0.00132704,-0.00132704,-0.00132704
45.7891,0.523599,0.870896,-1.62577,-0.00132704,-0.00132704,-0.00132704,-0.00132704,-0.00132704,-0.00132704
45.8016,0.523599,0.88238,-1.91446,-0.00132704,-0.00132704,-0.00132704,-0.00132704,-0.00132704,-0.00132704
45.8141,0.523599,0.893362,-2.1759,-0.00132704,-0.00132704,-0.00132704,-0.00132704,-0.00132704,-0.00132704
45.8266,0.523599,0.903834,-2.40637,-0.00132704,-0.00132704,-0.00132704,-0.00132704,-0.00132704,-0.00132704
45.8391,0.523599,0.913791,-2.6026,-0.00132704,-0.00132704,-0.00132704,-0.00132704,-0.00132704,-0.00132704
45.8516,0.523599,0.923227,-2.76177,-0.00132704,-0.00132704,-0.00132704,-0.00132704,-0.00132704,-0.00132704
45.8641,0.523599,0.932137,-2.88164,-0.00132704,-0.00132704,-0.00132704,-0.00132704,-0.00132704,-0.00132704
45.8766,0.523599,0.940516,-2.9605,-0.00132704,-0.00132704,-0.00132704,-0.00132704,-0.00132704,-0.00132704
45.8891,0.523599,0.948358,-2.99722,-0.00132704,-0.00132704,-0.00132704,-0.00132704,-0.00132704,-0.00132704
45.9016,0.523599,0.955661,-2.99127,-0.00132704,-0.00132704,-0.00132704,-0.00132704,-0.00132704,-0.00132704
45.9142,0.523599,0.962418,-2.94276,-0.00132704,-0.00132704,-0.00132704,-0.00132704,-0.00132704,-0.00132704
45.9267,0.523599,0.968627,-2.85236,-0.00132704,-0.00132704,-0.00132704,-0.00132704,-0.00132704,-0.00132704
45.9392,0.523599,0.974284,-2.72136,-0.00132704,-0.00132704,-0.00132704,-0.00132704,-0.00132704,-0.00132704
45.9517,0.523599,0.979385,-2.55162,-0.00132704,-0.00132704,-0.00132704,-0.00132704,-0.00132704,-0.00132704
45.9642,0.523599,0.983928,-2.34557,-0.00132704,-0.00132704,-0.00132704,-0.00132704,-0.00132704,-0.00132704
45.9767,0.523599,0.987911,-2.10614,-0.00132704,-0.00132704,-0.00132704,-0.00132704,-0.00132704,-0.00132704
45.9892,0.523599,0.99133,-1.83672,-0.00132704,-0.00132704,-0.00132704,-0.00132704,-0.00132704,-0.00132704
46.0017,0.523599,0.994184,-1.54117,-0.00132704,-0.00132704,-0.00132704,-0.00132704,-0.00132704,-0.00132704
46.0142,0.523599,0.996472,-1.22368,-0.00132704,-0.00132704,-0.00132704,-0.00132704,-0.00132704,-0.00132704
46.0267,0.523599,0.998191,-0.888773,-0.00132704,-0.00132704,-0.00132704,-0.00132704,-0.00132704,-0.00132704
46.0392,0.523599,0.999342,-0.541216,-0.00132704,-0.00132704,-0.00132704,-0.00132704,-0.00132704,-0.00132704
46.0517,0.523599,0.999923,-0.185956,-0.00132704,-0.00132704,-0.00132704,-0.00132704,-0.00132704,-0.00132704
46.0642,0.523599,0.999934,0.171951,-0.00132704,-0.00132704,-0.00132704,-0.00132704,-0.00132704,-0.00132704
46.0767,0.523599,0.999375,0.527411,-0.00132704,-0.00132704,-0.00132704,-0.00132704,-0.00132704,-0.00132704
46.0892,0.523599,0.998247,0.875364,-0.00132704,-0.00132704,-0.00132704,-0.00132704,-0.00132704,-0.00132704
46.1017,0.523599,0.99655,1.21086,-0.00132704,-0.00132704,-0.00132704,-0.00132704,-0.00132704,-0.00132704
46.1142,0.523599,0.994284,1.52912,-0.00132704,-0.00132704,-0.00132704,-0.00132704,-0.00132704,-0.00132704
46.1267,0.523599,0.991452,1.82561,-0.00132704,-0.00132704,-0.00132704,-0.00132704,-0.00132704,-0.00132704
46.1392,0.523599,0.988055,2.09612,-0.00132704,-0.00132704,-0.00132704,-0.00132704,-0.00132704,-0.00132704
46.1517,0.523599,0.984095,2.3368,-0.00132704,-0.00132704,-0.00132704,-0.00132704,-0.00132704,-0.00132704
46.1642,0.523599,0.979573,2.54422,-0.00132704,-0.00132704,-0.00132704,-0.00132704,-0.00132704,-0.00132704
46.1767,0.523599,0.974494,2.71542,-0.00132704,-0.00132704,-0.00132704,-0.00132704,-0.00132704,-0.00132704
46.1892,0.523599,0.968859,2.84798,-0.00132704,-0.00132704,-0.00132704,-0.00132704,-0.00132704,-0.00132704
46.2017,0.523599,0.962672,2.94,-0.00132704,-0.00132704,-0.00132704,-0.00132704,-0.00132704,-0.00132704
46.2142,0.523599,0.955936,2.99017,-0.00132704,-0.00132704,-0.00132704,-0.00132704,-0.00132704,-0.00132704
46.2267,0.523599,0.948655,2.99779,-0.00132704,-0.00132704,-0.00132704,-0.00132704,-0.00132704,-0.00132704
46.2392,0.523599,0.940833,2.96274,-0.00132704,-0.00132704,-0.00132704,-0.00132704,-0.00132704,-0.00132704
46.2517,0.523599,0.932475,2.88551,-0.00132704,-0.00132704,-0.00132704,-0.00132704,-0.00132704,-0.00132704
46.2642,0.523599,0.923586,2.76722,-0.00132704,-0.00132704,-0.00132704,-0.00132704,-0.00132704,-0.00132704
46.2767,0.523599,0.914171,2.60954,-0.00132704,-0.00132704,-0.00132704,-0.00132704,-0.00132704,-0.00132704
46.2892,0.523599,0.904234,2.41473,-0.00132704,-0.00132704,-0.00132704,-0.00132704,-0.00132704,-0.00132704
46.3017,0.523599,0.893782,2.18554,-0.00132704,-0.00132704,-0.00132704,-0.00132704,-0.00132704,-0.00132704
46.3142,0.523599,0.88282,1.92524,-0.00132704,-0.00132704,-0.00132704,-0.00132704,-0.00132704,-0.00132704
46.3267,0.523599,0.871355,1.63754,-0.00132704,-0.00132704,-0.00132704,-0.00132704,-0.00132704,-0.00132704
46.3392,0.523599,0.859394,1.32654,-0.00132704,-0.00132704,-0.00132704,-0.00132704,-0.00132704,-0.00132704
46.3517,0.523599,0.846943,0.996653,-0.00132704,-0.00132704,-0.00132704,-0.00132704,-0.00132704,-0.00132704
46.3642,0.523599,0.834009,0.652582,-0.00132704,-0.00132704,-0.00132704,-0.00132704,-0.00132704,-0.00132704
46.3767,0.523599,0.820599,0.299222,-0.00132704,-0.00132704,-0.00132704,-0.00132704,-0.00132704,-0.00132704
46.3892,0.523599,0.806722,-0.0583963,-0.00132704,-0.00132704,-0.00132704,-0.00132704,-0.00132704,-0.00132704
46.4017,0.523599,0.792386,-0.415184,-0.00132704,-0.00132704,-0.00132704,-0.00132704,-0.00132704,-0.00132704
46.4142,0.523599,0.777597,-0.766061,-0.00132704,-0.00132704,-0.00132704,-0.00132704,-0.00132704,-0.00132704
46.4267,0.523599,0.762365,-1.10604,-0.00132704,-0.00132704,-0.00132704,-0.00132704,-0.00132704,-0.00132704
46.4392,0.523599,0.746699,-1.43027,-0.00132704,-0.00132704,-0.00132704,-0.00132704,-0.00132704,-0.00132704
46.4517,0.523599,0.730607,-1.73414,-0.00132704,-0.00132704,-0.00132704,-0.00132704,-0.00132704,-0.00132704
46.4642,0.523599,0.714099,-2.01334,-0.00132704,-0.00132704,-0.00132704,-0.00132704,-0.00132704,-0.00132704
46.4767,0.523599,0.697184,-2.26387,-0.00132704,-0.00132704,-0.00132704,-0.00132704,-0.00132704,-0.00132704
46.4892,0.523599,0.679871,-2.48219,-0.00132704,-0.00132704,-0.00132704,-0.00132704,-0.00132704,-0.00132704
46.5017,0.523599,0.662171,-2.66517,-0.00132704,-0.00132704,-0.00132704,-0.00132704,-0.00132704,-0.00132704
46.5142,0.523599,0.644093,-2.81022,-0.00132704,-0.00132704,-0.00132704,-0.00132704,-0.00132704,-0.00132704
46.5267,0.523599,0.625649,-2.91528,-0.00132704,-0.00132704,-0.00132704,-0.00132704,-0.00132704,-0.00132704
46.5392,0.523599,0.606847,-2.97884,-0.00132704,-0.00132704,-0.00132704,-0.00132704,-0.00132704,-0.00132704
46.5517,0.523599,0.5877,-3,-0.00132704,-0.00132704,-0.00132704,-0.00132704,-0.00132704,-0.00132704
46.5642,0.523599,0.568218,-2.97846,-0.00132704,-0.00132704,-0.00132704,-0.00132704,-0.00132704,-0.00132704
46.5767,0.523599,0.548412,-2.91453,-0.00132704,-0.00132704,-0.00132704,-0.00132704,-0.00132704,-0.00132704
46.5892,0.523599,0.528293,-2.80912,-0.00132704,-0.00132704,-0.00132704,-0.00132704,-0.00132704,-0.00132704
46.6017,0.523599,0.507874,-2.66372,-0.00132704,-0.00132704,-0.00132704,-0.00132704,-0.00132704,-0.00132704
46.6142,0.523599,0.487164,-2.48041,-0.00132704,-0.00132704,-0.00132704,-0.00132704,-0.00132704,-0.00132704
46.6267,0.523599,0.466178,-2.2618,-0.00132704,-0.00132704,-0.00132704,-0.00132704,-0.00132704,-0.00132704
46.6392,0.523599,0.444925,-2.011,-0.00132704,-0.00132704,-0.00132704,-0.00132704,-0.00132704,-0.00132704
46.6517,0.523599,0.423419,-1.73157,-0.00132704,-0.00132704,-0.00132704,-0.00132704,-0.00132704,-0.00132704
46.6642,0.523599,0.401671,-1.42749,-0.00132704,-0.00132704,-0.00132704,-0.00132704,-0.00132704,-0.00132704
46.6767,0.523599,0.379695,-1.1031,-0.00132704,-0.00132704,-0.00132704,-0.00132704,-0.00132704,-0.00132704
46.6892,0.523599,0.357502,-0.763011,-0.00132704,-0.00132704,-0.00132704,-0.00132704,-0.00132704,-0.00132704
46.7017,0.523599,0.335105,-0.412059,-0.00132704,-0.00132704,-0.00132704,-0.00132704,-0.00132704,-0.00132704
46.7142,0.523599,0.312518,-0.0552424,-0.00132704,-0.00132704,-0.00132704,-0.00132704,-0.00132704,-0.00132704
46.7267,0.523599,0.289752,0.302361,-0.00132704,-0.00132704,-0.00132704,-0.00132704,-0.00132704,-0.00132704
46.7392,0.523599,0.266821,0.65566,-0.00132704,-0.00132704,-0.00132704,-0.00132704,-0.00132704,-0.00132704
46.7517,0.523599,0.243738,0.999628,-0.00132704,-0.00132704,-0.00132704,-0.00132704,-0.00132704,-0.00132704
46.7642,0.523599,0.220516,1.32937,-0.00132704,-0.00132704,-0.00132704,-0.00132704,-0.00132704,-0.00132704
46.7767,0.523599,0.197168,1.64019,-0.00132704,-0.00132704,-0.00132704,-0.00132704,-0.00132704,-0.00132704
46.7892,0.523599,0.173708,1.92766,-0.00132704,-0.00132704,-0.00132704,-0.00132704,-0.00132704,-0.00132704
46.8017,0.523599,0.150149,2.1877,-0.00132704,-0.00132704,-0.00132704,-0.00132704,-0.00132704,-0.00132704
46.8142,0.523599,0.126505,2.4166,-0.00132704,-0.00132704,-0.00132704,-0.00132704,-0.00132704,-0.00132704
46.8267,0.523599,0.102788,2.6111,-0.00132704,-0.00132704,-0.00132704,-0.00132704,-0.00132704,-0.00132704
46.8392,0.523599,0.0790129,2.76844,-0.00132704,-0.00132704,-0.00132704,-0.00132704,-0.00132704,-0.00132704
46.8517,0.523599,0.0551926,2.88638,-0.00132704,-0.00132704,-0.00132704,-0.00132704,-0.00132704,-0.00132704
46.8642,0.523599,0.0313408,2.96323,-0.00132704,-0.00132704,-0.00132704,-0.00132704,-0.00132704,-0.00132704
46.8767,0.523599,0.00747115,2.99791,-0.00132704,-0.00132704,-0.00132704,-0.00132704,-0.00132704,-0.00132704
46.8892,0.523599,-0.0164027,2.98992,-0.00132704,-0.00132704,-0.00132704,-0.00132704,-0.00132704,-0.00132704
46.9017,0.523599,-0.0402673,2.93937,-0.00132704,-0.00132704,-0.00132704,-0.00132704,-0.00132704,-0.00132704
46.9142,0.523599,-0.0641089,2.84698,-0.00132704,-0.00132704,-0.00132704,-0.00132704,-0.00132704,-0.00132704
46.9267,0.523599,-0.0879139,2.71408,-0.00132704,-0.00132704,-0.00132704,-0.00132704,-0.00132704,-0.00132704
46.9392,0.523599,-0.111669,2.54254,-0.00132704,-0.00132704,-0.00132704,-0.00132704,-0.00132704,-0.00132704
46.9517,0.523599,-0.13536,2.33482,-0.00132704,-0.00132704,-0.00132704,-0.00132704,-0.00132704,-0.00132704
46.9642,0.523599,-0.158974,2.09387,-0.00132704,-0.00132704,-0.00132704,-0.00132704,-0.00132704,-0.00132704
46.9767,0.523599,-0.182498,1.82311,-0.00132704,-0.00132704,-0.00132704,-0.00132704,-0.00132704,-0.00132704
46.9892,0.523599,-0.205917,1.5264,-0.00132704,-0.00132704,-0.00132704,-0.00132704,-0.00132704,-0.00132704
47.0017,0.523599,-0.22922,1.20797,-0.00132704,-0.00132704,-0.00132704,-0.00132704,-0.00132704,-0.00132704
47.0142,0.523599,-0.252391,0.872346,-0.00132704,-0.00132704,-0.00132704,-0.00132704,-0.00132704,-0.00132704
47.0267,0.523599,-0.275419,0.524305,-0.00132704,-0.00132704,-0.00132704,-0.00132704,-0.00132704,-0.00132704
47.0392,0.523599,-0.298289,0.168802,-0.00132704,-0.00132704,-0.00132704,-0.00132704,-0.00132704,-0.00132704
47.0517,0.523599,-0.32099,-0.189104,-0.00132704,-0.00132704,-0.00132704,-0.00132704,-0.00132704,-0.00132704
47.0642,0.523599,-0.343508,-0.544318,-0.00132704,-0.00132704,-0.00132704,-0.00132704,-0.00132704,-0.00132704
47.0767,0.523599,-0.36583,-0.891785,-0.00132704,-0.00132704,-0.00132704,-0.00132704,-0.00132704,-0.00132704
47.0892,0.523599,-0.387943,-1.22656,-0.00132704,-0.00132704,-0.00132704,-0.00132704,-0.00132704,-0.00132704
47.1017,0.523599,-0.409835,-1.54388,-0.00132704,-0.00132704,-0.00132704,-0.00132704,-0.00132704,-0.00132704
47.1142,0.523599,-0.431494,-1.83922,-0.00132704,-0.00132704,-0.00132704,-0.00132704,-0.00132704,-0.00132704
47.1267,0.523599,-0.452907,-2.10838,-0.00132704,-0.00132704,-0.00132704,-0.00132704,-0.00132704,-0.00132704
47.1392,0.523599,-0.474061,-2.34754,-0.00132704,-0.00132704,-0.00132704,-0.00132704,-0.00132704,-0.00132704
47.1517,0.523599,-0.494946,-2.55328,-0.00132704,-0.00132704,-0.00132704,-0.00132704,-0.00132704,-0.00132704
47.1642,0.523599,-0.515548,-2.72268,-0.00132704,-0.00132704,-0.00132704,-0.00132704,-0.00132704,-0.00132704
47.1767,0.523599,-0.535856,-2.85333,-0.00132704,-0.00132704,-0.00132704,-0.00132704,-0.00132704,-0.00132704
47.1892,0.523599,-0.555859,-2.94337,-0.00132704,-0.00132704,-0.00132704,-0.00132704,-0.00132704,-0.00132704
47.2017,0.523599,-0.575545,-2.99151,-0.00132704,-0.00132704,-0.00132704,-0.00132704,-0.00132704,-0.00132704
47.2142,0.523599,-0.594904,-2.99708,-0.00132704,-0.00132704,-0.00132704,-0.00132704,-0.00132704,-0.00132704
47.2267,0.523599,-0.613923,-2.95999,-0.00132704,-0.00132704,-0.00132704,-0.00132704,-0.00132704,-0.00132704
47.2392,0.523599,-0.632592,-2.88076,-0.00132704,-0.00132704,-0.00132704,-0.00132704,-0.00132704,-0.00132704
47.2517,0.523599,-0.6509,-2.76054,-0.00132704,-0.00132704,-0.00132704,-0.00132704,-0.00132704,-0.00132704
47.2642,0.523599,-0.668838,-2.60103,-0.00132704,-0.00132704,-0.00132704,-0.00132704,-0.00132704,-0.00132704
47.2767,0.523599,-0.686394,-2.40449,-0.00132704,-0.00132704,-0.00132704,-0.00132704,-0.00132704,-0.00132704
47.2892,0.523599,-0.703559,-2.17373,-0.00132704,-0.00132704,-0.00132704,-0.00132704,-0.00132704,-0.00132704
47.3017,0.523599,-0.720323,-1.91203,-0.00132704,-0.00132704,-0.00132704,-0.00132704,-0.00132704,-0.00132704
47.3142,0.523599,-0.736677,-1.62312,-0.00132704,-0.00132704,-0.00132704,-0.00132704,-0.00132704,-0.00132704
47.3267,0.523599,-0.752611,-1.3111,-0.00132704,-0.00132704,-0.00132704,-0.00132704,-0.00132704,-0.00132704
47.3392,0.523599,-0.768115,-0.980429,-0.00132704,-0.00132704,-0.00132704,-0.00132704,-0.00132704,-0.00132704
47.3517,0.523599,-0.783182,-0.635799,-0.00132704,-0.00132704,-0.00132704,-0.00132704,-0.00132704,-0.00132704
47.3642,0.523599,-0.797803,-0.282119,-0.00132704,-0.00132704,-0.00132704,-0.00132704,-0.00132704,-0.00132704
47.3767,0.523599,-0.811969,0.0755759,-0.00132704,-0.00132704,-0.00132704,-0.00132704,-0.00132704,-0.00132704
47.3892,0.523599,-0.825671,0.432195,-0.00132704,-0.00132704,-0.00132704,-0.00132704,-0.00132704,-0.00132704
47.4017,0.523599,-0.838904,0.782663,-0.00132704,-0.00132704,-0.00132704,-0.00132704,-0.00132704,-0.00132704
47.4142,0.523599,-0.851658,1.12199,-0.00132704,-0.00132704,-0.00132704,-0.00132704,-0.00132704,-0.00132704
47.4267,0.523599,-0.863927,1.44535,-0.00132704,-0.00132704,-0.00132704,-0.00132704,-0.00132704,-0.00132704
47.4392,0.523599,-0.875703,1.74814,-0.00132704,-0.00132704,-0.00132704,-0.00132704,-0.00132704,-0.00132704
47.4517,0.523599,-0.88698,2.02604,-0.00132704,-0.00132704,-0.00132704,-0.00132704,-0.00132704,-0.00132704
47.4642,0.523599,-0.897752,2.27511,-0.00132704,-0.00132704,-0.00132704,-0.00132704,-0.00132704,-0.00132704
47.4767,0.523599,-0.908012,2.4918,-0.00132704,-0.00132704,-0.00132704,-0.00132704,-0.00132704,-0.00132704
47.4892,0.523599,-0.917755,2.67302,-0.00132704,-0.00132704,-0.00132704,-0.00132704,-0.00132704,-0.00132704
47.5017,0.523599,-0.926974,2.81619,-0.00132704,-0.00132704,-0.00132704,-0.00132704,-0.00132704,-0.00132704
47.5142,0.523599,-0.935665,2.91928,-0.00132704,-0.00132704,-0.00132704,-0.00132704,-0.00132704,-0.00132704
47.5267,0.523599,-0.943823,2.98083,-0.00132704,-0.00132704,-0.00132704,-0.00132704,-0.00132704,-0.00132704
47.5392,0.523599,-0.951442,2.99994,-0.00132704,-0.00132704,-0.00132704,-0.00132704,-0.00132704,-0.00132704
47.5518,0.523599,-0.95852,2.97636,-0.00132704,-0.00132704,-0.00132704,-0.00132704,-0.00132704,-0.00132704
47.5643,0.523599,-0.965051,2.91041,-0.00132704,-0.00132704,-0.00132704,-0.00132704,-0.00132704,-0.00132704
47.5768,0.523599,-0.971032,2.80304,-0.00132704,-0.00132704,-0.00132704,-0.00132704,-0.00132704,-0.00132704
47.5893,0.523599,-0.976459,2.65577,-0.00132704,-0.00132704,-0.00132704,-0.00132704,-0.00132704,-0.00132704
47.6018,0.523599,-0.98133,2.47071,-0.00132704,-0.00132704,-0.00132704,-0.00132704,-0.00132704,-0.00132704
47.6143,0.523599,-0.985642,2.25048,-0.00132704,-0.00132704,-0.00132704,-0.00132704,-0.00132704,-0.00132704
47.6268,0.523599,-0.989392,1.99821,-0.00132704,-0.00132704,-0.00132704,-0.00132704,-0.00132704,-0.00132704
47.6393,0.523599,-0.992578,1.71751,-0.00132704,-0.00132704,-0.00132704,-0.00132704,-0.00132704,-0.00132704
47.6518,0.523599,-0.995198,1.41236,-0.00132704,-0.00132704,-0.00132704,-0.00132704,-0.00132704,-0.00132704
47.6643,0.523599,-0.997251,1.08711,-0.00132704,-0.00132704,-0.00132704,-0.00132704,-0.00132704,-0.00132704
47.6768,0.523599,-0.998736,0.74638,-0.00132704,-0.00132704,-0.00132704,-0.00132704,-0.00132704,-0.00132704
47.6893,0.523599,-0.999651,0.395032,-0.00132704,-0.00132704,-0.00132704,-0.00132704,-0.00132704,-0.00132704
47.7018,0.523599,-0.999997,0.0380606,-0.00132704,-0.00132704,-0.00132704,-0.00132704,-0.00132704,-0.00132704
47.7143,0.523599,-0.999772,-0.319452,-0.00132704,-0.00132704,-0.00132704,-0.00132704,-0.00132704,-0.00132704
47.7268,0.523599,-0.998978,-0.672418,-0.00132704,-0.00132704,-0.00132704,-0.00132704,-0.00132704,-0.00132704
47.7393,0.523599,-0.997614,-1.01581,-0.00132704,-0.00132704,-0.00132704,-0.00132704,-0.00132704,-0.00132704
47.7518,0.523599,-0.995682,-1.34475,-0.00132704,-0.00132704,-0.00132704,-0.00132704,-0.00132704,-0.00132704
47.7643,0.523599,-0.993182,-1.65455,-0.00132704,-0.00132704,-0.00132704,-0.00132704,-0.00132704,-0.00132704
47.7768,0.523599,-0.990117,-1.9408,-0.00132704,-0.00132704,-0.00132704,-0.00132704,-0.00132704,-0.00132704
47.7893,0.523599,-0.986486,-2.19942,-0.00132704,-0.00132704,-0.00132704,-0.00132704,-0.00132704,-0.00132704
47.8018,0.523599,-0.982294,-2.42674,-0.00132704,-0.00132704,-0.00132704,-0.00132704,-0.00132704,-0.00132704
47.8143,0.523599,-0.977542,-2.61952,-0.00132704,-0.00132704,-0.00132704,-0.00132704,-0.00132704,-0.00132704
47.8268,0.523599,-0.972232,-2.77501,-0.00132704,-0.00132704,-0.00132704,-0.00132704,-0.00132704,-0.00132704
47.8393,0.523599,-0.966368,-2.89101,-0.00132704,-0.00132704,-0.00132704,-0.00132704,-0.00132704,-0.00132704
47.8518,0.523599,-0.959954,-2.96586,-0.00132704,-0.00132704,-0.00132704,-0.00132704,-0.00132704,-0.00132704
47.8643,0.523599,-0.952992,-2.9985,-0.00132704,-0.00132704,-0.00132704,-0.00132704,-0.00132704,-0.00132704
47.8768,0.523599,-0.945487,-2.98846,-0.00132704,-0.00132704,-0.00132704,-0.00132704,-0.00132704,-0.00132704
47.8893,0.523599,-0.937444,-2.93588,-0.00132704,-0.00132704,-0.00132704,-0.00132704,-0.00132704,-0.00132704
47.9018,0.523599,-0.928866,-2.84152,-0.00132704,-0.00132704,-0.00132704,-0.00132704,-0.00132704,-0.00132704
47.9143,0.523599,-0.919758,-2.70671,-0.00132704,-0.00132704,-0.00132704,-0.00132704,-0.00132704,-0.00132704
47.9268,0.523599,-0.910126,-2.53338,-0.00132704,-0.00132704,-0.00132704,-0.00132704,-0.00132704,-0.00132704
47.9393,0.523599,-0.899976,-2.32399,-0.00132704,-0.00132704,-0.00132704,-0.00132704,-0.00132704,-0.00132704
47.9518,0.523599,-0.889313,-2.08152,-0.00132704,-0.00132704,-0.00132704,-0.00132704,-0.00132704,-0.00132704
47.9643,0.523599,-0.878142,-1.80943,-0.00132704,-0.00132704,-0.00132704,-0.00132704,-0.00132704,-0.00132704
47.9768,0.523599,-0.866471,-1.51158,-0.00132704,-0.00132704,-0.00132704,-0.00132704,-0.00132704,-0.00132704
47.9893,0.523599,-0.854307,-1.19222,-0.00132704,-0.00132704,-0.00132704,-0.00132704,-0.00132704,-0.00132704
48.0018,0.523599,-0.841655,-0.85589,-0.00132704,-0.00132704,-0.00132704,-0.00132704,-0.00132704,-0.00132704
48.0143,0.523599,-0.828524,-0.507377,-0.00132704,-0.00132704,-0.00132704,-0.00132704,-0.00132704,-0.00132704
48.0268,0.523599,-0.81492,-0.151642,-0.00132704,-0.00132704,-0.00132704,-0.00132704,-0.00132704,-0.00132704
48.0393,0.523599,-0.800852,0.206251,-0.00132704,-0.00132704,-0.00132704,-0.00132704,-0.00132704,-0.00132704
48.0518,0.523599,-0.786328,0.561208,-0.00132704,-0.00132704,-0.00132704,-0.00132704,-0.00132704,-0.00132704
48.0643,0.523599,-0.771355,0.908178,-0.00132704,-0.00132704,-0.00132704,-0.00132704,-0.00132704,-0.00132704
48.0768,0.523599,-0.755943,1.24222,-0.00132704,-0.00132704,-0.00132704,-0.00132704,-0.00132704,-0.00132704
48.0893,0.523599,-0.740099,1.55858,-0.00132704,-0.00132704,-0.00132704,-0.00132704,-0.00132704,-0.00132704
48.1018,0.523599,-0.723834,1.85276,-0.00132704,-0.00132704,-0.00132704,-0.00132704,-0.00132704,-0.00132704
48.1143,0.523599,-0.707157,2.12057,-0.00132704,-0.00132704,-0.00132704,-0.00132704,-0.00132704,-0.00132704
48.1268,0.523599,-0.690076,2.3582,-0.00132704,-0.00132704,-0.00132704,-0.00132704,-0.00132704,-0.00132704
48.1393,0.523599,-0.672602,2.56226,-0.00132704,-0.00132704,-0.00132704,-0.00132704,-0.00132704,-0.00132704
48.1518,0.523599,-0.654745,2.72985,-0.00132704,-0.00132704,-0.00132704,-0.00132704,-0.00132704,-0.00132704
48.1643,0.523599,-0.636514,2.85859,-0.00132704,-0.00132704,-0.00132704,-0.00132704,-0.00132704,-0.00132704
48.1768,0.523599,-0.617921,2.94664,-0.00132704,-0.00132704,-0.00132704,-0.00132704,-0.00132704,-0.00132704
48.1893,0.523599,-0.598975,2.99276,-0.00132704,-0.00132704,-0.00132704,-0.00132704,-0.00132704,-0.00132704
48.2018,0.523599,-0.579688,2.99627,-0.00132704,-0.00132704,-0.00132704,-0.00132704,-0.00132704,-0.00132704
48.2143,0.523599,-0.560071,2.95714,-0.00132704,-0.00132704,-0.00132704,-0.00132704,-0.00132704,-0.00132704
48.2268,0.523599,-0.540134,2.87592,-0.00132704,-0.00132704,-0.00132704,-0.00132704,-0.00132704,-0.00132704
48.2393,0.523599,-0.51989,2.75377,-0.00132704,-0.00132704,-0.00132704,-0.00132704,-0.00132704,-0.00132704
48.2518,0.523599,-0.499349,2.59242,-0.00132704,-0.00132704,-0.00132704,-0.00132704,-0.00132704,-0.00132704
48.2643,0.523599,-0.478523,2.39417,-0.00132704,-0.00132704,-0.00132704,-0.00132704,-0.00132704,-0.00132704
48.2768,0.523599,-0.457425,2.16185,-0.00132704,-0.00132704,-0.00132704,-0.00132704,-0.00132704,-0.00132704
48.2893,0.523599,-0.436066,1.89876,-0.00132704,-0.00132704,-0.00132704,-0.00132704,-0.00132704,-0.00132704
48.3018,0.523599,-0.414459,1.60864,-0.00132704,-0.00132704,-0.00132704,-0.00132704,-0.00132704,-0.00132704
48.3143,0.523599,-0.392615,1.29563,-0.00132704,-0.00132704,-0.00132704,-0.00132704,-0.00132704,-0.00132704
48.3268,0.523599,-0.370548,0.964172,-0.00132704,-0.00132704,-0.00132704,-0.00132704,-0.00132704,-0.00132704
48.3393,0.523599,-0.348269,0.618995,-0.00132704,-0.00132704,-0.00132704,-0.00132704,-0.00132704,-0.00132704
48.3518,0.523599,-0.325792,0.265007,-0.00132704,-0.00132704,-0.00132704,-0.00132704,-0.00132704,-0.00132704
48.3643,0.523599,-0.303129,-0.0927531,-0.00132704,-0.00132704,-0.00132704,-0.00132704,-0.00132704,-0.00132704
48.3768,0.523599,-0.280294,-0.449193,-0.00132704,-0.00132704,-0.00132704,-0.00132704,-0.00132704,-0.00132704
48.3893,0.523599,-0.257298,-0.799239,-0.00132704,-0.00132704,-0.00132704,-0.00132704,-0.00132704,-0.00132704
48.4018,0.523599,-0.234156,-1.13791,-0.00132704,-0.00132704,-0.00132704,-0.00132704,-0.00132704,-0.00132704
48.4143,0.523599,-0.210881,-1.46038,-0.00132704,-0.00132704,-0.00132704,-0.00132704,-0.00132704,-0.00132704
48.4268,0.523599,-0.187485,-1.76207,-0.00132704,-0.00132704,-0.00132704,-0.00132704,-0.00132704,-0.00132704
48.4393,0.523599,-0.163983,-2.03868,-0.00132704,-0.00132704,-0.00132704,-0.00132704,-0.00132704,-0.00132704
48.4518,0.523599,-0.140387,-2.28627,-0.00132704,-0.00132704,-0.00132704,-0.00132704,-0.00132704,-0.00132704
48.4643,0.523599,-0.116711,-2.50133,-0.00132704,-0.00132704,-0.00132704,-0.00132704,-0.00132704,-0.00132704
48.4768,0.523599,-0.092968,-2.68078,-0.00132704,-0.00132704,-0.00132704,-0.00132704,-0.00132704,-0.00132704
48.4893,0.523599,-0.0691725,-2.82207,-0.00132704,-0.00132704,-0.00132704,-0.00132704,-0.00132704,-0.00132704
48.5018,0.523599,-0.0453375,-2.9232,-0.00132704,-0.00132704,-0.00132704,-0.00132704,-0.00132704,-0.00132704
48.5143,0.523599,-0.0214767,-2.98272,-0.00132704,-0.00132704,-0.00132704,-0.00132704,-0.00132704,-0.00132704
48.5268,0.523599,0.00239634,-2.99978,-0.00132704,-0.00132704,-0.00132704,-0.00132704,-0.00132704,-0.00132704
48.5393,0.523599,0.026268,-2.97416,-0.00132704,-0.00132704,-0.00132704,-0.00132704,-0.00132704,-0.00132704
48.5518,0.523599,0.0501247,-2.9062,-0.00132704,-0.00132704,-0.00132704,-0.00132704,-0.00132704,-0.00132704
48.5643,0.523599,0.0739529,-2.79687,-0.00132704,-0.00132704,-0.00132704,-0.00132704,-0.00132704,-0.00132704
48.5768,0.523599,0.0977388,-2.64774,-0.00132704,-0.00132704,-0.00132704,-0.00132704,-0.00132704,-0.00132704
48.5893,0.523599,0.121469,-2.46092,-0.00132704,-0.00132704,-0.00132704,-0.00132704,-0.00132704,-0.00132704
48.6018,0.523599,0.14513,-2.23908,-0.00132704,-0.00132704,-0.00132704,-0.00132704,-0.00132704,-0.00132704
48.6143,0.523599,0.168708,-1.98536,-0.00132704,-0.00132704,-0.00132704,-0.00132704,-0.00132704,-0.00132704
48.6268,0.523599,0.192191,-1.70339,-0.00132704,-0.00132704,-0.00132704,-0.00132704,-0.00132704,-0.00132704
48.6393,0.523599,0.215563,-1.39717,-0.00132704,-0.00132704,-0.00132704,-0.00132704,-0.00132704,-0.00132704
48.6518,0.523599,0.238813,-1.07107,-0.00132704,-0.00132704,-0.00132704,-0.00132704,-0.00132704,-0.00132704
48.6643,0.523599,0.261927,-0.729724,-0.00132704,-0.00132704,-0.00132704,-0.00132704,-0.00132704,-0.00132704
48.6768,0.523599,0.284891,-0.377991,-0.00132704,-0.00132704,-0.00132704,-0.00132704,-0.00132704,-0.00132704
48.6893,0.523599,0.307693,-0.0208775,-0.00132704,-0.00132704,-0.00132704,-0.00132704,-0.00132704,-0.00132704
48.7018,0.523599,0.33032,0.336533,-0.00132704,-0.00132704,-0.00132704,-0.00132704,-0.00132704,-0.00132704
48.7143,0.523599,0.352758,0.689154,-0.00132704,-0.00132704,-0.00132704,-0.00132704,-0.00132704,-0.00132704
48.7268,0.523599,0.374995,1.03197,-0.00132704,-0.00132704,-0.00132704,-0.00132704,-0.00132704,-0.00132704
48.7393,0.523599,0.397019,1.36009,-0.00132704,-0.00132704,-0.00132704,-0.00132704,-0.00132704,-0.00132704
48.7518,0.523599,0.418816,1.66885,-0.00132704,-0.00132704,-0.00132704,-0.00132704,-0.00132704,-0.00132704
48.7643,0.523599,0.440374,1.95387,-0.00132704,-0.00132704,-0.00132704,-0.00132704,-0.00132704,-0.00132704
48.7768,0.523599,0.461682,2.21107,-0.00132704,-0.00132704,-0.00132704,-0.00132704,-0.00132704,-0.00132704
48.7893,0.523599,0.482726,2.4368,-0.00132704,-0.00132704,-0.00132704,-0.00132704,-0.00132704,-0.00132704
48.8018,0.523599,0.503495,2.62785,-0.00132704,-0.00132704,-0.00132704,-0.00132704,-0.00132704,-0.00132704
48.8143,0.523599,0.523978,2.7815,-0.00132704,-0.00132704,-0.00132704,-0.00132704,-0.00132704,-0.00132704
48.8268,0.523599,0.544161,2.89555,-0.00132704,-0.00132704,-0.00132704,-0.00132704,-0.00132704,-0.00132704
48.8393,0.523599,0.564035,2.9684,-0.00132704,-0.00132704,-0.00132704,-0.00132704,-0.00132704,-0.00132704
48.8518,0.523599,0.583587,2.99899,-0.00132704,-0.00132704,-0.00132704,-0.00132704,-0.00132704,-0.00132704
48.8643,0.523599,0.602806,2.9869,-0.00132704,-0.00132704,-0.00132704,-0.00132704,-0.00132704,-0.00132704
48.8768,0.523599,0.621682,2.9323,-0.00132704,-0.00132704,-0.00132704,-0.00132704,-0.00132704,-0.00132704
48.8893,0.523599,0.640203,2.83596,-0.00132704,-0.00132704,-0.00132704,-0.00132704,-0.00132704,-0.00132704
48.9018,0.523599,0.65836,2.69926,-0.00132704,-0.00132704,-0.00132704,-0.00132704,-0.00132704,-0.00132704
48.9143,0.523599,0.676141,2.52414,-0.00132704,-0.00132704,-0.00132704,-0.00132704,-0.00132704,-0.00132704
48.9268,0.523599,0.693537,2.31309,-0.00132704,-0.00132704,-0.00132704,-0.00132704,-0.00132704,-0.00132704
48.9393,0.523599,0.710537,2.06912,-0.00132704,-0.00132704,-0.00132704,-0.00132704,-0.00132704,-0.00132704
48.9518,0.523599,0.727133,1.79569,-0.00132704,-0.00132704,-0.00132704,-0.00132704,-0.00132704,-0.00132704
48.9643,0.523599,0.743314,1.49672,-0.00132704,-0.00132704,-0.00132704,-0.00132704,-0.00132704,-0.00132704
48.9768,0.523599,0.759071,1.17643,-0.00132704,-0.00132704,-0.00132704,-0.00132704,-0.00132704,-0.00132704
48.9893,0.523599,0.774396,0.839407,-0.00132704,-0.00132704,-0.00132704,-0.00132704,-0.00132704,-0.00132704
49.0018,0.523599,0.78928,0.490433,-0.00132704,-0.00132704,-0.00132704,-0.00132704,-0.00132704,-0.00132704
49.0143,0.523599,0.803713,0.134478,-0.00132704,-0.00132704,-0.00132704,-0.00132704,-0.00132704,-0.00132704
49.0268,0.523599,0.817689,-0.22339,-0.00132704,-0.00132704,-0.00132704,-0.00132704,-0.00132704,-0.00132704
49.0393,0.523599,0.831198,-0.578079,-0.00132704,-0.00132704,-0.00132704,-0.00132704,-0.00132704,-0.00132704
49.0518,0.523599,0.844234,-0.92454,-0.00132704,-0.00132704,-0.00132704,-0.00132704,-0.00132704,-0.00132704
49.0643,0.523599,0.856788,-1.25784,-0.00132704,-0.00132704,-0.00132704,-0.00132704,-0.00132704,-0.00132704
49.0768,0.523599,0.868854,-1.57324,-0.00132704,-0.00132704,-0.00132704,-0.00132704,-0.00132704,-0.00132704
49.0893,0.523599,0.880425,-1.86625,-0.00132704,-0.00132704,-0.00132704,-0.00132704,-0.00132704,-0.00132704
49.1018,0.523599,0.891494,-2.13269,-0.00132704,-0.00132704,-0.00132704,-0.00132704,-0.00132704,-0.00132704
49.1143,0.523599,0.902055,-2.36878,-0.00132704,-0.00132704,-0.00132704,-0.00132704,-0.00132704,-0.00132704
49.1268,0.523599,0.912102,-2.57116,-0.00132704,-0.00132704,-0.00132704,-0.00132704,-0.00132704,-0.00132704
49.1393,0.523599,0.921629,-2.73693,-0.00132704,-0.00132704,-0.00132704,-0.00132704,-0.00132704,-0.00132704
49.1518,0.523599,0.93063,-2.86376,-0.00132704,-0.00132704,-0.00132704,-0.00132704,-0.00132704,-0.00132704
49.1643,0.523599,0.939101,-2.94982,-0.00132704,-0.00132704,-0.00132704,-0.00132704,-0.00132704,-0.00132704
49.1768,0.523599,0.947037,-2.9939,-0.00132704,-0.00132704,-0.00132704,-0.00132704,-0.00132704,-0.00132704
49.1894,0.523599,0.954433,-2.99537,-0.00132704,-0.00132704,-0.00132704,-0.00132704,-0.00132704,-0.00132704
49.2019,0.523599,0.961286,-2.9542,-0.00132704,-0.00132704,-0.00132704,-0.00132704,-0.00132704,-0.00132704
49.2144,0.523599,0.96759,-2.87098,-0.00132704,-0.00132704,-0.00132704,-0.00132704,-0.00132704,-0.00132704
49.2269,0.523599,0.973342,-2.7469,-0.00132704,-0.00132704,-0.00132704,-0.00132704,-0.00132704,-0.00132704
49.2394,0.523599,0.97854,-2.58373,-0.00132704,-0.00132704,-0.00132704,-0.00132704,-0.00132704,-0.00132704
49.2519,0.523599,0.98318,-2.38378,-0.00132704,-0.00132704,-0.00132704,-0.00132704,-0.00132704,-0.00132704
49.2644,0.523599,0.98726,-2.1499,-0.00132704,-0.00132704,-0.00132704,-0.00132704,-0.00132704,-0.00132704
49.2769,0.523599,0.990777,-1.88542,-0.00132704,-0.00132704,-0.00132704,-0.00132704,-0.00132704,-0.00132704
49.2894,0.523599,0.99373,-1.59411,-0.00132704,-0.00132704,-0.00132704,-0.00132704,-0.00132704,-0.00132704
49.3019,0.523599,0.996116,-1.28011,-0.00132704,-0.00132704,-0.00132704,-0.00132704,-0.00132704,-0.00132704
49.3144,0.523599,0.997934,-0.947884,-0.00132704,-0.00132704,-0.00132704,-0.00132704,-0.00132704,-0.00132704
49.3269,0.523599,0.999183,-0.60217,-0.00132704,-0.00132704,-0.00132704,-0.00132704,-0.00132704,-0.00132704
49.3394,0.523599,0.999863,-0.247886,-0.00132704,-0.00132704,-0.00132704,-0.00132704,-0.00132704,-0.00132704
49.3519,0.523599,0.999973,0.109927,-0.00132704,-0.00132704,-0.00132704,-0.00132704,-0.00132704,-0.00132704
49.3644,0.523599,0.999513,0.466175,-0.00132704,-0.00132704,-0.00132704,-0.00132704,-0.00132704,-0.00132704
49.3769,0.523599,0.998483,0.815789,-0.00132704,-0.00132704,-0.00132704,-0.00132704,-0.00132704,-0.00132704
49.3894,0.523599,0.996885,1.15379,-0.00132704,-0.00132704,-0.00132704,-0.00132704,-0.00132704,-0.00132704
49.4019,0.523599,0.994718,1.47537,-0.00132704,-0.00132704,-0.00132704,-0.00132704,-0.00132704,-0.00132704
49.4144,0.523599,0.991984,1.77595,-0.00132704,-0.00132704,-0.00132704,-0.00132704,-0.00132704,-0.00132704
49.4269,0.523599,0.988684,2.05125,-0.00132704,-0.00132704,-0.00132704,-0.00132704,-0.00132704,-0.00132704
49.4394,0.523599,0.984822,2.29736,-0.00132704,-0.00132704,-0.00132704,-0.00132704,-0.00132704,-0.00132704
49.4519,0.523599,0.980397,2.51077,-0.00132704,-0.00132704,-0.00132704,-0.00132704,-0.00132704,-0.00132704
49.4644,0.523599,0.975414,2.68844,-0.00132704,-0.00132704,-0.00132704,-0.00132704,-0.00132704,-0.00132704
49.4769,0.523599,0.969876,2.82785,-0.00132704,-0.00132704,-0.00132704,-0.00132704,-0.00132704,-0.00132704
49.4894,0.523599,0.963784,2.92701,-0.00132704,-0.00132704,-0.00132704,-0.00132704,-0.00132704,-0.00132704
49.5019,0.523599,0.957143,2.98451,-0.00132704,-0.00132704,-0.00132704,-0.00132704,-0.00132704,-0.00132704
49.5144,0.523599,0.949956,2.99953,-0.00132704,-0.00132704,-0.00132704,-0.00132704,-0.00132704,-0.00132704
49.5269,0.523599,0.942228,2.97186,-0.00132704,-0.00132704,-0.00132704,-0.00132704,-0.00132704,-0.00132704
49.5394,0.523599,0.933963,2.90188,-0.00132704,-0.00132704,-0.00132704,-0.00132704,-0.00132704,-0.00132704
49.5519,0.523599,0.925165,2.79061,-0.00132704,-0.00132704,-0.00132704,-0.00132704,-0.00132704,-0.00132704
49.5644,0.523599,0.915841,2.63962,-0.00132704,-0.00132704,-0.00132704,-0.00132704,-0.00132704,-0.00132704
49.5769,0.523599,0.905994,2.45105,-0.00132704,-0.00132704,-0.00132704,-0.00132704,-0.00132704,-0.00132704
49.5894,0.523599,0.895631,2.2276,-0.00132704,-0.00132704,-0.00132704,-0.00132704,-0.00132704,-0.00132704
49.6019,0.523599,0.884757,1.97245,-0.00132704,-0.00132704,-0.00132704,-0.00132704,-0.00132704,-0.00132704
49.6144,0.523599,0.873379,1.68922,-0.00132704,-0.00132704,-0.00132704,-0.00132704,-0.00132704,-0.00132704
49.6269,0.523599,0.861503,1.38194,-0.00132704,-0.00132704,-0.00132704,-0.00132704,-0.00132704,-0.00132704
49.6394,0.523599,0.849136,1.055,-0.00132704,-0.00132704,-0.00132704,-0.00132704,-0.00132704,-0.00132704
49.6519,0.523599,0.836286,0.713044,-0.00132704,-0.00132704,-0.00132704,-0.00132704,-0.00132704,-0.00132704
49.6644,0.523599,0.822958,0.360938,-0.00132704,-0.00132704,-0.00132704,-0.00132704,-0.00132704,-0.00132704
49.6769,0.523599,0.809162,0.00369374,-0.00132704,-0.00132704,-0.00132704,-0.00132704,-0.00132704,-0.00132704
49.6894,0.523599,0.794904,-0.353603,-0.00132704,-0.00132704,-0.00132704,-0.00132704,-0.00132704,-0.00132704
49.7019,0.523599,0.780193,-0.705867,-0.00132704,-0.00132704,-0.00132704,-0.00132704,-0.00132704,-0.00132704
49.7144,0.523599,0.765038,-1.04808,-0.00132704,-0.00132704,-0.00132704,-0.00132704,-0.00132704,-0.00132704
49.7269,0.523599,0.749446,-1.37538,-0.00132704,-0.00132704,-0.00132704,-0.00132704,-0.00132704,-0.00132704
49.7394,0.523599,0.733428,-1.68311,-0.00132704,-0.00132704,-0.00132704,-0.00132704,-0.00132704,-0.00132704
49.7519,0.523599,0.716991,-1.96687,-0.00132704,-0.00132704,-0.00132704,-0.00132704,-0.00132704,-0.00132704
49.7644,0.523599,0.700145,-2.22265,-0.00132704,-0.00132704,-0.00132704,-0.00132704,-0.00132704,-0.00132704
49.7769,0.523599,0.682901,-2.44678,-0.00132704,-0.00132704,-0.00132704,-0.00132704,-0.00132704,-0.00132704
49.7894,0.523599,0.665267,-2.6361,-0.00132704,-0.00132704,-0.00132704,-0.00132704,-0.00132704,-0.00132704
49.8019,0.523599,0.647254,-2.78789,-0.00132704,-0.00132704,-0.00132704,-0.00132704,-0.00132704,-0.00132704
49.8144,0.523599,0.628873,-2.9,-0.00132704,-0.00132704,-0.00132704,-0.00132704,-0.00132704,-0.00132704
49.8269,0.523599,0.610132,-2.97084,-0.00132704,-0.00132704,-0.00132704,-0.00132704,-0.00132704,-0.00132704
49.8394,0.523599,0.591044,-2.99939,-0.00132704,-0.00132704,-0.00132704,-0.00132704,-0.00132704,-0.00132704
49.8519,0.523599,0.57162,-2.98525,-0.00132704,-0.00132704,-0.00132704,-0.00132704,-0.00132704,-0.00132704
49.8644,0.523599,0.551869,-2.92862,-0.00132704,-0.00132704,-0.00132704,-0.00132704,-0.00132704,-0.00132704
49.8769,0.523599,0.531804,-2.83031,-0.00132704,-0.00132704,-0.00132704,-0.00132704,-0.00132704,-0.00132704
49.8894,0.523599,0.511435,-2.69171,-0.00132704,-0.00132704,-0.00132704,-0.00132704,-0.00132704,-0.00132704
49.9019,0.523599,0.490775,-2.51481,-0.00132704,-0.00132704,-0.00132704,-0.00132704,-0.00132704,-0.00132704
49.9144,0.523599,0.469836,-2.30211,-0.00132704,-0.00132704,-0.00132704,-0.00132704,-0.00132704,-0.00132704
49.9269,0.523599,0.448628,-2.05664,-0.00132704,-0.00132704,-0.00132704,-0.00132704,-0.00132704,-0.00132704
49.9394,0.523599,0.427165,-1.7819,-0.00132704,-0.00132704,-0.00132704,-0.00132704,-0.00132704,-0.00132704
49.9519,0.523599,0.405459,-1.4818,-0.00132704,-0.00132704,-0.00132704,-0.00132704,-0.00132704,-0.00132704
49.9644,0.523599,0.383521,-1.16061,-0.00132704,-0.00132704,-0.00132704,-0.00132704,-0.00132704,-0.00132704
49.9769,0.523599,0.361365,-0.822895,-0.00132704,-0.00132704,-0.00132704,-0.00132704,-0.00132704,-0.00132704
49.9894,0.523599,0.339003,-0.473472,-0.00132704,-0.00132704,-0.00132704,-0.00132704,-0.00132704,-0.00132704
50.0019,0.523599,0.316447,-0.117309,-0.00132704,-0.00132704,-0.00132704,-0.00132704,-0.00132704,-0.00132704
50.0144,0.523599,0.293711,0.240523,-0.00132704,-0.00132704,-0.00132704,-0.00132704,-0.00132704,-0.00132704
50.0269,0.523599,0.270808,0.594932,-0.00132704,-0.00132704,-0.00132704,-0.00132704,-0.00132704,-0.00132704
50.0394,0.523599,0.247751,0.940873,-0.00132704,-0.00132704,-0.00132704,-0.00132704,-0.00132704,-0.00132704
50.0519,0.523599,0.224552,1.27342,-0.00132704,-0.00132704,-0.00132704,-0.00132704,-0.00132704,-0.00132704
50.0644,0.523599,0.201225,1.58785,-0.00132704,-0.00132704,-0.00132704,-0.00132704,-0.00132704,-0.00132704
50.0769,0.523599,0.177784,1.87967,-0.00132704,-0.00132704,-0.00132704,-0.00132704,-0.00132704,-0.00132704
50.0894,0.523599,0.154241,2.14474,-0.00132704,-0.00132704,-0.00132704,-0.00132704,-0.00132704,-0.00132704
50.1019,0.523599,0.13061,2.37929,-0.00132704,-0.00132704,-0.00132704,-0.00132704,-0.00132704,-0.00132704
50.1144,0.523599,0.106905,2.57997,-0.00132704,-0.00132704,-0.00132704,-0.00132704,-0.00132704,-0.00132704
50.1269,0.523599,0.0831388,2.74393,-0.00132704,-0.00132704,-0.00132704,-0.00132704,-0.00132704,-0.00132704
50.1394,0.523599,0.0593253,2.86883,-0.00132704,-0.00132704,-0.00132704,-0.00132704,-0.00132704,-0.00132704
50.1519,0.523599,0.0354781,2.9529,-0.00132704,-0.00132704,-0.00132704,-0.00132704,-0.00132704,-0.00132704
50.1644,0.523599,0.0116105,2.99495,-0.00132704,-0.00132704,-0.00132704,-0.00132704,-0.00132704,-0.00132704
50.1769,0.523599,-0.0122636,2.99436,-0.00132704,-0.00132704,-0.00132704,-0.00132704,-0.00132704,-0.00132704
50.1894,0.523599,-0.0361307,2.95116,-0.00132704,-0.00132704,-0.00132704,-0.00132704,-0.00132704,-0.00132704
50.2019,0.523599,-0.0599773,2.86595,-0.00132704,-0.00132704,-0.00132704,-0.00132704,-0.00132704,-0.00132704
50.2144,0.523599,-0.0837896,2.73995,-0.00132704,-0.00132704,-0.00132704,-0.00132704,-0.00132704,-0.00132704
50.2269,0.523599,-0.107554,2.57495,-0.00132704,-0.00132704,-0.00132704,-0.00132704,-0.00132704,-0.00132704
50.2394,0.523599,-0.131258,2.37331,-0.00132704,-0.00132704,-0.00132704,-0.00132704,-0.00132704,-0.00132704
50.2519,0.523599,-0.154886,2.13788,-0.00132704,-0.00132704,-0.00132704,-0.00132704,-0.00132704,-0.00132704
50.2644,0.523599,-0.178426,1.87203,-0.00132704,-0.00132704,-0.00132704,-0.00132704,-0.00132704,-0.00132704
50.2769,0.523599,-0.201865,1.57953,-0.00132704,-0.00132704,-0.00132704,-0.00132704,-0.00132704,-0.00132704
50.2894,0.523599,-0.225188,1.26455,-0.00132704,-0.00132704,-0.00132704,-0.00132704,-0.00132704,-0.00132704
50.3019,0.523599,-0.248383,0.931565,-0.00132704,-0.00132704,-0.00132704,-0.00132704,-0.00132704,-0.00132704
50.3144,0.523599,-0.271437,0.585326,-0.00132704,-0.00132704,-0.00132704,-0.00132704,-0.00132704,-0.00132704
50.3269,0.523599,-0.294336,0.230757,-0.00132704,-0.00132704,-0.00132704,-0.00132704,-0.00132704,-0.00132704
50.3394,0.523599,-0.317067,-0.127098,-0.00132704,-0.00132704,-0.00132704,-0.00132704,-0.00132704,-0.00132704
50.3519,0.523599,-0.339617,-0.483143,-0.00132704,-0.00132704,-0.00132704,-0.00132704,-0.00132704,-0.00132704
50.3644,0.523599,-0.361974,-0.832312,-0.00132704,-0.00132704,-0.00132704,-0.00132704,-0.00132704,-0.00132704
50.3769,0.523599,-0.384124,-1.16963,-0.00132704,-0.00132704,-0.00132704,-0.00132704,-0.00132704,-0.00132704
50.3894,0.523599,-0.406056,-1.49031,-0.00132704,-0.00132704,-0.00132704,-0.00132704,-0.00132704,-0.00132704
50.4019,0.523599,-0.427756,-1.78977,-0.00132704,-0.00132704,-0.00132704,-0.00132704,-0.00132704,-0.00132704
50.4144,0.523599,-0.449212,-2.06376,-0.00132704,-0.00132704,-0.00132704,-0.00132704,-0.00132704,-0.00132704
50.4269,0.523599,-0.470412,-2.30838,-0.00132704,-0.00132704,-0.00132704,-0.00132704,-0.00132704,-0.00132704
50.4394,0.523599,-0.491344,-2.52014,-0.00132704,-0.00132704,-0.00132704,-0.00132704,-0.00132704,-0.00132704
50.4519,0.523599,-0.511996,-2.69603,-0.00132704,-0.00132704,-0.00132704,-0.00132704,-0.00132704,-0.00132704
50.4644,0.523599,-0.532357,-2.83354,-0.00132704,-0.00132704,-0.00132704,-0.00132704,-0.00132704,-0.00132704
50.4769,0.523599,-0.552413,-2.93073,-0.00132704,-0.00132704,-0.00132704,-0.00132704,-0.00132704,-0.00132704
50.4894,0.523599,-0.572155,-2.98621,-0.00132704,-0.00132704,-0.00132704,-0.00132704,-0.00132704,-0.00132704
50.5019,0.523599,-0.591571,-2.99918,-0.00132704,-0.00132704,-0.00132704,-0.00132704,-0.00132704,-0.00132704
50.5144,0.523599,-0.61065,-2.96946,-0.00132704,-0.00132704,-0.00132704,-0.00132704,-0.00132704,-0.00132704
50.5269,0.523599,-0.62938,-2.89748,-0.00132704,-0.00132704,-0.00132704,-0.00132704,-0.00132704,-0.00132704
50.5394,0.523599,-0.647752,-2.78426,-0.00132704,-0.00132704,-0.00132704,-0.00132704,-0.00132704,-0.00132704
50.5519,0.523599,-0.665755,-2.63141,-0.00132704,-0.00132704,-0.00132704,-0.00132704,-0.00132704,-0.00132704
50.5644,0.523599,-0.683378,-2.4411,-0.00132704,-0.00132704,-0.00132704,-0.00132704,-0.00132704,-0.00132704
50.5769,0.523599,-0.700612,-2.21606,-0.00132704,-0.00132704,-0.00132704,-0.00132704,-0.00132704,-0.00132704
50.5894,0.523599,-0.717446,-1.95947,-0.00132704,-0.00132704,-0.00132704,-0.00132704,-0.00132704,-0.00132704
50.6019,0.523599,-0.733871,-1.67499,-0.00132704,-0.00132704,-0.00132704,-0.00132704,-0.00132704,-0.00132704
50.6144,0.523599,-0.749878,-1.36667,-0.00132704,-0.00132704,-0.00132704,-0.00132704,-0.00132704,-0.00132704
50.6269,0.523599,-0.765458,-1.0389,-0.00132704,-0.00132704,-0.00132704,-0.00132704,-0.00132704,-0.00132704
50.6394,0.523599,-0.780602,-0.696341,-0.00132704,-0.00132704,-0.00132704,-0.00132704,-0.00132704,-0.00132704
50.6519,0.523599,-0.7953,-0.343873,-0.00132704,-0.00132704,-0.00132704,-0.00132704,-0.00132704,-0.00132704
50.6644,0.523599,-0.809545,0.0134901,-0.00132704,-0.00132704,-0.00132704,-0.00132704,-0.00132704,-0.00132704
50.6769,0.523599,-0.823329,0.370661,-0.00132704,-0.00132704,-0.00132704,-0.00132704,-0.00132704,-0.00132704
50.6894,0.523599,-0.836644,0.722556,-0.00132704,-0.00132704,-0.00132704,-0.00132704,-0.00132704,-0.00132704
50.7019,0.523599,-0.849481,1.06417,-0.00132704,-0.00132704,-0.00132704,-0.00132704,-0.00132704,-0.00132704
50.7144,0.523599,-0.861835,1.39063,-0.00132704,-0.00132704,-0.00132704,-0.00132704,-0.00132704,-0.00132704
50.7269,0.523599,-0.873697,1.6973,-0.00132704,-0.00132704,-0.00132704,-0.00132704,-0.00132704,-0.00132704
50.7394,0.523599,-0.885061,1.97982,-0.00132704,-0.00132704,-0.00132704,-0.00132704,-0.00132704,-0.00132704
50.7519,0.523599,-0.895921,2.23415,-0.00132704,-0.00132704,-0.00132704,-0.00132704,-0.00132704,-0.00132704
50.7644,0.523599,-0.90627,2.45669,-0.00132704,-0.00132704,-0.00132704,-0.00132704,-0.00132704,-0.00132704
50.7769,0.523599,-0.916103,2.64426,-0.00132704,-0.00132704,-0.00132704,-0.00132704,-0.00132704,-0.00132704
50.7894,0.523599,-0.925413,2.79419,-0.00132704,-0.00132704,-0.00132704,-0.00132704,-0.00132704,-0.00132704
50.8019,0.523599,-0.934196,2.90435,-0.00132704,-0.00132704,-0.00132704,-0.00132704,-0.00132704,-0.00132704
50.8144,0.523599,-0.942447,2.97318,-0.00132704,-0.00132704,-0.00132704,-0.00132704,-0.00132704,-0.00132704
50.827,0.523599,-0.95016,2.99969,-0.00132704,-0.00132704,-0.00132704,-0.00132704,-0.00132704,-0.00132704
50.8395,0.523599,-0.957332,2.9835,-0.00132704,-0.00132704,-0.00132704,-0.00132704,-0.00132704,-0.00132704
50.852,0.523599,-0.963958,2.92485,-0.00132704,-0.00132704,-0.00132704,-0.00132704,-0.00132704,-0.00132704
50.8645,0.523599,-0.970034,2.82457,-0.00132704,-0.00132704,-0.00132704,-0.00132704,-0.00132704,-0.00132704
50.877,0.523599,-0.975558,2.68408,-0.00132704,-0.00132704,-0.00132704,-0.00132704,-0.00132704,-0.00132704
50.8895,0.523599,-0.980526,2.5054,-0.00132704,-0.00132704,-0.00132704,-0.00132704,-0.00132704,-0.00132704
50.902,0.523599,-0.984935,2.29105,-0.00132704,-0.00132704,-0.00132704,-0.00132704,-0.00132704,-0.00132704
50.9145,0.523599,-0.988782,2.0441,-0.00132704,-0.00132704,-0.00132704,-0.00132704,-0.00132704,-0.00132704
50.927,0.523599,-0.992066,1.76805,-0.00132704,-0.00132704,-0.00132704,-0.00132704,-0.00132704,-0.00132704
50.9395,0.523599,-0.994785,1.46683,-0.00132704,-0.00132704,-0.00132704,-0.00132704,-0.00132704,-0.00132704
50.952,0.523599,-0.996936,1.14474,-0.00132704,-0.00132704,-0.00132704,-0.00132704,-0.00132704,-0.00132704
50.9645,0.523599,-0.998519,0.806357,-0.00132704,-0.00132704,-0.00132704,-0.00132704,-0.00132704,-0.00132704
50.977,0.523599,-0.999533,0.456496,-0.00132704,-0.00132704,-0.00132704,-0.00132704,-0.00132704,-0.00132704
50.9895,0.523599,-0.999978,0.100137,-0.00132704,-0.00132704,-0.00132704,-0.00132704,-0.00132704,-0.00132704
51.002,0.523599,-0.999852,-0.257647,-0.00132704,-0.00132704,-0.00132704,-0.00132704,-0.00132704,-0.00132704
51.0145,0.523599,-0.999157,-0.611764,-0.00132704,-0.00132704,-0.00132704,-0.00132704,-0.00132704,-0.00132704
51.027,0.523599,-0.997892,-0.957174,-0.00132704,-0.00132704,-0.00132704,-0.00132704,-0.00132704,-0.00132704
51.0395,0.523599,-0.996058,-1.28896,-0.00132704,-0.00132704,-0.00132704,-0.00132704,-0.00132704,-0.00132704
51.052,0.523599,-0.993656,-1.6024,-0.00132704,-0.00132704,-0.00132704,-0.00132704,-0.00132704,-0.00132704
51.0645,0.523599,-0.990689,-1.89303,-0.00132704,-0.00132704,-0.00132704,-0.00132704,-0.00132704,-0.00132704
51.077,0.523599,-0.987156,-2.15672,-0.00132704,-0.00132704,-0.00132704,-0.00132704,-0.00132704,-0.00132704
51.0895,0.523599,-0.983061,-2.38971,-0.00132704,-0.00132704,-0.00132704,-0.00132704,-0.00132704,-0.00132704
51.102,0.523599,-0.978406,-2.58869,-0.00132704,-0.00132704,-0.00132704,-0.00132704,-0.00132704,-0.00132704
51.1145,0.523599,-0.973192,-2.75083,-0.00132704,-0.00132704,-0.00132704,-0.00132704,-0.00132704,-0.00132704
51.127,0.523599,-0.967425,-2.87381,-0.00132704,-0.00132704,-0.00132704,-0.00132704,-0.00132704,-0.00132704
51.1395,0.523599,-0.961105,-2.95589,-0.00132704,-0.00132704,-0.00132704,-0.00132704,-0.00132704,-0.00132704
51.152,0.523599,-0.954238,-2.99589,-0.00132704,-0.00132704,-0.00132704,-0.00132704,-0.00132704,-0.00132704
51.1645,0.523599,-0.946827,-2.99326,-0.00132704,-0.00132704,-0.00132704,-0.00132704,-0.00132704,-0.00132704
51.177,0.523599,-0.938877,-2.94802,-0.00132704,-0.00132704,-0.00132704,-0.00132704,-0.00132704,-0.00132704
51.1895,0.523599,-0.930391,-2.86082,-0.00132704,-0.00132704,-0.00132704,-0.00132704,-0.00132704,-0.00132704
51.202,0.523599,-0.921375,-2.73291,-0.00132704,-0.00132704,-0.00132704,-0.00132704,-0.00132704,-0.00132704
51.2145,0.523599,-0.911834,-2.56609,-0.00132704,-0.00132704,-0.00132704,-0.00132704,-0.00132704,-0.00132704
51.227,0.523599,-0.901773,-2.36276,-0.00132704,-0.00132704,-0.00132704,-0.00132704,-0.00132704,-0.00132704
51.2395,0.523599,-0.891198,-2.12579,-0.00132704,-0.00132704,-0.00132704,-0.00132704,-0.00132704,-0.00132704
51.252,0.523599,-0.880115,-1.85857,-0.00132704,-0.00132704,-0.00132704,-0.00132704,-0.00132704,-0.00132704
51.2645,0.523599,-0.868531,-1.56489,-0.00132704,-0.00132704,-0.00132704,-0.00132704,-0.00132704,-0.00132704
51.277,0.523599,-0.856451,-1.24894,-0.00132704,-0.00132704,-0.00132704,-0.00132704,-0.00132704,-0.00132704
51.2895,0.523599,-0.843883,-0.915216,-0.00132704,-0.00132704,-0.00132704,-0.00132704,-0.00132704,-0.00132704
51.302,0.523599,-0.830835,-0.568463,-0.00132704,-0.00132704,-0.00132704,-0.00132704,-0.00132704,-0.00132704
51.3145,0.523599,-0.817312,-0.21362,-0.00132704,-0.00132704,-0.00132704,-0.00132704,-0.00132704,-0.00132704
51.327,0.523599,-0.803324,0.144264,-0.00132704,-0.00132704,-0.00132704,-0.00132704,-0.00132704,-0.00132704
51.3395,0.523599,-0.788878,0.500095,-0.00132704,-0.00132704,-0.00132704,-0.00132704,-0.00132704,-0.00132704
51.352,0.523599,-0.773983,0.848807,-0.00132704,-0.00132704,-0.00132704,-0.00132704,-0.00132704,-0.00132704
51.3645,0.523599,-0.758646,1.18544,-0.00132704,-0.00132704,-0.00132704,-0.00132704,-0.00132704,-0.00132704
51.377,0.523599,-0.742877,1.5052,-0.00132704,-0.00132704,-0.00132704,-0.00132704,-0.00132704,-0.00132704
51.3895,0.523599,-0.726684,1.80353,-0.00132704,-0.00132704,-0.00132704,-0.00132704,-0.00132704,-0.00132704
51.402,0.523599,-0.710078,2.0762,-0.00132704,-0.00132704,-0.00132704,-0.00132704,-0.00132704,-0.00132704
51.4145,0.523599,-0.693066,2.31931,-0.00132704,-0.00132704,-0.00132704,-0.00132704,-0.00132704,-0.00132704
51.427,0.523599,-0.675659,2.52942,-0.00132704,-0.00132704,-0.00132704,-0.00132704,-0.00132704,-0.00132704
51.4395,0.523599,-0.657868,2.70352,-0.00132704,-0.00132704,-0.00132704,-0.00132704,-0.00132704,-0.00132704
51.452,0.523599,-0.639701,2.83914,-0.00132704,-0.00132704,-0.00132704,-0.00132704,-0.00132704,-0.00132704
51.4645,0.523599,-0.62117,2.93435,-0.00132704,-0.00132704,-0.00132704,-0.00132704,-0.00132704,-0.00132704
51.477,0.523599,-0.602285,2.9878,-0.00132704,-0.00132704,-0.00132704,-0.00132704,-0.00132704,-0.00132704
51.4895,0.523599,-0.583056,2.99872,-0.00132704,-0.00132704,-0.00132704,-0.00132704,-0.00132704,-0.00132704
51.502,0.523599,-0.563495,2.96696,-0.00132704,-0.00132704,-0.00132704,-0.00132704,-0.00132704,-0.00132704
51.5145,0.523599,-0.543613,2.89298,-0.00132704,-0.00132704,-0.00132704,-0.00132704,-0.00132704,-0.00132704
51.527,0.523599,-0.523421,2.77781,-0.00132704,-0.00132704,-0.00132704,-0.00132704,-0.00132704,-0.00132704
51.5395,0.523599,-0.502931,2.62311,-0.00132704,-0.00132704,-0.00132704,-0.00132704,-0.00132704,-0.00132704
51.552,0.523599,-0.482154,2.43107,-0.00132704,-0.00132704,-0.00132704,-0.00132704,-0.00132704,-0.00132704
51.5645,0.523599,-0.461102,2.20444,-0.00132704,-0.00132704,-0.00132704,-0.00132704,-0.00132704,-0.00132704
51.577,0.523599,-0.439788,1.94642,-0.00132704,-0.00132704,-0.00132704,-0.00132704,-0.00132704,-0.00132704
51.5895,0.523599,-0.418223,1.6607,-0.00132704,-0.00132704,-0.00132704,-0.00132704,-0.00132704,-0.00132704
51.602,0.523599,-0.396419,1.35135,-0.00132704,-0.00132704,-0.00132704,-0.00132704,-0.00132704,-0.00132704
51.6145,0.523599,-0.37439,1.02276,-0.00132704,-0.00132704,-0.00132704,-0.00132704,-0.00132704,-0.00132704
51.627,0.523599,-0.352147,0.679615,-0.00132704,-0.00132704,-0.00132704,-0.00132704,-0.00132704,-0.00132704
51.6395,0.523599,-0.329703,0.326797,-0.00132704,-0.00132704,-0.00132704,-0.00132704,-0.00132704,-0.00132704
51.652,0.523599,-0.307072,-0.0306736,-0.00132704,-0.00132704,-0.00132704,-0.00132704,-0.00132704,-0.00132704
51.6645,0.523599,-0.284265,-0.387707,-0.00132704,-0.00132704,-0.00132704,-0.00132704,-0.00132704,-0.00132704
51.677,0.523599,-0.261296,-0.739222,-0.00132704,-0.00132704,-0.00132704,-0.00132704,-0.00132704,-0.00132704
51.6895,0.523599,-0.238179,-1.08022,-0.00132704,-0.00132704,-0.00132704,-0.00132704,-0.00132704,-0.00132704
51.702,0.523599,-0.214925,-1.40584,-0.00132704,-0.00132704,-0.00132704,-0.00132704,-0.00132704,-0.00132704
51.7145,0.523599,-0.19155,-1.71144,-0.00132704,-0.00132704,-0.00132704,-0.00132704,-0.00132704,-0.00132704
51.727,0.523599,-0.168065,-1.9927,-0.00132704,-0.00132704,-0.00132704,-0.00132704,-0.00132704,-0.00132704
51.7395,0.523599,-0.144484,-2.24558,-0.00132704,-0.00132704,-0.00132704,-0.00132704,-0.00132704,-0.00132704
51.752,0.523599,-0.120821,-2.46651,-0.00132704,-0.00132704,-0.00132704,-0.00132704,-0.00132704,-0.00132704
51.7645,0.523599,-0.0970889,-2.65233,-0.00132704,-0.00132704,-0.00132704,-0.00132704,-0.00132704,-0.00132704
51.777,0.523599,-0.0733015,-2.8004,-0.00132704,-0.00132704,-0.00132704,-0.00132704,-0.00132704,-0.00132704
51.7895,0.523599,-0.0494724,-2.90861,-0.00132704,-0.00132704,-0.00132704,-0.00132704,-0.00132704,-0.00132704
51.802,0.523599,-0.0256151,-2.97542,-0.00132704,-0.00132704,-0.00132704,-0.00132704,-0.00132704,-0.00132704
51.8145,0.523599,-0.00174324,-2.99989,-0.00132704,-0.00132704,-0.00132704,-0.00132704,-0.00132704,-0.00132704
51.827,0.523599,0.0221296,-2.98165,-0.00132704,-0.00132704,-0.00132704,-0.00132704,-0.00132704,-0.00132704
51.8395,0.523599,0.0459899,-2.92098,-0.00132704,-0.00132704,-0.00132704,-0.00132704,-0.00132704,-0.00132704
51.852,0.523599,0.069824,-2.81873,-0.00132704,-0.00132704,-0.00132704,-0.00132704,-0.00132704,-0.00132704
51.8645,0.523599,0.0936183,-2.67636,-0.00132704,-0.00132704,-0.00132704,-0.00132704,-0.00132704,-0.00132704
51.877,0.523599,0.117359,-2.4959,-0.00132704,-0.00132704,-0.00132704,-0.00132704,-0.00132704,-0.00132704
51.8895,0.523599,0.141033,-2.27992,-0.00132704,-0.00132704,-0.00132704,-0.00132704,-0.00132704,-0.00132704
51.902,0.523599,0.164627,-2.03148,-0.00132704,-0.00132704,-0.00132704,-0.00132704,-0.00132704,-0.00132704
51.9145,0.523599,0.188127,-1.75414,-0.00132704,-0.00132704,-0.00132704,-0.00132704,-0.00132704,-0.00132704
51.927,0.523599,0.211519,-1.45182,-0.00132704,-0.00132704,-0.00132704,-0.00132704,-0.00132704,-0.00132704
51.9395,0.523599,0.234791,-1.12884,-0.00132704,-0.00132704,-0.00132704,-0.00132704,-0.00132704,-0.00132704
51.952,0.523599,0.257929,-0.789792,-0.00132704,-0.00132704,-0.00132704,-0.00132704,-0.00132704,-0.00132704
51.9645,0.523599,0.280921,-0.439504,-0.00132704,-0.00132704,-0.00132704,-0.00132704,-0.00132704,-0.00132704
51.977,0.523599,0.303752,-0.0829608,-0.00132704,-0.00132704,-0.00132704,-0.00132704,-0.00132704,-0.00132704
51.9895,0.523599,0.32641,0.274763,-0.00132704,-0.00132704,-0.00132704,-0.00132704,-0.00132704,-0.00132704
52.002,0.523599,0.348881,0.628577,-0.00132704,-0.00132704,-0.00132704,-0.00132704,-0.00132704,-0.00132704
52.0145,0.523599,0.371154,0.973444,-0.00132704,-0.00132704,-0.00132704,-0.00132704,-0.00132704,-0.00132704
52.027,0.523599,0.393216,1.30446,-0.00132704,-0.00132704,-0.00132704,-0.00132704,-0.00132704,-0.00132704
52.0395,0.523599,0.415053,1.6169,-0.00132704,-0.00132704,-0.00132704,-0.00132704,-0.00132704,-0.00132704
52.052,0.523599,0.436654,1.90633,-0.00132704,-0.00132704,-0.00132704,-0.00132704,-0.00132704,-0.00132704
52.0645,0.523599,0.458006,2.16863,-0.00132704,-0.00132704,-0.00132704,-0.00132704,-0.00132704,-0.00132704
52.077,0.523599,0.479097,2.40006,-0.00132704,-0.00132704,-0.00132704,-0.00132704,-0.00132704,-0.00132704
52.0895,0.523599,0.499915,2.59734,-0.00132704,-0.00132704,-0.00132704,-0.00132704,-0.00132704,-0.00132704
52.102,0.523599,0.520447,2.75764,-0.00132704,-0.00132704,-0.00132704,-0.00132704,-0.00132704,-0.00132704
52.1145,0.523599,0.540684,2.87869,-0.00132704,-0.00132704,-0.00132704,-0.00132704,-0.00132704,-0.00132704
52.127,0.523599,0.560612,2.95878,-0.00132704,-0.00132704,-0.00132704,-0.00132704,-0.00132704,-0.00132704
52.1395,0.523599,0.58022,2.99674,-0.00132704,-0.00132704,-0.00132704,-0.00132704,-0.00132704,-0.00132704
52.152,0.523599,0.599498,2.99206,-0.00132704,-0.00132704,-0.00132704,-0.00132704,-0.00132704,-0.00132704
52.1645,0.523599,0.618434,2.94479,-0.00132704,-0.00132704,-0.00132704,-0.00132704,-0.00132704,-0.00132704
52.177,0.523599,0.637018,2.8556,-0.00132704,-0.00132704,-0.00132704,-0.00132704,-0.00132704,-0.00132704
52.1895,0.523599,0.655238,2.72578,-0.00132704,-0.00132704,-0.00132704,-0.00132704,-0.00132704,-0.00132704
52.202,0.523599,0.673085,2.55715,-0.00132704,-0.00132704,-0.00132704,-0.00132704,-0.00132704,-0.00132704
52.2145,0.523599,0.690548,2.35213,-0.00132704,-0.00132704,-0.00132704,-0.00132704,-0.00132704,-0.00132704
52.227,0.523599,0.707618,2.11363,-0.00132704,-0.00132704,-0.00132704,-0.00132704,-0.00132704,-0.00132704
52.2395,0.523599,0.724285,1.84505,-0.00132704,-0.00132704,-0.00132704,-0.00132704,-0.00132704,-0.00132704
52.252,0.523599,0.740538,1.5502,-0.00132704,-0.00132704,-0.00132704,-0.00132704,-0.00132704,-0.00132704
52.2645,0.523599,0.75637,1.2333,-0.00132704,-0.00132704,-0.00132704,-0.00132704,-0.00132704,-0.00132704
52.277,0.523599,0.77177,0.898836,-0.00132704,-0.00132704,-0.00132704,-0.00132704,-0.00132704,-0.00132704
52.2895,0.523599,0.786731,0.551582,-0.00132704,-0.00132704,-0.00132704,-0.00132704,-0.00132704,-0.00132704
52.302,0.523599,0.801243,0.196476,-0.00132704,-0.00132704,-0.00132704,-0.00132704,-0.00132704,-0.00132704
52.3145,0.523599,0.815299,-0.161426,-0.00132704,-0.00132704,-0.00132704,-0.00132704,-0.00132704,-0.00132704
52.327,0.523599,0.828889,-0.51703,-0.00132704,-0.00132704,-0.00132704,-0.00132704,-0.00132704,-0.00132704
52.3395,0.523599,0.842008,-0.865275,-0.00132704,-0.00132704,-0.00132704,-0.00132704,-0.00132704,-0.00132704
52.352,0.523599,0.854646,-1.2012,-0.00132704,-0.00132704,-0.00132704,-0.00132704,-0.00132704,-0.00132704
52.3645,0.523599,0.866797,-1.52004,-0.00132704,-0.00132704,-0.00132704,-0.00132704,-0.00132704,-0.00132704
52.377,0.523599,0.878455,-1.81724,-0.00132704,-0.00132704,-0.00132704,-0.00132704,-0.00132704,-0.00132704
52.3895,0.523599,0.889611,-2.08857,-0.00132704,-0.00132704,-0.00132704,-0.00132704,-0.00132704,-0.00132704
52.402,0.523599,0.900261,-2.33017,-0.00132704,-0.00132704,-0.00132704,-0.00132704,-0.00132704,-0.00132704
52.4145,0.523599,0.910397,-2.53861,-0.00132704,-0.00132704,-0.00132704,-0.00132704,-0.00132704,-0.00132704
52.427,0.523599,0.920014,-2.71092,-0.00132704,-0.00132704,-0.00132704,-0.00132704,-0.00132704,-0.00132704
52.4395,0.523599,0.929107,-2.84465,-0.00132704,-0.00132704,-0.00132704,-0.00132704,-0.00132704,-0.00132704
52.452,0.523599,0.937671,-2.93788,-0.00132704,-0.00132704,-0.00132704,-0.00132704,-0.00132704,-0.00132704
52.4646,0.523599,0.9457,-2.9893,-0.00132704,-0.00132704,-0.00132704,-0.00132704,-0.00132704,-0.00132704
52.4771,0.523599,0.95319,-2.99817,-0.00132704,-0.00132704,-0.00132704,-0.00132704,-0.00132704,-0.00132704
52.4896,0.523599,0.960137,-2.96437,-0.00132704,-0.00132704,-0.00132704,-0.00132704,-0.00132704,-0.00132704
52.5021,0.523599,0.966536,-2.88838,-0.00132704,-0.00132704,-0.00132704,-0.00132704,-0.00132704,-0.00132704
52.5146,0.523599,0.972385,-2.77128,-0.00132704,-0.00132704,-0.00132704,-0.00132704,-0.00132704,-0.00132704
52.5271,0.523599,0.977679,-2.61473,-0.00132704,-0.00132704,-0.00132704,-0.00132704,-0.00132704,-0.00132704
52.5396,0.523599,0.982416,-2.42097,-0.00132704,-0.00132704,-0.00132704,-0.00132704,-0.00132704,-0.00132704
52.5521,0.523599,0.986593,-2.19275,-0.00132704,-0.00132704,-0.00132704,-0.00132704,-0.00132704,-0.00132704
52.5646,0.523599,0.990208,-1.93331,-0.00132704,-0.00132704,-0.00132704,-0.00132704,-0.00132704,-0.00132704
52.5771,0.523599,0.993258,-1.64637,-0.00132704,-0.00132704,-0.00132704,-0.00132704,-0.00132704,-0.00132704
52.5896,0.523599,0.995743,-1.33599,-0.00132704,-0.00132704,-0.00132704,-0.00132704,-0.00132704,-0.00132704
52.6021,0.523599,0.997659,-1.00659,-0.00132704,-0.00132704,-0.00132704,-0.00132704,-0.00132704,-0.00132704
52.6146,0.523599,0.999007,-0.662867,-0.00132704,-0.00132704,-0.00132704,-0.00132704,-0.00132704,-0.00132704
52.6271,0.523599,0.999786,-0.30971,-0.00132704,-0.00132704,-0.00132704,-0.00132704,-0.00132704,-0.00132704
52.6396,0.523599,0.999995,0.047856,-0.00132704,-0.00132704,-0.00132704,-0.00132704,-0.00132704,-0.00132704
52.6521,0.523599,0.999634,0.404741,-0.00132704,-0.00132704,-0.00132704,-0.00132704,-0.00132704,-0.00132704
52.6646,0.523599,0.998703,0.755864,-0.00132704,-0.00132704,-0.00132704,-0.00132704,-0.00132704,-0.00132704
52.6771,0.523599,0.997203,1.09623,-0.00132704,-0.00132704,-0.00132704,-0.00132704,-0.00132704,-0.00132704
52.6896,0.523599,0.995134,1.42099,-0.00132704,-0.00132704,-0.00132704,-0.00132704,-0.00132704,-0.00132704
52.7021,0.523599,0.992498,1.72553,-0.00132704,-0.00132704,-0.00132704,-0.00132704,-0.00132704,-0.00132704
52.7146,0.523599,0.989297,2.00551,-0.00132704,-0.00132704,-0.00132704,-0.00132704,-0.00132704,-0.00132704
52.7271,0.523599,0.985532,2.25694,-0.00132704,-0.00132704,-0.00132704,-0.00132704,-0.00132704,-0.00132704
52.7396,0.523599,0.981205,2.47625,-0.00132704,-0.00132704,-0.00132704,-0.00132704,-0.00132704,-0.00132704
52.7521,0.523599,0.976318,2.66032,-0.00132704,-0.00132704,-0.00132704,-0.00132704,-0.00132704,-0.00132704
52.7646,0.523599,0.970876,2.80652,-0.00132704,-0.00132704,-0.00132704,-0.00132704,-0.00132704,-0.00132704
52.7771,0.523599,0.964879,2.91277,-0.00132704,-0.00132704,-0.00132704,-0.00132704,-0.00132704,-0.00132704
52.7896,0.523599,0.958333,2.97757,-0.00132704,-0.00132704,-0.00132704,-0.00132704,-0.00132704,-0.00132704
52.8021,0.523599,0.951241,2.99999,-0.00132704,-0.00132704,-0.00132704,-0.00132704,-0.00132704,-0.00132704
52.8146,0.523599,0.943606,2.9797,-0.00132704,-0.00132704,-0.00132704,-0.00132704,-0.00132704,-0.00132704
52.8271,0.523599,0.935434,2.91701,-0.00132704,-0.00132704,-0.00132704,-0.00132704,-0.00132704,-0.00132704
52.8396,0.523599,0.926729,2.8128,-0.00132704,-0.00132704,-0.00132704,-0.00132704,-0.00132704,-0.00132704
52.8521,0.523599,0.917495,2.66856,-0.00132704,-0.00132704,-0.00132704,-0.00132704,-0.00132704,-0.00132704
52.8646,0.523599,0.907738,2.48633,-0.00132704,-0.00132704,-0.00132704,-0.00132704,-0.00132704,-0.00132704
52.8771,0.523599,0.897464,2.26871,-0.00132704,-0.00132704,-0.00132704,-0.00132704,-0.00132704,-0.00132704
52.8896,0.523599,0.886679,2.01881,-0.00132704,-0.00132704,-0.00132704,-0.00132704,-0.00132704,-0.00132704
52.9021,0.523599,0.875388,1.74017,-0.00132704,-0.00132704,-0.00132704,-0.00132704,-0.00132704,-0.00132704
52.9146,0.523599,0.863598,1.43676,-0.00132704,-0.00132704,-0.00132704,-0.00132704,-0.00132704,-0.00132704
52.9271,0.523599,0.851316,1.1129,-0.00132704,-0.00132704,-0.00132704,-0.00132704,-0.00132704,-0.00132704
52.9396,0.523599,0.838548,0.773202,-0.00132704,-0.00132704,-0.00132704,-0.00132704,-0.00132704,-0.00132704
52.9521,0.523599,0.825303,0.422499,-0.00132704,-0.00132704,-0.00132704,-0.00132704,-0.00132704,-0.00132704
52.9646,0.523599,0.811587,0.0657822,-0.00132704,-0.00132704,-0.00132704,-0.00132704,-0.00132704,-0.00132704
52.9771,0.523599,0.797409,-0.291871,-0.00132704,-0.00132704,-0.00132704,-0.00132704,-0.00132704,-0.00132704
52.9896,0.523599,0.782776,-0.645369,-0.00132704,-0.00132704,-0.00132704,-0.00132704,-0.00132704,-0.00132704
53.0021,0.523599,0.767697,-0.989682,-0.00132704,-0.00132704,-0.00132704,-0.00132704,-0.00132704,-0.00132704
53.0146,0.523599,0.75218,-1.31991,-0.00132704,-0.00132704,-0.00132704,-0.00132704,-0.00132704,-0.00132704
53.0271,0.523599,0.736235,-1.63135,-0.00132704,-0.00132704,-0.00132704,-0.00132704,-0.00132704,-0.00132704
53.0396,0.523599,0.71987,-1.91957,-0.00132704,-0.00132704,-0.00132704,-0.00132704,-0.00132704,-0.00132704
53.0521,0.523599,0.703095,-2.18047,-0.00132704,-0.00132704,-0.00132704,-0.00132704,-0.00132704,-0.00132704
53.0646,0.523599,0.685919,-2.41033,-0.00132704,-0.00132704,-0.00132704,-0.00132704,-0.00132704,-0.00132704
53.0771,0.523599,0.668352,-2.60589,-0.00132704,-0.00132704,-0.00132704,-0.00132704,-0.00132704,-0.00132704
53.0896,0.523599,0.650404,-2.76436,-0.00132704,-0.00132704,-0.00132704,-0.00132704,-0.00132704,-0.00132704
53.1021,0.523599,0.632086,-2.88348,-0.00132704,-0.00132704,-0.00132704,-0.00132704,-0.00132704,-0.00132704
53.1146,0.523599,0.613407,-2.96157,-0.00132704,-0.00132704,-0.00132704,-0.00132704,-0.00132704,-0.00132704
53.1271,0.523599,0.594378,-2.99749,-0.00132704,-0.00132704,-0.00132704,-0.00132704,-0.00132704,-0.00132704
53.1396,0.523599,0.575011,-2.99076,-0.00132704,-0.00132704,-0.00132704,-0.00132704,-0.00132704,-0.00132704
53.1521,0.523599,0.555316,-2.94146,-0.00132704,-0.00132704,-0.00132704,-0.00132704,-0.00132704,-0.00132704
53.1646,0.523599,0.535305,-2.85029,-0.00132704,-0.00132704,-0.00132704,-0.00132704,-0.00132704,-0.00132704
53.1771,0.523599,0.514988,-2.71855,-0.00132704,-0.00132704,-0.00132704,-0.00132704,-0.00132704,-0.00132704
53.1896,0.523599,0.494378,-2.54812,-0.00132704,-0.00132704,-0.00132704,-0.00132704,-0.00132704,-0.00132704
53.2021,0.523599,0.473486,-2.34143,-0.00132704,-0.00132704,-0.00132704,-0.00132704,-0.00132704,-0.00132704
53.2146,0.523599,0.452324,-2.1014,-0.00132704,-0.00132704,-0.00132704,-0.00132704,-0.00132704,-0.00132704
53.2271,0.523599,0.430905,-1.83147,-0.00132704,-0.00132704,-0.00132704,-0.00132704,-0.00132704,-0.00132704
53.2396,0.523599,0.409239,-1.53547,-0.00132704,-0.00132704,-0.00132704,-0.00132704,-0.00132704,-0.00132704
53.2521,0.523599,0.387341,-1.21761,-0.00132704,-0.00132704,-0.00132704,-0.00132704,-0.00132704,-0.00132704
53.2646,0.523599,0.365222,-0.882427,-0.00132704,-0.00132704,-0.00132704,-0.00132704,-0.00132704,-0.00132704
53.2771,0.523599,0.342894,-0.534682,-0.00132704,-0.00132704,-0.00132704,-0.00132704,-0.00132704,-0.00132704
53.2896,0.523599,0.320371,-0.179326,-0.00132704,-0.00132704,-0.00132704,-0.00132704,-0.00132704,-0.00132704
53.3021,0.523599,0.297666,0.178582,-0.00132704,-0.00132704,-0.00132704,-0.00132704,-0.00132704,-0.00132704
53.3146,0.523599,0.274791,0.533948,-0.00132704,-0.00132704,-0.00132704,-0.00132704,-0.00132704,-0.00132704
53.3271,0.523599,0.251759,0.881714,-0.00132704,-0.00132704,-0.00132704,-0.00132704,-0.00132704,-0.00132704
53.3396,0.523599,0.228584,1.21693,-0.00132704,-0.00132704,-0.00132704,-0.00132704,-0.00132704,-0.00132704
53.3521,0.523599,0.205278,1.53483,-0.00132704,-0.00132704,-0.00132704,-0.00132704,-0.00132704,-0.00132704
53.3646,0.523599,0.181856,1.83088,-0.00132704,-0.00132704,-0.00132704,-0.00132704,-0.00132704,-0.00132704
53.3771,0.523599,0.158329,2.10087,-0.00132704,-0.00132704,-0.00132704,-0.00132704,-0.00132704,-0.00132704
53.3896,0.523599,0.134713,2.34096,-0.00132704,-0.00132704,-0.00132704,-0.00132704,-0.00132704,-0.00132704
53.4021,0.523599,0.11102,2.54773,-0.00132704,-0.00132704,-0.00132704,-0.00132704,-0.00132704,-0.00132704
53.4146,0.523599,0.0872633,2.71824,-0.00132704,-0.00132704,-0.00132704,-0.00132704,-0.00132704,-0.00132704
53.4271,0.523599,0.0634571,2.85006,-0.00132704,-0.00132704,-0.00132704,-0.00132704,-0.00132704,-0.00132704
53.4396,0.523599,0.0396147,2.94131,-0.00132704,-0.00132704,-0.00132704,-0.00132704,-0.00132704,-0.00132704
53.4521,0.523599,0.0157497,2.9907,-0.00132704,-0.00132704,-0.00132704,-0.00132704,-0.00132704,-0.00132704
53.4646,0.523599,-0.00812422,2.99753,-0.00132704,-0.00132704,-0.00132704,-0.00132704,-0.00132704,-0.00132704
53.4771,0.523599,-0.0319936,2.96168,-0.00132704,-0.00132704,-0.00132704,-0.00132704,-0.00132704,-0.00132704
53.4896,0.523599,-0.0558446,2.88369,-0.00132704,-0.00132704,-0.00132704,-0.00132704,-0.00132704,-0.00132704
53.5021,0.523599,-0.0796639,2.76465,-0.00132704,-0.00132704,-0.00132704,-0.00132704,-0.00132704,-0.00132704
53.5146,0.523599,-0.103438,2.60626,-0.00132704,-0.00132704,-0.00132704,-0.00132704,-0.00132704,-0.00132704
53.5271,0.523599,-0.127153,2.41078,-0.00132704,-0.00132704,-0.00132704,-0.00132704,-0.00132704,-0.00132704
53.5396,0.523599,-0.150795,2.18098,-0.00132704,-0.00132704,-0.00132704,-0.00132704,-0.00132704,-0.00132704
53.5521,0.523599,-0.174352,1.92014,-0.00132704,-0.00132704,-0.00132704,-0.00132704,-0.00132704,-0.00132704
53.5646,0.523599,-0.197809,1.63197,-0.00132704,-0.00132704,-0.00132704,-0.00132704,-0.00132704,-0.00132704
53.5771,0.523599,-0.221153,1.32058,-0.00132704,-0.00132704,-0.00132704,-0.00132704,-0.00132704,-0.00132704
53.5896,0.523599,-0.244371,0.990386,-0.00132704,-0.00132704,-0.00132704,-0.00132704,-0.00132704,-0.00132704
53.6021,0.523599,-0.26745,0.646097,-0.00132704,-0.00132704,-0.00132704,-0.00132704,-0.00132704,-0.00132704
53.6146,0.523599,-0.290377,0.292613,-0.00132704,-0.00132704,-0.00132704,-0.00132704,-0.00132704,-0.00132704
53.6271,0.523599,-0.313138,-0.0650369,-0.00132704,-0.00132704,-0.00132704,-0.00132704,-0.00132704,-0.00132704
53.6396,0.523599,-0.335721,-0.421761,-0.00132704,-0.00132704,-0.00132704,-0.00132704,-0.00132704,-0.00132704
53.6521,0.523599,-0.358112,-0.772481,-0.00132704,-0.00132704,-0.00132704,-0.00132704,-0.00132704,-0.00132704
53.6646,0.523599,-0.380299,-1.11221,-0.00132704,-0.00132704,-0.00132704,-0.00132704,-0.00132704,-0.00132704
53.6771,0.523599,-0.402269,-1.4361,-0.00132704,-0.00132704,-0.00132704,-0.00132704,-0.00132704,-0.00132704
53.6896,0.523599,-0.42401,-1.73956,-0.00132704,-0.00132704,-0.00132704,-0.00132704,-0.00132704,-0.00132704
53.7021,0.523599,-0.44551,-2.01825,-0.00132704,-0.00132704,-0.00132704,-0.00132704,-0.00132704,-0.00132704
53.7146,0.523599,-0.466755,-2.26822,-0.00132704,-0.00132704,-0.00132704,-0.00132704,-0.00132704,-0.00132704
53.7271,0.523599,-0.487735,-2.48591,-0.00132704,-0.00132704,-0.00132704,-0.00132704,-0.00132704,-0.00132704
53.7396,0.523599,-0.508436,-2.66822,-0.00132704,-0.00132704,-0.00132704,-0.00132704,-0.00132704,-0.00132704
53.7521,0.523599,-0.528848,-2.81254,-0.00132704,-0.00132704,-0.00132704,-0.00132704,-0.00132704,-0.00132704
53.7646,0.523599,-0.548958,-2.91684,-0.00132704,-0.00132704,-0.00132704,-0.00132704,-0.00132704,-0.00132704
53.7771,0.523599,-0.568755,-2.97962,-0.00132704,-0.00132704,-0.00132704,-0.00132704,-0.00132704,-0.00132704
53.7896,0.523599,-0.588228,-2.99999,-0.00132704,-0.00132704,-0.00132704,-0.00132704,-0.00132704,-0.00132704
53.8021,0.523599,-0.607366,-2.97766,-0.00132704,-0.00132704,-0.00132704,-0.00132704,-0.00132704,-0.00132704
53.8146,0.523599,-0.626158,-2.91295,-0.00132704,-0.00132704,-0.00132704,-0.00132704,-0.00132704,-0.00132704
53.8271,0.523599,-0.644593,-2.80678,-0.00132704,-0.00132704,-0.00132704,-0.00132704,-0.00132704,-0.00132704
53.8396,0.523599,-0.66266,-2.66066,-0.00132704,-0.00132704,-0.00132704,-0.00132704,-0.00132704,-0.00132704
53.8521,0.523599,-0.68035,-2.47667,-0.00132704,-0.00132704,-0.00132704,-0.00132704,-0.00132704,-0.00132704
53.8646,0.523599,-0.697652,-2.25743,-0.00132704,-0.00132704,-0.00132704,-0.00132704,-0.00132704,-0.00132704
53.8771,0.523599,-0.714556,-2.00606,-0.00132704,-0.00132704,-0.00132704,-0.00132704,-0.00132704,-0.00132704
53.8896,0.523599,-0.731053,-1.72614,-0.00132704,-0.00132704,-0.00132704,-0.00132704,-0.00132704,-0.00132704
53.9021,0.523599,-0.747133,-1.42165,-0.00132704,-0.00132704,-0.00132704,-0.00132704,-0.00132704,-0.00132704
53.9146,0.523599,-0.762788,-1.09692,-0.00132704,-0.00132704,-0.00132704,-0.00132704,-0.00132704,-0.00132704
53.9271,0.523599,-0.778008,-0.756586,-0.00132704,-0.00132704,-0.00132704,-0.00132704,-0.00132704,-0.00132704
53.9396,0.523599,-0.792784,-0.405479,-0.00132704,-0.00132704,-0.00132704,-0.00132704,-0.00132704,-0.00132704
53.9521,0.523599,-0.807108,-0.0486014,-0.00132704,-0.00132704,-0.00132704,-0.00132704,-0.00132704,-0.00132704
53.9646,0.523599,-0.820973,0.308968,-0.00132704,-0.00132704,-0.00132704,-0.00132704,-0.00132704,-0.00132704
53.9771,0.523599,-0.834369,0.66214,-0.00132704,-0.00132704,-0.00132704,-0.00132704,-0.00132704,-0.00132704
53.9896,0.523599,-0.84729,1.00589,-0.00132704,-0.00132704,-0.00132704,-0.00132704,-0.00132704,-0.00132704
54.0021,0.523599,-0.859728,1.33532,-0.00132704,-0.00132704,-0.00132704,-0.00132704,-0.00132704,-0.00132704
54.0146,0.523599,-0.871676,1.64574,-0.00132704,-0.00132704,-0.00132704,-0.00132704,-0.00132704,-0.00132704
54.0271,0.523599,-0.883127,1.93274,-0.00132704,-0.00132704,-0.00132704,-0.00132704,-0.00132704,-0.00132704
54.0396,0.523599,-0.894074,2.19224,-0.00132704,-0.00132704,-0.00132704,-0.00132704,-0.00132704,-0.00132704
54.0521,0.523599,-0.904512,2.42053,-0.00132704,-0.00132704,-0.00132704,-0.00132704,-0.00132704,-0.00132704
54.0646,0.523599,-0.914435,2.61436,-0.00132704,-0.00132704,-0.00132704,-0.00132704,-0.00132704,-0.00132704
54.0771,0.523599,-0.923836,2.77099,-0.00132704,-0.00132704,-0.00132704,-0.00132704,-0.00132704,-0.00132704
54.0896,0.523599,-0.932711,2.88818,-0.00132704,-0.00132704,-0.00132704,-0.00132704,-0.00132704,-0.00132704
54.1021,0.523599,-0.941054,2.96426,-0.00132704,-0.00132704,-0.00132704,-0.00132704,-0.00132704,-0.00132704
54.1147,0.523599,-0.948861,2.99815,-0.00132704,-0.00132704,-0.00132704,-0.00132704,-0.00132704,-0.00132704
54.1272,0.523599,-0.956127,2.98936,-0.00132704,-0.00132704,-0.00132704,-0.00132704,-0.00132704,-0.00132704
54.1397,0.523599,-0.962848,2.93803,-0.00132704,-0.00132704,-0.00132704,-0.00132704,-0.00132704,-0.00132704
54.1522,0.523599,-0.96902,2.84488,-0.00132704,-0.00132704,-0.00132704,-0.00132704,-0.00132704,-0.00132704
54.1647,0.523599,-0.97464,2.71124,-0.00132704,-0.00132704,-0.00132704,-0.00132704,-0.00132704,-0.00132704
54.1772,0.523599,-0.979705,2.53901,-0.00132704,-0.00132704,-0.00132704,-0.00132704,-0.00132704,-0.00132704
54.1897,0.523599,-0.98421,2.33064,-0.00132704,-0.00132704,-0.00132704,-0.00132704,-0.00132704,-0.00132704
54.2022,0.523599,-0.988155,2.0891,-0.00132704,-0.00132704,-0.00132704,-0.00132704,-0.00132704,-0.00132704
54.2147,0.523599,-0.991537,1.81783,-0.00132704,-0.00132704,-0.00132704,-0.00132704,-0.00132704,-0.00132704
54.2272,0.523599,-0.994354,1.52068,-0.00132704,-0.00132704,-0.00132704,-0.00132704,-0.00132704,-0.00132704
54.2397,0.523599,-0.996604,1.20189,-0.00132704,-0.00132704,-0.00132704,-0.00132704,-0.00132704,-0.00132704
54.2522,0.523599,-0.998285,0.865989,-0.00132704,-0.00132704,-0.00132704,-0.00132704,-0.00132704,-0.00132704
54.2647,0.523599,-0.999398,0.517764,-0.00132704,-0.00132704,-0.00132704,-0.00132704,-0.00132704,-0.00132704
54.2772,0.523599,-0.999942,0.16217,-0.00132704,-0.00132704,-0.00132704,-0.00132704,-0.00132704,-0.00132704
54.2897,0.523599,-0.999915,-0.195732,-0.00132704,-0.00132704,-0.00132704,-0.00132704,-0.00132704,-0.00132704
54.3022,0.523599,-0.999318,-0.550849,-0.00132704,-0.00132704,-0.00132704,-0.00132704,-0.00132704,-0.00132704
54.3147,0.523599,-0.998152,-0.898125,-0.00132704,-0.00132704,-0.00132704,-0.00132704,-0.00132704,-0.00132704
54.3272,0.523599,-0.996417,-1.23262,-0.00132704,-0.00132704,-0.00132704,-0.00132704,-0.00132704,-0.00132704
54.3397,0.523599,-0.994114,-1.54957,-0.00132704,-0.00132704,-0.00132704,-0.00132704,-0.00132704,-0.00132704
54.3522,0.523599,-0.991244,-1.84446,-0.00132704,-0.00132704,-0.00132704,-0.00132704,-0.00132704,-0.00132704
54.3647,0.523599,-0.987809,-2.1131,-0.00132704,-0.00132704,-0.00132704,-0.00132704,-0.00132704,-0.00132704
54.3772,0.523599,-0.983811,-2.35167,-0.00132704,-0.00132704,-0.00132704,-0.00132704,-0.00132704,-0.00132704
54.3897,0.523599,-0.979253,-2.55676,-0.00132704,-0.00132704,-0.00132704,-0.00132704,-0.00132704,-0.00132704
54.4022,0.523599,-0.974136,-2.72546,-0.00132704,-0.00132704,-0.00132704,-0.00132704,-0.00132704,-0.00132704
54.4147,0.523599,-0.968464,-2.85538,-0.00132704,-0.00132704,-0.00132704,-0.00132704,-0.00132704,-0.00132704
54.4272,0.523599,-0.96224,-2.94465,-0.00132704,-0.00132704,-0.00132704,-0.00132704,-0.00132704,-0.00132704
54.4397,0.523599,-0.955468,-2.992,-0.00132704,-0.00132704,-0.00132704,-0.00132704,-0.00132704,-0.00132704
54.4522,0.523599,-0.948151,-2.99678,-0.00132704,-0.00132704,-0.00132704,-0.00132704,-0.00132704,-0.00132704
54.4647,0.523599,-0.940294,-2.9589,-0.00132704,-0.00132704,-0.00132704,-0.00132704,-0.00132704,-0.00132704
54.4772,0.523599,-0.931901,-2.8789,-0.00132704,-0.00132704,-0.00132704,-0.00132704,-0.00132704,-0.00132704
54.4897,0.523599,-0.922976,-2.75793,-0.00132704,-0.00132704,-0.00132704,-0.00132704,-0.00132704,-0.00132704
54.5022,0.523599,-0.913526,-2.59771,-0.00132704,-0.00132704,-0.00132704,-0.00132704,-0.00132704,-0.00132704
54.5147,0.523599,-0.903554,-2.40051,-0.00132704,-0.00132704,-0.00132704,-0.00132704,-0.00132704,-0.00132704
54.5272,0.523599,-0.893068,-2.16915,-0.00132704,-0.00132704,-0.00132704,-0.00132704,-0.00132704,-0.00132704
54.5397,0.523599,-0.882073,-1.90691,-0.00132704,-0.00132704,-0.00132704,-0.00132704,-0.00132704,-0.00132704
54.5522,0.523599,-0.870575,-1.61753,-0.00132704,-0.00132704,-0.00132704,-0.00132704,-0.00132704,-0.00132704
54.5647,0.523599,-0.858581,-1.30513,-0.00132704,-0.00132704,-0.00132704,-0.00132704,-0.00132704,-0.00132704
54.5772,0.523599,-0.846097,-0.974149,-0.00132704,-0.00132704,-0.00132704,-0.00132704,-0.00132704,-0.00132704
54.5897,0.523599,-0.833131,-0.629306,-0.00132704,-0.00132704,-0.00132704,-0.00132704,-0.00132704,-0.00132704
54.6022,0.523599,-0.819691,-0.275506,-0.00132704,-0.00132704,-0.00132704,-0.00132704,-0.00132704,-0.00132704
54.6147,0.523599,-0.805783,0.0822156,-0.00132704,-0.00132704,-0.00132704,-0.00132704,-0.00132704,-0.00132704
54.6272,0.523599,-0.791416,0.438767,-0.00132704,-0.00132704,-0.00132704,-0.00132704,-0.00132704,-0.00132704
54.6397,0.523599,-0.776597,0.789073,-0.00132704,-0.00132704,-0.00132704,-0.00132704,-0.00132704,-0.00132704
54.6522,0.523599,-0.761337,1.12815,-0.00132704,-0.00132704,-0.00132704,-0.00132704,-0.00132704,-0.00132704
54.6647,0.523599,-0.745642,1.45117,-0.00132704,-0.00132704,-0.00132704,-0.00132704,-0.00132704,-0.00132704
54.6772,0.523599,-0.729522,1.75353,-0.00132704,-0.00132704,-0.00132704,-0.00132704,-0.00132704,-0.00132704
54.6897,0.523599,-0.712986,2.03094,-0.00132704,-0.00132704,-0.00132704,-0.00132704,-0.00132704,-0.00132704
54.7022,0.523599,-0.696044,2.27943,-0.00132704,-0.00132704,-0.00132704,-0.00132704,-0.00132704,-0.00132704
54.7147,0.523599,-0.678705,2.49549,-0.00132704,-0.00132704,-0.00132704,-0.00132704,-0.00132704,-0.00132704
54.7272,0.523599,-0.66098,2.67603,-0.00132704,-0.00132704,-0.00132704,-0.00132704,-0.00132704,-0.00132704
54.7397,0.523599,-0.642878,2.81848,-0.00132704,-0.00132704,-0.00132704,-0.00132704,-0.00132704,-0.00132704
54.7522,0.523599,-0.624409,2.92081,-0.00132704,-0.00132704,-0.00132704,-0.00132704,-0.00132704,-0.00132704
54.7647,0.523599,-0.605584,2.98157,-0.00132704,-0.00132704,-0.00132704,-0.00132704,-0.00132704,-0.00132704
54.7772,0.523599,-0.586414,2.99989,-0.00132704,-0.00132704,-0.00132704,-0.00132704,-0.00132704,-0.00132704
54.7897,0.523599,-0.56691,2.97552,-0.00132704,-0.00132704,-0.00132704,-0.00132704,-0.00132704,-0.00132704
54.8022,0.523599,-0.547083,2.90879,-0.00132704,-0.00132704,-0.00132704,-0.00132704,-0.00132704,-0.00132704
54.8147,0.523599,-0.526944,2.80067,-0.00132704,-0.00132704,-0.00132704,-0.00132704,-0.00132704,-0.00132704
54.8272,0.523599,-0.506505,2.65268,-0.00132704,-0.00132704,-0.00132704,-0.00132704,-0.00132704,-0.00132704
54.8397,0.523599,-0.485777,2.46693,-0.00132704,-0.00132704,-0.00132704,-0.00132704,-0.00132704,-0.00132704
54.8522,0.523599,-0.464772,2.24608,-0.00132704,-0.00132704,-0.00132704,-0.00132704,-0.00132704,-0.00132704
54.8647,0.523599,-0.443502,1.99325,-0.00132704,-0.00132704,-0.00132704,-0.00132704,-0.00132704,-0.00132704
54.8772,0.523599,-0.421979,1.71206,-0.00132704,-0.00132704,-0.00132704,-0.00132704,-0.00132704,-0.00132704
54.8897,0.523599,-0.400216,1.40649,-0.00132704,-0.00132704,-0.00132704,-0.00132704,-0.00132704,-0.00132704
54.9022,0.523599,-0.378225,1.08091,-0.00132704,-0.00132704,-0.00132704,-0.00132704,-0.00132704,-0.00132704
54.9147,0.523599,-0.356018,0.739945,-0.00132704,-0.00132704,-0.00132704,-0.00132704,-0.00132704,-0.00132704
54.9272,0.523599,-0.333608,0.388446,-0.00132704,-0.00132704,-0.00132704,-0.00132704,-0.00132704,-0.00132704
54.9397,0.523599,-0.311008,0.0314191,-0.00132704,-0.00132704,-0.00132704,-0.00132704,-0.00132704,-0.00132704
54.9522,0.523599,-0.288231,-0.326055,-0.00132704,-0.00132704,-0.00132704,-0.00132704,-0.00132704,-0.00132704
54.9647,0.523599,-0.26529,-0.678889,-0.00132704,-0.00132704,-0.00132704,-0.00132704,-0.00132704,-0.00132704
54.9772,0.523599,-0.242197,-1.02206,-0.00132704,-0.00132704,-0.00132704,-0.00132704,-0.00132704,-0.00132704
54.9897,0.523599,-0.218966,-1.35068,-0.00132704,-0.00132704,-0.00132704,-0.00132704,-0.00132704,-0.00132704
55.0022,0.523599,-0.195611,-1.66008,-0.00132704,-0.00132704,-0.00132704,-0.00132704,-0.00132704,-0.00132704
55.0147,0.523599,-0.172144,-1.94586,-0.00132704,-0.00132704,-0.00132704,-0.00132704,-0.00132704,-0.00132704
55.0272,0.523599,-0.148579,-2.20393,-0.00132704,-0.00132704,-0.00132704,-0.00132704,-0.00132704,-0.00132704
55.0397,0.523599,-0.124929,-2.43064,-0.00132704,-0.00132704,-0.00132704,-0.00132704,-0.00132704,-0.00132704
55.0522,0.523599,-0.101208,-2.62275,-0.00132704,-0.00132704,-0.00132704,-0.00132704,-0.00132704,-0.00132704
55.0647,0.523599,-0.0774293,-2.77753,-0.00132704,-0.00132704,-0.00132704,-0.00132704,-0.00132704,-0.00132704
55.0772,0.523599,-0.0536065,-2.89278,-0.00132704,-0.00132704,-0.00132704,-0.00132704,-0.00132704,-0.00132704
55.0897,0.523599,-0.0297531,-2.96685,-0.00132704,-0.00132704,-0.00132704,-0.00132704,-0.00132704,-0.00132704
55.1022,0.523599,-0.00588279,-2.9987,-0.00132704,-0.00132704,-0.00132704,-0.00132704,-0.00132704,-0.00132704
55.1147,0.523599,0.0179909,-2.98787,-0.00132704,-0.00132704,-0.00132704,-0.00132704,-0.00132704,-0.00132704
55.1272,0.523599,0.0418543,-2.93451,-0.00132704,-0.00132704,-0.00132704,-0.00132704,-0.00132704,-0.00132704
55.1397,0.523599,0.0656939,-2.83938,-0.00132704,-0.00132704,-0.00132704,-0.00132704,-0.00132704,-0.00132704
55.1522,0.523599,0.0894961,-2.70384,-0.00132704,-0.00132704,-0.00132704,-0.00132704,-0.00132704,-0.00132704
55.1647,0.523599,0.113247,-2.52982,-0.00132704,-0.00132704,-0.00132704,-0.00132704,-0.00132704,-0.00132704
55.1772,0.523599,0.136934,-2.31979,-0.00132704,-0.00132704,-0.00132704,-0.00132704,-0.00132704,-0.00132704
55.1897,0.523599,0.160542,-2.07674,-0.00132704,-0.00132704,-0.00132704,-0.00132704,-0.00132704,-0.00132704
55.2022,0.523599,0.184059,-1.80413,-0.00132704,-0.00132704,-0.00132704,-0.00132704,-0.00132704,-0.00132704
55.2147,0.523599,0.207471,-1.50584,-0.00132704,-0.00132704,-0.00132704,-0.00132704,-0.00132704,-0.00132704
55.2272,0.523599,0.230765,-1.18612,-0.00132704,-0.00132704,-0.00132704,-0.00132704,-0.00132704,-0.00132704
55.2397,0.523599,0.253928,-0.849522,-0.00132704,-0.00132704,-0.00132704,-0.00132704,-0.00132704,-0.00132704
55.2522,0.523599,0.276945,-0.50083,-0.00132704,-0.00132704,-0.00132704,-0.00132704,-0.00132704,-0.00132704
55.2647,0.523599,0.299805,-0.145009,-0.00132704,-0.00132704,-0.00132704,-0.00132704,-0.00132704,-0.00132704
55.2772,0.523599,0.322494,0.212876,-0.00132704,-0.00132704,-0.00132704,-0.00132704,-0.00132704,-0.00132704
55.2897,0.523599,0.344999,0.567731,-0.00132704,-0.00132704,-0.00132704,-0.00132704,-0.00132704,-0.00132704
55.3022,0.523599,0.367307,0.914506,-0.00132704,-0.00132704,-0.00132704,-0.00132704,-0.00132704,-0.00132704
55.3147,0.523599,0.389406,1.24826,-0.00132704,-0.00132704,-0.00132704,-0.00132704,-0.00132704,-0.00132704
55.3272,0.523599,0.411284,1.56426,-0.00132704,-0.00132704,-0.00132704,-0.00132704,-0.00132704,-0.00132704
55.3397,0.523599,0.432926,1.85798,-0.00132704,-0.00132704,-0.00132704,-0.00132704,-0.00132704,-0.00132704
55.3522,0.523599,0.454322,2.12526,-0.00132704,-0.00132704,-0.00132704,-0.00132704,-0.00132704,-0.00132704
55.3647,0.523599,0.475459,2.3623,-0.00132704,-0.00132704,-0.00132704,-0.00132704,-0.00132704,-0.00132704
55.3772,0.523599,0.496325,2.56571,-0.00132704,-0.00132704,-0.00132704,-0.00132704,-0.00132704,-0.00132704
55.3897,0.523599,0.516908,2.7326,-0.00132704,-0.00132704,-0.00132704,-0.00132704,-0.00132704,-0.00132704
55.4022,0.523599,0.537197,2.8606,-0.00132704,-0.00132704,-0.00132704,-0.00132704,-0.00132704,-0.00132704
55.4147,0.523599,0.557179,2.94788,-0.00132704,-0.00132704,-0.00132704,-0.00132704,-0.00132704,-0.00132704
55.4272,0.523599,0.576844,2.99321,-0.00132704,-0.00132704,-0.00132704,-0.00132704,-0.00132704,-0.00132704
55.4397,0.523599,0.59618,2.99593,-0.00132704,-0.00132704,-0.00132704,-0.00132704,-0.00132704,-0.00132704
55.4522,0.523599,0.615176,2.95601,-0.00132704,-0.00132704,-0.00132704,-0.00132704,-0.00132704,-0.00132704
55.4647,0.523599,0.633821,2.87402,-0.00132704,-0.00132704,-0.00132704,-0.00132704,-0.00132704,-0.00132704
55.4772,0.523599,0.652105,2.75113,-0.00132704,-0.00132704,-0.00132704,-0.00132704,-0.00132704,-0.00132704
55.4897,0.523599,0.670018,2.58907,-0.00132704,-0.00132704,-0.00132704,-0.00132704,-0.00132704,-0.00132704
55.5022,0.523599,0.687548,2.39017,-0.00132704,-0.00132704,-0.00132704,-0.00132704,-0.00132704,-0.00132704
55.5147,0.523599,0.704687,2.15724,-0.00132704,-0.00132704,-0.00132704,-0.00132704,-0.00132704,-0.00132704
55.5272,0.523599,0.721424,1.89361,-0.00132704,-0.00132704,-0.00132704,-0.00132704,-0.00132704,-0.00132704
55.5397,0.523599,0.73775,1.60303,-0.00132704,-0.00132704,-0.00132704,-0.00132704,-0.00132704,-0.00132704
55.5522,0.523599,0.753656,1.28963,-0.00132704,-0.00132704,-0.00132704,-0.00132704,-0.00132704,-0.00132704
55.5647,0.523599,0.769131,0.95788,-0.00132704,-0.00132704,-0.00132704,-0.00132704,-0.00132704,-0.00132704
55.5772,0.523599,0.784169,0.612494,-0.00132704,-0.00132704,-0.00132704,-0.00132704,-0.00132704,-0.00132704
55.5897,0.523599,0.798759,0.25839,-0.00132704,-0.00132704,-0.00132704,-0.00132704,-0.00132704,-0.00132704
55.6022,0.523599,0.812895,-0.0993916,-0.00132704,-0.00132704,-0.00132704,-0.00132704,-0.00132704,-0.00132704
55.6147,0.523599,0.826567,-0.455759,-0.00132704,-0.00132704,-0.00132704,-0.00132704,-0.00132704,-0.00132704
55.6272,0.523599,0.839767,-0.805639,-0.00132704,-0.00132704,-0.00132704,-0.00132704,-0.00132704,-0.00132704
55.6397,0.523599,0.852489,-1.14405,-0.00132704,-0.00132704,-0.00132704,-0.00132704,-0.00132704,-0.00132704
55.6522,0.523599,0.864726,-1.46618,-0.00132704,-0.00132704,-0.00132704,-0.00132704,-0.00132704,-0.00132704
55.6647,0.523599,0.876469,-1.76744,-0.00132704,-0.00132704,-0.00132704,-0.00132704,-0.00132704,-0.00132704
55.6772,0.523599,0.887713,-2.04355,-0.00132704,-0.00132704,-0.00132704,-0.00132704,-0.00132704,-0.00132704
55.6897,0.523599,0.898451,-2.29057,-0.00132704,-0.00132704,-0.00132704,-0.00132704,-0.00132704,-0.00132704
55.7022,0.523599,0.908676,-2.50499,-0.00132704,-0.00132704,-0.00132704,-0.00132704,-0.00132704,-0.00132704
55.7147,0.523599,0.918384,-2.68375,-0.00132704,-0.00132704,-0.00132704,-0.00132704,-0.00132704,-0.00132704
55.7272,0.523599,0.927569,-2.82432,-0.00132704,-0.00132704,-0.00132704,-0.00132704,-0.00132704,-0.00132704
55.7397,0.523599,0.936224,-2.92468,-0.00132704,-0.00132704,-0.00132704,-0.00132704,-0.00132704,-0.00132704
55.7523,0.523599,0.944346,-2.98342,-0.00132704,-0.00132704,-0.00132704,-0.00132704,-0.00132704,-0.00132704
55.7648,0.523599,0.95193,-2.9997,-0.00132704,-0.00132704,-0.00132704,-0.00132704,-0.00132704,-0.00132704
55.7773,0.523599,0.958971,-2.97328,-0.00132704,-0.00132704,-0.00132704,-0.00132704,-0.00132704,-0.00132704
55.7898,0.523599,0.965466,-2.90454,-0.00132704,-0.00132704,-0.00132704,-0.00132704,-0.00132704,-0.00132704
55.8023,0.523599,0.97141,-2.79446,-0.00132704,-0.00132704,-0.00132704,-0.00132704,-0.00132704,-0.00132704
55.8148,0.523599,0.976801,-2.64461,-0.00132704,-0.00132704,-0.00132704,-0.00132704,-0.00132704,-0.00132704
55.8273,0.523599,0.981635,-2.45712,-0.00132704,-0.00132704,-0.00132704,-0.00132704,-0.00132704,-0.00132704
55.8398,0.523599,0.985909,-2.23465,-0.00132704,-0.00132704,-0.00132704,-0.00132704,-0.00132704,-0.00132704
55.8523,0.523599,0.989622,-1.98038,-0.00132704,-0.00132704,-0.00132704,-0.00132704,-0.00132704,-0.00132704
55.8648,0.523599,0.99277,-1.69792,-0.00132704,-0.00132704,-0.00132704,-0.00132704,-0.00132704,-0.00132704
55.8773,0.523599,0.995353,-1.39129,-0.00132704,-0.00132704,-0.00132704,-0.00132704,-0.00132704,-0.00132704
55.8898,0.523599,0.997368,-1.06486,-0.00132704,-0.00132704,-0.00132704,-0.00132704,-0.00132704,-0.00132704
55.9023,0.523599,0.998814,-0.72328,-0.00132704,-0.00132704,-0.00132704,-0.00132704,-0.00132704,-0.00132704
55.9148,0.523599,0.999692,-0.371401,-0.00132704,-0.00132704,-0.00132704,-0.00132704,-0.00132704,-0.00132704
55.9273,0.523599,1,-0.0142357,-0.00132704,-0.00132704,-0.00132704,-0.00132704,-0.00132704,-0.00132704
55.9398,0.523599,0.999737,0.343132,-0.00132704,-0.00132704,-0.00132704,-0.00132704,-0.00132704,-0.00132704
55.9523,0.523599,0.998905,0.695616,-0.00132704,-0.00132704,-0.00132704,-0.00132704,-0.00132704,-0.00132704
55.9648,0.523599,0.997504,1.0382,-0.00132704,-0.00132704,-0.00132704,-0.00132704,-0.00132704,-0.00132704
55.9773,0.523599,0.995534,1.36601,-0.00132704,-0.00132704,-0.00132704,-0.00132704,-0.00132704,-0.00132704
55.9898,0.523599,0.992996,1.67437,-0.00132704,-0.00132704,-0.00132704,-0.00132704,-0.00132704,-0.00132704
56.0023,0.523599,0.989893,1.9589,-0.00132704,-0.00132704,-0.00132704,-0.00132704,-0.00132704,-0.00132704
56.0148,0.523599,0.986225,2.21555,-0.00132704,-0.00132704,-0.00132704,-0.00132704,-0.00132704,-0.00132704
56.0273,0.523599,0.981995,2.44067,-0.00132704,-0.00132704,-0.00132704,-0.00132704,-0.00132704,-0.00132704
56.0398,0.523599,0.977206,2.63105,-0.00132704,-0.00132704,-0.00132704,-0.00132704,-0.00132704,-0.00132704
56.0523,0.523599,0.971859,2.78398,-0.00132704,-0.00132704,-0.00132704,-0.00132704,-0.00132704,-0.00132704
56.0648,0.523599,0.965959,2.89728,-0.00132704,-0.00132704,-0.00132704,-0.00132704,-0.00132704,-0.00132704
56.0773,0.523599,0.959508,2.96935,-0.00132704,-0.00132704,-0.00132704,-0.00132704,-0.00132704,-0.00132704
56.0898,0.523599,0.95251,2.99916,-0.00132704,-0.00132704,-0.00132704,-0.00132704,-0.00132704,-0.00132704
56.1023,0.523599,0.944969,2.98628,-0.00132704,-0.00132704,-0.00132704,-0.00132704,-0.00132704,-0.00132704
56.1148,0.523599,0.93689,2.93089,-0.00132704,-0.00132704,-0.00132704,-0.00132704,-0.00132704,-0.00132704
56.1273,0.523599,0.928276,2.83379,-0.00132704,-0.00132704,-0.00132704,-0.00132704,-0.00132704,-0.00132704
56.1398,0.523599,0.919134,2.69635,-0.00132704,-0.00132704,-0.00132704,-0.00132704,-0.00132704,-0.00132704
56.1523,0.523599,0.909467,2.52054,-0.00132704,-0.00132704,-0.00132704,-0.00132704,-0.00132704,-0.00132704
56.1648,0.523599,0.899282,2.30885,-0.00132704,-0.00132704,-0.00132704,-0.00132704,-0.00132704,-0.00132704
56.1773,0.523599,0.888585,2.0643,-0.00132704,-0.00132704,-0.00132704,-0.00132704,-0.00132704,-0.00132704
56.1898,0.523599,0.877381,1.79037,-0.00132704,-0.00132704,-0.00132704,-0.00132704,-0.00132704,-0.00132704
56.2023,0.523599,0.865677,1.49096,-0.00132704,-0.00132704,-0.00132704,-0.00132704,-0.00132704,-0.00132704
56.2148,0.523599,0.85348,1.17032,-0.00132704,-0.00132704,-0.00132704,-0.00132704,-0.00132704,-0.00132704
56.2273,0.523599,0.840796,0.833028,-0.00132704,-0.00132704,-0.00132704,-0.00132704,-0.00132704,-0.00132704
56.2398,0.523599,0.827633,0.483879,-0.00132704,-0.00132704,-0.00132704,-0.00132704,-0.00132704,-0.00132704
56.2523,0.523599,0.813999,0.127843,-0.00132704,-0.00132704,-0.00132704,-0.00132704,-0.00132704,-0.00132704
56.2648,0.523599,0.7999,-0.230013,-0.00132704,-0.00132704,-0.00132704,-0.00132704,-0.00132704,-0.00132704
56.2773,0.523599,0.785345,-0.584595,-0.00132704,-0.00132704,-0.00132704,-0.00132704,-0.00132704,-0.00132704
56.2898,0.523599,0.770343,-0.930857,-0.00132704,-0.00132704,-0.00132704,-0.00132704,-0.00132704,-0.00132704
56.3023,0.523599,0.754902,-1.26387,-0.00132704,-0.00132704,-0.00132704,-0.00132704,-0.00132704,-0.00132704
56.3148,0.523599,0.73903,-1.57889,-0.00132704,-0.00132704,-0.00132704,-0.00132704,-0.00132704,-0.00132704
56.3273,0.523599,0.722737,-1.87144,-0.00132704,-0.00132704,-0.00132704,-0.00132704,-0.00132704,-0.00132704
56.3398,0.523599,0.706033,-2.13736,-0.00132704,-0.00132704,-0.00132704,-0.00132704,-0.00132704,-0.00132704
56.3523,0.523599,0.688926,-2.37285,-0.00132704,-0.00132704,-0.00132704,-0.00132704,-0.00132704,-0.00132704
56.3648,0.523599,0.671426,-2.57457,-0.00132704,-0.00132704,-0.00132704,-0.00132704,-0.00132704,-0.00132704
56.3773,0.523599,0.653543,-2.73965,-0.00132704,-0.00132704,-0.00132704,-0.00132704,-0.00132704,-0.00132704
56.3898,0.523599,0.635288,-2.86573,-0.00132704,-0.00132704,-0.00132704,-0.00132704,-0.00132704,-0.00132704
56.4023,0.523599,0.616671,-2.95102,-0.00132704,-0.00132704,-0.00132704,-0.00132704,-0.00132704,-0.00132704
56.4148,0.523599,0.597702,-2.99432,-0.00132704,-0.00132704,-0.00132704,-0.00132704,-0.00132704,-0.00132704
56.4273,0.523599,0.578393,-2.99499,-0.00132704,-0.00132704,-0.00132704,-0.00132704,-0.00132704,-0.00132704
56.4398,0.523599,0.558754,-2.95303,-0.00132704,-0.00132704,-0.00132704,-0.00132704,-0.00132704,-0.00132704
56.4523,0.523599,0.538797,-2.86905,-0.00132704,-0.00132704,-0.00132704,-0.00132704,-0.00132704,-0.00132704
56.4648,0.523599,0.518532,-2.74423,-0.00132704,-0.00132704,-0.00132704,-0.00132704,-0.00132704,-0.00132704
56.4773,0.523599,0.497972,-2.58035,-0.00132704,-0.00132704,-0.00132704,-0.00132704,-0.00132704,-0.00132704
56.4898,0.523599,0.477128,-2.37974,-0.00132704,-0.00132704,-0.00132704,-0.00132704,-0.00132704,-0.00132704
56.5023,0.523599,0.456012,-2.14526,-0.00132704,-0.00132704,-0.00132704,-0.00132704,-0.00132704,-0.00132704
56.5148,0.523599,0.434636,-1.88025,-0.00132704,-0.00132704,-0.00132704,-0.00132704,-0.00132704,-0.00132704
56.5273,0.523599,0.413013,-1.58848,-0.00132704,-0.00132704,-0.00132704,-0.00132704,-0.00132704,-0.00132704
56.5398,0.523599,0.391154,-1.2741,-0.00132704,-0.00132704,-0.00132704,-0.00132704,-0.00132704,-0.00132704
56.5523,0.523599,0.369072,-0.94158,-0.00132704,-0.00132704,-0.00132704,-0.00132704,-0.00132704,-0.00132704
56.5648,0.523599,0.34678,-0.595662,-0.00132704,-0.00132704,-0.00132704,-0.00132704,-0.00132704,-0.00132704
56.5773,0.523599,0.32429,-0.241266,-0.00132704,-0.00132704,-0.00132704,-0.00132704,-0.00132704,-0.00132704
56.5898,0.523599,0.301615,0.116564,-0.00132704,-0.00132704,-0.00132704,-0.00132704,-0.00132704,-0.00132704
56.6023,0.523599,0.278769,0.472736,-0.00132704,-0.00132704,-0.00132704,-0.00132704,-0.00132704,-0.00132704
56.6148,0.523599,0.255763,0.822178,-0.00132704,-0.00132704,-0.00132704,-0.00132704,-0.00132704,-0.00132704
56.6273,0.523599,0.232612,1.15992,-0.00132704,-0.00132704,-0.00132704,-0.00132704,-0.00132704,-0.00132704
56.6398,0.523599,0.209328,1.48115,-0.00132704,-0.00132704,-0.00132704,-0.00132704,-0.00132704,-0.00132704
56.6523,0.523599,0.185925,1.7813,-0.00132704,-0.00132704,-0.00132704,-0.00132704,-0.00132704,-0.00132704
56.6648,0.523599,0.162415,2.0561,-0.00132704,-0.00132704,-0.00132704,-0.00132704,-0.00132704,-0.00132704
56.6773,0.523599,0.138814,2.30163,-0.00132704,-0.00132704,-0.00132704,-0.00132704,-0.00132704,-0.00132704
56.6898,0.523599,0.115133,2.5144,-0.00132704,-0.00132704,-0.00132704,-0.00132704,-0.00132704,-0.00132704
56.7023,0.523599,0.0913864,2.69139,-0.00132704,-0.00132704,-0.00132704,-0.00132704,-0.00132704,-0.00132704
56.7148,0.523599,0.0675878,2.83006,-0.00132704,-0.00132704,-0.00132704,-0.00132704,-0.00132704,-0.00132704
56.7273,0.523599,0.0437507,2.92846,-0.00132704,-0.00132704,-0.00132704,-0.00132704,-0.00132704,-0.00132704
56.7398,0.523599,0.0198887,2.98518,-0.00132704,-0.00132704,-0.00132704,-0.00132704,-0.00132704,-0.00132704
56.7523,0.523599,-0.00398472,2.9994,-0.00132704,-0.00132704,-0.00132704,-0.00132704,-0.00132704,-0.00132704
56.7648,0.523599,-0.0278558,2.97094,-0.00132704,-0.00132704,-0.00132704,-0.00132704,-0.00132704,-0.00132704
56.7773,0.523599,-0.0517111,2.90019,-0.00132704,-0.00132704,-0.00132704,-0.00132704,-0.00132704,-0.00132704
56.7898,0.523599,-0.0755368,2.78817,-0.00132704,-0.00132704,-0.00132704,-0.00132704,-0.00132704,-0.00132704
56.8023,0.523599,-0.0993195,2.63645,-0.00132704,-0.00132704,-0.00132704,-0.00132704,-0.00132704,-0.00132704
56.8148,0.523599,-0.123046,2.44722,-0.00132704,-0.00132704,-0.00132704,-0.00132704,-0.00132704,-0.00132704
56.8273,0.523599,-0.146702,2.22315,-0.00132704,-0.00132704,-0.00132704,-0.00132704,-0.00132704,-0.00132704
56.8398,0.523599,-0.170274,1.96744,-0.00132704,-0.00132704,-0.00132704,-0.00132704,-0.00132704,-0.00132704
56.8523,0.523599,-0.193749,1.68372,-0.00132704,-0.00132704,-0.00132704,-0.00132704,-0.00132704,-0.00132704
56.8648,0.523599,-0.217114,1.37605,-0.00132704,-0.00132704,-0.00132704,-0.00132704,-0.00132704,-0.00132704
56.8773,0.523599,-0.240355,1.04878,-0.00132704,-0.00132704,-0.00132704,-0.00132704,-0.00132704,-0.00132704
56.8898,0.523599,-0.263459,0.706591,-0.00132704,-0.00132704,-0.00132704,-0.00132704,-0.00132704,-0.00132704
56.9023,0.523599,-0.286413,0.354343,-0.00132704,-0.00132704,-0.00132704,-0.00132704,-0.00132704,-0.00132704
56.9148,0.523599,-0.309204,-0.00294821,-0.00132704,-0.00132704,-0.00132704,-0.00132704,-0.00132704,-0.00132704
56.9273,0.523599,-0.331818,-0.360198,-0.00132704,-0.00132704,-0.00132704,-0.00132704,-0.00132704,-0.00132704
56.9398,0.523599,-0.354244,-0.71232,-0.00132704,-0.00132704,-0.00132704,-0.00132704,-0.00132704,-0.00132704
56.9523,0.523599,-0.376467,-1.0543,-0.00132704,-0.00132704,-0.00132704,-0.00132704,-0.00132704,-0.00132704
56.9648,0.523599,-0.398476,-1.38128,-0.00132704,-0.00132704,-0.00132704,-0.00132704,-0.00132704,-0.00132704
56.9773,0.523599,-0.420258,-1.6886,-0.00132704,-0.00132704,-0.00132704,-0.00132704,-0.00132704,-0.00132704
56.9898,0.523599,-0.4418,-1.97188,-0.00132704,-0.00132704,-0.00132704,-0.00132704,-0.00132704,-0.00132704
57.0023,0.523599,-0.46309,-2.2271,-0.00132704,-0.00132704,-0.00132704,-0.00132704,-0.00132704,-0.00132704
57.0148,0.523599,-0.484117,-2.45062,-0.00132704,-0.00132704,-0.00132704,-0.00132704,-0.00132704,-0.00132704
57.0273,0.523599,-0.504867,-2.63926,-0.00132704,-0.00132704,-0.00132704,-0.00132704,-0.00132704,-0.00132704
57.0398,0.523599,-0.52533,-2.79034,-0.00132704,-0.00132704,-0.00132704,-0.00132704,-0.00132704,-0.00132704
57.0523,0.523599,-0.545493,-2.9017,-0.00132704,-0.00132704,-0.00132704,-0.00132704,-0.00132704,-0.00132704
57.0648,0.523599,-0.565346,-2.97175,-0.00132704,-0.00132704,-0.00132704,-0.00132704,-0.00132704,-0.00132704
57.0773,0.523599,-0.584876,-2.99952,-0.00132704,-0.00132704,-0.00132704,-0.00132704,-0.00132704,-0.00132704
57.0898,0.523599,-0.604073,-2.98459,-0.00132704,-0.00132704,-0.00132704,-0.00132704,-0.00132704,-0.00132704
57.1023,0.523599,-0.622925,-2.92718,-0.00132704,-0.00132704,-0.00132704,-0.00132704,-0.00132704,-0.00132704
57.1148,0.523599,-0.641423,-2.8281,-0.00132704,-0.00132704,-0.00132704,-0.00132704,-0.00132704,-0.00132704
57.1273,0.523599,-0.659554,-2.68878,-0.00132704,-0.00132704,-0.00132704,-0.00132704,-0.00132704,-0.00132704
57.1398,0.523599,-0.67731,-2.51118,-0.00132704,-0.00132704,-0.00132704,-0.00132704,-0.00132704,-0.00132704
57.1523,0.523599,-0.69468,-2.29784,-0.00132704,-0.00132704,-0.00132704,-0.00132704,-0.00132704,-0.00132704
57.1648,0.523599,-0.711654,-2.0518,-0.00132704,-0.00132704,-0.00132704,-0.00132704,-0.00132704,-0.00132704
57.1773,0.523599,-0.728222,-1.77655,-0.00132704,-0.00132704,-0.00132704,-0.00132704,-0.00132704,-0.00132704
57.1898,0.523599,-0.744376,-1.47602,-0.00132704,-0.00132704,-0.00132704,-0.00132704,-0.00132704,-0.00132704
57.2023,0.523599,-0.760104,-1.15448,-0.00132704,-0.00132704,-0.00132704,-0.00132704,-0.00132704,-0.00132704
57.2148,0.523599,-0.7754,-0.816506,-0.00132704,-0.00132704,-0.00132704,-0.00132704,-0.00132704,-0.00132704
57.2273,0.523599,-0.790254,-0.466912,-0.00132704,-0.00132704,-0.00132704,-0.00132704,-0.00132704,-0.00132704
57.2398,0.523599,-0.804657,-0.110672,-0.00132704,-0.00132704,-0.00132704,-0.00132704,-0.00132704,-0.00132704
57.2523,0.523599,-0.818602,0.247143,-0.00132704,-0.00132704,-0.00132704,-0.00132704,-0.00132704,-0.00132704
57.2648,0.523599,-0.83208,0.60144,-0.00132704,-0.00132704,-0.00132704,-0.00132704,-0.00132704,-0.00132704
57.2773,0.523599,-0.845084,0.947177,-0.00132704,-0.00132704,-0.00132704,-0.00132704,-0.00132704,-0.00132704
57.2898,0.523599,-0.857606,1.27943,-0.00132704,-0.00132704,-0.00132704,-0.00132704,-0.00132704,-0.00132704
57.3023,0.523599,-0.869639,1.59348,-0.00132704,-0.00132704,-0.00132704,-0.00132704,-0.00132704,-0.00132704
57.3148,0.523599,-0.881177,1.88484,-0.00132704,-0.00132704,-0.00132704,-0.00132704,-0.00132704,-0.00132704
57.3273,0.523599,-0.892213,2.14938,-0.00132704,-0.00132704,-0.00132704,-0.00132704,-0.00132704,-0.00132704
57.3398,0.523599,-0.902739,2.38333,-0.00132704,-0.00132704,-0.00132704,-0.00132704,-0.00132704,-0.00132704
57.3523,0.523599,-0.912752,2.58335,-0.00132704,-0.00132704,-0.00132704,-0.00132704,-0.00132704,-0.00132704
57.3648,0.523599,-0.922244,2.7466,-0.00132704,-0.00132704,-0.00132704,-0.00132704,-0.00132704,-0.00132704
57.3773,0.523599,-0.93121,2.87077,-0.00132704,-0.00132704,-0.00132704,-0.00132704,-0.00132704,-0.00132704
57.3899,0.523599,-0.939646,2.95407,-0.00132704,-0.00132704,-0.00132704,-0.00132704,-0.00132704,-0.00132704
57.4024,0.523599,-0.947546,2.99532,-0.00132704,-0.00132704,-0.00132704,-0.00132704,-0.00132704,-0.00132704
57.4149,0.523599,-0.954906,2.99395,-0.00132704,-0.00132704,-0.00132704,-0.00132704,-0.00132704,-0.00132704
57.4274,0.523599,-0.961722,2.94996,-0.00132704,-0.00132704,-0.00132704,-0.00132704,-0.00132704,-0.00132704
57.4399,0.523599,-0.96799,2.86398,-0.00132704,-0.00132704,-0.00132704,-0.00132704,-0.00132704,-0.00132704
57.4524,0.523599,-0.973705,2.73724,-0.00132704,-0.00132704,-0.00132704,-0.00132704,-0.00132704,-0.00132704
57.4649,0.523599,-0.978866,2.57154,-0.00132704,-0.00132704,-0.00132704,-0.00132704,-0.00132704,-0.00132704
57.4774,0.523599,-0.983469,2.36924,-0.00132704,-0.00132704,-0.00132704,-0.00132704,-0.00132704,-0.00132704
57.4899,0.523599,-0.987512,2.13322,-0.00132704,-0.00132704,-0.00132704,-0.00132704,-0.00132704,-0.00132704
57.5024,0.523599,-0.990991,1.86683,-0.00132704,-0.00132704,-0.00132704,-0.00132704,-0.00132704,-0.00132704
57.5149,0.523599,-0.993906,1.57388,-0.00132704,-0.00132704,-0.00132704,-0.00132704,-0.00132704,-0.00132704
57.5274,0.523599,-0.996254,1.25852,-0.00132704,-0.00132704,-0.00132704,-0.00132704,-0.00132704,-0.00132704
57.5399,0.523599,-0.998035,0.92525,-0.00132704,-0.00132704,-0.00132704,-0.00132704,-0.00132704,-0.00132704
57.5524,0.523599,-0.999246,0.578811,-0.00132704,-0.00132704,-0.00132704,-0.00132704,-0.00132704,-0.00132704
57.5649,0.523599,-0.999888,0.224134,-0.00132704,-0.00132704,-0.00132704,-0.00132704,-0.00132704,-0.00132704
57.5774,0.523599,-0.99996,-0.133733,-0.00132704,-0.00132704,-0.00132704,-0.00132704,-0.00132704,-0.00132704
57.5899,0.523599,-0.999462,-0.489697,-0.00132704,-0.00132704,-0.00132704,-0.00132704,-0.00132704,-0.00132704
57.6024,0.523599,-0.998395,-0.838691,-0.00132704,-0.00132704,-0.00132704,-0.00132704,-0.00132704,-0.00132704
57.6149,0.523599,-0.996758,-1.17575,-0.00132704,-0.00132704,-0.00132704,-0.00132704,-0.00132704,-0.00132704
57.6274,0.523599,-0.994553,-1.49607,-0.00132704,-0.00132704,-0.00132704,-0.00132704,-0.00132704,-0.00132704
57.6399,0.523599,-0.991782,-1.7951,-0.00132704,-0.00132704,-0.00132704,-0.00132704,-0.00132704,-0.00132704
57.6524,0.523599,-0.988445,-2.06858,-0.00132704,-0.00132704,-0.00132704,-0.00132704,-0.00132704,-0.00132704
57.6649,0.523599,-0.984545,-2.31261,-0.00132704,-0.00132704,-0.00132704,-0.00132704,-0.00132704,-0.00132704
57.6774,0.523599,-0.980083,-2.52373,-0.00132704,-0.00132704,-0.00132704,-0.00132704,-0.00132704,-0.00132704
57.6899,0.523599,-0.975063,-2.69893,-0.00132704,-0.00132704,-0.00132704,-0.00132704,-0.00132704,-0.00132704
57.7024,0.523599,-0.969487,-2.83572,-0.00132704,-0.00132704,-0.00132704,-0.00132704,-0.00132704,-0.00132704
57.7149,0.523599,-0.963359,-2.93214,-0.00132704,-0.00132704,-0.00132704,-0.00132704,-0.00132704,-0.00132704
57.7274,0.523599,-0.956681,-2.98683,-0.00132704,-0.00132704,-0.00132704,-0.00132704,-0.00132704,-0.00132704
57.7399,0.523599,-0.949459,-2.99901,-0.00132704,-0.00132704,-0.00132704,-0.00132704,-0.00132704,-0.00132704
57.7524,0.523599,-0.941695,-2.96851,-0.00132704,-0.00132704,-0.00132704,-0.00132704,-0.00132704,-0.00132704
57.7649,0.523599,-0.933394,-2.89575,-0.00132704,-0.00132704,-0.00132704,-0.00132704,-0.00132704,-0.00132704
57.7774,0.523599,-0.924561,-2.78178,-0.00132704,-0.00132704,-0.00132704,-0.00132704,-0.00132704,-0.00132704
57.7899,0.523599,-0.915202,-2.62821,-0.00132704,-0.00132704,-0.00132704,-0.00132704,-0.00132704,-0.00132704
57.8024,0.523599,-0.90532,-2.43724,-0.00132704,-0.00132704,-0.00132704,-0.00132704,-0.00132704,-0.00132704
57.8149,0.523599,-0.894923,-2.21157,-0.00132704,-0.00132704,-0.00132704,-0.00132704,-0.00132704,-0.00132704
57.8274,0.523599,-0.884016,-1.95443,-0.00132704,-0.00132704,-0.00132704,-0.00132704,-0.00132704,-0.00132704
57.8399,0.523599,-0.872604,-1.66947,-0.00132704,-0.00132704,-0.00132704,-0.00132704,-0.00132704,-0.00132704
57.8524,0.523599,-0.860696,-1.36075,-0.00132704,-0.00132704,-0.00132704,-0.00132704,-0.00132704,-0.00132704
57.8649,0.523599,-0.848296,-1.03267,-0.00132704,-0.00132704,-0.00132704,-0.00132704,-0.00132704,-0.00132704
57.8774,0.523599,-0.835414,-0.689879,-0.00132704,-0.00132704,-0.00132704,-0.00132704,-0.00132704,-0.00132704
57.8899,0.523599,-0.822055,-0.337274,-0.00132704,-0.00132704,-0.00132704,-0.00132704,-0.00132704,-0.00132704
57.9024,0.523599,-0.808227,0.020132,-0.00132704,-0.00132704,-0.00132704,-0.00132704,-0.00132704,-0.00132704
57.9149,0.523599,-0.793939,0.377251,-0.00132704,-0.00132704,-0.00132704,-0.00132704,-0.00132704,-0.00132704
57.9274,0.523599,-0.779199,0.729001,-0.00132704,-0.00132704,-0.00132704,-0.00132704,-0.00132704,-0.00132704
57.9399,0.523599,-0.764014,1.07037,-0.00132704,-0.00132704,-0.00132704,-0.00132704,-0.00132704,-0.00132704
57.9524,0.523599,-0.748394,1.39651,-0.00132704,-0.00132704,-0.00132704,-0.00132704,-0.00132704,-0.00132704
57.9649,0.523599,-0.732347,1.70278,-0.00132704,-0.00132704,-0.00132704,-0.00132704,-0.00132704,-0.00132704
57.9774,0.523599,-0.715883,1.9848,-0.00132704,-0.00132704,-0.00132704,-0.00132704,-0.00132704,-0.00132704
57.9899,0.523599,-0.69901,2.23858,-0.00132704,-0.00132704,-0.00132704,-0.00132704,-0.00132704,-0.00132704
58.0024,0.523599,-0.68174,2.46049,-0.00132704,-0.00132704,-0.00132704,-0.00132704,-0.00132704,-0.00132704
58.0149,0.523599,-0.664081,2.64739,-0.00132704,-0.00132704,-0.00132704,-0.00132704,-0.00132704,-0.00132704
58.0274,0.523599,-0.646043,2.7966,-0.00132704,-0.00132704,-0.00132704,-0.00132704,-0.00132704,-0.00132704
58.0399,0.523599,-0.627637,2.90601,-0.00132704,-0.00132704,-0.00132704,-0.00132704,-0.00132704,-0.00132704
58.0524,0.523599,-0.608873,2.97406,-0.00132704,-0.00132704,-0.00132704,-0.00132704,-0.00132704,-0.00132704
58.0649,0.523599,-0.589762,2.99978,-0.00132704,-0.00132704,-0.00132704,-0.00132704,-0.00132704,-0.00132704
58.0774,0.523599,-0.570315,2.9828,-0.00132704,-0.00132704,-0.00132704,-0.00132704,-0.00132704,-0.00132704
58.0899,0.523599,-0.550544,2.92336,-0.00132704,-0.00132704,-0.00132704,-0.00132704,-0.00132704,-0.00132704
58.1024,0.523599,-0.530458,2.82232,-0.00132704,-0.00132704,-0.00132704,-0.00132704,-0.00132704,-0.00132704
58.1149,0.523599,-0.51007,2.68111,-0.00132704,-0.00132704,-0.00132704,-0.00132704,-0.00132704,-0.00132704
58.1274,0.523599,-0.489391,2.50174,-0.00132704,-0.00132704,-0.00132704,-0.00132704,-0.00132704,-0.00132704
58.1399,0.523599,-0.468433,2.28676,-0.00132704,-0.00132704,-0.00132704,-0.00132704,-0.00132704,-0.00132704
58.1524,0.523599,-0.447208,2.03923,-0.00132704,-0.00132704,-0.00132704,-0.00132704,-0.00132704,-0.00132704
58.1649,0.523599,-0.425729,1.76268,-0.00132704,-0.00132704,-0.00132704,-0.00132704,-0.00132704,-0.00132704
58.1774,0.523599,-0.404006,1.46104,-0.00132704,-0.00132704,-0.00132704,-0.00132704,-0.00132704,-0.00132704
58.1899,0.523599,-0.382054,1.1386,-0.00132704,-0.00132704,-0.00132704,-0.00132704,-0.00132704,-0.00132704
58.2024,0.523599,-0.359883,0.799958,-0.00132704,-0.00132704,-0.00132704,-0.00132704,-0.00132704,-0.00132704
58.2149,0.523599,-0.337508,0.44993,-0.00132704,-0.00132704,-0.00132704,-0.00132704,-0.00132704,-0.00132704
58.2274,0.523599,-0.31494,0.0934982,-0.00132704,-0.00132704,-0.00132704,-0.00132704,-0.00132704,-0.00132704
58.2399,0.523599,-0.292193,-0.264264,-0.00132704,-0.00132704,-0.00132704,-0.00132704,-0.00132704,-0.00132704
58.2524,0.523599,-0.269279,-0.618265,-0.00132704,-0.00132704,-0.00132704,-0.00132704,-0.00132704,-0.00132704
58.2649,0.523599,-0.246211,-0.963466,-0.00132704,-0.00132704,-0.00132704,-0.00132704,-0.00132704,-0.00132704
58.2774,0.523599,-0.223004,-1.29495,-0.00132704,-0.00132704,-0.00132704,-0.00132704,-0.00132704,-0.00132704
58.2899,0.523599,-0.199669,-1.60801,-0.00132704,-0.00132704,-0.00132704,-0.00132704,-0.00132704,-0.00132704
58.3024,0.523599,-0.17622,-1.89818,-0.00132704,-0.00132704,-0.00132704,-0.00132704,-0.00132704,-0.00132704
58.3149,0.523599,-0.152671,-2.16133,-0.00132704,-0.00132704,-0.00132704,-0.00132704,-0.00132704,-0.00132704
58.3274,0.523599,-0.129035,-2.39372,-0.00132704,-0.00132704,-0.00132704,-0.00132704,-0.00132704,-0.00132704
58.3399,0.523599,-0.105325,-2.59204,-0.00132704,-0.00132704,-0.00132704,-0.00132704,-0.00132704,-0.00132704
58.3524,0.523599,-0.0815558,-2.75347,-0.00132704,-0.00132704,-0.00132704,-0.00132704,-0.00132704,-0.00132704
58.3649,0.523599,-0.0577397,-2.87571,-0.00132704,-0.00132704,-0.00132704,-0.00132704,-0.00132704,-0.00132704
58.3774,0.523599,-0.0338906,-2.95702,-0.00132704,-0.00132704,-0.00132704,-0.00132704,-0.00132704,-0.00132704
58.3899,0.523599,-0.0100222,-2.99623,-0.00132704,-0.00132704,-0.00132704,-0.00132704,-0.00132704,-0.00132704
58.4024,0.523599,0.0138518,-2.99281,-0.00132704,-0.00132704,-0.00132704,-0.00132704,-0.00132704,-0.00132704
58.4149,0.523599,0.037718,-2.94678,-0.00132704,-0.00132704,-0.00132704,-0.00132704,-0.00132704,-0.00132704
58.4274,0.523599,0.0615627,-2.85882,-0.00132704,-0.00132704,-0.00132704,-0.00132704,-0.00132704,-0.00132704
58.4399,0.523599,0.0853723,-2.73016,-0.00132704,-0.00132704,-0.00132704,-0.00132704,-0.00132704,-0.00132704
58.4524,0.523599,0.109133,-2.56265,-0.00132704,-0.00132704,-0.00132704,-0.00132704,-0.00132704,-0.00132704
58.4649,0.523599,0.132832,-2.35866,-0.00132704,-0.00132704,-0.00132704,-0.00132704,-0.00132704,-0.00132704
58.4774,0.523599,0.156455,-2.1211,-0.00132704,-0.00132704,-0.00132704,-0.00132704,-0.00132704,-0.00132704
58.4899,0.523599,0.179989,-1.85335,-0.00132704,-0.00132704,-0.00132704,-0.00132704,-0.00132704,-0.00132704
58.5024,0.523599,0.20342,-1.55922,-0.00132704,-0.00132704,-0.00132704,-0.00132704,-0.00132704,-0.00132704
58.5149,0.523599,0.226736,-1.2429,-0.00132704,-0.00132704,-0.00132704,-0.00132704,-0.00132704,-0.00132704
58.5274,0.523599,0.249922,-0.908888,-0.00132704,-0.00132704,-0.00132704,-0.00132704,-0.00132704,-0.00132704
58.5399,0.523599,0.272965,-0.56194,-0.00132704,-0.00132704,-0.00132704,-0.00132704,-0.00132704,-0.00132704
58.5524,0.523599,0.295853,-0.206994,-0.00132704,-0.00132704,-0.00132704,-0.00132704,-0.00132704,-0.00132704
58.5649,0.523599,0.318573,0.150898,-0.00132704,-0.00132704,-0.00132704,-0.00132704,-0.00132704,-0.00132704
58.5774,0.523599,0.341111,0.506642,-0.00132704,-0.00132704,-0.00132704,-0.00132704,-0.00132704,-0.00132704
58.5899,0.523599,0.363454,0.855176,-0.00132704,-0.00132704,-0.00132704,-0.00132704,-0.00132704,-0.00132704
58.6024,0.523599,0.38559,1.19154,-0.00132704,-0.00132704,-0.00132704,-0.00132704,-0.00132704,-0.00132704
58.6149,0.523599,0.407507,1.51094,-0.00132704,-0.00132704,-0.00132704,-0.00132704,-0.00132704,-0.00132704
58.6274,0.523599,0.429191,1.80884,-0.00132704,-0.00132704,-0.00132704,-0.00132704,-0.00132704,-0.00132704
58.6399,0.523599,0.450631,2.08099,-0.00132704,-0.00132704,-0.00132704,-0.00132704,-0.00132704,-0.00132704
58.6524,0.523599,0.471813,2.32352,-0.00132704,-0.00132704,-0.00132704,-0.00132704,-0.00132704,-0.00132704
58.6649,0.523599,0.492727,2.53298,-0.00132704,-0.00132704,-0.00132704,-0.00132704,-0.00132704,-0.00132704
58.6774,0.523599,0.51336,2.70639,-0.00132704,-0.00132704,-0.00132704,-0.00132704,-0.00132704,-0.00132704
58.6899,0.523599,0.533701,2.84128,-0.00132704,-0.00132704,-0.00132704,-0.00132704,-0.00132704,-0.00132704
58.7024,0.523599,0.553737,2.93573,-0.00132704,-0.00132704,-0.00132704,-0.00132704,-0.00132704,-0.00132704
58.7149,0.523599,0.573457,2.98839,-0.00132704,-0.00132704,-0.00132704,-0.00132704,-0.00132704,-0.00132704
58.7274,0.523599,0.592851,2.99852,-0.00132704,-0.00132704,-0.00132704,-0.00132704,-0.00132704,-0.00132704
58.7399,0.523599,0.611907,2.96597,-0.00132704,-0.00132704,-0.00132704,-0.00132704,-0.00132704,-0.00132704
58.7524,0.523599,0.630614,2.89121,-0.00132704,-0.00132704,-0.00132704,-0.00132704,-0.00132704,-0.00132704
58.7649,0.523599,0.648961,2.7753,-0.00132704,-0.00132704,-0.00132704,-0.00132704,-0.00132704,-0.00132704
58.7774,0.523599,0.666939,2.61988,-0.00132704,-0.00132704,-0.00132704,-0.00132704,-0.00132704,-0.00132704
58.7899,0.523599,0.684537,2.42718,-0.00132704,-0.00132704,-0.00132704,-0.00132704,-0.00132704,-0.00132704
58.8024,0.523599,0.701744,2.19993,-0.00132704,-0.00132704,-0.00132704,-0.00132704,-0.00132704,-0.00132704
58.8149,0.523599,0.718552,1.94136,-0.00132704,-0.00132704,-0.00132704,-0.00132704,-0.00132704,-0.00132704
58.8274,0.523599,0.734949,1.65517,-0.00132704,-0.00132704,-0.00132704,-0.00132704,-0.00132704,-0.00132704
58.8399,0.523599,0.750928,1.34542,-0.00132704,-0.00132704,-0.00132704,-0.00132704,-0.00132704,-0.00132704
58.8524,0.523599,0.766479,1.01651,-0.00132704,-0.00132704,-0.00132704,-0.00132704,-0.00132704,-0.00132704
58.8649,0.523599,0.781593,0.673144,-0.00132704,-0.00132704,-0.00132704,-0.00132704,-0.00132704,-0.00132704
58.8774,0.523599,0.796262,0.320193,-0.00132704,-0.00132704,-0.00132704,-0.00132704,-0.00132704,-0.00132704
58.8899,0.523599,0.810477,-0.0373151,-0.00132704,-0.00132704,-0.00132704,-0.00132704,-0.00132704,-0.00132704
58.9024,0.523599,0.82423,-0.394292,-0.00132704,-0.00132704,-0.00132704,-0.00132704,-0.00132704,-0.00132704
58.9149,0.523599,0.837513,-0.745658,-0.00132704,-0.00132704,-0.00132704,-0.00132704,-0.00132704,-0.00132704
58.9274,0.523599,0.850318,-1.08641,-0.00132704,-0.00132704,-0.00132704,-0.00132704,-0.00132704,-0.00132704
58.9399,0.523599,0.862639,-1.4117,-0.00132704,-0.00132704,-0.00132704,-0.00132704,-0.00132704,-0.00132704
58.9524,0.523599,0.874469,-1.7169,-0.00132704,-0.00132704,-0.00132704,-0.00132704,-0.00132704,-0.00132704
58.9649,0.523599,0.885799,-1.99766,-0.00132704,-0.00132704,-0.00132704,-0.00132704,-0.00132704,-0.00132704
58.9774,0.523599,0.896625,-2.24998,-0.00132704,-0.00132704,-0.00132704,-0.00132704,-0.00132704,-0.00132704
58.9899,0.523599,0.90694,-2.47028,-0.00132704,-0.00132704,-0.00132704,-0.00132704,-0.00132704,-0.00132704
59.0024,0.523599,0.916738,-2.65543,-0.00132704,-0.00132704,-0.00132704,-0.00132704,-0.00132704,-0.00132704
59.0149,0.523599,0.926014,-2.80278,-0.00132704,-0.00132704,-0.00132704,-0.00132704,-0.00132704,-0.00132704
59.0275,0.523599,0.934762,-2.91023,-0.00132704,-0.00132704,-0.00132704,-0.00132704,-0.00132704,-0.00132704
59.04,0.523599,0.942976,-2.97626,-0.00132704,-0.00132704,-0.00132704,-0.00132704,-0.00132704,-0.00132704
59.0525,0.523599,0.950654,-2.99994,-0.00132704,-0.00132704,-0.00132704,-0.00132704,-0.00132704,-0.00132704
59.065,0.523599,0.957789,-2.98091,-0.00132704,-0.00132704,-0.00132704,-0.00132704,-0.00132704,-0.00132704
59.0775,0.523599,0.964379,-2.91946,-0.00132704,-0.00132704,-0.00132704,-0.00132704,-0.00132704,-0.00132704
59.09,0.523599,0.970419,-2.81645,-0.00132704,-0.00132704,-0.00132704,-0.00132704,-0.00132704,-0.00132704
59.1025,0.523599,0.975906,-2.67336,-0.00132704,-0.00132704,-0.00132704,-0.00132704,-0.00132704,-0.00132704
59.115,0.523599,0.980837,-2.49221,-0.00132704,-0.00132704,-0.00132704,-0.00132704,-0.00132704,-0.00132704
59.1275,0.523599,0.985208,-2.2756,-0.00132704,-0.00132704,-0.00132704,-0.00132704,-0.00132704,-0.00132704
59.14,0.523599,0.989018,-2.02659,-0.00132704,-0.00132704,-0.00132704,-0.00132704,-0.00132704,-0.00132704
59.1525,0.523599,0.992265,-1.74874,-0.00132704,-0.00132704,-0.00132704,-0.00132704,-0.00132704,-0.00132704
59.165,0.523599,0.994945,-1.446,-0.00132704,-0.00132704,-0.00132704,-0.00132704,-0.00132704,-0.00132704
59.1775,0.523599,0.997059,-1.12268,-0.00132704,-0.00132704,-0.00132704,-0.00132704,-0.00132704,-0.00132704
59.19,0.523599,0.998604,-0.783383,-0.00132704,-0.00132704,-0.00132704,-0.00132704,-0.00132704,-0.00132704
59.2025,0.523599,0.999581,-0.432933,-0.00132704,-0.00132704,-0.00132704,-0.00132704,-0.00132704,-0.00132704
59.215,0.523599,0.999987,-0.0763212,-0.00132704,-0.00132704,-0.00132704,-0.00132704,-0.00132704,-0.00132704
59.2275,0.523599,0.999824,0.281377,-0.00132704,-0.00132704,-0.00132704,-0.00132704,-0.00132704,-0.00132704
59.24,0.523599,0.99909,0.63507,-0.00132704,-0.00132704,-0.00132704,-0.00132704,-0.00132704,-0.00132704
59.2525,0.523599,0.997787,0.979724,-0.00132704,-0.00132704,-0.00132704,-0.00132704,-0.00132704,-0.00132704
59.265,0.523599,0.995916,1.31043,-0.00132704,-0.00132704,-0.00132704,-0.00132704,-0.00132704,-0.00132704
59.2775,0.523599,0.993477,1.62249,-0.00132704,-0.00132704,-0.00132704,-0.00132704,-0.00132704,-0.00132704
59.29,0.523599,0.990471,1.91146,-0.00132704,-0.00132704,-0.00132704,-0.00132704,-0.00132704,-0.00132704
59.3025,0.523599,0.986901,2.17322,-0.00132704,-0.00132704,-0.00132704,-0.00132704,-0.00132704,-0.00132704
59.315,0.523599,0.982769,2.40404,-0.00132704,-0.00132704,-0.00132704,-0.00132704,-0.00132704,-0.00132704
59.3275,0.523599,0.978076,2.60065,-0.00132704,-0.00132704,-0.00132704,-0.00132704,-0.00132704,-0.00132704
59.34,0.523599,0.972826,2.76025,-0.00132704,-0.00132704,-0.00132704,-0.00132704,-0.00132704,-0.00132704
59.3525,0.523599,0.967021,2.88056,-0.00132704,-0.00132704,-0.00132704,-0.00132704,-0.00132704,-0.00132704
59.365,0.523599,0.960665,2.95987,-0.00132704,-0.00132704,-0.00132704,-0.00132704,-0.00132704,-0.00132704
59.3775,0.523599,0.953762,2.99705,-0.00132704,-0.00132704,-0.00132704,-0.00132704,-0.00132704,-0.00132704
59.39,0.523599,0.946315,2.99157,-0.00132704,-0.00132704,-0.00132704,-0.00132704,-0.00132704,-0.00132704
59.4025,0.523599,0.938329,2.94351,-0.00132704,-0.00132704,-0.00132704,-0.00132704,-0.00132704,-0.00132704
59.415,0.523599,0.929808,2.85356,-0.00132704,-0.00132704,-0.00132704,-0.00132704,-0.00132704,-0.00132704
59.4275,0.523599,0.920756,2.72299,-0.00132704,-0.00132704,-0.00132704,-0.00132704,-0.00132704,-0.00132704
59.44,0.523599,0.911181,2.55367,-0.00132704,-0.00132704,-0.00132704,-0.00132704,-0.00132704,-0.00132704
59.4525,0.523599,0.901085,2.348,-0.00132704,-0.00132704,-0.00132704,-0.00132704,-0.00132704,-0.00132704
59.465,0.523599,0.890476,2.10891,-0.00132704,-0.00132704,-0.00132704,-0.00132704,-0.00132704,-0.00132704
59.4775,0.523599,0.87936,1.83981,-0.00132704,-0.00132704,-0.00132704,-0.00132704,-0.00132704,-0.00132704
59.49,0.523599,0.867742,1.54451,-0.00132704,-0.00132704,-0.00132704,-0.00132704,-0.00132704,-0.00132704
59.5025,0.523599,0.85563,1.22724,-0.00132704,-0.00132704,-0.00132704,-0.00132704,-0.00132704,-0.00132704
59.515,0.523599,0.84303,0.892497,-0.00132704,-0.00132704,-0.00132704,-0.00132704,-0.00132704,-0.00132704
59.5275,0.523599,0.82995,0.545051,-0.00132704,-0.00132704,-0.00132704,-0.00132704,-0.00132704,-0.00132704
59.54,0.523599,0.816396,0.189848,-0.00132704,-0.00132704,-0.00132704,-0.00132704,-0.00132704,-0.00132704
59.5525,0.523599,0.802377,-0.168057,-0.00132704,-0.00132704,-0.00132704,-0.00132704,-0.00132704,-0.00132704
59.565,0.523599,0.787901,-0.523571,-0.00132704,-0.00132704,-0.00132704,-0.00132704,-0.00132704,-0.00132704
59.5775,0.523599,0.772976,-0.871633,-0.00132704,-0.00132704,-0.00132704,-0.00132704,-0.00132704,-0.00132704
59.59,0.523599,0.75761,-1.20729,-0.00132704,-0.00132704,-0.00132704,-0.00132704,-0.00132704,-0.00132704
59.6025,0.523599,0.741813,-1.52576,-0.00132704,-0.00132704,-0.00132704,-0.00132704,-0.00132704,-0.00132704
59.615,0.523599,0.725592,-1.82252,-0.00132704,-0.00132704,-0.00132704,-0.00132704,-0.00132704,-0.00132704
59.6275,0.523599,0.708958,-2.09333,-0.00132704,-0.00132704,-0.00132704,-0.00132704,-0.00132704,-0.00132704
59.64,0.523599,0.69192,-2.33435,-0.00132704,-0.00132704,-0.00132704,-0.00132704,-0.00132704,-0.00132704
59.6525,0.523599,0.674488,-2.54215,-0.00132704,-0.00132704,-0.00132704,-0.00132704,-0.00132704,-0.00132704
59.665,0.523599,0.656671,-2.71376,-0.00132704,-0.00132704,-0.00132704,-0.00132704,-0.00132704,-0.00132704
59.6775,0.523599,0.63848,-2.84675,-0.00132704,-0.00132704,-0.00132704,-0.00132704,-0.00132704,-0.00132704
59.69,0.523599,0.619924,-2.93922,-0.00132704,-0.00132704,-0.00132704,-0.00132704,-0.00132704,-0.00132704
59.7025,0.523599,0.601016,-2.98985,-0.00132704,-0.00132704,-0.00132704,-0.00132704,-0.00132704,-0.00132704
59.715,0.523599,0.581765,-2.99793,-0.00132704,-0.00132704,-0.00132704,-0.00132704,-0.00132704,-0.00132704
59.7275,0.523599,0.562182,-2.96335,-0.00132704,-0.00132704,-0.00132704,-0.00132704,-0.00132704,-0.00132704
59.74,0.523599,0.542279,-2.88658,-0.00132704,-0.00132704,-0.00132704,-0.00132704,-0.00132704,-0.00132704
59.7525,0.523599,0.522067,-2.76873,-0.00132704,-0.00132704,-0.00132704,-0.00132704,-0.00132704,-0.00132704
59.765,0.523599,0.501558,-2.61147,-0.00132704,-0.00132704,-0.00132704,-0.00132704,-0.00132704,-0.00132704
59.7775,0.523599,0.480762,-2.41704,-0.00132704,-0.00132704,-0.00132704,-0.00132704,-0.00132704,-0.00132704
59.79,0.523599,0.459692,-2.18821,-0.00132704,-0.00132704,-0.00132704,-0.00132704,-0.00132704,-0.00132704
59.8025,0.523599,0.438361,-1.92823,-0.00132704,-0.00132704,-0.00132704,-0.00132704,-0.00132704,-0.00132704
59.815,0.523599,0.416779,-1.64081,-0.00132704,-0.00132704,-0.00132704,-0.00132704,-0.00132704,-0.00132704
59.8275,0.523599,0.39496,-1.33004,-0.00132704,-0.00132704,-0.00132704,-0.00132704,-0.00132704,-0.00132704
59.84,0.523599,0.372916,-1.00033,-0.00132704,-0.00132704,-0.00132704,-0.00132704,-0.00132704,-0.00132704
59.8525,0.523599,0.35066,-0.656388,-0.00132704,-0.00132704,-0.00132704,-0.00132704,-0.00132704,-0.00132704
59.865,0.523599,0.328203,-0.303102,-0.00132704,-0.00132704,-0.00132704,-0.00132704,-0.00132704,-0.00132704
59.8775,0.523599,0.305559,0.054497,-0.00132704,-0.00132704,-0.00132704,-0.00132704,-0.00132704,-0.00132704
59.89,0.523599,0.282742,0.411321,-0.00132704,-0.00132704,-0.00132704,-0.00132704,-0.00132704,-0.00132704
59.9025,0.523599,0.259763,0.76229,-0.00132704,-0.00132704,-0.00132704,-0.00132704,-0.00132704,-0.00132704
59.915,0.523599,0.236636,1.10241,-0.00132704,-0.00132704,-0.00132704,-0.00132704,-0.00132704,-0.00132704
59.9275,0.523599,0.213374,1.42684,-0.00132704,-0.00132704,-0.00132704,-0.00132704,-0.00132704,-0.00132704
59.94,0.523599,0.18999,1.73096,-0.00132704,-0.00132704,-0.00132704,-0.00132704,-0.00132704,-0.00132704
59.9525,0.523599,0.166499,2.01044,-0.00132704,-0.00132704,-0.00132704,-0.00132704,-0.00132704,-0.00132704
59.965,0.523599,0.142912,2.26131,-0.00132704,-0.00132704,-0.00132704,-0.00132704,-0.00132704,-0.00132704
59.9775,0.523599,0.119244,2.47999,-0.00132704,-0.00132704,-0.00132704,-0.00132704,-0.00132704,-0.00132704
59.99,0.523599,0.0955078,2.66338,-0.00132704,-0.00132704,-0.00132704,-0.00132704,-0.00132704,-0.00132704
60.0025,-0.00132704,-0.00132704,-0.00132704,-0.00132704,-0.00132704,-0.00132704,-0.00132704,-0.00132704,-0.00132704
