Time,Value_1,Value_2,Value_3,Value_4,Value_5,Value_6,Value_7,Value_8,Value_9
0,0.525115,0.999117,0.182119,0,0,0,100.861,-0.325264,-1.03472
0.0125,0.534146,0.993809,0.543923,0,0,0,100.84,0.135454,-2.29582
0.025,0.551867,0.983167,0.898453,0,0,0,100.798,1.04755,-3.55097
0.0375,0.577609,0.967158,1.24095,0,0,0,100.723,2.39765,-4.79619
0.05,0.610393,0.945771,1.56676,0,0,0,100.599,4.16564,-6.02746
0.0625,0.648961,0.919065,1.87145,0,0,0,100.405,6.32475,-7.2407
0.075,0.691825,0.887218,2.1508,0,0,0,100.121,8.84161,-8.43176
0.0875,0.737317,0.85058,2.40089,0,0,0,99.7243,11.6765,-9.59648
0.1,0.783657,0.809716,2.61816,0,0,0,99.1944,14.7841,-10.7308
0.1125,0.829032,0.765441,2.79945,0,0,0,98.5142,18.1137,-11.8306
0.125,0.871675,0.718831,2.94212,0,0,0,97.6718,21.6108,-12.8922
0.1375,0.909942,0.671216,3.04404,0,0,0,96.6616,25.218,-13.912
0.15,0.942388,0.624149,3.10369,0,0,0,95.4852,28.8767,-14.8871
0.1625,0.967822,0.579347,3.12021,0,0,0,94.1525,32.5285,-15.8149
0.175,0.985346,0.538625,3.09338,0,0,0,92.6814,36.1168,-16.6934
0.1875,0.994373,0.5038,3.0237,0,0,0,91.0975,39.5884,-17.5214
0.2,0.994608,0.476605,2.91233,0,0,0,89.4333,42.8947,-18.2984
0.2125,0.986019,0.458593,2.76109,0,0,0,87.7265,45.9927,-19.0247
0.225,0.968781,0.451054,2.57241,0,0,0,86.0192,48.8458,-19.7014
0.2375,0.943207,0.454942,2.34927,0,0,0,84.3551,51.4237,-20.3302
0.25,0.909677,0.470826,2.09512,0,0,0,82.7786,53.7026,-20.9136
0.2625,0.868575,0.498851,1.8138,0,0,0,81.3322,55.6647,-21.4549
0.275,0.820229,0.538722,1.50946,0,0,0,80.055,57.2974,-21.9575
0.2875,0.764882,0.589703,1.18649,0,0,0,78.9813,58.5925,-22.4258
0.3,0.702677,0.650634,0.849381,0,0,0,78.1392,59.5452,-22.8639
0.3125,0.63367,0.719959,0.502722,0,0,0,77.5495,60.1537,-23.2766
0.325,0.557863,0.795766,0.151073,0,0,0,77.2251,60.4179,-23.6685
0.3375,0.475263,0.875842,-0.201074,0,0,0,77.1704,60.3393,-24.0442
0.35,0.385956,0.95773,-0.549346,0,0,0,77.3815,59.921,-24.4083
0.3625,0.29018,1.03881,-0.889524,0,0,0,77.8464,59.1673,-24.765
0.375,0.188416,1.11639,-1.21756,0,0,0,78.5451,58.0844,-25.1181
0.3875,0.0814655,1.18779,-1.52959,0,0,0,79.4507,56.6811,-25.4714
0.4,-0.0294858,1.25046,-1.8219,0,0,0,80.5305,54.9691,-25.8277
0.4125,-0.142815,1.30208,-2.09094,0,0,0,81.7472,52.9642,-26.1896
0.425,-0.256441,1.34071,-2.33326,0,0,0,83.0607,50.6867,-26.5591
0.4375,-0.36783,1.36484,-2.54556,0,0,0,84.429,48.1622,-26.9375
0.45,-0.474039,1.3735,-2.72459,0,0,0,85.8111,45.422,-27.3257
0.4625,-0.571795,1.36637,-2.86726,0,0,0,87.1677,42.503,-27.7239
0.475,-0.657613,1.34373,-2.97066,0,0,0,88.4636,39.4472,-28.1318
0.4875,-0.727945,1.30651,-3.03211,0,0,0,89.6685,36.3018,-28.5485
0.5,-0.779361,1.25621,-3.04934,0,0,0,90.7586,33.1172,-28.9727
0.5125,-0.808737,1.19479,-3.0206,0,0,0,91.7169,29.9468,-29.4028
0.525,-0.813437,1.12454,-2.94477,0,0,0,92.5339,26.845,-29.8366
0.5375,-0.791481,1.04789,-2.82156,0,0,0,93.2069,23.8658,-30.2718
0.55,-0.741672,0.967189,-2.65158,0,0,0,93.7398,21.0617,-30.7059
0.5625,-0.663667,0.884564,-2.4364,0,0,0,94.1417,18.4824,-31.136
0.575,-0.558002,0.80169,-2.17861,0,0,0,94.426,16.1731,-31.5592
0.5875,-0.426071,0.719674,-1.88173,0,0,0,94.6086,14.1742,-31.9727
0.6,-0.27006,0.638969,-1.55021,0,0,0,94.7061,12.5207,-32.3733
0.6125,-0.0928666,0.559346,-1.18926,0,0,0,94.7348,11.2411,-32.7579
0.625,0.101984,0.479934,-0.804838,0,0,0,94.7087,10.3579,-33.1235
0.6375,0.310418,0.399331,-0.403463,0,0,0,94.6385,9.88688,-33.4668
0.65,0.527885,0.315756,0.00783195,0,0,0,94.5306,9.83739,-33.785
0.6625,0.749417,0.227262,0.42162,0,0,0,94.3866,10.2122,-34.0747
0.675,0.969705,0.131966,0.830183,0,0,0,94.2031,11.0077,-34.3331
0.6875,1.1832,0.0283015,1.22565,0,0,0,93.9718,12.2136,-34.5572
0.7,1.38425,-0.0847419,1.60017,0,0,0,93.6804,13.8131,-34.744
0.7125,1.56732,-0.207409,1.94614,0,0,0,93.3132,15.783,-34.8911
0.725,1.72725,-0.339023,2.2565,0,0,0,92.8527,18.0939,-34.9958
0.7375,1.85957,-0.477906,2.52501,0,0,0,92.2808,20.7102,-35.0559
0.75,1.96078,-0.621392,2.74662,0,0,0,91.5807,23.591,-35.0696
0.7625,2.02867,-0.765934,2.91765,0,0,0,90.7385,26.6902,-35.0355
0.775,2.06248,-0.907304,3.03605,0,0,0,89.7444,29.958,-34.9524
0.7875,2.06293,-1.04086,3.10138,0,0,0,88.5948,33.342,-34.8197
0.8,2.03221,-1.16186,3.11477,0,0,0,87.2924,36.788,-34.6375
0.8125,1.97368,-1.26575,3.07866,0,0,0,85.8478,40.2421,-34.406
0.825,1.89162,-1.34846,2.99652,0,0,0,84.279,43.652,-34.1264
0.837499,1.79081,-1.40666,2.87254,0,0,0,82.6115,46.9681,-33.7999
0.849999,1.67619,-1.43783,2.71122,0,0,0,80.8775,50.1452,-33.4284
0.862499,1.55253,-1.44043,2.51717,0,0,0,79.1148,53.1431,-33.014
0.874999,1.42414,-1.41385,2.29486,0,0,0,77.3652,55.9277,-32.5591
0.887499,1.2947,-1.35842,2.04852,0,0,0,75.6732,58.4707,-32.0662
0.899999,1.16714,-1.27529,1.78208,0,0,0,74.0842,60.7498,-31.5379
0.912499,1.04359,-1.16633,1.49916,0,0,0,72.6421,62.7482,-30.9768
0.924999,0.925373,-1.03404,1.20316,0,0,0,71.3885,64.4539,-30.3853
0.937499,0.813104,-0.881427,0.897266,0,0,0,70.3607,65.8588,-29.7657
0.949999,0.706725,-0.711878,0.584555,0,0,0,69.59,66.9578,-29.1201
0.962499,0.605643,-0.529086,0.268005,0,0,0,69.1015,67.7476,-28.4501
0.974999,0.508851,-0.336952,-0.0494564,0,0,0,68.9124,68.2261,-27.7574
0.987499,0.415071,-0.139522,-0.364948,0,0,0,69.0318,68.3921,-27.043
0.999999,0.322904,0.0590861,-0.675637,0,0,0,69.4605,68.2444,-26.3079
1.0125,0.230975,0.254746,-0.978762,0,0,0,70.1906,67.7823,-25.5528
1.025,0.138084,0.443377,-1.27163,0,0,0,71.2059,67.0057,-24.7782
1.0375,0.0433322,0.62102,-1.55165,0,0,0,72.4826,65.916,-23.9846
1.05,-0.0537594,0.783909,-1.81631,0,0,0,73.9895,64.5164,-23.1722
1.0625,-0.153156,0.928552,-2.06316,0,0,0,75.6898,62.8136,-22.3414
1.075,-0.254242,1.05183,-2.28979,0,0,0,77.5417,60.8181,-21.4924
1.0875,-0.355778,1.15106,-2.49376,0,0,0,79.5004,58.5459,-20.6258
1.1,-0.455902,1.22416,-2.67261,0,0,0,81.5194,56.0187,-19.7419
1.1125,-0.552153,1.26962,-2.82375,0,0,0,83.5527,53.2644,-18.8414
1.125,-0.641551,1.28668,-2.94453,0,0,0,85.5564,50.3176,-17.925
1.1375,-0.720714,1.27531,-3.03221,0,0,0,87.4905,47.2194,-16.9934
1.15,-0.786023,1.23622,-3.08408,0,0,0,89.3201,44.0162,-16.0476
1.1625,-0.833837,1.17085,-3.09761,0,0,0,91.0169,40.7593,-15.0885
1.175,-0.860741,1.08127,-3.0706,0,0,0,92.5599,37.5032,-14.1168
1.1875,-0.863817,0.970041,-3.00143,0,0,0,93.9357,34.3044,-13.1334
1.2,-0.840909,0.84009,-2.88931,0,0,0,95.1382,31.2198,-12.1388
1.2125,-0.790863,0.694485,-2.73446,0,0,0,96.1681,28.305,-11.1334
1.225,-0.713705,0.536253,-2.53836,0,0,0,97.0319,25.6126,-10.1175
1.2375,-0.61073,0.368196,-2.30375,0,0,0,97.7405,23.1915,-9.09084
1.25,-0.484504,0.192747,-2.03472,0,0,0,98.3075,21.0854,-8.05308
1.2625,-0.338764,0.011884,-1.73658,0,0,0,98.7479,19.332,-7.00352
1.275,-0.178225,-0.172888,-1.41567,0,0,0,99.0761,17.9625,-5.94121
1.2875,-0.00833162,-0.360487,-1.07913,0,0,0,99.3045,17.0011,-4.86495
1.3,0.165047,-0.550145,-0.73459,0,0,0,99.4425,16.4648,-3.7734
1.3125,0.33593,-0.741245,-0.389844,0,0,0,99.4951,16.3633,-2.66512
1.325,0.498547,-0.933149,-0.0525184,0,0,0,99.463,16.6988,-1.53865
1.3375,0.647637,-1.12502,0.27023,0,0,0,99.342,17.466,-0.392619
1.35,0.778706,-1.31566,0.571994,0,0,0,99.1234,18.6521,0.774164
1.3625,0.888242,-1.50345,0.847329,0,0,0,98.795,20.2372,1.96262
1.375,0.97386,-1.68627,1.09191,0,0,0,98.3417,22.1936,3.1733
1.3875,1.03438,-1.86152,1.30259,0,0,0,97.7473,24.4873,4.40635
1.4,1.06981,-2.02626,1.47742,0,0,0,96.9958,27.0773,5.66142
1.4125,1.08129,-2.17727,1.61553,0,0,0,96.0735,29.9173,6.93763
1.425,1.07093,-2.31126,1.71697,0,0,0,94.97,32.9557,8.23362
1.4375,1.04162,-2.42506,1.78255,0,0,0,93.6801,36.1378,9.54751
1.45,0.996853,-2.51572,1.8136,0,0,0,92.2052,39.4064,10.877
1.4625,0.940468,-2.58074,1.81176,0,0,0,90.5539,42.7037,12.2194
1.475,0.876466,-2.61813,1.77882,0,0,0,88.7424,45.973,13.5718
1.4875,0.808825,-2.62652,1.71655,0,0,0,86.7945,49.1601,14.9311
1.5,0.74134,-2.60518,1.62668,0,0,0,84.7411,52.2151,16.2942
1.5125,0.677491,-2.55403,1.51079,0,0,0,82.6196,55.0932,17.6582
1.525,0.620334,-2.47361,1.3704,0,0,0,80.4715,57.7557,19.0203
1.5375,0.572408,-2.36503,1.20701,0,0,0,78.342,60.171,20.378
1.55,0.535652,-2.22988,1.02218,0,0,0,76.2773,62.314,21.7293
1.5625,0.511346,-2.07015,0.817668,0,0,0,74.3232,64.1659,23.0728
1.575,0.500053,-1.88815,0.595507,0,0,0,72.5231,65.7143,24.4074
1.5875,0.501598,-1.68644,0.358116,0,0,0,70.9165,66.9514,25.7325
1.6,0.515068,-1.46774,0.108359,0,0,0,69.5376,67.8736,27.0482
1.6125,0.538849,-1.2349,-0.15044,0,0,0,68.4139,68.4803,28.3549
1.625,0.570705,-0.990872,-0.414517,0,0,0,67.5653,68.7727,29.6531
1.6375,0.607905,-0.738696,-0.679761,0,0,0,67.0039,68.7534,30.944
1.65,0.647384,-0.481526,-0.941833,0,0,0,66.7332,68.4258,32.2285
1.6625,0.685946,-0.222639,-1.19634,0,0,0,66.7482,67.7934,33.5079
1.675,0.720471,0.0345497,-1.43901,0,0,0,67.0359,66.8604,34.7832
1.6875,0.748132,0.286481,-1.66589,0,0,0,67.5752,65.6318,36.0552
1.7,0.76659,0.52947,-1.87352,0,0,0,68.3383,64.1138,37.3244
1.7125,0.77414,0.759748,-2.05902,0,0,0,69.2912,62.3151,38.5911
1.725,0.76982,0.973534,-2.2202,0,0,0,70.395,60.2471,39.855
1.7375,0.753445,1.16713,-2.35556,0,0,0,71.6076,57.9254,41.1154
1.75,0.725594,1.33701,-2.46422,0,0,0,72.8851,55.3699,42.3712
1.7625,0.687541,1.47999,-2.54587,0,0,0,74.1833,52.6057,43.6207
1.775,0.641145,1.59327,-2.60061,0,0,0,75.4598,49.6633,44.862
1.7875,0.588717,1.67459,-2.62885,0,0,0,76.6752,46.5783,46.0928
1.8,0.532873,1.72229,-2.63117,0,0,0,77.795,43.391,47.3108
1.8125,0.476381,1.73536,-2.60825,0,0,0,78.7906,40.1458,48.5132
1.825,0.422017,1.71346,-2.5608,0,0,0,79.6398,36.8897,49.6976
1.8375,0.372421,1.65696,-2.48954,0,0,0,80.3281,33.6715,50.8615
1.85,0.329962,1.56684,-2.39523,0,0,0,80.8478,30.5398,52.0028
1.8625,0.296616,1.44469,-2.27876,0,0,0,81.1984,27.5422,53.1195
1.875,0.273856,1.29263,-2.1412,0,0,0,81.3851,24.7235,54.2101
1.8875,0.262555,1.11322,-1.98393,0,0,0,81.4184,22.1248,55.2737
1.9,0.262921,0.909363,-1.80869,0,0,0,81.312,19.7824,56.3095
1.9125,0.274467,0.684246,-1.61771,0,0,0,81.0822,17.727,57.3174
1.925,0.296021,0.441255,-1.41366,0,0,0,80.7455,15.9834,58.2978
1.9375,0.325787,0.183915,-1.19969,0,0,0,80.3183,14.5704,59.2512
1.95,0.361457,-0.0841507,-0.979326,0,0,0,79.8146,13.5001,60.1786
1.9625,0.400369,-0.359241,-0.75636,0,0,0,79.2459,12.7787,61.0812
1.975,0.439689,-0.637594,-0.534675,0,0,0,78.6201,12.4061,61.9605
1.9875,0.476618,-0.91539,-0.318077,0,0,0,77.9415,12.3765,62.8179
2,0.50859,-1.18876,-0.110119,0,0,0,77.2103,12.6784,63.6549
2.0125,0.533438,-1.4538,0.0860558,0,0,0,76.4236,13.2948,64.4729
2.025,0.549536,-1.7066,0.267815,0,0,0,75.5756,14.2039,65.2733
2.0375,0.555875,-1.94328,0.433101,0,0,0,74.6586,15.3789,66.0573
2.05,0.552098,-2.16009,0.580433,0,0,0,73.664,16.7889,66.8256
2.0625,0.53849,-2.35342,0.708858,0,0,0,72.5836,18.399,67.5792
2.075,0.515923,-2.51995,0.817872,0,0,0,71.4107,20.1712,68.3185
2.0875,0.48578,-2.65668,0.907299,0,0,0,70.1414,22.0653,69.0438
2.1,0.44987,-2.76106,0.977178,0,0,0,68.7751,24.0395,69.7552
2.1125,0.410328,-2.83102,1.02764,0,0,0,67.3158,26.0517,70.4526
2.125,0.369528,-2.86508,1.05884,0,0,0,65.7722,28.0605,71.1357
2.1375,0.329988,-2.8623,1.07082,0,0,0,64.1579,30.0261,71.8044
2.15,0.294282,-2.82241,1.06356,0,0,0,62.4912,31.9116,72.4582
2.1625,0.264943,-2.74571,1.03694,0,0,0,60.7948,33.6837,73.0968
2.175,0.244356,-2.63314,0.990811,0,0,0,59.0945,35.3132,73.7197
2.1875,0.234638,-2.48616,0.925086,0,0,0,57.4187,36.7758,74.3268
2.2,0.237497,-2.30676,0.839875,0,0,0,55.7969,38.0519,74.9176
2.2125,0.254083,-2.09734,0.735652,0,0,0,54.2587,39.1266,75.4921
2.225,0.284845,-1.8607,0.613412,0,0,0,52.8325,39.9893,76.05
2.2375,0.329401,-1.59993,0.474827,0,0,0,51.544,40.6333,76.5912
2.25,0.386461,-1.31835,0.322347,0,0,0,50.4161,41.0549,77.1157
2.2625,0.453819,-1.01948,0.15923,0,0,0,49.4671,41.2529,77.6233
2.275,0.528434,-0.706998,-0.0105188,0,0,0,48.7105,41.2278,78.1137
2.2875,0.606617,-0.384743,-0.18232,0,0,0,48.1547,40.9812,78.5867
2.3,0.684306,-0.0566863,-0.351278,0,0,0,47.8024,40.5154,79.0419
2.3125,0.757398,0.273044,-0.512507,0,0,0,47.6508,39.8332,79.4789
2.325,0.82211,0.600172,-0.66148,0,0,0,47.6918,38.9377,79.8968
2.3375,0.875298,0.920299,-0.794345,0,0,0,47.9118,37.8327,80.2948
2.35,0.914704,1.22894,-0.908159,0,0,0,48.2929,36.5226,80.6718
2.3625,0.939096,1.52159,-1.00102,0,0,0,48.8131,35.0134,81.0268
2.375,0.94828,1.79384,-1.07206,0,0,0,49.4474,33.3126,81.3582
2.3875,0.943011,2.04145,-1.12138,0,0,0,50.1683,31.4304,81.6648
2.4,0.924827,2.26045,-1.14982,0,0,0,50.9476,29.3799,81.9449
2.4125,0.895828,2.44732,-1.15876,0,0,0,51.7567,27.1774,82.1972
2.425,0.858464,2.59897,-1.14991,0,0,0,52.5687,24.8426,82.4202
2.4375,0.815326,2.71293,-1.12508,0,0,0,53.3585,22.3987,82.6126
2.45,0.768984,2.78729,-1.08603,0,0,0,54.1048,19.8724,82.7733
2.4625,0.721855,2.82085,-1.03435,0,0,0,54.7904,17.2928,82.9012
2.475,0.676119,2.81302,-0.971455,0,0,0,55.4031,14.6915,82.9959
2.4875,0.633658,2.76391,-0.898499,0,0,0,55.9357,12.1011,83.0568
2.50001,0.596021,2.67426,-0.816466,0,0,0,56.3868,9.55479,83.0839
2.51251,0.564395,2.54542,-0.726201,0,0,0,56.7598,7.08546,83.0775
2.52501,0.53959,2.37933,-0.628486,0,0,0,57.063,4.72459,83.0379
2.53751,0.522022,2.17847,-0.524124,0,0,0,57.3082,2.50169,82.9661
2.55001,0.511706,1.9458,-0.414012,0,0,0,57.5106,0.443739,82.8628
2.56251,0.508252,1.6847,-0.299208,0,0,0,57.687,-1.4253,82.7295
2.57501,0.510882,1.39895,-0.180966,0,0,0,57.8548,-3.08468,82.5672
2.58751,0.518464,1.09266,-0.0607465,0,0,0,58.0313,-4.51698,82.3775
2.60001,0.529579,0.7702,0.059807,0,0,0,58.2322,-5.70813,82.1619
2.61251,0.5426,0.436174,0.17893,0,0,0,58.4707,-6.64726,81.9218
2.62501,0.555806,0.0953546,0.294825,0,0,0,58.757,-7.32669,81.6587
2.63751,0.567499,-0.247367,0.405767,0,0,0,59.0977,-7.74177,81.3741
2.65001,0.576123,-0.587043,0.510211,0,0,0,59.4953,-7.89092,81.0695
2.66251,0.58037,-0.918729,0.606888,0,0,0,59.9481,-7.77559,80.7464
2.67501,0.579254,-1.23755,0.694876,0,0,0,60.4509,-7.40042,80.406
2.68751,0.572157,-1.53879,0.773637,0,0,0,60.9945,-6.77339,80.0497
2.70001,0.558836,-1.81793,0.843007,0,0,0,61.5672,-5.90596,79.6789
2.71251,0.539395,-2.07076,0.903167,0,0,0,62.1551,-4.8133,79.2948
2.72501,0.514241,-2.29343,0.954573,0,0,0,62.7431,-3.51434,78.8986
2.73751,0.484021,-2.48252,0.997879,0,0,0,63.316,-2.03178,78.4917
2.75001,0.449556,-2.63512,1.03385,0,0,0,63.8598,-0.391979,78.0752
2.76251,0.411787,-2.74884,1.06326,0,0,0,64.3622,1.37538,77.6502
2.77501,0.371721,-2.8219,1.08687,0,0,0,64.814,3.23772,77.2178
2.78751,0.330403,-2.8531,1.10529,0,0,0,65.2097,5.16027,76.7787
2.80001,0.288888,-2.84189,1.11901,0,0,0,65.5479,7.10671,76.3339
2.81251,0.248236,-2.78835,1.12832,0,0,0,65.8318,9.04006,75.8839
2.82501,0.209494,-2.69321,1.13333,0,0,0,66.0688,10.9235,75.429
2.83751,0.173694,-2.5578,1.134,0,0,0,66.2703,12.7211,74.9693
2.85001,0.141832,-2.38406,1.13012,0,0,0,66.4512,14.3988,74.5045
2.86251,0.114836,-2.17449,1.12139,0,0,0,66.629,15.9244,74.0341
2.87501,0.0935334,-1.93214,1.10751,0,0,0,66.8224,17.2686,73.5572
2.88751,0.0785863,-1.6605,1.08823,0,0,0,67.0507,18.405,73.0725
2.90001,0.0704381,-1.36351,1.06344,0,0,0,67.3324,19.31,72.5785
2.91251,0.0692531,-1.04546,1.03326,0,0,0,67.6839,19.9633,72.0732
2.92501,0.0748757,-0.710924,0.998105,0,0,0,68.1186,20.3472,71.5545
2.93751,0.0868166,-0.364708,0.958718,0,0,0,68.6462,20.4471,71.0198
2.95001,0.104275,-0.0117644,0.91615,0,0,0,69.2713,20.2513,70.4666
2.96251,0.126203,0.342875,0.871718,0,0,0,69.9939,19.751,69.892
2.97501,0.151397,0.694167,0.826913,0,0,0,70.8081,18.9403,69.2932
2.98751,0.178616,1.03712,0.783292,0,0,0,71.7031,17.8169,68.6675
3.00001,0.206694,1.36688,0.742362,0,0,0,72.6629,16.3822,68.0121
3.01251,0.234646,1.67876,0.705477,0,0,0,73.6671,14.6418,67.3246
3.02501,0.261733,1.96833,0.673763,0,0,0,74.6918,12.6059,66.6029
3.03751,0.287498,2.23145,0.648076,0,0,0,75.7111,10.2898,65.845
3.05001,0.311769,2.46435,0.628994,0,0,0,76.6977,7.71443,65.0497
3.06251,0.33462,2.66369,0.61683,0,0,0,77.625,4.90606,64.216
3.07501,0.356329,2.82656,0.611667,0,0,0,78.4685,1.89643,63.3438
3.08751,0.377308,2.95056,0.613399,0,0,0,79.207,-1.27766,62.433
3.10001,0.398042,3.03385,0.621759,0,0,0,79.8244,-4.57504,61.4845
3.11251,0.419024,3.07513,0.636356,0,0,0,80.3105,-7.95107,60.4995
3.12501,0.440693,3.07369,0.656683,0,0,0,80.6619,-11.3588,59.4796
3.13751,0.463388,3.02944,0.68213,0,0,0,80.8823,-14.7501,58.4268
3.15001,0.487298,2.94287,0.711976,0,0,0,80.9826,-18.0772,57.3435
3.16251,0.512433,2.81507,0.745378,0,0,0,80.9806,-21.2936,56.2321
3.17501,0.538595,2.64772,0.781362,0,0,0,80.8996,-24.3556,55.095
3.18751,0.565369,2.44307,0.81882,0,0,0,80.7678,-27.2228,53.935
3.20001,0.592128,2.2039,0.856513,0,0,0,80.6167,-29.8588,52.7543
3.21251,0.618058,1.93351,0.893099,0,0,0,80.4792,-32.2316,51.5551
3.22501,0.642209,1.63566,0.927174,0,0,0,80.3884,-34.314,50.3396
3.23751,0.663556,1.31452,0.957341,0,0,0,80.3754,-36.0827,49.1094
3.25001,0.681091,0.974634,0.98229,0,0,0,80.4682,-37.519,47.8662
3.26251,0.693917,0.620825,1.00089,0,0,0,80.6901,-38.6075,46.6112
3.27501,0.701334,0.25815,1.01229,0,0,0,81.0585,-39.3365,45.3456
3.28751,0.702917,-0.108193,1.01598,0,0,0,81.5843,-39.6974,44.0705
3.30001,0.698565,-0.472944,1.01183,0,0,0,82.2708,-39.6845,42.7868
3.31251,0.688508,-0.830869,1.00013,0,0,0,83.1144,-39.2954,41.4957
3.32501,0.673279,-1.17684,0.981523,0,0,0,84.1036,-38.5309,40.1982
3.33751,0.653656,-1.50592,0.956989,0,0,0,85.2204,-37.3958,38.8958
3.35001,0.630579,-1.81344,0.927723,0,0,0,86.4406,-35.8991,37.5901
3.36251,0.605056,-2.09507,0.895064,0,0,0,87.7351,-34.0547,36.283
3.37501,0.578074,-2.34687,0.860399,0,0,0,89.0712,-31.8821,34.9767
3.38751,0.550519,-2.56534,0.825091,0,0,0,90.4141,-29.4068,33.6736
3.40001,0.523124,-2.74749,0.790418,0,0,0,91.7292,-26.6604,32.3767
3.41251,0.496426,-2.89085,0.757543,0,0,0,92.9833,-23.6809,31.089
3.42501,0.470757,-2.99351,0.727493,0,0,0,94.1465,-20.5119,29.8134
3.43751,0.446243,-3.05415,0.701159,0,0,0,95.194,-17.2023,28.5532
3.45001,0.422824,-3.07204,0.679301,0,0,0,96.1072,-13.8051,27.3115
3.46251,0.400284,-3.04704,0.662559,0,0,0,96.8746,-10.3762,26.0911
3.47501,0.378288,-2.97963,0.651457,0,0,0,97.4925,-6.97315,24.8946
3.48751,0.35643,-2.87088,0.646407,0,0,0,97.9646,-3.65331,23.7242
3.50001,0.33429,-2.72242,0.647694,0,0,0,98.3015,-0.472656,22.5816
3.51251,0.311486,-2.53646,0.655457,0,0,0,98.5204,2.51565,21.4677
3.52501,0.287741,-2.31569,0.669666,0,0,0,98.6429,5.26241,20.3832
3.53751,0.26294,-2.06332,0.690083,0,0,0,98.694,7.72324,19.3279
3.55001,0.237179,-1.78298,0.716234,0,0,0,98.7001,9.8592,18.3011
3.56251,0.210802,-1.47866,0.747396,0,0,0,98.6874,11.6371,17.3015
3.57501,0.184412,-1.15471,0.782596,0,0,0,98.6797,13.0299,16.3274
3.58751,0.158842,-0.81574,0.820642,0,0,0,98.6977,14.0161,15.3766
3.60001,0.135109,-0.466566,0.860185,0,0,0,98.7567,14.5803,14.4467
3.61251,0.114324,-0.112154,0.899809,0,0,0,98.8662,14.7128,13.5349
3.62501,0.0975899,0.242449,0.938128,0,0,0,99.0293,14.4094,12.6385
3.63751,0.0858972,0.592183,0.973896,0,0,0,99.2422,13.6715,11.7548
3.65001,0.0800303,0.932046,1.00609,0,0,0,99.4948,12.5063,10.8811
3.66251,0.0805021,1.25716,1.03397,0,0,0,99.7709,10.9267,10.015
3.67501,0.0875235,1.56285,1.05708,0,0,0,100.049,8.95188,9.15428
3.68751,0.101008,1.84471,1.07526,0,0,0,100.305,6.60708,8.29729
3.70001,0.120602,2.09866,1.08857,0,0,0,100.512,3.92388,7.44258
3.71251,0.145736,2.32103,1.09722,0,0,0,100.643,0.940049,6.58922
3.72501,0.175682,2.50861,1.10148,0,0,0,100.673,-2.30073,5.73669
3.73751,0.209596,2.6587,1.10164,0,0,0,100.579,-5.74948,4.88492
3.75001,0.246571,2.76913,1.09789,0,0,0,100.346,-9.35285,4.03422
3.76251,0.285653,2.83834,1.09032,0,0,0,99.9623,-13.0542,3.18527
3.77501,0.325867,2.86538,1.07882,0,0,0,99.4256,-16.7949,2.33907
3.78751,0.366221,2.84993,1.06314,0,0,0,98.7413,-20.5163,1.49685
3.80001,0.405714,2.79228,1.04283,0,0,0,97.9229,-24.1603,0.660041
3.81251,0.443342,2.69339,1.0173,0,0,0,96.9915,-27.6721,-0.169808
3.82501,0.478121,2.55482,0.985797,0,0,0,95.9752,-31.0004,-0.991075
3.83751,0.509107,2.37873,0.947539,0,0,0,94.9072,-34.099,-1.80211
3.85001,0.535447,2.16782,0.901719,0,0,0,93.8249,-36.9273,-2.60128
3.86251,0.556426,1.92534,0.847605,0,0,0,92.7675,-39.4508,-3.38696
3.87501,0.571536,1.65496,0.78463,0,0,0,91.7744,-41.641,-4.15756
3.88751,0.580535,1.36078,0.712466,0,0,0,90.8829,-43.4752,-4.91154
3.90001,0.583509,1.04719,0.631105,0,0,0,90.1271,-44.936,-5.64731
3.91251,0.580903,0.718865,0.5409,0,0,0,89.5357,-46.0107,-6.3633
3.92501,0.573531,0.380626,0.442589,0,0,0,89.1311,-46.6907,-7.05784
3.93751,0.562552,0.0374114,0.337272,0,0,0,88.9281,-46.9708,-7.7292
3.95001,0.549403,-0.305812,0.22636,0,0,0,88.9338,-46.8492,-8.37549
3.96251,0.535709,-0.644111,0.111483,0,0,0,89.1466,-46.3266,-8.9947
3.97501,0.523169,-0.972647,-0.00560877,0,0,0,89.5569,-45.4071,-9.58461
3.98751,0.513437,-1.28673,-0.123155,0,0,0,90.1472,-44.0977,-10.1429
4.00001,0.50801,-1.58188,-0.239481,0,0,0,90.8931,-42.4092,-10.667
4.01251,0.508131,-1.85388,-0.35307,0,0,0,91.7642,-40.3568,-11.1543
4.02501,0.51472,-2.0988,-0.462607,0,0,0,92.7256,-37.9601,-11.6021
4.03751,0.528326,-2.31311,-0.566975,0,0,0,93.7396,-35.2444,-12.0077
4.05001,0.549108,-2.49365,-0.665236,0,0,0,94.7675,-32.2409,-12.3686
4.06251,0.576826,-2.63777,-0.756574,0,0,0,95.7714,-28.9864,-12.6822
4.07501,0.610854,-2.74331,-0.840228,0,0,0,96.7164,-25.5238,-12.9463
4.08751,0.650187,-2.80868,-0.915407,0,0,0,97.5717,-21.9011,-13.1591
4.10001,0.69346,-2.83288,-0.981221,0,0,0,98.313,-18.1708,-13.319
4.11251,0.738972,-2.81557,-1.03661,0,0,0,98.9229,-14.3891,-13.4252
4.12501,0.784713,-2.75704,-1.08032,0,0,0,99.3921,-10.6138,-13.4769
4.13751,0.828415,-2.65826,-1.11085,0,0,0,99.7192,-6.90349,-13.4744
4.15001,0.867622,-2.52083,-1.12656,0,0,0,99.9109,-3.31584,-13.418
4.16251,0.899798,-2.34701,-1.12568,0,0,0,99.981,0.0939577,-13.3089
4.17501,0.922473,-2.13963,-1.10648,0,0,0,99.9493,3.27428,-13.1486
4.18751,0.933429,-1.90204,-1.06745,0,0,0,99.84,6.17816,-12.9388
4.20001,0.930908,-1.63803,-1.00753,0,0,0,99.6801,8.76397,-12.6819
4.21251,0.913829,-1.35174,-0.926277,0,0,0,99.4973,10.9959,-12.3804
4.22501,0.881972,-1.04754,-0.824132,0,0,0,99.3185,12.8442,-12.0368
4.23751,0.836108,-0.729925,-0.702514,0,0,0,99.1677,14.285,-11.6541
4.25001,0.778025,-0.403416,-0.563871,0,0,0,99.0649,15.3005,-11.235
4.26251,0.710442,-0.0724944,-0.411605,0,0,0,99.0244,15.8783,-10.7826
4.27501,0.636817,0.258466,-0.249883,0,0,0,99.0544,16.0119,-10.2996
4.28751,0.561051,0.585227,-0.083356,0,0,0,99.156,15.6997,-9.78881
4.30001,0.487153,0.903697,0.0831736,0,0,0,99.3234,14.946,-9.25316
4.31251,0.418896,1.20994,0.245084,0,0,0,99.5445,13.7602,-8.69534
4.32501,0.35952,1.50016,0.398219,0,0,0,99.801,12.1575,-8.11807
4.33751,0.311516,1.77074,0.53909,0,0,0,100.07,10.159,-7.52404
4.35001,0.276505,2.01824,0.664977,0,0,0,100.325,7.79185,-6.91591
4.3625,0.255206,2.23945,0.773942,0,0,0,100.539,5.08924,-6.29632
4.375,0.247496,2.43146,0.864742,0,0,0,100.682,2.09045,-5.66789
4.3875,0.252508,2.59169,0.936706,0,0,0,100.73,-1.1596,-5.03316
4.4,0.268773,2.718,0.989577,0,0,0,100.661,-4.61091,-4.39465
4.4125,0.294367,2.8087,1.02334,0,0,0,100.457,-8.20939,-3.75472
4.425,0.327043,2.86267,1.03811,0,0,0,100.109,-11.898,-3.1156
4.4375,0.364363,2.87937,1.03396,0,0,0,99.6141,-15.618,-2.47928
4.45,0.403805,2.85887,1.01094,0,0,0,98.9785,-19.3107,-1.84748
4.4625,0.44286,2.80184,0.968975,0,0,0,98.2158,-22.9188,-1.22157
4.475,0.479124,2.70957,0.90791,0,0,0,97.3474,-26.388,-0.602516
4.4875,0.51039,2.58393,0.827567,0,0,0,96.4008,-29.6679,0.0091857
4.5,0.534734,2.42728,0.727831,0,0,0,95.4091,-32.7132,0.61354
4.5125,0.550618,2.24247,0.608751,0,0,0,94.4085,-35.4844,1.21109
4.525,0.556976,2.03272,0.47067,0,0,0,93.4367,-37.9479,1.80294
4.5375,0.553302,1.80153,0.314337,0,0,0,92.5312,-40.0762,2.39073
4.55,0.539712,1.55262,0.141003,0,0,0,91.7273,-41.8474,2.97664
4.5625,0.516973,1.28986,-0.0475128,0,0,0,91.0563,-43.2449,3.56337
4.575,0.486494,1.01715,-0.248808,0,0,0,90.5441,-44.2567,4.15402
4.5875,0.450257,0.738439,-0.459936,0,0,0,90.2101,-44.875,4.75209
4.6,0.410705,0.457621,-0.677495,0,0,0,90.0659,-45.0955,5.36137
4.6125,0.370581,0.178568,-0.897771,0,0,0,90.1155,-44.9174,5.98582
4.625,0.332736,-0.0949065,-1.1169,0,0,0,90.3544,-44.3428,6.6295
4.6375,0.299927,-0.359046,-1.33107,0,0,0,90.7703,-43.3775,7.29644
4.65,0.27462,-0.610161,-1.53666,0,0,0,91.3431,-42.0305,7.99052
4.6625,0.258821,-0.844652,-1.73041,0,0,0,92.0466,-40.3153,8.71536
4.675,0.253943,-1.05904,-1.90947,0,0,0,92.849,-38.2497,9.47421
4.6875,0.260732,-1.25003,-2.07153,0,0,0,93.7146,-35.8566,10.2698
4.7,0.279234,-1.41457,-2.21469,0,0,0,94.6057,-33.1648,11.1044
4.7125,0.308818,-1.54992,-2.33751,0,0,0,95.4843,-30.2088,11.9794
4.725,0.348223,-1.65376,-2.43886,0,0,0,96.3139,-27.0287,12.8958
4.7375,0.39565,-1.72429,-2.51783,0,0,0,97.0614,-23.6706,13.8537
4.75,0.448866,-1.76023,-2.57367,0,0,0,97.6989,-20.185,14.8524
4.7625,0.50532,-1.76098,-2.60567,0,0,0,98.2045,-16.6265,15.8907
4.775,0.562274,-1.72659,-2.61314,0,0,0,98.564,-13.0522,16.9667
4.7875,0.616938,-1.6578,-2.59539,0,0,0,98.7708,-9.52048,18.0778
4.8,0.666615,-1.556,-2.55178,0,0,0,98.8264,-6.08927,19.2211
4.8125,0.70885,-1.42325,-2.48182,0,0,0,98.7394,-2.81475,20.3934
4.825,0.741575,-1.26213,-2.38523,0,0,0,98.5249,0.250143,21.5911
4.8375,0.763255,-1.07571,-2.26211,0,0,0,98.2031,3.05683,22.8105
4.85,0.773005,-0.867419,-2.11305,0,0,0,97.7978,5.56203,24.0479
4.8625,0.770678,-0.640912,-1.93925,0,0,0,97.3344,7.72836,25.2995
4.875,0.756908,-0.399984,-1.74259,0,0,0,96.8382,9.52468,26.5618
4.8875,0.733092,-0.148458,-1.52561,0,0,0,96.3328,10.9262,27.8313
4.9,0.701318,0.109901,-1.29151,0,0,0,95.8385,11.9145,29.1046
4.9125,0.664228,0.371436,-1.04403,0,0,0,95.3706,12.4771,30.3786
4.925,0.624844,0.632627,-0.787296,0,0,0,94.9391,12.6077,31.65
4.9375,0.586357,0.890097,-0.525645,0,0,0,94.5474,12.3054,32.916
4.95,0.551913,1.1406,-0.263431,0,0,0,94.1926,11.5751,34.1734
4.9625,0.524404,1.38101,-0.0048465,0,0,0,93.8654,10.427,35.4192
4.975,0.506287,1.6083,0.24622,0,0,0,93.5511,8.87707,36.6505
4.9875,0.499445,1.81955,0.486288,0,0,0,93.2299,6.94661,37.8639
5,0.505086,2.01194,0.712337,0,0,0,92.8789,4.66265,39.0562
5.0125,0.523692,2.18283,0.921806,0,0,0,92.4731,2.05777,40.2241
5.02499,0.555002,2.32977,1.11254,0,0,0,91.9874,-0.830089,41.3642
5.03749,0.598029,2.45063,1.28272,0,0,0,91.3982,-3.958,42.4729
5.04999,0.651102,2.54362,1.43074,0,0,0,90.6854,-7.27869,43.5469
5.06249,0.711929,2.60743,1.55511,0,0,0,89.8335,-10.7414,44.5829
5.07499,0.777665,2.64126,1.65436,0,0,0,88.8333,-14.2931,45.578
5.08749,0.845002,2.64495,1.72695,0,0,0,87.683,-17.8797,46.5295
5.09999,0.910271,2.61894,1.7712,0,0,0,86.3881,-21.4475,47.4351
5.11249,0.969561,2.56435,1.78538,0,0,0,84.962,-24.9449,48.2932
5.12499,1.01887,2.48292,1.76768,0,0,0,83.4254,-28.3233,49.1027
5.13749,1.05427,2.37694,1.71636,0,0,0,81.8057,-31.5386,49.863
5.14999,1.0721,2.24921,1.62994,0,0,0,80.1351,-34.5523,50.5745
5.16249,1.06921,2.10281,1.50734,0,0,0,78.4501,-37.3315,51.238
5.17499,1.04313,1.94103,1.34815,0,0,0,76.7891,-39.8499,51.8551
5.18749,0.992326,1.76712,1.15282,0,0,0,75.1907,-42.0869,52.4282
5.19999,0.916319,1.58419,0.922842,0,0,0,73.6925,-44.028,52.9598
5.21249,0.815823,1.395,0.660863,0,0,0,72.3291,-45.6636,53.4532
5.22499,0.692774,1.2019,0.370736,0,0,0,71.1309,-46.9884,53.9121
5.23749,0.550287,1.00677,0.0574838,0,0,0,70.1227,-48.0005,54.3403
5.24999,0.392539,0.810997,-0.272825,0,0,0,69.3232,-48.7011,54.7418
5.26249,0.224576,0.615623,-0.613273,0,0,0,68.7443,-49.0931,55.1208
5.27499,0.0520619,0.421415,-0.956353,0,0,0,68.3906,-49.1812,55.4812
5.28749,-0.119017,0.229059,-1.29428,0,0,0,68.2595,-48.9714,55.8272
5.29999,-0.282671,0.0393304,-1.6193,0,0,0,68.3413,-48.4712,56.1623
5.31249,-0.433241,-0.146736,-1.92407,0,0,0,68.6202,-47.6896,56.4901
5.32499,-0.565708,-0.327722,-2.20194,0,0,0,69.0742,-46.6377,56.8136
5.33749,-0.675974,-0.501753,-2.44723,0,0,0,69.6768,-45.329,57.1355
5.34999,-0.761078,-0.666493,-2.65545,0,0,0,70.3977,-43.7802,57.458
5.36249,-0.819319,-0.819213,-2.82344,0,0,0,71.2043,-42.0117,57.7828
5.37499,-0.850296,-0.956915,-2.94934,0,0,0,72.0631,-40.0476,58.1113
5.38749,-0.854832,-1.07651,-3.03259,0,0,0,72.9409,-37.9167,58.4442
5.39999,-0.83482,-1.17499,-3.07368,0,0,0,73.8066,-35.6515,58.7817
5.41249,-0.792999,-1.24966,-3.07401,0,0,0,74.6321,-33.2887,59.1237
5.42499,-0.732686,-1.29827,-3.03564,0,0,0,75.3937,-30.8683,59.4696
5.43749,-0.657506,-1.31917,-2.961,0,0,0,76.0726,-28.4327,59.8185
5.44999,-0.571129,-1.31143,-2.85274,0,0,0,76.6557,-26.0261,60.1689
5.46249,-0.47705,-1.27484,-2.71358,0,0,0,77.1353,-23.693,60.5192
5.47499,-0.378408,-1.20995,-2.54614,0,0,0,77.5093,-21.4773,60.8677
5.48749,-0.277848,-1.11802,-2.35299,0,0,0,77.7805,-19.4209,61.2122
5.49999,-0.177439,-1.00099,-2.13658,0,0,0,77.9554,-17.5634,61.5506
5.51249,-0.0786273,-0.861351,-1.89929,0,0,0,78.0434,-15.9404,61.8805
5.52499,0.0177688,-0.70211,-1.64347,0,0,0,78.0555,-14.5833,62.1995
5.53749,0.111534,-0.526655,-1.37151,0,0,0,78.0033,-13.5189,62.5052
5.54999,0.202995,-0.33868,-1.08585,0,0,0,77.897,-12.7688,62.7951
5.56249,0.29294,-0.1421,-0.789006,0,0,0,77.7453,-12.3492,63.0667
5.57499,0.382506,0.0590295,-0.483608,0,0,0,77.5537,-12.2709,63.3174
5.58749,0.473056,0.260581,-0.172368,0,0,0,77.3242,-12.5394,63.5449
5.59999,0.566037,0.458415,0.14193,0,0,0,77.0554,-13.1547,63.7465
5.61249,0.662836,0.648444,0.456447,0,0,0,76.7415,-14.1113,63.9199
5.62499,0.764626,0.826694,0.768301,0,0,0,76.3736,-15.3981,64.0627
5.63749,0.872225,0.989373,1.07457,0,0,0,75.94,-16.9987,64.1728
5.64999,0.98596,1.13295,1.37226,0,0,0,75.4267,-18.8916,64.248
5.66249,1.10555,1.25423,1.65828,0,0,0,74.8193,-21.0498,64.2865
5.67498,1.23001,1.3505,1.92939,0,0,0,74.1038,-23.4419,64.2868
5.68748,1.35758,1.41958,2.18213,0,0,0,73.268,-26.0319,64.2474
5.69998,1.48571,1.45998,2.41275,0,0,0,72.3029,-28.7805,64.1675
5.71248,1.61104,1.47099,2.61722,0,0,0,71.2041,-31.6457,64.0465
5.72498,1.72954,1.4528,2.7912,0,0,0,69.9725,-34.5837,63.8842
5.73748,1.83661,1.40651,2.93017,0,0,0,68.6151,-37.5506,63.681
5.74998,1.92735,1.33419,3.02959,0,0,0,67.1455,-40.5033,63.4374
5.76248,1.99685,1.2388,3.08508,0,0,0,65.5839,-43.4005,63.1546
5.77498,2.04051,1.12411,3.09283,0,0,0,63.9564,-46.2045,62.834
5.78748,2.05449,0.994441,3.04986,0,0,0,62.2945,-48.8817,62.4773
5.79998,2.03598,0.854486,2.95439,0,0,0,60.6342,-51.4031,62.0865
5.81248,1.98354,0.708961,2.80609,0,0,0,59.0142,-53.745,61.6637
5.82498,1.89721,0.562307,2.60627,0,0,0,57.4749,-55.8887,61.211
5.83748,1.77853,0.418408,2.35784,0,0,0,56.0569,-57.8205,60.7306
5.84998,1.63043,0.280352,2.06526,0,0,0,54.7994,-59.531,60.2245
5.86248,1.457,0.150282,1.73429,0,0,0,53.7387,-61.0139,59.6946
5.87498,1.26315,0.0293419,1.37167,0,0,0,52.9074,-62.2659,59.1426
5.88748,1.05434,-0.0822855,0.984847,0,0,0,52.3329,-63.285,58.5698
5.89998,0.836284,-0.185252,0.581656,0,0,0,52.0368,-64.0701,57.9774
5.91248,0.614678,-0.280853,0.17005,0,0,0,52.0344,-64.62,57.3662
5.92498,0.395049,-0.370799,-0.242092,0,0,0,52.3337,-64.9331,56.7368
5.93748,0.182618,-0.456964,-0.647136,0,0,0,52.9357,-65.0072,56.0896
5.94998,-0.0177933,-0.541143,-1.03781,0,0,0,53.8339,-64.8395,55.4245
5.96248,-0.201839,-0.624829,-1.40733,0,0,0,55.0146,-64.4267,54.7416
5.97498,-0.365719,-0.709038,-1.74947,0,0,0,56.4573,-63.7663,54.0406
5.98748,-0.506259,-0.794181,-2.05873,0,0,0,58.1352,-62.8569,53.3212
5.99998,-0.620999,-0.879999,-2.33036,0,0,0,60.0158,-61.6996,52.5833
6.01248,-0.708275,-0.965568,-2.56053,0,0,0,62.0621,-60.2987,51.8266
6.02498,-0.767284,-1.04936,-2.74635,0,0,0,64.2338,-58.663,51.0509
6.03748,-0.798119,-1.12938,-2.88595,0,0,0,66.4888,-56.8067,50.2562
6.04998,-0.801756,-1.20331,-2.97843,0,0,0,68.7843,-54.7495,49.4426
6.06248,-0.779988,-1.26873,-3.02384,0,0,0,71.0791,-52.5179,48.6102
6.07498,-0.73531,-1.32329,-3.02305,0,0,0,73.3342,-50.144,47.7594
6.08748,-0.670759,-1.36492,-2.97763,0,0,0,75.5148,-47.6661,46.8906
6.09998,-0.589731,-1.39197,-2.88971,0,0,0,77.5915,-45.1272,46.0042
6.11248,-0.495791,-1.40333,-2.76182,0,0,0,79.5405,-42.5743,45.1008
6.12498,-0.392486,-1.39853,-2.59678,0,0,0,81.3443,-40.0572,44.1808
6.13748,-0.283186,-1.37773,-2.39759,0,0,0,82.9919,-37.6267,43.2445
6.14998,-0.170958,-1.34171,-2.16738,0,0,0,84.4779,-35.3334,42.2922
6.16248,-0.0584673,-1.29184,-1.90939,0,0,0,85.8023,-33.2265,41.324
6.17498,0.0520676,-1.22995,-1.62696,0,0,0,86.9689,-31.3519,40.3397
6.18748,0.158899,-1.15827,-1.32354,0,0,0,87.9841,-29.7516,39.3391
6.19998,0.260734,-1.07932,-1.00271,0,0,0,88.8557,-28.4626,38.3216
6.21248,0.356692,-0.99576,-0.668248,0,0,0,89.5916,-27.516,37.2865
6.22498,0.446244,-0.910316,-0.324081,0,0,0,90.1982,-26.9366,36.233
6.23748,0.529136,-0.825668,0.0256698,0,0,0,90.6794,-26.7424,35.16
6.24998,0.605304,-0.744363,0.376716,0,0,0,91.0363,-26.9441,34.0667
6.26248,0.674789,-0.668737,0.724632,0,0,0,91.2663,-27.5451,32.9519
6.27498,0.737662,-0.600846,1.06489,0,0,0,91.3631,-28.5415,31.815
6.28748,0.793955,-0.542418,1.39294,0,0,0,91.3175,-29.9214,30.6554
6.29998,0.843616,-0.494802,1.70425,0,0,0,91.1178,-31.6659,29.4726
6.31248,0.886486,-0.458942,1.99438,0,0,0,90.7509,-33.7483,28.2669
6.32498,0.922296,-0.43535,2.2591,0,0,0,90.2038,-36.1352,27.0385
6.33747,0.950693,-0.424104,2.49444,0,0,0,89.4648,-38.787,25.7885
6.34997,0.971287,-0.424855,2.69677,0,0,0,88.5253,-41.6584,24.5181
6.36247,0.983709,-0.436847,2.86291,0,0,0,87.3814,-44.6997,23.2294
6.37497,0.987683,-0.45897,2.99021,0,0,0,86.0349,-47.8582,21.9244
6.38747,0.983099,-0.489811,3.07656,0,0,0,84.4943,-51.0796,20.6058
6.39997,0.970073,-0.527737,3.12052,0,0,0,82.7758,-54.3098,19.2763
6.41247,0.949,-0.57098,3.1213,0,0,0,80.9032,-57.4963,17.9391
6.42497,0.920573,-0.617726,3.07881,0,0,0,78.9076,-60.5897,16.5971
6.43747,0.88579,-0.666209,2.99361,0,0,0,76.8267,-63.5456,15.2531
6.44997,0.845929,-0.714789,2.86698,0,0,0,74.7038,-66.3248,13.91
6.46247,0.802498,-0.762015,2.70077,0,0,0,72.5863,-68.8946,12.5699
6.47497,0.757174,-0.80667,2.49743,0,0,0,70.5236,-71.229,11.2347
6.48747,0.711731,-0.847791,2.25992,0,0,0,68.5659,-73.3082,9.90592
6.49997,0.667952,-0.884665,1.99166,0,0,0,66.7621,-75.1184,8.58428
6.51247,0.62756,-0.916808,1.69644,0,0,0,65.158,-76.6508,7.27003
6.52497,0.59214,-0.943927,1.37837,0,0,0,63.795,-77.9007,5.96287
6.53747,0.563079,-0.965866,1.04186,0,0,0,62.7085,-78.8663,4.66197
6.54997,0.541516,-0.982566,0.691467,0,0,0,61.9269,-79.5474,3.36606
6.56247,0.528299,-0.994005,0.331938,0,0,0,61.4708,-79.9446,2.07354
6.57497,0.523961,-1.00017,-0.0319071,0,0,0,61.3524,-80.0587,0.782556
6.58747,0.528699,-1.00102,-0.395203,0,0,0,61.5751,-79.8896,-0.50885
6.59997,0.542372,-0.996507,-0.753097,0,0,0,62.1335,-79.4369,-1.80262
6.61247,0.564496,-0.986536,-1.1008,0,0,0,63.0134,-78.6998,-3.10055
6.62497,0.594265,-0.971038,-1.43362,0,0,0,64.1924,-77.6775,-4.40418
6.63747,0.630569,-0.949986,-1.74706,0,0,0,65.6404,-76.3703,-5.71468
6.64997,0.672034,-0.923454,-2.03682,0,0,0,67.3204,-74.7803,-7.03274
6.66247,0.71707,-0.891662,-2.29886,0,0,0,69.1899,-72.9132,-8.35855
6.67497,0.763932,-0.855033,-2.52948,0,0,0,71.2023,-70.7787,-9.69172
6.68747,0.810792,-0.814229,-2.72538,0,0,0,73.308,-68.3918,-11.0313
6.69997,0.855818,-0.770179,-2.8837,0,0,0,75.4569,-65.7738,-12.3758
6.71247,0.897254,-0.724079,-3.00209,0,0,0,77.5997,-62.9522,-13.7231
6.72497,0.933504,-0.677372,-3.07877,0,0,0,79.6898,-59.9615,-15.0709
6.73747,0.963195,-0.631708,-3.11259,0,0,0,81.685,-56.8421,-16.4164
6.74997,0.985229,-0.588874,-3.10304,0,0,0,83.5489,-53.64,-17.7567
6.76247,0.998817,-0.550714,-3.05032,0,0,0,85.252,-50.4057,-19.0887
6.77497,1.00348,-0.519034,-2.95529,0,0,0,86.7723,-47.1924,-20.4094
6.78747,0.99901,-0.495509,-2.81949,0,0,0,88.0954,-44.0547,-21.7161
6.79997,0.985469,-0.48159,-2.6451,0,0,0,89.2142,-41.0469,-23.0063
6.81247,0.963085,-0.478426,-2.43486,0,0,0,90.1286,-38.2216,-24.2776
6.82497,0.932203,-0.486798,-2.19205,0,0,0,90.8435,-35.6277,-25.5286
6.83747,0.893213,-0.507073,-1.92036,0,0,0,91.3686,-33.3097,-26.7577
6.84997,0.84649,-0.539179,-1.62384,0,0,0,91.7157,-31.3061,-27.9643
6.86247,0.792346,-0.582597,-1.30678,0,0,0,91.8982,-29.6491,-29.148
6.87497,0.731009,-0.636367,-0.97368,0,0,0,91.9289,-28.3637,-30.3088
6.88747,0.662623,-0.699115,-0.629102,0,0,0,91.8189,-27.4677,-31.4471
6.89997,0.587268,-0.769087,-0.277642,0,0,0,91.5768,-26.9712,-32.5636
6.91247,0.505013,-0.844201,0.0761502,0,0,0,91.2078,-26.8765,-33.659
6.92497,0.415971,-0.922105,0.427826,0,0,0,90.7136,-27.1787,-34.7345
6.93747,0.320385,-1.00025,0.773071,0,0,0,90.0922,-27.8653,-35.7909
6.94997,0.218701,-1.07599,1.10774,0,0,0,89.3388,-28.9168,-36.8292
6.96247,0.111653,-1.14664,1.42784,0,0,0,88.4464,-30.3067,-37.8502
6.97497,0.000333885,-1.20963,1.72957,0,0,0,87.4068,-32.0024,-38.8546
6.98746,-0.11375,-1.26257,2.00925,0,0,0,86.2123,-33.9655,-39.8429
6.99996,-0.228647,-1.3034,2.26336,0,0,0,84.8568,-36.1526,-40.8153
7.01246,-0.341956,-1.3305,2.48847,0,0,0,83.3369,-38.5167,-41.7719
7.02496,-0.450859,-1.34272,2.68126,0,0,0,81.6541,-41.0078,-42.7126
7.03746,-0.552186,-1.33956,2.83855,0,0,0,79.8147,-43.5746,-43.637
7.04996,-0.642523,-1.32113,2.95729,0,0,0,77.8315,-46.166,-44.5448
7.06246,-0.718355,-1.28816,3.03472,0,0,0,75.7236,-48.7323,-45.4354
7.07496,-0.776233,-1.24201,3.0684,0,0,0,73.5161,-51.2268,-46.3084
7.08746,-0.812958,-1.1845,3.05638,0,0,0,71.2404,-53.6073,-47.1633
7.09996,-0.825775,-1.11786,2.99736,0,0,0,68.9326,-55.8363,-47.9997
7.11246,-0.812532,-1.04449,2.89078,0,0,0,66.6328,-57.8826,-48.8173
7.12496,-0.771823,-0.96679,2.73698,0,0,0,64.3831,-59.7212,-49.6159
7.13746,-0.703067,-0.886969,2.53723,0,0,0,62.2269,-61.3332,-50.3955
7.14996,-0.606549,-0.80685,2.29383,0,0,0,60.2064,-62.7057,-51.1561
7.16246,-0.483399,-0.727721,2.00998,0,0,0,58.3618,-63.8309,-51.8979
7.17496,-0.33554,-0.650228,1.68984,0,0,0,56.7297,-64.705,-52.6211
7.18746,-0.165604,-0.574332,1.33835,0,0,0,55.3416,-65.3278,-53.326
7.19996,0.0231479,-0.499329,0.961176,0,0,0,54.2233,-65.7007,-54.0128
7.21246,0.226912,-0.42393,0.564587,0,0,0,53.3943,-65.8266,-54.6817
7.22496,0.441402,-0.346405,0.155369,0,0,0,52.8667,-65.7085,-55.3327
7.23746,0.661913,-0.264768,-0.259272,0,0,0,52.6453,-65.3491,-55.9657
7.24996,0.88337,-0.177005,-0.671802,0,0,0,52.7277,-64.7505,-56.5803
7.26246,1.10041,-0.0813204,-1.07447,0,0,0,53.1041,-63.9141,-57.1758
7.27496,1.3075,0.0236231,-1.45947,0,0,0,53.7575,-62.8408,-57.7514
7.28746,1.4991,0.138474,-1.81911,0,0,0,54.6647,-61.532,-58.3057
7.29996,1.66989,0.263014,-2.1461,0,0,0,55.7967,-59.9897,-58.8374
7.31246,1.81508,0.396041,-2.43381,0,0,0,57.1196,-58.2181,-59.3446
7.32496,1.93071,0.535339,-2.67662,0,0,0,58.5958,-56.2238,-59.8255
7.33746,2.01392,0.677747,-2.87018,0,0,0,60.1852,-54.0176,-60.2778
7.34996,2.06325,0.819313,-3.01168,0,0,0,61.8467,-51.6144,-60.6995
7.36246,2.07872,0.955543,-3.0999,0,0,0,63.5395,-49.0343,-61.0883
7.37496,2.0618,1.08169,-3.13525,0,0,0,65.225,-46.3026,-61.4421
7.38746,2.01531,1.19305,-3.11959,0,0,0,66.8676,-43.4497,-61.759
7.39996,1.94313,1.28531,-3.05594,0,0,0,68.4364,-40.5109,-62.0374
7.41246,1.84981,1.35475,-2.9482,0,0,0,69.9064,-37.5254,-62.2758
7.42496,1.74027,1.39845,-2.80079,0,0,0,71.2585,-34.5355,-62.4732
7.43746,1.61936,1.41442,-2.61833,0,0,0,72.4805,-31.5852,-62.629
7.44996,1.49164,1.40163,-2.40541,0,0,0,73.5664,-28.7192,-62.7431
7.46246,1.3611,1.35997,-2.16643,0,0,0,74.5167,-25.9816,-62.8157
7.47496,1.23102,1.29024,-1.9055,0,0,0,75.3369,-23.4145,-62.8475
7.48746,1.1039,1.19399,-1.62643,0,0,0,76.0368,-21.0571,-62.8395
7.49996,0.981447,1.07347,-1.33278,0,0,0,76.6291,-18.9449,-62.7931
7.51246,0.864594,0.931471,-1.02786,0,0,0,77.1281,-17.1087,-62.71
7.52496,0.753587,0.771222,-0.714829,0,0,0,77.5483,-15.5745,-62.5922
7.53746,0.648082,0.596294,-0.396744,0,0,0,77.903,-14.3632,-62.4418
7.54996,0.547263,0.410509,-0.0765828,0,0,0,78.2035,-13.4899,-62.2611
7.56246,0.449987,0.217855,0.242729,0,0,0,78.458,-12.9645,-62.0524
7.57496,0.354928,0.0224212,0.558315,0,0,0,78.671,-12.7911,-61.8183
7.58746,0.260727,-0.171671,0.867358,0,0,0,78.8433,-12.9684,-61.5613
7.59996,0.16614,-0.360328,1.16711,0,0,0,78.9716,-13.4895,-61.284
7.61246,0.070176,-0.539552,1.45491,0,0,0,79.0495,-14.3419,-60.9889
7.62496,-0.0277819,-0.705513,1.72818,0,0,0,79.0679,-15.5075,-60.6785
7.63745,-0.12787,-0.85463,1.98441,0,0,0,79.0158,-16.9632,-60.3555
7.64995,-0.229666,-0.98366,2.22111,0,0,0,78.8817,-18.6805,-60.0223
7.66245,-0.332141,-1.08979,2.43582,0,0,0,78.6549,-20.6261,-59.6813
7.67495,-0.433639,-1.17072,2.62602,0,0,0,78.3265,-22.7629,-59.3349
7.68745,-0.531895,-1.22477,2.78911,0,0,0,77.8909,-25.05,-58.9853
7.69995,-0.6241,-1.25095,2.92241,0,0,0,77.3468,-27.4442,-58.6345
7.71245,-0.707,-1.24899,3.02317,0,0,0,76.6979,-29.9006,-58.2845
7.72495,-0.777051,-1.21936,3.08864,0,0,0,75.9534,-32.3743,-57.9367
7.73745,-0.830619,-1.1633,3.11617,0,0,0,75.1286,-34.8209,-57.5926
7.74995,-0.864218,-1.08267,3.10345,0,0,0,74.2438,-37.1979,-57.2529
7.76245,-0.874775,-0.979906,3.04865,0,0,0,73.3248,-39.4659,-56.9182
7.77495,-0.859899,-0.857823,2.95071,0,0,0,72.4011,-41.589,-56.5886
7.78745,-0.818126,-0.719454,2.80953,0,0,0,71.5051,-43.5352,-56.2637
7.79995,-0.749118,-0.567841,2.62619,0,0,0,70.6708,-45.2772,-55.9426
7.81245,-0.653773,-0.405849,2.40305,0,0,0,69.9326,-46.7916,-55.624
7.82495,-0.53426,-0.236007,2.14376,0,0,0,69.3231,-48.0592,-55.3059
7.83745,-0.393937,-0.0604019,1.85326,0,0,0,68.8724,-49.0644,-54.9859
7.84995,-0.237201,0.119364,1.53757,0,0,0,68.6066,-49.7945,-54.6614
7.86245,-0.0692445,0.302142,1.20357,0,0,0,68.5466,-50.2391,-54.3289
7.87495,0.104215,0.487146,0.858731,0,0,0,68.7073,-50.39,-53.9851
7.88745,0.277248,0.673809,0.510816,0,0,0,69.0969,-50.2402,-53.6261
7.89995,0.444023,0.861599,0.167522,0,0,0,69.7165,-49.7841,-53.2478
7.91245,0.599105,1.04985,-0.163804,0,0,0,70.5597,-49.0175,-52.846
7.92495,0.737724,1.23759,-0.476453,0,0,0,71.6131,-47.938,-52.4167
7.93745,0.856004,1.42342,-0.764594,0,0,0,72.8563,-46.545,-51.9558
7.94995,0.951132,1.60547,-1.02345,0,0,0,74.2628,-44.8412,-51.4594
7.96245,1.02146,1.78135,-1.24938,0,0,0,75.8008,-42.8325,-50.9238
7.97495,1.06654,1.94828,-1.43996,0,0,0,77.4346,-40.5297,-50.346
7.98745,1.08706,2.10313,-1.59386,0,0,0,79.1256,-37.9486,-49.7232
7.99995,1.08476,2.24265,-1.71076,0,0,0,80.8346,-35.1109,-49.0534
8.01245,1.06222,2.36359,-1.79116,0,0,0,82.5229,-32.0444,-48.335
8.02495,1.02273,2.46289,-1.83617,0,0,0,84.1542,-28.7834,-47.5672
8.03745,0.970003,2.53785,-1.84732,0,0,0,85.6966,-25.3679,-46.75
8.04995,0.907994,2.58625,-1.82635,0,0,0,87.1236,-21.8431,-45.8839
8.06245,0.840723,2.60646,-1.77503,0,0,0,88.4154,-18.2587,-44.9701
8.07495,0.772083,2.59749,-1.69514,0,0,0,89.5598,-14.6671,-44.0106
8.08745,0.705712,2.55897,-1.5883,0,0,0,90.5522,-11.1227,-43.0076
8.09995,0.644861,2.49121,-1.4561,0,0,0,91.3959,-7.67978,-41.9639
8.11245,0.592303,2.39507,-1.30004,0,0,0,92.101,-4.39135,-40.8826
8.12495,0.550242,2.27195,-1.12166,0,0,0,92.6837,-1.30788,-39.767
8.13745,0.52024,2.12367,-0.922676,0,0,0,93.1646,1.52385,-38.6206
8.14995,0.503167,1.95242,-0.705005,0,0,0,93.5676,4.06161,-37.447
8.16245,0.499157,1.76063,-0.470939,0,0,0,93.9174,6.26833,-36.2495
8.17495,0.507601,1.55094,-0.223183,0,0,0,94.2384,8.1124,-35.0316
8.18745,0.527169,1.32612,0.0350974,0,0,0,94.5528,9.56789,-33.7966
8.19995,0.555874,1.08905,0.300283,0,0,0,94.8791,10.6146,-32.5477
8.21245,0.591174,0.842693,0.568364,0,0,0,95.2306,11.2379,-31.2882
8.22495,0.630125,0.590111,0.83505,0,0,0,95.615,11.4288,-30.0211
8.23745,0.669562,0.334484,1.09592,0,0,0,96.0337,11.184,-28.7495
8.24995,0.706307,0.0791224,1.34659,0,0,0,96.4816,10.5059,-27.4766
8.26245,0.737387,-0.17252,1.58295,0,0,0,96.9475,9.40271,-26.2055
8.27495,0.760233,-0.416848,1.80125,0,0,0,97.4148,7.88859,-24.9396
8.28745,0.772856,-0.650163,1.99833,0,0,0,97.8626,5.98405,-23.6822
8.29994,0.773965,-0.868715,2.17168,0,0,0,98.2669,3.71592,-22.4372
8.31244,0.76304,-1.06879,2.31947,0,0,0,98.6026,1.11741,-21.208
8.32494,0.740338,-1.24681,2.44053,0,0,0,98.8448,-1.77209,-19.9984
8.33744,0.706844,-1.39944,2.53429,0,0,0,98.9711,-4.90742,-18.8123
8.34994,0.664181,-1.52375,2.60066,0,0,0,98.9629,-8.23843,-17.6533
8.36244,0.614485,-1.61724,2.63994,0,0,0,98.8074,-11.7109,-16.5249
8.37494,0.560259,-1.67801,2.65261,0,0,0,98.4981,-15.2679,-15.4303
8.38744,0.504227,-1.70479,2.63934,0,0,0,98.0365,-18.851,-14.3724
8.39994,0.449175,-1.69696,2.60083,0,0,0,97.4317,-22.402,-13.3535
8.41244,0.397812,-1.65459,2.53781,0,0,0,96.7008,-25.8645,-12.3753
8.42494,0.352625,-1.57842,2.45107,0,0,0,95.8678,-29.185,-11.4389
8.43744,0.315757,-1.4698,2.34147,0,0,0,94.9629,-32.3142,-10.5447
8.44994,0.288881,-1.33061,2.21004,0,0,0,94.0209,-35.2081,-9.69234
8.46244,0.273106,-1.16323,2.05809,0,0,0,93.0794,-37.8283,-8.88069
8.47494,0.268895,-0.970413,1.88725,0,0,0,92.1771,-40.1422,-8.10802
8.48744,0.276023,-0.755218,1.69961,0,0,0,91.3519,-42.1232,-7.37193
8.49994,0.293573,-0.520927,1.49771,0,0,0,90.6391,-43.7502,-6.66945
8.51244,0.319974,-0.270982,1.28457,0,0,0,90.0696,-45.0068,-5.99718
8.52494,0.353103,-0.00894086,1.06361,0,0,0,89.6685,-45.8813,-5.35137
8.53744,0.390417,0.261558,0.838562,0,0,0,89.4543,-46.3658,-4.72801
8.54994,0.429133,0.536806,0.613312,0,0,0,89.4377,-46.4556,-4.12301
8.56244,0.466426,0.813036,0.391734,0,0,0,89.6211,-46.1496,-3.53227
8.57494,0.499628,1.08642,0.177509,0,0,0,89.9989,-45.4492,-2.95179
8.58744,0.52641,1.35309,-0.0260332,0,0,0,90.5574,-44.3595,-2.37781
8.59994,0.544935,1.60916,-0.21604,0,0,0,91.2755,-42.8889,-1.80686
8.61244,0.553957,1.85074,-0.390215,0,0,0,92.1258,-41.0503,-1.23588
8.62494,0.552875,2.07404,-0.546839,0,0,0,93.0757,-38.8609,-0.66227
8.63744,0.541738,2.27538,-0.684747,0,0,0,94.0888,-36.3434,-0.0839277
8.64994,0.521208,2.45134,-0.803248,0,0,0,95.127,-33.5262,0.500699
8.66244,0.492493,2.5988,-0.90203,0,0,0,96.1523,-30.4438,1.0926
8.67494,0.457266,2.71501,-0.981033,0,0,0,97.1284,-27.1365,1.69223
8.68744,0.41757,2.79774,-1.04034,0,0,0,98.0229,-23.6504,2.29946
8.69994,0.375727,2.84524,-1.08005,0,0,0,98.8085,-20.0364,2.91372
8.71244,0.334247,2.8564,-1.10025,0,0,0,99.4649,-16.3494,3.53393
8.72494,0.295735,2.83069,-1.10089,0,0,0,99.9792,-12.6468,4.15863
8.73744,0.262802,2.76819,-1.08184,0,0,0,100.347,-8.98748,4.78603
8.74994,0.237954,2.66961,-1.04292,0,0,0,100.57,-5.4298,5.41406
8.76244,0.223479,2.53621,-0.983958,0,0,0,100.661,-2.03037,6.04044
8.77494,0.221311,2.3698,-0.904935,0,0,0,100.637,1.15736,6.66272
8.78744,0.232877,2.17262,-0.806135,0,0,0,100.518,4.08423,7.27835
8.79994,0.258944,1.94733,-0.68832,0,0,0,100.332,6.70624,7.88473
8.81244,0.299479,1.69689,-0.552884,0,0,0,100.106,8.98514,8.47919
8.82494,0.353544,1.42451,-0.401993,0,0,0,99.8667,10.8888,9.05904
8.83744,0.419252,1.13362,-0.23864,0,0,0,99.6392,12.391,9.62157
8.84994,0.493817,0.827785,-0.0666279,0,0,0,99.4453,13.472,10.164
8.86244,0.573695,0.510728,0.109564,0,0,0,99.3014,14.1177,10.6837
8.87494,0.654833,0.186313,0.285008,0,0,0,99.2182,14.3195,11.1777
8.88744,0.732986,-0.141451,0.454643,0,0,0,99.1996,14.0749,11.6432
8.89994,0.804089,-0.468399,0.613624,0,0,0,99.2427,13.3863,12.0774
8.91244,0.864597,-0.790225,0.757669,0,0,0,99.3381,12.2621,12.4773
8.92494,0.911783,-1.10251,0.883337,0,0,0,99.47,10.7161,12.8401
8.93744,0.943924,-1.40077,0.988215,0,0,0,99.6179,8.76787,13.1628
8.94993,0.960372,-1.68056,1.07097,0,0,0,99.7572,6.44309,13.4428
8.96243,0.961501,-1.93756,1.1313,0,0,0,99.8613,3.77341,13.6773
8.97493,0.94857,-2.16768,1.16975,0,0,0,99.9029,0.796483,13.8641
8.98743,0.923511,-2.36719,1.18755,0,0,0,99.8565,-2.44433,14.0009
8.99993,0.88871,-2.53281,1.18633,0,0,0,99.6994,-5.90051,14.086
9.01243,0.846783,-2.66179,1.16791,0,0,0,99.4142,-9.51923,14.118
9.02493,0.80039,-2.752,1.13415,0,0,0,98.9896,-13.2444,14.0962
9.03743,0.752088,-2.80191,1.08675,0,0,0,98.4218,-17.0181,14.02
9.04993,0.704223,-2.8107,1.02725,0,0,0,97.715,-20.7817,13.8898
9.06243,0.65886,-2.77819,0.956939,0,0,0,96.8816,-24.4781,13.7062
9.07493,0.617734,-2.70485,0.876902,0,0,0,95.9415,-28.0522,13.4703
9.08743,0.582224,-2.59182,0.788056,0,0,0,94.9218,-31.453,13.1838
9.09993,0.553327,-2.44078,0.691222,0,0,0,93.855,-34.6342,12.8487
9.11243,0.531646,-2.25402,0.587203,0,0,0,92.7777,-37.555,12.4672
9.12493,0.517373,-2.0343,0.476864,0,0,0,91.7287,-40.1806,12.042
9.13743,0.510291,-1.78485,0.361211,0,0,0,90.7473,-42.482,11.5757
9.14993,0.509777,-1.50928,0.241431,0,0,0,89.8709,-44.4361,11.071
9.16243,0.514832,-1.21157,0.118922,0,0,0,89.134,-46.0248,10.5304
9.17493,0.52413,-0.895992,-0.00471707,0,0,0,88.5657,-47.2346,9.95674
9.18743,0.536098,-0.567045,-0.127737,0,0,0,88.1892,-48.0561,9.3523
9.19993,0.549017,-0.229431,-0.248313,0,0,0,88.0203,-48.4832,8.71941
9.21243,0.561136,0.112012,-0.364645,0,0,0,88.0667,-48.5129,8.06017
9.22493,0.570802,0.452365,-0.475068,0,0,0,88.328,-48.1448,7.37652
9.23743,0.576563,0.786686,-0.578158,0,0,0,88.7953,-47.3816,6.67024
9.24993,0.577268,1.11008,-0.672812,0,0,0,89.4516,-46.2288,5.94298
9.26243,0.572122,1.41776,-0.7583,0,0,0,90.273,-44.6955,5.19631
9.27493,0.56071,1.70513,-0.834277,0,0,0,91.229,-42.7948,4.43173
9.28743,0.542986,1.96785,-0.900764,0,0,0,92.2844,-40.5448,3.65075
9.29993,0.519236,2.20193,-0.958089,0,0,0,93.4007,-37.9688,2.85485
9.31243,0.49002,2.40378,-1.00681,0,0,0,94.538,-35.0959,2.04557
9.32493,0.456109,2.57026,-1.04763,0,0,0,95.6566,-31.9614,1.22446
9.33743,0.418422,2.69879,-1.08132,0,0,0,96.7193,-28.6066,0.393114
9.34993,0.377978,2.78732,-1.10862,0,0,0,97.693,-25.0784,-0.446871
9.36243,0.33585,2.83444,-1.13018,0,0,0,98.5503,-21.4284,-1.29393
9.37493,0.293143,2.83935,-1.1465,0,0,0,99.2707,-17.7122,-2.14656
9.38743,0.250974,2.80187,-1.15793,0,0,0,99.8416,-13.9877,-3.0034
9.39993,0.210459,2.72248,-1.1646,0,0,0,100.259,-10.3138,-3.86329
9.41243,0.172708,2.60229,-1.16649,0,0,0,100.525,-6.74878,-4.72529
9.42493,0.138799,2.44301,-1.1634,0,0,0,100.652,-3.34891,-5.58881
9.43743,0.109756,2.24693,-1.15503,0,0,0,100.657,-0.166917,-6.4536
9.44993,0.0865017,2.0169,-1.14104,0,0,0,100.561,2.74898,-7.31982
9.46243,0.0698038,1.75624,-1.12112,0,0,0,100.389,5.35598,-8.18805
9.47493,0.0602089,1.46875,-1.09512,0,0,0,100.169,7.61723,-9.0593
9.48743,0.0579774,1.15857,-1.06311,0,0,0,99.9247,9.50214,-9.93501
9.49993,0.0630322,0.830181,-1.02543,0,0,0,99.6812,10.9865,-10.817
9.51243,0.0749322,0.488299,-0.982815,0,0,0,99.4576,12.0522,-11.7074
9.52493,0.0928862,0.137816,-0.936311,0,0,0,99.2684,12.6874,-12.6086
9.53743,0.115807,-0.216273,-0.887287,0,0,0,99.1224,12.8863,-13.5232
9.54993,0.142409,-0.568939,-0.83733,0,0,0,99.0215,12.6485,-14.454
9.56243,0.171323,-0.915183,-0.788129,0,0,0,98.9613,11.9797,-15.4036
9.57493,0.201234,-1.25011,-0.741351,0,0,0,98.9308,10.8911,-16.3745
9.58743,0.230989,-1.56897,-0.698526,0,0,0,98.9135,9.39998,-17.3691
9.59993,0.259694,-1.86725,-0.660949,0,0,0,98.8886,7.52937,-18.3894
9.61242,0.286756,-2.1407,-0.629629,0,0,0,98.8318,5.30834,-19.4368
9.62492,0.311899,-2.38542,-0.60527,0,0,0,98.7173,2.77195,-20.5125
9.63742,0.335137,-2.59789,-0.58828,0,0,0,98.5197,-0.0390551,-21.617
9.64992,0.356724,-2.77503,-0.578809,0,0,0,98.2154,-3.0786,-22.7501
9.66242,0.37709,-2.91426,-0.576788,0,0,0,97.7846,-6.29606,-23.9111
9.67492,0.396767,-3.0135,-0.581979,0,0,0,97.2128,-9.63719,-25.0987
9.68742,0.416326,-3.07123,-0.594005,0,0,0,96.4917,-13.0454,-26.3111
9.69992,0.436309,-3.08653,-0.612378,0,0,0,95.6205,-16.463,-27.546
9.71242,0.457169,-3.05904,-0.63651,0,0,0,94.6059,-19.8329,-28.8006
9.72492,0.479228,-2.98903,-0.66571,0,0,0,93.4623,-23.1,-30.0721
9.73742,0.502632,-2.87735,-0.699181,0,0,0,92.2108,-26.2126,-31.3572
9.74992,0.527323,-2.72544,-0.736001,0,0,0,90.8786,-29.1234,-32.653
9.76242,0.55302,-2.53532,-0.775116,0,0,0,89.4972,-31.7907,-33.9563
9.77492,0.579215,-2.30957,-0.815341,0,0,0,88.101,-34.1787,-35.2641
9.78742,0.605189,-2.05126,-0.855364,0,0,0,86.7258,-36.2579,-36.5739
9.79992,0.630048,-1.76396,-0.893786,0,0,0,85.4063,-38.0052,-37.8833
9.81242,0.652783,-1.45169,-0.929174,0,0,0,84.1749,-39.4028,-39.1902
9.82492,0.672345,-1.11883,-0.960135,0,0,0,83.0601,-40.4388,-40.493
9.83742,0.68774,-0.770077,-0.985405,0,0,0,82.085,-41.1057,-41.79
9.84992,0.698124,-0.410412,-1.00394,0,0,0,81.2662,-41.4001,-43.0802
9.86242,0.702891,-0.0449727,-1.01502,0,0,0,80.6135,-41.3222,-44.3626
9.87492,0.701733,0.320998,-1.01826,0,0,0,80.1289,-40.8753,-45.6361
9.88742,0.694674,0.682245,-1.01372,0,0,0,79.8071,-40.0656,-46.9
9.89992,0.682064,1.03358,-1.00182,0,0,0,79.6357,-38.9024,-48.1533
9.91242,0.664536,1.36999,-0.983352,0,0,0,79.5956,-37.3977,-49.3948
9.92492,0.64293,1.68666,-0.959375,0,0,0,79.662,-35.5673,-50.6235
9.93742,0.618213,1.97912,-0.931139,0,0,0,79.8058,-33.4304,-51.8376
9.94992,0.591379,2.24325,-0.899997,0,0,0,79.9948,-31.0103,-53.0356
9.96242,0.56337,2.47536,-0.867314,0,0,0,80.1954,-28.335,-54.2154
9.97492,0.535007,2.67225,-0.834399,0,0,0,80.3741,-25.4366,-55.3748
9.98742,0.506943,2.83122,-0.802465,0,0,0,80.4995,-22.3518,-56.5114
9.99992,0.479637,2.95015,-0.772593,0,0,0,80.5434,-19.1212,-57.6228
10.0124,0.45335,3.02745,-0.745731,0,0,0,80.4828,-15.7889,-58.7063
10.0249,0.428154,3.06217,-0.722682,0,0,0,80.3006,-12.4013,-59.7597
10.0374,0.403957,3.05393,-0.704124,0,0,0,79.9863,-9.00605,-60.7806
10.0499,0.380536,3.00296,-0.690608,0,0,0,79.5369,-5.65105,-61.7671
10.0624,0.357581,2.91011,-0.682566,0,0,0,78.9564,-2.38282,-62.7176
10.0749,0.334742,2.77679,-0.680307,0,0,0,78.2553,0.754559,-63.6309
10.0874,0.311686,2.60498,-0.683999,0,0,0,77.4502,3.72057,-64.5064
10.0999,0.288148,2.3972,-0.693652,0,0,0,76.562,6.47918,-65.3439
10.1124,0.263993,2.15645,-0.709094,0,0,0,75.6152,8.99942,-66.1438
10.1249,0.239259,1.88622,-0.729944,0,0,0,74.6359,11.2558,-66.907
10.1374,0.214201,1.59038,-0.75559,0,0,0,73.6505,13.2283,-67.6349
10.1499,0.189299,1.27315,-0.785199,0,0,0,72.6842,14.9023,-68.3292
10.1624,0.165249,0.939055,-0.817729,0,0,0,71.7596,16.2682,-68.9922
10.1749,0.142925,0.59286,-0.851984,0,0,0,70.896,17.3213,-69.6263
10.1874,0.123305,0.239494,-0.886688,0,0,0,70.1079,18.0608,-70.2342
10.1999,0.107387,-0.116004,-0.920571,0,0,0,69.405,18.4899,-70.8184
10.2124,0.0960867,-0.468557,-0.952469,0,0,0,68.7918,18.6151,-71.3819
10.2249,0.0901562,-0.813122,-0.981404,0,0,0,68.2673,18.446,-71.9272
10.2374,0.0901133,-1.14476,-1.00664,0,0,0,67.8259,17.9955,-72.4569
10.2499,0.0962065,-1.45869,-1.02773,0,0,0,67.4572,17.2792,-72.9734
10.2624,0.108412,-1.75041,-1.04446,0,0,0,67.1477,16.3157,-73.4787
10.2749,0.126454,-2.01569,-1.05684,0,0,0,66.8807,15.1268,-73.9746
10.2874,0.149851,-2.25071,-1.06506,0,0,0,66.6382,13.7371,-74.4626
10.2999,0.177961,-2.45208,-1.06937,0,0,0,66.4018,12.1743,-74.9439
10.3124,0.210031,-2.61689,-1.07002,0,0,0,66.1537,10.4689,-75.4192
10.3249,0.245235,-2.74277,-1.06721,0,0,0,65.8781,8.65381,-75.8889
10.3374,0.282702,-2.82793,-1.06104,0,0,0,65.5617,6.76396,-76.3533
10.3499,0.321532,-2.87118,-1.05144,0,0,0,65.1952,4.83562,-76.8122
10.3624,0.360803,-2.87194,-1.03818,0,0,0,64.7731,2.90571,-77.2652
10.3749,0.399577,-2.83028,-1.02084,0,0,0,64.2945,1.01092,-77.7117
10.3874,0.4369,-2.74688,-0.998862,0,0,0,63.7629,-0.81306,-78.151
10.3999,0.471821,-2.62308,-0.971529,0,0,0,63.1855,-2.53236,-78.5822
10.4124,0.50341,-2.46079,-0.938041,0,0,0,62.5733,-4.11562,-79.0042
10.4249,0.530793,-2.26251,-0.897566,0,0,0,61.9398,-5.53457,-79.4159
10.4374,0.553208,-2.03127,-0.84931,0,0,0,61.3001,-6.76442,-79.8163
10.4499,0.570057,-1.77059,-0.792607,0,0,0,60.6699,-7.78407,-80.2042
10.4624,0.580979,-1.4844,-0.726999,0,0,0,60.0646,-8.57618,-80.5783
10.4749,0.585905,-1.17699,-0.652307,0,0,0,59.4981,-9.12716,-80.9375
10.4874,0.585113,-0.852939,-0.568705,0,0,0,58.9817,-9.42694,-81.2804
10.4999,0.57924,-0.517018,-0.476738,0,0,0,58.5239,-9.46881,-81.6059
10.5124,0.56928,-0.174142,-0.377327,0,0,0,58.1292,-9.24925,-81.9126
10.5249,0.556533,0.170714,-0.271728,0,0,0,57.7983,-8.76771,-82.1991
10.5374,0.542531,0.512584,-0.161456,0,0,0,57.5278,-8.02655,-82.464
10.5499,0.528925,0.846575,-0.0481925,0,0,0,57.3101,-7.03102,-82.7059
10.5624,0.517377,1.16792,0.0663265,0,0,0,57.1341,-5.78931,-82.9233
10.5749,0.50944,1.47203,0.180409,0,0,0,56.9858,-4.31262,-83.1147
10.5874,0.506457,1.75458,0.292494,0,0,0,56.8488,-2.61532,-83.2788
10.5999,0.509476,2.0115,0.401197,0,0,0,56.7054,-0.715004,-83.4141
10.6124,0.519203,2.2391,0.505342,0,0,0,56.5377,1.36747,-83.5193
10.6249,0.535964,2.43405,0.60394,0,0,0,56.3288,3.60811,-83.5933
10.6374,0.559697,2.5935,0.696145,0,0,0,56.0637,5.98001,-83.6352
10.6499,0.589956,2.71508,0.781203,0,0,0,55.7304,8.4538,-83.6443
10.6624,0.625919,2.79697,0.85836,0,0,0,55.3211,10.9982,-83.62
10.6749,0.666407,2.83793,0.926801,0,0,0,54.8325,13.5808,-83.5621
10.6874,0.7099,2.83735,0.98557,0,0,0,54.2664,16.1688,-83.4709
10.6999,0.754564,2.79526,1.03353,0,0,0,53.6303,18.73,-83.3466
10.7124,0.798289,2.71233,1.06931,0,0,0,52.9365,21.2335,-83.1899
10.7249,0.838751,2.58993,1.09138,0,0,0,52.2023,23.6506,-83.0019
10.7374,0.873494,2.43002,1.09804,0,0,0,51.4489,25.9555,-82.7835
10.7499,0.900064,2.23521,1.08758,0,0,0,50.701,28.1254,-82.5361
10.7624,0.916169,2.00863,1.0584,0,0,0,49.9853,30.1409,-82.2611
10.7749,0.919874,1.7539,1.00926,0,0,0,49.3295,31.9863,-81.9599
10.7874,0.909816,1.47502,0.939426,0,0,0,48.7612,33.6487,-81.6341
10.7999,0.885398,1.17628,0.848948,0,0,0,48.3068,35.1182,-81.2849
10.8124,0.846947,0.862141,0.73878,0,0,0,47.9902,36.3872,-80.9138
10.8249,0.795777,0.537158,0.610877,0,0,0,47.8323,37.4497,-80.5218
10.8374,0.734163,0.205863,0.468169,0,0,0,47.8498,38.3013,-80.1099
10.8499,0.665188,-0.127279,0.314419,0,0,0,48.0547,38.9381,-79.6792
10.8624,0.5925,-0.457923,0.153991,0,0,0,48.4542,39.3572,-79.2301
10.8749,0.519992,-0.781866,-0.00846663,0,0,0,49.0498,39.5557,-78.7633
10.8874,0.451464,-1.09505,-0.168345,0,0,0,49.8376,39.5317,-78.2791
10.8999,0.390314,-1.39359,-0.321377,0,0,0,50.8084,39.2839,-77.7779
10.9124,0.339286,-1.67374,-0.463873,0,0,0,51.9477,38.8126,-77.2599
10.9249,0.300315,-1.93196,-0.59286,0,0,0,53.2366,38.1198,-76.7253
10.9374,0.27446,-2.16493,-0.706125,0,0,0,54.6521,37.2103,-76.1741
10.9499,0.261929,-2.36957,-0.802171,0,0,0,56.1684,36.092,-75.6067
10.9624,0.262158,-2.54318,-0.880113,0,0,0,57.7576,34.7769,-75.0231
10.9749,0.27394,-2.68343,-0.939522,0,0,0,59.3907,33.2813,-74.4238
10.9874,0.295557,-2.78845,-0.980275,0,0,0,61.0393,31.6261,-73.8088
10.9999,0.324928,-2.8569,-1.00241,0,0,0,62.6765,29.837,-73.1787
11.0124,0.359726,-2.88802,-1.00599,0,0,0,64.2781,27.9441,-72.5338
11.0249,0.3975,-2.88164,-0.99103,0,0,0,65.8234,25.9817,-71.8744
11.0374,0.435769,-2.83821,-0.957472,0,0,0,67.296,23.9871,-71.201
11.0499,0.472116,-2.75878,-0.905151,0,0,0,68.6843,22.0003,-70.5138
11.0624,0.504278,-2.64501,-0.833859,0,0,0,69.9816,20.0625,-69.813
11.0749,0.530234,-2.49907,-0.743413,0,0,0,71.1858,18.2154,-69.0986
11.0874,0.548303,-2.32364,-0.633759,0,0,0,72.2989,16.4998,-68.3704
11.0999,0.557238,-2.1218,-0.505084,0,0,0,73.3262,14.9552,-67.6281
11.1124,0.556317,-1.89697,-0.357945,0,0,0,74.2752,13.6181,-66.8711
11.1249,0.545414,-1.6528,-0.193367,0,0,0,75.1548,12.522,-66.0986
11.1374,0.525051,-1.39312,-0.0129265,0,0,0,75.9735,11.6965,-65.3095
11.1499,0.496398,-1.12184,0.181215,0,0,0,76.7389,11.1669,-64.5026
11.1624,0.461233,-0.84291,0.386328,0,0,0,77.4563,10.9537,-63.6765
11.1749,0.421845,-0.560277,0.599188,0,0,0,78.128,11.0723,-62.8297
11.1874,0.380889,-0.277848,0.816195,0,0,0,78.7527,11.5331,-61.9606
11.1999,0.341208,0.00051111,1.03354,0,0,0,79.3254,12.3405,-61.0677
11.2124,0.305624,0.270989,1.24739,0,0,0,79.8371,13.4935,-60.1497
11.2249,0.27674,0.529836,1.45406,0,0,0,80.2754,14.9849,-59.2051
11.2374,0.256758,0.773382,1.65016,0,0,0,80.6254,16.8013,-58.2332
11.2499,0.247329,0.998063,1.83273,0,0,0,80.8703,18.9233,-57.2332
11.2624,0.249458,1.20047,1.99928,0,0,0,80.993,21.3251,-56.205
11.2749,0.263455,1.37742,2.14781,0,0,0,80.9774,23.9751,-55.1487
11.2874,0.288939,1.52601,2.27675,0,0,0,80.8097,26.8366,-54.0649
11.2999,0.324879,1.64374,2.38492,0,0,0,80.48,29.868,-52.9547
11.3124,0.369673,1.72855,2.47138,0,0,0,79.9835,33.0243,-51.8198
11.3249,0.421242,1.77894,2.53538,0,0,0,79.3218,36.2579,-50.6619
11.3374,0.477147,1.79402,2.57622,0,0,0,78.5031,39.5202,-49.4834
11.3499,0.534709,1.77356,2.59323,0,0,0,77.543,42.7629,-48.2865
11.3624,0.591143,1.71802,2.58573,0,0,0,76.4644,45.9396,-47.074
11.3749,0.643698,1.62854,2.55306,0,0,0,75.2964,49.0066,-45.8482
11.3874,0.6898,1.50691,2.49464,0,0,0,74.0742,51.9243,-44.6116
11.3999,0.727199,1.3555,2.41006,0,0,0,72.8372,54.6581,-43.3665
11.4124,0.754116,1.17723,2.29922,0,0,0,71.6278,57.1781,-42.1148
11.4249,0.769373,0.975395,2.16248,0,0,0,70.4896,59.46,-40.8578
11.4374,0.772495,0.7536,2.00071,0,0,0,69.4658,61.4844,-39.5968
11.4499,0.763777,0.515626,1.81546,0,0,0,68.5978,63.2363,-38.3324
11.4624,0.74429,0.265329,1.60895,0,0,0,67.9228,64.7042,-37.0648
11.4749,0.715836,0.00654307,1.3841,0,0,0,67.4735,65.8798,-35.7938
11.4874,0.680838,-0.256982,1.14438,0,0,0,67.2761,66.7566,-34.5189
11.4999,0.642177,-0.521622,0.893754,0,0,0,67.3498,67.3296,-33.2391
11.5124,0.602999,-0.783898,0.636453,0,0,0,67.7057,67.5944,-31.9537
11.5249,0.566495,-1.04047,0.376819,0,0,0,68.3469,67.5473,-30.6614
11.5374,0.535685,-1.28811,0.119102,0,0,0,69.268,67.1852,-29.3614
11.5499,0.513229,-1.52373,-0.132696,0,0,0,70.4553,66.5057,-28.0528
11.5624,0.501266,-1.7443,-0.374946,0,0,0,71.887,65.508,-26.7349
11.5749,0.501295,-1.94696,-0.604466,0,0,0,73.5342,64.1938,-25.4077
11.5874,0.514105,-2.12894,-0.818536,0,0,0,75.3617,62.5677,-24.0713
11.5999,0.539747,-2.2877,-1.01487,0,0,0,77.3293,60.639,-22.7265
11.6124,0.577535,-2.42094,-1.19156,0,0,0,79.3932,58.422,-21.3744
11.6249,0.626085,-2.52671,-1.34694,0,0,0,81.5078,55.9372,-20.0168
11.6374,0.683362,-2.60348,-1.47953,0,0,0,83.6273,53.2117,-18.6557
11.6499,0.746753,-2.65024,-1.58786,0,0,0,85.7082,50.2795,-17.2937
11.6624,0.813145,-2.66654,-1.67046,0,0,0,87.7099,47.1808,-15.9338
11.6749,0.879016,-2.65257,-1.72571,0,0,0,89.5975,43.9623,-14.5788
11.6874,0.940553,-2.60916,-1.75192,0,0,0,91.3423,40.6751,-13.2319
11.6999,0.993781,-2.53779,-1.74728,0,0,0,92.9228,37.3744,-11.8962
11.7124,1.03473,-2.44055,-1.71001,0,0,0,94.3254,34.1174,-10.5744
11.7249,1.0596,-2.32002,-1.63848,0,0,0,95.544,30.962,-9.26921
11.7374,1.06501,-2.17919,-1.5314,0,0,0,96.5795,27.9647,-7.98274
11.7499,1.04819,-2.02127,-1.38804,0,0,0,97.4389,25.1799,-6.7167
11.7624,1.00718,-1.84958,-1.20846,0,0,0,98.1341,22.6576,-5.47231
11.7749,0.941076,-1.6673,-0.993658,0,0,0,98.6802,20.443,-4.25025
11.7874,0.850094,-1.47738,-0.745802,0,0,0,99.0936,18.5753,-3.05069
11.7999,0.735699,-1.28237,-0.468243,0,0,0,99.3907,17.0871,-1.87334
11.8124,0.60057,-1.08438,-0.165546,0,0,0,99.5863,16.0039,-0.717493
11.8249,0.448521,-0.885041,0.156608,0,0,0,99.6921,15.3444,0.417914
11.8374,0.284327,-0.685592,0.491594,0,0,0,99.7156,15.1193,1.53418
11.8499,0.113494,-0.486956,0.83208,0,0,0,99.66,15.3325,2.63275
11.8624,-0.0580299,-0.289911,1.17033,0,0,0,99.5235,15.9801,3.71514
11.8749,-0.224177,-0.0952617,1.49852,0,0,0,99.2996,17.0508,4.78283
11.8874,-0.379098,0.0959878,1.80913,0,0,0,98.9779,18.5263,5.83718
11.8999,-0.517492,0.282494,2.0952,0,0,0,98.5449,20.3809,6.87937
11.9124,-0.634904,0.462483,2.35071,0,0,0,97.9854,22.5821,7.91033
11.9249,-0.727969,0.63372,2.57077,0,0,0,97.2842,25.0909,8.93071
11.9374,-0.794569,0.793559,2.75178,0,0,0,96.4275,27.8626,9.94086
11.9499,-0.833896,0.939047,2.89147,0,0,0,95.4044,30.8475,10.9409
11.9624,-0.846415,1.06708,2.9889,0,0,0,94.2093,33.992,11.9305
11.9749,-0.833722,1.17461,3.04425,0,0,0,92.8419,37.2401,12.9093
11.9874,-0.79834,1.25879,3.0587,0,0,0,91.3095,40.5347,13.8766
11.9999,-0.743458,1.31721,3.0341,0,0,0,89.6265,43.8194,14.8316
12.0124,-0.672654,1.34804,2.97278,0,0,0,87.8152,47.0399,15.7734
12.0249,-0.589632,1.35008,2.87734,0,0,0,85.9047,50.1453,16.7012
12.0374,-0.497983,1.3229,2.75044,0,0,0,83.9308,53.0899,17.614
12.0499,-0.40099,1.26681,2.59471,0,0,0,81.9343,55.8336,18.511
12.0624,-0.301484,1.18286,2.41269,0,0,0,79.9595,58.3425,19.3915
12.0749,-0.201737,1.07277,2.20681,0,0,0,78.0525,60.5895,20.2549
12.0874,-0.10341,0.938871,1.9794,0,0,0,76.2593,62.5536,21.1006
12.0999,-0.00753215,0.784022,1.73278,0,0,0,74.6244,64.2197,21.9282
12.1124,0.085485,0.6115,1.46926,0,0,0,73.1884,65.5775,22.7374
12.1249,0.1758,0.424919,1.19119,0,0,0,71.9872,66.6209,23.5277
12.1374,0.264067,0.228137,0.901046,0,0,0,71.0503,67.3465,24.2988
12.1499,0.351336,0.0251778,0.601369,0,0,0,70.4001,67.7532,25.0503
12.1624,0.438935,-0.179837,0.294816,0,0,0,70.051,67.8409,25.7814
12.1749,0.528334,-0.382757,-0.0158776,0,0,0,70.0088,67.6105,26.4915
12.1874,0.621002,-0.579458,-0.327914,0,0,0,70.271,67.0629,27.1794
12.1999,0.718257,-0.765906,-0.638451,0,0,0,70.8266,66.1997,27.8439
12.2124,0.821117,-0.938219,-0.944612,0,0,0,71.6565,65.0235,28.4833
12.2249,0.930167,-1.09274,-1.24347,0,0,0,72.7341,63.5379,29.0959
12.2374,1.04543,-1.22612,-1.53204,0,0,0,74.0264,61.7493,29.6794
12.2499,1.16626,-1.33541,-1.80718,0,0,0,75.4952,59.667,30.2315
12.2624,1.29128,-1.41818,-2.0656,0,0,0,77.0982,57.3045,30.7498
12.2749,1.41828,-1.47261,-2.30373,0,0,0,78.7908,54.6804,31.2317
12.2874,1.5443,-1.49764,-2.51773,0,0,0,80.528,51.8191,31.6744
12.2999,1.6656,-1.49302,-2.70345,0,0,0,82.2659,48.7507,32.0756
12.3124,1.77782,-1.45943,-2.85647,0,0,0,83.9636,45.5117,32.4329
12.3249,1.87616,-1.39849,-2.97227,0,0,0,85.5849,42.1439,32.7443
12.3374,1.95565,-1.31274,-3.04639,0,0,0,87.0993,38.6944,33.008
12.3499,2.0115,-1.2056,-3.07471,0,0,0,88.4835,35.2139,33.2228
12.3624,2.03943,-1.08114,-3.05383,0,0,0,89.7217,31.7558,33.3879
12.3749,2.03609,-0.943901,-2.98136,0,0,0,90.8057,28.3746,33.503
12.3874,1.99933,-0.79862,-2.85626,0,0,0,91.7349,25.1244,33.5684
12.3999,1.92846,-0.64989,-2.67902,0,0,0,92.515,22.0575,33.5847
12.4124,1.8243,-0.501879,-2.45181,0,0,0,93.1573,19.2231,33.5531
12.4249,1.68915,-0.358066,-2.1784,0,0,0,93.6771,16.6662,33.4753
12.4374,1.52661,-0.221048,-1.86396,0,0,0,94.0921,14.4265,33.3532
12.4499,1.34126,-0.0924423,-1.51485,0,0,0,94.4207,12.5383,33.1892
12.4624,1.13842,0.0271138,-1.13829,0,0,0,94.6805,11.0295,32.9858
12.4749,0.923768,0.137877,-0.742002,0,0,0,94.8866,9.92177,32.7457
12.4874,0.703121,0.240832,-0.333993,0,0,0,95.0506,9.23034,32.4719
12.4999,0.482196,0.337471,0.0777353,0,0,0,95.1796,8.96385,32.1673
12.5124,0.266454,0.429555,0.485355,0,0,0,95.276,9.12445,31.835
12.5249,0.0609866,0.518859,0.881362,0,0,0,95.3367,9.70776,31.478
12.5374,-0.129576,0.606941,1.2587,0,0,0,95.354,10.7029,31.0996
12.5499,-0.301147,0.694946,1.61089,0,0,0,95.3161,12.0924,30.7027
12.5624,-0.450263,0.783458,1.9321,0,0,0,95.2078,13.8523,30.2905
12.5749,-0.574172,0.872411,2.2173,0,0,0,95.0123,15.9525,29.8662
12.5874,-0.670921,0.961075,2.46232,0,0,0,94.7125,18.3566,29.4326
12.5999,-0.739425,1.04809,2.66396,0,0,0,94.2923,21.0229,28.9929
12.6124,-0.779506,1.13159,2.82004,0,0,0,93.7387,23.9047,28.5498
12.6249,-0.791897,1.20933,2.92936,0,0,0,93.0433,26.9514,28.1062
12.6374,-0.778182,1.27889,2.99168,0,0,0,92.2031,30.1097,27.6645
12.6499,-0.740692,1.3379,3.00766,0,0,0,91.2218,33.3249,27.2271
12.6624,-0.682357,1.38418,2.97865,0,0,0,90.1105,36.5424,26.7959
12.6749,-0.60652,1.41593,2.90661,0,0,0,88.8874,39.709,26.3727
12.6874,-0.516747,1.43189,2.79395,0,0,0,87.5778,42.7742,25.9585
12.6999,-0.416638,1.43138,2.64337,0,0,0,86.2128,45.6919,25.5542
12.7124,-0.309653,1.41437,2.45778,0,0,0,84.8289,48.4205,25.16
12.7249,-0.198979,1.38147,2.24021,0,0,0,83.4658,50.924,24.7755
12.7374,-0.0874218,1.33388,1.99383,0,0,0,82.1652,53.1721,24.3998
12.7499,0.0226589,1.27332,1.72186,0,0,0,80.9686,55.1403,24.0314
12.7624,0.129378,1.20191,1.42766,0,0,0,79.9159,56.8088,23.6681
12.7749,0.231319,1.12212,1.11471,0,0,0,79.0437,58.163,23.3074
12.7874,0.327508,1.03658,0.786644,0,0,0,78.3837,59.1915,22.9461
12.7999,0.41735,0.94804,0.447301,0,0,0,77.9613,59.8863,22.5806
12.8124,0.500558,0.85923,0.10069,0,0,0,77.7949,60.2416,22.2069
12.8249,0.577073,0.772776,-0.248996,0,0,0,77.8949,60.2535,21.8206
12.8374,0.646975,0.691122,-0.597404,0,0,0,78.2634,59.9195,21.4172
12.8499,0.710397,0.616463,-0.940066,0,0,0,78.894,59.2385,20.9921
12.8624,0.767457,0.550686,-1.27245,0,0,0,79.772,58.2112,20.5406
12.8749,0.818199,0.495324,-1.59001,0,0,0,80.875,56.8404,20.0582
12.8874,0.862554,0.451521,-1.88828,0,0,0,82.1732,55.1318,19.5405
12.8999,0.900332,0.420004,-2.16296,0,0,0,83.6313,53.0949,18.9834
12.9124,0.93123,0.401075,-2.40996,0,0,0,85.2092,50.7437,18.3836
12.9249,0.95487,0.394603,-2.6255,0,0,0,86.8637,48.0979,17.738
12.9374,0.970855,0.400046,-2.80622,0,0,0,88.5506,45.1829,17.0442
12.9499,0.978833,0.416484,-2.94923,0,0,0,90.2263,42.0308,16.3007
12.9624,0.978569,0.442669,-3.05218,0,0,0,91.8499,38.6802,15.5066
12.9749,0.970023,0.477087,-3.11334,0,0,0,93.3845,35.1756,14.6618
12.9874,0.953399,0.518044,-3.13161,0,0,0,94.7994,31.5671,13.7669
12.9999,0.929189,0.563754,-3.10661,0,0,0,96.0707,27.909,12.8235
13.0124,0.898191,0.612425,-3.03861,0,0,0,97.1827,24.2585,11.8336
13.0249,0.861497,0.662351,-2.92857,0,0,0,98.1274,20.6744,10.7999
13.0374,0.820459,0.711976,-2.77812,0,0,0,98.9051,17.2153,9.72557
13.0499,0.776642,0.759949,-2.58944,0,0,0,99.523,13.9379,8.61419
13.0624,0.731746,0.805163,-2.36531,0,0,0,99.9946,10.8961,7.46963
13.0749,0.687539,0.846755,-2.10896,0,0,0,100.338,8.13905,6.29592
13.0874,0.64577,0.884102,-1.82406,0,0,0,100.574,5.71098,5.0972
13.0999,0.608099,0.916784,-1.51461,0,0,0,100.725,3.64994,3.87763
13.1124,0.576026,0.944543,-1.18492,0,0,0,100.812,1.98763,2.64134
13.1249,0.550833,0.967234,-0.839507,0,0,0,100.854,0.749108,1.39242
13.1374,0.533542,0.984776,-0.483069,0,0,0,100.867,-0.047296,0.134878
13.1499,0.524871,0.997108,-0.120408,0,0,0,100.86,-0.389954,-1.12734
13.1624,0.525218,1.00416,0.243618,0,0,0,100.838,-0.273919,-2.39031
13.1749,0.534638,1.00583,0.604146,0,0,0,100.8,0.2991,-3.65013
13.1874,0.552847,1.00201,0.95636,0,0,0,100.738,1.32074,-4.90287
13.1999,0.579219,0.99255,1.29554,0,0,0,100.64,2.77595,-6.14455
13.2124,0.61281,0.977363,1.61712,0,0,0,100.488,4.64298,-7.37114
13.2249,0.652383,0.95642,1.91672,0,0,0,100.262,6.89342,-8.57854
13.2374,0.696447,0.929823,2.19022,0,0,0,99.9404,9.49233,-9.76259
13.2499,0.743317,0.897854,2.43379,0,0,0,99.5008,12.3986,-10.9192
13.2624,0.791178,0.861025,2.64398,0,0,0,98.9236,15.5654,-12.0442
13.2749,0.838159,0.820107,2.81773,0,0,0,98.1929,18.9412,-13.1336
13.2874,0.882419,0.776153,2.95248,0,0,0,97.298,22.4707,-14.1838
13.2999,0.922229,0.730479,3.04621,0,0,0,96.235,26.0961,-15.1914
13.3124,0.956046,0.684643,3.09749,0,0,0,95.0074,29.7587,-16.1534
13.3249,0.98258,0.640381,3.10552,0,0,0,93.6271,33.4005,-17.0675
13.3374,1.00084,0.599536,3.07018,0,0,0,92.1139,36.9656,-17.9318
13.3499,1.01013,0.563964,2.99205,0,0,0,90.4949,40.402,-18.7452
13.3624,1.01008,0.53544,2.87236,0,0,0,88.8042,43.6624,-19.5076
13.3749,1.0006,0.515561,2.71303,0,0,0,87.0806,46.7055,-20.2193
13.3874,0.981811,0.505655,2.51654,0,0,0,85.3668,49.4962,-20.8816
13.3999,0.953989,0.506713,2.28598,0,0,0,83.7068,52.0059,-21.4965
13.4124,0.917513,0.519325,2.02485,0,0,0,82.1447,54.2126,-22.0666
13.4249,0.872781,0.543648,1.73708,0,0,0,80.7224,56.0999,-22.5952
13.4374,0.820162,0.579385,1.42689,0,0,0,79.478,57.6563,-23.0861
13.4499,0.75996,0.625791,1.0987,0,0,0,78.4445,58.8748,-23.5434
13.4624,0.692405,0.681683,0.75708,0,0,0,77.6484,59.7516,-23.9716
13.4749,0.617658,0.745482,0.406639,0,0,0,77.1087,60.2853,-24.3754
13.4874,0.535854,0.815249,0.0519718,0,0,0,76.8364,60.4764,-24.7593
13.4999,0.447151,0.888752,-0.302402,0,0,0,76.8342,60.3269,-25.1281
13.5124,0.351804,0.96353,-0.652083,0,0,0,77.0962,59.8401,-25.4861
13.5249,0.25024,1.03698,-0.992817,0,0,0,77.6086,59.0209,-25.8376
13.5374,0.14314,1.10644,-1.32052,0,0,0,78.3498,57.876,-26.1863
13.5499,0.031514,1.16933,-1.63126,0,0,0,79.2918,56.4146,-26.5358
13.5624,-0.0832398,1.22319,-1.92126,0,0,0,80.4007,54.6493,-26.8889
13.5749,-0.199294,1.26588,-2.1869,0,0,0,81.6384,52.5968,-27.248
13.5874,-0.314378,1.29562,-2.42464,0,0,0,82.9644,50.2784,-27.615
13.5999,-0.4258,1.31115,-2.63107,0,0,0,84.3369,47.7208,-27.9912
13.6124,-0.5305,1.31176,-2.80291,0,0,0,85.715,44.9564,-28.3771
13.6249,-0.625146,1.29737,-2.93702,0,0,0,87.0605,42.023,-28.773
13.6374,-0.706264,1.26855,-3.0305,0,0,0,88.3389,38.9638,-29.1784
13.6499,-0.770399,1.22646,-3.08077,0,0,0,89.5214,35.8262,-29.5923
13.6624,-0.814298,1.17283,-3.08571,0,0,0,90.5856,32.6616,-30.0133
13.6749,-0.835094,1.10975,-3.04379,0,0,0,91.516,29.5232,-30.4398
13.6874,-0.830481,1.0396,-2.95423,0,0,0,92.3045,26.4652,-30.8694
13.6999,-0.798851,0.96481,-2.81708,0,0,0,92.9498,23.5414,-31.2999
13.7124,-0.739399,0.887664,-2.63333,0,0,0,93.4568,20.8034,-31.7286
13.7249,-0.652163,0.810118,-2.40496,0,0,0,93.8354,18.2997,-32.1527
13.7374,-0.538019,0.733632,-2.1349,0,0,0,94.0996,16.0747,-32.5693
13.7499,-0.398632,0.659051,-1.82698,0,0,0,94.2651,14.1672,-32.9754
13.7624,-0.236378,0.586535,-1.48588,0,0,0,94.3485,12.6107,-33.368
13.7749,-0.0542595,0.515561,-1.11698,0,0,0,94.3653,11.4324,-33.7439
13.7874,0.144177,0.444983,-0.726292,0,0,0,94.3288,10.653,-34.1001
13.7999,0.354911,0.373147,-0.32036,0,0,0,94.2484,10.287,-34.4335
13.8124,0.573496,0.298071,0.0938415,0,0,0,94.1295,10.342,-34.7409
13.8249,0.795109,0.21765,0.508982,0,0,0,93.9724,10.8194,-35.0193
13.8374,1.01461,0.129895,0.91747,0,0,0,93.7724,11.714,-35.2657
13.8499,1.2266,0.0331812,1.31157,0,0,0,93.5205,13.0138,-35.4771
13.8624,1.42562,-0.073518,1.68359,0,0,0,93.2033,14.7008,-35.6509
13.8749,1.60628,-0.190428,2.02605,0,0,0,92.8049,16.7501,-35.7843
13.8874,1.76354,-0.316826,2.33204,0,0,0,92.3076,19.1309,-35.8749
13.8999,1.89303,-0.450973,2.59545,0,0,0,91.6938,21.8063,-35.9207
13.9124,1.99136,-0.590133,2.8113,0,0,0,90.9474,24.7342,-35.9198
13.9249,2.05638,-0.730694,2.97604,0,0,0,90.0554,27.8678,-35.8709
13.9374,2.08736,-0.868371,3.08767,0,0,0,89.01,31.1566,-35.773
13.9499,2.08507,-0.998483,3.14585,0,0,0,87.8089,34.5477,-35.6258
13.9624,2.0517,-1.11626,3.15175,0,0,0,86.4571,37.9872,-35.4292
13.9749,1.99063,-1.21716,3.10787,0,0,0,84.9671,41.4217,-35.1839
13.9874,1.90611,-1.29715,3.01777,0,0,0,83.359,44.7996,-34.8909
13.9999,1.80291,-1.3529,2.88565,0,0,0,81.6599,48.0726,-34.5517
14.0124,1.68595,-1.38197,2.7161,0,0,0,79.9038,51.197,-34.1682
14.0249,1.55994,-1.38289,2.51378,0,0,0,78.1296,54.1343,-33.7426
14.0374,1.42916,-1.35513,2.28325,0,0,0,76.38,56.852,-33.2774
14.0499,1.29723,-1.29907,2.0288,0,0,0,74.6999,59.3235,-32.775
14.0624,1.16704,-1.21594,1.75443,0,0,0,73.1345,61.5284,-32.2381
14.0749,1.04065,-1.10769,1.46386,0,0,0,71.7274,63.4513,-31.6693
14.0874,0.919353,-0.976872,1.16056,0,0,0,70.5193,65.0814,-31.0708
14.0999,0.803724,-0.826542,0.847796,0,0,0,69.5461,66.4116,-30.4449
14.1124,0.693687,-0.66013,0.5287,0,0,0,68.8379,67.4375,-29.7937
14.1249,0.588647,-0.481358,0.206315,0,0,0,68.4179,68.1563,-29.1186
14.1374,0.487622,-0.294149,-0.116382,0,0,0,68.3016,68.5663,-28.4212
14.1499,0.389387,-0.102551,-0.436468,0,0,0,68.4963,68.6661,-27.7026
14.1624,0.292621,0.0893283,-0.751076,0,0,0,69.0006,68.4548,-26.9635
14.1749,0.196061,0.277387,-1.0574,0,0,0,69.8049,67.9315,-26.2046
14.1874,0.0986416,0.457597,-1.35273,0,0,0,70.8913,67.0964,-25.4264
14.1999,-0.000374322,0.626073,-1.6344,0,0,0,72.2341,65.9509,-24.6293
14.2124,-0.101283,0.77915,-1.89983,0,0,0,73.8011,64.4987,-23.8135
14.2249,-0.20385,0.913474,-2.14649,0,0,0,75.554,62.7469,-22.9792
14.2374,-0.307253,1.02609,-2.37186,0,0,0,77.4503,60.707,-22.1269
14.2499,-0.410046,1.11453,-2.57339,0,0,0,79.4446,58.3958,-21.2568
14.2624,-0.510168,1.17691,-2.74844,0,0,0,81.4904,55.8359,-20.3695
14.2749,-0.60499,1.21202,-2.89431,0,0,0,83.5419,53.0566,-19.4656
14.2874,-0.691403,1.21935,-3.00823,0,0,0,85.5557,50.0935,-18.5457
14.2999,-0.76596,1.19915,-3.0874,0,0,0,87.4927,46.9887,-17.6108
14.3124,-0.825057,1.15242,-3.12911,0,0,0,89.3192,43.7895,-16.6616
14.3249,-0.865162,1.08082,-3.13091,0,0,0,91.0083,40.5478,-15.699
14.3374,-0.883073,0.986631,-3.0908,0,0,0,92.5402,37.3186,-14.7238
14.3499,-0.876189,0.872547,-3.00746,0,0,0,93.9028,34.1584,-13.7367
14.3624,-0.842757,0.741546,-2.88047,0,0,0,95.0915,31.1239,-12.7384
14.3749,-0.78209,0.596672,-2.71055,0,0,0,96.1078,28.2699,-11.7291
14.3874,-0.694698,0.440841,-2.49964,0,0,0,96.9591,25.6486,-10.709
14.3999,-0.582348,0.276675,-2.251,0,0,0,97.6567,23.3077,-9.67787
14.4124,-0.448015,0.106371,-1.96915,0,0,0,98.2143,21.2897,-8.63528
14.4249,-0.295752,-0.0683575,-1.65977,0,0,0,98.6465,19.631,-7.58048
14.4374,-0.13048,-0.246279,-1.32946,0,0,0,98.9672,18.3613,-6.51249
14.4499,0.042274,-0.426569,-0.985501,0,0,0,99.188,17.5034,-5.4301
14.4624,0.21667,-0.608678,-0.63557,0,0,0,99.3172,17.0727,-4.33196
14.4749,0.386858,-0.792165,-0.287394,0,0,0,99.3588,17.0772,-3.21663
14.4874,0.547273,-0.97651,0.0515361,0,0,0,99.3122,17.5176,-2.08271
14.4999,0.692913,-1.16095,0.374255,0,0,0,99.1721,18.3867,-0.928884
14.5124,0.819571,-1.34432,0.674578,0,0,0,98.9291,19.6704,0.245945
14.5248,0.92403,-1.52498,0.947293,0,0,0,98.5702,21.3466,1.44259
14.5373,1.00419,-1.70081,1.1883,0,0,0,98.0801,23.3863,2.66149
14.5498,1.05913,-1.86917,1.39466,0,0,0,97.4427,25.7537,3.90263
14.5623,1.08909,-2.0271,1.56458,0,0,0,96.6426,28.4065,5.16552
14.5748,1.0954,-2.17139,1.69734,0,0,0,95.667,31.297,6.44914
14.5873,1.0803,-2.29876,1.79308,0,0,0,94.507,34.3729,7.75197
14.5998,1.04682,-2.40605,1.85267,0,0,0,93.1591,37.5785,9.07202
14.6123,0.998505,-2.49041,1.87747,0,0,0,91.6266,40.8564,10.4069
14.6248,0.939244,-2.5494,1.86913,0,0,0,89.9203,44.1491,11.7537
14.6373,0.873054,-2.58113,1.82942,0,0,0,88.0584,47.4002,13.1096
14.6498,0.803906,-2.58433,1.76012,0,0,0,86.0671,50.5568,14.4715
14.6623,0.735567,-2.55837,1.66294,0,0,0,83.9791,53.57,15.8363
14.6748,0.671473,-2.50329,1.53948,0,0,0,81.8331,56.3966,17.201
14.6873,0.614616,-2.41971,1.39128,0,0,0,79.6721,58.9998,18.563
14.6998,0.567452,-2.30882,1.21991,0,0,0,77.5419,61.3497,19.9199
14.7123,0.531827,-2.17226,1.02699,0,0,0,75.4891,63.4229,21.2699
14.7248,0.508909,-2.01206,0.814396,0,0,0,73.5592,65.2025,22.6116
14.7373,0.499143,-1.83054,0.584275,0,0,0,71.7952,66.6773,23.9441
14.7498,0.502232,-1.63025,0.339187,0,0,0,70.2356,67.8409,25.2671
14.7623,0.517146,-1.41388,0.0821361,0,0,0,68.9133,68.6906,26.5806
14.7748,0.542164,-1.18422,-0.183412,0,0,0,67.8541,69.2263,27.8852
14.7873,0.574962,-0.944176,-0.453571,0,0,0,67.0764,69.4498,29.1818
14.7998,0.612751,-0.696719,-0.724123,0,0,0,66.5903,69.3639,30.4712
14.8123,0.652436,-0.444935,-0.990653,0,0,0,66.3974,68.9718,31.7548
14.8248,0.690822,-0.192032,-1.24872,0,0,0,66.491,68.2772,33.0337
14.8373,0.724828,0.058641,-1.49403,0,0,0,66.856,67.2842,34.309
14.8498,0.751688,0.303591,-1.72264,0,0,0,67.4697,65.9978,35.5814
14.8623,0.769148,0.539199,-1.93109,0,0,0,68.3028,64.4244,36.8515
14.8748,0.775603,0.761766,-2.11656,0,0,0,69.3197,62.573,38.1194
14.8873,0.770197,0.967586,-2.27689,0,0,0,70.4808,60.4555,39.3848
14.8998,0.752851,1.15304,-2.41059,0,0,0,71.7431,58.0882,40.6469
14.9123,0.724243,1.3147,-2.51682,0,0,0,73.062,55.4917,41.9045
14.9248,0.685732,1.44948,-2.59528,0,0,0,74.3935,52.6922,43.1559
14.9373,0.639249,1.5547,-2.64609,0,0,0,75.6952,49.721,44.3991
14.9498,0.587155,1.6282,-2.66965,0,0,0,76.9284,46.6149,45.6318
14.9623,0.532098,1.66847,-2.66656,0,0,0,78.0593,43.4149,46.8514
14.9748,0.476851,1.6746,-2.63752,0,0,0,79.0603,40.1662,48.0554
14.9873,0.424168,1.64639,-2.58326,0,0,0,79.9106,36.9163,49.2413
14.9998,0.376637,1.5843,-2.50458,0,0,0,80.5966,33.7141,50.4066
15.0123,0.336548,1.48941,-2.40233,0,0,0,81.112,30.6086,51.5492
15.0248,0.305765,1.3634,-2.27752,0,0,0,81.4572,27.6468,52.6672
15.0373,0.285623,1.20844,-2.13138,0,0,0,81.6384,24.8733,53.7592
15.0498,0.276835,1.0271,-1.96547,0,0,0,81.6666,22.3283,54.8242
15.0623,0.279442,0.822317,-1.78172,0,0,0,81.556,20.0472,55.8616
15.0748,0.292786,0.597251,-1.58256,0,0,0,81.3226,18.0599,56.8714
15.0873,0.315541,0.355259,-1.37085,0,0,0,80.9831,16.3901,57.8539
15.0998,0.345784,0.0998235,-1.14991,0,0,0,80.5531,15.0551,58.8098
15.1123,0.38112,-0.165479,-0.923396,0,0,0,80.0461,14.0662,59.74
15.1248,0.418846,-0.436998,-0.695167,0,0,0,79.4727,13.428,60.6459
15.1373,0.45614,-0.711018,-0.46914,0,0,0,78.8399,13.1395,61.5287
15.1498,0.490262,-0.983763,-0.249105,0,0,0,78.1509,13.1933,62.39
15.1623,0.518743,-1.2514,-0.0385562,0,0,0,77.4054,13.5768,63.2313
15.1748,0.53955,-1.51007,0.159444,0,0,0,76.5997,14.2717,64.0538
15.1873,0.551209,-1.75589,0.342364,0,0,0,75.7274,15.2548,64.8589
15.1998,0.552872,-1.98504,0.508245,0,0,0,74.7807,16.4982,65.6477
15.2123,0.544345,-2.19381,0.655691,0,0,0,73.7513,17.9696,66.421
15.2248,0.526067,-2.37867,0.783817,0,0,0,72.6312,19.6332,67.1795
15.2373,0.499053,-2.53636,0.892152,0,0,0,71.4147,21.45,67.9236
15.2498,0.464822,-2.66401,0.980524,0,0,0,70.0987,23.379,68.6536
15.2623,0.425304,-2.75916,1.04894,0,0,0,68.6842,25.378,69.3695
15.2748,0.38275,-2.8199,1.09748,0,0,0,67.1765,27.4047,70.0712
15.2873,0.33964,-2.84485,1.1262,0,0,0,65.5859,29.4177,70.7584
15.2998,0.298595,-2.83326,1.13506,0,0,0,63.9277,31.3776,71.4308
15.3123,0.26228,-2.78499,1.12394,0,0,0,62.2218,33.2483,72.0881
15.3248,0.233305,-2.70051,1.09261,0,0,0,60.4922,34.9972,72.7298
15.3373,0.214112,-2.58089,1.04084,0,0,0,58.7659,36.5963,73.3557
15.3498,0.206839,-2.42772,0.9685,0,0,0,57.0722,38.0226,73.9655
15.3623,0.213176,-2.24311,0.875711,0,0,0,55.4413,39.2575,74.5589
15.3748,0.2342,-2.02953,0.763003,0,0,0,53.9029,40.2875,75.1357
15.3873,0.270226,-1.78984,0.631502,0,0,0,52.4854,41.1031,75.6958
15.3998,0.32068,-1.52714,0.483075,0,0,0,51.2144,41.6985,76.2392
15.4123,0.384026,-1.24475,0.320428,0,0,0,50.1119,42.071,76.7657
15.4248,0.457772,-0.946126,0.147121,0,0,0,49.1955,42.2199,77.2752
15.4373,0.538578,-0.634899,-0.0325217,0,0,0,48.4779,42.1462,77.7675
15.4498,0.622463,-0.314815,-0.213605,0,0,0,47.9662,41.8518,78.2424
15.4623,0.705109,0.0102343,-0.390952,0,0,0,47.662,41.3391,78.6995
15.4748,0.782218,0.336203,-0.559455,0,0,0,47.5613,40.6112,79.1381
15.4873,0.849885,0.65889,-0.714435,0,0,0,47.6545,39.6709,79.5576
15.4998,0.904925,0.973958,-0.851968,0,0,0,47.9271,38.5222,79.9571
15.5123,0.945114,1.27698,-0.969115,0,0,0,48.3599,37.1697,80.3354
15.5248,0.969314,1.56349,-1.06403,0,0,0,48.9301,35.6192,80.6914
15.5373,0.977473,1.82912,-1.13598,0,0,0,49.6116,33.8788,81.0237
15.5498,0.970512,2.06966,-1.18515,0,0,0,50.3764,31.959,81.3308
15.5623,0.950143,2.28124,-1.21256,0,0,0,51.1956,29.8732,81.6112
15.5748,0.918639,2.46035,-1.2197,0,0,0,52.0406,27.6384,81.8635
15.5873,0.878602,2.60401,-1.20839,0,0,0,52.8842,25.275,82.0862
15.5998,0.832758,2.70981,-1.18054,0,0,0,53.7016,22.8069,82.2779
15.6123,0.783788,2.77597,-1.13797,0,0,0,54.4718,20.2613,82.4376
15.6248,0.734197,2.80137,-1.08235,0,0,0,55.178,17.668,82.5644
15.6373,0.68623,2.78557,-1.01509,0,0,0,55.8087,15.0589,82.6576
15.6498,0.641814,2.72877,-0.937408,0,0,0,56.3575,12.4672,82.7169
15.6623,0.602518,2.63184,-0.850302,0,0,0,56.8234,9.92632,82.7422
15.6748,0.569534,2.49626,-0.754649,0,0,0,57.2108,7.46917,82.7339
15.6873,0.543654,2.32407,-0.651269,0,0,0,57.5282,5.12723,82.6924
15.6998,0.525259,2.11784,-0.541013,0,0,0,57.7881,2.9299,82.6186
15.7123,0.51431,1.88062,-0.424837,0,0,0,58.0056,0.90388,82.5134
15.7248,0.51035,1.61588,-0.303867,0,0,0,58.1978,-0.927186,82.3781
15.7373,0.512527,1.32745,-0.179435,0,0,0,58.3818,-2.54294,82.2141
15.7498,0.519629,1.01947,-0.0530821,0,0,0,58.5745,-3.92643,82.0227
15.7623,0.530157,0.696361,0.0734721,0,0,0,58.7909,-5.06405,81.8055
15.7748,0.542418,0.362732,0.198394,0,0,0,59.0437,-5.9455,81.564
15.7873,0.554635,0.0233611,0.319832,0,0,0,59.3422,-6.56368,81.2997
15.7998,0.565071,-0.316872,0.436021,0,0,0,59.6919,-6.91464,81.0141
15.8123,0.572153,-0.65304,0.545394,0,0,0,60.0945,-6.99754,80.7088
15.8248,0.574571,-0.980232,0.646674,0,0,0,60.5475,-6.8147,80.3852
15.8373,0.571351,-1.29362,0.738943,0,0,0,61.0447,-6.37173,80.0446
15.8498,0.561904,-1.58853,0.82167,0,0,0,61.5766,-5.6777,79.6885
15.8623,0.54602,-1.86051,0.894702,0,0,0,62.1308,-4.74525,79.3181
15.8748,0.523846,-2.10544,0.958222,0,0,0,62.6934,-3.59078,78.9349
15.8873,0.495839,-2.31955,1.01268,0,0,0,63.2494,-2.2345,78.5401
15.8998,0.462699,-2.49953,1.05871,0,0,0,63.7842,-0.700392,78.135
15.9123,0.425311,-2.64256,1.09704,0,0,0,64.2843,0.984008,77.7208
15.9248,0.384687,-2.74638,1.1284,0,0,0,64.7387,2.78795,77.2985
15.9373,0.341919,-2.80932,1.15345,0,0,0,65.1394,4.67799,76.8693
15.9498,0.29815,-2.83034,1.17275,0,0,0,65.4824,6.6187,76.434
15.9623,0.254549,-2.80901,1.18666,0,0,0,65.7679,8.57337,75.9934
15.9748,0.212297,-2.74557,1.19536,0,0,0,66.0006,10.5049,75.5479
15.9873,0.172575,-2.64088,1.19884,0,0,0,66.1896,12.3767,75.098
15.9998,0.136545,-2.49644,1.19692,0,0,0,66.3478,14.1532,74.6435
16.0123,0.105322,-2.31428,1.18929,0,0,0,66.4912,15.801,74.1841
16.0248,0.0799309,-2.09707,1.17559,0,0,0,66.6381,17.2886,73.7193
16.0373,0.0612497,-1.84796,1.15547,0,0,0,66.8083,18.5877,73.248
16.0498,0.0499386,-1.57057,1.1287,0,0,0,67.0211,19.6728,72.7688
16.0623,0.0463691,-1.26892,1.09528,0,0,0,67.2951,20.5214,72.2801
16.0748,0.0505612,-0.947368,1.05551,0,0,0,67.6465,21.1139,71.7799
16.0873,0.0621456,-0.61054,1.01004,0,0,0,68.088,21.4338,71.2659
16.0998,0.0803638,-0.263261,0.959925,0,0,0,68.6284,21.4671,70.7355
16.1123,0.104114,0.0895219,0.906556,0,0,0,69.2715,21.2031,70.1859
16.1248,0.132043,0.4428,0.851596,0,0,0,70.0158,20.6335,69.6145
16.1373,0.162668,0.791574,0.796859,0,0,0,70.8545,19.7533,69.0182
16.1498,0.194521,1.13092,0.744173,0,0,0,71.7754,18.5609,68.3943
16.1623,0.226278,1.45604,0.695246,0,0,0,72.7612,17.0584,67.7401
16.1748,0.25687,1.76235,0.65156,0,0,0,73.7906,15.2523,67.0531
16.1873,0.285548,2.0455,0.614297,0,0,0,74.8389,13.1536,66.3312
16.1998,0.311909,2.30145,0.584305,0,0,0,75.8792,10.7788,65.5726
16.2123,0.335881,2.52653,0.562108,0,0,0,76.884,8.1495,64.776
16.2248,0.357674,2.71751,0.547935,0,0,0,77.8265,5.29311,63.9406
16.2373,0.377715,2.87159,0.54177,0,0,0,78.6825,2.24232,63.0662
16.2498,0.396574,2.98649,0.543404,0,0,0,79.4312,-0.965214,62.1531
16.2623,0.414887,3.06048,0.552477,0,0,0,80.0571,-4.28755,61.2019
16.2748,0.433288,3.0924,0.568514,0,0,0,80.551,-7.67947,60.2141
16.2873,0.452345,3.08166,0.590943,0,0,0,80.9104,-11.0936,59.1914
16.2998,0.472505,3.02828,0.6191,0,0,0,81.1402,-14.4817,58.1358
16.3123,0.494052,2.93288,0.652222,0,0,0,81.2521,-17.796,57.0496
16.3248,0.517071,2.79667,0.689437,0,0,0,81.2648,-20.9902,55.9354
16.3373,0.54142,2.62144,0.729745,0,0,0,81.2025,-24.021,54.7957
16.3498,0.566722,2.40953,0.772011,0,0,0,81.0936,-26.8485,53.633
16.3623,0.592368,2.16382,0.814971,0,0,0,80.9699,-29.4368,52.4498
16.3748,0.617545,1.88768,0.857247,0,0,0,80.864,-31.7548,51.2482
16.3874,0.641281,1.58494,0.897391,0,0,0,80.8084,-33.7757,50.0303
16.3999,0.662516,1.25984,0.933953,0,0,0,80.8336,-35.4769,48.7979
16.4124,0.680191,0.916943,0.965558,0,0,0,80.9664,-36.8402,47.5525
16.4249,0.693341,0.561121,0.991007,0,0,0,81.2286,-37.8509,46.2955
16.4374,0.701193,0.197448,1.00936,0,0,0,81.6363,-38.4978,45.028
16.4499,0.703245,-0.16887,1.02003,0,0,0,82.1984,-38.7729,43.7512
16.4624,0.699314,-0.532571,1.0228,0,0,0,82.9169,-38.6712,42.4661
16.4749,0.689552,-0.888432,1.01788,0,0,0,83.7863,-38.1913,41.1739
16.4874,0.674422,-1.23135,1.00584,0,0,0,84.7935,-37.3349,39.8759
16.4999,0.654644,-1.55641,0.987586,0,0,0,85.9193,-36.1079,38.5735
16.5124,0.63111,-1.85899,0.964254,0,0,0,87.1384,-34.5207,37.2685
16.5249,0.604797,-2.13481,0.937133,0,0,0,88.4207,-32.589,35.963
16.5374,0.576678,-2.38,0.907572,0,0,0,89.7333,-30.3339,34.6592
16.5499,0.547645,-2.59114,0.8769,0,0,0,91.0418,-27.7827,33.3598
16.5624,0.51845,-2.76533,0.846369,0,0,0,92.3119,-24.9689,32.0677
16.5749,0.489673,-2.9002,0.817116,0,0,0,93.5114,-21.9322,30.7859
16.5874,0.461704,-2.99394,0.790141,0,0,0,94.6122,-18.7178,29.5176
16.5999,0.434745,-3.04535,0.766304,0,0,0,95.5914,-15.376,28.2659
16.6124,0.408832,-3.05383,0.746321,0,0,0,96.4324,-11.9607,27.0339
16.6249,0.383856,-3.01935,0.73078,0,0,0,97.1261,-8.52842,25.8244
16.6374,0.35961,-2.94254,0.720138,0,0,0,97.6712,-5.13679,24.6398
16.6499,0.335824,-2.82457,0.714725,0,0,0,98.0737,-1.84296,23.4822
16.6624,0.312224,-2.66723,0.714736,0,0,0,98.3465,1.29778,22.353
16.6749,0.288575,-2.47282,0.720218,0,0,0,98.5082,4.2333,21.2533
16.6874,0.264742,-2.24417,0.73105,0,0,0,98.5821,6.9157,20.1832
16.6999,0.240727,-1.98459,0.746921,0,0,0,98.594,9.30208,19.1425
16.7124,0.216714,-1.69781,0.76732,0,0,0,98.5709,11.3551,18.1302
16.7249,0.193085,-1.38794,0.791532,0,0,0,98.5388,13.0433,17.1451
16.7374,0.170416,-1.05941,0.818651,0,0,0,98.5213,14.3411,16.1851
16.7499,0.149448,-0.716916,0.847626,0,0,0,98.538,15.2287,15.2479
16.7624,0.13103,-0.365342,0.877315,0,0,0,98.603,15.6921,14.331
16.7749,0.116048,-0.00970834,0.906572,0,0,0,98.7247,15.7231,13.4316
16.7874,0.105333,0.3449,0.934326,0,0,0,98.9043,15.3186,12.5469
16.7999,0.0995842,0.693405,0.959661,0,0,0,99.1367,14.4814,11.6742
16.8124,0.0993033,1.03081,0.981878,0,0,0,99.4101,13.2199,10.8108
16.8249,0.104755,1.35226,1.00052,0,0,0,99.7068,11.5482,9.95422
16.8374,0.115958,1.65313,1.01536,0,0,0,100.005,9.48661,9.10247
16.8499,0.1327,1.92909,1.0264,0,0,0,100.278,7.06158,8.25382
16.8624,0.154571,2.17615,1.03378,0,0,0,100.499,4.30585,7.40693
16.8749,0.18101,2.39075,1.03771,0,0,0,100.642,1.25831,6.56096
16.8874,0.211345,2.56979,1.03846,0,0,0,100.68,-2.03634,5.71547
16.8999,0.244834,2.71069,1.03621,0,0,0,100.592,-5.52825,4.87047
16.9124,0.280684,2.81145,1.03106,0,0,0,100.364,-9.16334,4.02635
16.9249,0.318074,2.87064,1.02297,0,0,0,99.9843,-12.8845,3.18388
16.9374,0.356154,2.88745,1.01173,0,0,0,99.4527,-16.633,2.3441
16.9499,0.394055,2.86168,0.996981,0,0,0,98.7756,-20.35,1.50833
16.9624,0.430882,2.7938,0.978164,0,0,0,97.9677,-23.9781,0.678033
16.9749,0.465727,2.68488,0.954599,0,0,0,97.0512,-27.4627,-0.1452
16.9874,0.497685,2.53661,0.92549,0,0,0,96.055,-30.7534,-0.959709
16.9999,0.525882,2.35126,0.88999,0,0,0,95.0132,-33.805,-1.76382
17.0124,0.549523,2.13168,0.84726,0,0,0,93.9631,-36.5778,-2.55585
17.0249,0.567943,1.88117,0.79655,0,0,0,92.944,-39.0382,-3.33417
17.0374,0.580678,1.60353,0.737284,0,0,0,91.9944,-41.1589,-4.09716
17.0499,0.587524,1.30292,0.669137,0,0,0,91.1512,-42.9179,-4.84321
17.0624,0.588597,0.983814,0.592103,0,0,0,90.4469,-44.2987,-5.57073
17.0749,0.584362,0.650925,0.506543,0,0,0,89.9089,-45.2893,-6.27806
17.0874,0.575646,0.309134,0.413193,0,0,0,89.5577,-45.8816,-6.9635
17.0999,0.5636,-0.0365903,0.313143,0,0,0,89.4064,-46.0712,-7.62525
17.1124,0.549641,-0.381257,0.207777,0,0,0,89.4601,-45.8568,-8.26134
17.1249,0.535355,-0.719921,0.0986852,0,0,0,89.7153,-45.2399,-8.86969
17.1374,0.522385,-1.04775,-0.0124386,0,0,0,90.1606,-44.2254,-9.44804
17.1499,0.512318,-1.36006,-0.123904,0,0,0,90.7768,-42.8213,-9.99395
17.1624,0.506573,-1.65241,-0.234113,0,0,0,91.5382,-41.0396,-10.5049
17.1749,0.506315,-1.92062,-0.34163,0,0,0,92.4134,-38.8968,-10.9782
17.1874,0.512389,-2.16083,-0.445214,0,0,0,93.3668,-36.4142,-11.4111
17.1999,0.52528,-2.36956,-0.543818,0,0,0,94.3607,-33.6189,-11.801
17.2124,0.545094,-2.54376,-0.636564,0,0,0,95.3566,-30.5436,-12.1453
17.2249,0.571558,-2.68087,-0.722681,0,0,0,96.3176,-27.2272,-12.4416
17.2374,0.604029,-2.77885,-0.801442,0,0,0,97.2099,-23.714,-12.6878
17.2499,0.641505,-2.83622,-0.872086,0,0,0,98.0049,-20.0536,-12.8821
17.2624,0.682644,-2.85211,-0.933747,0,0,0,98.68,-16.2997,-13.0231
17.2749,0.725787,-2.82631,-0.985391,0,0,0,99.2204,-12.5091,-13.1101
17.2874,0.768988,-2.75923,-1.02579,0,0,0,99.619,-8.7402,-13.1426
17.2999,0.81006,-2.65194,-1.0535,0,0,0,99.8773,-5.05143,-13.1207
17.3124,0.846653,-2.50618,-1.06693,0,0,0,100.004,-1.49993,-13.0453
17.3249,0.876359,-2.32428,-1.0644,0,0,0,100.015,1.85992,-12.9174
17.3374,0.896853,-2.10916,-1.04428,0,0,0,99.9322,4.9777,-12.7388
17.3499,0.90608,-1.86426,-1.00519,0,0,0,99.7805,7.80786,-12.5113
17.3624,0.90245,-1.59343,-0.946178,0,0,0,99.5878,10.3104,-12.2373
17.3749,0.885043,-1.30084,-0.866948,0,0,0,99.3822,12.451,-11.9193
17.3874,0.853779,-0.990932,-0.768036,0,0,0,99.1903,14.2018,-11.5601
17.3999,0.809528,-0.668233,-0.65093,0,0,0,99.0355,15.5404,-11.1625
17.4124,0.754117,-0.337325,-0.518086,0,0,0,98.9366,16.4506,-10.7293
17.4249,0.690236,-0.00274574,-0.372849,0,0,0,98.9068,16.9214,-10.2634
17.4374,0.621233,0.331064,-0.219248,0,0,0,98.9525,16.9475,-9.76777
17.4499,0.550827,0.659792,-0.061726,0,0,0,99.0733,16.5289,-9.24508
17.4624,0.482786,0.979272,0.0951814,0,0,0,99.2617,15.6709,-8.69815
17.4749,0.420603,1.2855,0.247154,0,0,0,99.5039,14.3841,-8.1297
17.4874,0.367227,1.57462,0.390347,0,0,0,99.7803,12.685,-7.5424
17.4999,0.324871,1.84298,0.521562,0,0,0,100.067,10.5958,-6.93891
17.5124,0.294912,2.08714,0.638335,0,0,0,100.336,8.14496,-6.32187
17.5249,0.27788,2.30391,0.738918,0,0,0,100.56,5.36682,-5.69387
17.5374,0.273515,2.49042,0.822201,0,0,0,100.71,2.30183,-5.0575
17.5499,0.280877,2.64419,0.887578,0,0,0,100.761,-1.00404,-4.41528
17.5624,0.298473,2.76316,0.934798,0,0,0,100.691,-4.49988,-3.76967
17.5749,0.324397,2.8458,0.96381,0,0,0,100.485,-8.13089,-3.123
17.5874,0.356455,2.89112,0.974642,0,0,0,100.134,-11.8395,-2.47743
17.5999,0.392281,2.89873,0.967299,0,0,0,99.636,-15.567,-1.83489
17.6124,0.429442,2.86884,0.94171,0,0,0,98.9994,-19.2546,-1.19701
17.6249,0.465526,2.8023,0.897709,0,0,0,98.2389,-22.8455,-0.565076
17.6374,0.498235,2.70054,0.835069,0,0,0,97.3769,-26.2859,0.0600456
17.6499,0.525473,2.56553,0.753555,0,0,0,96.442,-29.5263,0.677963
17.6624,0.545439,2.39979,0.653024,0,0,0,95.4677,-32.5226,1.2888
17.6749,0.556727,2.20626,0.533533,0,0,0,94.4903,-35.2361,1.8932
17.6874,0.558416,1.98823,0.395462,0,0,0,93.5477,-37.6344,2.4924
17.6999,0.550156,1.7493,0.239627,0,0,0,92.6766,-39.6911,3.08814
17.7124,0.532228,1.49323,0.0673718,0,0,0,91.9113,-41.3853,3.6827
17.7249,0.505565,1.22394,-0.119381,0,0,0,91.2819,-42.7013,4.27886
17.7374,0.471729,0.945385,-0.318125,0,0,0,90.8127,-43.6279,4.8798
17.7499,0.43284,0.661538,-0.525824,0,0,0,90.5215,-44.1581,5.48906
17.7624,0.391442,0.37635,-0.739019,0,0,0,90.418,-44.2885,6.11046
17.7749,0.350335,0.0937341,-0.953975,0,0,0,90.5041,-44.0188,6.74795
17.7874,0.31238,-0.182446,-1.16687,0,0,0,90.7737,-43.3524,7.40556
17.7999,0.280288,-0.448383,-1.37395,0,0,0,91.2125,-42.2957,8.08728
17.8124,0.256431,-0.70034,-1.57175,0,0,0,91.7992,-40.8592,8.79688
17.8249,0.242676,-0.934673,-1.75717,0,0,0,92.5061,-39.0575,9.53787
17.8374,0.240274,-1.14788,-1.92757,0,0,0,93.3005,-36.9098,10.3134
17.8499,0.249791,-1.33664,-2.08083,0,0,0,94.1466,-34.441,11.1259
17.8624,0.271096,-1.49792,-2.21528,0,0,0,95.0066,-31.6813,11.9776
17.8749,0.303389,-1.62903,-2.32964,0,0,0,95.843,-28.667,12.8696
17.8874,0.345269,-1.7277,-2.42294,0,0,0,96.6204,-25.44,13.8028
17.8999,0.394825,-1.7922,-2.49442,0,0,0,97.3071,-22.0477,14.7769
17.9124,0.44974,-1.82138,-2.5434,0,0,0,97.8771,-18.5419,15.7911
17.9249,0.507417,-1.81473,-2.56923,0,0,0,98.3108,-14.9779,16.8441
17.9374,0.565098,-1.77245,-2.57125,0,0,0,98.5962,-11.4135,17.9338
17.9499,0.620003,-1.6954,-2.5488,0,0,0,98.7291,-7.90694,19.0574
17.9624,0.669472,-1.58512,-2.50124,0,0,0,98.7132,-4.51578,20.212
17.9749,0.711104,-1.44378,-2.42806,0,0,0,98.5592,-1.29537,21.3943
17.9874,0.742911,-1.27408,-2.329,0,0,0,98.284,1.70255,22.6005
17.9999,0.763449,-1.07922,-2.20418,0,0,0,97.9091,4.43086,23.8272
18.0124,0.771937,-0.862695,-2.05421,0,0,0,97.459,6.84797,25.0704
18.025,0.768342,-0.628268,-1.88032,0,0,0,96.9596,8.91827,26.3267
18.0375,0.753411,-0.379807,-1.68443,0,0,0,96.4362,10.6125,27.5924
18.05,0.728646,-0.121201,-1.46911,0,0,0,95.9117,11.9076,28.8641
18.0625,0.696227,0.143717,-1.23761,0,0,0,95.4055,12.787,30.1386
18.075,0.658864,0.411226,-0.99366,0,0,0,94.9318,13.2398,31.4127
18.0875,0.619617,0.677742,-0.741378,0,0,0,94.4988,13.2613,32.6834
18.1,0.581684,0.939823,-0.485053,0,0,0,94.1087,12.8521,33.9477
18.1125,0.548178,1.19416,-0.228964,0,0,0,93.7569,12.0183,35.2027
18.125,0.521927,1.43756,0.0227981,0,0,0,93.4326,10.7716,36.4453
18.1375,0.505297,1.66694,0.266473,0,0,0,93.1197,9.12907,37.6726
18.15,0.500057,1.87933,0.498722,0,0,0,92.7974,7.11334,38.8813
18.1625,0.50729,2.07189,0.71667,0,0,0,92.4421,4.75257,40.0683
18.175,0.527347,2.24197,0.917897,0,0,0,92.0283,2.08043,41.2301
18.1875,0.559841,2.38714,1.10038,0,0,0,91.531,-0.864125,42.3634
18.2,0.60367,2.50529,1.26239,0,0,0,90.9271,-4.03733,43.4647
18.2125,0.657061,2.5947,1.40242,0,0,0,90.197,-7.39124,44.5308
18.225,0.717636,2.65413,1.51903,0,0,0,89.3264,-10.8747,45.5585
18.2375,0.782484,2.6829,1.61078,0,0,0,88.3076,-14.4345,46.5447
18.25,0.84825,2.68094,1.67612,0,0,0,87.1399,-18.0168,47.4871
18.2625,0.911237,2.64881,1.7134,0,0,0,85.8303,-21.5683,48.3834
18.275,0.967529,2.58773,1.72084,0,0,0,84.3939,-25.0382,49.2321
18.2875,1.01314,2.49956,1.69665,0,0,0,82.8524,-28.3789,50.0322
18.3,1.04419,2.38668,1.6391,0,0,0,81.2341,-31.5477,50.7835
18.3125,1.05711,2.25193,1.54673,0,0,0,79.5721,-34.5072,51.4862
18.325,1.04886,2.09847,1.41853,0,0,0,77.903,-37.2263,52.1415
18.3375,1.01713,1.92958,1.25419,0,0,0,76.2652,-39.6799,52.7511
18.35,0.960582,1.74853,1.05432,0,0,0,74.6969,-41.8488,53.3173
18.3625,0.878987,1.55841,0.820589,0,0,0,73.2349,-43.7196,53.8429
18.375,0.773337,1.36194,0.555863,0,0,0,71.9126,-45.2838,54.3313
18.3875,0.645867,1.16147,0.264239,0,0,0,70.759,-46.5371,54.786
18.4,0.500005,0.958854,-0.0490097,0,0,0,69.7976,-47.4782,55.2109
18.4125,0.340225,0.755531,-0.37758,0,0,0,69.0452,-48.1087,55.6101
18.425,0.171838,0.552598,-0.714355,0,0,0,68.5121,-48.4322,55.9877
18.4375,0.000708751,0.35095,-1.05169,0,0,0,68.2012,-48.4537,56.3477
18.45,-0.167059,0.151447,-1.38176,0,0,0,68.1083,-48.1797,56.6939
18.4625,-0.325467,-0.0449113,-1.69686,0,0,0,68.2224,-47.6181,57.0299
18.475,-0.468969,-0.236833,-1.98983,0,0,0,68.5261,-46.7786,57.3593
18.4875,-0.592786,-0.422627,-2.2543,0,0,0,68.9968,-45.6728,57.6847
18.5,-0.693174,-0.600154,-2.485,0,0,0,69.607,-44.3153,58.009
18.5125,-0.767614,-0.766849,-2.67792,0,0,0,70.3262,-42.7237,58.334
18.525,-0.814899,-0.91981,-2.8304,0,0,0,71.1219,-40.9192,58.6615
18.5375,-0.835132,-1.05594,-2.94113,0,0,0,71.9608,-38.9273,58.9926
18.55,-0.829604,-1.17213,-3.00997,0,0,0,72.8105,-36.7775,59.328
18.5625,-0.800607,-1.26546,-3.03784,0,0,0,73.6411,-34.5034,59.6677
18.575,-0.751181,-1.33336,-3.0264,0,0,0,74.4257,-32.1425,60.0116
18.5875,-0.684837,-1.3738,-2.97788,0,0,0,75.1421,-29.7351,60.359
18.6,-0.605286,-1.38538,-2.89479,0,0,0,75.7732,-27.324,60.7087
18.6125,-0.516194,-1.36744,-2.77976,0,0,0,76.3076,-24.9532,61.0594
18.625,-0.420969,-1.32006,-2.63539,0,0,0,76.7392,-22.6668,61.4095
18.6375,-0.322607,-1.24408,-2.46422,0,0,0,77.0673,-20.508,61.757
18.65,-0.22357,-1.14101,-2.26865,0,0,0,77.2957,-18.518,62.1
18.6625,-0.125723,-1.01301,-2.05099,0,0,0,77.4318,-16.7348,62.4361
18.675,-0.0302978,-0.862809,-1.81349,0,0,0,77.4858,-15.1929,62.7631
18.6875,0.062099,-0.693557,-1.55839,0,0,0,77.4687,-13.9223,63.0786
18.7,0.151453,-0.508783,-1.28801,0,0,0,77.3918,-12.948,63.3801
18.7125,0.238277,-0.312288,-1.0047,0,0,0,77.2651,-12.2903,63.6653
18.725,0.323521,-0.108059,-0.71097,0,0,0,77.0964,-11.9638,63.9316
18.7375,0.408458,0.0997946,-0.409398,0,0,0,76.8905,-11.9779,64.1765
18.75,0.494559,0.307116,-0.102674,0,0,0,76.6484,-12.3366,64.3976
18.7625,0.583349,0.509756,0.206446,0,0,0,76.3675,-13.0385,64.5924
18.775,0.67626,0.703631,0.515156,0,0,0,76.0413,-14.0767,64.7586
18.7875,0.774485,0.884783,0.820618,0,0,0,75.6601,-15.4391,64.8939
18.8,0.878832,1.04945,1.11996,0,0,0,75.2115,-17.1082,64.9961
18.8125,0.989599,1.19414,1.41026,0,0,0,74.6814,-19.0611,65.0632
18.825,1.10646,1.31573,1.68849,0,0,0,74.0553,-21.2701,65.0934
18.8375,1.22836,1.41154,1.95149,0,0,0,73.3195,-23.7028,65.0853
18.85,1.35348,1.47949,2.19586,0,0,0,72.4624,-26.3228,65.0376
18.8625,1.4792,1.51816,2.41794,0,0,0,71.4761,-29.0902,64.9494
18.875,1.6021,1.52693,2.61376,0,0,0,70.3571,-31.963,64.8203
18.8875,1.7181,1.50607,2.77906,0,0,0,69.1078,-34.8975,64.6502
18.9,1.82255,1.45676,2.90939,0,0,0,67.7366,-37.8503,64.4396
18.9125,1.91053,1.38116,3.00025,0,0,0,66.2585,-40.7789,64.1891
18.925,1.97709,1.28228,3.04735,0,0,0,64.6949,-43.6432,63.8999
18.9375,2.01766,1.16392,3.04694,0,0,0,63.0732,-46.4067,63.5736
18.95,2.0284,1.03044,2.99611,0,0,0,61.4256,-49.037,63.2118
18.9625,2.00656,0.886491,2.89317,0,0,0,59.7887,-51.5065,62.8167
18.975,1.95074,0.736769,2.73791,0,0,0,58.2014,-53.7931,62.3902
18.9875,1.86106,0.585656,2.53171,0,0,0,56.704,-55.8794,61.9345
19,1.73916,0.436963,2.27763,0,0,0,55.3366,-57.7528,61.4517
19.0125,1.58809,0.293697,1.98025,0,0,0,54.1375,-59.4046,60.9438
19.025,1.41204,0.157927,1.64545,0,0,0,53.142,-60.8297,60.4127
19.0375,1.21609,0.0307372,1.28015,0,0,0,52.3814,-62.0248,59.8599
19.05,1.00585,-0.0877216,0.891933,0,0,0,51.8816,-62.9885,59.2866
19.0625,0.787184,-0.198095,0.488776,0,0,0,51.6626,-63.7194,58.6941
19.075,0.56597,-0.301629,0.078774,0,0,0,51.7379,-64.2164,58.083
19.0875,0.347882,-0.399928,-0.330078,0,0,0,52.114,-64.4777,57.4539
19.1,0.138268,-0.494709,-0.730062,0,0,0,52.7898,-64.5009,56.8069
19.1125,-0.0579641,-0.587559,-1.11387,0,0,0,53.7575,-64.2829,56.1422
19.125,-0.236444,-0.679715,-1.47475,0,0,0,55.0017,-63.8206,55.4596
19.1375,-0.393421,-0.771909,-1.80659,0,0,0,56.5005,-63.1117,54.7589
19.15,-0.525856,-0.864249,-2.10406,0,0,0,58.2259,-62.1552,54.0399
19.1625,-0.631512,-0.956181,-2.36268,0,0,0,60.1445,-60.9528,53.3022
19.175,-0.709023,-1.04651,-2.57895,0,0,0,62.2185,-59.5098,52.5458
19.1875,-0.757949,-1.1335,-2.75037,0,0,0,64.4076,-57.8361,51.7703
19.2,-0.77878,-1.215,-2.87547,0,0,0,66.6694,-55.9472,50.9759
19.2125,-0.772889,-1.28862,-2.95374,0,0,0,68.9618,-53.8642,50.1626
19.225,-0.742444,-1.35195,-2.98559,0,0,0,71.2441,-51.6148,49.3306
19.2375,-0.690256,-1.40274,-2.9722,0,0,0,73.4786,-49.2326,48.4803
19.25,-0.619605,-1.43907,-2.91535,0,0,0,75.632,-46.7566,47.612
19.2625,-0.534049,-1.45952,-2.81731,0,0,0,77.6762,-44.231,46.7263
19.275,-0.437222,-1.46324,-2.68068,0,0,0,79.589,-41.7031,45.8237
19.2875,-0.332667,-1.45003,-2.50828,0,0,0,81.3547,-39.2229,44.9045
19.3,-0.223678,-1.42031,-2.30306,0,0,0,82.9638,-36.8411,43.9691
19.3125,-0.113189,-1.37513,-2.0681,0,0,0,84.4121,-34.6079,43.0177
19.325,-0.00369976,-1.31608,-1.80652,0,0,0,85.7008,-32.5714,42.0503
19.3375,0.102772,-1.2452,-1.52159,0,0,0,86.8342,-30.7766,41.0667
19.35,0.204688,-1.16487,-1.21668,0,0,0,87.8192,-29.2643,40.0666
19.3625,0.300972,-1.07771,-0.895325,0,0,0,88.6637,-28.0699,39.0494
19.375,0.390956,-0.986467,-0.56124,0,0,0,89.3751,-27.223,38.0143
19.3875,0.474313,-0.893908,-0.218331,0,0,0,89.9593,-26.7467,36.9604
19.4,0.550979,-0.802728,0.129302,0,0,0,90.4194,-26.6573,35.8868
19.4125,0.621059,-0.715466,0.477386,0,0,0,90.7555,-26.9638,34.7924
19.425,0.684744,-0.634437,0.821509,0,0,0,90.9641,-27.6679,33.6764
19.4375,0.74223,-0.56167,1.15717,0,0,0,91.0381,-28.7637,32.538
19.45,0.793655,-0.498865,1.47985,0,0,0,90.9675,-30.238,31.3766
19.4625,0.839046,-0.447348,1.78504,0,0,0,90.7401,-32.0698,30.192
19.475,0.878299,-0.408046,2.06839,0,0,0,90.3427,-34.2311,28.9844
19.4875,0.911179,-0.381469,2.32572,0,0,0,89.7624,-36.687,27.7542
19.5,0.937343,-0.367699,2.55313,0,0,0,88.9883,-39.3966,26.5026
19.5125,0.956386,-0.366406,2.74708,0,0,0,88.0126,-42.3136,25.231
19.525,0.967908,-0.376859,2.9045,0,0,0,86.8328,-45.3876,23.9413
19.5375,0.971581,-0.397981,3.02281,0,0,0,85.4521,-48.5656,22.6358
19.55,0.967225,-0.428397,3.10001,0,0,0,83.881,-51.7933,21.3173
19.5625,0.954877,-0.466507,3.13474,0,0,0,82.1374,-55.017,19.9886
19.575,0.934838,-0.510576,3.12632,0,0,0,80.2469,-58.185,18.6526
19.5875,0.907709,-0.558815,3.07474,0,0,0,78.2422,-61.2491,17.3124
19.6,0.874392,-0.60947,2.98068,0,0,0,76.1625,-64.166,15.9707
19.6125,0.836073,-0.660904,2.84549,0,0,0,74.0522,-66.8983,14.6303
19.625,0.79418,-0.711654,2.67115,0,0,0,71.9592,-69.4149,13.2932
19.6375,0.750324,-0.760478,2.4602,0,0,0,69.9334,-71.6914,11.9613
19.65,0.706225,-0.806372,2.21571,0,0,0,68.0246,-73.7094,10.6357
19.6625,0.663635,-0.848571,1.94119,0,0,0,66.2812,-75.4564,9.31726
19.6751,0.624261,-0.886527,1.64054,0,0,0,64.748,-76.9247,8.00593
19.6876,0.589692,-0.919871,1.31798,0,0,0,63.4649,-78.1103,6.70132
19.7001,0.561335,-0.948368,0.977965,0,0,0,62.4658,-79.0117,5.40246
19.7126,0.540362,-0.971867,0.625152,0,0,0,61.7773,-79.6289,4.10802
19.7251,0.527666,-0.990255,0.264317,0,0,0,61.4179,-79.9626,2.8163
19.7376,0.523829,-1.00342,-0.0996864,0,0,0,61.3977,-80.0132,1.52542
19.7501,0.529103,-1.01123,-0.46199,0,0,0,61.7181,-79.7804,0.233426
19.7626,0.543392,-1.01352,-0.817759,0,0,0,62.3713,-79.2636,-1.06161
19.7751,0.566258,-1.01011,-1.16224,0,0,0,63.3412,-78.4618,-2.36142
19.7876,0.596924,-1.00084,-1.49082,0,0,0,64.6035,-77.3742,-3.66747
19.8001,0.634301,-0.985604,-1.79905,0,0,0,66.1261,-76.0014,-4.98079
19.8126,0.677013,-0.964385,-2.08274,0,0,0,67.8708,-74.3464,-6.30198
19.8251,0.723455,-0.93734,-2.33794,0,0,0,69.7938,-72.4155,-7.63105
19.8376,0.771845,-0.904838,-2.56107,0,0,0,71.8475,-70.2197,-8.96748
19.8501,0.820301,-0.8675,-2.74892,0,0,0,73.9821,-67.7755,-10.3102
19.8626,0.866921,-0.826228,-2.89875,0,0,0,76.1475,-65.1056,-11.6574
19.8751,0.90987,-0.782208,-3.0083,0,0,0,78.2947,-62.2394,-13.0072
19.8876,0.947457,-0.736891,-3.0759,0,0,0,80.3782,-59.213,-14.3569
19.9001,0.978215,-0.691944,-3.10049,0,0,0,82.357,-56.0684,-15.7037
19.9126,1.00095,-0.649183,-3.08166,0,0,0,84.1964,-52.8528,-17.0447
19.9251,1.01478,-0.610492,-3.01968,0,0,0,85.8685,-49.6177,-18.3768
19.9376,1.01914,-0.577718,-2.91553,0,0,0,87.3533,-46.417,-19.697
19.9501,1.01378,-0.55258,-2.77082,0,0,0,88.6383,-43.3055,-21.0026
19.9626,0.998683,-0.536567,-2.58782,0,0,0,89.7181,-40.3375,-22.2912
19.9751,0.974056,-0.530857,-2.36938,0,0,0,90.5939,-37.5648,-23.5607
19.9876,0.940234,-0.536252,-2.11884,0,0,0,91.2722,-35.0357,-24.8094
20.0001,0.897617,-0.553129,-1.83999,0,0,0,91.7631,-32.7932,-26.0362
20.0126,0.846613,-0.581407,-1.53694,0,0,0,92.0792,-30.8748,-27.2404
20.0251,0.787589,-0.620552,-1.21407,0,0,0,92.2337,-29.311,-28.4218
20.0376,0.720854,-0.669576,-0.875905,0,0,0,92.2391,-28.1251,-29.5804
20.0501,0.646651,-0.72707,-0.527071,0,0,0,92.1059,-27.3331,-30.7167
20.0626,0.565186,-0.791249,-0.172196,0,0,0,91.842,-26.9434,-31.8315
20.0751,0.476674,-0.860001,0.184139,0,0,0,91.4516,-26.9565,-32.9256
20.0876,0.381399,-0.930959,0.537455,0,0,0,90.9352,-27.3657,-34
20.1001,0.279788,-1.00158,0.883408,0,0,0,90.2903,-28.1568,-35.0557
20.1126,0.172492,-1.06924,1.21781,0,0,0,89.5111,-29.3083,-36.0937
20.1251,0.0604624,-1.13134,1.53661,0,0,0,88.5901,-30.7924,-37.1146
20.1376,-0.0549885,-1.1854,1.83596,0,0,0,87.5191,-32.5746,-38.1191
20.1501,-0.172136,-1.22918,2.11209,0,0,0,86.2903,-34.6153,-39.1076
20.1626,-0.288825,-1.26082,2.36139,0,0,0,84.8983,-36.8698,-40.0804
20.1751,-0.402475,-1.2789,2.58036,0,0,0,83.3406,-39.2901,-41.0374
20.1876,-0.51013,-1.28258,2.76559,0,0,0,81.6198,-41.8255,-41.9785
20.2001,-0.608539,-1.27159,2.91387,0,0,0,79.7439,-44.4244,-42.9033
20.2126,-0.694278,-1.24634,3.02218,0,0,0,77.727,-47.0356,-43.8114
20.2251,-0.763903,-1.20785,3.0878,0,0,0,75.5899,-49.6099,-44.7022
20.2376,-0.814126,-1.15768,3.10847,0,0,0,73.3596,-52.1012,-45.5754
20.2501,-0.841999,-1.09785,3.08245,0,0,0,71.0688,-54.4681,-46.4303
20.2626,-0.845089,-1.0307,3.00875,0,0,0,68.7549,-56.6745,-47.2667
20.2751,-0.821628,-0.958637,2.88719,0,0,0,66.459,-58.6906,-48.0842
20.2876,-0.770619,-0.884024,2.71851,0,0,0,64.2239,-60.4926,-48.8826
20.3001,-0.691888,-0.808921,2.50439,0,0,0,62.093,-62.063,-49.6621
20.3126,-0.58609,-0.734936,2.24751,0,0,0,60.1085,-63.3903,-50.4225
20.3251,-0.454664,-0.66309,1.95143,0,0,0,58.3102,-64.4674,-51.1642
20.3376,-0.299759,-0.593726,1.62057,0,0,0,56.7336,-65.2917,-51.8873
20.3501,-0.124148,-0.526496,1.26007,0,0,0,55.4092,-65.8632,-52.5922
20.3626,0.0688589,-0.460395,0.875694,0,0,0,54.3616,-66.1839,-53.279
20.3751,0.275481,-0.393865,0.473751,0,0,0,53.6085,-66.2567,-53.9479
20.3876,0.491521,-0.324948,0.060997,0,0,0,53.1603,-66.0845,-54.5988
20.4001,0.712401,-0.251482,-0.35544,0,0,0,53.0201,-65.67,-55.2315
20.4126,0.933204,-0.171336,-0.76814,0,0,0,53.1837,-65.0148,-55.8457
20.4251,1.14873,-0.082643,-1.16949,0,0,0,53.6394,-64.1202,-56.4405
20.4376,1.35362,0.0159477,-1.55182,0,0,0,54.3685,-62.9873,-57.0149
20.4501,1.54248,0.12506,-1.9076,0,0,0,55.3461,-61.6174,-57.5677
20.4626,1.71015,0.244417,-2.22967,0,0,0,56.5418,-60.0131,-58.0973
20.4751,1.85195,0.372737,-2.51155,0,0,0,57.9204,-58.1789,-58.6019
20.4876,1.96404,0.507717,-2.74776,0,0,0,59.4433,-56.1227,-59.0794
20.5001,2.04366,0.646104,-2.93408,0,0,0,61.0696,-53.8562,-59.5277
20.5126,2.08943,0.783873,-3.0678,0,0,0,62.7581,-51.3958,-59.9446
20.5251,2.10143,0.916471,-3.14781,0,0,0,64.468,-48.7629,-60.3278
20.5376,2.08118,1.03912,-3.17463,0,0,0,66.1609,-45.9845,-60.6754
20.5501,2.03154,1.14711,-3.15018,0,0,0,67.8022,-43.0925,-60.9854
20.5626,1.95638,1.23616,-3.07758,0,0,0,69.3621,-40.1235,-61.2561
20.5751,1.86025,1.30259,-2.96081,0,0,0,70.8168,-37.1179,-61.4864
20.5876,1.74805,1.34355,-2.80434,0,0,0,72.1488,-34.1189,-61.6752
20.6001,1.62459,1.35714,-2.61285,0,0,0,73.3473,-31.1713,-61.822
20.6126,1.49438,1.3424,-2.39101,0,0,0,74.408,-28.32,-61.9269
20.6251,1.36134,1.29935,-2.14328,0,0,0,75.3327,-25.6092,-61.9901
20.6376,1.22868,1.22885,-1.87385,0,0,0,76.1279,-23.0805,-62.0125
20.6501,1.09884,1.13255,-1.5866,0,0,0,76.8044,-20.7728,-61.9952
20.6626,0.973467,1.01278,-1.28517,0,0,0,77.3754,-18.7205,-61.9396
20.6751,0.853432,0.872394,-0.972938,0,0,0,77.8554,-16.9537,-61.8476
20.6876,0.738947,0.714671,-0.65314,0,0,0,78.2588,-15.4972,-61.7212
20.7001,0.629649,0.54323,-0.328888,0,0,0,78.5984,-14.3705,-61.5626
20.7126,0.524733,0.361919,-0.00321543,0,0,0,78.8849,-13.5877,-61.374
20.7251,0.423094,0.174742,0.320906,0,0,0,79.1254,-13.1571,-61.1581
20.7376,0.323475,-0.0142148,0.64056,0,0,0,79.3235,-13.0814,-60.9172
20.7501,0.224622,-0.20085,0.952892,0,0,0,79.4789,-13.3579,-60.654
20.7626,0.125423,-0.381114,1.25512,0,0,0,79.5874,-13.978,-60.371
20.7751,0.0250517,-0.551078,1.54452,0,0,0,79.6417,-14.9276,-60.0709
20.7876,-0.0769192,-0.70701,1.81846,0,0,0,79.632,-16.1872,-59.7562
20.8001,-0.180417,-0.845463,2.07434,0,0,0,79.5471,-17.7317,-59.4295
20.8126,-0.284797,-0.96336,2.30958,0,0,0,79.3754,-19.5313,-59.0932
20.8251,-0.388805,-1.05809,2.52158,0,0,0,79.1066,-21.5512,-58.7499
20.8376,-0.490569,-1.1276,2.70768,0,0,0,78.7326,-23.7528,-58.4019
20.8501,-0.58763,-1.17048,2.86515,0,0,0,78.2487,-26.0943,-58.0514
20.8626,-0.677026,-1.18601,2.99118,0,0,0,77.6552,-28.5314,-57.7004
20.8751,-0.75541,-1.17424,3.08294,0,0,0,76.9572,-31.0188,-57.3507
20.8876,-0.819229,-1.13595,3.13767,0,0,0,76.1658,-33.5113,-57.0039
20.9001,-0.864935,-1.07262,3.1528,0,0,0,75.2978,-35.9646,-56.6611
20.9126,-0.889239,-0.986361,3.12618,0,0,0,74.3755,-38.3367,-56.3232
20.9251,-0.889377,-0.879761,3.05628,0,0,0,73.4259,-40.5889,-55.9907
20.9376,-0.863362,-0.755729,2.94243,0,0,0,72.4798,-42.686,-55.6635
20.9501,-0.810214,-0.617293,2.78501,0,0,0,71.5707,-44.5973,-55.341
20.9626,-0.730109,-0.467404,2.58563,0,0,0,70.7332,-46.2964,-55.0222
20.9751,-0.624458,-0.308757,2.34717,0,0,0,70.0015,-47.7612,-54.7057
20.9876,-0.495887,-0.143645,2.07379,0,0,0,69.4083,-48.9735,-54.3894
21.0001,-0.348128,0.0261198,1.77083,0,0,0,68.9831,-49.9186,-54.0708
21.0126,-0.185833,0.199222,1.44462,0,0,0,68.7509,-50.5845,-53.747
21.0251,-0.0143281,0.374791,1.10225,0,0,0,68.7315,-50.9618,-53.4146
21.0376,0.160665,0.552281,0.751279,0,0,0,68.9383,-51.0424,-53.07
21.0501,0.33332,0.731317,0.399411,0,0,0,69.3777,-50.82,-52.7092
21.0626,0.498001,0.911505,0.0542326,0,0,0,70.0491,-50.2895,-52.3282
21.0751,0.649531,1.09226,-0.2771,0,0,0,70.9442,-49.4471,-51.9228
21.0876,0.783445,1.27263,-0.588114,0,0,0,72.0478,-48.2907,-51.4888
21.1001,0.896186,1.45122,-0.87323,0,0,0,73.3377,-46.8206,-51.0222
21.1126,0.985258,1.62611,-1.12792,0,0,0,74.7859,-45.0403,-50.519
21.1251,1.04931,1.7949,-1.34881,0,0,0,76.3592,-42.9567,-49.9758
21.1376,1.08817,1.95474,-1.53366,0,0,0,78.0209,-40.5817,-49.3895
21.1501,1.10275,2.10252,-1.68131,0,0,0,79.7317,-37.9327,-48.7575
21.1626,1.09497,2.23496,-1.79159,0,0,0,81.452,-35.0329,-48.0778
21.1751,1.06757,2.34885,-1.86508,0,0,0,83.1433,-31.9116,-47.3491
21.1876,1.02392,2.4412,-1.90295,0,0,0,84.7701,-28.6048,-46.5708
21.2001,0.967803,2.50938,-1.90674,0,0,0,86.301,-25.1537,-45.7428
21.2126,0.903204,2.5513,-1.87819,0,0,0,87.711,-21.6051,-44.866
21.2251,0.834138,2.56543,-1.81908,0,0,0,88.9818,-18.0096,-43.9418
21.2376,0.764474,2.55089,-1.73114,0,0,0,90.1026,-14.4204,-42.972
21.2501,0.697797,2.50746,-1.61605,0,0,0,91.0707,-10.8921,-41.9592
21.2626,0.637292,2.43554,-1.47538,0,0,0,91.8908,-7.47906,-40.9063
21.2751,0.585639,2.33609,-1.31068,0,0,0,92.5744,-4.23407,-39.8164
21.2876,0.544932,2.2106,-1.12359,0,0,0,93.1387,-1.20698,-38.693
21.3001,0.516612,2.06094,-0.915899,0,0,0,93.6051,1.55631,-37.5395
21.3127,0.50141,1.88932,-0.689669,0,0,0,93.9977,4.01461,-36.3595
21.3252,0.49932,1.69817,-0.44733,0,0,0,94.3411,6.13201,-35.1564
21.3377,0.509591,1.49011,-0.191745,0,0,0,94.6591,7.8782,-33.9338
21.3502,0.530765,1.26788,0.0737636,0,0,0,94.9731,9.2286,-32.695
21.3627,0.560742,1.03429,0.345434,0,0,0,95.3,10.1644,-31.4431
21.3752,0.596899,0.792256,0.619134,0,0,0,95.6519,10.6723,-30.1815
21.3877,0.636242,0.544768,0.890478,0,0,0,96.0348,10.745,-28.9133
21.4002,0.675596,0.294942,1.15498,0,0,0,96.4482,10.3808,-27.6415
21.4127,0.711812,0.0460241,1.40825,0,0,0,96.8856,9.58347,-26.3695
21.4252,0.74198,-0.198591,1.64615,0,0,0,97.3343,8.36315,-25.1005
21.4377,0.763626,-0.435373,1.86498,0,0,0,97.7764,6.73589,-23.8378
21.4502,0.774872,-0.660688,2.06163,0,0,0,98.1902,4.7241,-22.585
21.4627,0.774556,-0.870857,2.23363,0,0,0,98.5514,2.35659,-21.3458
21.4752,0.762287,-1.06225,2.37921,0,0,0,98.8351,-0.331468,-20.1239
21.4877,0.738444,-1.23137,2.49724,0,0,0,99.017,-3.29882,-18.9231
21.5002,0.704123,-1.37502,2.5872,0,0,0,99.0759,-6.49865,-17.7472
21.5127,0.66104,-1.49035,2.64901,0,0,0,98.9949,-9.87937,-16.5998
21.5252,0.611402,-1.57503,2.68298,0,0,0,98.7631,-13.3857,-15.4843
21.5377,0.557756,-1.62727,2.68962,0,0,0,98.3766,-16.9601,-14.404
21.5502,0.50284,-1.64596,2.66961,0,0,0,97.8391,-20.544,-13.3614
21.5627,0.449429,-1.63061,2.62369,0,0,0,97.1625,-24.0796,-12.3588
21.5752,0.400183,-1.58144,2.55264,0,0,0,96.3661,-27.511,-11.3977
21.5877,0.357509,-1.49929,2.45734,0,0,0,95.4761,-30.786,-10.4789
21.6002,0.323432,-1.38561,2.33877,0,0,0,94.5246,-33.8568,-9.60274
21.6127,0.299481,-1.24237,2.19811,0,0,0,93.5475,-36.6811,-8.76849
21.6252,0.286592,-1.07198,2.03685,0,0,0,92.5833,-39.2223,-7.97488
21.6377,0.28504,-0.877242,1.85684,0,0,0,91.671,-41.4498,-7.21994
21.6502,0.294411,-0.661197,1.66037,0,0,0,90.8483,-43.3387,-6.50107
21.6627,0.313606,-0.427113,1.4502,0,0,0,90.1496,-44.8695,-5.81517
21.6752,0.340902,-0.178396,1.22953,0,0,0,89.6046,-46.0274,-5.15867
21.6877,0.374059,0.0814395,1.00193,0,0,0,89.2371,-46.8021,-4.52771
21.7002,0.41047,0.3488,0.771225,0,0,0,89.0635,-47.1865,-3.91823
21.7127,0.447343,0.620025,0.541364,0,0,0,89.0924,-47.1773,-3.32608
21.7252,0.481899,0.891384,0.316208,0,0,0,89.3244,-46.7738,-2.74714
21.7377,0.511567,1.15909,0.0993863,0,0,0,89.7516,-45.9786,-2.17745
21.7502,0.534156,1.41931,-0.105861,0,0,0,90.3583,-44.7973,-1.61327
21.7627,0.547991,1.66818,-0.296793,0,0,0,91.1216,-43.2396,-1.05123
21.7752,0.552008,1.90188,-0.47123,0,0,0,92.0125,-41.3188,-0.488334
21.7877,0.545789,2.11664,-0.627563,0,0,0,92.9971,-39.0536,0.0779008
21.8002,0.529562,2.30888,-0.764712,0,0,0,94.0382,-36.4677,0.649456
21.8127,0.504158,2.47524,-0.882047,0,0,0,95.0974,-33.5909,1.22776
21.8252,0.470938,2.6127,-0.979274,0,0,0,96.1365,-30.4587,1.81367
21.8377,0.431718,2.71867,-1.05632,0,0,0,97.1198,-27.1129,2.40749
21.8502,0.38867,2.79102,-1.11323,0,0,0,98.0156,-23.6004,3.00901
21.8627,0.344236,2.8282,-1.15001,0,0,0,98.798,-19.9732,3.61751
21.8752,0.301035,2.82924,-1.16665,0,0,0,99.4479,-16.2867,4.2318
21.8877,0.261773,2.79379,-1.16299,0,0,0,99.9541,-12.5989,4.85035
21.9002,0.229142,2.72211,-1.13881,0,0,0,100.313,-8.96848,5.47126
21.9127,0.20571,2.61507,-1.09382,0,0,0,100.53,-5.45351,6.0924
21.9252,0.193791,2.47411,-1.0278,0,0,0,100.617,-2.11,6.71142
21.9377,0.195298,2.30114,-0.940731,0,0,0,100.592,1.00947,7.32584
21.9502,0.211584,2.09854,-0.832947,0,0,0,100.478,3.85686,7.93306
21.9627,0.243277,1.86901,-0.705339,0,0,0,100.3,6.38942,8.53045
21.9752,0.290138,1.61557,-0.559506,0,0,0,100.087,8.57026,9.11529
21.9877,0.350962,1.34143,-0.397882,0,0,0,99.8634,10.3686,9.68488
22.0002,0.423552,1.04997,-0.223782,0,0,0,99.6546,11.7597,10.2365
22.0127,0.50479,0.744723,-0.0413588,0,0,0,99.4802,12.7252,10.7673
22.0252,0.590805,0.429323,0.144563,0,0,0,99.3554,13.2522,11.2745
22.0377,0.677258,0.107553,0.328744,0,0,0,99.2887,13.3339,11.7553
22.0502,0.759685,-0.216658,0.505874,0,0,0,99.2825,12.9689,12.2069
22.0627,0.833878,-0.53922,0.670943,0,0,0,99.3319,12.1613,12.6262
22.0752,0.896249,-0.855889,0.819591,0,0,0,99.426,10.9209,13.0105
22.0877,0.94411,-1.1623,0.948391,0,0,0,99.5477,9.26334,13.3567
22.1002,0.975855,-1.45401,1.05501,0,0,0,99.6754,7.20991,13.6621
22.1127,0.990998,-1.72662,1.13825,0,0,0,99.7842,4.78809,13.924
22.1252,0.990113,-1.97586,1.19796,0,0,0,99.8473,2.03139,14.1397
22.1377,0.974661,-2.19769,1.23487,0,0,0,99.8382,-1.02074,14.3069
22.1502,0.946772,-2.38846,1.25035,0,0,0,99.7324,-4.32331,14.4237
22.1627,0.909005,-2.54497,1.24616,0,0,0,99.5088,-7.82638,14.4883
22.1752,0.864125,-2.66456,1.22424,0,0,0,99.1522,-11.476,14.4997
22.1877,0.814915,-2.74522,1.18651,0,0,0,98.6536,-15.2154,14.457
22.2002,0.764021,-2.78557,1.13474,0,0,0,98.0119,-18.9864,14.3602
22.2127,0.713856,-2.7849,1.0705,0,0,0,97.234,-22.7307,14.2094
22.2252,0.666525,-2.74318,0.99511,0,0,0,96.3349,-26.3916,14.0057
22.2377,0.623781,-2.66104,0.909669,0,0,0,95.3371,-29.9154,13.7503
22.2502,0.586998,-2.53973,0.815123,0,0,0,94.2697,-33.2525,13.445
22.2627,0.557149,-2.3811,0.712327,0,0,0,93.1669,-36.3583,13.0918
22.2752,0.53479,-2.18753,0.602131,0,0,0,92.0665,-39.1941,12.6932
22.2877,0.520053,-1.96189,0.485461,0,0,0,91.0079,-41.7269,12.2518
22.3002,0.51264,-1.70752,0.363395,0,0,0,90.0303,-43.9298,11.7702
22.3127,0.511841,-1.42811,0.237203,0,0,0,89.1708,-45.7813,11.2511
22.3252,0.516562,-1.1277,0.108375,0,0,0,88.4627,-47.2651,10.6971
22.3377,0.525387,-0.81059,-0.0214073,0,0,0,87.9338,-48.3689,10.1109
22.3502,0.536664,-0.481323,-0.150317,0,0,0,87.6056,-49.0846,9.49469
22.3627,0.548608,-0.144612,-0.276466,0,0,0,87.4918,-49.4071,8.85079
22.3752,0.559429,0.194706,-0.398015,0,0,0,87.5981,-49.3341,8.1812
22.3877,0.56745,0.531728,-0.513278,0,0,0,87.9216,-48.866,7.48779
22.4002,0.571226,0.861539,-0.620829,0,0,0,88.4514,-48.0059,6.77226
22.4127,0.569627,1.17928,-0.719579,0,0,0,89.1686,-46.7602,6.0362
22.4252,0.561896,1.48023,-0.808821,0,0,0,90.0471,-45.1386,5.28111
22.4377,0.547666,1.75985,-0.888235,0,0,0,91.055,-43.1553,4.50847
22.4502,0.526948,2.0139,-0.957857,0,0,0,92.1559,-40.8293,3.71972
22.4627,0.500087,2.23846,-1.01802,0,0,0,93.3105,-38.1848,2.91632
22.4752,0.467706,2.43007,-1.06929,0,0,0,94.4784,-35.2524,2.09978
22.4877,0.430645,2.58572,-1.11232,0,0,0,95.62,-32.0684,1.27163
22.5002,0.389902,2.70294,-1.14785,0,0,0,96.6987,-28.6753,0.433429
22.5127,0.346578,2.77985,-1.17653,0,0,0,97.6821,-25.1211,-0.413251
22.5252,0.301846,2.81519,-1.19893,0,0,0,98.5441,-21.4582,-1.26688
22.5377,0.256923,2.80831,-1.21545,0,0,0,99.2656,-17.7429,-2.12601
22.5502,0.213048,2.75922,-1.2263,0,0,0,99.8357,-14.0334,-2.98933
22.5627,0.171473,2.66856,-1.23149,0,0,0,100.251,-10.3885,-3.85574
22.5752,0.133437,2.53761,-1.23086,0,0,0,100.517,-6.86615,-4.7244
22.5877,0.100147,2.36825,-1.22408,0,0,0,100.646,-3.522,-5.59479
22.6002,0.0727241,2.16293,-1.21076,0,0,0,100.655,-0.407871,-6.46676
22.6127,0.0521536,1.92464,-1.19052,0,0,0,100.567,2.42913,-7.34055
22.6252,0.0392077,1.65684,-1.16307,0,0,0,100.408,4.94746,-8.21686
22.6377,0.0343678,1.36344,-1.12834,0,0,0,100.202,7.11161,-9.09678
22.6502,0.0377523,1.04868,-1.08656,0,0,0,99.9763,8.89241,-9.98182
22.6627,0.0490674,0.717085,-1.03834,0,0,0,99.7518,10.267,-10.8739
22.6752,0.0675945,0.373417,-0.984715,0,0,0,99.5471,11.2189,-11.7751
22.6877,0.0922262,0.0225704,-0.92709,0,0,0,99.3752,11.7376,-12.6879
22.7002,0.121552,-0.330478,-0.8672,0,0,0,99.2428,11.8186,-13.615
22.7127,0.153983,-0.680741,-0.806976,0,0,0,99.1503,11.4633,-14.559
22.7252,0.187906,-1.02328,-0.7484,0,0,0,99.0914,10.6788,-15.5224
22.7377,0.221827,-1.35328,-0.693362,0,0,0,99.0539,9.47812,-16.5077
22.7502,0.254501,-1.66608,-0.64353,0,0,0,99.02,7.88019,-17.5172
22.7627,0.285015,-1.95727,-0.600261,0,0,0,98.9679,5.90992,-18.5526
22.7752,0.312833,-2.2227,-0.56456,0,0,0,98.8734,3.59826,-19.6153
22.7877,0.337784,-2.45858,-0.537069,0,0,0,98.7107,0.982102,-20.7062
22.8002,0.360024,-2.66153,-0.518105,0,0,0,98.4553,-1.89603,-21.8256
22.8127,0.379968,-2.82858,-0.507707,0,0,0,98.0848,-4.98852,-22.9731
22.8252,0.39821,-2.95728,-0.505696,0,0,0,97.5814,-8.24343,-24.1478
22.8377,0.415444,-3.0457,-0.511725,0,0,0,96.9325,-11.6056,-25.3482
22.8502,0.432389,-3.09247,-0.525325,0,0,0,96.1325,-15.0179,-26.5724
22.8627,0.449717,-3.09679,-0.545931,0,0,0,95.1833,-18.4228,-27.8178
22.8752,0.467994,-3.05848,-0.572896,0,0,0,94.0942,-21.7634,-29.0817
22.8877,0.487637,-2.97792,-0.60548,0,0,0,92.882,-24.9858,-30.3611
22.9002,0.508863,-2.85612,-0.642849,0,0,0,91.5703,-28.0394,-31.6529
22.9127,0.53167,-2.69466,-0.68405,0,0,0,90.188,-30.8788,-32.9539
22.9252,0.55581,-2.49567,-0.728,0,0,0,88.7681,-33.4641,-34.2611
22.9377,0.580791,-2.26185,-0.773478,0,0,0,87.346,-35.7616,-35.5717
22.9503,0.605889,-1.99638,-0.819137,0,0,0,85.9576,-37.7439,-36.8832
22.9628,0.63019,-1.70291,-0.863536,0,0,0,84.6375,-39.3898,-38.1934
22.9753,0.652646,-1.38554,-0.905186,0,0,0,83.4175,-40.6835,-39.5002
22.9878,0.672159,-1.04869,-0.942636,0,0,0,82.3249,-41.6147,-40.8022
23.0003,0.687676,-0.697143,-0.974554,0,0,0,81.3811,-42.1771,-42.098
23.0128,0.698285,-0.33588,-0.999831,0,0,0,80.6013,-42.3688,-43.3866
23.0253,0.70331,0.0299313,-1.01766,0,0,0,79.993,-42.1908,-44.667
23.0378,0.702375,0.395046,-1.02761,0,0,0,79.5565,-41.6473,-45.9384
23.0503,0.695437,0.754217,-1.02966,0,0,0,79.2844,-40.7453,-47.1999
23.0628,0.682785,1.10228,-1.02416,0,0,0,79.1623,-39.4945,-48.4507
23.0753,0.664999,1.43425,-1.01185,0,0,0,79.1695,-37.9078,-49.6898
23.0878,0.642877,1.74537,-0.993729,0,0,0,79.2796,-36.0014,-50.9158
23.1003,0.617354,2.03123,-0.971013,0,0,0,79.4625,-33.7955,-52.1272
23.1128,0.589406,2.28778,-0.945008,0,0,0,79.6852,-31.3141,-53.3223
23.1253,0.559974,2.51144,-0.917045,0,0,0,79.9134,-28.5858,-54.4992
23.1378,0.52989,2.6991,-0.888405,0,0,0,80.1139,-25.6438,-55.6554
23.1503,0.499838,2.84818,-0.860266,0,0,0,80.2555,-22.5254,-56.7888
23.1628,0.470324,2.95668,-0.833684,0,0,0,80.3107,-19.2719,-57.8967
23.1753,0.441675,3.02318,-0.809565,0,0,0,80.2575,-15.9278,-58.9767
23.1878,0.414045,3.04683,-0.788671,0,0,0,80.0799,-12.5398,-60.0263
23.2003,0.387443,3.02742,-0.771624,0,0,0,79.7689,-9.15568,-61.0436
23.2128,0.361764,2.96534,-0.758907,0,0,0,79.3226,-5.82293,-62.0264
23.2253,0.336828,2.86158,-0.750872,0,0,0,78.7463,-2.58765,-62.9733
23.2378,0.31243,2.7177,-0.747732,0,0,0,78.0516,0.506821,-63.8833
23.2503,0.288382,2.53583,-0.749562,0,0,0,77.2559,3.42091,-64.7557
23.2628,0.264566,2.31863,-0.756274,0,0,0,76.3807,6.11966,-65.5906
23.2753,0.240975,2.06924,-0.767615,0,0,0,75.4504,8.57325,-66.3884
23.2878,0.217749,1.79127,-0.783147,0,0,0,74.4912,10.7574,-67.15
23.3003,0.195198,1.4887,-0.80225,0,0,0,73.5289,12.6532,-67.877
23.3128,0.173799,1.16587,-0.824137,0,0,0,72.5878,14.2473,-68.5712
23.3253,0.154179,0.827405,-0.847882,0,0,0,71.6895,15.5312,-69.2348
23.3378,0.137068,0.478137,-0.872477,0,0,0,70.8519,16.501,-69.8702
23.3503,0.123235,0.123064,-0.8969,0,0,0,70.0883,17.157,-70.4801
23.3628,0.113414,-0.232734,-0.920187,0,0,0,69.4068,17.5032,-71.0671
23.3753,0.108232,-0.584156,-0.941506,0,0,0,68.8105,17.5471,-71.6339
23.3878,0.108148,-0.926162,-0.960213,0,0,0,68.2973,17.2994,-72.1833
23.4003,0.113415,-1.25384,-0.975879,0,0,0,67.8602,16.7736,-72.7175
23.4128,0.124066,-1.56247,-0.988294,0,0,0,67.4882,15.9867,-73.2388
23.4253,0.139926,-1.8476,-0.997438,0,0,0,67.1671,14.9582,-73.7493
23.4378,0.160642,-2.10514,-1.00344,0,0,0,66.88,13.711,-74.2506
23.4503,0.185718,-2.33135,-1.0065,0,0,0,66.6092,12.271,-74.7441
23.4628,0.214555,-2.523,-1.00686,0,0,0,66.3367,10.6668,-75.2307
23.4753,0.246485,-2.67731,-1.0047,0,0,0,66.0457,8.92991,-75.7112
23.4878,0.280797,-2.79208,-1.00012,0,0,0,65.7215,7.09406,-76.186
23.5003,0.316745,-2.86567,-0.993101,0,0,0,65.3524,5.19474,-76.655
23.5128,0.353558,-2.89705,-0.983447,0,0,0,64.9309,3.26853,-77.1182
23.5253,0.390435,-2.88583,-0.970811,0,0,0,64.4532,1.35233,-77.575
23.5378,0.426549,-2.83223,-0.954676,0,0,0,63.9202,-0.517455,-78.0249
23.5503,0.461044,-2.7371,-0.934379,0,0,0,63.337,-2.30576,-78.467
23.5628,0.493053,-2.60191,-0.909136,0,0,0,62.7127,-3.9796,-78.9004
23.5753,0.521719,-2.42874,-0.87809,0,0,0,62.0593,-5.50876,-79.3242
23.5878,0.54623,-2.22022,-0.840371,0,0,0,61.3914,-6.86624,-79.7372
23.6003,0.565881,-1.97951,-0.795165,0,0,0,60.7247,-8.02866,-80.1384
23.6128,0.580126,-1.71022,-0.7418,0,0,0,60.0752,-8.97635,-80.5267
23.6253,0.588651,-1.41641,-0.679825,0,0,0,59.4583,-9.69339,-80.9008
23.6378,0.591431,-1.10243,-0.609078,0,0,0,58.8874,-10.1675,-81.2595
23.6503,0.588778,-0.772941,-0.529747,0,0,0,58.3733,-10.3899,-81.6017
23.6628,0.581356,-0.432772,-0.442395,0,0,0,57.9234,-10.355,-81.9261
23.6753,0.57017,-0.0868798,-0.347946,0,0,0,57.5414,-10.0603,-82.2314
23.6878,0.556513,0.259733,-0.247646,0,0,0,57.2268,-9.50612,-82.5163
23.7003,0.541888,0.602086,-0.142981,0,0,0,56.975,-8.69559,-82.7793
23.7128,0.527899,0.935284,-0.0355841,0,0,0,56.7775,-7.63467,-83.019
23.7253,0.51614,1.25458,0.0728752,0,0,0,56.6222,-6.33221,-83.2341
23.7378,0.508084,1.55542,0.180783,0,0,0,56.4942,-4.80004,-83.423
23.7503,0.504983,1.83352,0.286664,0,0,0,56.3764,-3.05308,-83.5844
23.7628,0.5078,2.08489,0.389221,0,0,0,56.251,-1.10948,-83.7168
23.7753,0.517158,2.3059,0.487357,0,0,0,56.0998,1.00941,-83.8192
23.7878,0.533314,2.49335,0.580149,0,0,0,55.906,3.27918,-83.8902
23.8003,0.556151,2.64449,0.666809,0,0,0,55.655,5.67258,-83.9291
23.8128,0.585188,2.75709,0.746619,0,0,0,55.3355,8.16004,-83.9352
23.8253,0.619588,2.82945,0.818858,0,0,0,54.9402,10.7102,-83.908
23.8378,0.658176,2.8605,0.882727,0,0,0,54.4669,13.2907,-83.8474
23.8503,0.699454,2.84977,0.93729,0,0,0,53.9183,15.8691,-83.7536
23.8628,0.741636,2.79743,0.981424,0,0,0,53.3025,18.4135,-83.627
23.8753,0.78268,2.70433,1.01381,0,0,0,52.6328,20.8937,-83.4684
23.8878,0.820349,2.57194,1.03294,0,0,0,51.927,23.2816,-83.2785
23.9003,0.852307,2.40238,1.03719,0,0,0,51.2069,25.552,-83.0588
23.9128,0.876243,2.19836,1.02496,0,0,0,50.4972,27.6829,-82.8103
23.9253,0.890028,1.9631,0.994768,0,0,0,49.8246,29.6559,-82.5346
23.9378,0.891912,1.70031,0.945499,0,0,0,49.2165,31.4555,-82.233
23.9503,0.880721,1.41407,0.876592,0,0,0,48.6999,33.0696,-81.907
23.9628,0.856038,1.10872,0.788229,0,0,0,48.3002,34.4887,-81.558
23.9753,0.818337,0.788784,0.681484,0,0,0,48.0406,35.7054,-81.1873
23.9878,0.769031,0.458859,0.558377,0,0,0,47.9405,36.714,-80.7958
24.0003,0.710421,0.123538,0.421838,0,0,0,48.0154,37.5102,-80.3848
24.0128,0.645534,-0.212658,0.275546,0,0,0,48.276,38.0901,-79.9549
24.0253,0.577875,-0.545318,0.123695,0,0,0,48.7279,38.4509,-79.5068
24.0378,0.511115,-0.870172,-0.0293088,0,0,0,49.3712,38.5901,-79.041
24.0503,0.44878,-1.1831,-0.179155,0,0,0,50.2006,38.5059,-78.5581
24.0628,0.393954,-1.48016,-0.321905,0,0,0,51.2055,38.1975,-78.0581
24.0753,0.349073,-1.75759,-0.454191,0,0,0,52.3707,37.6659,-77.5414
24.0878,0.315783,-2.01182,-0.573335,0,0,0,53.676,36.9139,-77.0082
24.1003,0.294904,-2.23955,-0.677365,0,0,0,55.0982,35.9474,-76.4587
24.1128,0.286461,-2.43779,-0.764959,0,0,0,56.6109,34.7757,-75.893
24.1253,0.289772,-2.60389,-0.835335,0,0,0,58.1864,33.4121,-75.3114
24.1378,0.303568,-2.73566,-0.888105,0,0,0,59.7963,31.8743,-74.7143
24.1503,0.326122,-2.83136,-0.923128,0,0,0,61.4129,30.1848,-74.1019
24.1628,0.355383,-2.88982,-0.940378,0,0,0,63.0106,28.3705,-73.4745
24.1753,0.389086,-2.91045,-0.939834,0,0,0,64.5664,26.4628,-72.8328
24.1878,0.42486,-2.89325,-0.921416,0,0,0,66.0615,24.4968,-72.1768
24.2003,0.46032,-2.83885,-0.884954,0,0,0,67.4814,22.5106,-71.5072
24.2128,0.493154,-2.74847,-0.830204,0,0,0,68.8162,20.5443,-70.824
24.2253,0.521217,-2.62392,-0.756893,0,0,0,70.061,18.6392,-70.1274
24.2378,0.542617,-2.46754,-0.664806,0,0,0,71.2153,16.8365,-69.4174
24.2503,0.555817,-2.28211,-0.553891,0,0,0,72.2826,15.1766,-68.6937
24.2628,0.55973,-2.07083,-0.42438,0,0,0,73.269,13.6977,-67.9559
24.2753,0.553808,-1.8372,-0.276904,0,0,0,74.1829,12.4353,-67.2034
24.2878,0.538114,-1.58495,-0.112594,0,0,0,75.0333,11.4216,-66.4352
24.3003,0.513359,-1.31797,0.0668484,0,0,0,75.8289,10.6849,-65.6502
24.3128,0.4809,-1.04021,0.259134,0,0,0,76.5766,10.2488,-64.8471
24.3253,0.442678,-0.755663,0.461416,0,0,0,77.2812,10.1325,-64.0244
24.3378,0.401115,-0.468325,0.670381,0,0,0,77.9439,10.3498,-63.1805
24.3503,0.358951,-0.182145,0.882388,0,0,0,78.5625,10.9096,-62.314
24.3628,0.319052,0.0989631,1.09364,0,0,0,79.1307,11.8149,-61.4232
24.3753,0.284206,0.37114,1.30038,0,0,0,79.6385,13.0631,-60.5067
24.3878,0.256923,0.630589,1.49904,0,0,0,80.0726,14.6455,-59.5634
24.4003,0.239257,0.873597,1.68641,0,0,0,80.4173,16.5474,-58.5923
24.4128,0.232676,1.09657,1.85975,0,0,0,80.6554,18.7478,-57.5929
24.4253,0.23798,1.2961,2.0168,0,0,0,80.7697,21.2196,-56.5649
24.4378,0.255269,1.469,2.15578,0,0,0,80.7443,23.9302,-55.5086
24.4503,0.283964,1.61242,2.27534,0,0,0,80.5659,26.8417,-54.4249
24.4628,0.32286,1.72393,2.37447,0,0,0,80.2256,29.9117,-53.3148
24.4753,0.370212,1.80157,2.45239,0,0,0,79.7198,33.0947,-52.18
24.4878,0.423833,1.84396,2.50843,0,0,0,79.0514,36.3427,-51.0224
24.5003,0.481217,1.85036,2.54199,0,0,0,78.2303,39.6075,-49.8444
24.5128,0.539652,1.82068,2.55242,0,0,0,77.2735,42.841,-48.6482
24.5253,0.596357,1.75554,2.53906,0,0,0,76.2052,45.9974,-47.4366
24.5378,0.648613,1.65625,2.50126,0,0,0,75.056,49.034,-46.2119
24.5503,0.693908,1.52475,2.43844,0,0,0,73.8618,51.9124,-44.9766
24.5628,0.73008,1.36357,2.35021,0,0,0,72.6626,54.599,-43.7328
24.5753,0.75546,1.17574,2.23649,0,0,0,71.5009,57.0652,-42.4823
24.5879,0.768998,0.964678,2.09766,0,0,0,70.4203,59.2877,-41.2265
24.6004,0.77036,0.734091,1.93468,0,0,0,69.4632,61.2481,-39.9665
24.6129,0.759983,0.487845,1.74913,0,0,0,68.6697,62.9322,-38.7027
24.6254,0.739078,0.229868,1.54332,0,0,0,68.076,64.329,-37.4354
24.6379,0.709571,-0.03594,1.3202,0,0,0,67.7129,65.4306,-36.1642
24.6504,0.67398,-0.305769,1.0833,0,0,0,67.6046,66.2306,-34.8887
24.6629,0.635252,-0.575938,0.836578,0,0,0,67.7681,66.7241,-33.6078
24.6754,0.59655,-0.842905,0.58424,0,0,0,68.2124,66.9069,-32.3208
24.6879,0.561043,-1.10327,0.33056,0,0,0,68.9382,66.7751,-31.0266
24.7004,0.531686,-1.35375,0.0796884,0,0,0,69.9379,66.326,-29.7243
24.7129,0.511037,-1.59119,-0.164509,0,0,0,71.1955,65.5575,-28.4132
24.7254,0.501101,-1.81255,-0.398559,0,0,0,72.6872,64.4695,-27.0928
24.7379,0.503228,-2.01489,-0.619441,0,0,0,74.3825,63.0646,-25.7632
24.7504,0.518049,-2.19546,-0.8246,0,0,0,76.2447,61.3489,-24.4247
24.7629,0.545454,-2.35174,-1.0119,0,0,0,78.2327,59.3331,-23.0781
24.7754,0.584612,-2.48145,-1.17955,0,0,0,80.3022,57.0335,-21.725
24.7879,0.634005,-2.58273,-1.326,0,0,0,82.4077,54.4728,-20.367
24.8004,0.691484,-2.65414,-1.44981,0,0,0,84.5042,51.6802,-19.0066
24.8129,0.754344,-2.69478,-1.54958,0,0,0,86.5489,48.6916,-17.6463
24.8254,0.819399,-2.70432,-1.62381,0,0,0,88.5034,45.5496,-16.2891
24.8379,0.883084,-2.6831,-1.67092,0,0,0,90.3345,42.3022,-14.9381
24.8504,0.941565,-2.63209,-1.68916,0,0,0,92.0161,39.0021,-13.5963
24.8629,0.990876,-2.5529,-1.67674,0,0,0,93.5292,35.7052,-12.2667
24.8754,1.02708,-2.44773,-1.63188,0,0,0,94.8628,32.4692,-10.9521
24.8879,1.04649,-2.31926,-1.55297,0,0,0,96.0131,29.3517,-9.6549
24.9004,1.04582,-2.17054,-1.4388,0,0,0,96.9834,26.4088,-8.37719
24.9129,1.02248,-2.00483,-1.28877,0,0,0,97.7826,23.6937,-7.12047
24.9254,0.974758,-1.82544,-1.10308,0,0,0,98.4238,21.2552,-5.88579
24.9379,0.902003,-1.63555,-0.882975,0,0,0,98.923,19.1366,-4.67365
24.9504,0.804765,-1.43805,-0.630868,0,0,0,99.297,17.3754,-3.48404
24.9629,0.68485,-1.23547,-0.350403,0,0,0,99.562,16.0021,-2.31652
24.9754,0.545299,-1.02989,-0.046439,0,0,0,99.7323,15.0404,-1.17023
24.9879,0.390271,-0.822939,0.275057,0,0,0,99.8184,14.5066,-0.0440126
25.0004,0.224856,-0.615903,0.607213,0,0,0,99.8268,14.4097,1.06353
25.0129,0.0548035,-0.409803,0.942519,0,0,0,99.7592,14.7512,2.1539
25.0254,-0.113784,-0.205577,1.27315,0,0,0,99.6124,15.5254,3.22865
25.0379,-0.274803,-0.00424311,1.59133,0,0,0,99.3784,16.7192,4.28926
25.0504,-0.422503,0.192932,1.88968,0,0,0,99.0458,18.3121,5.33706
25.0629,-0.551821,0.38432,2.16157,0,0,0,98.6002,20.2768,6.3732
25.0754,-0.658673,0.567861,2.40137,0,0,0,98.0259,22.5791,7.39854
25.0879,-0.740166,0.741061,2.60471,0,0,0,97.3076,25.1783,8.41367
25.1004,-0.794723,0.901072,2.76856,0,0,0,96.4317,28.0284,9.41888
25.1129,-0.822098,1.04481,2.89125,0,0,0,95.3883,31.0784,10.4142
25.1254,-0.823285,1.16914,2.97234,0,0,0,94.1727,34.2741,11.3992
25.1379,-0.800341,1.27105,3.0125,0,0,0,92.7864,37.5588,12.3735
25.1504,-0.756149,1.34786,3.01321,0,0,0,91.2381,40.8754,13.3364
25.1629,-0.694136,1.39735,2.97657,0,0,0,89.544,44.1678,14.287
25.1754,-0.618003,1.41796,2.90501,0,0,0,87.7281,47.3821,15.2244
25.1879,-0.531468,1.40881,2.80112,0,0,0,85.8213,50.4687,16.1477
25.2004,-0.438042,1.36976,2.6675,0,0,0,83.8605,53.3828,17.056
25.2129,-0.340862,1.30144,2.50665,0,0,0,81.8875,56.0858,17.9485
25.2254,-0.242563,1.2052,2.32096,0,0,0,79.9471,58.5453,18.8244
25.2379,-0.145193,1.08302,2.11269,0,0,0,78.0856,60.7355,19.6831
25.2504,-0.0501764,0.937474,1.88407,0,0,0,76.3486,62.6368,20.5241
25.2629,0.0416971,0.77161,1.63727,0,0,0,74.7797,64.2352,21.3469
25.2754,0.130244,0.588868,1.37452,0,0,0,73.4184,65.5212,22.1513
25.2879,0.215834,0.392985,1.09812,0,0,0,72.299,66.4895,22.9367
25.3004,0.299307,0.187913,0.810483,0,0,0,71.449,67.137,23.7027
25.3129,0.381871,-0.0222603,0.514141,0,0,0,70.8887,67.4629,24.4488
25.3254,0.464979,-0.233376,0.211721,0,0,0,70.6303,67.4673,25.1743
25.3379,0.55019,-0.441266,-0.0940618,0,0,0,70.6772,67.1509,25.8783
25.3504,0.639026,-0.641808,-0.400439,0,0,0,71.0246,66.515,26.5597
25.3629,0.732819,-0.830984,-0.704606,0,0,0,71.659,65.5614,27.217
25.3754,0.832575,-1.00494,-1.00374,0,0,0,72.5592,64.293,27.8486
25.3879,0.938831,-1.16008,-1.29496,0,0,0,73.6968,62.7144,28.4525
25.4004,1.05154,-1.29311,-1.57535,0,0,0,75.0371,60.8327,29.0265
25.4129,1.16998,-1.40115,-1.84185,0,0,0,76.5405,58.6589,29.5682
25.4254,1.29266,-1.48188,-2.09121,0,0,0,78.164,56.208,30.075
25.4379,1.41729,-1.53357,-2.31995,0,0,0,79.8628,53.5006,30.5443
25.4504,1.5408,-1.55528,-2.52428,0,0,0,81.5919,50.563,30.9735
25.4629,1.65936,-1.54689,-2.7001,0,0,0,83.3084,47.4277,31.3603
25.4754,1.76856,-1.50919,-2.84308,0,0,0,84.9726,44.1329,31.7022
25.4879,1.86353,-1.44392,-2.94873,0,0,0,86.55,40.7225,31.9974
25.5004,1.9393,-1.35374,-3.01266,0,0,0,88.0124,37.245,32.2443
25.5129,1.99107,-1.24211,-3.03087,0,0,0,89.3388,33.7524,32.4418
25.5254,2.01462,-1.11317,-3.00005,0,0,0,90.5158,30.2988,32.5893
25.5379,2.00667,-0.971488,-2.91794,0,0,0,91.5378,26.9389,32.6865
25.5504,1.96518,-0.821751,-2.78364,0,0,0,92.4063,23.7267,32.7339
25.5629,1.88958,-0.668499,-2.59783,0,0,0,93.1292,20.7138,32.7325
25.5754,1.78087,-0.515814,-2.36286,0,0,0,93.7194,17.9483,32.6834
25.5879,1.64149,-0.367063,-2.08267,0,0,0,94.1931,15.4739,32.5886
25.6004,1.47521,-0.224729,-1.76265,0,0,0,94.5689,13.3288,32.4499
25.6129,1.28681,-0.0903272,-1.40933,0,0,0,94.8651,11.5456,32.27
25.6254,1.08176,0.0355854,-1.0301,0,0,0,95.099,10.1503,32.0514
25.6379,0.865933,0.153304,-0.632861,0,0,0,95.2849,9.1627,31.7968
25.6504,0.645299,0.263799,-0.225762,0,0,0,95.4333,8.59619,31.5093
25.6629,0.42573,0.368494,0.183075,0,0,0,95.55,8.45749,31.1918
25.6754,0.21281,0.469009,0.585737,0,0,0,95.6356,8.74687,30.8474
25.6879,0.0117113,0.566922,0.974692,0,0,0,95.6857,9.45807,30.4792
25.7004,-0.172917,0.663535,1.34292,0,0,0,95.691,10.5783,30.0904
25.7129,-0.337043,0.759695,1.68404,0,0,0,95.6386,12.0882,29.684
25.7254,-0.477345,0.855661,1.99243,0,0,0,95.5124,13.9621,29.2632
25.7379,-0.591306,0.951043,2.26334,0,0,0,95.2951,16.1678,28.8309
25.7504,-0.677289,1.04481,2.49295,0,0,0,94.9693,18.6675,28.3904
25.7629,-0.734596,1.13534,2.67849,0,0,0,94.5195,21.4176,27.9444
25.7754,-0.763478,1.22057,2.81819,0,0,0,93.9335,24.3704,27.4959
25.7879,-0.765104,1.29818,2.91133,0,0,0,93.2039,27.474,27.0476
25.8004,-0.741472,1.36572,2.95806,0,0,0,92.3294,30.6744,26.6019
25.8129,-0.695274,1.42089,2.95937,0,0,0,91.3156,33.9167,26.161
25.8254,-0.62972,1.46167,2.9169,0,0,0,90.1751,37.1462,25.7269
25.8379,-0.548346,1.4865,2.83278,0,0,0,88.9283,40.3101,25.3011
25.8504,-0.454815,1.49437,2.7095,0,0,0,87.6021,43.3588,24.8847
25.8629,-0.352735,1.48491,2.54981,0,0,0,86.2291,46.2471,24.4783
25.8754,-0.245498,1.45839,2.35656,0,0,0,84.8469,48.9347,24.082
25.8879,-0.136159,1.4157,2.13275,0,0,0,83.4959,51.387,23.6952
25.9004,-0.0273447,1.3583,1.88143,0,0,0,82.218,53.5752,23.3169
25.9129,0.0787942,1.28812,1.60575,0,0,0,81.0545,55.4759,22.9454
25.9254,0.1806,1.2075,1.309,0,0,0,80.0447,57.0708,22.5784
25.9379,0.276894,1.11901,0.994597,0,0,0,79.2238,58.3461,22.2132
25.9504,0.366929,1.02538,0.666142,0,0,0,78.6221,59.2915,21.8465
25.9629,0.45033,0.929431,0.327438,0,0,0,78.2632,59.8996,21.4745
25.9754,0.527018,0.833894,-0.017514,0,0,0,78.1632,60.1652,21.0931
25.9879,0.597114,0.741395,-0.364526,0,0,0,78.3303,60.0849,20.698
26.0004,0.660859,0.654353,-0.709254,0,0,0,78.7643,59.6566,20.2846
26.0129,0.71852,0.574929,-1.04724,0,0,0,79.4564,58.88,19.8482
26.0254,0.770324,0.504969,-1.37398,0,0,0,80.3896,57.7562,19.3842
26.0379,0.816396,0.445968,-1.68496,0,0,0,81.5394,56.2891,18.888
26.0504,0.856727,0.399037,-1.97579,0,0,0,82.8744,54.4855,18.3554
26.0629,0.891156,0.364882,-2.24222,0,0,0,84.3575,52.3564,17.7826
26.0754,0.919394,0.343789,-2.48025,0,0,0,85.9478,49.9175,17.1662
26.0879,0.941052,0.335628,-2.68621,0,0,0,87.6015,47.1902,16.5034
26.1004,0.955701,0.339866,-2.85684,0,0,0,89.2746,44.2023,15.792
26.1129,0.962944,0.3556,-2.98935,0,0,0,90.924,40.9877,15.0307
26.1254,0.962489,0.381601,-3.08154,0,0,0,92.5097,37.5871,14.2188
26.1379,0.954219,0.416384,-3.13177,0,0,0,93.9967,34.0467,13.3565
26.1504,0.938262,0.458282,-3.1391,0,0,0,95.3562,30.4182,12.4446
26.1629,0.915026,0.50553,-3.10324,0,0,0,96.5667,26.757,11.485
26.1754,0.885222,0.556354,-3.0246,0,0,0,97.6146,23.121,10.4797
26.1879,0.84986,0.609056,-2.90427,0,0,0,98.4946,19.5692,9.43169
26.2004,0.81022,0.662073,-2.74398,0,0,0,99.2091,16.1597,8.34426
26.2129,0.767801,0.714043,-2.54607,0,0,0,99.7674,12.9486,7.22108
26.2255,0.724253,0.76383,-2.31342,0,0,0,100.184,9.9885,6.06608
26.238,0.681307,0.810532,-2.04939,0,0,0,100.479,7.32726,4.88334
26.2505,0.640693,0.85347,-1.75777,0,0,0,100.674,5.0072,3.67701
26.263,0.604066,0.892161,-1.44266,0,0,0,100.789,3.06452,2.45125
26.2755,0.572936,0.926272,-1.10847,0,0,0,100.847,1.5289,1.21018
26.288,0.54861,0.955574,-0.759806,0,0,0,100.866,0.42335,-0.0421441
26.3005,0.532139,0.979896,-0.401411,0,0,0,100.858,-0.235849,-1.30173
26.313,0.524282,0.99908,-0.0381266,0,0,0,100.833,-0.439131,-2.56463
26.3255,0.525475,1.01296,0.325174,0,0,0,100.794,-0.183594,-3.82695
26.338,0.535814,1.02133,0.683641,0,0,0,100.737,0.52701,-5.08477
26.3505,0.555044,1.02397,1.0325,0,0,0,100.653,1.68228,-6.33416
26.363,0.582563,1.02066,1.36708,0,0,0,100.528,3.26511,-7.57113
26.3755,0.617436,1.01122,1.6829,0,0,0,100.344,5.25173,-8.79163
26.388,0.658419,0.995531,1.97569,0,0,0,100.079,7.61172,-9.99154
26.4005,0.704001,0.973641,2.24142,0,0,0,99.7121,10.3082,-11.1667
26.413,0.752458,0.945777,2.47639,0,0,0,99.2213,13.2984,-12.3131
26.4255,0.80192,0.912414,2.67726,0,0,0,98.5878,16.534,-13.4265
26.438,0.85045,0.874306,2.84112,0,0,0,97.797,19.9621,-14.5031
26.4505,0.896129,0.8325,2.96552,0,0,0,96.8402,23.5266,-15.5392
26.463,0.937142,0.788326,3.04856,0,0,0,95.7156,27.1694,-16.5317
26.4755,0.97186,0.743365,3.08893,0,0,0,94.4291,30.8318,-17.4777
26.488,0.998904,0.699389,3.08596,0,0,0,92.9949,34.4563,-18.375
26.5005,1.0172,0.65828,3.03965,0,0,0,91.4351,37.9883,-19.2221
26.513,1.02599,0.621937,2.95067,0,0,0,89.7791,41.3771,-20.0181
26.5255,1.02483,0.592173,2.82039,0,0,0,88.0623,44.577,-20.7628
26.538,1.01359,0.570619,2.65082,0,0,0,86.3249,47.5489,-21.4572
26.5505,0.992365,0.558626,2.44458,0,0,0,84.6103,50.2596,-22.1025
26.563,0.961418,0.557193,2.20483,0,0,0,82.9626,52.6827,-22.701
26.5755,0.921136,0.566908,1.93521,0,0,0,81.4254,54.798,-23.2555
26.588,0.871944,0.587906,1.63972,0,0,0,80.0398,56.5908,-23.7695
26.6005,0.814262,0.619861,1.32265,0,0,0,78.8425,58.0513,-24.2469
26.613,0.748465,0.661984,0.98851,0,0,0,77.8648,59.1735,-24.6919
26.6255,0.674875,0.713043,0.641905,0,0,0,77.1309,59.9546,-25.109
26.638,0.593774,0.77141,0.287493,0,0,0,76.6578,60.3939,-25.5029
26.6505,0.505439,0.835102,-0.0700975,0,0,0,76.454,60.4926,-25.8783
26.663,0.410193,0.901855,-0.426318,0,0,0,76.5198,60.253,-26.2398
26.6755,0.308482,0.9692,-0.776738,0,0,0,76.8472,59.679,-26.5916
26.688,0.200943,1.03455,-1.11707,0,0,0,77.4199,58.776,-26.938
26.7005,0.0884835,1.09532,-1.44318,0,0,0,78.2147,57.5513,-27.2826
26.713,-0.0276504,1.14899,-1.75109,0,0,0,79.2016,56.015,-27.6288
26.7255,-0.145823,1.19329,-2.03694,0,0,0,80.3456,54.1807,-27.9792
26.738,-0.263979,1.22624,-2.29703,0,0,0,81.608,52.0662,-28.3363
26.7505,-0.379644,1.24633,-2.52775,0,0,0,82.9475,49.6943,-28.7015
26.763,-0.48996,1.25254,-2.72561,0,0,0,84.3227,47.093,-29.076
26.7755,-0.591759,1.24449,-2.88729,0,0,0,85.6933,44.2962,-29.4604
26.788,-0.681674,1.2224,-3.00966,0,0,0,87.0219,41.343,-29.8546
26.8005,-0.756282,1.18714,-3.08989,0,0,0,88.2756,38.2777,-30.258
26.813,-0.812277,1.14015,-3.12556,0,0,0,89.4274,35.1488,-30.6696
26.8255,-0.84665,1.08335,-3.11478,0,0,0,90.4566,32.008,-31.0877
26.838,-0.856866,1.019,-3.05634,0,0,0,91.3497,28.9087,-31.5107
26.8505,-0.841017,0.949535,-2.94985,0,0,0,92.1005,25.905,-31.9362
26.863,-0.79794,0.877328,-2.79581,0,0,0,92.7093,23.0498,-32.3617
26.8755,-0.727273,0.80454,-2.59565,0,0,0,93.1823,20.394,-32.7847
26.888,-0.62947,0.73291,-2.35179,0,0,0,93.5306,17.9847,-33.2023
26.9005,-0.505767,0.663618,-2.06755,0,0,0,93.7684,15.8645,-33.6115
26.913,-0.358105,0.597185,-1.7471,0,0,0,93.9117,14.0709,-34.0094
26.9255,-0.189044,0.533432,-1.39534,0,0,0,93.9766,12.6354,-34.3929
26.938,-0.00167671,0.471502,-1.01781,0,0,0,93.9779,11.5832,-34.7588
26.9505,0.200442,0.409944,-0.620598,0,0,0,93.9277,10.9332,-35.1041
26.963,0.413352,0.346847,-0.210241,0,0,0,93.834,10.6978,-35.4258
26.9755,0.632717,0.280026,0.20634,0,0,0,93.7008,10.8828,-35.7206
26.988,0.853856,0.20724,0.62191,0,0,0,93.5269,11.4876,-35.9856
27.0005,1.07178,0.126425,1.029,0,0,0,93.3061,12.505,-36.2178
27.013,1.28128,0.0359453,1.42003,0,0,0,93.0281,13.9212,-36.4143
27.0255,1.47702,-0.0651859,1.78744,0,0,0,92.6789,15.7161,-36.5724
27.038,1.65378,-0.177111,2.12394,0,0,0,92.242,17.8632,-36.6895
27.0505,1.80668,-0.298994,2.42277,0,0,0,91.6996,20.3297,-36.7633
27.063,1.93151,-0.42897,2.67799,0,0,0,91.0348,23.0773,-36.7919
27.0755,2.025,-0.564176,2.88482,0,0,0,90.2323,26.0623,-36.7735
27.088,2.08513,-0.700886,3.03987,0,0,0,89.281,29.2369,-36.7069
27.1005,2.11131,-0.834731,3.14131,0,0,0,88.1747,32.5499,-36.5914
27.113,2.10442,-0.960978,3.18896,0,0,0,86.9135,35.9482,-36.4267
27.1255,2.06671,-1.07485,3.18413,0,0,0,85.5049,39.378,-36.213
27.138,2.00163,-1.17182,3.12946,0,0,0,83.9638,42.7866,-35.951
27.1505,1.91345,-1.24792,3.0286,0,0,0,82.3126,46.1236,-35.642
27.163,1.80694,-1.29993,2.88584,0,0,0,80.581,49.3422,-35.2877
27.1755,1.68695,-1.32551,2.70585,0,0,0,78.8044,52.4005,-34.8899
27.188,1.55817,-1.32332,2.49335,0,0,0,77.0233,55.2621,-34.451
27.2005,1.42477,-1.29295,2.25295,0,0,0,75.2812,57.8966,-33.9734
27.213,1.2903,-1.23492,1.98902,0,0,0,73.6234,60.2796,-33.4598
27.2255,1.15752,-1.15058,1.70561,0,0,0,72.0948,62.3926,-32.9126
27.238,1.02843,-1.04197,1.40652,0,0,0,70.7383,64.2219,-32.3345
27.2505,0.904219,-0.911754,1.09527,0,0,0,69.5932,65.7581,-31.7276
27.263,0.785396,-0.76305,0.775195,0,0,0,68.6939,66.9953,-31.0942
27.2755,0.671841,-0.599354,0.449499,0,0,0,68.0686,67.9298,-30.4361
27.288,0.562945,-0.424428,0.121274,0,0,0,67.7383,68.5593,-29.7548
27.3005,0.457745,-0.242222,-0.206453,0,0,0,67.716,68.8822,-29.0517
27.313,0.355069,-0.056792,-0.530717,0,0,0,68.0066,68.8974,-28.3277
27.3255,0.253693,0.12777,-0.848613,0,0,0,68.6063,68.6037,-27.5836
27.338,0.152485,0.307399,-1.1573,0,0,0,69.5031,68.0006,-26.8199
27.3505,0.0505475,0.478134,-1.45401,0,0,0,70.6768,67.0882,-26.037
27.363,-0.0526566,0.636188,-1.73603,0,0,0,72.0999,65.8684,-25.2353
27.3755,-0.157198,0.77803,-2.0007,0,0,0,73.738,64.3455,-24.415
27.388,-0.262601,0.900479,-2.24538,0,0,0,75.5518,62.5274,-23.5762
27.4005,-0.367789,1.00079,-2.46744,0,0,0,77.4976,60.4268,-22.7194
27.413,-0.471072,1.07676,-2.66418,0,0,0,79.5296,58.0617,-21.8449
27.4255,-0.570164,1.12678,-2.83283,0,0,0,81.6013,55.4564,-20.9532
27.438,-0.662251,1.14996,-2.97055,0,0,0,83.6671,52.6417,-20.045
27.4505,-0.744102,1.14613,-3.07449,0,0,0,85.6848,49.6547,-19.1208
27.463,-0.812229,1.11587,-3.14181,0,0,0,87.6163,46.5389,-18.1816
27.4755,-0.863089,1.06048,-3.16987,0,0,0,89.4297,43.3427,-17.2282
27.488,-0.893335,0.981902,-3.15639,0,0,0,91.0996,40.1189,-16.2614
27.5005,-0.900067,0.882603,-3.09964,0,0,0,92.6085,36.923,-15.282
27.513,-0.881102,0.765414,-2.99873,0,0,0,93.9459,33.8114,-14.2906
27.5255,-0.835193,0.633333,-2.85373,0,0,0,95.1088,30.8405,-13.2879
27.538,-0.762212,0.489334,-2.66593,0,0,0,96.1002,28.0645,-12.274
27.5505,-0.663236,0.336171,-2.43785,0,0,0,96.9284,25.5343,-11.249
27.563,-0.540554,0.176225,-2.1733,0,0,0,97.6052,23.2963,-10.2127
27.5755,-0.397582,0.0114075,-1.87731,0,0,0,98.1444,21.3913,-9.1645
27.588,-0.238695,-0.15688,-1.55591,0,0,0,98.5604,19.854,-8.10363
27.6005,-0.0690038,-0.327709,-1.21597,0,0,0,98.8662,18.7122,-7.02904
27.613,0.105914,-0.500524,-0.864906,0,0,0,99.0724,17.9866,-5.93951
27.6255,0.280292,-0.674992,-0.510378,0,0,0,99.1859,17.6907,-4.83367
27.638,0.44846,-0.850826,-0.160013,0,0,0,99.2092,17.8302,-3.71012
27.6505,0.605121,-1.0276,0.178886,0,0,0,99.1404,18.4037,-2.5675
27.663,0.745589,-1.20457,0.499606,0,0,0,98.9728,19.4019,-1.40459
27.6755,0.866013,-1.38056,0.796244,0,0,0,98.6959,20.8082,-0.220383
27.688,0.963536,-1.55389,1.06389,0,0,0,98.2961,22.5987,0.985787
27.7005,1.03641,-1.72237,1.29873,0,0,0,97.7578,24.7421,2.2142
27.713,1.08404,-1.88331,1.49809,0,0,0,97.0651,27.2005,3.46467
27.7255,1.10695,-2.03371,1.66041,0,0,0,96.2036,29.9299,4.73652
27.738,1.1067,-2.17034,1.78514,0,0,0,95.1616,32.8811,6.02856
27.7505,1.08573,-2.28995,1.87256,0,0,0,93.932,36.0005,7.3391
27.763,1.0472,-2.38945,1.92363,0,0,0,92.5137,39.2319,8.66596
27.7755,0.994747,-2.46607,1.93974,0,0,0,90.9125,42.5176,10.0066
27.788,0.932303,-2.51748,1.92257,0,0,0,89.1418,45.8003,11.3582
27.8005,0.863895,-2.54194,1.87388,0,0,0,87.2226,49.0247,12.7177
27.813,0.793467,-2.53832,1.79544,0,0,0,85.1834,52.1388,14.082
27.8255,0.724733,-2.50616,1.68895,0,0,0,83.0593,55.0958,15.448
27.838,0.661047,-2.4456,1.55603,0,0,0,80.8908,57.8544,16.813
27.8505,0.605297,-2.35742,1.39825,0,0,0,78.7222,60.38,18.1743
27.8631,0.559813,-2.2429,1.21724,0,0,0,76.6001,62.645,19.5297
27.8756,0.526294,-2.10376,1.01474,0,0,0,74.571,64.6282,20.8776
27.8881,0.505746,-1.94207,0.792737,0,0,0,72.6803,66.3147,22.2167
27.9006,0.498448,-1.76018,0.553547,0,0,0,70.9698,67.6952,23.5464
27.9131,0.50393,-1.56063,0.299897,0,0,0,69.4767,68.7644,24.8665
27.9256,0.520999,-1.34606,0.0349674,0,0,0,68.2319,69.5209,26.1773
27.9381,0.547791,-1.11924,-0.237609,0,0,0,67.2594,69.9652,27.4794
27.9506,0.581872,-0.882998,-0.513801,0,0,0,66.575,70.0995,28.7738
27.9631,0.620374,-0.640252,-0.789273,0,0,0,66.1866,69.9268,30.0616
27.9756,0.660174,-0.394024,-1.05953,0,0,0,66.0932,69.4503,31.344
27.9881,0.698093,-0.14746,-1.3201,0,0,0,66.2854,68.6737,32.6224
28.0006,0.731109,0.0961498,-1.5667,0,0,0,66.746,67.601,33.8976
28.0131,0.75656,0.333368,-1.7954,0,0,0,67.4501,66.2375,35.1705
28.0256,0.772321,0.560637,-2.00284,0,0,0,68.3663,64.5899,36.4415
28.0381,0.77694,0.774326,-2.18624,0,0,0,69.4575,62.6676,37.7106
28.0506,0.769719,0.970807,-2.34354,0,0,0,70.6827,60.4835,38.9775
28.0631,0.750735,1.14656,-2.47333,0,0,0,71.9981,58.0548,40.2412
28.0756,0.72081,1.29827,-2.57483,0,0,0,73.3587,55.4035,41.5005
28.0881,0.681426,1.42297,-2.64778,0,0,0,74.7206,52.5571,42.7534
28.1006,0.63461,1.51813,-2.69233,0,0,0,76.0418,49.5483,43.998
28.1131,0.582791,1.58177,-2.70893,0,0,0,77.2846,46.415,45.2318
28.1256,0.528646,1.61252,-2.69818,0,0,0,78.4165,43.1997,46.4522
28.1381,0.474945,1.60965,-2.66082,0,0,0,79.4114,39.9482,47.6567
28.1506,0.424401,1.57312,-2.59765,0,0,0,80.2501,36.7088,48.8428
28.1631,0.379519,1.50353,-2.50953,0,0,0,80.9209,33.5308,50.008
28.1756,0.342467,1.4021,-2.39744,0,0,0,81.419,30.4627,51.1503
28.1881,0.314953,1.27061,-2.26252,0,0,0,81.7464,27.5515,52.2679
28.2006,0.298124,1.11129,-2.10621,0,0,0,81.9104,24.8406,53.3595
28.2131,0.292485,0.926778,-1.93027,0,0,0,81.9228,22.3694,54.4241
28.2256,0.297857,0.72001,-1.73687,0,0,0,81.7983,20.172,55.4613
28.2381,0.313372,0.494151,-1.52866,0,0,0,81.553,18.2767,56.4711
28.2506,0.337517,0.252528,-1.30872,0,0,0,81.2032,16.7058,57.454
28.2631,0.368222,-0.00141355,-1.08054,0,0,0,80.7639,15.4749,58.4106
28.2756,0.402998,-0.264139,-0.847904,0,0,0,80.2476,14.5935,59.3421
28.2881,0.439107,-0.532041,-0.614741,0,0,0,79.6638,14.0647,60.2496
28.3006,0.473759,-0.801444,-0.384977,0,0,0,79.0184,13.8857,61.1346
28.3131,0.504303,-1.06861,-0.162352,0,0,0,78.3135,14.0474,61.9985
28.3256,0.528411,-1.32973,0.0497333,0,0,0,77.5476,14.5354,62.8427
28.3381,0.544231,-1.58098,0.248344,0,0,0,76.7162,15.3299,63.6686
28.3506,0.550486,-1.81852,0.431086,0,0,0,75.8126,16.4059,64.4773
28.3631,0.546542,-2.03858,0.596136,0,0,0,74.8286,17.7339,65.2698
28.3756,0.532411,-2.23751,0.742218,0,0,0,73.7561,19.2802,66.0469
28.3881,0.50873,-2.41188,0.868529,0,0,0,72.588,21.0077,66.8093
28.4006,0.476697,-2.55854,0.974645,0,0,0,71.3194,22.8763,67.5573
28.4131,0.437995,-2.67475,1.0604,0,0,0,69.9488,24.8443,68.2909
28.4256,0.394704,-2.75821,1.12577,0,0,0,68.4787,26.8689,69.0103
28.4381,0.349209,-2.80718,1.17075,0,0,0,66.9164,28.9078,69.7151
28.4506,0.304116,-2.82048,1.19531,0,0,0,65.2742,30.9199,70.4053
28.4631,0.262151,-2.79755,1.19929,0,0,0,63.5694,32.8664,71.0803
28.4756,0.226071,-2.73847,1.18246,0,0,0,61.8236,34.7122,71.7399
28.4881,0.198552,-2.6439,1.14448,0,0,0,60.0625,36.426,72.3837
28.5006,0.182066,-2.51508,1.08506,0,0,0,58.3144,37.9813,73.0113
28.5131,0.178732,-2.35378,1.00406,0,0,0,56.6095,39.3565,73.6226
28.5256,0.190161,-2.16223,0.901634,0,0,0,54.9785,40.5349,74.2173
28.5381,0.217283,-1.94302,0.778446,0,0,0,53.4514,41.5043,74.7953
28.5506,0.26019,-1.69906,0.635831,0,0,0,52.0561,42.2566,75.3565
28.5631,0.31802,-1.43346,0.475941,0,0,0,50.8176,42.7873,75.9008
28.5756,0.388893,-1.14952,0.301833,0,0,0,49.757,43.0945,76.4282
28.5881,0.469945,-0.850675,0.117447,0,0,0,48.8906,43.1783,76.9385
28.6006,0.557468,-0.540461,-0.0725056,0,0,0,48.2298,43.0402,77.4316
28.6131,0.647153,-0.222551,-0.26278,0,0,0,47.78,42.6823,77.9071
28.6256,0.734425,0.099244,-0.447917,0,0,0,47.5412,42.1072,78.3647
28.6381,0.814823,0.420954,-0.62262,0,0,0,47.5077,41.318,78.8037
28.6506,0.884385,0.738441,-0.782127,0,0,0,47.6684,40.3177,79.2234
28.6631,0.939974,1.04742,-0.92253,0,0,0,48.0072,39.1102,79.6228
28.6756,0.979501,1.3435,-1.04099,0,0,0,48.5035,37.7003,80.0009
28.6881,1.00203,1.62228,-1.13584,0,0,0,49.1331,36.0942,80.3562
28.7006,1.00773,1.87941,-1.20653,0,0,0,49.869,34.3005,80.6875
28.7131,0.997784,2.11078,-1.25347,0,0,0,50.6824,32.3301,80.9932
28.7256,0.974125,2.31254,-1.27784,0,0,0,51.544,30.1975,81.2718
28.7381,0.939232,2.48133,-1.28132,0,0,0,52.425,27.9204,81.5218
28.7506,0.89588,2.61425,-1.26586,0,0,0,53.2982,25.52,81.7418
28.7631,0.846928,2.70905,-1.23343,0,0,0,54.1395,23.0214,81.9305
28.7756,0.795154,2.76408,-1.18594,0,0,0,54.9283,20.4526,82.0867
28.7881,0.743132,2.77838,-1.12507,0,0,0,55.649,17.8441,82.2097
28.8006,0.693142,2.75168,-1.05228,0,0,0,56.2909,15.2285,82.2988
28.8131,0.647121,2.68436,-0.968772,0,0,0,56.8488,12.6395,82.3538
28.8256,0.606629,2.57745,-0.875583,0,0,0,57.3228,10.1107,82.3748
28.8381,0.572821,2.43258,-0.773612,0,0,0,57.7182,7.67493,82.3619
28.8506,0.546434,2.25195,-0.663722,0,0,0,58.0445,5.3636,82.3159
28.8631,0.527771,2.03825,-0.546822,0,0,0,58.3147,3.2057,82.2376
28.8756,0.516703,1.79467,-0.423947,0,0,0,58.5443,1.22749,82.1281
28.8881,0.512668,1.52475,-0.296311,0,0,0,58.7503,-0.548008,81.9886
28.9006,0.514704,1.23243,-0.165342,0,0,0,58.9498,-2.10109,81.8205
28.9131,0.521495,0.921891,-0.0326775,0,0,0,59.1589,-3.41553,81.6254
28.9256,0.531447,0.597601,0.0998761,0,0,0,59.392,-4.47849,81.4046
28.9381,0.54279,0.264198,0.230416,0,0,0,59.6608,-5.28051,81.1599
28.9506,0.553697,-0.073533,0.357044,0,0,0,59.9733,-5.81537,80.8927
28.9631,0.56241,-0.410717,0.477974,0,0,0,60.3339,-6.08007,80.6046
28.9756,0.567361,-0.742451,0.591644,0,0,0,60.7431,-6.07483,80.297
28.9881,0.56727,-1.06386,0.696801,0,0,0,61.1972,-5.80314,79.9715
29.0006,0.561216,-1.37017,0.792564,0,0,0,61.689,-5.2719,79.6296
29.0131,0.54867,-1.65679,0.878442,0,0,0,62.2082,-4.49157,79.2725
29.0256,0.529493,-1.91935,0.954319,0,0,0,62.742,-3.47631,78.9017
29.0381,0.503909,-2.15382,1.0204,0,0,0,63.2762,-2.2441,78.5186
29.0506,0.472447,-2.35658,1.07715,0,0,0,63.7962,-0.816738,78.1244
29.0631,0.435889,-2.52443,1.12517,0,0,0,64.2879,0.780258,77.7204
29.0756,0.395199,-2.65473,1.16516,0,0,0,64.7388,2.51791,77.3079
29.0881,0.35148,-2.74538,1.19778,0,0,0,65.1393,4.36424,76.888
29.1006,0.305923,-2.79488,1.2236,0,0,0,65.4832,6.28479,76.4617
29.1131,0.259781,-2.80238,1.24306,0,0,0,65.7681,8.24344,76.0298
29.1256,0.214348,-2.76766,1.25638,0,0,0,65.9963,10.2031,75.5931
29.1381,0.170938,-2.69114,1.26362,0,0,0,66.1745,12.1268,75.152
29.1506,0.130868,-2.57387,1.2646,0,0,0,66.3136,13.978,74.7067
29.1631,0.0954284,-2.41755,1.25903,0,0,0,66.4281,15.722,74.2572
29.1756,0.0658418,-2.22444,1.24648,0,0,0,66.5356,17.326,73.803
29.1881,0.0432018,-1.99735,1.22652,0,0,0,66.6552,18.7599,73.3433
29.2006,0.028398,-1.73959,1.19881,0,0,0,66.8073,19.9964,72.877
29.2131,0.0220323,-1.45493,1.16319,0,0,0,67.0116,21.0111,72.4027
29.2256,0.024337,-1.14748,1.11982,0,0,0,67.2863,21.7827,71.9185
29.2381,0.0351134,-0.82169,1.06926,0,0,0,67.6468,22.293,71.4223
29.2506,0.0537049,-0.482232,1.01248,0,0,0,68.1052,22.5263,70.9117
29.2631,0.079021,-0.133948,0.950896,0,0,0,68.6688,22.47,70.384
29.2756,0.109615,0.218227,0.886297,0,0,0,69.3399,22.1139,69.8364
29.2881,0.143807,0.569324,0.820711,0,0,0,70.1155,21.4511,69.2661
29.3006,0.179846,0.914409,0.756269,0,0,0,70.987,20.4774,68.6701
29.3131,0.216065,1.24864,0.695041,0,0,0,71.9406,19.1922,68.0455
29.3256,0.251034,1.56731,0.638893,0,0,0,72.9575,17.5987,67.3898
29.3381,0.28366,1.86594,0.589374,0,0,0,74.0149,15.7045,66.7004
29.3506,0.31325,2.14029,0.54766,0,0,0,75.0872,13.522,65.9753
29.3631,0.339514,2.38647,0.514535,0,0,0,76.1467,11.069,65.2129
29.3756,0.36253,2.60094,0.49042,0,0,0,77.1657,8.36865,64.4118
29.3881,0.382682,2.78058,0.475422,0,0,0,78.1175,5.44962,63.5715
29.4006,0.400574,2.92277,0.469401,0,0,0,78.9781,2.346,62.6918
29.4131,0.416947,3.02538,0.472028,0,0,0,79.7278,-0.903316,61.773
29.4256,0.432592,3.08685,0.48284,0,0,0,80.3522,-4.25539,60.8162
29.4381,0.44828,3.10616,0.501277,0,0,0,80.8437,-7.66423,59.8227
29.4506,0.464696,3.08292,0.526697,0,0,0,81.2011,-11.082,58.7943
29.4631,0.482382,3.0173,0.558382,0,0,0,81.431,-14.4603,57.7332
29.4756,0.501695,2.91008,0.595527,0,0,0,81.5468,-17.7516,56.6418
29.4881,0.522771,2.76264,0.637221,0,0,0,81.5682,-20.91,55.5227
29.5007,0.545499,2.57691,0.682431,0,0,0,81.5205,-23.8927,54.3783
29.5132,0.569512,2.35538,0.729988,0,0,0,81.4329,-26.6609,53.2113
29.5257,0.594194,2.10105,0.778585,0,0,0,81.3372,-29.1795,52.0239
29.5382,0.618707,1.8174,0.826797,0,0,0,81.2659,-31.4184,50.8185
29.5507,0.642039,1.50836,0.873124,0,0,0,81.2507,-33.3517,49.5971
29.5632,0.663078,1.17823,0.916056,0,0,0,81.3209,-34.9579,48.3613
29.5757,0.680707,0.831655,0.954157,0,0,0,81.5019,-36.2196,47.1127
29.5882,0.693899,0.473538,0.986163,0,0,0,81.8137,-37.1229,45.8528
29.6007,0.701818,0.108981,1.01108,0,0,0,82.2702,-37.6576,44.5826
29.6132,0.703901,-0.256794,1.02824,0,0,0,82.8782,-37.8165,43.3035
29.6257,0.699909,-0.618536,1.03739,0,0,0,83.6374,-37.5958,42.0165
29.6382,0.689943,-0.97104,1.03869,0,0,0,84.54,-36.9949,40.723
29.6507,0.674425,-1.30924,1.03265,0,0,0,85.571,-36.0172,39.4242
29.6632,0.654035,-1.62828,1.02014,0,0,0,86.7094,-34.6701,38.1219
29.6757,0.62964,-1.92362,1.00226,0,0,0,87.9283,-32.9659,36.8179
29.6882,0.602197,-2.19105,0.980253,0,0,0,89.1971,-30.9222,35.5144
29.7007,0.572672,-2.42681,0.955442,0,0,0,90.4824,-28.5625,34.2139
29.7132,0.541965,-2.6276,0.92912,0,0,0,91.7498,-25.9163,32.9191
29.7257,0.510848,-2.79065,0.902507,0,0,0,92.9662,-23.0195,31.6329
29.7382,0.47994,-2.91374,0.876704,0,0,0,94.1008,-19.9139,30.3586
29.7507,0.449684,-2.99522,0.852671,0,0,0,95.1275,-16.6466,29.0993
29.7632,0.420356,-3.03405,0.831218,0,0,0,96.0258,-13.2694,27.8581
29.7757,0.39208,-3.02979,0.813007,0,0,0,96.782,-9.83737,26.6381
29.7882,0.364859,-2.98261,0.798553,0,0,0,97.39,-6.40755,25.4418
29.8007,0.338607,-2.89328,0.788233,0,0,0,97.8513,-3.03755,24.2716
29.8132,0.313197,-2.76318,0.782282,0,0,0,98.1748,0.21598,23.1293
29.8257,0.288497,-2.59423,0.780797,0,0,0,98.3759,3.29877,22.0163
29.8382,0.264421,-2.38892,0.783722,0,0,0,98.4754,6.16011,20.9332
29.8507,0.240967,-2.15023,0.790845,0,0,0,98.4978,8.75384,19.8801
29.8632,0.21825,-1.88161,0.801794,0,0,0,98.4702,11.039,18.8564
29.8757,0.196525,-1.58693,0.816029,0,0,0,98.4196,12.9804,17.8611
29.8882,0.17619,-1.27043,0.832862,0,0,0,98.3718,14.5486,16.8925
29.9007,0.157773,-0.936633,0.851485,0,0,0,98.3496,15.72,15.9484
29.9132,0.141892,-0.590329,0.87101,0,0,0,98.3711,16.4769,15.0265
29.9257,0.129205,-0.236475,0.890538,0,0,0,98.4491,16.8073,14.1241
29.9382,0.120346,0.119856,0.909213,0,0,0,98.5895,16.7043,13.2384
29.9507,0.115861,0.473557,0.926298,0,0,0,98.792,16.167,12.3664
29.9632,0.116152,0.819549,0.941215,0,0,0,99.0489,15.1996,11.5054
29.9757,0.121443,1.15286,0.953582,0,0,0,99.3465,13.812,10.6528
29.9882,0.131766,1.4687,0.96321,0,0,0,99.6655,12.0202,9.80622
30.0007,0.146966,1.76251,0.970086,0,0,0,99.9822,9.84592,8.96367
30.0132,0.166731,2.03008,0.974331,0,0,0,100.27,7.31733,8.12351
30.0257,0.190618,2.26753,0.976143,0,0,0,100.501,4.46875,7.28456
30.0382,0.218093,2.47145,0.975742,0,0,0,100.648,1.34062,6.44605
30.0507,0.24856,2.63892,0.973312,0,0,0,100.686,-2.02099,5.60767
30.0632,0.281382,2.76751,0.968954,0,0,0,100.595,-5.56503,4.76955
30.0757,0.315889,2.85541,0.962648,0,0,0,100.361,-9.23653,3.93219
30.0882,0.351389,2.90136,0.954227,0,0,0,99.975,-12.9778,3.09646
30.1007,0.387156,2.90474,0.943364,0,0,0,99.4384,-16.7299,2.26348
30.1132,0.422433,2.86556,0.92957,0,0,0,98.7594,-20.4342,1.43464
30.1257,0.456425,2.78444,0.912202,0,0,0,97.9546,-24.0339,0.611472
30.1382,0.488313,2.66265,0.890495,0,0,0,97.0478,-27.4752,-0.204394
30.1507,0.517266,2.50204,0.86359,0,0,0,96.069,-30.7089,-1.01126
30.1632,0.542478,2.30504,0.830596,0,0,0,95.0531,-33.6911,-1.80741
30.1757,0.563212,2.07463,0.790651,0,0,0,94.0378,-36.3836,-2.59116
30.1882,0.578861,1.81427,0.742999,0,0,0,93.0621,-38.7542,-3.36083
30.2007,0.589013,1.52786,0.687074,0,0,0,92.1639,-40.777,-4.11476
30.2132,0.593517,1.21966,0.62257,0,0,0,91.3786,-42.4313,-4.85133
30.2257,0.592534,0.894231,0.549508,0,0,0,90.7372,-43.7017,-5.56888
30.2382,0.58657,0.556355,0.468275,0,0,0,90.2651,-44.5772,-6.2657
30.2507,0.576474,0.210964,0.379624,0,0,0,89.9805,-45.0507,-6.94003
30.2632,0.563404,-0.136938,0.284649,0,0,0,89.894,-45.1187,-7.58997
30.2757,0.548762,-0.482344,0.184715,0,0,0,90.008,-44.7806,-8.21351
30.2882,0.534093,-0.820309,0.0813754,0,0,0,90.3168,-44.039,-8.80847
30.3007,0.520978,-1.14601,-0.0237381,0,0,0,90.8064,-42.9,-9.37251
30.3132,0.510923,-1.45482,-0.129012,0,0,0,91.4558,-41.3728,-9.90315
30.3257,0.505254,-1.74232,-0.23294,0,0,0,92.2374,-39.4712,-10.3978
30.3382,0.505038,-2.00442,-0.334177,0,0,0,93.1185,-37.2133,-10.8537
30.3507,0.511027,-2.23734,-0.431571,0,0,0,94.063,-34.6225,-11.2682
30.3632,0.52362,-2.43772,-0.524154,0,0,0,95.033,-31.7281,-11.6387
30.3757,0.542856,-2.60265,-0.611108,0,0,0,95.9907,-28.565,-11.9626
30.3882,0.56841,-2.72968,-0.691712,0,0,0,96.9003,-25.1743,-12.2376
30.4007,0.599606,-2.81695,-0.76527,0,0,0,97.73,-21.6022,-12.4617
30.4132,0.635432,-2.86313,-0.83104,0,0,0,98.4532,-17.9001,-12.6333
30.4257,0.674556,-2.86755,-0.888168,0,0,0,99.0504,-14.123,-12.7512
30.4382,0.715348,-2.83013,-0.935634,0,0,0,99.5096,-10.3285,-12.8148
30.4507,0.755914,-2.75147,-0.972227,0,0,0,99.827,-6.57511,-12.8238
30.4632,0.794147,-2.63282,-0.996546,0,0,0,100.007,-2.92111,-12.7787
30.4757,0.827799,-2.47605,-1.00705,0,0,0,100.061,0.577167,-12.6803
30.4882,0.854596,-2.28364,-1.00214,0,0,0,100.007,3.86661,-12.5299
30.5007,0.872375,-2.05863,-0.980318,0,0,0,99.8697,6.89842,-12.3294
30.5132,0.879265,-1.80456,-0.940328,0,0,0,99.6747,9.62893,-12.0808
30.5257,0.87388,-1.52537,-0.881387,0,0,0,99.4507,12.0201,-11.7865
30.5382,0.855502,-1.22531,-0.803364,0,0,0,99.2258,14.04,-11.4492
30.5507,0.824239,-0.908876,-0.706947,0,0,0,99.0262,15.6626,-11.0716
30.5632,0.781101,-0.580656,-0.593734,0,0,0,98.8741,16.8676,-10.6566
30.5757,0.727993,-0.245281,-0.466233,0,0,0,98.7869,17.6406,-10.207
30.5882,0.667598,0.0926553,-0.327752,0,0,0,98.7757,17.9726,-9.72568
30.6007,0.603167,0.428656,-0.182198,0,0,0,98.845,17.8599,-9.21547
30.6132,0.538229,0.758349,-0.0338027,0,0,0,98.9921,17.304,-8.67914
30.6257,0.476291,1.07751,0.113181,0,0,0,99.2074,16.3119,-8.11942
30.6382,0.420535,1.38209,0.254761,0,0,0,99.4751,14.8958,-7.53899
30.6507,0.373579,1.66821,0.387432,0,0,0,99.7737,13.0737,-6.9405
30.6632,0.337321,1.9322,0.508323,0,0,0,100.078,10.8695,-6.32657
30.6757,0.312857,2.17064,0.615246,0,0,0,100.359,8.31326,-5.69978
30.6882,0.300495,2.38041,0.706668,0,0,0,100.589,5.44092,-5.06272
30.7007,0.299816,2.55872,0.781623,0,0,0,100.74,2.29445,-4.41792
30.7132,0.309784,2.70321,0.839574,0,0,0,100.786,-1.07878,-3.76788
30.7257,0.328869,2.81198,0.880279,0,0,0,100.708,-4.62672,-3.11498
30.7382,0.355173,2.88365,0.903643,0,0,0,100.49,-8.2937,-2.46151
30.7507,0.386548,2.91744,0.909616,0,0,0,100.126,-12.0217,-1.80955
30.7632,0.4207,2.91314,0.898104,0,0,0,99.6172,-15.7516,-1.16093
30.7757,0.455285,2.87116,0.868933,0,0,0,98.9721,-19.4253,-0.517193
30.7882,0.487996,2.79254,0.821846,0,0,0,98.2078,-22.9863,0.120502
30.8007,0.516654,2.67887,0.756543,0,0,0,97.3482,-26.382,0.751423
30.8132,0.539294,2.53231,0.672751,0,0,0,96.4233,-29.564,1.37532
30.8257,0.554264,2.35551,0.570322,0,0,0,95.4671,-32.4895,1.99247
30.8382,0.560324,2.15154,0.449351,0,0,0,94.5163,-35.1216,2.60367
30.8507,0.55674,1.9238,0.310297,0,0,0,93.6084,-37.4293,3.2103
30.8632,0.543363,1.67596,0.154087,0,0,0,92.7793,-39.3875,3.81425
30.8757,0.520682,1.41187,-0.0177996,0,0,0,92.062,-40.9768,4.41793
30.8882,0.489838,1.13548,-0.203294,0,0,0,91.485,-42.1827,5.02422
30.9007,0.452585,0.850804,-0.399751,0,0,0,91.0705,-42.9953,5.63639
30.9132,0.411196,0.561855,-0.604025,0,0,0,90.8337,-43.4084,6.25806
30.9257,0.368325,0.272629,-0.812587,0,0,0,90.7823,-43.4198,6.89305
30.9382,0.326822,-0.0129189,-1.0217,0,0,0,90.9157,-43.0303,7.54534
30.9507,0.289526,-0.290876,-1.22758,0,0,0,91.2251,-42.2442,8.2189
30.9632,0.259063,-0.557386,-1.42662,0,0,0,91.6941,-41.0695,8.91763
30.9757,0.237657,-0.808673,-1.61551,0,0,0,92.2997,-39.518,9.6452
30.9882,0.226983,-1.04106,-1.79137,0,0,0,93.0125,-37.606,10.405
31.0007,0.228071,-1.25104,-1.95183,0,0,0,93.7991,-35.3548,11.1998
31.0132,0.241254,-1.43531,-2.09498,0,0,0,94.6229,-32.7912,12.0322
31.0257,0.266178,-1.59088,-2.2194,0,0,0,95.4465,-29.9477,12.9038
31.0382,0.301842,-1.71511,-2.32402,0,0,0,96.2332,-26.8624,13.8157
31.0507,0.346675,-1.80587,-2.40803,0,0,0,96.949,-23.5795,14.7684
31.0632,0.398638,-1.86155,-2.47079,0,0,0,97.5642,-20.1479,15.7614
31.0757,0.455326,-1.88115,-2.51169,0,0,0,98.0551,-16.6209,16.7938
31.0882,0.514095,-1.86435,-2.53014,0,0,0,98.405,-13.0548,17.8638
31.1007,0.572178,-1.8115,-2.52549,0,0,0,98.6048,-9.50747,18.9692
31.1132,0.626823,-1.72365,-2.49709,0,0,0,98.6531,-6.03725,20.1073
31.1257,0.675429,-1.60253,-2.4443,0,0,0,98.5563,-2.70096,21.2747
31.1383,0.715688,-1.45047,-2.36663,0,0,0,98.3277,0.447236,22.4683
31.1508,0.745726,-1.27032,-2.26384,0,0,0,97.9861,3.35719,23.6842
31.1633,0.764241,-1.06541,-2.13609,0,0,0,97.5543,5.98371,24.9189
31.1758,0.770608,-0.839353,-1.98406,0,0,0,97.058,8.28734,26.1686
31.1883,0.764958,-0.596006,-1.80905,0,0,0,96.5231,10.2347,27.4298
31.2008,0.7482,-0.339313,-1.61306,0,0,0,95.9745,11.7989,28.699
31.2133,0.721988,-0.0732322,-1.39876,0,0,0,95.4343,12.959,29.9729
31.2258,0.688622,0.198347,-1.16942,0,0,0,94.9206,13.7006,31.2483
31.2383,0.650899,0.471648,-0.928827,0,0,0,94.4458,14.0149,32.5222
31.2508,0.611922,0.743032,-0.681082,0,0,0,94.0163,13.899,33.7915
31.2633,0.574876,1.009,-0.430422,0,0,0,93.6321,13.3553,35.0535
31.2758,0.54282,1.26619,-0.181031,0,0,0,93.2867,12.3916,36.3051
31.2883,0.518478,1.51136,0.063132,0,0,0,92.9675,11.0213,37.5434
31.3008,0.504076,1.74138,0.298468,0,0,0,92.6567,9.26303,38.7654
31.3133,0.501222,1.95325,0.521814,0,0,0,92.3324,7.14093,39.968
31.3258,0.510819,2.14412,0.730473,0,0,0,91.97,4.68469,41.1479
31.3383,0.533041,2.31135,0.92219,0,0,0,91.5439,1.92937,42.3017
31.3508,0.56733,2.45256,1.09509,0,0,0,91.0291,-1.08479,43.4262
31.3633,0.612425,2.56569,1.24755,0,0,0,90.4033,-4.31293,44.518
31.3758,0.66642,2.64915,1.37816,0,0,0,89.648,-7.7063,45.5737
31.3883,0.726822,2.7018,1.48551,0,0,0,88.7505,-11.2132,46.5904
31.4008,0.790633,2.72311,1.56818,0,0,0,87.7047,-14.7804,47.5651
31.4133,0.854434,2.71315,1.62462,0,0,0,86.5119,-18.3542,48.4955
31.4258,0.914494,2.67265,1.65317,0,0,0,85.1813,-21.8821,49.3795
31.4383,0.966895,2.60299,1.65203,0,0,0,83.7294,-25.3143,50.2159
31.4508,1.00768,2.50614,1.6194,0,0,0,82.1799,-28.6046,51.0038
31.4633,1.03306,2.38462,1.55359,0,0,0,80.5621,-31.7118,51.7432
31.4758,1.03957,2.24135,1.45318,0,0,0,78.91,-34.6005,52.4345
31.4883,1.02436,2.07954,1.31731,0,0,0,77.2605,-37.2413,53.079
31.5008,0.985356,1.90249,1.14585,0,0,0,75.6519,-39.6108,53.6786
31.5133,0.921507,1.71346,0.939603,0,0,0,74.1217,-41.6918,54.2357
31.5258,0.832923,1.51549,0.700535,0,0,0,72.7057,-43.4721,54.7533
31.5383,0.720969,1.31127,0.431826,0,0,0,71.4359,-44.9447,55.2347
31.5508,0.588272,1.1031,0.137902,0,0,0,70.3394,-46.1061,55.6837
31.5633,0.438644,0.892816,-0.175645,0,0,0,69.4378,-46.9561,56.1042
31.5758,0.276908,0.681881,-0.502227,0,0,0,68.7459,-47.4968,56.5001
31.5883,0.10866,0.471469,-0.834511,0,0,0,68.2717,-47.7325,56.8756
31.6008,-0.0600437,0.26261,-1.16474,0,0,0,68.016,-47.6686,57.2345
31.6133,-0.223032,0.0563674,-1.48506,0,0,0,67.9726,-47.3122,57.5806
31.6258,-0.37438,-0.146007,-1.78795,0,0,0,68.1286,-46.6718,57.9175
31.6383,-0.508765,-0.342933,-2.0665,0,0,0,68.4653,-45.7578,58.2483
31.6508,-0.62177,-0.532422,-2.31478,0,0,0,68.9587,-44.583,58.576
31.6633,-0.710138,-0.712059,-2.52804,0,0,0,69.5806,-43.1627,58.9028
31.6758,-0.771909,-0.879049,-2.70287,0,0,0,70.3,-41.5159,59.2308
31.6883,-0.806478,-1.03034,-2.83724,0,0,0,71.0845,-39.6652,59.5613
31.7008,-0.814518,-1.16276,-2.9304,0,0,0,71.9014,-37.6371,59.8955
31.7133,-0.797833,-1.27326,-2.98274,0,0,0,72.7193,-35.4626,60.2337
31.7258,-0.759118,-1.35901,-2.99554,0,0,0,73.5094,-33.1764,60.576
31.7383,-0.701698,-1.41767,-2.97076,0,0,0,74.2467,-30.8167,60.922
31.7508,-0.629239,-1.44747,-2.91074,0,0,0,74.911,-28.4245,61.2709
31.7633,-0.545491,-1.44732,-2.81804,0,0,0,75.4871,-26.0429,61.6216
31.7758,-0.454055,-1.4169,-2.6952,0,0,0,75.9655,-23.7157,61.9727
31.7883,-0.358197,-1.35662,-2.54474,0,0,0,76.3421,-21.4863,62.3223
31.8008,-0.260715,-1.26761,-2.36901,0,0,0,76.6179,-19.3972,62.6686
31.8133,-0.163839,-1.15171,-2.17027,0,0,0,76.798,-17.4883,63.0095
31.8258,-0.0691834,-1.01132,-1.95067,0,0,0,76.8909,-15.7961,63.3428
31.8383,0.0222742,-0.849373,-1.71234,0,0,0,76.9071,-14.3535,63.6662
31.8508,0.110174,-0.669216,-1.45744,0,0,0,76.8578,-13.1886,63.9774
31.8633,0.19473,-0.474515,-1.18819,0,0,0,76.7541,-12.3247,64.2738
31.8758,0.27666,-0.269176,-0.906936,0,0,0,76.6053,-11.7801,64.5531
31.8883,0.357089,-0.0572603,-0.616128,0,0,0,76.4182,-11.5675,64.8128
31.9008,0.437431,0.157077,-0.318342,0,0,0,76.1966,-11.6948,65.0505
31.9133,0.51926,0.369654,-0.0162447,0,0,0,75.9402,-12.1639,65.2637
31.9258,0.604164,0.576319,0.287429,0,0,0,75.6451,-12.972,65.4501
31.9383,0.693597,0.773003,0.589908,0,0,0,75.304,-14.1105,65.6073
31.9508,0.788737,0.95578,0.888398,0,0,0,74.906,-15.5657,65.7331
31.9633,0.890347,1.12094,1.18008,0,0,0,74.4381,-17.3186,65.8254
31.9758,0.998647,1.26504,1.4621,0,0,0,73.886,-19.3452,65.8823
31.9883,1.11321,1.38505,1.73149,0,0,0,73.2352,-21.6163,65.9021
32.0008,1.23286,1.47838,1.9851,0,0,0,72.4727,-24.0988,65.8833
32.0133,1.3557,1.54309,2.21972,0,0,0,71.5877,-26.7553,65.825
32.0258,1.47896,1.57787,2.43167,0,0,0,70.5734,-29.5456,65.7263
32.0383,1.59913,1.58225,2.61704,0,0,0,69.4281,-32.4274,65.5869
32.0508,1.71201,1.55664,2.77163,0,0,0,68.1557,-35.3573,65.4068
32.0633,1.81292,1.50236,2.89103,0,0,0,66.7664,-38.2925,65.1866
32.0758,1.89688,1.42168,2.97082,0,0,0,65.277,-41.1915,64.9272
32.0883,1.95896,1.31774,3.00681,0,0,0,63.7105,-44.0154,64.6298
32.1008,1.99463,1.19441,2.99534,0,0,0,62.0956,-46.7291,64.2959
32.1133,2.00014,1.05606,2.93368,0,0,0,60.4658,-49.3019,63.9275
32.1258,1.97286,0.90738,2.8203,0,0,0,58.8579,-51.7082,63.5264
32.1383,1.91156,0.752983,2.65517,0,0,0,57.3113,-53.9272,63.0947
32.1508,1.81653,0.597172,2.43991,0,0,0,55.8661,-55.9433,62.6347
32.1633,1.68962,0.44364,2.1778,0,0,0,54.5615,-57.7451,62.1484
32.1758,1.53406,0.295263,1.87363,0,0,0,53.4349,-59.3252,61.6376
32.1883,1.35427,0.153981,1.53352,0,0,0,52.5202,-60.6791,61.1042
32.2008,1.15551,0.0207681,1.16456,0,0,0,51.847,-61.8042,60.5496
32.2133,0.943573,-0.104295,0.774544,0,0,0,51.4394,-62.6989,59.975
32.2258,0.724507,-0.221874,0.371594,0,0,0,51.3153,-63.3623,59.3815
32.2383,0.504332,-0.333172,-0.0360649,0,0,0,51.4862,-63.7928,58.7696
32.2508,0.288851,-0.439681,-0.440351,0,0,0,51.9561,-63.9884,58.1398
32.2633,0.0834935,-0.542937,-0.83351,0,0,0,52.7223,-63.9465,57.4922
32.2758,-0.106814,-0.644281,-1.20827,0,0,0,53.7744,-63.664,56.8269
32.2883,-0.277749,-0.744656,-1.55798,0,0,0,55.0955,-63.1378,56.1437
32.3008,-0.425702,-0.844461,-1.87672,0,0,0,56.6617,-62.3659,55.4424
32.3133,-0.547865,-0.943467,-2.15944,0,0,0,58.4436,-61.348,54.7227
32.3258,-0.642318,-1.0408,-2.40204,0,0,0,60.4068,-60.0868,53.9843
32.3383,-0.708089,-1.13497,-2.60144,0,0,0,62.5127,-58.5888,53.2271
32.3508,-0.74518,-1.22404,-2.75559,0,0,0,64.7205,-56.8653,52.4509
32.3633,-0.754536,-1.30571,-2.86349,0,0,0,66.9882,-54.9335,51.6558
32.3758,-0.737972,-1.37756,-2.92507,0,0,0,69.2741,-52.8164,50.8419
32.3883,-0.698041,-1.43724,-2.94113,0,0,0,71.5387,-50.5431,50.0094
32.4008,-0.637867,-1.48263,-2.91311,0,0,0,73.7457,-48.1488,49.1587
32.4133,-0.56095,-1.51205,-2.84304,0,0,0,75.8633,-45.6741,48.2902
32.4258,-0.470966,-1.52432,-2.73329,0,0,0,77.8656,-43.1639,47.4044
32.4383,-0.371581,-1.51891,-2.5865,0,0,0,79.7324,-40.6662,46.5018
32.4508,-0.266278,-1.49592,-2.40546,0,0,0,81.4499,-38.2311,45.5827
32.4633,-0.158228,-1.45609,-2.19309,0,0,0,83.0104,-35.909,44.6474
32.4758,-0.0501878,-1.40075,-1.95234,0,0,0,84.4115,-33.7494,43.6961
32.4883,0.0555577,-1.33172,-1.6863,0,0,0,85.6553,-31.7995,42.7288
32.5008,0.157223,-1.25124,-1.39812,0,0,0,86.7471,-30.1029,41.7451
32.5133,0.253515,-1.16186,-1.09113,0,0,0,87.6941,-28.6985,40.7447
32.5258,0.343598,-1.06629,-0.768813,0,0,0,88.504,-27.6202,39.7268
32.5383,0.427035,-0.967352,-0.434869,0,0,0,89.1839,-26.8954,38.6908
32.5508,0.503716,-0.86784,-0.0931929,0,0,0,89.7388,-26.5453,37.6356
32.5633,0.573769,-0.770445,0.252118,0,0,0,90.1709,-26.5839,36.5603
32.5758,0.637469,-0.677684,0.596791,0,0,0,90.479,-27.0181,35.4638
32.5883,0.695151,-0.591835,0.936423,0,0,0,90.6586,-27.8475,34.3454
32.6008,0.747126,-0.514884,1.26653,0,0,0,90.7014,-29.0639,33.2043
32.6133,0.793618,-0.448483,1.58262,0,0,0,90.5968,-30.652,32.04
32.6258,0.834717,-0.393921,1.88026,0,0,0,90.332,-32.5887,30.8524
32.6383,0.870353,-0.352092,2.15514,0,0,0,89.8937,-34.8442,29.6418
32.6508,0.900304,-0.323482,2.40317,0,0,0,89.2695,-37.3817,28.4088
32.6633,0.924218,-0.308162,2.62057,0,0,0,88.4492,-40.1589,27.1546
32.6758,0.941664,-0.3058,2.80392,0,0,0,87.4264,-43.1282,25.8809
32.6883,0.952196,-0.315673,2.95024,0,0,0,86.2003,-46.2385,24.5896
32.7008,0.955429,-0.336719,3.05711,0,0,0,84.7761,-49.4364,23.2832
32.7133,0.951118,-0.367581,3.12265,0,0,0,83.1665,-52.6679,21.9644
32.7258,0.939223,-0.406683,3.14564,0,0,0,81.3916,-55.8797,20.6361
32.7383,0.919966,-0.452306,3.12554,0,0,0,79.4792,-59.0212,19.3013
32.7508,0.893867,-0.502679,3.06247,0,0,0,77.4641,-62.0457,17.963
32.7633,0.861751,-0.556059,2.95726,0,0,0,75.3871,-64.9118,16.6239
32.7758,0.824731,-0.610807,2.81139,0,0,0,73.2936,-67.5838,15.2865
32.7883,0.784174,-0.665452,2.62696,0,0,0,71.2324,-70.0327,13.9528
32.8008,0.74164,-0.718729,2.40667,0,0,0,69.2534,-72.236,12.6245
32.8134,0.698812,-0.769603,2.15371,0,0,0,67.4061,-74.1771,11.3026
32.8259,0.657419,-0.817261,1.87171,0,0,0,65.738,-75.8451,9.98768
32.8384,0.61916,-0.861099,1.5647,0,0,0,64.2926,-77.2333,8.67957
32.8509,0.58563,-0.900677,1.23699,0,0,0,63.1079,-78.3385,7.37771
32.8634,0.558255,-0.935683,0.893123,0,0,0,62.2158,-79.1597,6.08101
32.8759,0.538233,-0.965876,0.537824,0,0,0,61.6404,-79.6971,4.78801
32.8884,0.526491,-0.991048,0.175916,0,0,0,61.3979,-79.9512,3.49695
32.9009,0.523646,-1.01099,-0.18773,0,0,0,61.4957,-79.922,2.20593
32.9134,0.529982,-1.02547,-0.548253,0,0,0,61.9324,-79.6092,0.912973
32.9259,0.545434,-1.03422,-0.90085,0,0,0,62.6977,-79.0117,-0.383785
32.9384,0.569581,-1.03697,-1.24083,0,0,0,63.7731,-78.1285,-1.686
32.9509,0.601653,-1.03346,-1.56364,0,0,0,65.1316,-76.959,-2.99502
32.9634,0.640551,-1.0235,-1.86495,0,0,0,66.7394,-75.5044,-4.31174
32.9759,0.684878,-1.00702,-2.14066,0,0,0,68.5564,-73.7684,-5.63657
32.9884,0.732987,-0.984121,-2.38698,0,0,0,70.5373,-71.7585,-6.96936
33.0009,0.783043,-0.955126,-2.60042,0,0,0,72.6339,-69.4875,-8.30941
33.0134,0.833097,-0.920643,-2.77793,0,0,0,74.7961,-66.9736,-9.65542
33.0259,0.88117,-0.88157,-2.91688,0,0,0,76.9736,-64.2416,-11.0056
33.0384,0.925341,-0.839108,-3.01517,0,0,0,79.1187,-61.323,-12.3576
33.0509,0.963835,-0.794733,-3.07124,0,0,0,81.1867,-58.2558,-13.7089
33.0634,0.9951,-0.75015,-3.08415,0,0,0,83.1386,-55.0838,-15.0566
33.0759,1.01786,-0.707222,-3.05364,0,0,0,84.9416,-51.8558,-16.3976
33.0884,1.03118,-0.667876,-2.9801,0,0,0,86.5703,-48.6243,-17.7289
33.1009,1.03441,-0.634,-2.86462,0,0,0,88.0068,-45.4438,-19.0475
33.1134,1.02727,-0.607348,-2.70894,0,0,0,89.2409,-42.3694,-20.3509
33.1259,1.00972,-0.589433,-2.51546,0,0,0,90.2694,-39.4547,-21.6367
33.1384,0.98195,-0.581442,-2.28713,0,0,0,91.0953,-36.751,-22.9029
33.1509,0.944303,-0.584172,-2.02741,0,0,0,91.7262,-34.3051,-24.148
33.1634,0.897204,-0.597974,-1.74017,0,0,0,92.1733,-32.1588,-25.3711
33.1759,0.841108,-0.622737,-1.42963,0,0,0,92.4495,-30.3474,-26.5715
33.1884,0.776449,-0.657875,-1.10023,0,0,0,92.5679,-28.8996,-27.7491
33.2009,0.703622,-0.702345,-0.756565,0,0,0,92.5406,-27.8367,-28.9041
33.2134,0.622985,-0.754682,-0.403303,0,0,0,92.3773,-27.1724,-30.0372
33.2259,0.53488,-0.813047,-0.0451121,0,0,0,92.0847,-26.9128,-31.1491
33.2384,0.439683,-0.875287,0.313397,0,0,0,91.6659,-27.0563,-32.2407
33.2509,0.337864,-0.939016,0.667713,0,0,0,91.1203,-27.5939,-33.3129
33.2634,0.230059,-1.0017,1.01346,0,0,0,90.4443,-28.5092,-34.3669
33.2759,0.117147,-1.06076,1.3464,0,0,0,89.6312,-29.7788,-35.4034
33.2884,0.000317266,-1.11369,1.66246,0,0,0,88.6732,-31.3726,-36.4232
33.3009,-0.118873,-1.15813,1.95768,0,0,0,87.5619,-33.2546,-37.4268
33.3134,-0.238462,-1.19205,2.22824,0,0,0,86.2899,-35.3833,-38.4147
33.3259,-0.356075,-1.21381,2.47045,0,0,0,84.8524,-37.7127,-39.3869
33.3384,-0.468952,-1.22227,2.68072,0,0,0,83.2484,-40.1937,-40.3433
33.3509,-0.574007,-1.21689,2.85563,0,0,0,81.4818,-42.775,-41.2838
33.3634,-0.667935,-1.19773,2.99195,0,0,0,79.5625,-45.4046,-42.208
33.3759,-0.747341,-1.16551,3.08671,0,0,0,77.5067,-48.0316,-43.1153
33.3884,-0.808909,-1.12154,3.13736,0,0,0,75.3371,-50.6073,-44.0053
33.4009,-0.849579,-1.06763,3.14183,0,0,0,73.0827,-53.0867,-44.8775
33.4134,-0.866727,-1.00596,3.09874,0,0,0,70.7779,-55.4297,-45.7314
33.4259,-0.858316,-0.938951,3.00746,0,0,0,68.4616,-57.6017,-46.5666
33.4384,-0.823025,-0.869008,2.86826,0,0,0,66.1757,-59.5746,-47.3829
33.4509,-0.760316,-0.798367,2.68233,0,0,0,63.9636,-61.3264,-48.1801
33.4634,-0.670454,-0.728893,2.45185,0,0,0,61.8689,-62.8413,-48.9583
33.4759,-0.55448,-0.661919,2.17987,0,0,0,59.9335,-64.109,-49.7176
33.4884,-0.414137,-0.598139,1.87034,0,0,0,58.1961,-65.1239,-50.4581
33.5009,-0.251786,-0.537551,1.52791,0,0,0,56.6912,-65.8842,-51.1801
33.5134,-0.0703181,-0.479457,1.15792,0,0,0,55.4478,-66.3906,-51.8839
33.5259,0.126929,-0.422527,0.766229,0,0,0,54.4885,-66.6453,-52.5696
33.5384,0.336218,-0.364923,0.359158,0,0,0,53.8292,-66.6513,-53.2374
33.5509,0.553451,-0.304462,-0.0565758,0,0,0,53.4781,-66.4114,-53.8872
33.5634,0.774184,-0.238825,-0.473931,0,0,0,53.4362,-65.928,-54.5186
33.5759,0.993653,-0.165786,-0.885606,0,0,0,53.6968,-65.2025,-55.1311
33.5884,1.20682,-0.0834547,-1.28412,0,0,0,54.2462,-64.2362,-55.7239
33.6009,1.40849,0.00949016,-1.66197,0,0,0,55.0636,-63.03,-56.2959
33.6134,1.59341,0.113592,-2.01177,0,0,0,56.1221,-61.5855,-56.8458
33.6259,1.75659,0.228457,-2.32655,0,0,0,57.3897,-59.9059,-57.3717
33.6384,1.8935,0.352669,-2.6,0,0,0,58.8297,-57.9967,-57.8719
33.6509,2.00043,0.48378,-2.82682,0,0,0,60.4024,-55.8668,-58.3442
33.6634,2.07481,0.618409,-3.00298,0,0,0,62.0665,-53.5294,-58.7865
33.6759,2.11536,0.752425,-3.12597,0,0,0,63.7804,-51.0026,-59.1964
33.6884,2.12229,0.881202,-3.19487,0,0,0,65.5035,-48.3097,-59.5719
33.7009,2.09725,0.99993,-3.21034,0,0,0,67.1984,-45.4794,-59.9109
33.7134,2.04315,1.10393,-3.17447,0,0,0,68.8314,-42.5454,-60.2115
33.7259,1.96391,1.18895,-3.09049,0,0,0,70.3743,-39.5459,-60.4722
33.7384,1.86411,1.25142,-2.96249,0,0,0,71.8049,-36.5225,-60.6918
33.7509,1.74859,1.2886,-2.79501,0,0,0,73.1077,-33.5195,-60.8694
33.7634,1.62214,1.29872,-2.59283,0,0,0,74.2738,-30.5822,-61.0048
33.7759,1.48915,1.28097,-2.36065,0,0,0,75.3007,-27.7557,-61.098
33.7884,1.35348,1.2355,-2.103,0,0,0,76.1917,-25.084,-61.1495
33.8009,1.21823,1.1633,-1.82414,0,0,0,76.9549,-22.6082,-61.1601
33.8134,1.08572,1.06615,-1.528,0,0,0,77.6018,-20.3662,-61.1313
33.8259,0.957509,0.946477,-1.21827,0,0,0,78.1463,-18.3915,-61.0644
33.8384,0.834391,0.807219,-0.898418,0,0,0,78.6029,-16.7128,-60.9615
33.8509,0.716517,0.651735,-0.571723,0,0,0,78.9858,-15.3536,-60.8247
33.8634,0.603493,0.483692,-0.241359,0,0,0,79.3072,-14.3317,-60.6561
33.8759,0.49452,0.306972,0.0895907,0,0,0,79.5767,-13.6595,-60.4582
33.8884,0.388535,0.125593,0.41811,0,0,0,79.8004,-13.3437,-60.2336
33.9009,0.284365,-0.0563659,0.741242,0,0,0,79.9807,-13.3854,-59.9847
33.9134,0.180877,-0.234835,1.05609,0,0,0,80.1159,-13.7797,-59.7141
33.9259,0.0771217,-0.405822,1.35984,0,0,0,80.2008,-14.5164,-59.4246
33.9384,-0.0275332,-0.565491,1.6497,0,0,0,80.2271,-15.5794,-59.1187
33.9509,-0.13329,-0.710237,1.92297,0,0,0,80.1843,-16.9474,-58.799
33.9634,-0.239829,-0.83678,2.17695,0,0,0,80.0609,-18.5933,-58.4681
33.9759,-0.346252,-0.94225,2.40895,0,0,0,79.8456,-20.4855,-58.1285
33.9884,-0.451047,-1.02429,2.61622,0,0,0,79.5286,-22.5875,-57.7827
34.0009,-0.552104,-1.08113,2.79599,0,0,0,79.1027,-24.8594,-57.4329
34.0134,-0.646765,-1.11167,2.94537,0,0,0,78.5648,-27.258,-57.0815
34.0259,-0.73192,-1.11556,3.06147,0,0,0,77.9165,-29.7383,-56.7303
34.0384,-0.804163,-1.09316,3.14141,0,0,0,77.1652,-32.2546,-56.3811
34.0509,-0.859975,-1.04559,3.18245,0,0,0,76.3239,-34.7614,-56.0354
34.0634,-0.895966,-0.974622,3.1822,0,0,0,75.4115,-37.2148,-55.6943
34.0759,-0.909128,-0.882588,3.13877,0,0,0,74.4519,-39.5736,-55.3585
34.0884,-0.897093,-0.772229,3.05101,0,0,0,73.4741,-41.7998,-55.0283
34.1009,-0.858375,-0.646505,2.91874,0,0,0,72.5101,-43.8596,-54.7036
34.1134,-0.792551,-0.508398,2.74292,0,0,0,71.5941,-45.7234,-54.3836
34.1259,-0.700378,-0.360716,2.52572,0,0,0,70.7614,-47.3664,-54.0671
34.1384,-0.583813,-0.205925,2.27062,0,0,0,70.0462,-48.7675,-53.7526
34.1509,-0.445956,-0.0460352,1.98229,0,0,0,69.4805,-49.91,-53.4377
34.1634,-0.290896,0.117457,1.66649,0,0,0,69.093,-50.7801,-53.12
34.1759,-0.123513,0.283551,1.32984,0,0,0,68.9075,-51.3668,-52.7962
34.1884,0.0507788,0.451663,0.979588,0,0,0,68.9421,-51.6612,-52.4629
34.2009,0.2263,0.621488,0.623315,0,0,0,69.2082,-51.656,-52.1163
34.2134,0.39738,0.792822,0.268662,0,0,0,69.7103,-51.3454,-51.7525
34.2259,0.558631,0.965381,-0.0769633,0,0,0,70.4454,-50.7246,-51.3673
34.2384,0.705189,1.13862,-0.406642,0,0,0,71.4031,-49.7904,-50.9564
34.2509,0.832938,1.31159,-0.714183,0,0,0,72.566,-48.5415,-50.5157
34.2634,0.938688,1.48284,-0.994311,0,0,0,73.91,-46.979,-50.0411
34.2759,1.02031,1.65039,-1.2428,0,0,0,75.4051,-45.1072,-49.5289
34.2884,1.07679,1.81177,-1.45655,0,0,0,77.0167,-42.9346,-48.9755
34.3009,1.10826,1.9641,-1.63358,0,0,0,78.7069,-40.4746,-48.3781
34.3134,1.1159,2.10421,-1.77294,0,0,0,80.4361,-37.7462,-47.7341
34.3259,1.10183,2.22886,-1.87459,0,0,0,82.1643,-34.7745,-47.0419
34.3384,1.06897,2.33488,-1.93924,0,0,0,83.8534,-31.5909,-46.3002
34.3509,1.02077,2.41936,-1.96812,0,0,0,85.4686,-28.233,-45.5085
34.3634,0.961081,2.47979,-1.96278,0,0,0,86.9802,-24.7438,-44.6672
34.3759,0.893916,2.5142,-1.92498,0,0,0,88.3645,-21.1716,-43.7772
34.3884,0.823268,2.52122,-1.85648,0,0,0,89.6051,-17.568,-42.8401
34.4009,0.752958,2.50013,-1.75902,0,0,0,90.6935,-13.987,-41.8579
34.4134,0.686495,2.45084,-1.63425,0,0,0,91.6289,-10.4834,-40.8333
34.4259,0.62696,2.37391,-1.48379,0,0,0,92.4177,-7.1116,-39.7694
34.4384,0.576908,2.27041,-1.30926,0,0,0,93.0732,-3.92372,-38.6693
34.451,0.53829,2.1419,-1.11237,0,0,0,93.6138,-0.968768,-37.5365
34.4635,0.512383,1.99032,-0.895045,0,0,0,94.0615,1.70846,-36.3746
34.476,0.499745,1.8179,-0.659489,0,0,0,94.4406,4.06814,-35.1872
34.4885,0.500193,1.62709,-0.408305,0,0,0,94.7757,6.07587,-33.9778
34.501,0.512807,1.42047,-0.144533,0,0,0,95.0898,7.70292,-32.7498
34.5135,0.535973,1.20074,0.12833,0,0,0,95.4028,8.92636,-31.5066
34.526,0.567466,0.97065,0.406367,0,0,0,95.7302,9.72906,-30.2515
34.5385,0.604571,0.733054,0.685316,0,0,0,96.0824,10.0996,-28.9877
34.551,0.644249,0.490882,0.960701,0,0,0,96.4632,10.0324,-27.7184
34.5635,0.683325,0.247185,1.22799,0,0,0,96.8703,9.52744,-26.4468
34.576,0.7187,0.00515048,1.48278,0,0,0,97.2952,8.59082,-25.1761
34.5885,0.747553,-0.231886,1.72096,0,0,0,97.7235,7.23457,-23.9097
34.601,0.767537,-0.460451,1.93891,0,0,0,98.1362,5.47696,-22.6512
34.6135,0.776925,-0.676976,2.13358,0,0,0,98.5107,3.34265,-21.404
34.626,0.774717,-0.877858,2.30259,0,0,0,98.8225,0.862736,-20.1719
34.6385,0.760684,-1.05955,2.44425,0,0,0,99.0468,-1.9254,-18.9587
34.651,0.735359,-1.21869,2.55752,0,0,0,99.1605,-4.97843,-17.7683
34.6635,0.699974,-1.35217,2.64192,0,0,0,99.1437,-8.24769,-16.6043
34.676,0.65635,-1.45731,2.69743,0,0,0,98.9817,-11.6802,-15.4704
34.6885,0.606773,-1.53192,2.72438,0,0,0,98.6658,-15.2195,-14.37
34.701,0.553834,-1.5744,2.72332,0,0,0,98.1952,-18.8076,-13.306
34.7135,0.500277,-1.58379,2.69495,0,0,0,97.5763,-22.3859,-12.2809
34.726,0.448844,-1.55977,2.64006,0,0,0,96.8238,-25.8971,-11.2969
34.7385,0.402122,-1.50272,2.55952,0,0,0,95.9597,-29.2865,-10.3551
34.751,0.362406,-1.41362,2.4543,0,0,0,95.0127,-32.5033,-9.45613
34.7635,0.331573,-1.29402,2.32552,0,0,0,94.0165,-35.5015,-8.6
34.776,0.310967,-1.14598,2.17455,0,0,0,93.0084,-38.2409,-7.78582
34.7885,0.301318,-0.971979,2.00308,0,0,0,92.0277,-40.6869,-7.01204
34.801,0.302684,-0.774824,1.81318,0,0,0,91.1133,-42.8112,-6.27644
34.8135,0.31443,-0.557571,1.60738,0,0,0,90.3024,-44.5908,-5.57623
34.826,0.335261,-0.323462,1.38865,0,0,0,89.6283,-46.0082,-4.90811
34.8385,0.363293,-0.0758701,1.16039,0,0,0,89.1191,-47.0501,-4.26837
34.851,0.396172,0.181734,0.926302,0,0,0,88.7966,-47.7076,-3.65305
34.8635,0.431239,0.445799,0.690313,0,0,0,88.6751,-47.975,-3.05801
34.876,0.465715,0.712703,0.456382,0,0,0,88.7607,-47.8498,-2.47907
34.8885,0.496893,0.978754,0.228343,0,0,0,89.0514,-47.3325,-1.91212
34.901,0.52233,1.2402,0.00973993,0,0,0,89.5369,-46.4265,-1.35322
34.9135,0.540006,1.49323,-0.196306,0,0,0,90.1992,-45.1384,-0.798714
34.926,0.548446,1.73402,-0.387193,0,0,0,91.0133,-43.4788,-0.245314
34.9385,0.546796,1.9588,-0.560884,0,0,0,91.9484,-41.4625,0.309841
34.951,0.534854,2.16386,-0.715896,0,0,0,92.9694,-39.1093,0.869113
34.9635,0.513053,2.3457,-0.851247,0,0,0,94.0384,-36.4444,1.43433
34.976,0.482413,2.50108,-0.966367,0,0,0,95.1164,-33.4991,2.00677
34.9885,0.444472,2.62709,-1.06098,0,0,0,96.1655,-30.3105,2.58714
35.001,0.401201,2.7213,-1.135,0,0,0,97.1508,-26.9216,3.17558
35.0135,0.354916,2.78176,-1.18838,0,0,0,98.0418,-23.3809,3.77173
35.026,0.308189,2.80711,-1.22108,0,0,0,98.814,-19.7412,4.37473
35.0385,0.263753,2.79657,-1.23293,0,0,0,99.4502,-16.0586,4.98329
35.051,0.224413,2.75,-1.22369,0,0,0,99.9412,-12.3915,5.59574
35.0635,0.192936,2.66788,-1.193,0,0,0,100.286,-8.79841,6.21011
35.076,0.171931,2.55127,-1.14051,0,0,0,100.49,-5.33701,6.82418
35.0885,0.163709,2.40177,-1.06596,0,0,0,100.568,-2.06244,7.43555
35.101,0.170123,2.22144,-0.969356,0,0,0,100.538,0.973875,8.04167
35.1135,0.192393,2.01278,-0.851136,0,0,0,100.425,3.72525,8.63992
35.126,0.230944,1.77856,-0.712382,0,0,0,100.254,6.1505,9.22761
35.1385,0.285259,1.52181,-0.554961,0,0,0,100.052,8.21435,9.802
35.151,0.353796,1.24576,-0.381645,0,0,0,99.8446,9.88771,10.3604
35.1635,0.433985,0.953739,-0.196137,0,0,0,99.6547,11.1476,10.8999
35.176,0.522324,0.649194,-0.00298288,0,0,0,99.5006,11.9772,11.4178
35.1885,0.614592,0.335691,0.192618,0,0,0,99.3954,12.3655,11.9113
35.201,0.706159,0.0169219,0.385115,0,0,0,99.3457,12.3071,12.3774
35.2135,0.792365,-0.303265,0.568974,0,0,0,99.3515,11.8025,12.8133
35.226,0.868912,-0.620849,0.739067,0,0,0,99.4061,10.8576,13.2161
35.2385,0.932228,-0.931644,0.891025,0,0,0,99.4967,9.48395,13.5828
35.251,0.979742,-1.23133,1.0215,0,0,0,99.6049,7.69915,13.9105
35.2635,1.01003,-1.51551,1.12832,0,0,0,99.7081,5.52662,14.1965
35.276,1.02285,-1.77982,1.21049,0,0,0,99.7808,2.99591,14.438
35.2885,1.01902,-2.02005,1.26806,0,0,0,99.7966,0.142609,14.6326
35.301,1.00025,-2.23223,1.30198,0,0,0,99.7298,-2.99186,14.778
35.3135,0.968881,-2.41279,1.31379,0,0,0,99.557,-6.36071,14.8724
35.326,0.927672,-2.55865,1.3054,0,0,0,99.2595,-9.9125,14.9143
35.3385,0.879532,-2.66728,1.27885,0,0,0,98.8243,-13.5922,14.9026
35.351,0.827352,-2.7368,1.23614,0,0,0,98.2453,-17.3424,14.8369
35.3635,0.773857,-2.76599,1.17907,0,0,0,97.5245,-21.1048,14.7171
35.376,0.721504,-2.75431,1.10924,0,0,0,96.6717,-24.8216,14.5438
35.3885,0.672414,-2.70191,1.02799,0,0,0,95.705,-28.437,14.318
35.401,0.628335,-2.60958,0.936428,0,0,0,94.6494,-31.8988,14.0413
35.4135,0.59061,-2.47873,0.835531,0,0,0,93.5363,-35.1591,13.7154
35.426,0.560158,-2.31135,0.726189,0,0,0,92.4015,-38.1756,13.3426
35.4385,0.537464,-2.10999,0.609303,0,0,0,91.284,-40.9116,12.9254
35.451,0.522568,-1.87763,0.485875,0,0,0,90.2234,-43.3364,12.4664
35.4635,0.515072,-1.61771,0.357064,0,0,0,89.259,-45.4252,11.9683
35.476,0.514152,-1.334,0.224241,0,0,0,88.4269,-47.1586,11.4337
35.4885,0.518607,-1.03062,0.0889884,0,0,0,87.7591,-48.5218,10.8653
35.501,0.526919,-0.71191,-0.0469185,0,0,0,87.2817,-49.5043,10.2656
35.5135,0.537352,-0.382449,-0.181577,0,0,0,87.0139,-50.099,9.63685
35.526,0.548064,-0.0469609,-0.313047,0,0,0,86.9671,-50.3018,8.98116
35.5385,0.557232,0.28972,-0.439458,0,0,0,87.1444,-50.1113,8.3005
35.551,0.563179,0.622706,-0.559124,0,0,0,87.5405,-49.5287,7.59665
35.5635,0.564484,0.947119,-0.670639,0,0,0,88.1418,-48.5578,6.87123
35.576,0.560065,1.25815,-0.77295,0,0,0,88.9271,-47.2058,6.12576
35.5885,0.549227,1.55114,-0.865391,0,0,0,89.8684,-45.4834,5.3617
35.601,0.531675,1.82165,-0.947684,0,0,0,90.932,-43.4058,4.58046
35.6135,0.507496,2.06551,-1.0199,0,0,0,92.0803,-40.993,3.78345
35.626,0.477114,2.27895,-1.08238,0,0,0,93.2732,-38.271,2.97211
35.6385,0.441234,2.45862,-1.13568,0,0,0,94.4699,-35.2716,2.1479
35.651,0.400779,2.60168,-1.18042,0,0,0,95.6313,-32.0325,1.31235
35.6635,0.356833,2.70581,-1.21728,0,0,0,96.7213,-28.5977,0.466986
35.676,0.310599,2.76933,-1.24683,0,0,0,97.709,-25.0163,-0.386655
35.6885,0.263359,2.79113,-1.26952,0,0,0,98.5696,-21.3418,-1.24708
35.701,0.216451,2.77078,-1.28562,0,0,0,99.2859,-17.631,-2.1129
35.7135,0.171248,2.70848,-1.29521,0,0,0,99.8487,-13.9424,-2.98286
35.726,0.129137,2.60508,-1.29813,0,0,0,100.257,-10.3347,-3.85595
35.7385,0.0914933,2.46204,-1.29408,0,0,0,100.517,-6.86536,-4.73142
35.751,0.0596347,2.28144,-1.28264,0,0,0,100.643,-3.58916,-5.60884
35.7635,0.0347655,2.06592,-1.26332,0,0,0,100.653,-0.556794,-6.48818
35.776,0.017897,1.81862,-1.23572,0,0,0,100.571,2.18601,-7.3698
35.7885,0.0097591,1.54317,-1.19961,0,0,0,100.422,4.59922,-8.25449
35.801,0.0107108,1.24356,-1.15507,0,0,0,100.23,6.64898,-9.14345
35.8135,0.0206656,0.924139,-1.10255,0,0,0,100.021,8.30777,-10.0383
35.826,0.039051,0.589489,-1.04299,0,0,0,99.8153,9.55446,-10.9409
35.8385,0.0648171,0.24439,-0.977772,0,0,0,99.6294,10.3742,-11.8536
35.851,0.0965034,-0.106269,-0.908715,0,0,0,99.4743,10.7582,-12.7789
35.8635,0.132359,-0.457547,-0.83793,0,0,0,99.3548,10.7038,-13.7192
35.876,0.170505,-0.804517,-0.767685,0,0,0,99.2693,10.214,-14.6772
35.8885,0.209107,-1.14232,-0.70023,0,0,0,99.2095,9.29795,-15.6554
35.901,0.246541,-1.46623,-0.63763,0,0,0,99.1616,7.9705,-16.6562
35.9135,0.281521,-1.7717,-0.581643,0,0,0,99.1067,6.25263,-17.6815
35.926,0.313178,-2.05441,-0.533632,0,0,0,99.0222,4.17134,-18.7331
35.9385,0.341078,-2.31036,-0.494545,0,0,0,98.8837,1.75971,-19.8121
35.951,0.365201,-2.53588,-0.464924,0,0,0,98.666,-0.943346,-20.9191
35.9635,0.385879,-2.72772,-0.444961,0,0,0,98.3453,-3.89339,-22.0543
35.976,0.403706,-2.88306,-0.434568,0,0,0,97.9012,-7.04115,-23.2169
35.9885,0.419457,-2.99961,-0.433437,0,0,0,97.3177,-10.3334,-24.406
36.001,0.433988,-3.07559,-0.441116,0,0,0,96.585,-13.7141,-25.6197
36.0135,0.448161,-3.1098,-0.457042,0,0,0,95.7003,-17.1257,-26.856
36.026,0.462772,-3.10161,-0.480578,0,0,0,94.6683,-20.5108,-28.1122
36.0385,0.47849,-3.05099,-0.511017,0,0,0,93.5014,-23.8135,-29.3855
36.051,0.495807,-2.95851,-0.547578,0,0,0,92.2192,-26.9807,-30.6728
36.0635,0.515001,-2.82532,-0.589388,0,0,0,90.8475,-29.9639,-31.971
36.076,0.536102,-2.65316,-0.63546,0,0,0,89.4173,-32.7193,-33.277
36.0886,0.558879,-2.4443,-0.684678,0,0,0,87.9628,-35.2095,-34.5879
36.1011,0.582834,-2.20157,-0.73578,0,0,0,86.5202,-37.403,-35.9009
36.1136,0.607222,-1.92827,-0.787374,0,0,0,85.1255,-39.2747,-37.2137
36.1261,0.631088,-1.62815,-0.837963,0,0,0,83.813,-40.8056,-38.5241
36.1386,0.653334,-1.30537,-0.886001,0,0,0,82.6134,-41.982,-39.8305
36.1511,0.672801,-0.964455,-0.929969,0,0,0,81.5524,-42.7951,-41.1313
36.1636,0.688369,-0.610203,-0.968473,0,0,0,80.6499,-43.2404,-42.4254
36.1761,0.699063,-0.247644,-1.00034,0,0,0,79.9187,-43.3169,-43.7119
36.1886,0.704143,0.118044,-1.02469,0,0,0,79.3642,-43.0269,-44.99
36.2011,0.703174,0.481615,-1.04105,0,0,0,78.9843,-42.3753,-46.2588
36.2136,0.696063,0.837839,-1.04932,0,0,0,78.7693,-41.3698,-47.5177
36.2261,0.683055,1.18159,-1.04984,0,0,0,78.7029,-40.0211,-48.7657
36.2386,0.664694,1.50792,-1.04329,0,0,0,78.7623,-38.3426,-50.0018
36.2511,0.641752,1.81215,-1.03064,0,0,0,78.9198,-36.3515,-51.2248
36.2636,0.615145,2.08995,-1.01305,0,0,0,79.1438,-34.0686,-52.4331
36.2761,0.585843,2.33738,-0.991817,0,0,0,79.4006,-31.5191,-53.6249
36.2886,0.554792,2.55095,-0.968229,0,0,0,79.6558,-28.7324,-54.7982
36.3011,0.522844,2.72769,-0.943536,0,0,0,79.8761,-25.7426,-55.9507
36.3136,0.490718,2.86517,-0.918888,0,0,0,80.0308,-22.5881,-57.08
36.3261,0.45897,2.96154,-0.895294,0,0,0,80.0936,-19.3107,-58.1837
36.3386,0.427995,3.01553,-0.87362,0,0,0,80.0435,-15.9556,-59.2593
36.3511,0.398034,3.02647,-0.85457,0,0,0,79.866,-12.5697,-60.3044
36.3636,0.369197,2.99432,-0.838702,0,0,0,79.5538,-9.20073,-61.317
36.3761,0.341499,2.91965,-0.826419,0,0,0,79.1064,-5.8959,-62.2951
36.3886,0.314895,2.80362,-0.817982,0,0,0,78.5306,-2.70063,-63.2375
36.4011,0.289319,2.64796,-0.813508,0,0,0,77.8393,0.342627,-64.1431
36.4136,0.264727,2.45497,-0.812973,0,0,0,77.0507,3.19542,-65.0115
36.4261,0.241136,2.22746,-0.816199,0,0,0,76.1868,5.82404,-65.8427
36.4386,0.218653,1.96874,-0.822864,0,0,0,75.2723,8.20006,-66.6375
36.4511,0.197496,1.68254,-0.832499,0,0,0,74.333,10.3005,-67.3967
36.4636,0.177999,1.37297,-0.8445,0,0,0,73.3941,12.108,-68.122
36.4761,0.160606,1.04449,-0.858161,0,0,0,72.479,13.6104,-68.8153
36.4886,0.145838,0.701808,-0.872708,0,0,0,71.6081,14.8004,-69.4788
36.5011,0.134248,0.349842,-0.887352,0,0,0,70.7976,15.6753,-70.115
36.5136,0.12637,-0.00636071,-0.901352,0,0,0,70.0594,16.2365,-70.7264
36.5261,0.122664,-0.361687,-0.914063,0,0,0,69.4,16.4891,-71.3158
36.5386,0.123465,-0.711035,-0.924988,0,0,0,68.8209,16.4416,-71.8857
36.5511,0.128955,-1.04938,-0.9338,0,0,0,68.3186,16.1057,-72.4387
36.5636,0.139148,-1.37187,-0.940347,0,0,0,67.885,15.4963,-72.9772
36.5761,0.153894,-1.67384,-0.944637,0,0,0,67.5081,14.6312,-73.5032
36.5886,0.172905,-1.95096,-0.946794,0,0,0,67.1732,13.5313,-74.0187
36.6011,0.195782,-2.19924,-0.947016,0,0,0,66.8634,12.2208,-74.5252
36.6136,0.222044,-2.41511,-0.945518,0,0,0,66.5611,10.7266,-75.0239
36.6261,0.25116,-2.59544,-0.942482,0,0,0,66.249,9.0787,-75.5158
36.6386,0.282561,-2.73767,-0.938008,0,0,0,65.9115,7.30946,-76.0013
36.6511,0.315655,-2.83974,-0.932088,0,0,0,65.5353,5.45342,-76.4808
36.6636,0.349823,-2.90022,-0.92457,0,0,0,65.1104,3.54659,-76.9543
36.6761,0.384419,-2.91825,-0.915147,0,0,0,64.6311,1.62578,-77.4214
36.6886,0.418758,-2.89361,-0.903354,0,0,0,64.0958,-0.272228,-77.8818
36.7011,0.452113,-2.82672,-0.888577,0,0,0,63.5072,-2.1115,-78.3346
36.7136,0.48372,-2.71861,-0.870067,0,0,0,62.8722,-3.85774,-78.7792
36.7261,0.512786,-2.57092,-0.846972,0,0,0,62.2016,-5.47907,-79.2146
36.7386,0.538521,-2.38589,-0.81839,0,0,0,61.5086,-6.94655,-79.6397
36.7511,0.560175,-2.16629,-0.78342,0,0,0,60.8086,-8.23466,-80.0536
36.7636,0.577094,-1.91541,-0.74124,0,0,0,60.1182,-9.32154,-80.4552
36.7761,0.588785,-1.63701,-0.69118,0,0,0,59.4533,-10.1891,-80.8433
36.7886,0.594983,-1.33523,-0.632801,0,0,0,58.8292,-10.8229,-81.2169
36.8011,0.595708,-1.01454,-0.565968,0,0,0,58.2586,-11.2122,-81.5747
36.8136,0.59131,-0.679639,-0.490891,0,0,0,57.7516,-11.3495,-81.9157
36.8261,0.58248,-0.335434,-0.408152,0,0,0,57.3145,-11.2303,-82.2384
36.8386,0.570233,0.0130799,-0.318681,0,0,0,56.9499,-10.8531,-82.5417
36.8511,0.555853,0.360879,-0.223711,0,0,0,56.6559,-10.2193,-82.8243
36.8636,0.540808,0.702977,-0.124697,0,0,0,56.4267,-9.33281,-83.0848
36.8761,0.526648,1.03449,-0.023216,0,0,0,56.2526,-8.20034,-83.3218
36.8886,0.514893,1.35069,0.0791345,0,0,0,56.1205,-6.83143,-83.5338
36.9011,0.506924,1.64709,0.180828,0,0,0,56.0145,-5.2386,-83.7195
36.9136,0.503902,1.91945,0.280479,0,0,0,55.9171,-3.43742,-83.8774
36.9261,0.506695,2.16388,0.37688,0,0,0,55.81,-1.44667,-84.0062
36.9386,0.515839,2.37685,0.469015,0,0,0,55.6751,0.711754,-84.1048
36.9511,0.53152,2.55528,0.556028,0,0,0,55.4958,3.01293,-84.172
36.9636,0.553567,2.69656,0.637183,0,0,0,55.258,5.42925,-84.207
36.9761,0.581462,2.7986,0.711798,0,0,0,54.951,7.93086,-84.2093
36.9886,0.614353,2.85988,0.779174,0,0,0,54.5686,10.4864,-84.1783
37.0011,0.651067,2.87949,0.838526,0,0,0,54.1095,13.0635,-84.1141
37.0136,0.690134,2.85713,0.888929,0,0,0,53.5775,15.6301,-84.0169
37.0261,0.729812,2.79315,0.929277,0,0,0,52.9816,18.1547,-83.8872
37.0386,0.768127,2.68856,0.958277,0,0,0,52.3361,20.6078,-83.7256
37.0511,0.802939,2.54499,0.974472,0,0,0,51.6595,22.962,-83.5333
37.0636,0.832031,2.36471,0.976317,0,0,0,50.974,25.193,-83.3114
37.0761,0.853238,2.15054,0.962291,0,0,0,50.3046,27.2797,-83.0611
37.0886,0.864609,1.90584,0.931058,0,0,0,49.6777,29.2041,-82.784
37.1011,0.864584,1.6344,0.881649,0,0,0,49.1204,30.9518,-82.4813
37.1136,0.852189,1.34039,0.813664,0,0,0,48.6591,32.5111,-82.1546
37.1261,0.827194,1.0282,0.727437,0,0,0,48.3182,33.873,-81.8051
37.1386,0.790226,0.702431,0.624164,0,0,0,48.1196,35.0305,-81.4341
37.1511,0.742796,0.367725,0.505935,0,0,0,48.0816,35.978,-81.0428
37.1636,0.687226,0.0287278,0.37567,0,0,0,48.2181,36.7113,-80.6319
37.1761,0.626476,-0.309982,0.236958,0,0,0,48.5382,37.227,-80.2023
37.1886,0.563894,-0.643938,0.0938134,0,0,0,49.0458,37.522,-79.7547
37.2011,0.502918,-0.968816,-0.0496146,0,0,0,49.7396,37.5942,-79.2895
37.2136,0.446778,-1.28045,-0.189326,0,0,0,50.6128,37.4423,-78.8072
37.2261,0.398243,-1.57486,-0.321713,0,0,0,51.6534,37.066,-78.308
37.2386,0.359428,-1.84827,-0.443735,0,0,0,52.8448,36.4671,-77.7923
37.2511,0.331696,-2.09714,-0.553001,0,0,0,54.1663,35.6495,-77.2601
37.2636,0.315628,-2.31821,-0.64777,0,0,0,55.5939,34.6203,-76.7117
37.2761,0.311074,-2.50857,-0.726886,0,0,0,57.1011,33.3902,-76.1475
37.2886,0.317237,-2.66568,-0.789657,0,0,0,58.6603,31.9741,-75.5676
37.3011,0.332795,-2.78748,-0.83572,0,0,0,60.2437,30.3912,-74.9724
37.3136,0.356018,-2.87241,-0.864907,0,0,0,61.8247,28.6657,-74.3622
37.3261,0.384887,-2.91948,-0.877124,0,0,0,63.3789,26.8259,-73.7375
37.3386,0.417201,-2.92828,-0.872259,0,0,0,64.8852,24.9043,-73.0986
37.3511,0.450672,-2.89901,-0.850131,0,0,0,66.3265,22.937,-72.4459
37.3636,0.483012,-2.83248,-0.810476,0,0,0,67.6903,20.9628,-71.7798
37.3761,0.512024,-2.7301,-0.752972,0,0,0,68.9687,19.0219,-71.1004
37.3886,0.535686,-2.59386,-0.677295,0,0,0,70.1588,17.1555,-70.4078
37.4011,0.552249,-2.42622,-0.583222,0,0,0,71.2616,15.4042,-69.702
37.4136,0.560335,-2.23012,-0.470722,0,0,0,72.282,13.8077,-68.9826
37.4261,0.559034,-2.00887,-0.340093,0,0,0,73.2273,12.4029,-68.2491
37.4386,0.547994,-1.76605,-0.19207,0,0,0,74.1062,11.2243,-67.5007
37.4511,0.527485,-1.50547,-0.0279117,0,0,0,74.9281,10.3025,-66.7364
37.4636,0.498427,-1.23107,0.150534,0,0,0,75.7012,9.6642,-65.955
37.4761,0.462371,-0.946864,0.340836,0,0,0,76.4323,9.33149,-65.1551
37.4886,0.42143,-0.656886,0.540027,0,0,0,77.1248,9.32182,-64.3353
37.5011,0.378148,-0.365166,0.744711,0,0,0,77.7792,9.64754,-63.4938
37.5136,0.335331,-0.0757063,0.951219,0,0,0,78.3919,10.3157,-62.629
37.5261,0.295847,0.207534,1.15579,0,0,0,78.9554,11.3278,-61.7396
37.5386,0.262415,0.480647,1.35477,0,0,0,79.4585,12.6795,-60.8239
37.5511,0.237415,0.739789,1.54475,0,0,0,79.887,14.3605,-59.881
37.5636,0.222718,0.981215,1.72275,0,0,0,80.2243,16.3545,-58.9099
37.5761,0.219576,1.20132,1.88625,0,0,0,80.453,18.639,-57.9101
37.5886,0.228557,1.39669,2.03324,0,0,0,80.5558,21.1855,-56.8815
37.6011,0.249533,1.56419,2.16218,0,0,0,80.5171,23.9599,-55.8246
37.6136,0.281715,1.70103,2.27195,0,0,0,80.3245,26.9233,-54.7401
37.6261,0.323719,1.80487,2.36171,0,0,0,79.9702,30.0325,-53.6294
37.6386,0.37366,1.87389,2.4308,0,0,0,79.4521,33.2413,-52.4941
37.6511,0.429253,1.90685,2.47865,0,0,0,78.7745,36.5018,-51.3362
37.6636,0.487933,1.90317,2.50471,0,0,0,77.9491,39.7656,-50.1581
37.6761,0.546971,1.86296,2.50836,0,0,0,76.9946,42.9853,-48.9622
37.6886,0.603602,1.78702,2.48894,0,0,0,75.9368,46.116,-47.751
37.7011,0.655159,1.67681,2.44581,0,0,0,74.8075,49.116,-46.5271
37.7136,0.699212,1.53447,2.37839,0,0,0,73.6435,51.948,-45.2926
37.7262,0.733709,1.36269,2.2863,0,0,0,72.4855,54.5798,-44.0498
37.7387,0.757112,1.16461,2.1695,0,0,0,71.376,56.9841,-42.8003
37.7512,0.768523,0.943807,2.02842,0,0,0,70.3582,59.1389,-41.5454
37.7637,0.767769,0.704064,1.86409,0,0,0,69.4737,61.0266,-40.286
37.7762,0.755453,0.449339,1.67819,0,0,0,68.7615,62.6339,-39.0226
37.7887,0.732941,0.18363,1.47309,0,0,0,68.2559,63.9505,-37.7553
37.8012,0.702288,-0.089102,1.25181,0,0,0,67.9859,64.9686,-36.4836
37.8137,0.666116,-0.364991,1.01792,0,0,0,67.9734,65.6824,-35.2071
37.8262,0.627425,-0.640303,0.775386,0,0,0,68.2331,66.0867,-33.9248
37.8387,0.589387,-0.911441,0.528374,0,0,0,68.7715,66.1775,-32.6359
37.8512,0.555129,-1.17495,0.28108,0,0,0,69.5867,65.9512,-31.3394
37.8637,0.527517,-1.4275,0.0375315,0,0,0,70.6686,65.4051,-30.0346
37.8762,0.50898,-1.66589,-0.198557,0,0,0,71.9989,64.5378,-28.7207
37.8887,0.501368,-1.88702,-0.423883,0,0,0,73.5518,63.3501,-27.3977
37.9012,0.505854,-2.08798,-0.635605,0,0,0,75.2948,61.8456,-26.0655
37.9137,0.522891,-2.266,-0.83134,0,0,0,77.1899,60.0321,-24.7248
37.9262,0.552196,-2.41858,-1.0091,0,0,0,79.1952,57.9222,-23.3767
37.9387,0.592775,-2.54354,-1.16723,0,0,0,81.266,55.5343,-22.0226
37.9512,0.642968,-2.63907,-1.30426,0,0,0,83.3569,52.8933,-20.6647
37.9637,0.700507,-2.70387,-1.41881,0,0,0,85.424,50.0307,-19.3054
37.9762,0.762591,-2.73716,-1.5095,0,0,0,87.4258,46.985,-17.9473
37.9887,0.825966,-2.73878,-1.57485,0,0,0,89.3259,43.8004,-16.5936
38.0012,0.887022,-2.7092,-1.61324,0,0,0,91.0936,40.5269,-15.2473
38.0137,0.941913,-2.64957,-1.62293,0,0,0,92.7053,37.2184,-13.9114
38.0262,0.986696,-2.56163,-1.6021,0,0,0,94.1448,33.9316,-12.5888
38.0387,1.0175,-2.44771,-1.54899,0,0,0,95.4039,30.7244,-11.2823
38.0512,1.03073,-2.31059,-1.46205,0,0,0,96.4814,27.654,-9.99416
38.0637,1.02329,-2.15338,-1.34016,0,0,0,97.383,24.7759,-8.72617
38.0762,0.992786,-1.97937,-1.18289,0,0,0,98.1192,22.1417,-7.47973
38.0887,0.937787,-1.79187,-0.990639,0,0,0,98.7046,19.7988,-6.25566
38.1012,0.857967,-1.59402,-0.764929,0,0,0,99.1558,17.7886,-5.05429
38.1137,0.754242,-1.3887,-0.508471,0,0,0,99.4899,16.1464,-3.87544
38.1262,0.628809,-1.17837,-0.225238,0,0,0,99.7228,14.9006,-2.71847
38.1387,0.485098,-0.965094,0.0795817,0,0,0,99.8678,14.0726,-1.5824
38.1512,0.327634,-0.75052,0.399721,0,0,0,99.9344,13.6765,-0.465945
38.1637,0.161811,-0.53598,0.728068,0,0,0,99.9277,13.7191,0.632361
38.1762,-0.00639849,-0.322618,1.05696,0,0,0,99.8476,14.1996,1.71408
38.1887,-0.170792,-0.111556,1.37855,0,0,0,99.6895,15.1103,2.78079
38.2012,-0.325303,0.0959492,1.68515,0,0,0,99.4441,16.4359,3.83395
38.2137,-0.464366,0.298355,1.96964,0,0,0,99.0985,18.154,4.87487
38.2262,-0.583252,0.493738,2.22577,0,0,0,98.6377,20.2351,5.90464
38.2387,-0.678337,0.679754,2.44844,0,0,0,98.0455,22.6433,6.92406
38.2512,-0.747278,0.853673,2.63386,0,0,0,97.3066,25.3363,7.93365
38.2637,-0.789094,1.01247,2.77961,0,0,0,96.4081,28.2665,8.9336
38.2762,-0.804123,1.15298,2.88461,0,0,0,95.341,31.3819,9.92383
38.2887,-0.793888,1.27207,2.94897,0,0,0,94.1019,34.6273,10.904
38.3012,-0.76088,1.36683,2.97377,0,0,0,92.6941,37.9458,11.8734
38.3137,-0.708291,1.43477,2.96078,0,0,0,91.1281,41.2802,12.8315
38.3262,-0.639736,1.47393,2.91228,0,0,0,89.4221,44.5747,13.7772
38.3387,-0.558979,1.48304,2.83074,0,0,0,87.6019,47.7765,14.7098
38.3512,-0.469693,1.46154,2.7187,0,0,0,85.7001,50.8368,15.6281
38.3637,-0.375266,1.40964,2.57865,0,0,0,83.7551,53.7125,16.5313
38.3762,-0.278648,1.32828,2.41293,0,0,0,81.8093,56.3663,17.4187
38.3887,-0.182247,1.2191,2.22379,0,0,0,79.9083,58.7676,18.2895
38.4012,-0.0878658,1.08436,2.01333,0,0,0,78.0981,60.8921,19.143
38.4137,0.00332539,0.926849,1.78364,0,0,0,76.4239,62.7215,19.9787
38.4262,0.0907843,0.749812,1.53678,0,0,0,74.9282,64.243,20.7962
38.4387,0.174561,0.556837,1.27493,0,0,0,73.6491,65.4482,21.5951
38.4512,0.255236,0.351778,1.00032,0,0,0,72.6189,66.3321,22.3749
38.4637,0.333834,0.138668,0.715355,0,0,0,71.8632,66.8925,23.1351
38.4762,0.411714,-0.0783491,0.422531,0,0,0,71.3999,67.1285,23.8752
38.4887,0.490442,-0.295085,0.124469,0,0,0,71.2384,67.0404,24.5943
38.5012,0.571651,-0.507361,-0.176137,0,0,0,71.3799,66.629,25.2914
38.5137,0.656896,-0.711063,-0.476545,0,0,0,71.8168,65.8959,25.9653
38.5262,0.74751,-0.902201,-0.773992,0,0,0,72.5333,64.8431,26.6145
38.5387,0.844457,-1.07697,-1.0657,0,0,0,73.5058,63.4741,27.2372
38.5512,0.948207,-1.2318,-1.34886,0,0,0,74.7038,61.7945,27.8313
38.5637,1.05862,-1.36351,-1.62062,0,0,0,76.0911,59.8127,28.3945
38.5762,1.17487,-1.4693,-1.87797,0,0,0,77.627,57.541,28.9243
38.5887,1.29533,-1.54695,-2.11774,0,0,0,79.2675,54.9966,29.4182
38.6012,1.41762,-1.59487,-2.3365,0,0,0,80.9679,52.202,29.8736
38.6137,1.53853,-1.61224,-2.53052,0,0,0,82.6836,49.1858,30.2879
38.6262,1.65416,-1.59908,-2.69576,0,0,0,84.3727,45.9827,30.6586
38.6387,1.75998,-1.55634,-2.82791,0,0,0,85.9971,42.633,30.9836
38.6512,1.85112,-1.48589,-2.92258,0,0,0,87.5244,39.1825,31.2612
38.6637,1.92257,-1.3905,-2.97545,0,0,0,88.9287,35.6813,31.4898
38.6762,1.96957,-1.27373,-2.98262,0,0,0,90.1916,32.1824,31.6685
38.6887,1.98798,-1.13976,-2.94091,0,0,0,91.3025,28.7404,31.7968
38.7012,1.97463,-0.993175,-2.84824,0,0,0,92.2584,25.4103,31.8749
38.7137,1.92762,-0.838633,-2.70389,0,0,0,93.0632,22.2455,31.9031
38.7262,1.84659,-0.680598,-2.50876,0,0,0,93.7266,19.2968,31.8827
38.7387,1.73271,-0.523044,-2.26542,0,0,0,94.2633,16.6111,31.8151
38.7512,1.58864,-0.369213,-1.97805,0,0,0,94.6905,14.2305,31.7021
38.7637,1.41836,-0.221459,-1.65225,0,0,0,95.0272,12.1916,31.5461
38.7762,1.22685,-0.0811784,-1.29477,0,0,0,95.2917,10.5248,31.3494
38.7887,1.01977,0.0511571,-0.913196,0,0,0,95.5007,9.25429,31.1148
38.8012,0.803174,0.17588,-0.515596,0,0,0,95.6675,8.39789,30.845
38.8137,0.5832,0.29394,-0.110251,0,0,0,95.8013,7.96684,30.5432
38.8262,0.365846,0.406668,0.294615,0,0,0,95.9062,7.96589,30.2123
38.8387,0.156787,0.515527,0.691041,0,0,0,95.9813,8.39327,29.8555
38.8512,-0.0387693,0.621869,1.07151,0,0,0,96.0205,9.24071,29.4757
38.8637,-0.216211,0.726712,1.42909,0,0,0,96.0131,10.4934,29.0762
38.8762,-0.371626,0.830585,1.75758,0,0,0,95.9449,12.13,28.6601
38.8887,-0.501906,0.933409,2.05163,0,0,0,95.7989,14.1227,28.2305
38.9012,-0.604836,1.03446,2.30681,0,0,0,95.5574,16.4377,27.7903
38.9137,-0.67916,1.13242,2.51975,0,0,0,95.2031,19.0352,27.3427
38.9262,-0.72461,1.22543,2.68812,0,0,0,94.7211,21.8701,26.8906
38.9387,-0.741896,1.31128,2.81062,0,0,0,94.1001,24.8932,26.4367
38.9512,-0.732632,1.38756,2.88697,0,0,0,93.3341,28.0518,25.9837
38.9637,-0.699218,1.45188,2.91772,0,0,0,92.4237,31.2912,25.5341
38.9762,-0.644674,1.50205,2.90417,0,0,0,91.3762,34.5561,25.0899
38.9887,-0.572452,1.53624,2.84819,0,0,0,90.2066,37.7922,24.653
39.0012,-0.486229,1.55316,2.75204,0,0,0,88.937,40.9471,24.2248
39.0137,-0.389718,1.55208,2.61828,0,0,0,87.596,43.9722,23.8062
39.0262,-0.286485,1.53295,2.44963,0,0,0,86.218,46.8236,23.3977
39.0387,-0.179816,1.49635,2.2489,0,0,0,84.8414,49.4623,22.9992
39.0512,-0.0725961,1.44344,2.01899,0,0,0,83.5074,51.8554,22.6101
39.0637,0.0327508,1.37596,1.76288,0,0,0,82.2577,53.9754,22.229
39.0762,0.134305,1.29604,1.48364,0,0,0,81.1334,55.8004,21.8541
39.0887,0.230651,1.20617,1.18448,0,0,0,80.1728,57.3134,21.483
39.1012,0.320852,1.10906,0.86878,0,0,0,79.4098,58.5017,21.1129
39.1137,0.404395,1.00752,0.540121,0,0,0,78.8728,59.3559,20.7401
39.1262,0.481128,0.904382,0.202292,0,0,0,78.5833,59.8693,20.361
39.1387,0.55117,0.802409,-0.140705,0,0,0,78.5552,60.0372,19.9712
39.1512,0.61482,0.704203,-0.484679,0,0,0,78.7942,59.8569,19.5664
39.1637,0.672467,0.61215,-0.825286,0,0,0,79.2975,59.3267,19.1419
39.1762,0.724504,0.528368,-1.15808,0,0,0,80.0538,58.4469,18.6931
39.1887,0.771251,0.454661,-1.47858,0,0,0,81.0437,57.2196,18.2154
39.2012,0.8129,0.392484,-1.78234,0,0,0,82.2406,55.6497,17.7043
39.2137,0.849481,0.342914,-2.065,0,0,0,83.6112,53.7452,17.1557
39.2262,0.880852,0.306632,-2.3224,0,0,0,85.1172,51.5188,16.5658
39.2387,0.906716,0.28391,-2.55065,0,0,0,86.7165,48.9881,15.9316
39.2512,0.926659,0.274614,-2.74618,0,0,0,88.3652,46.1766,15.2503
39.2637,0.940212,0.278215,-2.90585,0,0,0,90.0193,43.114,14.5202
39.2762,0.946918,0.29382,-3.02702,0,0,0,91.6367,39.8368,13.7399
39.2887,0.946418,0.320219,-3.1076,0,0,0,93.1788,36.3874,12.9093
39.3012,0.938523,0.355945,-3.14611,0,0,0,94.6123,32.8141,12.0285
39.3137,0.923278,0.399346,-3.14172,0,0,0,95.9107,29.1699,11.0989
39.3262,0.90101,0.448673,-3.0943,0,0,0,97.0551,25.5112,10.1223
39.3387,0.872354,0.502161,-3.00439,0,0,0,98.0344,21.8965,9.10107
39.3512,0.838246,0.558109,-2.87322,0,0,0,98.8459,18.3847,8.03831
39.3638,0.799904,0.61495,-2.70266,0,0,0,99.4942,15.0336,6.93744
39.3763,0.758772,0.6713,-2.49518,0,0,0,99.9907,11.8982,5.80223
39.3888,0.716466,0.725993,-2.2538,0,0,0,100.352,9.02966,4.63666
39.4013,0.67469,0.778083,-1.982,0,0,0,100.598,6.47423,3.44484
39.4138,0.635167,0.826838,-1.68367,0,0,0,100.75,4.27228,2.23094
39.4263,0.599556,0.871708,-1.36306,0,0,0,100.831,2.45794,0.99911
39.4388,0.569385,0.912283,-1.02463,0,0,0,100.86,1.05873,-0.246555
39.4513,0.545988,0.948253,-0.67308,0,0,0,100.855,0.0954898,-1.50202
39.4638,0.530449,0.979352,-0.313199,0,0,0,100.828,-0.417703,-2.76331
39.4763,0.523564,1.00533,0.0501415,0,0,0,100.785,-0.473447,-4.0265
39.4888,0.525803,1.02591,0.412071,0,0,0,100.728,-0.0710022,-5.2877
39.5013,0.537291,1.04079,0.767763,0,0,0,100.651,0.78373,-6.543
39.5138,0.557795,1.04966,1.11249,0,0,0,100.543,2.07819,-7.78845
39.5263,0.58672,1.0522,1.44167,0,0,0,100.39,3.79314,-9.02005
39.5388,0.623126,1.04814,1.75089,0,0,0,100.17,5.90268,-10.2337
39.5513,0.665746,1.0373,2.036,0,0,0,99.8643,8.37433,-11.4254
39.5638,0.713033,1.01967,2.2931,0,0,0,99.4491,11.1693,-12.5909
39.5763,0.763208,0.995418,2.51861,0,0,0,98.904,14.243,-13.726
39.5888,0.814334,0.96501,2.70933,0,0,0,98.2113,17.5455,-14.827
39.6013,0.864398,0.929192,2.86246,0,0,0,97.3581,21.023,-15.8898
39.6138,0.911395,0.889019,2.97571,0,0,0,96.3375,24.6185,-16.9109
39.6263,0.953424,0.84585,3.04729,0,0,0,95.1502,28.2737,-17.8874
39.6388,0.988769,0.801303,3.07604,0,0,0,93.8047,31.9302,-18.8165
39.6513,1.01597,0.757195,3.06139,0,0,0,92.3175,35.5313,-19.6963
39.6638,1.03388,0.715455,3.00347,0,0,0,90.7131,39.0235,-20.5253
39.6763,1.04168,0.67803,2.90308,0,0,0,89.0229,42.3578,-21.303
39.6888,1.03888,0.646774,2.76171,0,0,0,87.2841,45.4905,-22.0296
39.7013,1.02533,0.623344,2.58149,0,0,0,85.5378,48.3844,-22.706
39.7138,1.00108,0.609108,2.36516,0,0,0,83.8279,51.0088,-23.3339
39.7263,0.966437,0.605063,2.11598,0,0,0,82.1985,53.3392,-23.9157
39.7388,0.921791,0.61178,1.83769,0,0,0,80.6927,55.3573,-24.4545
39.7513,0.867616,0.629362,1.53439,0,0,0,79.3504,57.0503,-24.9538
39.7638,0.804391,0.657435,1.21046,0,0,0,78.2066,58.4098,-25.4176
39.7763,0.732577,0.695156,0.870455,0,0,0,77.2906,59.4311,-25.8504
39.7888,0.652605,0.741234,0.519049,0,0,0,76.6246,60.112,-26.2566
39.8013,0.564887,0.793983,0.16094,0,0,0,76.223,60.4528,-26.641
39.8138,0.469855,0.851376,-0.199207,0,0,0,76.0919,60.4551,-27.0082
39.8263,0.368013,0.91112,-0.55681,0,0,0,76.2291,60.1217,-27.3627
39.8388,0.26001,0.970745,-0.907403,0,0,0,76.6241,59.457,-27.7088
39.8513,0.146704,1.0277,-1.24666,0,0,0,77.2585,58.467,-28.0505
39.8638,0.0292413,1.07947,-1.57038,0,0,0,78.1069,57.1596,-28.3915
39.8763,-0.0908888,1.12367,-1.87454,0,0,0,79.1381,55.546,-28.7347
39.8888,-0.21181,1.15818,-2.15519,0,0,0,80.3156,53.641,-29.083
39.9013,-0.331243,1.18127,-2.40855,0,0,0,81.6,51.4635,-29.4382
39.9138,-0.446522,1.19168,-2.63095,0,0,0,82.9499,49.0377,-29.802
39.9263,-0.554648,1.1887,-2.81884,0,0,0,84.3241,46.3934,-30.1753
39.9388,-0.652378,1.17225,-2.9689,0,0,0,85.6831,43.5658,-30.5584
39.9513,-0.736357,1.1429,-3.07804,0,0,0,86.9908,40.5953,-30.9511
39.9638,-0.803267,1.10179,-3.14355,0,0,0,88.2158,37.5274,-31.3527
39.9763,-0.85001,1.05064,-3.16324,0,0,0,89.3329,34.4115,-31.7619
39.9888,-0.87388,0.991556,-3.1355,0,0,0,90.3235,31.2995,-32.1773
40.0013,-0.872728,0.926901,-3.05951,0,0,0,91.1762,28.2452,-32.5967
40.0138,-0.845084,0.859108,-2.93531,0,0,0,91.8866,25.302,-33.018
40.0263,-0.790245,0.79048,-2.76386,0,0,0,92.4566,22.5223,-33.4385
40.0388,-0.708296,0.722989,-2.54706,0,0,0,92.894,19.9556,-33.8556
40.0513,-0.600092,0.658118,-2.28775,0,0,0,93.2106,17.6477,-34.2664
40.0638,-0.467188,0.596733,-1.98962,0,0,0,93.421,15.6396,-34.668
40.0763,-0.311758,0.539007,-1.65712,0,0,0,93.5413,13.9668,-35.0573
40.0888,-0.136498,0.484409,-1.29535,0,0,0,93.587,12.6588,-35.4312
40.1013,0.0554546,0.431749,-0.909966,0,0,0,93.5719,11.739,-35.7868
40.1138,0.260578,0.379279,-0.507078,0,0,0,93.5069,11.2241,-36.1208
40.1263,0.475002,0.324849,-0.093198,0,0,0,93.3987,11.1245,-36.4303
40.1388,0.69452,0.266094,0.324832,0,0,0,93.2496,11.4441,-36.712
40.1513,0.914605,0.200658,0.739888,0,0,0,93.0567,12.18,-36.9631
40.1638,1.13043,0.126432,1.14464,0,0,0,92.8127,13.3232,-37.1805
40.1763,1.33693,0.0417933,1.53164,0,0,0,92.506,14.8578,-37.3616
40.1888,1.52894,-0.0541791,1.89349,0,0,0,92.1217,16.7618,-37.5034
40.2013,1.70139,-0.161522,2.22308,0,0,0,91.6431,19.0067,-37.6037
40.2138,1.84955,-0.279268,2.51381,0,0,0,91.0526,21.558,-37.6602
40.2263,1.96933,-0.40541,2.75992,0,0,0,90.3338,24.3758,-37.671
40.2388,2.05762,-0.536946,2.95681,0,0,0,89.473,27.415,-37.6346
40.2513,2.11254,-0.670034,3.10128,0,0,0,88.4604,30.6269,-37.55
40.2638,2.13362,-0.800218,3.1917,0,0,0,87.2922,33.9596,-37.4164
40.2763,2.12184,-0.922717,3.22803,0,0,0,85.9708,37.36,-37.234
40.2888,2.07957,-1.03275,3.21176,0,0,0,84.5062,40.7747,-37.0029
40.3013,2.01027,-1.12583,3.14565,0,0,0,82.9159,44.1518,-36.7242
40.3138,1.91826,-1.19807,3.03346,0,0,0,81.2248,47.4421,-36.3992
40.3263,1.80829,-1.24635,2.87958,0,0,0,79.4646,50.6008,-36.0296
40.3388,1.68517,-1.26846,2.68874,0,0,0,77.6725,53.5877,-35.6175
40.3513,1.55351,-1.26319,2.46575,0,0,0,75.8903,56.3688,-35.1654
40.3638,1.4174,-1.23028,2.21527,0,0,0,74.1622,58.9158,-34.6757
40.3763,1.28028,-1.17038,1.94171,0,0,0,72.5336,61.2065,-34.1509
40.3888,1.14482,-1.08496,1.64921,0,0,0,71.0489,63.2241,-33.5937
40.4013,1.01292,-0.976193,1.3416,0,0,0,69.75,64.9569,-33.0064
40.4138,0.885677,-0.846814,1.02249,0,0,0,68.675,66.3969,-32.3913
40.4263,0.763539,-0.700029,0.695267,0,0,0,67.8564,67.5389,-31.7505
40.4388,0.646349,-0.539391,0.363196,0,0,0,67.3203,68.38,-31.0857
40.4513,0.533491,-0.368704,0.0294213,0,0,0,67.0851,68.9183,-30.3983
40.4638,0.424034,-0.191938,-0.302982,0,0,0,67.1617,69.1523,-29.6895
40.4763,0.316879,-0.0131489,-0.631008,0,0,0,67.5522,69.081,-28.9602
40.4888,0.21091,0.163593,-0.951708,0,0,0,68.2504,68.7033,-28.2111
40.5013,0.105147,0.334275,-1.2622,0,0,0,69.2417,68.0186,-27.4426
40.5138,-0.00111998,0.495017,-1.55965,0,0,0,70.5038,67.0272,-26.6551
40.5263,-0.108212,0.642147,-1.84128,0,0,0,72.0071,65.7315,-25.8488
40.5388,-0.215958,0.772294,-2.10435,0,0,0,73.7156,64.1365,-25.0239
40.5513,-0.323627,0.882472,-2.34611,0,0,0,75.5885,62.2512,-24.1806
40.5638,-0.429887,0.970177,-2.56378,0,0,0,77.5814,60.0894,-23.3193
40.5763,-0.532803,1.03348,-2.75453,0,0,0,79.6481,57.6706,-22.4403
40.5888,-0.629879,1.0711,-2.91547,0,0,0,81.742,55.0208,-21.5442
40.6013,-0.718141,1.08246,-3.04364,0,0,0,83.8183,52.1722,-20.6316
40.6138,-0.794274,1.06775,-3.13614,0,0,0,85.8358,49.1637,-19.7031
40.6263,-0.854803,1.02788,-3.19016,0,0,0,87.7579,46.04,-18.7596
40.6388,-0.896317,0.964456,-3.20317,0,0,0,89.5543,42.8508,-17.8019
40.6513,-0.915717,0.879658,-3.17313,0,0,0,91.2017,39.6496,-16.8309
40.6638,-0.910478,0.77613,-3.0987,0,0,0,92.6843,36.4921,-15.8473
40.6763,-0.878893,0.656778,-2.97941,0,0,0,93.9938,33.4349,-14.8516
40.6888,-0.820264,0.52458,-2.81592,0,0,0,95.1286,30.5336,-13.8445
40.7013,-0.735036,0.382388,-2.61009,0,0,0,96.0931,27.8417,-12.8259
40.7138,-0.624844,0.232747,-2.36501,0,0,0,96.8965,25.4089,-11.796
40.7263,-0.492467,0.077765,-2.08505,0,0,0,97.551,23.28,-10.7544
40.7388,-0.341707,-0.08096,-1.77564,0,0,0,98.0705,21.4941,-9.70054
40.7513,-0.177195,-0.242346,-1.44317,0,0,0,98.4689,20.0839,-8.63348
40.7638,-0.00416191,-0.405764,-1.09467,0,0,0,98.7582,19.0754,-7.55217
40.7763,0.171826,-0.570912,-0.73763,0,0,0,98.948,18.487,-6.45537
40.7888,0.345132,-0.737654,-0.379658,0,0,0,99.0435,18.33,-5.34171
40.8013,0.510311,-0.905828,-0.0282351,0,0,0,99.0462,18.6081,-4.20982
40.8138,0.662359,-1.07507,0.309557,0,0,0,98.9523,19.3174,-3.05841
40.8263,0.796932,-1.24464,0.627272,0,0,0,98.7541,20.4466,-1.88633
40.8388,0.910538,-1.41333,0.919305,0,0,0,98.4399,21.9767,-0.692712
40.8513,1.00069,-1.5794,1.18104,0,0,0,97.9957,23.8814,0.522969
40.8638,1.06597,-1.74057,1.40896,0,0,0,97.4056,26.1275,1.76083
40.8763,1.10611,-1.89412,1.60063,0,0,0,96.6544,28.6751,3.0205
40.8888,1.12191,-2.03699,1.75473,0,0,0,95.7285,31.4783,4.30112
40.9013,1.11514,-2.16597,1.87087,0,0,0,94.6177,34.4864,5.60131
40.9138,1.08844,-2.27783,1.94945,0,0,0,93.317,37.645,6.91921
40.9263,1.04507,-2.36955,1.99151,0,0,0,91.8277,40.8971,8.25252
40.9388,0.988739,-2.43846,1.99848,0,0,0,90.1581,44.1851,9.59855
40.9513,0.923426,-2.48237,1.97204,0,0,0,88.3244,47.4522,10.9544
40.9638,0.853143,-2.49968,1.91395,0,0,0,86.3504,50.6441,12.317
40.9763,0.781797,-2.48941,1.82597,0,0,0,84.2671,53.7104,13.6832
40.9888,0.713032,-2.45124,1.7098,0,0,0,82.1116,56.6059,15.05
41.0014,0.650107,-2.38549,1.56708,0,0,0,79.9261,59.2918,16.4147
41.0139,0.595792,-2.29302,1.39944,0,0,0,77.7561,61.7358,17.7748
41.0264,0.552277,-2.17523,1.20858,0,0,0,75.6486,63.9124,19.1284
41.0389,0.521103,-2.03389,0.996358,0,0,0,73.6503,65.8027,20.4739
41.0514,0.503108,-1.87113,0.764899,0,0,0,71.8057,67.3938,21.8102
41.0639,0.498392,-1.68929,0.516684,0,0,0,70.1557,68.678,23.1369
41.0764,0.506315,-1.49089,0.254617,0,0,0,68.7357,69.6514,24.454
41.0889,0.525523,-1.27855,-0.0179456,0,0,0,67.5747,70.3135,25.762
41.1014,0.554017,-1.05496,-0.297208,0,0,0,66.6944,70.6654,27.0616
41.1139,0.589258,-0.822906,-0.579,0,0,0,66.1083,70.7096,28.354
41.1264,0.62832,-0.585232,-0.858883,0,0,0,65.8215,70.4491,29.6403
41.1389,0.668064,-0.344896,-1.1323,0,0,0,65.8307,69.8873,30.9218
41.1514,0.705344,-0.104984,-1.39475,0,0,0,66.1239,69.0277,32.1998
41.1639,0.737217,0.131272,-1.64197,0,0,0,66.6814,67.8744,33.4752
41.1764,0.761135,0.360493,-1.8701,0,0,0,67.4762,66.4328,34.7488
41.1889,0.775116,0.579183,-2.07582,0,0,0,68.475,64.7101,36.0209
41.2014,0.777867,0.783783,-2.25647,0,0,0,69.6392,62.7164,37.2915
41.2139,0.768853,0.970749,-2.41005,0,0,0,70.9265,60.4654,38.5601
41.2264,0.74831,1.13666,-2.53524,0,0,0,72.2923,57.9754,39.8255
41.2389,0.717199,1.27832,-2.63133,0,0,0,73.6916,55.2699,41.0864
41.2514,0.677119,1.39291,-2.6981,0,0,0,75.0803,52.3776,42.341
41.2639,0.630184,1.47804,-2.73575,0,0,0,76.4175,49.3328,43.5869
41.2764,0.578877,1.53189,-2.74476,0,0,0,77.6663,46.1748,44.8217
41.2889,0.525892,1.55326,-2.72576,0,0,0,78.7957,42.9469,46.0429
41.3014,0.473978,1.5416,-2.67954,0,0,0,79.7812,39.6962,47.2478
41.3139,0.425785,1.49702,-2.60695,0,0,0,80.6055,36.4713,48.4339
41.3264,0.383718,1.42026,-2.50897,0,0,0,81.2584,33.3216,49.5989
41.3389,0.349807,1.31266,-2.3867,0,0,0,81.7371,30.2956,50.7408
41.3514,0.325587,1.17608,-2.24145,0,0,0,82.0448,27.4396,51.8578
41.3639,0.312002,1.01284,-2.07485,0,0,0,82.19,24.7961,52.9488
41.3764,0.309343,0.825589,-1.88889,0,0,0,82.1853,22.4034,54.0129
41.3889,0.317215,0.617281,-1.68596,0,0,0,82.0458,20.2942,55.0498
41.4014,0.334545,0.391064,-1.46894,0,0,0,81.7874,18.4952,56.0596
41.4139,0.359648,0.150234,-1.24111,0,0,0,81.4262,17.0271,57.0428
41.4264,0.390326,-0.101804,-1.0061,0,0,0,80.9762,15.9039,58.0001
41.4389,0.424021,-0.361557,-0.767812,0,0,0,80.4491,15.1332,58.9327
41.4514,0.457987,-0.62546,-0.530215,0,0,0,79.8531,14.7165,59.8419
41.4639,0.489489,-0.889873,-0.297217,0,0,0,79.1931,14.649,60.7289
41.4764,0.515989,-1.15108,-0.0724903,0,0,0,78.47,14.92,61.5953
41.4889,0.535318,-1.40533,0.140675,0,0,0,77.6812,15.5135,62.4425
41.5014,0.545814,-1.6488,0.339477,0,0,0,76.8215,16.4076,63.2715
41.5139,0.546411,-1.87771,0.521665,0,0,0,75.8838,17.576,64.0837
41.5264,0.536689,-2.08834,0.685547,0,0,0,74.8599,18.9874,64.8798
41.5389,0.51687,-2.27711,0.829953,0,0,0,73.742,20.6068,65.6607
41.5514,0.487789,-2.44069,0.954154,0,0,0,72.5238,22.3957,66.4268
41.5639,0.450823,-2.57606,1.05776,0,0,0,71.2016,24.3132,67.1783
41.5764,0.40782,-2.68061,1.14059,0,0,0,69.7754,26.3166,67.9154
41.5889,0.361011,-2.75223,1.20256,0,0,0,68.2496,28.3631,68.638
41.6014,0.312915,-2.78935,1.2436,0,0,0,66.6333,30.4103,69.3459
41.6139,0.26626,-2.791,1.26355,0,0,0,64.941,32.4174,70.0387
41.6264,0.223878,-2.75683,1.26215,0,0,0,63.1917,34.3467,70.7161
41.6389,0.188611,-2.68711,1.23903,0,0,0,61.409,36.164,71.3778
41.6514,0.163189,-2.58271,1.19379,0,0,0,59.62,37.8394,72.0234
41.6639,0.150095,-2.44507,1.12606,0,0,0,57.8544,39.348,72.6527
41.6764,0.151408,-2.27609,1.03571,0,0,0,56.1429,40.6698,73.2653
41.6889,0.168626,-2.07814,0.92298,0,0,0,54.5168,41.7897,73.8612
41.7014,0.202496,-1.85389,0.788702,0,0,0,53.0059,42.697,74.4402
41.7139,0.252853,-1.60627,0.634457,0,0,0,51.6378,43.385,75.0023
41.7264,0.318507,-1.33842,0.462722,0,0,0,50.4366,43.8502,75.5475
41.7389,0.397206,-1.0536,0.276932,0,0,0,49.4225,44.0916,76.0756
41.7514,0.4857,-0.755153,0.0814308,0,0,0,48.6105,44.1101,76.5867
41.7639,0.579906,-0.446553,-0.118681,0,0,0,48.0101,43.9073,77.0804
41.7764,0.6752,-0.131376,-0.317816,0,0,0,47.6255,43.4858,77.5565
41.7889,0.766772,0.186655,-0.510259,0,0,0,47.4548,42.8482,78.0145
41.8014,0.850035,0.503646,-0.690555,0,0,0,47.4908,41.9975,78.4538
41.8139,0.921009,0.81552,-0.853899,0,0,0,47.7205,40.9369,78.8736
41.8264,0.976643,1.11804,-0.996438,0,0,0,48.1263,39.6703,79.2729
41.8389,1.01502,1.40686,-1.11548,0,0,0,48.6863,38.2027,79.6505
41.8514,1.03543,1.67761,-1.20954,0,0,0,49.3751,36.5408,80.005
41.8639,1.0383,1.92601,-1.27828,0,0,0,50.1647,34.6936,80.3351
41.8764,1.02505,2.14797,-1.32235,0,0,0,51.0257,32.6728,80.6392
41.8889,0.997876,2.33976,-1.34311,0,0,0,51.9282,30.4935,80.9158
41.9014,0.959444,2.49809,-1.3424,0,0,0,52.8434,28.1745,81.1633
41.9139,0.912694,2.62019,-1.32229,0,0,0,53.7444,25.7382,81.3803
41.9264,0.860614,2.70395,-1.28485,0,0,0,54.6076,23.2102,81.5656
41.9389,0.806066,2.74787,-1.23203,0,0,0,55.4132,20.6196,81.7181
41.9514,0.75168,2.75117,-1.16554,0,0,0,56.1464,17.9979,81.837
41.9639,0.699761,2.71372,-1.08685,0,0,0,56.7978,15.3781,81.9218
41.9764,0.652247,2.63608,-0.997206,0,0,0,57.3633,12.7942,81.9722
41.9889,0.61067,2.51945,-0.897641,0,0,0,57.8441,10.28,81.9885
42.0014,0.576139,2.36562,-0.789093,0,0,0,58.2464,7.86852,81.9709
42.0139,0.549322,2.17691,-0.672475,0,0,0,58.5805,5.59072,81.9202
42.0264,0.530438,1.95618,-0.548762,0,0,0,58.86,3.47527,81.8372
42.0389,0.519255,1.70669,-0.419069,0,0,0,59.1008,1.54788,81.7231
42.0514,0.5151,1.4321,-0.284706,0,0,0,59.3198,-0.169055,81.5792
42.0639,0.5169,1.1364,-0.147197,0,0,0,59.5336,-1.65655,81.407
42.0764,0.523231,0.823843,-0.00827555,0,0,0,59.7579,-2.89914,81.2079
42.0889,0.532409,0.498925,0.130171,0,0,0,60.0063,-3.88482,80.9836
42.1014,0.542598,0.166307,0.266179,0,0,0,60.2892,-4.60498,80.7355
42.1139,0.551929,-0.169224,0.397813,0,0,0,60.6137,-5.05436,80.4653
42.1264,0.558635,-0.502807,0.523278,0,0,0,60.9829,-5.23096,80.1745
42.1389,0.561166,-0.829566,0.641025,0,0,0,61.396,-5.13611,79.8647
42.1514,0.558282,-1.14467,0.749836,0,0,0,61.8483,-4.77456,79.5374
42.1639,0.549125,-1.44341,0.848873,0,0,0,62.3316,-4.15454,79.194
42.1764,0.533237,-1.72126,0.937689,0,0,0,62.8348,-3.28797,78.8361
42.1889,0.510559,-1.97396,1.0162,0,0,0,63.3448,-2.19056,78.4649
42.2014,0.481394,-2.19759,1.08464,0,0,0,63.8475,-0.881878,78.0819
42.2139,0.446355,-2.38864,1.14346,0,0,0,64.3285,0.614694,77.6884
42.2264,0.406309,-2.54408,1.19326,0,0,0,64.7745,2.27212,77.2857
42.2389,0.36231,-2.66142,1.23465,0,0,0,65.1743,4.06006,76.875
42.2514,0.315559,-2.73873,1.26824,0,0,0,65.5196,5.94536,76.4576
42.2639,0.267355,-2.77471,1.29448,0,0,0,65.8058,7.89271,76.0343
42.2764,0.219073,-2.76869,1.31367,0,0,0,66.0328,9.86539,75.6059
42.2889,0.172138,-2.72065,1.32592,0,0,0,66.2046,11.8261,75.1733
42.3014,0.128003,-2.63121,1.33111,0,0,0,66.3298,13.7379,74.7367
42.3139,0.0881212,-2.50164,1.32894,0,0,0,66.4213,15.5649,74.2962
42.3264,0.0539049,-2.33381,1.31895,0,0,0,66.4951,17.2729,73.8517
42.3389,0.0266672,-2.13018,1.30065,0,0,0,66.5699,18.8302,73.4026
42.3514,0.00754299,-1.89372,1.27357,0,0,0,66.6659,20.2076,72.948
42.3639,-0.00260304,-1.62792,1.2374,0,0,0,66.8038,21.3791,72.4867
42.3764,-0.00327432,-1.33664,1.19212,0,0,0,67.0034,22.3216,72.0171
42.3889,0.00557166,-1.02411,1.13808,0,0,0,67.2826,23.0149,71.5372
42.4014,0.0234673,-0.694833,1.07616,0,0,0,67.656,23.4419,71.0448
42.4139,0.0494279,-0.353517,1.00768,0,0,0,68.1344,23.5881,70.5373
42.4264,0.0820039,-0.00499909,0.934476,0,0,0,68.724,23.4417,70.0121
42.4389,0.119394,0.345816,0.858714,0,0,0,69.4256,22.9936,69.4661
42.4514,0.159608,0.694017,0.782789,0,0,0,70.2343,22.2378,68.8965
42.4639,0.200649,1.03474,0.709119,0,0,0,71.1399,21.171,68.3004
42.4764,0.240698,1.36324,0.639977,0,0,0,72.1268,19.7936,67.6748
42.4889,0.278263,1.67492,0.577336,0,0,0,73.175,18.11,67.0171
42.5014,0.312278,1.96539,0.522768,0,0,0,74.2603,16.129,66.325
42.5139,0.342146,2.23056,0.477402,0,0,0,75.356,13.8643,65.5963
42.5264,0.367724,2.46663,0.441923,0,0,0,76.434,11.335,64.8297
42.5389,0.389267,2.67021,0.416627,0,0,0,77.4662,8.56573,64.0238
42.5514,0.407345,2.83834,0.401488,0,0,0,78.426,5.5866,63.1782
42.5639,0.422746,2.96852,0.396234,0,0,0,79.2903,2.43303,62.2928
42.5764,0.436381,3.05879,0.40042,0,0,0,80.0401,-0.854914,61.3683
42.5889,0.449195,3.10774,0.413486,0,0,0,80.6625,-4.23331,60.4055
42.6014,0.46209,3.11454,0.434792,0,0,0,81.151,-7.65548,59.4061
42.6139,0.475856,3.07893,0.463636,0,0,0,81.5064,-11.0732,58.3719
42.6264,0.491122,3.00128,0.499253,0,0,0,81.7367,-14.438,57.3053
42.639,0.508307,2.88252,0.540801,0,0,0,81.8567,-17.7025,56.2085
42.6515,0.527586,2.72418,0.587336,0,0,0,81.8876,-20.8213,55.0843
42.664,0.54887,2.52833,0.637791,0,0,0,81.8553,-23.7525,53.9352
42.6765,0.57179,2.29761,0.690958,0,0,0,81.7897,-26.4579,52.7637
42.689,0.59571,2.03513,0.745485,0,0,0,81.7226,-28.9036,51.5722
42.7015,0.619752,1.74449,0.799896,0,0,0,81.6862,-31.0603,50.3629
42.714,0.642854,1.42967,0.852628,0,0,0,81.7114,-32.9032,49.1378
42.7265,0.663843,1.09508,0.902106,0,0,0,81.8263,-34.4117,47.8986
42.739,0.681533,0.745398,0.946825,0,0,0,82.0544,-35.5693,46.6469
42.7515,0.694829,0.385572,0.985451,0,0,0,82.4142,-36.363,45.3841
42.764,0.702829,0.0207231,1.01692,0,0,0,82.9171,-36.7834,44.1115
42.7765,0.704908,-0.343925,1.04052,0,0,0,83.568,-36.8245,42.8302
42.789,0.700775,-0.703129,1.05594,0,0,0,84.3642,-36.4833,41.5415
42.8015,0.690488,-1.05172,1.06327,0,0,0,85.2956,-35.7606,40.2468
42.814,0.674431,-1.38466,1.06301,0,0,0,86.3456,-34.6612,38.9476
42.8265,0.65326,-1.69718,1.05598,0,0,0,87.4912,-33.1943,37.6458
42.839,0.627823,-1.98479,1.04324,0,0,0,88.7046,-31.3741,36.3432
42.8515,0.599073,-2.2434,1.02603,0,0,0,89.9542,-29.2203,35.0422
42.864,0.56798,-2.46934,1.00562,0,0,0,91.2066,-26.7586,33.7455
42.8765,0.535462,-2.65944,0.983275,0,0,0,92.4279,-24.021,32.4559
42.889,0.502323,-2.81107,0.960188,0,0,0,93.586,-21.0456,31.1765
42.9015,0.46923,-2.92216,0.937422,0,0,0,94.6519,-17.8761,29.9103
42.914,0.436689,-2.99122,0.915891,0,0,0,95.6015,-14.5616,28.6607
42.9265,0.405058,-3.01737,0.896355,0,0,0,96.4169,-11.1551,27.4307
42.939,0.374559,-3.00035,0.87941,0,0,0,97.0875,-7.71267,26.2231
42.9515,0.345309,-2.9405,0.865497,0,0,0,97.61,-4.2917,25.0406
42.964,0.317349,-2.83877,0.854905,0,0,0,97.9889,-0.94961,23.8854
42.9765,0.29069,-2.69672,0.847776,0,0,0,98.2358,2.25767,22.7589
42.989,0.26534,-2.51643,0.844109,0,0,0,98.3684,5.27703,21.6624
43.0015,0.241347,-2.30055,0.843759,0,0,0,98.4095,8.05932,20.5963
43.014,0.218823,-2.05223,0.846445,0,0,0,98.3849,10.5602,19.5604
43.0265,0.197967,-1.77505,0.851752,0,0,0,98.3223,12.7407,18.5539
43.039,0.17907,-1.47301,0.85915,0,0,0,98.2489,14.5678,17.5755
43.0515,0.162507,-1.15047,0.86802,0,0,0,98.19,16.014,16.6233
43.064,0.148713,-0.812061,0.877688,0,0,0,98.1673,17.0579,15.6952
43.0765,0.138148,-0.462639,0.887473,0,0,0,98.1976,17.6836,14.7884
43.089,0.13125,-0.107227,0.896737,0,0,0,98.2916,17.8809,13.9003
43.1015,0.128388,0.249069,0.904937,0,0,0,98.4536,17.6447,13.028
43.114,0.129824,0.601131,0.911659,0,0,0,98.6807,16.9757,12.1684
43.1265,0.135683,0.943897,0.916647,0,0,0,98.9635,15.8797,11.3189
43.139,0.145945,1.27244,0.919799,0,0,0,99.2861,14.3683,10.4769
43.1515,0.160452,1.58203,0.921154,0,0,0,99.6276,12.4589,9.64013
43.164,0.178923,1.86821,0.920858,0,0,0,99.963,10.175,8.80657
43.1765,0.200986,2.12687,0.919116,0,0,0,100.265,7.54627,7.97475
43.189,0.226205,2.35428,0.916148,0,0,0,100.504,4.60872,7.14358
43.2015,0.254101,2.54718,0.912135,0,0,0,100.655,1.40424,6.31242
43.214,0.284173,2.70278,0.907184,0,0,0,100.693,-2.01974,5.48109
43.2265,0.315897,2.81886,0.901293,0,0,0,100.598,-5.61108,4.64981
43.239,0.348732,2.89377,0.894324,0,0,0,100.358,-9.31396,3.8192
43.2515,0.382108,2.92643,0.88599,0,0,0,99.9661,-13.0702,2.99022
43.264,0.415418,2.91641,0.875852,0,0,0,99.4253,-16.8209,2.1641
43.2765,0.448007,2.86391,0.863318,0,0,0,98.7456,-20.5075,1.34227
43.289,0.479174,2.76971,0.847661,0,0,0,97.9454,-24.0739,0.526314
43.3015,0.508177,2.63526,0.828043,0,0,0,97.0499,-27.4674,-0.28207
43.314,0.534253,2.46258,0.803558,0,0,0,96.0905,-30.6399,-1.08116
43.3265,0.556653,2.25424,0.773279,0,0,0,95.1024,-33.5489,-1.86921
43.339,0.574695,2.01338,0.736326,0,0,0,94.1237,-36.1576,-2.64449
43.3515,0.587821,1.74357,0.691945,0,0,0,93.1928,-38.4354,-3.40532
43.364,0.595665,1.44882,0.639575,0,0,0,92.347,-40.3575,-4.14999
43.3765,0.598119,1.1335,0.578933,0,0,0,91.6202,-41.9045,-4.87684
43.389,0.595382,0.802249,0.510061,0,0,0,91.0416,-43.0623,-5.58415
43.4015,0.587988,0.459906,0.433363,0,0,0,90.6345,-43.8208,-6.27017
43.414,0.576799,0.111449,0.3496,0,0,0,90.4148,-44.1738,-6.93306
43.4265,0.562969,-0.238087,0.259859,0,0,0,90.3905,-44.1186,-7.57085
43.439,0.547872,-0.583682,0.165479,0,0,0,90.5617,-43.6558,-8.18145
43.4515,0.533004,-0.920397,0.0679629,0,0,0,90.92,-42.789,-8.76259
43.464,0.51988,-1.24343,-0.0311239,0,0,0,91.4493,-41.5252,-9.31189
43.4765,0.50992,-1.54819,-0.130251,0,0,0,92.1265,-39.8754,-9.82678
43.489,0.504359,-1.83034,-0.227999,0,0,0,92.9225,-37.8549,-10.3046
43.5015,0.504172,-2.08584,-0.323116,0,0,0,93.8037,-35.4837,-10.7427
43.514,0.510023,-2.31103,-0.414531,0,0,0,94.7334,-32.7874,-11.1383
43.5265,0.522237,-2.50266,-0.501346,0,0,0,95.6738,-29.7974,-11.4889
43.539,0.540795,-2.65793,-0.582802,0,0,0,96.588,-26.5509,-11.792
43.5515,0.565332,-2.77458,-0.658214,0,0,0,97.4416,-23.0909,-12.0453
43.564,0.595153,-2.85087,-0.726914,0,0,0,98.2047,-19.4658,-12.247
43.5765,0.629245,-2.88567,-0.788177,0,0,0,98.8535,-15.7283,-12.3957
43.589,0.666293,-2.87846,-0.841157,0,0,0,99.371,-11.9346,-12.4904
43.6015,0.70471,-2.82934,-0.884851,0,0,0,99.7484,-8.14286,-12.5305
43.614,0.742661,-2.73908,-0.918068,0,0,0,99.985,-4.41179,-12.5161
43.6265,0.778124,-2.60908,-0.939446,0,0,0,100.088,-0.799105,-12.4477
43.639,0.808962,-2.44138,-0.947504,0,0,0,100.072,2.63983,-12.3264
43.6515,0.833035,-2.23858,-0.940737,0,0,0,99.9574,5.85331,-12.1538
43.664,0.848344,-2.00386,-0.91775,0,0,0,99.7692,8.79427,-11.9316
43.6765,0.853198,-1.74085,-0.877435,0,0,0,99.5354,11.421,-11.6622
43.689,0.846404,-1.45357,-0.819159,0,0,0,99.2848,13.6976,-11.348
43.7015,0.827432,-1.14636,-0.742943,0,0,0,99.0455,15.5941,-10.9916
43.714,0.796549,-0.823773,-0.649604,0,0,0,98.8427,17.0866,-10.596
43.7265,0.754883,-0.490449,-0.540824,0,0,0,98.6975,18.1569,-10.164
43.739,0.704382,-0.151075,-0.419129,0,0,0,98.6256,18.7924,-9.69828
43.7515,0.647694,0.189702,-0.287765,0,0,0,98.6362,18.9858,-9.20183
43.764,0.587942,0.52733,-0.150489,0,0,0,98.7315,18.735,-8.6774
43.7765,0.528451,0.857386,-0.0113047,0,0,0,98.9067,18.0432,-8.12774
43.789,0.472456,1.1756,0.125823,0,0,0,99.1501,16.9188,-7.55552
43.8015,0.422832,1.47788,0.257225,0,0,0,99.4438,15.3757,-6.96339
43.814,0.381885,1.76034,0.379718,0,0,0,99.7648,13.4334,-6.35395
43.8265,0.35122,2.01932,0.490728,0,0,0,100.086,11.1175,-5.7298
43.839,0.331684,2.25144,0.588311,0,0,0,100.38,8.45954,-5.09348
43.8515,0.323393,2.45364,0.671119,0,0,0,100.615,5.49712,-4.44754
43.864,0.325798,2.62324,0.738295,0,0,0,100.766,2.27368,-3.79448
43.8765,0.337792,2.75801,0.78935,0,0,0,100.807,-1.16208,-3.13674
43.889,0.357826,2.8562,0.824027,0,0,0,100.719,-4.75705,-2.47668
43.9015,0.384025,2.91663,0.842179,0,0,0,100.49,-8.45476,-1.81649
43.914,0.414293,2.93868,0.843671,0,0,0,100.115,-12.1968,-1.15818
43.9265,0.446414,2.92233,0.828311,0,0,0,99.5953,-15.924,-0.503502
43.939,0.478136,2.8682,0.795831,0,0,0,98.9432,-19.5786,0.14612
43.9515,0.507257,2.77749,0.745893,0,0,0,98.177,-23.105,0.78965
43.964,0.531718,2.65198,0.678138,0,0,0,97.322,-26.4514,1.42649
43.9765,0.549687,2.49399,0.592268,0,0,0,96.4093,-29.5708,2.05654
43.989,0.559666,2.3063,0.488152,0,0,0,95.4735,-32.4219,2.68021
44.0015,0.560585,2.0921,0.365938,0,0,0,94.5514,-34.9691,3.29848
44.014,0.551898,1.85488,0.226176,0,0,0,93.6799,-37.1832,3.91284
44.0265,0.53366,1.5984,0.0699145,0,0,0,92.8941,-39.0404,4.52534
44.039,0.506569,1.32658,-0.101223,0,0,0,92.2257,-40.5226,5.1385
44.0515,0.471966,1.04342,-0.285025,0,0,0,91.701,-41.6166,5.75532
44.064,0.431783,0.752968,-0.478716,0,0,0,91.3404,-42.3135,6.37915
44.0765,0.388432,0.459295,-0.679054,0,0,0,91.1568,-42.6084,7.01364
44.089,0.344653,0.166439,-0.882467,0,0,0,91.1551,-42.4999,7.66265
44.1015,0.303314,-0.121594,-1.08523,0,0,0,91.3325,-41.99,8.33012
44.114,0.267208,-0.400845,-1.28365,0,0,0,91.6779,-41.0842,9.01999
44.1265,0.238844,-0.667411,-1.47426,0,0,0,92.1728,-39.7919,9.73605
44.139,0.220278,-0.917478,-1.65396,0,0,0,92.7922,-38.1265,10.4819
44.1515,0.212975,-1.14735,-1.82011,0,0,0,93.5057,-36.1061,11.2606
44.164,0.217735,-1.35352,-1.97056,0,0,0,94.2788,-33.7539,12.075
44.1765,0.234658,-1.53271,-2.10368,0,0,0,95.0749,-31.0988,12.9272
44.189,0.263172,-1.68198,-2.21826,0,0,0,95.857,-28.1754,13.8187
44.2015,0.302089,-1.7988,-2.31342,0,0,0,96.5893,-25.024,14.7503
44.214,0.349688,-1.88114,-2.3885,0,0,0,97.2395,-21.6905,15.7222
44.2265,0.403816,-1.92754,-2.44294,0,0,0,97.78,-18.2256,16.7338
44.239,0.462004,-1.93717,-2.47622,0,0,0,98.1897,-14.6837,17.7839
44.2515,0.521576,-1.90988,-2.48777,0,0,0,98.4546,-11.1218,18.8704
44.264,0.579775,-1.84621,-2.47695,0,0,0,98.5686,-7.59813,19.9911
44.2766,0.633892,-1.74739,-2.4431,0,0,0,98.5332,-4.17052,21.1429
44.2891,0.681398,-1.61532,-2.38559,0,0,0,98.3575,-0.894996,22.3226
44.3016,0.720086,-1.45249,-2.30394,0,0,0,98.0569,2.17565,23.5267
44.3141,0.748208,-1.26193,-2.19792,0,0,0,97.6521,4.99297,24.7517
44.3266,0.764606,-1.04705,-2.06775,0,0,0,97.1674,7.5138,25.9938
44.3391,0.768815,-0.811601,-1.91417,0,0,0,96.6288,9.70086,27.2494
44.3516,0.761131,-0.559523,-1.73856,0,0,0,96.0624,11.5231,28.515
44.3641,0.74262,-0.294839,-1.54299,0,0,0,95.4926,12.9557,29.7872
44.3766,0.715078,-0.0215676,-1.33021,0,0,0,94.9405,13.9803,31.0628
44.3891,0.680916,0.256344,-1.10354,0,0,0,94.4225,14.5842,32.3386
44.4016,0.643004,0.535064,-0.866789,0,0,0,93.9493,14.7608,33.6118
44.4141,0.604466,0.810903,-0.624031,0,0,0,93.5255,14.5089,34.8795
44.4266,0.568464,1.08031,-0.379439,0,0,0,93.1488,13.8327,36.1387
44.4391,0.53798,1.33986,-0.137089,0,0,0,92.811,12.7417,37.3866
44.4516,0.515623,1.58628,0.0992039,0,0,0,92.4975,11.2508,38.6203
44.4641,0.50347,1.81639,0.326005,0,0,0,92.189,9.38026,39.8369
44.4766,0.502956,2.02718,0.54033,0,0,0,91.8626,7.15567,41.033
44.4891,0.514809,2.21579,0.739656,0,0,0,91.493,4.60821,42.2057
44.5016,0.539024,2.37961,0.921889,0,0,0,91.0544,1.77429,43.3515
44.5141,0.574876,2.5163,1.08528,0,0,0,90.5221,-1.30464,44.4671
44.5266,0.620959,2.62391,1.22833,0,0,0,89.8747,-4.58273,45.5491
44.5391,0.675238,2.70093,1.34967,0,0,0,89.0948,-8.0105,46.5945
44.5516,0.735119,2.74637,1.44794,0,0,0,88.1714,-11.5359,47.6002
44.5641,0.797527,2.75982,1.52172,0,0,0,87.1001,-15.1056,48.5634
44.5766,0.858992,2.74154,1.56946,0,0,0,85.8843,-18.6663,49.4819
44.5891,0.915762,2.6924,1.58947,0,0,0,84.535,-22.1664,50.354
44.6016,0.96393,2.61392,1.57995,0,0,0,83.0706,-25.557,51.1783
44.6141,0.999594,2.50822,1.53909,0,0,0,81.516,-28.7936,51.9543
44.6266,1.01904,2.37791,1.46524,0,0,0,79.9019,-31.8366,52.6821
44.6391,1.01898,2.226,1.35708,0,0,0,78.2628,-34.6523,53.3623
44.6516,0.996728,2.05573,1.21388,0,0,0,76.636,-37.2132,53.9965
44.6641,0.950493,1.87043,1.03569,0,0,0,75.0592,-39.4977,54.5866
44.6766,0.879527,1.67333,0.823594,0,0,0,73.5695,-41.49,55.1352
44.6891,0.784299,1.46744,0.57983,0,0,0,72.2012,-43.1797,55.6453
44.7016,0.666559,1.25542,0.307911,0,0,0,70.9849,-44.5607,56.1205
44.7141,0.52933,1.03951,0.0125964,0,0,0,69.9459,-45.6305,56.5644
44.7266,0.3768,0.821577,-0.300209,0,0,0,69.1037,-46.3899,56.9809
44.7391,0.21412,0.60311,-0.623655,0,0,0,68.4712,-46.8416,57.3741
44.7516,0.0471321,0.385389,-0.95023,0,0,0,68.054,-46.9902,57.7479
44.7641,-0.117972,0.169609,-1.27211,0,0,0,67.851,-46.8418,58.1062
44.7766,-0.27502,-0.0429467,-1.58151,0,0,0,67.8539,-46.4042,58.4527
44.7891,-0.418238,-0.250759,-1.87111,0,0,0,68.0484,-45.6864,58.7908
44.8016,-0.5426,-0.45196,-2.13438,0,0,0,68.414,-44.6997,59.1235
44.8141,-0.644126,-0.644275,-2.36586,0,0,0,68.9258,-43.4578,59.4536
44.8266,-0.720091,-0.825037,-2.56138,0,0,0,69.5549,-41.9771,59.7833
44.8391,-0.769129,-0.991263,-2.71816,0,0,0,70.2701,-40.2779,60.1143
44.8516,-0.791224,-1.13979,-2.83475,0,0,0,71.0392,-38.384,60.448
44.8641,-0.7876,-1.26744,-2.91097,0,0,0,71.8302,-36.3234,60.7853
44.8766,-0.760516,-1.37121,-2.94765,0,0,0,72.6128,-34.1281,61.1264
44.8891,-0.71301,-1.44848,-2.9464,0,0,0,73.3597,-31.8339,61.4712
44.9016,-0.64862,-1.49713,-2.90938,0,0,0,74.0477,-29.4798,61.8193
44.9141,-0.571103,-1.51566,-2.839,0,0,0,74.6584,-27.1073,62.1697
44.9266,-0.484188,-1.50333,-2.73778,0,0,0,75.1787,-24.7595,62.5213
44.9391,-0.391368,-1.46013,-2.60817,0,0,0,75.6011,-22.4799,62.8725
44.9516,-0.295737,-1.38679,-2.45254,0,0,0,75.9234,-20.3114,63.2216
44.9641,-0.199873,-1.28476,-2.27307,0,0,0,76.148,-18.2953,63.5665
44.9766,-0.105765,-1.15614,-2.07187,0,0,0,76.2814,-16.4702,63.9053
44.9891,-0.0147751,-1.00357,-1.85095,0,0,0,76.3328,-14.8712,64.2357
45.0016,0.0723675,-0.830188,-1.61233,0,0,0,76.3131,-13.5294,64.5554
45.0141,0.15554,-0.639496,-1.35808,0,0,0,76.2337,-12.4711,64.862
45.0266,0.235175,-0.435288,-1.09038,0,0,0,76.105,-11.7178,65.1532
45.0391,0.312181,-0.221559,-0.811533,0,0,0,75.9357,-11.2858,65.4266
45.0516,0.387843,-0.00243727,-0.523981,0,0,0,75.7317,-11.1863,65.6797
45.0641,0.463701,0.217887,-0.230285,0,0,0,75.4955,-11.4249,65.9101
45.0766,0.541413,0.435217,0.0669021,0,0,0,75.2256,-12.0024,66.1155
45.0891,0.622614,0.645402,0.364869,0,0,0,74.917,-12.914,66.2934
45.1016,0.708767,0.844392,0.660879,0,0,0,74.5612,-14.1496,66.4417
45.1141,0.80102,1.0283,0.952185,0,0,0,74.1466,-15.6941,66.5581
45.1266,0.900075,1.19346,1.23603,0,0,0,73.6596,-17.527,66.6407
45.1391,1.00607,1.33651,1.50961,0,0,0,73.0858,-19.623,66.6875
45.1516,1.11846,1.45449,1.77004,0,0,0,72.4109,-21.9521,66.697
45.1641,1.23599,1.54494,2.01429,0,0,0,71.6224,-24.4798,66.6679
45.1766,1.35659,1.606,2.23907,0,0,0,70.7105,-27.1684,66.5992
45.1891,1.47739,1.63651,2.44085,0,0,0,69.6699,-29.9771,66.4902
45.2016,1.59477,1.63614,2.61576,0,0,0,68.5003,-32.8637,66.3408
45.2141,1.70447,1.60543,2.75964,0,0,0,67.2073,-35.7852,66.1512
45.2266,1.80173,1.54587,2.86815,0,0,0,65.8031,-38.6993,65.922
45.2391,1.88154,1.45985,2.93694,0,0,0,64.3059,-41.5655,65.654
45.2516,1.939,1.3506,2.9619,0,0,0,62.7404,-44.3464,65.3487
45.2641,1.96963,1.22205,2.93952,0,0,0,61.1365,-47.0084,65.0078
45.2766,1.96979,1.07864,2.86719,0,0,0,59.5284,-49.5225,64.633
45.2891,1.937,0.924994,2.74359,0,0,0,57.9538,-51.8647,64.2264
45.3016,1.87018,0.765703,2.5689,0,0,0,56.4519,-54.0159,63.7901
45.3141,1.76984,0.604967,2.34495,0,0,0,55.0624,-55.9619,63.3262
45.3266,1.63804,0.446358,2.07526,0,0,0,53.8239,-57.6928,62.8366
45.3391,1.47822,0.292624,1.76487,0,0,0,52.7725,-59.2019,62.3233
45.3516,1.29502,0.145583,1.42009,0,0,0,51.9407,-60.4855,61.7879
45.3641,1.09388,0.00611065,1.04825,0,0,0,51.3563,-61.5414,61.2318
45.3766,0.880814,-0.125767,0.657287,0,0,0,51.0415,-62.3682,60.6561
45.3891,0.662018,-0.250713,0.255495,0,0,0,51.0122,-62.9647,60.0617
45.4016,0.443655,-0.369864,-0.148796,0,0,0,51.2777,-63.3294,59.4491
45.4141,0.23163,-0.484575,-0.547444,0,0,0,51.84,-63.4598,58.8187
45.4266,0.0314178,-0.596177,-0.932694,0,0,0,52.6941,-63.3533,58.1707
45.4391,-0.152074,-0.705743,-1.29735,0,0,0,53.8278,-63.0065,57.5049
45.4516,-0.314629,-0.813909,-1.63491,0,0,0,55.2221,-62.4168,56.8212
45.4641,-0.452829,-0.920741,-1.93972,0,0,0,56.8517,-61.5824,56.1193
45.4766,-0.564153,-1.02567,-2.20704,0,0,0,58.6858,-60.5038,55.399
45.4891,-0.647045,-1.12753,-2.43319,0,0,0,60.6888,-59.1847,54.66
45.5016,-0.700959,-1.22458,-2.61552,0,0,0,62.8217,-57.6331,53.9022
45.5141,-0.72635,-1.31469,-2.75247,0,0,0,65.0435,-55.8617,53.1254
45.5266,-0.724615,-1.39548,-2.84349,0,0,0,67.3123,-53.8894,52.3297
45.5391,-0.697982,-1.46455,-2.88893,0,0,0,69.5875,-51.7409,51.5153
45.5516,-0.649353,-1.51962,-2.88988,0,0,0,71.8304,-49.4471,50.6824
45.5641,-0.582109,-1.55877,-2.84807,0,0,0,74.0064,-47.0446,49.8315
45.5766,-0.499918,-1.58055,-2.76565,0,0,0,76.0856,-44.5751,48.963
45.5891,-0.406524,-1.58408,-2.64508,0,0,0,78.0439,-42.0845,48.0773
45.6016,-0.305572,-1.56912,-2.489,0,0,0,79.8632,-39.6213,47.1748
45.6141,-0.20045,-1.53609,-2.30015,0,0,0,81.5318,-37.2355,46.256
45.6266,-0.0941764,-1.48602,-2.08135,0,0,0,83.0435,-34.9772,45.321
45.6391,0.0106897,-1.4205,-1.83549,0,0,0,84.3975,-32.895,44.37
45.6516,0.112088,-1.34158,-1.56556,0,0,0,85.597,-31.035,43.4028
45.6641,0.208473,-1.25167,-1.27465,0,0,0,86.648,-29.4393,42.4191
45.6766,0.298794,-1.15345,-0.966027,0,0,0,87.5578,-28.1452,41.4184
45.6891,0.382453,-1.04974,-0.643165,0,0,0,88.3341,-27.1845,40.4
45.7016,0.459239,-0.943385,-0.309742,0,0,0,88.9833,-26.5829,39.3631
45.7141,0.529249,-0.837207,0.0303427,0,0,0,89.5094,-26.3593,38.3066
45.7266,0.592793,-0.733886,0.372985,0,0,0,89.9138,-26.5256,37.2297
45.7391,0.650306,-0.635911,0.713909,0,0,0,90.194,-27.0867,36.1312
45.7516,0.702253,-0.54552,1.04872,0,0,0,90.3443,-28.0397,35.0105
45.7641,0.749046,-0.464659,1.37294,0,0,0,90.3556,-29.3745,33.8668
45.7766,0.790983,-0.394939,1.68213,0,0,0,90.2165,-31.0736,32.6997
45.7891,0.828199,-0.337614,1.9719,0,0,0,89.9138,-33.1119,31.5093
45.8016,0.860647,-0.293553,2.23803,0,0,0,89.4344,-35.4577,30.2959
45.8141,0.8881,-0.263224,2.47651,0,0,0,88.7662,-38.0725,29.0603
45.8266,0.910185,-0.246694,2.68367,0,0,0,87.9001,-40.9126,27.8038
45.8391,0.926427,-0.24363,2.85621,0,0,0,86.8313,-43.9294,26.5282
45.8516,0.936327,-0.253319,2.99129,0,0,0,85.5604,-47.0711,25.2356
45.8641,0.939432,-0.274712,3.08661,0,0,0,84.095,-50.2842,23.9285
45.8766,0.93542,-0.306467,3.14043,0,0,0,82.4498,-53.5148,22.6098
45.8891,0.924171,-0.347023,3.15169,0,0,0,80.6473,-56.7104,21.2822
45.9016,0.905826,-0.394674,3.11996,0,0,0,78.7173,-59.8216,19.9489
45.9142,0.880825,-0.447657,3.04551,0,0,0,76.6966,-62.8034,18.6127
45.9267,0.849919,-0.504226,2.92931,0,0,0,74.6272,-65.6158,17.2763
45.9392,0.814159,-0.562735,2.77298,0,0,0,72.5559,-68.2255,15.942
45.9517,0.774857,-0.621694,2.57876,0,0,0,70.5318,-70.6054,14.6119
45.9642,0.733533,-0.67981,2.34947,0,0,0,68.6049,-72.7346,13.2872
45.9767,0.691847,-0.736006,2.08843,0,0,0,66.824,-74.5984,11.9689
45.9892,0.651516,-0.78942,1.79941,0,0,0,65.2357,-76.1872,10.6574
46.0017,0.614246,-0.839384,1.48653,0,0,0,63.8818,-77.4954,9.35233
46.0142,0.581647,-0.885386,1.15419,0,0,0,62.7987,-78.5204,8.05299
46.0267,0.555173,-0.927033,0.807043,0,0,0,62.0159,-79.2617,6.75818
46.0392,0.536054,-0.963996,0.449849,0,0,0,61.5553,-79.7194,5.46633
46.0517,0.525256,-0.995971,0.0874683,0,0,0,61.4303,-79.8937,4.17564
46.0642,0.523431,-1.02265,-0.275219,0,0,0,61.6457,-79.7847,2.88415
46.0767,0.530895,-1.04369,-0.633368,0,0,0,62.1976,-79.3913,1.58994
46.0892,0.547604,-1.05875,-0.982218,0,0,0,63.073,-78.7127,0.291186
46.1017,0.57315,-1.06743,-1.31714,0,0,0,64.2509,-77.7475,-1.01367
46.1142,0.606757,-1.06941,-1.63369,0,0,0,65.7021,-76.4955,-2.32584
46.1267,0.647308,-1.06441,-1.92762,0,0,0,67.3908,-74.9587,-3.64607
46.1392,0.693368,-1.0523,-2.19497,0,0,0,69.2751,-73.1415,-4.97461
46.1517,0.74324,-1.03313,-2.43204,0,0,0,71.3088,-71.0532,-6.31111
46.1642,0.795022,-1.0072,-2.63552,0,0,0,73.4428,-68.7079,-7.65469
46.1767,0.846688,-0.975107,-2.80245,0,0,0,75.6268,-66.1258,-9.00389
46.1892,0.896173,-0.937753,-2.93037,0,0,0,77.8111,-63.334,-10.3567
46.2017,0.941468,-0.896365,-3.01728,0,0,0,79.9487,-60.3658,-11.7108
46.2142,0.980709,-0.852458,-3.06176,0,0,0,81.9965,-57.2614,-13.0634
46.2267,1.01226,-0.807784,-3.063,0,0,0,83.9173,-54.0661,-14.4115
46.2392,1.03477,-0.764253,-3.02085,0,0,0,85.6805,-50.8304,-15.7522
46.2517,1.04723,-0.723845,-2.93583,0,0,0,87.2628,-47.6074,-17.0823
46.2642,1.04897,-0.688494,-2.80915,0,0,0,88.649,-44.4523,-18.3991
46.2767,1.03965,-0.659988,-2.64266,0,0,0,89.8309,-41.42,-19.6999
46.2892,1.01922,-0.639859,-2.43888,0,0,0,90.8075,-38.5638,-20.9825
46.3017,0.987876,-0.629301,-2.20088,0,0,0,91.5832,-35.9338,-22.2452
46.3142,0.945984,-0.629096,-1.93221,0,0,0,92.1671,-33.5756,-23.4864
46.3267,0.89401,-0.639569,-1.63686,0,0,0,92.5709,-31.5294,-24.7055
46.3392,0.832464,-0.660562,-1.31912,0,0,0,92.8079,-29.8285,-25.9019
46.3517,0.761865,-0.691436,-0.983495,0,0,0,92.8909,-28.4996,-27.0756
46.3642,0.68271,-0.731088,-0.634654,0,0,0,92.8315,-27.5619,-28.227
46.3767,0.595481,-0.777994,-0.277311,0,0,0,92.6384,-27.0267,-29.3568
46.3892,0.500672,-0.830261,0.0838247,0,0,0,92.3173,-26.8981,-30.4656
46.4017,0.398833,-0.885703,0.444103,0,0,0,91.87,-27.1722,-31.5546
46.4142,0.290631,-0.941923,0.798977,0,0,0,91.2949,-27.8378,-32.6247
46.4267,0.176921,-0.996411,1.14403,0,0,0,90.5872,-28.8762,-33.6768
46.4392,0.0588135,-1.04665,1.47496,0,0,0,89.7396,-30.2621,-34.7118
46.4517,-0.062257,-1.09024,1.78763,0,0,0,88.7439,-31.9634,-35.7304
46.4642,-0.184491,-1.12499,2.07802,0,0,0,87.5916,-33.9421,-36.7331
46.4767,-0.305697,-1.14907,2.34222,0,0,0,86.276,-36.1554,-37.7201
46.4892,-0.423301,-1.1611,2.57647,0,0,0,84.7931,-38.5559,-38.6915
46.5017,-0.534387,-1.16025,2.77714,0,0,0,83.1432,-41.0934,-39.6473
46.5142,-0.63578,-1.14627,2.94076,0,0,0,81.332,-43.7162,-40.587
46.5267,-0.724164,-1.11956,3.06415,0,0,0,79.371,-46.3722,-41.5104
46.5392,-0.79623,-1.08115,3.14447,0,0,0,77.2787,-49.0108,-42.4168
46.5517,-0.84885,-1.03261,3.17933,0,0,0,75.0797,-51.5838,-43.3058
46.5642,-0.879248,-0.975963,3.16698,0,0,0,72.8048,-54.0476,-44.1769
46.5767,-0.885167,-0.913532,3.10637,0,0,0,70.4902,-56.3633,-45.0295
46.5892,-0.865006,-0.847755,2.99732,0,0,0,68.1758,-58.498,-45.8634
46.6017,-0.817901,-0.780984,2.84054,0,0,0,65.9046,-60.4254,-46.6784
46.6142,-0.743768,-0.715295,2.63771,0,0,0,63.7205,-62.125,-47.4742
46.6267,-0.643284,-0.652311,2.39143,0,0,0,61.6668,-63.5828,-48.2511
46.6392,-0.51783,-0.593063,2.10514,0,0,0,59.7849,-64.7899,-49.009
46.6517,-0.369401,-0.537903,1.78307,0,0,0,58.1128,-65.7417,-49.7483
46.6642,-0.200514,-0.486474,1.43012,0,0,0,56.6834,-66.4373,-50.4691
46.6767,-0.0141175,-0.437734,1.05173,0,0,0,55.5242,-66.8779,-51.1718
46.6892,0.186467,-0.390048,0.653819,0,0,0,54.6559,-67.0659,-51.8563
46.7017,0.397587,-0.341317,0.242683,0,0,0,54.0923,-67.0044,-52.5229
46.7142,0.615268,-0.289159,-0.175027,0,0,0,53.8395,-66.6959,-53.1713
46.7267,0.835217,-0.231123,-0.592377,0,0,0,53.8962,-66.1425,-53.8011
46.7392,1.05283,-0.164914,-1.00219,0,0,0,54.2535,-65.3457,-54.4118
46.7517,1.26323,-0.088638,-1.39714,0,0,0,54.8954,-64.3064,-55.0024
46.7642,1.46137,-0.00102337,-1.76985,0,0,0,55.7991,-63.0257,-55.5717
46.7767,1.64216,0.0983795,-2.11312,0,0,0,56.936,-61.5055,-56.1181
46.7892,1.80072,0.209052,-2.42014,0,0,0,58.2722,-59.7498,-56.64
46.8017,1.93269,0.329436,-2.68476,0,0,0,59.7698,-57.7649,-57.1354
46.8142,2.0345,0.456943,-2.90187,0,0,0,61.3883,-55.5612,-57.6021
46.8267,2.10367,0.588063,-3.06763,0,0,0,63.0857,-53.1534,-58.0378
46.8392,2.13909,0.718563,-3.17969,0,0,0,64.8204,-50.5612,-58.4404
46.8517,2.14107,0.843755,-3.23732,0,0,0,66.5523,-47.81,-58.8076
46.8642,2.11135,0.958807,-3.24133,0,0,0,68.2448,-44.9301,-59.1375
46.8767,2.0529,1.05906,-3.19396,0,0,0,69.8654,-41.9571,-59.4282
46.8892,1.96969,1.14033,-3.09856,0,0,0,71.3877,-38.9306,-59.6784
46.9017,1.86628,1.19913,-2.95932,0,0,0,72.7912,-35.8935,-59.8869
46.9142,1.74749,1.23285,-2.78086,0,0,0,74.0623,-32.8909,-60.0531
46.9267,1.61804,1.23985,-2.56802,0,0,0,75.194,-29.9686,-60.1766
46.9392,1.48225,1.21945,-2.32558,0,0,0,76.1857,-27.1717,-60.2579
46.9517,1.34388,1.17195,-2.05812,0,0,0,77.0422,-24.5439,-60.2973
46.9642,1.20592,1.09848,-1.76995,0,0,0,77.7729,-22.1257,-60.296
46.9767,1.07062,1.00092,-1.46508,0,0,0,78.3901,-19.9541,-60.2554
46.9892,0.939415,0.881805,-1.14725,0,0,0,78.9081,-18.0613,-60.1772
47.0017,0.81305,0.744156,-0.819999,0,0,0,79.3414,-16.4746,-60.0633
47.0142,0.691624,0.591399,-0.486664,0,0,0,79.7039,-15.216,-59.9159
47.0267,0.574731,0.427249,-0.150475,0,0,0,80.0069,-14.3018,-59.7374
47.0392,0.461591,0.255616,0.185434,0,0,0,80.2592,-13.7428,-59.5302
47.0517,0.351201,0.0805265,0.518001,0,0,0,80.4656,-13.5438,-59.2968
47.0642,0.242488,-0.0939568,0.844225,0,0,0,80.6271,-13.704,-59.0399
47.0767,0.134458,-0.263805,1.16117,0,0,0,80.741,-14.2169,-58.7622
47.0892,0.0263393,-0.425101,1.46594,0,0,0,80.8008,-15.0702,-58.4661
47.1017,-0.0822901,-0.574113,1.75571,0,0,0,80.7974,-16.2461,-58.1545
47.1142,-0.191397,-0.707384,2.02768,0,0,0,80.7199,-17.7211,-57.8299
47.1267,-0.30041,-0.821818,2.27904,0,0,0,80.5565,-19.4665,-57.4949
47.1392,-0.408171,-0.914777,2.50698,0,0,0,80.2961,-21.4486,-57.1521
47.1517,-0.512923,-0.984169,2.70862,0,0,0,79.9297,-23.6297,-56.8039
47.1642,-0.612332,-1.02854,2.88103,0,0,0,79.4513,-25.9681,-56.4526
47.1767,-0.703569,-1.04712,3.02124,0,0,0,78.8592,-28.4198,-56.1003
47.1892,-0.783421,-1.03989,3.12628,0,0,0,78.1568,-30.9391,-55.749
47.2017,-0.848472,-1.00756,3.19328,0,0,0,77.3534,-33.4797,-55.4004
47.2142,-0.895306,-0.951566,3.2196,0,0,0,76.4642,-35.9964,-55.0559
47.2267,-0.920757,-0.873939,3.20306,0,0,0,75.5098,-38.4456,-54.7165
47.2392,-0.922161,-0.777205,3.14211,0,0,0,74.5164,-40.7868,-54.3827
47.2517,-0.897607,-0.664209,3.03605,0,0,0,73.514,-42.9833,-54.0548
47.2642,-0.846142,-0.537913,2.88522,0,0,0,72.5362,-45.0022,-53.7324
47.2767,-0.767916,-0.401202,2.69116,0,0,0,71.6178,-46.8156,-53.4147
47.2892,-0.664247,-0.256692,2.45664,0,0,0,70.7944,-48.3997,-53.1004
47.3017,-0.537599,-0.10659,2.18566,0,0,0,70.1,-49.7351,-52.7875
47.3142,-0.391481,0.0474014,1.88337,0,0,0,69.566,-50.8058,-52.4738
47.3267,-0.230271,0.20411,1.55587,0,0,0,69.2201,-51.5993,-52.1565
47.3392,-0.0589973,0.362845,1.20999,0,0,0,69.0847,-52.1054,-51.8322
47.3517,0.116906,0.523293,0.853082,0,0,0,69.1759,-52.3158,-51.4976
47.3642,0.291862,0.685361,0.492703,0,0,0,69.5034,-52.2238,-51.1486
47.3767,0.460403,0.848995,0.136369,0,0,0,70.0695,-51.824,-50.7812
47.3892,0.617416,1.01399,-0.20871,0,0,0,70.8689,-51.1122,-50.3911
47.4017,0.758364,1.17982,-0.535872,0,0,0,71.889,-50.0858,-49.9741
47.4142,0.879486,1.3455,-0.83921,0,0,0,73.1103,-48.7439,-49.5261
47.4267,0.977953,1.50954,-1.11375,0,0,0,74.5065,-47.0888,-49.0429
47.4392,1.05198,1.66988,-1.35554,0,0,0,76.0462,-45.1259,-48.521
47.4517,1.10089,1.82398,-1.56177,0,0,0,77.6933,-42.865,-47.9569
47.4642,1.12509,1.96891,-1.73066,0,0,0,79.4089,-40.3211,-47.3479
47.4767,1.126,2.1015,-1.86146,0,0,0,81.1528,-37.5151,-46.6915
47.4892,1.10593,2.21852,-1.95428,0,0,0,82.8852,-34.4739,-45.9863
47.5017,1.06793,2.31685,-2.00989,0,0,0,84.5685,-31.2308,-45.2312
47.5142,1.01555,2.39368,-2.02959,0,0,0,86.1689,-27.8253,-44.426
47.5267,0.952684,2.44663,-2.01496,0,0,0,87.658,-24.3023,-43.5712
47.5392,0.883344,2.47385,-1.96774,0,0,0,89.0139,-20.711,-42.6678
47.5518,0.811496,2.47414,-1.88968,0,0,0,90.2224,-17.1042,-41.7177
47.5643,0.740901,2.44691,-1.78253,0,0,0,91.2768,-13.5365,-40.7231
47.5768,0.674979,2.39225,-1.64795,0,0,0,92.1783,-10.063,-39.6867
47.5893,0.616699,2.31081,-1.4876,0,0,0,92.9354,-6.73767,-38.6118
47.6018,0.568484,2.20378,-1.30317,0,0,0,93.5626,-3.61203,-37.5016
47.6143,0.53213,2.07281,-1.09648,0,0,0,94.0794,-0.734156,-36.3597
47.6268,0.508748,1.91987,-0.869571,0,0,0,94.5087,1.8524,-35.1897
47.6393,0.498722,1.74721,-0.624819,0,0,0,94.8747,4.10923,-33.9952
47.6518,0.501695,1.55727,-0.364997,0,0,0,95.2016,6.00348,-32.7796
47.6643,0.516582,1.3526,-0.0933221,0,0,0,95.5114,7.50808,-31.5465
47.6768,0.541626,1.13584,0.186541,0,0,0,95.8228,8.60177,-30.2993
47.6893,0.574486,0.909686,0.470526,0,0,0,96.1498,9.26917,-29.0413
47.7018,0.612375,0.67692,0.754255,0,0,0,96.5006,9.50066,-27.7756
47.7143,0.652223,0.440408,1.03317,0,0,0,96.8772,9.29244,-26.5056
47.7268,0.690874,0.203138,1.30272,0,0,0,97.2754,8.64654,-25.2346
47.7393,0.72529,-0.031761,1.55848,0,0,0,97.6847,7.57101,-23.9657
47.7518,0.752755,-0.261012,1.7964,0,0,0,98.0893,6.08001,-22.7026
47.7643,0.771055,-0.481204,2.01292,0,0,0,98.4689,4.19404,-21.4487
47.7768,0.778619,-0.688834,2.20508,0,0,0,98.8004,1.94005,-20.2076
47.7893,0.774608,-0.880377,2.37058,0,0,0,99.0592,-0.648628,-18.9833
47.8018,0.758954,-1.05238,2.50782,0,0,0,99.2209,-3.53242,-17.7795
47.8143,0.732337,-1.20159,2.61582,0,0,0,99.2637,-6.666,-16.6
47.8268,0.696111,-1.32504,2.69417,0,0,0,99.1692,-9.99902,-15.4486
47.8393,0.652197,-1.42019,2.7429,0,0,0,98.925,-13.4771,-14.3288
47.8518,0.602943,-1.485,2.76236,0,0,0,98.5251,-17.043,-13.2439
47.8643,0.550967,-1.51805,2.75315,0,0,0,97.9712,-20.6383,-12.1967
47.8768,0.499005,-1.51853,2.71601,0,0,0,97.2729,-24.2047,-11.1896
47.8893,0.449747,-1.4863,2.65179,0,0,0,96.4475,-27.6856,-10.2244
47.9018,0.405691,-1.42187,2.56144,0,0,0,95.5196,-31.0274,-9.30215
47.9143,0.369004,-1.32634,2.44606,0,0,0,94.5201,-34.181,-8.4232
47.9268,0.341399,-1.20138,2.30694,0,0,0,93.4843,-37.1023,-7.5872
47.9393,0.324027,-1.04911,2.14561,0,0,0,92.4507,-39.7532,-6.79306
47.9518,0.317408,-0.872052,1.96399,0,0,0,91.4589,-42.1014,-6.03897
47.9643,0.321381,-0.673028,1.76438,0,0,0,90.5479,-44.1205,-5.32251
47.9768,0.335106,-0.455085,1.54953,0,0,0,89.7539,-45.7896,-4.64067
47.9893,0.357106,-0.221437,1.32261,0,0,0,89.1091,-47.0929,-3.98997
48.0018,0.385353,0.0245784,1.08718,0,0,0,88.6399,-48.0187,-3.36661
48.0143,0.417411,0.279533,0.847077,0,0,0,88.366,-48.5594,-2.76649
48.0268,0.450591,0.539917,0.606285,0,0,0,88.2992,-48.7105,-2.18544
48.0393,0.482152,0.802146,0.368762,0,0,0,88.4432,-48.4705,-1.61925
48.0518,0.509484,1.06256,0.13829,0,0,0,88.7936,-47.8407,-1.06381
48.0643,0.530287,1.31743,-0.0816855,0,0,0,89.3375,-46.8255,-0.515256
48.0768,0.542726,1.56298,-0.288172,0,0,0,90.0548,-45.4325,0.0300029
48.0893,0.54553,1.79543,-0.478708,0,0,0,90.9184,-43.6734,0.575154
48.1018,0.538061,2.01104,-0.651392,0,0,0,91.896,-41.5642,1.12293
48.1143,0.520331,2.20618,-0.804857,0,0,0,92.9512,-39.126,1.67556
48.1268,0.492973,2.37744,-0.938206,0,0,0,94.0454,-36.3855,2.23471
48.1393,0.457197,2.52169,-1.05091,0,0,0,95.1396,-33.3755,2.80151
48.1518,0.414712,2.63617,-1.1427,0,0,0,96.1963,-30.1346,3.3765
48.1643,0.367645,2.71859,-1.21344,0,0,0,97.1811,-26.7073,3.95968
48.1768,0.318454,2.7672,-1.26302,0,0,0,98.0651,-23.1432,4.55053
48.1893,0.269838,2.78083,-1.29127,0,0,0,98.8254,-19.4961,5.14806
48.2018,0.224645,2.75892,-1.29793,0,0,0,99.4467,-15.8228,5.75086
48.2143,0.185772,2.70153,-1.28262,0,0,0,99.9216,-12.1816,6.35716
48.2268,0.156052,2.60935,-1.24489,0,0,0,100.251,-8.6311,6.9649
48.2393,0.138122,2.48362,-1.18431,0,0,0,100.442,-5.2283,7.57179
48.2518,0.134268,2.32612,-1.10061,0,0,0,100.511,-2.02742,8.17537
48.2643,0.146253,2.13904,-0.993852,0,0,0,100.478,0.921323,8.77303
48.2768,0.175135,1.92497,-0.864624,0,0,0,100.366,3.5727,9.36211
48.2893,0.221096,1.68675,-0.714226,0,0,0,100.202,5.88709,9.9399
48.3018,0.283311,1.42741,-0.544836,0,0,0,100.012,7.83092,10.5036
48.3143,0.359872,1.15014,-0.359596,0,0,0,99.8201,9.37678,11.0505
48.3268,0.447814,0.858219,-0.162612,0,0,0,99.6484,10.5034,11.5777
48.3393,0.543248,0.555005,0.0411625,0,0,0,99.5133,11.1957,12.0825
48.3518,0.641611,0.243969,0.246163,0,0,0,99.4257,11.4442,12.5618
48.3643,0.738006,-0.0712903,0.446547,0,0,0,99.3903,11.2455,13.013
48.3768,0.827604,-0.387007,0.636586,0,0,0,99.405,10.6015,13.4329
48.3893,0.906055,-0.699229,0.811072,0,0,0,99.4611,9.52017,13.8188
48.4018,0.969844,-1.00382,0.965658,0,0,0,99.5442,8.01493,14.1676
48.4143,1.01655,-1.2965,1.09712,0,0,0,99.6345,6.10532,14.4766
48.4268,1.04496,-1.57292,1.20346,0,0,0,99.7087,3.81686,14.7428
48.4393,1.05508,-1.82876,1.28391,0,0,0,99.7411,1.18119,14.9638
48.4518,1.04801,-2.05983,1.33876,0,0,0,99.7057,-1.76404,15.137
48.4643,1.02569,-2.26227,1.36914,0,0,0,99.5776,-4.97549,15.2605
48.4768,0.990705,-2.43257,1.37678,0,0,0,99.3353,-8.40467,15.3324
48.4893,0.945969,-2.56777,1.36373,0,0,0,98.9621,-11.9988,15.3514
48.5018,0.89454,-2.66547,1.33214,0,0,0,98.4475,-15.7019,15.3168
48.5143,0.839412,-2.72394,1.28405,0,0,0,97.7885,-19.4562,15.2281
48.5268,0.783373,-2.74213,1.22132,0,0,0,96.99,-23.2034,15.0856
48.5393,0.728914,-2.71965,1.14556,0,0,0,96.065,-26.8863,14.89
48.5518,0.678164,-2.65682,1.05813,0,0,0,95.0343,-30.4504,14.6425
48.5643,0.63285,-2.5546,0.960165,0,0,0,93.9254,-33.845,14.3447
48.5768,0.594273,-2.41457,0.852658,0,0,0,92.7718,-37.0241,13.9987
48.5893,0.563289,-2.23886,0.736544,0,0,0,91.6108,-39.9475,13.6067
48.6018,0.540301,-2.03015,0.612789,0,0,0,90.4821,-42.5809,13.1714
48.6143,0.525249,-1.79154,0.482469,0,0,0,89.4258,-44.8957,12.6953
48.6268,0.517625,-1.52656,0.346838,0,0,0,88.4805,-46.8693,12.1812
48.6393,0.51649,-1.23908,0.20736,0,0,0,87.6814,-48.484,11.6317
48.6518,0.520534,-0.933258,0.0657169,0,0,0,87.059,-49.7269,11.0494
48.6643,0.528141,-0.613494,-0.0762297,0,0,0,86.6375,-50.5887,10.4367
48.6768,0.537499,-0.284381,-0.216508,0,0,0,86.4338,-51.0634,9.79572
48.6893,0.546716,0.0493457,-0.353134,0,0,0,86.4568,-51.1479,9.12863
48.7018,0.553949,0.382859,-0.48422,0,0,0,86.7072,-50.8415,8.43724
48.7143,0.557532,0.711294,-0.608088,0,0,0,87.177,-50.1462,7.72326
48.7268,0.55608,1.02981,-0.72336,0,0,0,87.8503,-49.0666,6.98823
48.7393,0.548569,1.33366,-0.829026,0,0,0,88.7034,-47.6105,6.23361
48.7518,0.534375,1.61824,-0.924469,0,0,0,89.7065,-45.7898,5.4608
48.7643,0.513284,1.8792,-1.00945,0,0,0,90.8244,-43.6206,4.67115
48.7768,0.485466,2.1125,-1.08406,0,0,0,92.0182,-41.1243,3.86606
48.7893,0.451431,2.31448,-1.14866,0,0,0,93.2471,-38.3283,3.04693
48.8018,0.41197,2.48193,-1.20378,0,0,0,94.4705,-35.2656,2.2152
48.8143,0.368097,2.61216,-1.25,0,0,0,95.6494,-31.9756,1.37238
48.8268,0.320995,2.70304,-1.28791,0,0,0,96.7488,-28.5036,0.519958
48.8393,0.271975,2.75305,-1.318,0,0,0,97.7389,-24.8998,-0.34055
48.8518,0.222439,2.76129,-1.34058,0,0,0,98.5968,-21.2186,-1.2077
48.8643,0.173854,2.72752,-1.3558,0,0,0,99.3068,-17.5173,-2.08015
48.8768,0.127733,2.65214,-1.36355,0,0,0,99.8619,-13.8546,-2.95674
48.8893,0.0856044,2.5362,-1.36355,0,0,0,100.263,-10.289,-3.83651
48.9018,0.0489694,2.38139,-1.35535,0,0,0,100.517,-6.8775,-4.71881
48.9143,0.0192478,2.18995,-1.33841,0,0,0,100.641,-3.67376,-5.60332
48.9268,-0.0023016,1.96471,-1.31222,0,0,0,100.652,-0.727323,-6.49013
48.9393,-0.014676,1.70898,-1.27638,0,0,0,100.576,1.91749,-7.37969
48.9518,-0.017233,1.4265,-1.23076,0,0,0,100.437,4.22224,-8.27291
48.9643,-0.00978701,1.12139,-1.17563,0,0,0,100.259,6.15469,-9.17109
48.9768,0.00731909,0.79805,-1.11176,0,0,0,100.067,7.68905,-10.0759
48.9893,0.0331893,0.461112,-1.04041,0,0,0,99.879,8.80587,-10.9894
49.0018,0.0664109,0.115356,-0.963381,0,0,0,99.7103,9.49203,-11.9137
49.0143,0.105157,-0.234355,-0.882898,0,0,0,99.5698,9.74051,-12.8515
49.0268,0.147344,-0.583132,-0.801453,0,0,0,99.4604,9.55031,-13.8052
49.0393,0.190825,-0.926122,-0.721624,0,0,0,99.3784,8.9264,-14.7774
49.0518,0.233587,-1.25856,-0.645888,0,0,0,99.3139,7.8797,-15.7705
49.0643,0.273924,-1.57581,-0.576442,0,0,0,99.2514,6.42713,-16.7867
49.0768,0.310559,-1.87344,-0.515081,0,0,0,99.1711,4.59171,-17.8279
49.0893,0.342708,-2.14725,-0.463134,0,0,0,99.0499,2.40256,-18.8956
49.1018,0.37008,-2.39335,-0.421454,0,0,0,98.8632,-0.105159,-19.9907
49.1143,0.392832,-2.60822,-0.390457,0,0,0,98.5865,-2.89051,-21.1136
49.1268,0.411486,-2.78872,-0.3702,0,0,0,98.1975,-5.90724,-22.2641
49.1393,0.426829,-2.93221,-0.360452,0,0,0,97.6772,-9.10452,-23.4415
49.1518,0.439812,-3.03652,-0.360787,0,0,0,97.0121,-12.428,-24.6444
49.1643,0.451454,-3.10004,-0.370643,0,0,0,96.1951,-15.8208,-25.8709
49.1768,0.462754,-3.12173,-0.389378,0,0,0,95.2263,-19.2255,-27.1187
49.1894,0.474622,-3.10113,-0.416288,0,0,0,94.1133,-22.5847,-28.3851
49.2019,0.487819,-3.03838,-0.450617,0,0,0,92.8715,-25.8436,-29.6671
49.2144,0.502907,-2.93421,-0.491544,0,0,0,91.5229,-28.9506,-30.9616
49.2269,0.520208,-2.78992,-0.538163,0,0,0,90.0958,-31.8587,-32.2656
49.2394,0.539777,-2.60741,-0.589458,0,0,0,88.6227,-34.5264,-33.5759
49.2519,0.561386,-2.38908,-0.644271,0,0,0,87.1392,-36.9186,-34.8899
49.2644,0.584518,-2.13789,-0.701301,0,0,0,85.6819,-39.006,-36.2048
49.2769,0.608394,-1.85724,-0.759102,0,0,0,84.2868,-40.766,-37.5184
49.2894,0.632008,-1.55098,-0.816118,0,0,0,82.9875,-42.1814,-38.8287
49.3019,0.654197,-1.22335,-0.870732,0,0,0,81.8135,-43.2406,-40.1343
49.3144,0.673735,-0.878931,-0.921358,0,0,0,80.7891,-43.9364,-41.4337
49.3269,0.689428,-0.522558,-0.966525,0,0,0,79.9319,-44.2657,-42.726
49.3394,0.700233,-0.159291,-1.00499,0,0,0,79.2528,-44.2287,-44.0103
49.3519,0.705343,0.205684,-1.03582,0,0,0,78.7549,-43.8285,-45.286
49.3644,0.704271,0.567129,-1.05848,0,0,0,78.4337,-43.0708,-46.5523
49.3769,0.696877,0.919837,-1.07283,0,0,0,78.2774,-41.9642,-47.8085
49.3894,0.683369,1.25872,-1.07915,0,0,0,78.2674,-40.5199,-49.0538
49.4019,0.664267,1.57889,-1.0781,0,0,0,78.3793,-38.7522,-50.2871
49.4144,0.640325,1.87574,-1.07062,0,0,0,78.5837,-36.6789,-51.5071
49.4269,0.612455,2.14502,-1.05785,0,0,0,78.8482,-34.3219,-52.7124
49.4394,0.581633,2.3829,-1.04104,0,0,0,79.1383,-31.7072,-53.9009
49.4519,0.548819,2.58601,-1.02146,0,0,0,79.4194,-28.8652,-55.0708
49.4644,0.514898,2.75152,-1.00033,0,0,0,79.6583,-25.831,-56.2197
49.4769,0.480631,2.87714,-0.978764,0,0,0,79.8253,-22.6437,-57.3452
49.4894,0.446638,2.96117,-0.957731,0,0,0,79.8948,-19.346,-58.4448
49.5019,0.413387,3.00251,-0.938043,0,0,0,79.8473,-15.9834,-59.5161
49.5144,0.381213,3.00068,-0.920345,0,0,0,79.6697,-12.6031,-60.5569
49.5269,0.350337,2.9558,-0.905121,0,0,0,79.3562,-9.25272,-61.5649
49.5394,0.320896,2.86862,-0.89269,0,0,0,78.908,-5.97908,-62.5387
49.5519,0.292976,2.74046,-0.883224,0,0,0,78.3332,-2.82692,-63.4767
49.5644,0.26665,2.57324,-0.876746,0,0,0,77.6459,0.162278,-64.3782
49.5769,0.242007,2.36943,-0.873137,0,0,0,76.8649,2.9512,-65.2429
49.5894,0.21918,2.13199,-0.872152,0,0,0,76.0129,5.50745,-66.0708
49.6019,0.198361,1.86438,-0.873421,0,0,0,75.1147,7.80395,-66.8628
49.6144,0.179814,1.57046,-0.876474,0,0,0,74.1955,9.81916,-67.62
49.6269,0.163862,1.25447,-0.880766,0,0,0,73.2799,11.537,-68.344
49.6394,0.150872,0.920972,-0.88571,0,0,0,72.3902,12.9466,-69.0368
49.6519,0.141218,0.574754,-0.890721,0,0,0,71.5455,14.0419,-69.7005
49.6644,0.135249,0.220799,-0.895263,0,0,0,70.7607,14.8214,-70.3378
49.6769,0.133247,-0.135805,-0.898889,0,0,0,70.0459,15.2876,-70.9511
49.6894,0.135394,-0.48993,-0.901276,0,0,0,69.406,15.4466,-71.5431
49.7019,0.14175,-0.836484,-0.902242,0,0,0,68.8412,15.3081,-72.1164
49.7144,0.15225,-1.17048,-0.901749,0,0,0,68.3464,14.8848,-72.6733
49.7269,0.166706,-1.48712,-0.899882,0,0,0,67.9127,14.1927,-73.2162
49.7394,0.184835,-1.78185,-0.896818,0,0,0,67.5272,13.2509,-73.747
49.7519,0.206277,-2.05043,-0.892782,0,0,0,67.1748,12.0816,-74.2676
49.7644,0.230627,-2.28898,-0.888004,0,0,0,66.8386,10.7102,-74.7793
49.7769,0.257449,-2.49409,-0.882676,0,0,0,66.5015,9.16472,-75.2833
49.7894,0.2863,-2.66281,-0.876909,0,0,0,66.147,7.47628,-75.7803
49.8019,0.316722,-2.7927,-0.87071,0,0,0,65.7607,5.6782,-76.2709
49.8144,0.348247,-2.88192,-0.863953,0,0,0,65.3308,3.80571,-76.7551
49.8269,0.380382,-2.92918,-0.856371,0,0,0,64.8492,1.89525,-77.2329
49.8394,0.412597,-2.93383,-0.847545,0,0,0,64.312,-0.0162879,-77.7039
49.8519,0.444315,-2.89583,-0.836909,0,0,0,63.7195,-1.89236,-78.1676
49.8644,0.474904,-2.81577,-0.823758,0,0,0,63.0766,-3.69762,-78.6233
49.8769,0.503679,-2.69486,-0.807274,0,0,0,62.3918,-5.39868,-79.0702
49.8894,0.529916,-2.53489,-0.78655,0,0,0,61.6773,-6.96481,-79.5074
49.9019,0.552884,-2.33827,-0.760644,0,0,0,60.9477,-8.36844,-79.9338
49.9144,0.571885,-2.10792,-0.728637,0,0,0,60.2192,-9.58556,-80.3485
49.9269,0.586312,-1.84727,-0.689696,0,0,0,59.5085,-10.5959,-80.7503
49.9394,0.595717,-1.56017,-0.643157,0,0,0,58.8319,-11.3828,-81.1383
49.9519,0.599876,-1.25088,-0.588596,0,0,0,58.204,-11.9335,-81.5113
49.9644,0.598845,-0.923942,-0.525898,0,0,0,57.6372,-12.2384,-81.8682
49.9769,0.593002,-0.584143,-0.45529,0,0,0,57.1404,-12.2914,-82.2079
49.9894,0.583054,-0.23643,-0.377361,0,0,0,56.7191,-12.0891,-82.529
50.0019,0.570016,0.114167,-0.29304,0,0,0,56.3743,-11.6311,-82.8304
50.0144,0.555149,0.462603,-0.203536,0,0,0,56.1031,-10.9194,-83.1108
50.0269,0.539881,0.803891,-0.110261,0,0,0,55.8983,-9.95882,-83.3688
50.0394,0.525699,1.13316,-0.0147312,0,0,0,55.7491,-8.75681,-83.6031
50.0519,0.514044,1.44573,0.0815345,0,0,0,55.6413,-7.32358,-83.8122
50.0644,0.50621,1.73716,0.177096,0,0,0,55.5584,-5.67228,-83.9946
50.0769,0.503264,2.00328,0.270657,0,0,0,55.4822,-3.81912,-84.1492
50.0894,0.50599,2.24029,0.361098,0,0,0,55.3942,-1.78346,-84.2745
50.1019,0.514846,2.44478,0.447472,0,0,0,55.2763,0.412248,-84.3694
50.1144,0.529956,2.61379,0.528987,0,0,0,55.1121,2.74262,-84.4329
50.1269,0.551107,2.74485,0.604949,0,0,0,54.8882,5.17967,-84.4642
50.1394,0.577756,2.83604,0.674706,0,0,0,54.5947,7.69337,-84.4628
50.1519,0.609046,2.886,0.737577,0,0,0,54.2262,10.2522,-84.4282
50.1644,0.643819,2.89399,0.79279,0,0,0,53.7823,12.8242,-84.3605
50.1769,0.680638,2.85988,0.839428,0,0,0,53.2681,15.3773,-84.2601
50.1894,0.717815,2.78419,0.876407,0,0,0,52.6935,17.8807,-84.1273
50.2019,0.753453,2.6681,0.902462,0,0,0,52.0736,20.3054,-83.963
50.2144,0.785511,2.5134,0.916187,0,0,0,51.4275,22.6249,-83.7683
50.2269,0.811897,2.32249,0.916114,0,0,0,50.7778,24.8156,-83.5443
50.2394,0.830597,2.09833,0.900824,0,0,0,50.1497,26.8571,-83.2924
50.2519,0.839829,1.84439,0.869106,0,0,0,49.5693,28.7324,-83.0139
50.2644,0.838219,1.56456,0.820136,0,0,0,49.0634,30.4275,-82.7102
50.2769,0.824976,1.26306,0.75366,0,0,0,48.6574,31.9314,-82.3828
50.2894,0.800038,0.944395,0.670148,0,0,0,48.3749,33.2355,-82.0329
50.3019,0.76416,0.613188,0.570891,0,0,0,48.2366,34.333,-81.6618
50.3144,0.71892,0.27415,0.458019,0,0,0,48.2594,35.2187,-81.2704
50.3269,0.66663,-0.0680217,0.334416,0,0,0,48.4556,35.8884,-80.8597
50.3394,0.610157,-0.408696,0.203553,0,0,0,48.8329,36.3388,-80.4305
50.3519,0.552668,-0.743357,0.0692438,0,0,0,49.3935,36.5672,-79.9834
50.3644,0.497357,-1.06763,-0.0646274,0,0,0,50.1345,36.5717,-79.5188
50.3769,0.447164,-1.37733,-0.194367,0,0,0,51.0477,36.3514,-79.0371
50.3894,0.40455,-1.66843,-0.316685,0,0,0,52.1198,35.9069,-78.5387
50.4019,0.371335,-1.93718,-0.428844,0,0,0,53.3333,35.2406,-78.0239
50.4144,0.348621,-2.18006,-0.528709,0,0,0,54.6665,34.3576,-77.4928
50.4269,0.336785,-2.39388,-0.614742,0,0,0,56.0949,33.2665,-76.9457
50.4394,0.335527,-2.57581,-0.685914,0,0,0,57.5922,31.9793,-76.383
50.4519,0.343965,-2.72345,-0.7416,0,0,0,59.1309,30.5124,-75.8048
50.4644,0.360743,-2.83488,-0.781442,0,0,0,60.684,28.8869,-75.2117
50.4769,0.38414,-2.90872,-0.805231,0,0,0,62.2261,27.1282,-74.6039
50.4894,0.412182,-2.94414,-0.812797,0,0,0,63.7342,25.2661,-73.9819
50.5019,0.442736,-2.94093,-0.803936,0,0,0,65.189,23.3343,-73.3461
50.5144,0.473599,-2.89948,-0.778373,0,0,0,66.5753,21.3696,-72.6968
50.5269,0.502584,-2.82079,-0.73576,0,0,0,67.8825,19.4112,-72.0344
50.5394,0.527606,-2.70645,-0.67571,0,0,0,69.1049,17.4996,-71.359
50.5519,0.546772,-2.55859,-0.597868,0,0,0,70.2411,15.6755,-70.6706
50.5644,0.558477,-2.37984,-0.502007,0,0,0,71.294,13.9792,-69.969
50.5769,0.561506,-2.17325,-0.388144,0,0,0,72.2696,12.449,-69.2539
50.5894,0.555133,-1.94224,-0.256657,0,0,0,73.176,11.1212,-68.5247
50.6019,0.539204,-1.69048,-0.108392,0,0,0,74.0225,10.0285,-67.7804
50.6144,0.514194,-1.42184,0.0552498,0,0,0,74.8184,9.20023,-67.0201
50.6269,0.481229,-1.14033,0.23228,0,0,0,75.5718,8.66145,-66.2423
50.6394,0.442047,-0.850013,0.420128,0,0,0,76.2885,8.43274,-65.4456
50.6519,0.398912,-0.554963,0.615719,0,0,0,76.9712,8.52988,-64.6284
50.6644,0.354469,-0.259261,0.815598,0,0,0,77.6192,8.96361,-63.7892
50.6769,0.311566,0.0330432,1.01609,0,0,0,78.2275,9.73934,-62.9262
50.6894,0.273041,0.317939,1.21351,0,0,0,78.7874,10.8569,-62.0379
50.7019,0.241517,0.591471,1.40432,0,0,0,79.2867,12.3105,-61.123
50.7144,0.219217,0.849758,1.58531,0,0,0,79.7102,14.0881,-60.1803
50.7269,0.207812,1.08903,1.75371,0,0,0,80.0408,16.1718,-59.2091
50.7394,0.208324,1.30566,1.90728,0,0,0,80.2605,18.5376,-58.2088
50.7519,0.221088,1.49627,2.04424,0,0,0,80.3523,21.1557,-57.1796
50.7644,0.245751,1.65778,2.16329,0,0,0,80.3009,23.9906,-56.1219
50.7769,0.281326,1.78747,2.26351,0,0,0,80.095,27.0024,-55.0367
50.7894,0.326268,1.88311,2.34422,0,0,0,79.7278,30.1471,-53.9252
50.8019,0.378569,1.94301,2.40487,0,0,0,79.1987,33.3781,-52.7893
50.8144,0.435865,1.96612,2.44498,0,0,0,78.5137,36.6475,-51.6311
50.827,0.495553,1.952,2.46401,0,0,0,77.6862,39.9069,-50.4529
50.8395,0.554902,1.90097,2.46137,0,0,0,76.7366,43.1097,-49.2572
50.852,0.611182,1.81399,2.43639,0,0,0,75.6921,46.2117,-48.0464
50.8645,0.66179,1.69274,2.38842,0,0,0,74.5856,49.1724,-46.8231
50.877,0.704388,1.53948,2.31689,0,0,0,73.455,51.9557,-45.5895
50.8895,0.737042,1.35708,2.22143,0,0,0,72.3411,54.5307,-44.3475
50.902,0.758355,1.14883,2.10204,0,0,0,71.2866,56.8714,-43.0988
50.9145,0.767581,0.918387,1.95922,0,0,0,70.3341,58.9568,-41.8446
50.927,0.764712,0.669658,1.79405,0,0,0,69.5243,60.7704,-40.5857
50.9395,0.750512,0.406674,1.6083,0,0,0,68.8947,62.2995,-39.3224
50.952,0.726494,0.133501,1.40442,0,0,0,68.478,63.5344,-38.0548
50.9645,0.694838,-0.145841,1.18549,0,0,0,68.3011,64.4678,-36.7824
50.977,0.658248,-0.427433,0.955096,0,0,0,68.3837,65.0937,-35.5047
50.9895,0.619766,-0.707486,0.717206,0,0,0,68.7381,65.4074,-34.2208
51.002,0.582556,-0.982353,0.475939,0,0,0,69.3681,65.4046,-32.9298
51.0145,0.549684,-1.24853,0.235395,0,0,0,70.2696,65.0822,-31.631
51.027,0.523912,-1.50263,-0.00053215,0,0,0,71.4297,64.4377,-30.3235
51.0395,0.507529,-1.74141,-0.228285,0,0,0,72.828,63.4705,-29.007
51.052,0.50222,-1.96177,-0.444738,0,0,0,74.4367,62.1822,-27.6813
51.0645,0.508981,-2.16076,-0.647227,0,0,0,76.2216,60.578,-26.3467
51.077,0.528085,-2.33565,-0.833534,0,0,0,78.1435,58.667,-25.0041
51.0895,0.55908,-2.48398,-1.00182,0,0,0,80.1597,56.464,-23.6547
51.102,0.600818,-2.60363,-1.15052,0,0,0,82.2254,53.9895,-22.3002
51.1145,0.651507,-2.69292,-1.27827,0,0,0,84.2959,51.2708,-20.9428
51.127,0.708769,-2.75064,-1.38372,0,0,0,86.3279,48.3419,-19.5851
51.1395,0.769718,-2.77616,-1.46551,0,0,0,88.282,45.2431,-18.2299
51.152,0.831042,-2.76949,-1.52216,0,0,0,90.1236,42.021,-16.8802
51.1645,0.889102,-2.73126,-1.55202,0,0,0,91.8246,38.7268,-15.5391
51.177,0.940052,-2.66275,-1.55334,0,0,0,93.364,35.4158,-14.2097
51.1895,0.979988,-2.56585,-1.52429,0,0,0,94.7287,32.1451,-12.8948
51.202,1.00512,-2.44301,-1.46314,0,0,0,95.9131,28.9727,-11.597
51.2145,1.01198,-2.29709,-1.36842,0,0,0,96.9186,25.9553,-10.3183
51.227,0.997641,-2.13127,-1.23913,0,0,0,97.7527,23.1473,-9.06046
51.2395,0.959976,-1.94886,-1.07498,0,0,0,98.4281,20.5991,-7.82466
51.252,0.897834,-1.75316,-0.876654,0,0,0,98.9601,18.3562,-6.61151
51.2645,0.81124,-1.54729,-0.645929,0,0,0,99.3662,16.4582,-5.42116
51.277,0.70149,-1.33408,-0.385845,0,0,0,99.6633,14.9381,-4.25323
51.2895,0.571179,-1.11596,-0.10071,0,0,0,99.8668,13.8222,-3.10694
51.302,0.424123,-0.894996,0.203962,0,0,0,99.9892,13.1296,-1.98116
51.3145,0.265194,-0.672853,0.521624,0,0,0,100.039,12.8722,-0.874515
51.327,0.10006,-0.450954,0.844956,0,0,0,100.018,13.0545,0.214544
51.3395,-0.0651412,-0.230588,1.1662,0,0,0,99.9274,13.6737,1.28762
51.352,-0.224168,-0.0130801,1.47753,0,0,0,99.759,14.7198,2.3463
51.3645,-0.371066,0.200059,1.77144,0,0,0,99.5027,16.1754,3.39204
51.377,-0.500535,0.407004,2.04114,0,0,0,99.1446,18.0163,4.4261
51.3895,-0.608253,0.605545,2.28083,0,0,0,98.6687,20.211,5.44951
51.402,-0.691108,0.79308,2.48597,0,0,0,98.0587,22.7217,6.463
51.4145,-0.747345,0.966671,2.65338,0,0,0,97.2994,25.5046,7.46702
51.427,-0.776581,1.12316,2.78128,0,0,0,96.3786,28.5107,8.46167
51.4395,-0.779716,1.25935,2.86914,0,0,0,95.2884,31.687,9.44678
51.452,-0.758758,1.37216,2.91756,0,0,0,94.027,34.9775,10.4219
51.4645,-0.716567,1.45883,2.92796,0,0,0,92.5992,38.325,11.3865
51.477,-0.65658,1.51708,2.90235,0,0,0,91.0175,41.6724,12.3396
51.4895,-0.582528,1.54524,2.84309,0,0,0,89.3022,44.9645,13.2804
51.502,-0.498178,1.54233,2.75265,0,0,0,87.4807,48.1493,14.2078
51.5145,-0.407116,1.50813,2.63349,0,0,0,85.5873,51.1795,15.1211
51.527,-0.312567,1.44318,2.48795,0,0,0,83.6615,54.013,16.0192
51.5395,-0.217274,1.34872,2.31821,0,0,0,81.7468,56.6145,16.9013
51.552,-0.123407,1.22667,2.12634,0,0,0,79.8888,58.9546,17.7668
51.5645,-0.0325192,1.07954,1.91432,0,0,0,78.1334,61.0108,18.6149
51.577,0.0544685,0.910334,1.68409,0,0,0,76.5252,62.766,19.4452
51.5895,0.137254,0.722462,1.43765,0,0,0,75.1055,64.2086,20.2572
51.602,0.216111,0.51965,1.1771,0,0,0,73.9106,65.331,21.0505
51.6145,0.291819,0.305852,0.904652,0,0,0,72.9712,66.1289,21.8245
51.627,0.365571,0.0851709,0.622682,0,0,0,72.3105,66.6003,22.5787
51.6395,0.438861,-0.138204,0.333685,0,0,0,71.9439,66.7446,23.3124
51.652,0.513354,-0.360061,0.0402682,0,0,0,71.8784,66.5622,24.0247
51.6645,0.59074,-0.576219,-0.254892,0,0,0,72.1125,66.0541,24.7146
51.677,0.672594,-0.782578,-0.549083,0,0,0,72.6362,65.2221,25.3807
51.6895,0.760229,-0.975175,-0.839584,0,0,0,73.4311,64.0687,26.0213
51.702,0.854558,-1.15025,-1.12367,0,0,0,74.4715,62.598,26.6345
51.7145,0.95597,-1.30431,-1.3986,0,0,0,75.725,60.8167,27.2183
51.727,1.06423,-1.43422,-1.66158,0,0,0,77.1538,58.7345,27.7701
51.7395,1.17838,-1.53731,-1.90968,0,0,0,78.7162,56.3656,28.2876
51.752,1.29669,-1.61145,-2.13978,0,0,0,80.3678,53.7288,28.7681
51.7645,1.41665,-1.65519,-2.34853,0,0,0,82.0638,50.8491,29.2089
51.777,1.53494,-1.66785,-2.53222,0,0,0,83.7604,47.7572,29.6076
51.7895,1.64755,-1.64959,-2.68687,0,0,0,85.4169,44.49,29.9618
51.802,1.74991,-1.6015,-2.80823,0,0,0,86.9968,41.09,30.2694
51.8145,1.83709,-1.52558,-2.89198,0,0,0,88.4701,37.6046,30.5288
51.827,1.90408,-1.42472,-2.93387,0,0,0,89.8132,34.0853,30.7387
51.8395,1.94618,-1.30257,-2.93012,0,0,0,91.0107,30.5861,30.8983
51.852,1.95932,-1.16335,-2.87769,0,0,0,92.0544,27.1621,31.0073
51.8645,1.94047,-1.01165,-2.77467,0,0,0,92.944,23.8679,31.0659
51.877,1.88791,-0.852081,-2.62055,0,0,0,93.6856,20.7566,31.0749
51.8895,1.80146,-0.689039,-2.41645,0,0,0,94.291,17.8779,31.0354
51.902,1.68251,-0.526384,-2.16518,0,0,0,94.7761,15.2773,30.9492
51.9145,1.53394,-0.367233,-1.87116,0,0,0,95.1591,12.9953,30.8182
51.927,1.35996,-0.213814,-1.54021,0,0,0,95.4591,11.0666,30.6447
51.9395,1.16574,-0.0674161,-1.17931,0,0,0,95.6944,9.51976,30.4313
51.952,0.957165,0.0715576,-0.796222,0,0,0,95.8808,8.37691,30.1808
51.9645,0.740447,0.203459,-0.399184,0,0,0,96.0306,7.65381,29.8961
51.977,0.521877,0.329191,0.00340168,0,0,0,96.1515,7.35967,29.5802
51.9895,0.307565,0.449971,0.403237,0,0,0,96.246,7.49722,29.2361
52.002,0.103245,0.567078,0.792346,0,0,0,96.3115,8.06268,28.8669
52.0145,-0.085883,0.681614,1.16327,0,0,0,96.3403,9.04574,28.4758
52.027,-0.255292,0.794304,1.50921,0,0,0,96.3202,10.4296,28.0658
52.0395,-0.401245,0.905347,1.82421,0,0,0,96.2359,12.1909,27.6401
52.052,-0.520903,1.01433,2.1032,0,0,0,96.0697,14.3,27.2018
52.0645,-0.612399,1.12023,2.34219,0,0,0,95.8036,16.7211,26.7539
52.077,-0.674891,1.22143,2.53821,0,0,0,95.4205,19.4126,26.2994
52.0895,-0.708565,1.31591,2.68942,0,0,0,94.906,22.3281,25.8412
52.102,-0.714584,1.40133,2.79499,0,0,0,94.2502,25.417,25.3821
52.1145,-0.694987,1.47526,2.85503,0,0,0,93.4486,28.6256,24.9246
52.127,-0.652536,1.53539,2.87046,0,0,0,92.5035,31.8989,24.4711
52.1395,-0.590534,1.57968,2.84285,0,0,0,91.4242,35.1814,24.0236
52.152,-0.512618,1.60654,2.77422,0,0,0,90.2278,38.4189,23.5839
52.1645,-0.422555,1.61494,2.66694,0,0,0,88.9382,41.56,23.1532
52.177,-0.324056,1.60446,2.52357,0,0,0,87.5859,44.5571,22.7324
52.1895,-0.220612,1.57536,2.34678,0,0,0,86.2065,47.3674,22.3217
52.202,-0.115364,1.5285,2.13931,0,0,0,84.8394,49.9535,21.9208
52.2145,-0.0110124,1.46535,1.90398,0,0,0,83.5261,52.2839,21.529
52.227,0.0902392,1.38784,1.64368,0,0,0,82.3085,54.3328,21.1448
52.2395,0.186707,1.29831,1.36139,0,0,0,81.2269,56.0796,20.7662
52.252,0.277219,1.19941,1.06028,0,0,0,80.3185,57.5085,20.3906
52.2645,0.361077,1.09392,0.743707,0,0,0,79.6158,58.6079,20.015
52.277,0.437999,0.984729,0.415224,0,0,0,79.1452,59.3691,19.6357
52.2895,0.508044,0.874695,0.07863,0,0,0,78.9262,59.7861,19.2488
52.302,0.571522,0.766572,-0.262065,0,0,0,78.9702,59.8551,18.8501
52.3145,0.628899,0.66294,-0.60266,0,0,0,79.2804,59.5734,18.435
52.327,0.680702,0.566152,-0.938812,0,0,0,79.8513,58.9403,17.9989
52.3395,0.727432,0.478286,-1.26609,0,0,0,80.6694,57.9566,17.5371
52.352,0.769491,0.401105,-1.58003,0,0,0,81.7128,56.6254,17.0451
52.3645,0.807122,0.33603,-1.87624,0,0,0,82.9528,54.9525,16.5185
52.377,0.840382,0.284111,-2.15043,0,0,0,84.3546,52.9477,15.9534
52.3895,0.869129,0.24601,-2.39854,0,0,0,85.8784,50.6252,15.3461
52.402,0.893046,0.221991,-2.61676,0,0,0,87.4816,48.0045,14.6936
52.4145,0.91168,0.211919,-2.80165,0,0,0,89.12,45.1113,13.9937
52.427,0.924505,0.215271,-2.95021,0,0,0,90.7501,41.9776,13.2445
52.4395,0.931,0.231165,-3.05992,0,0,0,92.3307,38.6418,12.4452
52.452,0.930727,0.258404,-3.12882,0,0,0,93.8248,35.1485,11.5958
52.4646,0.923415,0.295532,-3.15558,0,0,0,95.2012,31.5476,10.6967
52.4771,0.909028,0.34091,-3.13952,0,0,0,96.4358,27.8935,9.74946
52.4896,0.887813,0.392793,-3.08064,0,0,0,97.512,24.2435,8.75609
52.5021,0.860327,0.449413,-2.97962,0,0,0,98.4216,20.6563,7.71924
52.5146,0.827444,0.509064,-2.83782,0,0,0,99.1642,17.1908,6.64209
52.5271,0.790324,0.570158,-2.65726,0,0,0,99.7467,13.904,5.52818
52.5396,0.750374,0.631284,-2.44054,0,0,0,100.182,10.8498,4.38138
52.5521,0.709179,0.691238,-2.1908,0,0,0,100.489,8.07794,3.20571
52.5646,0.668437,0.749025,-1.91165,0,0,0,100.687,5.63278,2.0053
52.5771,0.629872,0.803854,-1.60712,0,0,0,100.8,3.55275,0.784327
52.5896,0.59516,0.855107,-1.28151,0,0,0,100.848,1.86983,-0.45308
52.6021,0.565857,0.902298,-0.939411,0,0,0,100.85,0.609385,-1.70284
52.6146,0.543329,0.945028,-0.585555,0,0,0,100.823,-0.209962,-2.96095
52.6271,0.5287,0.982938,-0.224788,0,0,0,100.777,-0.576308,-4.22346
52.6396,0.522802,1.01568,0.138007,0,0,0,100.716,-0.484427,-5.48646
52.6521,0.52614,1.04288,0.497968,0,0,0,100.641,0.0642677,-6.74607
52.6646,0.538863,1.06413,0.850305,0,0,0,100.543,1.06173,-7.99836
52.6771,0.56075,1.07903,1.19035,0,0,0,100.411,2.49325,-9.23939
52.6896,0.591206,1.08716,1.5136,0,0,0,100.227,4.33746,-10.4651
52.7021,0.629274,1.08818,1.81576,0,0,0,99.9716,6.56636,-11.6715
52.7146,0.673653,1.08183,2.09278,0,0,0,99.6225,9.14545,-12.8545
52.7271,0.722744,1.06805,2.34089,0,0,0,99.1578,12.0341,-14.0098
52.7396,0.774704,1.04698,2.55663,0,0,0,98.5576,15.1859,-15.1334
52.7521,0.82752,1.01907,2.73695,0,0,0,97.8054,18.5497,-16.2215
52.7646,0.879091,0.985061,2.87918,0,0,0,96.8899,22.0706,-17.2701
52.7771,0.927323,0.94604,2.98115,0,0,0,95.8066,25.6911,-18.2761
52.7896,0.970223,0.903398,3.04121,0,0,0,94.5585,29.3527,-19.2363
52.8021,1.00599,0.858801,3.05831,0,0,0,93.1565,32.9975,-20.1483
52.8146,1.03308,0.814119,3.03202,0,0,0,91.6197,36.5698,-21.0104
52.8271,1.05028,0.771336,2.96257,0,0,0,89.9748,40.0174,-21.8215
52.8396,1.05673,0.732448,2.85089,0,0,0,88.255,43.2929,-22.5811
52.8521,1.0519,0.699349,2.69858,0,0,0,86.4989,46.3549,-23.2897
52.8646,1.03561,0.673725,2.50789,0,0,0,84.7487,49.1681,-23.9485
52.8771,1.00793,0.656952,2.28166,0,0,0,83.0486,51.704,-24.5593
52.8896,0.96916,0.650023,2.02329,0,0,0,81.4424,53.9403,-25.1249
52.9021,0.91975,0.653481,1.73659,0,0,0,79.9724,55.8606,-25.6484
52.9146,0.860223,0.667391,1.42577,0,0,0,78.6771,57.4536,-26.1335
52.9271,0.791139,0.691326,1.09526,0,0,0,77.59,58.7123,-26.5844
52.9396,0.713056,0.724379,0.749716,0,0,0,76.7383,59.6331,-27.0056
52.9521,0.626525,0.765201,0.393849,0,0,0,76.1418,60.2147,-27.4015
52.9646,0.532104,0.812048,0.0324091,0,0,0,75.8125,60.4579,-27.7769
52.9771,0.430392,0.862851,-0.329898,0,0,0,75.754,60.3649,-28.1365
52.9896,0.322088,0.915298,-0.688447,0,0,0,75.9615,59.9391,-28.4846
53.0021,0.20805,0.966931,-1.03873,0,0,0,76.4223,59.1851,-28.8255
53.0146,0.0893704,1.01525,-1.37636,0,0,0,77.1159,58.1096,-29.163
53.0271,-0.0325646,1.05784,-1.69708,0,0,0,78.015,56.7216,-29.5007
53.0396,-0.156022,1.09245,-1.99679,0,0,0,79.0868,55.0329,-29.8415
53.0521,-0.278891,1.11718,-2.27147,0,0,0,80.294,53.0596,-30.1878
53.0646,-0.398685,1.13052,-2.51725,0,0,0,81.5964,50.822,-30.5416
53.0771,-0.512571,1.13151,-2.7304,0,0,0,82.9526,48.3459,-30.9042
53.0896,-0.617443,1.11975,-2.90736,0,0,0,84.3219,45.6624,-31.2764
53.1021,-0.710032,1.0955,-3.04482,0,0,0,85.6657,42.8081,-31.6583
53.1146,-0.787043,1.05961,-3.1398,0,0,0,86.9492,39.8249,-32.0495
53.1271,-0.845328,1.01355,-3.18978,0,0,0,88.1427,36.7593,-32.4493
53.1396,-0.882052,0.959234,-3.19279,0,0,0,89.223,33.6613,-32.8563
53.1521,-0.894864,0.898926,-3.14761,0,0,0,90.1736,30.5832,-33.2687
53.1646,-0.882035,0.835056,-3.05383,0,0,0,90.9849,27.5787,-33.6845
53.1771,-0.842555,0.770018,-2.91192,0,0,0,91.6544,24.7008,-34.1014
53.1896,-0.776177,0.705976,-2.72334,0,0,0,92.1858,22.0009,-34.5168
53.2021,-0.683412,0.644683,-2.49042,0,0,0,92.5879,19.5272,-34.9278
53.2146,-0.565469,0.587332,-2.2164,0,0,0,92.8733,17.3241,-35.3317
53.2271,-0.424177,0.534451,-1.90529,0,0,0,93.0569,15.4308,-35.7254
53.2396,-0.261882,0.48586,-1.56176,0,0,0,93.1546,13.8809,-36.106
53.2521,-0.0813593,0.44068,-1.19107,0,0,0,93.1813,12.702,-36.4703
53.2646,0.11426,0.3974,-0.79892,0,0,0,93.1498,11.9153,-36.8153
53.2771,0.321527,0.353997,-0.391431,0,0,0,93.0697,11.5356,-37.1379
53.2896,0.536691,0.308104,0.0249518,0,0,0,92.9461,11.5713,-37.435
53.3021,0.755697,0.257201,0.443486,0,0,0,92.7798,12.0241,-37.7035
53.3146,0.974173,0.198847,0.85717,0,0,0,92.5664,12.8893,-37.9405
53.3271,1.18745,0.130908,1.25881,0,0,0,92.2973,14.1556,-38.1432
53.3396,1.39063,0.0517935,1.64111,0,0,0,91.9599,15.8054,-38.3086
53.3521,1.57869,-0.0393363,1.99684,0,0,0,91.5385,17.8146,-38.4342
53.3646,1.74669,-0.142402,2.31902,0,0,0,91.0164,20.1528,-38.5176
53.3771,1.89003,-0.256301,2.60124,0,0,0,90.3762,22.7839,-38.5568
53.3896,2.00476,-0.378878,2.8379,0,0,0,89.6024,25.6663,-38.55
53.4021,2.0879,-0.506999,3.02459,0,0,0,88.6827,28.754,-38.4958
53.4146,2.13769,-0.636707,3.15827,0,0,0,87.6093,31.9972,-38.3932
53.4271,2.15378,-0.763465,3.2375,0,0,0,86.3802,35.3438,-38.242
53.4396,2.13724,-0.882455,3.2624,0,0,0,85.0006,38.7404,-38.0421
53.4521,2.0905,-0.988896,3.2346,0,0,0,83.4829,42.1345,-37.7941
53.4646,2.0171,-1.07836,3.157,0,0,0,81.8472,45.475,-37.499
53.4771,1.92134,-1.14701,3.03346,0,0,0,80.1207,48.7143,-37.1584
53.4896,1.80795,-1.19186,2.86847,0,0,0,78.337,51.8093,-36.7741
53.5021,1.68172,-1.21084,2.66683,0,0,0,76.5351,54.722,-36.3484
53.5146,1.54716,-1.20285,2.43341,0,0,0,74.7576,57.4204,-35.8836
53.5271,1.40828,-1.16779,2.17294,0,0,0,73.0494,59.8787,-35.3822
53.5396,1.26842,-1.10644,1.88988,0,0,0,71.4556,62.0764,-34.8469
53.5521,1.13016,-1.02039,1.58843,0,0,0,70.0202,63.999,-34.2801
53.5646,0.995297,-0.911915,1.2725,0,0,0,68.784,65.6359,-33.6842
53.5771,0.864868,-0.783849,0.945742,0,0,0,67.7835,66.9806,-33.0614
53.5896,0.739257,-0.639471,0.611624,0,0,0,67.0491,68.0287,-32.4136
53.6021,0.618286,-0.482387,0.273455,0,0,0,66.6049,68.7779,-31.7425
53.6146,0.501349,-0.316438,-0.0655592,0,0,0,66.4669,69.2265,-31.0493
53.6271,0.387565,-0.145609,-0.402297,0,0,0,66.6434,69.3733,-30.3352
53.6396,0.275922,0.026053,-0.733705,0,0,0,67.134,69.217,-29.6009
53.6521,0.165434,0.19451,-1.05679,0,0,0,67.93,68.7567,-28.847
53.6646,0.0552885,0.355815,-1.3686,0,0,0,69.0145,67.9918,-28.0739
53.6771,-0.055025,0.506181,-1.66626,0,0,0,70.3629,66.9229,-27.2818
53.6896,-0.165596,0.642076,-1.94689,0,0,0,71.9436,65.5529,-26.4711
53.7021,-0.276006,0.7603,-2.20766,0,0,0,73.7191,63.8877,-25.6418
53.7146,-0.385266,0.858087,-2.44569,0,0,0,75.6476,61.9371,-24.7941
53.7271,-0.491791,0.933195,-2.65807,0,0,0,77.6836,59.7165,-23.9284
53.7396,-0.593419,0.98399,-2.84184,0,0,0,79.7809,57.2468,-23.0451
53.7521,-0.687467,1.00952,-2.99399,0,0,0,81.8931,54.5556,-22.1447
53.7646,-0.770842,1.00956,-3.1115,0,0,0,83.9762,51.6768,-21.2278
53.7771,-0.840198,0.984636,-3.19144,0,0,0,85.99,48.6508,-20.2951
53.7896,-0.892134,0.93598,-3.23108,0,0,0,87.8997,45.5236,-19.3475
53.8021,-0.923435,0.865472,-3.2281,0,0,0,89.6766,42.3459,-18.3857
53.8146,-0.931324,0.775517,-3.18076,0,0,0,91.2995,39.172,-17.4105
53.8271,-0.913706,0.66888,-3.08812,0,0,0,92.7544,36.0576,-16.4228
53.8396,-0.86939,0.548496,-2.95026,0,0,0,94.0349,33.0593,-15.4229
53.8521,-0.798245,0.41727,-2.76838,0,0,0,95.141,30.2322,-14.4114
53.8646,-0.701281,0.277884,-2.54493,0,0,0,96.0782,27.6285,-13.3883
53.8771,-0.580653,0.132637,-2.28357,0,0,0,96.8566,25.2967,-12.3535
53.8896,-0.439572,-0.0166631,-1.98913,0,0,0,97.4888,23.28,-11.3067
53.9021,-0.282155,-0.168742,-1.66742,0,0,0,97.9884,21.6159,-10.2471
53.9146,-0.113214,-0.322837,-1.32506,0,0,0,98.3687,20.3349,-9.17383
53.9271,0.0619715,-0.478601,-0.96924,0,0,0,98.6409,19.461,-8.08581
53.9396,0.23791,-0.635968,-0.607426,0,0,0,98.813,19.0106,-6.98174
53.9521,0.409142,-0.794965,-0.247138,0,0,0,98.8893,18.9926,-5.86029
53.9646,0.570482,-0.955532,0.104323,0,0,0,98.8694,19.4087,-4.72011
53.9771,0.717236,-1.11734,0.440113,0,0,0,98.7483,20.2526,-3.55997
53.9896,0.845407,-1.27963,0.754062,0,0,0,98.517,21.5106,-2.37885
54.0021,0.951861,-1.44115,1.04085,0,0,0,98.1631,23.1617,-1.17599
54.0146,1.03446,-1.60007,1.29617,0,0,0,97.672,25.1772,0.0489847
54.0271,1.09212,-1.75407,1.51674,0,0,0,97.028,27.5219,1.29601
54.0396,1.12486,-1.90035,1.70041,0,0,0,96.2164,30.1538,2.56454
54.0521,1.13373,-2.03584,1.84602,0,0,0,95.2248,33.0255,3.85354
54.0646,1.12072,-2.15731,1.95334,0,0,0,94.0446,36.0851,5.16143
54.0771,1.0886,-2.26159,2.02288,0,0,0,92.6731,39.277,6.48621
54.0896,1.04075,-2.34575,2.05575,0,0,0,91.114,42.544,7.82542
54.1021,0.980934,-2.40721,2.0534,0,0,0,89.3783,45.8286,9.17629
54.1147,0.913143,-2.44392,2.01752,0,0,0,87.4848,49.0747,10.5358
54.1272,0.841374,-2.45443,1.94986,0,0,0,85.4601,52.2292,11.9009
54.1397,0.769478,-2.43793,1.85219,0,0,0,83.3375,55.2433,13.2685
54.1522,0.701021,-2.39422,1.7262,0,0,0,81.1561,58.0739,14.6356
54.1647,0.639157,-2.32376,1.57357,0,0,0,78.9596,60.6843,15.9997
54.1772,0.586527,-2.22754,1.39599,0,0,0,76.7944,63.0446,17.3583
54.1897,0.545175,-2.10702,1.19526,0,0,0,74.708,65.1316,18.7097
54.2022,0.516479,-1.96405,0.973348,0,0,0,72.7466,66.9285,20.0525
54.2147,0.501104,-1.80077,0.732542,0,0,0,70.9541,68.4243,21.3859
54.2272,0.498976,-1.61952,0.475487,0,0,0,69.37,69.6128,22.7095
54.2397,0.509286,-1.42279,0.205264,0,0,0,68.0279,70.4913,24.0237
54.2522,0.530531,-1.21316,-0.0745973,0,0,0,66.9548,71.0601,25.329
54.2647,0.560588,-0.993256,-0.360146,0,0,0,66.1701,71.3208,26.6263
54.2772,0.59683,-0.76579,-0.647082,0,0,0,65.6848,71.2761,27.9168
54.2897,0.636288,-0.533544,-0.930878,0,0,0,65.5014,70.9291,29.2018
54.3022,0.675824,-0.299411,-1.20693,0,0,0,65.6138,70.2831,30.4826
54.3147,0.712343,-0.066416,-1.47072,0,0,0,66.008,69.3414,31.7605
54.3272,0.742988,0.162268,-1.71802,0,0,0,66.6616,68.1084,33.0364
54.3397,0.765337,0.383323,-1.94502,0,0,0,67.5456,66.5896,34.3109
54.3522,0.777557,0.593317,-2.1485,0,0,0,68.6248,64.7927,35.5844
54.3647,0.778516,0.788762,-2.32586,0,0,0,69.8592,62.7285,36.8566
54.3772,0.767839,0.966204,-2.47521,0,0,0,71.2055,60.4118,38.127
54.3897,0.745914,1.12232,-2.5953,0,0,0,72.6184,57.8622,39.3943
54.4022,0.713832,1.25406,-2.68548,0,0,0,74.0527,55.1044,40.657
54.4147,0.6733,1.35871,-2.7456,0,0,0,75.4649,52.1685,41.9132
54.4272,0.626505,1.43406,-2.77588,0,0,0,76.8146,49.0905,43.1604
54.4397,0.575967,1.47844,-2.77684,0,0,0,78.0662,45.9107,44.3963
54.4522,0.524382,1.49082,-2.74917,0,0,0,79.1903,42.6738,45.6182
54.4647,0.47446,1.4708,-2.6937,0,0,0,80.1639,39.4275,46.8235
54.4772,0.428773,1.41865,-2.61139,0,0,0,80.9716,36.2209,48.0096
54.4897,0.389609,1.33524,-2.50329,0,0,0,81.6051,33.1035,49.1744
54.5022,0.358844,1.22202,-2.37067,0,0,0,82.0631,30.1234,50.3158
54.5147,0.337827,1.08092,-2.21502,0,0,0,82.3502,27.3263,51.4322
54.5272,0.3273,0.914314,-2.03817,0,0,0,82.476,24.7539,52.5226
54.5397,0.327338,0.724877,-1.84233,0,0,0,82.4537,22.443,53.5863
54.5522,0.337333,0.515554,-1.63012,0,0,0,82.2985,20.4249,54.6229
54.5647,0.356027,0.289473,-1.40463,0,0,0,82.0266,18.7249,55.6327
54.5772,0.381579,0.0498958,-1.16931,0,0,0,81.6531,17.3618,56.6162
54.5897,0.41169,-0.199813,-0.927931,0,0,0,81.1915,16.3479,57.5743
54.6022,0.443758,-0.456203,-0.684468,0,0,0,80.6523,15.6892,58.5081
54.6147,0.475054,-0.715745,-0.442914,0,0,0,80.0428,15.3853,59.419
54.6272,0.502922,-0.97483,-0.207139,0,0,0,79.3663,15.4296,60.3082
54.6397,0.524955,-1.22978,0.0192714,0,0,0,78.6228,15.8098,61.1771
54.6522,0.539156,-1.47684,0.233146,0,0,0,77.8089,16.5077,62.0271
54.6647,0.544063,-1.71226,0.43182,0,0,0,76.9186,17.5002,62.8594
54.6772,0.538825,-1.93228,0.613183,0,0,0,75.9445,18.759,63.6749
54.6897,0.523235,-2.13325,0.775664,0,0,0,74.8786,20.2514,64.4746
54.7022,0.497724,-2.31167,0.918187,0,0,0,73.7135,21.9409,65.2591
54.7147,0.463319,-2.4643,1.04008,0,0,0,72.4438,23.7879,66.0288
54.7272,0.421578,-2.58827,1.14096,0,0,0,71.0673,25.7504,66.7838
54.7397,0.374511,-2.68112,1.22063,0,0,0,69.5853,27.7855,67.5242
54.7522,0.324495,-2.74092,1.27894,0,0,0,68.0043,29.85,68.2499
54.7647,0.274186,-2.76628,1.3157,0,0,0,66.3354,31.9015,68.9605
54.7772,0.226431,-2.75646,1.33065,0,0,0,64.5949,33.9,69.6558
54.7897,0.184165,-2.71131,1.3234,0,0,0,62.804,35.8086,70.3355
54.8022,0.150306,-2.63131,1.29347,0,0,0,60.9878,37.5943,70.9991
54.8147,0.127624,-2.51753,1.24036,0,0,0,59.1748,39.2287,71.6464
54.8272,0.118597,-2.37158,1.1637,0,0,0,57.3959,40.6886,72.2771
54.8397,0.125232,-2.19552,1.06338,0,0,0,55.6824,41.9555,72.891
54.8522,0.148888,-1.99182,0.939759,0,0,0,54.0659,43.0158,73.488
54.8647,0.190091,-1.7632,0.793863,0,0,0,52.5759,43.8604,74.068
54.8772,0.248381,-1.51265,0.627566,0,0,0,51.2395,44.4839,74.631
54.8897,0.322213,-1.24326,0.443704,0,0,0,50.0801,44.8837,75.177
54.9022,0.408941,-0.958223,0.246114,0,0,0,49.1164,45.0598,75.7059
54.9147,0.504915,-0.660827,0.0395571,0,0,0,48.3621,45.0133,76.2176
54.9272,0.605687,-0.354431,-0.170479,0,0,0,47.8253,44.7464,76.712
54.9397,0.706332,-0.0425151,-0.378082,0,0,0,47.5083,44.2617,77.1886
54.9522,0.801837,0.271289,-0.577306,0,0,0,47.4077,43.5619,77.647
54.9647,0.887522,0.583161,-0.762577,0,0,0,47.5144,42.6501,78.0866
54.9772,0.959431,0.889083,-0.92908,0,0,0,47.8139,41.5294,78.5064
54.9897,1.01464,1.18486,-1.07306,0,0,0,48.287,40.2039,78.9055
55.0022,1.05142,1.46618,-1.19198,0,0,0,48.9105,38.6788,79.2825
55.0147,1.06931,1.72872,-1.28459,0,0,0,49.6577,36.9612,79.6361
55.0272,1.06903,1.96822,-1.35078,0,0,0,50.4999,35.0607,79.9648
55.0397,1.05225,2.18068,-1.39141,0,0,0,51.4068,32.9898,80.2671
55.0522,1.02138,2.36243,-1.40805,0,0,0,52.3485,30.7645,80.5414
55.0647,0.979299,2.51028,-1.40269,0,0,0,53.2961,28.4045,80.7862
55.0772,0.92911,2.6216,-1.3775,0,0,0,54.2229,25.9331,81.0001
55.0897,0.873906,2.6944,-1.33465,0,0,0,55.106,23.3773,81.1818
55.1022,0.816632,2.72735,-1.27613,0,0,0,55.9264,20.7667,81.3303
55.1147,0.759957,2.71982,-1.20367,0,0,0,56.6705,18.1336,81.4449
55.1272,0.706202,2.67187,-1.11878,0,0,0,57.3298,15.5118,81.5251
55.1397,0.657292,2.58421,-1.02269,0,0,0,57.9015,12.9354,81.5708
55.1522,0.614724,2.4582,-0.916484,0,0,0,58.3878,10.4385,81.5822
55.1647,0.579546,2.29579,-0.801128,0,0,0,58.7959,8.05396,81.5597
55.1772,0.552349,2.09945,-0.67759,0,0,0,59.1369,5.81248,81.504
55.1897,0.533256,1.87214,-0.546918,0,0,0,59.425,3.74228,81.4162
55.2022,0.521923,1.61724,-0.410316,0,0,0,59.6761,1.8685,81.2974
55.2147,0.517567,1.33849,-0.269187,0,0,0,59.907,0.21286,81.149
55.2272,0.518997,1.03994,-0.125157,0,0,0,60.1341,-1.2064,80.9725
55.2397,0.524687,0.725907,0.0199516,0,0,0,60.3724,-2.37463,80.7694
55.2522,0.53287,0.400905,0.164175,0,0,0,60.6344,-3.28067,80.5413
55.2647,0.541648,0.0696118,0.305497,0,0,0,60.9297,-3.91685,80.2898
55.2772,0.549124,-0.263187,0.441956,0,0,0,61.264,-4.27887,80.0166
55.2897,0.553533,-0.592648,0.571758,0,0,0,61.6393,-4.36582,79.7232
55.3022,0.553355,-0.913926,0.693379,0,0,0,62.0535,-4.18022,79.4111
55.3147,0.547403,-1.22224,0.805641,0,0,0,62.5009,-3.72808,79.0819
55.3272,0.534889,-1.51295,0.907753,0,0,0,62.9723,-3.01906,78.7372
55.3397,0.515434,-1.7816,0.999313,0,0,0,63.4563,-2.06658,78.3783
55.3522,0.489066,-2.02404,1.08027,0,0,0,63.9394,-0.887926,78.0068
55.3647,0.456176,-2.23647,1.15088,0,0,0,64.4075,0.495729,77.624
55.3772,0.417467,-2.41552,1.21157,0,0,0,64.8467,2.05943,77.2313
55.3897,0.373897,-2.5583,1.2629,0,0,0,65.2447,3.77466,76.83
55.4022,0.32662,-2.66249,1.30544,0,0,0,65.5915,5.60979,76.4214
55.4147,0.276943,-2.72634,1.33968,0,0,0,65.8804,7.53059,76.0065
55.4272,0.226285,-2.74874,1.36596,0,0,0,66.1087,9.50096,75.5863
55.4397,0.17615,-2.72922,1.38444,0,0,0,66.2779,11.4837,75.1617
55.4522,0.128103,-2.66797,1.39507,0,0,0,66.3944,13.4416,74.7332
55.4647,0.0837393,-2.56581,1.39758,0,0,0,66.4685,15.3377,74.3011
55.4772,0.0446448,-2.42421,1.39151,0,0,0,66.5149,17.1367,73.8654
55.4897,0.0123424,-2.24525,1.3763,0,0,0,66.5509,18.8054,73.4259
55.5022,-0.0117861,-2.03156,1.35139,0,0,0,66.5966,20.3129,72.9819
55.5147,-0.0265979,-1.7863,1.3163,0,0,0,66.6728,21.6313,72.5324
55.5272,-0.0312971,-1.51307,1.27079,0,0,0,66.8005,22.7357,72.076
55.5397,-0.0255432,-1.21586,1.21504,0,0,0,66.9994,23.6042,71.6109
55.5522,-0.0095361,-0.898993,1.14967,0,0,0,67.2868,24.2178,71.1351
55.5647,0.0159403,-0.567002,1.07588,0,0,0,67.6766,24.5605,70.6462
55.5772,0.0495369,-0.224608,0.995431,0,0,0,68.1784,24.6188,70.1416
55.5897,0.0894272,0.123374,0.910547,0,0,0,68.7967,24.3819,69.6184
55.6022,0.133458,0.472087,0.823806,0,0,0,69.5309,23.8417,69.0737
55.6147,0.179347,0.816691,0.737936,0,0,0,70.3743,22.9929,68.5045
55.6272,0.224893,1.15241,0.655608,0,0,0,71.3151,21.8333,67.9078
55.6397,0.26817,1.4746,0.579251,0,0,0,72.3361,20.3644,67.2807
55.6522,0.307675,1.77876,0.510894,0,0,0,73.4156,18.5915,66.6207
55.6647,0.342417,2.06063,0.452088,0,0,0,74.5284,16.5248,65.9254
55.6772,0.371932,2.31623,0.403873,0,0,0,75.6469,14.1793,65.1928
55.6897,0.396256,2.54189,0.366811,0,0,0,76.7423,11.5755,64.4215
55.7022,0.415839,2.73435,0.341054,0,0,0,77.7865,8.73947,63.6104
55.7147,0.431447,2.89079,0.326433,0,0,0,78.7533,5.70276,62.7592
55.7272,0.444057,3.00885,0.322543,0,0,0,79.62,2.50209,61.8679
55.7397,0.454747,3.08675,0.328829,0,0,0,80.369,-0.821322,60.9372
55.7523,0.464609,3.12321,0.34464,0,0,0,80.9886,-4.22263,59.9683
55.7648,0.474667,3.11758,0.369266,0,0,0,81.4738,-7.65451,58.9628
55.7773,0.48581,3.06977,0.401953,0,0,0,81.827,-11.0684,57.9226
55.7898,0.49874,2.9803,0.441896,0,0,0,82.0579,-14.4159,56.8502
55.8023,0.513928,2.85028,0.488219,0,0,0,82.1826,-17.6497,55.748
55.8148,0.531579,2.68137,0.539948,0,0,0,82.2234,-20.7253,54.6186
55.8273,0.551611,2.4758,0.595981,0,0,0,82.2072,-23.6014,53.4646
55.8398,0.573641,2.23632,0.655069,0,0,0,82.1643,-26.2405,52.2886
55.8523,0.597,1.96617,0.71581,0,0,0,82.1263,-28.6099,51.0928
55.8648,0.620761,1.66903,0.776665,0,0,0,82.1251,-30.6812,49.8796
55.8773,0.643798,1.34899,0.836005,0,0,0,82.1905,-32.4307,48.6508
55.8898,0.664866,1.0105,0.89218,0,0,0,82.3493,-33.8386,47.4082
55.9023,0.682703,0.65829,0.943611,0,0,0,82.6236,-34.8894,46.1534
55.9148,0.696142,0.297341,0.988891,0,0,0,83.0293,-35.5711,44.8878
55.9273,0.704211,-0.0672118,1.02689,0,0,0,83.5763,-35.8752,43.6127
55.9398,0.70623,-0.430147,1.05683,0,0,0,84.2669,-35.7965,42.3294
55.9523,0.701856,-0.786242,1.07836,0,0,0,85.0961,-35.3334,41.0393
55.9648,0.691112,-1.13036,1.09153,0,0,0,86.0521,-34.488,39.7437
55.9773,0.674356,-1.45752,1.0968,0,0,0,87.116,-33.2667,38.4445
55.9898,0.652228,-1.76301,1.09497,0,0,0,88.2636,-31.6804,37.1435
56.0023,0.625572,-2.04243,1.08707,0,0,0,89.4659,-29.7453,35.8428
56.0148,0.595345,-2.29178,1.07431,0,0,0,90.6908,-27.4833,34.5449
56.0273,0.562536,-2.50751,1.05793,0,0,0,91.905,-24.9226,33.2526
56.0398,0.528089,-2.6866,1.03919,0,0,0,93.0753,-22.0972,31.9689
56.0523,0.492853,-2.82653,1.01923,0,0,0,94.1707,-19.0476,30.6967
56.0648,0.457549,-2.9254,0.999072,0,0,0,95.1642,-15.8194,29.4394
56.0773,0.422759,-2.98188,0.979592,0,0,0,96.034,-12.4634,28.2001
56.0898,0.388928,-2.99527,0.961488,0,0,0,96.7651,-9.03382,26.9819
56.1023,0.356383,-2.96547,0.945285,0,0,0,97.3495,-5.58737,25.7876
56.1148,0.325357,-2.89301,0.931345,0,0,0,97.7871,-2.18165,24.6195
56.1273,0.296022,-2.77902,0.919867,0,0,0,98.0853,1.12631,23.4796
56.1398,0.268521,-2.62522,0.910901,0,0,0,98.2581,4.28147,22.3694
56.1523,0.242994,-2.43387,0.904356,0,0,0,98.3257,7.23203,21.2898
56.1648,0.219606,-2.20779,0.900013,0,0,0,98.3124,9.93052,20.2409
56.1773,0.19856,-1.95026,0.897541,0,0,0,98.2452,12.3345,19.2223
56.1898,0.180107,-1.66502,0.896517,0,0,0,98.1523,14.4071,18.2331
56.2023,0.164535,-1.35619,0.896456,0,0,0,98.0608,16.1172,17.2716
56.2148,0.152157,-1.02823,0.896845,0,0,0,97.9953,17.4397,16.3359
56.2273,0.143278,-0.685866,0.897186,0,0,0,97.9764,18.3549,15.4235
56.2398,0.138165,-0.334028,0.897034,0,0,0,98.0191,18.8489,14.5318
56.2523,0.137016,0.02222,0.896035,0,0,0,98.1323,18.9131,13.6578
56.2648,0.139931,0.377754,0.89396,0,0,0,98.3182,18.5444,12.7986
56.2773,0.146898,0.727458,0.890709,0,0,0,98.5718,17.7448,11.9513
56.2898,0.157793,1.0663,0.886317,0,0,0,98.8815,16.5218,11.1131
56.3023,0.17239,1.38942,0.880928,0,0,0,99.2297,14.8885,10.2814
56.3148,0.190381,1.69215,0.874761,0,0,0,99.5938,12.8641,9.45417
56.3273,0.211406,1.97016,0.868077,0,0,0,99.9474,10.4735,8.62942
56.3398,0.235074,2.21943,0.861125,0,0,0,100.262,7.74816,7.80577
56.3523,0.260987,2.43639,0.854113,0,0,0,100.51,4.7255,6.98225
56.3648,0.288745,2.61792,0.847163,0,0,0,100.664,1.44891,6.15834
56.3773,0.317952,2.7614,0.840292,0,0,0,100.7,-2.03288,5.33398
56.3898,0.348208,2.86478,0.83339,0,0,0,100.601,-5.66668,4.50951
56.4023,0.379096,2.92658,0.826204,0,0,0,100.355,-9.39594,3.68565
56.4148,0.410165,2.94592,0.818336,0,0,0,99.9578,-13.1621,2.86346
56.4273,0.440918,2.92253,0.809245,0,0,0,99.4134,-16.9062,2.04424
56.4398,0.470798,2.85678,0.79825,0,0,0,98.7342,-20.5701,1.2295
56.4523,0.499184,2.74966,0.78455,0,0,0,97.94,-24.0985,0.420872
56.4648,0.525405,2.60277,0.76725,0,0,0,97.0577,-27.4397,-0.379905
56.4773,0.548758,2.41828,0.745401,0,0,0,96.1193,-30.5468,-1.17107
56.4898,0.568545,2.19893,0.71805,0,0,0,95.1609,-33.3786,-1.95085
56.5023,0.58413,1.94797,0.684307,0,0,0,94.2204,-35.9,-2.71749
56.5148,0.594996,1.66911,0.643415,0,0,0,93.3358,-38.0816,-3.46927
56.5273,0.600818,1.36648,0.594828,0,0,0,92.5433,-39.9,-4.20445
56.5398,0.601522,1.04451,0.538274,0,0,0,91.8753,-41.3373,-4.92131
56.5523,0.597335,0.707932,0.473812,0,0,0,91.3593,-42.38,-5.61811
56.5648,0.588806,0.361641,0.401856,0,0,0,91.0161,-43.0194,-6.29301
56.5773,0.576802,0.0106556,0.323165,0,0,0,90.8595,-43.2501,-6.9441
56.5898,0.562459,-0.339966,0.238806,0,0,0,90.8948,-43.0704,-7.56936
56.6023,0.547116,-0.685196,0.150083,0,0,0,91.1197,-42.4817,-8.1666
56.6148,0.532212,-1.02011,0.0584423,0,0,0,91.5233,-41.4888,-8.73349
56.6273,0.519189,-1.33993,-0.0346249,0,0,0,92.0874,-40.1002,-9.26757
56.6398,0.509383,-1.64012,-0.127672,0,0,0,92.7871,-38.3283,-9.76623
56.6523,0.503939,-1.91639,-0.219368,0,0,0,93.5919,-36.1901,-10.2268
56.6648,0.503747,-2.16481,-0.308546,0,0,0,94.4672,-33.7076,-10.6466
56.6773,0.509391,-2.38182,-0.394212,0,0,0,95.3762,-30.9086,-11.0228
56.6898,0.521134,-2.56428,-0.475532,0,0,0,96.2814,-27.8266,-11.3531
56.7023,0.538909,-2.70955,-0.551794,0,0,0,97.147,-24.5011,-11.6349
56.7148,0.562323,-2.8155,-0.622348,0,0,0,97.9402,-20.9771,-11.8662
56.7273,0.590672,-2.88056,-0.686547,0,0,0,98.6333,-17.3048,-12.0452
56.7398,0.622951,-2.90377,-0.743675,0,0,0,99.205,-13.5384,-12.1708
56.7523,0.657878,-2.88479,-0.792902,0,0,0,99.6414,-9.7348,-12.242
56.7648,0.693909,-2.82389,-0.833234,0,0,0,99.9369,-5.95273,-12.2585
56.7773,0.729281,-2.722,-0.863508,0,0,0,100.094,-2.25072,-12.2206
56.7898,0.762062,-2.58069,-0.882403,0,0,0,100.122,1.31418,-12.1291
56.8023,0.790227,-2.40214,-0.888503,0,0,0,100.039,4.68775,-11.9851
56.8148,0.811777,-2.1891,-0.880389,0,0,0,99.8667,7.81982,-11.7903
56.8273,0.82487,-1.94485,-0.856784,0,0,0,99.6322,10.6652,-11.5467
56.8398,0.827993,-1.67313,-0.816713,0,0,0,99.3643,13.1841,-11.2567
56.8523,0.820131,-1.37806,-0.759683,0,0,0,99.0919,15.3428,-10.9229
56.8648,0.800925,-1.06404,-0.68585,0,0,0,98.8429,17.1135,-10.5479
56.8773,0.770779,-0.735685,-0.596139,0,0,0,98.6414,18.4743,-10.1346
56.8898,0.730905,-0.397694,-0.492287,0,0,0,98.5073,19.4089,-9.68579
56.9023,0.683269,-0.0548089,-0.37681,0,0,0,98.4543,19.9064,-9.20436
56.9148,0.630451,0.288274,-0.252863,0,0,0,98.4896,19.9614,-8.6931
56.9273,0.575427,0.626952,-0.124034,0,0,0,98.6133,19.5734,-8.15477
56.9398,0.521302,0.956757,0.00591574,0,0,0,98.8183,18.7469,-7.59205
56.9523,0.471037,1.27338,0.133309,0,0,0,99.0907,17.4921,-7.0076
56.9648,0.427211,1.57272,0.254786,0,0,0,99.4109,15.8242,-6.40401
56.9773,0.391836,1.85087,0.367468,0,0,0,99.7541,13.7645,-5.78387
56.9898,0.366247,2.10421,0.469048,0,0,0,100.093,11.3401,-5.1497
57.0023,0.351074,2.3294,0.557797,0,0,0,100.397,8.58404,-4.50404
57.0148,0.34627,2.52348,0.632517,0,0,0,100.638,5.53564,-3.84939
57.0273,0.351181,2.68388,0.692434,0,0,0,100.787,2.23972,-3.18822
57.0398,0.364652,2.80851,0.737084,0,0,0,100.823,-1.25377,-2.52291
57.0523,0.385131,2.89578,0.76618,0,0,0,100.726,-4.89069,-1.85577
57.0648,0.410777,2.94468,0.779514,0,0,0,100.486,-8.61392,-1.18893
57.0773,0.439553,2.95479,0.776863,0,0,0,100.099,-12.3647,-0.524312
57.0898,0.469323,2.92627,0.757944,0,0,0,99.5708,-16.084,0.136429
57.1023,0.497929,2.85993,0.722401,0,0,0,98.9133,-19.7145,0.791983
57.1148,0.523277,2.75714,0.669826,0,0,0,98.147,-23.2013,1.44144
57.1273,0.543427,2.61987,0.599819,0,0,0,97.2988,-26.4939,2.08433
57.1398,0.556687,2.45056,0.512073,0,0,0,96.4005,-29.5466,2.72071
57.1523,0.561713,2.25214,0.406487,0,0,0,95.4873,-32.3194,3.35115
57.1648,0.557611,2.02791,0.28328,0,0,0,94.5958,-34.7785,3.97675
57.1773,0.544028,1.78146,0.143106,0,0,0,93.7625,-36.8959,4.59916
57.1898,0.521223,1.51661,-0.0128542,0,0,0,93.0213,-38.6495,5.22057
57.2023,0.490099,1.23735,-0.182835,0,0,0,92.4022,-40.0223,5.84362
57.2148,0.45219,0.947739,-0.364482,0,0,0,91.9298,-41.0024,6.47138
57.2273,0.409591,0.651875,-0.554903,0,0,0,91.6223,-41.582,7.10729
57.2398,0.364834,0.35387,-0.750778,0,0,0,91.49,-41.7573,7.75503
57.2523,0.320716,0.0578127,-0.948515,0,0,0,91.5356,-41.5279,8.41847
57.2648,0.280098,-0.23224,-1.14443,0,0,0,91.7538,-40.897,9.10153
57.2773,0.245693,-0.512278,-1.33496,0,0,0,92.1311,-39.8715,9.80807
57.2898,0.219871,-0.778358,-1.5168,0,0,0,92.6472,-38.4622,10.5418
57.3023,0.204495,-1.02663,-1.68706,0,0,0,93.2755,-36.684,11.3061
57.3148,0.200808,-1.25339,-1.84336,0,0,0,93.9842,-34.557,12.104
57.3273,0.209372,-1.45514,-1.98381,0,0,0,94.7385,-32.1064,12.938
57.3398,0.230061,-1.62865,-2.10701,0,0,0,95.5016,-29.3631,13.81
57.3523,0.262093,-1.77105,-2.21198,0,0,0,96.237,-26.364,14.7213
57.3648,0.304109,-1.87991,-2.29798,0,0,0,96.9104,-23.1513,15.6725
57.3773,0.354253,-1.95334,-2.3645,0,0,0,97.4912,-19.7728,16.6635
57.3899,0.410285,-1.99002,-2.41107,0,0,0,97.9541,-16.2806,17.6933
57.4024,0.469684,-1.98929,-2.43721,0,0,0,98.2807,-12.7301,18.7606
57.4149,0.529765,-1.9512,-2.44234,0,0,0,98.4597,-9.17893,19.8632
57.4274,0.587796,-1.87647,-2.42585,0,0,0,98.4881,-5.6853,20.9985
57.4399,0.641124,-1.76651,-2.38705,0,0,0,98.3702,-2.30652,22.1635
57.4524,0.687305,-1.6234,-2.32532,0,0,0,98.1176,0.902467,23.3548
57.4649,0.72424,-1.44979,-2.24017,0,0,0,97.748,3.89034,24.569
57.4774,0.750316,-1.24884,-2.13142,0,0,0,97.2836,6.6105,25.8023
57.4899,0.764523,-1.0241,-1.99932,0,0,0,96.7498,9.02188,27.0512
57.5024,0.766558,-0.779416,-1.84469,0,0,0,96.173,11.0894,28.3121
57.5149,0.756878,-0.518817,-1.66898,0,0,0,95.5793,12.7844,29.5815
57.5274,0.736704,-0.246397,-1.47434,0,0,0,94.9923,14.0842,30.8562
57.5399,0.707961,0.0337626,-1.26359,0,0,0,94.4318,14.9726,32.133
57.5524,0.673162,0.317659,-1.04009,0,0,0,93.9126,15.439,33.4089
57.5649,0.63523,0.601408,-0.807644,0,0,0,93.4438,15.4787,34.6811
57.5774,0.597298,0.881269,-0.570303,0,0,0,93.0277,15.0923,35.9466
57.5899,0.562484,1.15364,-0.332158,0,0,0,92.6602,14.2856,37.2028
57.6024,0.533679,1.41505,-0.0971651,0,0,0,92.3308,13.0698,38.4468
57.6149,0.513363,1.66217,0.131011,0,0,0,92.0236,11.4613,39.6757
57.6274,0.503455,1.89182,0.349108,0,0,0,91.7177,9.48183,40.8865
57.6399,0.505215,2.10094,0.554318,0,0,0,91.3891,7.15859,42.0762
57.6524,0.519191,2.28672,0.74429,0,0,0,91.0121,4.52408,43.2414
57.6649,0.545204,2.44655,0.917079,0,0,0,90.5609,1.61605,44.379
57.6774,0.582372,2.57819,1.07106,0,0,0,90.0111,-1.52294,45.4856
57.6899,0.629148,2.67976,1.20482,0,0,0,89.3423,-4.84609,46.5579
57.7024,0.683382,2.74986,1.31705,0,0,0,88.5385,-8.30331,47.5928
57.7149,0.742389,2.78765,1.40641,0,0,0,87.5903,-11.8423,48.5875
57.7274,0.803027,2.79288,1.47149,0,0,0,86.4951,-15.4097,49.5394
57.7399,0.861789,2.76595,1.51072,0,0,0,85.2584,-18.9529,50.4462
57.7524,0.914915,2.70789,1.52237,0,0,0,83.8929,-22.421,51.3064
57.7649,0.958524,2.62037,1.50466,0,0,0,82.4187,-25.7664,52.1189
57.7774,0.988779,2.50563,1.45578,0,0,0,80.8621,-28.9462,52.8833
57.7899,1.00208,2.36638,1.37413,0,0,0,79.2549,-31.9224,53.5999
57.8024,0.9953,2.20571,1.25851,0,0,0,77.632,-34.6631,54.2696
57.8149,0.965987,2.02689,1.10834,0,0,0,76.0307,-37.1426,54.8939
57.8274,0.912621,1.83325,0.923879,0,0,0,74.4884,-39.3409,55.475
57.8399,0.83479,1.62801,0.706486,0,0,0,73.0411,-41.2441,56.0156
57.8524,0.733337,1.41414,0.458719,0,0,0,71.7221,-42.8428,56.5189
57.8649,0.610408,1.19427,0.184421,0,0,0,70.5602,-44.1321,56.9883
57.8774,0.469421,0.970626,-0.111314,0,0,0,69.5789,-45.1107,57.4276
57.8899,0.314925,0.745083,-0.422283,0,0,0,68.7957,-45.7798,57.8408
57.9024,0.15237,0.519212,-0.741404,0,0,0,68.2212,-46.1429,58.2317
57.9149,-0.0122037,0.294413,-1.06103,0,0,0,67.8591,-46.2052,58.6044
57.9274,-0.172531,0.0720692,-1.37333,0,0,0,67.7061,-45.9733,58.9626
57.9399,-0.322513,-0.146298,-1.67067,0,0,0,67.7522,-45.4554,59.3099
57.9524,-0.456603,-0.358896,-1.94601,0,0,0,67.9813,-44.6615,59.6495
57.9649,-0.570151,-0.563571,-2.19325,0,0,0,68.3718,-43.6037,59.9845
57.9774,-0.659671,-0.757784,-2.40746,0,0,0,68.8976,-42.2965,60.3173
57.9899,-0.723011,-0.938646,-2.5851,0,0,0,69.5296,-40.7579,60.65
58.0024,-0.759406,-1.10303,-2.72399,0,0,0,70.2363,-39.009,60.9843
58.0149,-0.76942,-1.2477,-2.82329,0,0,0,70.9859,-37.0752,61.3213
58.0274,-0.754779,-1.36952,-2.88331,0,0,0,71.7472,-34.9856,61.6617
58.0399,-0.718143,-1.46561,-2.90526,0,0,0,72.4913,-32.7734,62.0057
58.0524,-0.662824,-1.53354,-2.89103,0,0,0,73.1923,-30.4754,62.353
58.0649,-0.592502,-1.57146,-2.84287,0,0,0,73.8289,-28.1313,62.7031
58.0774,-0.510966,-1.57818,-2.76323,0,0,0,74.3848,-25.7828,63.055
58.0899,-0.421874,-1.55327,-2.65454,0,0,0,74.8487,-23.473,63.4074
58.1024,-0.328572,-1.49705,-2.51912,0,0,0,75.2153,-21.245,63.7586
58.1149,-0.233955,-1.41056,-2.35917,0,0,0,75.4839,-19.141,64.107
58.1274,-0.140373,-1.29555,-2.17671,0,0,0,75.6586,-17.2011,64.4505
58.1399,-0.0495668,-1.15435,-1.97369,0,0,0,75.7469,-15.4625,64.787
58.1524,0.0373514,-0.98985,-1.752,0,0,0,75.7587,-13.9588,65.1143
58.1649,0.119894,-0.805352,-1.51356,0,0,0,75.7052,-12.7192,65.4302
58.1774,0.198166,-0.604506,-1.26038,0,0,0,75.5975,-11.7682,65.7323
58.1899,0.272805,-0.391217,-0.994598,0,0,0,75.4457,-11.1256,66.0182
58.2024,0.344898,-0.169559,-0.718496,0,0,0,75.2576,-10.8058,66.2856
58.2149,0.415874,0.0562874,-0.434509,0,0,0,75.038,-10.8181,66.5321
58.2274,0.487382,0.282103,-0.145193,0,0,0,74.7882,-11.1667,66.7552
58.2399,0.561151,0.503681,0.146812,0,0,0,74.5057,-11.8503,66.9527
58.2524,0.638845,0.716879,0.43882,0,0,0,74.1842,-12.8627,67.1223
58.2649,0.72192,0.91767,0.728131,0,0,0,73.814,-14.1924,67.2617
58.2774,0.811482,1.10221,1.01205,0,0,0,73.383,-15.8227,67.3688
58.2899,0.908159,1.26688,1.28787,0,0,0,72.8772,-17.7318,67.4417
58.3024,1.01199,1.4084,1.55287,0,0,0,72.282,-19.8933,67.4786
58.3149,1.12233,1.5239,1.80423,0,0,0,71.5835,-22.2759,67.4781
58.3274,1.23778,1.61101,2.03897,0,0,0,70.7699,-24.8445,67.4388
58.3399,1.35616,1.66801,2.25388,0,0,0,69.8325,-27.5607,67.36
58.3524,1.47449,1.69386,2.44547,0,0,0,68.7673,-30.3836,67.2411
58.3649,1.58904,1.68839,2.60992,0,0,0,67.5756,-33.271,67.0821
58.3774,1.69547,1.65228,2.74313,0,0,0,66.2648,-36.1802,66.8833
58.3899,1.78895,1.58716,2.8408,0,0,0,64.8487,-39.0698,66.6453
58.4024,1.86449,1.49552,2.89868,0,0,0,63.3474,-41.9005,66.3692
58.4149,1.91719,1.38072,2.91274,0,0,0,61.7867,-44.6361,66.0566
58.4274,1.94267,1.24674,2.8796,0,0,0,60.1978,-47.2447,65.709
58.4399,1.93738,1.09804,2.79682,0,0,0,58.6157,-49.699,65.3283
58.4524,1.89901,0.939229,2.66328,0,0,0,57.0784,-51.9765,64.9167
58.4649,1.82669,0.774829,2.47936,0,0,0,55.6249,-54.0598,64.4761
58.4774,1.72113,0.608943,2.24715,0,0,0,54.2946,-55.9361,64.0086
58.4899,1.5846,0.445025,1.9704,0,0,0,53.125,-57.5967,63.5162
58.5024,1.42081,0.285698,1.65439,0,0,0,52.1511,-59.0357,63.0007
58.5149,1.23457,0.132663,1.30567,0,0,0,51.4039,-60.25,62.4635
58.5274,1.03157,-0.0132846,0.931746,0,0,0,50.9092,-61.2376,61.9061
58.5399,0.817985,-0.152156,0.540752,0,0,0,50.6876,-61.9973,61.3295
58.5524,0.60018,-0.284593,0.141107,0,0,0,50.7526,-62.5278,60.7344
58.5649,0.384436,-0.411635,-0.25877,0,0,0,51.1115,-62.8271,60.1213
58.5774,0.17673,-0.534479,-0.650705,0,0,0,51.7643,-62.8929,59.4905
58.5899,-0.0174535,-0.654226,-1.02698,0,0,0,52.7037,-62.7221,58.8421
58.6024,-0.193278,-0.771667,-1.38053,0,0,0,53.9157,-62.3115,58.1759
58.6149,-0.346684,-0.887121,-1.70506,0,0,0,55.3795,-61.6586,57.4918
58.6274,-0.474503,-1.00032,-1.99519,0,0,0,57.0683,-60.7622,56.7894
58.6399,-0.574545,-1.11038,-2.2466,0,0,0,58.9499,-59.6238,56.0686
58.6524,-0.645661,-1.21585,-2.45601,0,0,0,60.9879,-58.2481,55.329
58.6649,-0.687749,-1.31478,-2.62125,0,0,0,63.143,-56.6443,54.5706
58.6774,-0.701722,-1.40489,-2.74123,0,0,0,65.3739,-54.8271,53.7933
58.6899,-0.689411,-1.48378,-2.81582,0,0,0,67.6394,-52.8169,52.9972
58.7024,-0.653421,-1.54908,-2.84574,0,0,0,69.8995,-50.6401,52.1825
58.7149,-0.596955,-1.59866,-2.83237,0,0,0,72.117,-48.3292,51.3495
58.7274,-0.523603,-1.63079,-2.77762,0,0,0,74.2589,-45.9223,50.4985
58.7399,-0.437142,-1.6443,-2.68376,0,0,0,76.2971,-43.4623,49.6301
58.7524,-0.341337,-1.6386,-2.55325,0,0,0,78.2096,-40.9955,48.7446
58.7649,-0.23977,-1.61376,-2.38872,0,0,0,79.9803,-38.5711,47.8425
58.7774,-0.135704,-1.57049,-2.19282,0,0,0,81.5993,-36.2387,46.9241
58.7899,-0.0319772,-1.51011,-1.96829,0,0,0,83.0623,-34.0481,45.9895
58.8024,0.0690608,-1.43445,-1.71793,0,0,0,84.3698,-32.0469,45.0389
58.8149,0.165583,-1.34576,-1.44465,0,0,0,85.5258,-30.2799,44.072
58.8274,0.256286,-1.24662,-1.15148,0,0,0,86.5368,-28.7876,43.0884
58.8399,0.34036,-1.13981,-0.841653,0,0,0,87.4106,-27.6058,42.0875
58.8524,0.417439,-1.02821,-0.51863,0,0,0,88.1541,-26.7642,41.0687
58.8649,0.487532,-0.914727,-0.186089,0,0,0,88.7733,-26.2864,40.0309
58.8774,0.550931,-0.802172,0.152058,0,0,0,89.2713,-26.1894,38.9733
58.8899,0.608122,-0.69321,0.491693,0,0,0,89.6481,-26.4829,37.8947
58.9024,0.659685,-0.5903,0.828533,0,0,0,89.9005,-27.1694,36.7944
58.9149,0.7062,-0.495644,1.15818,0,0,0,90.0214,-28.2443,35.6713
58.9274,0.748171,-0.411145,1.47621,0,0,0,90.0008,-29.695,34.5251
58.9399,0.785953,-0.338385,1.77818,0,0,0,89.8268,-31.502,33.3554
58.9524,0.819713,-0.278585,2.05978,0,0,0,89.486,-33.6383,32.1623
58.9649,0.849408,-0.232596,2.31688,0,0,0,88.9653,-36.0703,30.9463
58.9774,0.874796,-0.200875,2.54557,0,0,0,88.2534,-38.7581,29.7083
58.9899,0.895463,-0.183487,2.74228,0,0,0,87.3422,-41.6564,28.4498
59.0024,0.910884,-0.180101,2.90385,0,0,0,86.2284,-44.7158,27.1726
59.0149,0.920489,-0.190017,3.02756,0,0,0,84.9147,-47.884,25.879
59.0275,0.92375,-0.212191,3.11126,0,0,0,83.4105,-51.1074,24.5715
59.04,0.920263,-0.245295,3.15335,0,0,0,81.7329,-54.3326,23.2531
59.0525,0.909822,-0.287775,3.15289,0,0,0,79.9066,-57.5079,21.9266
59.065,0.892488,-0.337929,3.10962,0,0,0,77.9635,-60.5853,20.595
59.0775,0.868622,-0.393989,3.02395,0,0,0,75.9418,-63.5212,19.2612
59.09,0.83891,-0.454204,2.89697,0,0,0,73.8854,-66.2777,17.9276
59.1025,0.804345,-0.516908,2.73044,0,0,0,71.8415,-68.8232,16.5966
59.115,0.766196,-0.580583,2.52675,0,0,0,69.8597,-71.1327,15.27
59.1275,0.725959,-0.643901,2.28883,0,0,0,67.9898,-73.1872,13.9489
59.14,0.685277,-0.705738,2.02015,0,0,0,66.2801,-74.9734,12.6342
59.1525,0.645875,-0.765176,1.72458,0,0,0,64.7756,-76.483,11.3259
59.165,0.609471,-0.821482,1.40634,0,0,0,63.5168,-77.7114,10.0237
59.1775,0.577705,-0.874071,1.06995,0,0,0,62.538,-78.6566,8.72667
59.19,0.552063,-0.922464,0.720089,0,0,0,61.8666,-79.3181,7.43347
59.2025,0.533817,-0.966242,0.361596,0,0,0,61.5217,-79.6961,6.14248
59.215,0.523969,-1.00501,-0.000652817,0,0,0,61.5145,-79.7907,4.85183
59.2275,0.523208,-1.03835,-0.36178,0,0,0,61.8469,-79.6014,3.55958
59.24,0.531878,-1.06583,-0.71697,0,0,0,62.5124,-79.1272,2.26382
59.2525,0.54995,-1.087,-1.06152,0,0,0,63.4955,-78.3668,0.962823
59.265,0.577016,-1.10138,-1.39087,0,0,0,64.7726,-77.3191,-0.344882
59.2775,0.612288,-1.10855,-1.70067,0,0,0,66.3125,-75.9843,-1.66036
59.29,0.654615,-1.10816,-1.9868,0,0,0,68.0774,-74.3649,-2.9842
59.3025,0.702516,-1.10002,-2.2454,0,0,0,70.024,-72.4669,-4.31646
59.315,0.754228,-1.08415,-2.47293,0,0,0,72.105,-70.3006,-5.65664
59.3275,0.807772,-1.06083,-2.66619,0,0,0,74.2707,-67.8821,-7.00364
59.34,0.861036,-1.03065,-2.82237,0,0,0,76.4709,-65.2338,-8.35583
59.3525,0.911864,-0.99453,-2.93912,0,0,0,78.6565,-62.3846,-9.7111
59.365,0.958153,-0.953736,-3.01459,0,0,0,80.7816,-59.3702,-11.0669
59.3775,0.997949,-0.909827,-3.04746,0,0,0,82.8047,-56.2323,-12.4205
59.39,1.02953,-0.864611,-3.03707,0,0,0,84.6904,-53.0182,-13.7687
59.4025,1.05149,-0.820057,-2.98335,0,0,0,86.4104,-49.7794,-15.1087
59.415,1.06275,-0.778197,-2.88696,0,0,0,87.944,-46.57,-16.4373
59.4275,1.0626,-0.741014,-2.74922,0,0,0,89.2781,-43.4455,-17.7518
59.44,1.05068,-0.710326,-2.5721,0,0,0,90.4069,-40.4605,-19.0497
59.4525,1.02695,-0.687686,-2.35823,0,0,0,91.3311,-37.6676,-20.3289
59.465,0.991618,-0.674284,-2.11079,0,0,0,92.0568,-35.1161,-21.5877
59.4775,0.945077,-0.670885,-1.83344,0,0,0,92.5941,-32.8499,-22.8249
59.49,0.887852,-0.677774,-1.53025,0,0,0,92.9554,-30.9074,-24.0397
59.5025,0.82053,-0.694743,-1.20559,0,0,0,93.1539,-29.3203,-25.232
59.515,0.743723,-0.721094,-0.864067,0,0,0,93.2024,-28.1129,-26.4017
59.5275,0.658045,-0.755658,-0.510388,0,0,0,93.1115,-27.3022,-27.5493
59.54,0.564119,-0.796852,-0.149326,0,0,0,92.8891,-26.8975,-28.6756
59.5525,0.462601,-0.842735,0.214361,0,0,0,92.5396,-26.9004,-29.7814
59.565,0.354227,-0.891093,0.575979,0,0,0,92.0638,-27.305,-30.8677
59.5775,0.239873,-0.93953,0.930934,0,0,0,91.4587,-28.0977,-31.9355
59.59,0.12062,-0.985576,1.27475,0,0,0,90.7188,-29.2579,-32.9857
59.6025,-0.00217988,-1.0268,1.60307,0,0,0,89.8361,-30.7579,-34.0192
59.615,-0.12685,-1.06092,1.91168,0,0,0,88.802,-32.564,-35.0365
59.6275,-0.251353,-1.08595,2.19648,0,0,0,87.6084,-34.6364,-36.0381
59.64,-0.373282,-1.10029,2.45349,0,0,0,86.249,-36.9306,-37.0241
59.6525,-0.489884,-1.10283,2.67888,0,0,0,84.7209,-39.3981,-37.9947
59.665,-0.598123,-1.09304,2.86897,0,0,0,83.0258,-41.988,-38.9496
59.6775,-0.694777,-1.071,3.02034,0,0,0,81.1712,-44.6479,-39.8885
59.69,-0.776574,-1.03745,3.12988,0,0,0,79.1706,-47.3259,-40.8108
59.7025,-0.840348,-0.993701,3.1949,0,0,0,77.0443,-49.9717,-41.7162
59.715,-0.883216,-0.941566,3.21327,0,0,0,74.819,-52.5382,-42.604
59.7275,-0.902741,-0.883245,3.18357,0,0,0,72.5274,-54.9827,-43.4738
59.74,-0.897075,-0.821146,3.10516,0,0,0,70.2071,-57.2679,-44.3251
59.7525,-0.865071,-0.757692,2.9783,0,0,0,67.8993,-59.3627,-45.1575
59.765,-0.806328,-0.695125,2.80418,0,0,0,65.6476,-61.2422,-45.971
59.7775,-0.721196,-0.63532,2.58494,0,0,0,63.4962,-62.8879,-46.7654
59.79,-0.610725,-0.579624,2.32356,0,0,0,61.4882,-64.2873,-47.5408
59.8025,-0.476587,-0.52874,2.02384,0,0,0,59.6643,-65.4326,-48.2974
59.815,-0.32097,-0.482667,1.69026,0,0,0,58.0613,-66.3206,-49.0353
59.8275,-0.146486,-0.440696,1.32786,0,0,0,56.711,-66.9508,-49.7548
59.84,0.0439058,-0.401454,0.942182,0,0,0,55.6389,-67.3249,-50.4562
59.8525,0.246948,-0.363015,0.539132,0,0,0,54.864,-67.4456,-51.1394
59.865,0.459102,-0.323045,0.124969,0,0,0,54.3976,-67.3157,-51.8046
59.8775,0.676539,-0.278991,-0.293754,0,0,0,54.244,-66.9377,-52.4515
59.89,0.895127,-0.228292,-0.710221,0,0,0,54.3993,-66.3134,-53.0795
59.9025,1.11042,-0.168612,-1.11739,0,0,0,54.8525,-65.444,-53.6881
59.915,1.31771,-0.0980706,-1.50808,0,0,0,55.5854,-64.3305,-54.2761
59.9275,1.51207,-0.0154624,-1.87507,0,0,0,56.5733,-62.9741,-54.8423
59.94,1.68857,0.0795566,-2.21131,0,0,0,57.7855,-61.3773,-55.3851
59.9525,1.84245,0.186337,-2.51013,0,0,0,59.1868,-59.5447,-55.9026
59.965,1.96947,0.303174,-2.76559,0,0,0,60.7381,-57.4838,-56.3927
59.9775,2.06619,0.42734,-2.97271,0,0,0,62.3979,-55.2064,-56.8533
59.99,2.13025,0.555201,-3.12784,0,0,0,64.124,-52.7289,-57.282
60.0025,-0.00132704,-0.00132704,-0.00132704,-0.00132704,-0.00132704,-0.00132704,-0.00132704,-0.00132704,-0.00132704
