Time,Value_1,Value_2,Value_3,Value_4,Value_5,Value_6,Value_7,Value_8,Value_9
0,0.52963,0.996465,0.363021,0,0,0,100.851,-0.094764,-1.66527
0.025,0.564737,0.975165,1.0697,0,0,0,100.761,1.72274,-4.17359
0.05,0.629676,0.932419,1.71911,0,0,0,100.502,5.24534,-6.6341
0.075,0.71457,0.868899,2.27585,0,0,0,99.9227,10.2592,-9.01413
0.1,0.806344,0.787579,2.70881,0,0,0,98.8542,16.449,-11.2807
0.125,0.890809,0.695023,2.99308,0,0,0,97.1666,23.4145,-13.4021
0.15,0.955105,0.601747,3.11196,0,0,0,94.8187,30.7026,-15.351
0.175,0.98986,0.521211,3.05855,0,0,0,91.8894,37.8526,-17.1074
0.2,0.990315,0.467598,2.83672,0,0,0,88.5799,44.4436,-18.6615
0.225,0.955996,0.452997,2.46085,0,0,0,85.1872,50.1347,-20.0158
0.25,0.889128,0.484838,1.95446,0,0,0,82.0555,54.6836,-21.1842
0.275,0.792557,0.564212,1.34798,0,0,0,79.5183,57.9449,-22.1917
0.3,0.668175,0.685296,0.676051,0,0,0,77.8445,59.8495,-23.0703
0.325,0.516564,0.835805,-0.0250032,0,0,0,77.1979,60.3786,-23.8564
0.35,0.338068,0.998272,-0.719439,0,0,0,77.6141,59.5441,-24.5866
0.375,0.13494,1.15209,-1.37358,0,0,0,78.998,57.3827,-25.2948
0.4,-0.0861524,1.27627,-1.95642,0,0,0,81.139,53.9666,-26.0086
0.425,-0.312138,1.35277,-2.43942,0,0,0,83.7449,49.4243,-26.7483
0.45,-0.52292,1.36994,-2.79593,0,0,0,86.4894,43.9624,-27.5248
0.475,-0.692781,1.32512,-3.00139,0,0,0,89.066,37.8745,-28.3401
0.5,-0.794051,1.2255,-3.03497,0,0,0,91.2377,31.532,-29.1877
0.525,-0.802461,1.08621,-2.88316,0,0,0,92.8704,25.3554,-30.0542
0.55,-0.702671,0.925876,-2.54399,0,0,0,93.9408,19.7721,-30.9209
0.575,-0.492036,0.760681,-2.03017,0,0,0,94.5173,15.1738,-31.766
0.6,-0.181461,0.599157,-1.36973,0,0,0,94.7206,11.881,-32.5656
0.625,0.206204,0.439632,-0.604144,0,0,0,94.6737,10.1225,-33.2952
0.65,0.638655,0.271508,0.214733,0,0,0,94.4587,10.025,-33.9298
0.675,1.07646,0.0801328,1.02792,0,0,0,94.0875,11.6108,-34.4451
0.7,1.47579,-0.146077,1.77316,0,0,0,93.4968,14.7982,-34.8176
0.725,1.79342,-0.408466,2.39076,0,0,0,92.5667,19.4022,-35.0258
0.75,1.99473,-0.693665,2.83215,0,0,0,91.1595,25.1407,-35.0526
0.775,2.06271,-0.974085,3.06873,0,0,0,89.1695,31.6502,-34.886
0.8,2.00295,-1.2138,3.09672,0,0,0,86.57,38.5152,-34.5217
0.825,1.84121,-1.37756,2.93453,0,0,0,83.4452,45.3101,-33.9631
0.85,1.61436,-1.43913,2.61419,0,0,0,79.9961,51.6442,-33.2212
0.875,1.35942,-1.38614,2.17169,0,0,0,76.5192,57.1992,-32.3126
0.9,1.10536,-1.22081,1.64061,0,0,0,73.3632,61.749,-31.2573
0.925,0.869238,-0.957732,1.05021,0,0,0,70.8747,65.1564,-30.0755
0.95,0.656184,-0.62048,0.426275,0,0,0,69.3459,67.3527,-28.7851
0.975,0.46196,-0.238235,-0.207209,0,0,0,68.9723,68.3092,-27.4002
1,0.276937,0.15692,-0.827208,0,0,0,69.8257,68.0134,-25.9303
1.025,0.0907047,0.532202,-1.41165,0,0,0,71.8444,66.4608,-24.3814
1.05,-0.103461,0.856233,-1.93974,0,0,0,74.8398,63.6649,-22.7568
1.075,-0.305013,1.10145,-2.39178,0,0,0,78.5211,59.682,-21.0591
1.1,-0.504029,1.24689,-2.74818,0,0,0,82.5361,54.6414,-19.2916
1.125,-0.681134,1.281,-2.98837,0,0,0,86.5234,48.7685,-17.4592
1.15,-0.809932,1.20354,-3.09085,0,0,0,90.1684,42.3877,-15.568
1.175,-0.862283,1.02566,-3.03602,0,0,0,93.2477,35.9038,-13.6251
1.2,-0.815894,0.767294,-2.8119,0,0,0,95.6531,29.7625,-11.6361
1.225,-0.662228,0.452233,-2.42107,0,0,0,97.3862,24.4021,-9.60415
1.25,-0.411647,0.102327,-1.88567,0,0,0,98.5278,20.2087,-7.52829
1.275,-0.0932922,-0.266674,-1.24743,0,0,0,99.1905,17.4817,-5.40307
1.3,0.250475,-0.645679,-0.562246,0,0,0,99.469,16.4139,-3.21925
1.325,0.573083,-1.02906,0.108828,0,0,0,99.4027,17.0822,-0.965626
1.35,0.833468,-1.40954,0.709637,0,0,0,98.9594,19.4444,1.3684
1.375,1.00412,-1.77388,1.19723,0,0,0,98.0446,23.3401,3.78983
1.4,1.07555,-2.10174,1.54646,0,0,0,96.5348,28.4969,6.29953
1.425,1.05628,-2.36815,1.74975,0,0,0,94.3252,34.5463,8.89056
1.45,0.968668,-2.54822,1.81268,0,0,0,91.3798,41.0545,11.5482
1.475,0.842655,-2.62233,1.7477,0,0,0,87.7687,47.5659,14.2514
1.5,0.709424,-2.57962,1.56875,0,0,0,83.6807,53.6535,16.9762
1.525,0.596377,-2.41934,1.28873,0,0,0,79.4072,58.9628,19.6991
1.55,0.523502,-2.15004,0.919963,0,0,0,75.3006,63.2395,22.401
1.575,0.500824,-1.78734,0.476858,0,0,0,71.7202,66.3326,25.0699
1.6,0.526953,-1.35137,-0.0209891,0,0,0,68.9761,68.1768,27.7015
1.625,0.589298,-0.864838,-0.547086,0,0,0,67.2848,68.7631,30.2985
1.65,0.666659,-0.35214,-1.06903,0,0,0,66.7408,68.1097,32.8682
1.675,0.7343,0.160458,-1.5524,0,0,0,67.3055,66.2463,35.4192
1.7,0.770368,0.644556,-1.96623,0,0,0,68.8145,63.2148,37.9578
1.725,0.761641,1.07028,-2.28785,0,0,0,71.001,59.0867,40.4852
1.75,0.706582,1.40847,-2.50503,0,0,0,73.5338,53.9884,42.9959
1.775,0.614949,1.63391,-2.61472,0,0,0,76.067,48.1215,45.4774
1.8,0.504646,1.72883,-2.61972,0,0,0,78.2923,41.7692,47.912
1.825,0.397237,1.68524,-2.52519,0,0,0,79.9835,35.2814,50.2795
1.85,0.313302,1.50581,-2.33703,0,0,0,81.0228,29.0418,52.5611
1.875,0.268211,1.20299,-2.06262,0,0,0,81.4016,23.4248,54.7419
1.9,0.268692,0.79688,-1.71326,0,0,0,81.197,18.7552,56.8135
1.925,0.310895,0.312672,-1.30674,0,0,0,80.5319,15.2772,58.7745
1.95,0.380901,-0.221602,-0.86792,0,0,0,79.5303,13.1395,60.63
1.975,0.458142,-0.776396,-0.426454,0,0,0,78.2809,12.3911,62.3893
2,0.521007,-1.32118,-0.0121036,0,0,0,76.8171,12.9862,64.064
2.025,0.552704,-1.82486,0.350397,0,0,0,75.1172,14.7908,65.6654
2.05,0.545299,-2.25669,0.644597,0,0,0,73.1239,17.5931,67.2025
2.075,0.500862,-2.58827,0.862549,0,0,0,70.7763,21.1173,68.6813
2.1,0.430112,-2.79602,1.00239,0,0,0,68.0457,25.0446,70.104
2.125,0.349771,-2.86369,1.06482,0,0,0,64.9654,29.0422,71.4702
2.15,0.279623,-2.78409,1.05025,0,0,0,61.6434,32.7966,72.7776
2.175,0.239501,-2.55971,0.957968,0,0,0,58.257,36.0435,74.0233
2.2,0.245783,-2.20213,0.787798,0,0,0,55.0283,38.5884,75.2049
2.225,0.307106,-1.73041,0.544167,0,0,0,52.1887,40.3107,76.3207
2.25,0.420116,-1.16902,0.240845,0,0,0,49.9419,41.1534,77.3696
2.275,0.567499,-0.545986,-0.0963607,0,0,0,48.4328,41.1042,78.3503
2.3,0.720829,0.108062,-0.431838,0,0,0,47.7267,40.1741,79.2605
2.325,0.848689,0.760124,-0.727869,0,0,0,47.8017,38.3852,80.0959
2.35,0.926895,1.37517,-0.954557,0,0,0,48.5528,35.7681,80.8494
2.375,0.945649,1.91756,-1.0967,0,0,0,49.8075,32.3717,81.5117
2.4,0.910337,2.35382,-1.15428,0,0,0,51.3517,28.279,82.0712
2.425,0.836909,2.65591,-1.1375,0,0,0,52.9631,23.6211,82.5166
2.45,0.745435,2.80406,-1.0602,0,0,0,54.4471,18.5831,82.8374
2.475,0.654904,2.78849,-0.934997,0,0,0,55.6689,13.3968,83.0265
2.5,0.580219,2.60989,-0.771359,0,0,0,56.5729,8.32068,83.0809
2.525,0.530813,2.27898,-0.576336,0,0,0,57.1852,3.61364,83.0022
2.55,0.509981,1.81535,-0.356646,0,0,0,57.5984,-0.490391,82.7964
2.575,0.514671,1.24592,-0.120895,0,0,0,57.9427,-3.80059,82.4727
2.6,0.536085,0.603306,0.119329,0,0,0,58.3511,-6.17763,82.0421
2.625,0.561649,-0.0758853,0.350259,0,0,0,58.927,-7.53435,81.5167
2.65,0.578245,-0.75277,0.558515,0,0,0,59.7213,-7.83357,80.9083
2.675,0.575708,-1.38807,0.734228,0,0,0,60.7222,-7.08741,80.2282
2.7,0.549121,-1.94426,0.873062,0,0,0,61.8607,-5.36031,79.4871
2.725,0.49914,-2.38791,0.976206,0,0,0,63.0291,-2.7739,78.6955
2.75,0.430684,-2.69195,1.04854,0,0,0,64.1105,0.490723,77.8631
2.775,0.351076,-2.83749,1.09607,0,0,0,65.0114,4.19792,76.9986
2.8,0.268578,-2.81514,1.12365,0,0,0,65.6895,8.07226,76.1093
2.825,0.191609,-2.62556,1.13366,0,0,0,66.1693,11.8212,75.1995
2.85,0.128346,-2.27935,1.12575,0,0,0,66.5399,15.1605,74.2697
2.875,0.0860661,-1.79642,1.09787,0,0,0,66.9364,17.8359,73.3152
2.9,0.0698451,-1.2046,1.04836,0,0,0,67.508,19.6359,72.3262
2.925,0.0808395,-0.537943,0.978429,0,0,0,68.3823,20.3966,71.2875
2.95,0.115228,0.165427,0.893956,0,0,0,69.6324,20.0008,70.1796
2.975,0.164994,0.865522,0.805125,0,0,0,71.2554,18.3785,68.9807
3,0.220658,1.52271,0.72394,0,0,0,73.1646,15.5121,67.6688
3.025,0.274605,2.09979,0.660936,0,0,0,75.2011,11.4481,66.2243
3.05,0.323184,2.56395,0.622924,0,0,0,77.1609,6.31066,64.6333
3.075,0.366809,2.88852,0.612541,0,0,0,78.8373,0.309952,62.8888
3.1,0.408523,3.05447,0.62906,0,0,0,80.0671,-6.26237,60.9925
3.125,0.45203,3.05158,0.669405,0,0,0,80.7718,-13.0537,58.9537
3.15,0.499855,2.87901,0.728673,0,0,0,80.9813,-19.6847,56.7883
3.175,0.55197,2.54547,0.800085,0,0,0,80.8335,-25.7886,54.5156
3.2,0.605082,2.0688,0.874801,0,0,0,80.5478,-31.0447,52.1553
3.225,0.652873,1.47521,0.942255,0,0,0,80.3817,-35.1981,49.7251
3.25,0.687499,0.797854,0.991592,0,0,0,80.579,-38.0632,47.2393
3.275,0.702124,0.075106,1.01414,0,0,0,81.3211,-39.5172,44.7086
3.3,0.693539,-0.651783,1.00599,0,0,0,82.6922,-39.4904,42.1418
3.325,0.663472,-1.34127,0.969266,0,0,0,84.6615,-37.9641,39.5476
3.35,0.617823,-1.95416,0.911403,0,0,0,87.0872,-34.9779,36.9371
3.375,0.564303,-2.45603,0.842753,0,0,0,89.742,-30.6457,34.3257
3.4,0.509782,-2.81912,0.773986,0,0,0,92.3556,-25.1721,31.7334
3.425,0.458507,-3.02382,0.714328,0,0,0,94.6696,-18.8587,29.1838
3.45,0.411562,-3.05955,0.670927,0,0,0,96.4904,-12.0923,26.7018
3.475,0.367368,-2.9253,0.648926,0,0,0,97.7282,-5.31496,24.31
3.5,0.322898,-2.62951,0.651566,0,0,0,98.4108,1.01984,22.0252
3.525,0.275351,-2.1896,0.679862,0,0,0,98.6684,6.49133,19.856
3.55,0.224001,-1.63093,0.731802,0,0,0,98.6938,10.7469,17.8018
3.575,0.171635,-0.985348,0.801607,0,0,0,98.6889,13.522,15.8525
3.6,0.12472,-0.289488,0.879987,0,0,0,98.8116,14.6459,13.9912
3.625,0.0917424,0.41719,0.956007,0,0,0,99.1359,14.0401,12.197
3.65,0.08026,1.09449,1.02003,0,0,0,99.6329,11.7164,10.4484
3.675,0.0942551,1.70368,1.06617,0,0,0,100.177,7.77968,8.72613
3.70001,0.133155,2.20977,1.0929,0,0,0,100.578,2.43239,7.01623
3.72501,0.192623,2.5836,1.10157,0,0,0,100.626,-4.02448,5.31113
3.75001,0.266094,2.80371,1.09411,0,0,0,100.154,-11.2027,3.61007
3.77501,0.346025,2.85766,1.07099,0,0,0,99.0835,-18.6548,1.91828
3.80001,0.42451,2.74287,1.03008,0,0,0,97.4573,-25.9154,0.245429
3.82501,0.493599,2.46684,0.966687,0,0,0,95.4414,-32.549,-1.39629
3.85001,0.545926,2.04667,0.874686,0,0,0,93.2964,-38.1885,-2.99383
3.87501,0.57603,1.50798,0.748578,0,0,0,91.3288,-42.5578,-4.53428
3.90001,0.582206,0.883147,0.586038,0,0,0,89.8315,-45.4734,-6.00505
3.92501,0.568045,0.20914,0.38997,0,0,0,89.0296,-46.8311,-7.39329
3.95001,0.542561,-0.474842,0.168963,0,0,0,89.04,-46.5885,-8.68489
3.97501,0.518306,-1.12958,-0.0643409,0,0,0,89.8517,-44.7532,-9.86356
4.00001,0.508071,-1.71779,-0.296239,0,0,0,91.3282,-41.3841,-10.9105
4.02501,0.52152,-2.20589,-0.514762,0,0,0,93.2321,-36.6036,-11.8048
4.05001,0.562961,-2.56568,-0.710883,0,0,0,95.2689,-30.6152,-12.5253
4.07501,0.630512,-2.77598,-0.877802,0,0,0,97.1436,-23.714,-13.0526
4.10001,0.716205,-2.82423,-1.00891,0,0,0,98.6176,-16.2817,-13.3721
4.12501,0.806553,-2.70767,-1.09558,0,0,0,99.5554,-8.7604,-13.4757
4.15001,0.8837,-2.43394,-1.12611,0,0,0,99.9458,-1.61272,-13.3635
4.17501,0.927943,-2.02085,-1.08696,0,0,0,99.8947,4.72446,-13.0438
4.20001,0.922363,-1.4949,-0.966902,0,0,0,99.5889,9.87821,-12.5312
4.22501,0.859036,-0.888734,-0.763321,0,0,0,99.2434,13.5629,-11.8456
4.25001,0.744229,-0.237942,-0.487731,0,0,0,99.045,15.5877,-11.009
4.27501,0.598928,0.421874,-0.166609,0,0,0,99.1056,15.854,-10.0443
4.30001,0.453018,1.05686,0.164143,0,0,0,99.4343,14.3512,-8.97441
4.32501,0.335514,1.63549,0.468669,0,0,0,99.9358,11.1563,-7.82123
4.35001,0.265857,2.12889,0.719471,0,0,0,100.432,6.43842,-6.60631
4.37501,0.250009,2.51162,0.900729,0,0,0,100.706,0.463212,-5.35073
4.40001,0.281583,2.76338,1.00646,0,0,0,100.559,-6.4124,-4.07491
4.42501,0.345718,2.87104,1.03602,0,0,0,99.8611,-13.7602,-2.79768
4.45001,0.423347,2.83034,0.989933,0,0,0,98.5966,-21.1169,-1.53479
4.47501,0.494768,2.64671,0.867696,0,0,0,96.8735,-28.0299,-0.296952
4.50001,0.542682,2.3348,0.66823,0,0,0,94.9082,-34.1005,0.912009
4.52501,0.555136,1.91702,0.392422,0,0,0,92.9834,-39.0134,2.09651
4.55001,0.528331,1.42111,0.0466428,0,0,0,91.3914,-42.5472,3.26968
4.57501,0.468359,0.877645,-0.354492,0,0,0,90.3769,-44.5665,4.45273
4.60001,0.390624,0.317929,-0.787764,0,0,0,90.0908,-45.0066,5.67327
4.62501,0.316317,-0.227146,-1.22412,0,0,0,90.5626,-43.8598,6.96267
4.65001,0.266718,-0.727571,-1.63366,0,0,0,91.6953,-41.1721,8.35267
4.67501,0.257352,-1.15468,-1.99061,0,0,0,93.2823,-37.0519,9.87178
4.70001,0.294058,-1.48236,-2.27618,0,0,0,95.0456,-31.6851,11.5417
4.72501,0.371982,-1.6891,-2.47839,0,0,0,96.6882,-25.3477,13.3746
4.75001,0.477146,-1.76063,-2.58969,0,0,0,97.952,-18.4037,15.3715
4.77501,0.589658,-1.69216,-2.60424,0,0,0,98.6676,-11.2843,17.5222
4.80001,0.687774,-1.48953,-2.51673,0,0,0,98.783,-4.45024,19.8073
4.82501,0.752438,-1.16877,-2.32355,0,0,0,98.364,1.65483,22.2009
4.85001,0.771842,-0.753963,-2.02598,0,0,0,97.5661,6.64596,24.6738
4.87501,0.74498,-0.273982,-1.63388,0,0,0,96.5856,10.2255,27.1966
4.90001,0.682738,0.240931,-1.16752,0,0,0,95.6047,12.195,29.7417
4.92501,0.605561,0.761634,-0.656198,0,0,0,94.7435,12.4549,32.2831
4.95001,0.538129,1.26108,-0.133862,0,0,0,94.0294,10.9985,34.7964
4.97501,0.502857,1.71417,0.366516,0,0,0,93.3909,7.90838,37.2572
5.00001,0.514407,2.09759,0.817304,0,0,0,92.6762,3.35596,39.6402
5.02501,0.57656,2.39036,1.19782,0,0,0,91.6927,-2.39893,41.9184
5.05001,0.68158,2.57562,1.49306,0,0,0,90.2589,-9.01533,44.0647
5.07501,0.811404,2.64313,1.69072,0,0,0,88.2572,-16.0918,46.0535
5.10001,0.939974,2.59159,1.77828,0,0,0,85.6737,-23.2015,47.8638
5.12501,1.03659,2.42981,1.74192,0,0,0,82.614,-29.9358,49.4823
5.15001,1.07062,2.17582,1.56843,0,0,0,79.2911,-35.9462,50.9055
5.17501,1.01763,1.85384,1.25017,0,0,0,75.9885,-40.972,52.1409
5.20001,0.865905,1.48932,0.791436,0,0,0,73.0099,-44.8485,53.2056
5.22501,0.621305,1.10404,0.213612,0,0,0,70.6264,-47.4963,54.1252
5.25001,0.308297,0.712997,-0.443593,0,0,0,69.0341,-48.898,54.9303
5.27501,-0.0337388,0.324912,-1.12586,0,0,0,68.3261,-49.0762,55.6532
5.30001,-0.358179,-0.0540335,-1.77218,0,0,0,68.4825,-48.0793,56.3252
5.32501,-0.620991,-0.415061,-2.32498,0,0,0,69.3778,-45.9812,56.9735
5.35001,-0.790255,-0.743149,-2.73971,0,0,0,70.8036,-42.893,57.6194
5.37501,-0.852523,-1.01695,-2.99108,0,0,0,72.5048,-38.9785,58.2768
5.40001,-0.813784,-1.21249,-3.07381,0,0,0,74.222,-34.4659,58.9518
5.42501,-0.69491,-1.30878,-2.99815,0,0,0,75.7355,-29.6461,59.6432
5.45001,-0.523871,-1.29309,-2.78288,0,0,0,76.8975,-24.8553,60.3432
5.47501,-0.3279,-1.16382,-2.44918,0,0,0,77.6466,-20.4453,61.0391
5.50001,-0.127813,-0.930906,-2.01746,0,0,0,78.0008,-16.7488,61.7146
5.52501,0.0648577,-0.61404,-1.50695,0,0,0,78.0306,-14.0491,62.3514
5.55001,0.248162,-0.239996,-0.936823,0,0,0,77.8222,-12.5582,62.9299
5.57501,0.427972,0.16022,-0.327346,0,0,0,77.4398,-12.4058,63.4301
5.60001,0.614637,0.553831,0.299846,0,0,0,76.8991,-13.635,63.832
5.62501,0.818643,0.908387,0.922082,0,0,0,76.1572,-16.2018,64.1164
5.65001,1.04599,1.19386,1.51588,0,0,0,75.1231,-19.9753,64.2658
5.67501,1.29405,1.38521,2.0563,0,0,0,73.6854,-24.7425,64.2655
5.70001,1.54861,1.46553,2.51541,0,0,0,71.7524,-30.2194,64.1052
5.72501,1.78326,1.42958,2.86097,0,0,0,69.2921,-36.0737,63.7806
5.75001,1.9622,1.28631,3.05743,0,0,0,66.3626,-41.9583,63.2939
5.77501,2.04748,1.05901,3.07121,0,0,0,63.1231,-47.5491,62.6534
5.80001,2.00959,0.781417,2.87985,0,0,0,59.822,-52.5793,61.8727
5.82501,1.83754,0.490047,2.48142,0,0,0,56.7644,-56.859,60.9682
5.85001,1.54326,0.215027,1.89894,0,0,0,54.2684,-60.2758,59.9568
5.87501,1.1582,-0.0267319,1.17728,0,0,0,52.6207,-62.7777,58.8533
5.90001,0.724913,-0.233291,0.374804,0,0,0,52.0377,-64.3461,57.6689
5.92501,0.288294,-0.414116,-0.445652,0,0,0,52.6383,-64.9701,56.4102
5.95001,-0.110278,-0.583231,-1.22352,0,0,0,54.4293,-64.6316,55.0799
5.97501,-0.436332,-0.751875,-1.9049,0,0,0,57.3026,-63.3087,53.6776
6.00001,-0.664833,-0.923061,-2.44603,0,0,0,61.0462,-60.9948,52.2016
6.02501,-0.782738,-1.08964,-2.81649,0,0,0,65.369,-57.7291,50.6501
6.05001,-0.790759,-1.23625,-3.00122,0,0,0,69.9394,-53.6268,49.0228
6.07501,-0.702799,-1.34427,-3.00017,0,0,0,74.4318,-48.8974,47.3213
6.10001,-0.542442,-1.39772,-2.82537,0,0,0,78.5726,-43.8428,45.5487
6.12501,-0.337475,-1.3881,-2.49658,0,0,0,82.1738,-38.8343,43.7087
6.15001,-0.114346,-1.31665,-2.03761,0,0,0,85.1449,-34.2733,41.804
6.17501,0.105828,-1.19391,-1.47433,0,0,0,87.4802,-30.5465,39.8353
6.20001,0.309018,-1.0373,-0.834457,0,0,0,89.2266,-27.986,37.7998
6.22501,0.487949,-0.867736,-0.148127,0,0,0,90.441,-26.8385,35.6921
6.25001,0.640257,-0.706311,0.551757,0,0,0,91.1527,-27.246,33.5048
6.27501,0.765972,-0.571435,1.22995,0,0,0,91.3408,-29.2353,31.2305
6.30001,0.865167,-0.476735,1.85024,0,0,0,90.9338,-32.7131,28.8649
6.32502,0.936561,-0.429658,2.37753,0,0,0,89.8325,-37.469,26.4085
6.35002,0.977512,-0.430848,2.78038,0,0,0,87.9503,-43.1881,23.8686
6.37502,0.985351,-0.474443,3.03368,0,0,0,85.2602,-49.4785,21.2599
6.40002,0.959445,-0.549449,3.12093,0,0,0,81.8341,-55.9126,18.6025
6.42502,0.903049,-0.642076,3.03594,0,0,0,77.8611,-62.0764,15.9198
6.45002,0.824056,-0.738511,2.78332,0,0,0,73.639,-67.6172,13.2346
6.47502,0.734292,-0.827328,2.37788,0,0,0,69.5394,-72.2745,10.5651
6.50002,0.647615,-0.900814,1.84304,0,0,0,65.956,-75.8887,7.92192
6.52502,0.577508,-0.954952,1.20895,0,0,0,63.2496,-78.3858,5.3072
6.55002,0.534861,-0.988318,0.510446,0,0,0,61.6989,-79.7463,2.71459
6.57502,0.526346,-1.00061,-0.214839,0,0,0,61.4662,-79.9724,0.131612
6.60002,0.553511,-0.991507,-0.928188,0,0,0,62.5782,-79.0645,-2.45688
6.62502,0.612545,-0.96047,-1.59147,0,0,0,64.9232,-77.0179,-5.06479
6.65002,0.694714,-0.907488,-2.16879,0,0,0,68.2634,-73.8386,-7.70109
6.67502,0.787534,-0.834536,-2.62815,0,0,0,72.2641,-69.5751,-10.367
6.70002,0.876693,-0.74702,-2.94333,0,0,0,76.5373,-64.3511,-13.055
6.72502,0.948468,-0.654435,-3.0958,0,0,0,80.6956,-58.3887,-15.7492
6.75002,0.992086,-0.569716,-3.07647,0,0,0,84.4075,-52.0094,-18.4282
6.77502,1.00124,-0.507244,-2.88685,0,0,0,87.4393,-45.6104,-21.0681
6.80002,0.974205,-0.480052,-2.53915,0,0,0,89.6753,-39.6224,-23.6472
6.82502,0.912569,-0.497061,-2.05512,0,0,0,91.1084,-34.4588,-26.1482
6.85002,0.819212,-0.561095,-1.46403,0,0,0,91.808,-30.4703,-28.5611
6.87502,0.696545,-0.668013,-0.799984,0,0,0,91.8737,-27.9116,-30.8827
6.90002,0.545802,-0.806953,-0.099282,0,0,0,91.3911,-26.9229,-33.1158
6.92502,0.367773,-0.961487,0.601897,0,0,0,90.4006,-27.5243,-35.267
6.95002,0.164714,-1.11158,1.26915,0,0,0,88.8891,-29.6169,-37.3439
6.97502,-0.0572077,-1.23628,1.87062,0,0,0,86.8049,-32.9915,-39.3528
7.00002,-0.285803,-1.31701,2.37691,0,0,0,84.0908,-37.3439,-41.2976
7.02502,-0.501974,-1.34107,2.76062,0,0,0,80.727,-42.3013,-43.1786
7.05002,-0.680779,-1.30443,2.99638,0,0,0,76.7691,-47.4592,-44.9937
7.07502,-0.79476,-1.21294,3.06237,0,0,0,72.3691,-52.4264,-46.7393
7.10002,-0.819093,-1.08079,2.94363,0,0,0,67.7736,-56.8673,-48.4119
7.12502,-0.737132,-0.92647,2.63624,0,0,0,63.2967,-60.5333,-50.0089
7.15002,-0.544414,-0.766888,2.15065,0,0,0,59.2773,-63.2723,-51.53
7.17502,-0.249799,-0.611907,1.51252,0,0,0,56.0309,-65.0183,-52.9764
7.20002,0.125957,-0.461271,0.761089,0,0,0,53.8066,-65.7633,-54.3499
7.22502,0.552661,-0.305213,-0.0538406,0,0,0,52.7566,-65.5263,-55.6518
7.25002,0.992878,-0.128739,-0.874986,0,0,0,52.9192,-64.3276,-56.8804
7.27502,1.40417,0.0815484,-1.64096,0,0,0,54.2169,-62.1795,-58.0307
7.30002,1.74315,0.3301,-2.2913,0,0,0,56.4658,-59.0947,-59.0929
7.32502,1.97269,0.607149,-2.77433,0,0,0,59.3993,-55.1094,-60.0533
7.35002,2.07106,0.888,-3.05623,0,0,0,62.7023,-50.3112,-60.8952
7.37502,2.03834,1.13782,-3.12738,0,0,0,66.0551,-44.8616,-61.6016
7.40002,1.89604,1.32029,-3.00159,0,0,0,69.1794,-39.0029,-62.1572
7.42502,1.67925,1.40644,-2.70872,0,0,0,71.8762,-33.0452,-62.5513
7.45002,1.42576,1.38053,-2.2848,0,0,0,74.047,-27.3364,-62.7792
7.47502,1.16686,1.24159,-1.76463,0,0,0,75.691,-22.2237,-62.8428
7.50002,0.922459,1.00173,-1.17883,0,0,0,76.8818,-18.0172,-62.7505
7.52502,0.700316,0.682862,-0.554209,0,0,0,77.7281,-14.9624,-62.5156
7.55002,0.498133,0.313209,0.0846847,0,0,0,78.3327,-13.2242,-62.155
7.57502,0.307337,-0.0755949,0.714424,0,0,0,78.7587,-12.8804,-61.6879
7.60002,0.117645,-0.450823,1.31252,0,0,0,79.0116,-13.9198,-61.1343
7.62502,-0.0783699,-0.780789,1.85766,0,0,0,79.0422,-16.2426,-60.5147
7.65002,-0.281466,-1.03721,2.32963,0,0,0,78.7677,-19.6631,-59.8493
7.67502,-0.483308,-1.19795,2.70847,0,0,0,78.107,-23.9181,-59.1576
7.70002,-0.666006,-1.24987,2.97337,0,0,0,77.0195,-28.6849,-58.457
7.72502,-0.804127,-1.19094,3.10259,0,0,0,75.5373,-33.6101,-57.7621
7.75002,-0.869549,-1.03065,3.07579,0,0,0,73.7802,-38.3435,-57.0831
7.77502,-0.838773,-0.787808,2.87938,0,0,0,71.9491,-42.572,-56.4237
7.80002,-0.700905,-0.485892,2.51341,0,0,0,70.2987,-46.042,-55.7809
7.82502,-0.463304,-0.147186,1.99691,0,0,0,69.0963,-48.5667,-55.1435
7.85002,-0.15227,0.2118,1.3687,0,0,0,68.5773,-50.0187,-54.4926
7.87502,0.191716,0.581536,0.682812,0,0,0,68.9054,-50.3137,-53.8029
7.90002,0.522451,0.956781,-3.08553e-05,0,0,0,70.1439,-49.3959,-53.0439
7.92502,0.797545,1.33154,-0.622192,0,0,0,72.2427,-47.2331,-52.1829
7.95002,0.986707,1.69438,-1.13775,0,0,0,75.0414,-43.8249,-51.1878
7.97502,1.07693,2.02655,-1.51785,0,0,0,78.2905,-39.2239,-50.0303
8.00002,1.07337,2.30376,-1.75148,0,0,0,81.689,-33.5596,-48.6893
8.02502,0.996073,2.50074,-1.84188,0,0,0,84.9348,-27.0556,-47.1531
8.05002,0.873978,2.59642,-1.80047,0,0,0,87.7773,-20.0299,-45.421
8.07502,0.738521,2.57797,-1.64119,0,0,0,90.0621,-12.8742,-43.5025
8.10002,0.618282,2.44255,-1.37725,0,0,0,91.7529,-6.0163,-41.4162
8.12502,0.535067,2.19694,-1.0211,0,0,0,92.9273,0.124637,-39.1864
8.15002,0.501134,1.85542,-0.586694,0,0,0,93.7448,5.17806,-36.8405
8.17502,0.517491,1.43725,-0.0926139,0,0,0,94.3978,8.84896,-34.4061
8.20002,0.573722,0.964484,0.435823,0,0,0,95.0572,10.9303,-31.9099
8.22502,0.650069,0.460872,0.966958,0,0,0,95.8271,11.3055,-29.3771
8.25002,0.72203,-0.0480882,1.46612,0,0,0,96.7175,9.94854,-26.8328
8.27502,0.76663,-0.534779,1.90093,0,0,0,97.6415,6.92595,-24.3027
8.30002,0.768461,-0.969827,2.24645,0,0,0,98.4369,2.40232,-21.8145
8.32502,0.723426,-1.32393,2.48798,0,0,0,98.9088,-3.35716,-19.3976
8.35002,0.639081,-1.57096,2.62057,0,0,0,98.8844,-9.99398,-17.0816
8.37502,0.531959,-1.69149,2.64595,0,0,0,98.2648,-17.0793,-14.8943
8.40001,0.423238,-1.67547,2.569,0,0,0,97.0623,-24.1525,-12.8578
8.42501,0.334018,-1.52344,2.39568,0,0,0,95.4105,-30.7669,-10.9857
8.45001,0.280939,-1.24592,2.13323,0,0,0,93.5451,-36.5327,-9.28082
8.47501,0.27253,-0.861553,1.79238,0,0,0,91.7602,-41.1436,-7.7347
8.50001,0.306949,-0.394503,1.38993,0,0,0,90.3515,-44.3852,-6.32839
8.52501,0.371992,0.127868,0.949802,0,0,0,89.5606,-46.1259,-5.03503
8.55001,0.448005,0.676504,0.501248,0,0,0,89.5308,-46.3005,-3.82316
8.57501,0.513177,1.22128,0.0745543,0,0,0,90.2816,-44.8978,-2.6604
8.60001,0.549496,1.73132,-0.304156,0,0,0,91.7058,-41.9588,-1.51698
8.62501,0.547234,2.17584,-0.616626,0,0,0,93.5881,-37.5875,-0.368664
8.65001,0.506669,2.52589,-0.853257,0,0,0,95.6456,-31.9671,0.801169
8.67501,0.437167,2.75683,-1.01109,0,0,0,97.5807,-25.3733,2.00045
8.70001,0.354721,2.85087,-1.09034,0,0,0,99.1403,-18.1716,3.22851
8.72501,0.279047,2.79906,-1.09133,0,0,0,100.165,-10.7961,4.47706
8.75001,0.230597,2.60213,-1.01317,0,0,0,100.616,-3.71063,5.73197
8.77501,0.227123,2.27007,-0.855039,0,0,0,100.577,2.63751,6.97519
8.80001,0.279409,1.82067,-0.619888,0,0,0,100.218,7.85869,8.1865
8.82501,0.386748,1.27741,-0.319428,0,0,0,99.7516,11.6485,9.34467
8.85001,0.534201,0.667454,0.02245,0,0,0,99.3725,13.7985,10.428
8.87501,0.694361,0.020575,0.370795,0,0,0,99.2088,14.1958,11.4143
8.90001,0.834711,-0.631127,0.686494,0,0,0,99.2909,12.8178,12.2808
8.92501,0.928074,-1.25331,0.936421,0,0,0,99.5448,9.73086,13.0045
8.95001,0.960987,-1.8105,1.10154,0,0,0,99.8097,5.09301,13.5626
8.97501,0.935943,-2.26854,1.17882,0,0,0,99.8793,-0.842402,13.9344
9.00001,0.86755,-2.59801,1.17709,0,0,0,99.5549,-7.73047,14.1033
9.02501,0.776,-2.77722,1.11024,0,0,0,98.7022,-15.1527,14.0588
9.05,0.681313,-2.79424,0.991756,0,0,0,97.2934,-22.6509,13.7981
9.075,0.5998,-2.64768,0.83203,0,0,0,95.4257,-29.7718,13.3266
9.1,0.542379,-2.34633,0.638668,0,0,0,93.3101,-36.1111,12.6569
9.125,0.5138,-1.90815,0.418418,0,0,0,91.2324,-41.3443,11.8074
9.15,0.512335,-1.35873,0.179506,0,0,0,89.4983,-45.2394,10.7988
9.175,0.530179,-0.729649,-0.0669131,0,0,0,88.3754,-47.65,9.65225
9.2,0.555139,-0.0567735,-0.307141,0,0,0,88.0438,-48.4982,8.38721
9.225,0.573705,0.621417,-0.527214,0,0,0,88.5644,-47.7589,7.02052
9.25,0.574653,1.26566,-0.71607,0,0,0,89.867,-45.4534,5.56655
9.275,0.55173,1.83797,-0.867941,0,0,0,91.7627,-41.657,4.03795
9.3,0.50444,2.30398,-0.982779,0,0,0,93.9758,-36.516,2.44676
9.325,0.437024,2.63523,-1.06473,0,0,0,96.194,-30.2649,0.805208
9.35,0.356643,2.81113,-1.11959,0,0,0,98.1264,-23.2327,-0.874066
9.375,0.271782,2.82037,-1.15235,0,0,0,99.5593,-15.8288,-2.5787
9.4,0.191329,2.66167,-1.16563,0,0,0,100.393,-8.51119,-4.29804
9.425,0.12407,2.34383,-1.15924,0,0,0,100.654,-1.74005,-6.02498
9.45,0.0780161,1.88506,-1.13103,0,0,0,100.474,4.06705,-7.75773
9.475,0.0590432,1.31187,-1.07899,0,0,0,100.046,8.57013,-9.501
9.5,0.0690215,0.65727,-1.00392,0,0,0,99.5684,11.5251,-11.2661
9.525,0.104461,-0.041267,-0.911531,0,0,0,99.1949,12.7877,-13.07
9.55,0.157028,-0.744053,-0.812435,0,0,0,98.9914,12.31,-14.9331
9.575,0.21629,-1.41137,-0.719657,0,0,0,98.9224,10.1367,-16.8764
9.6,0.273395,-2.00555,-0.645054,0,0,0,98.8602,6.40586,-18.918
9.625,0.323669,-2.49288,-0.596607,0,0,0,98.6176,1.35008,-21.07
9.65,0.367039,-2.84545,-0.577709,0,0,0,97.9978,-4.70601,-23.3361
9.675,0.406669,-3.04271,-0.587979,0,0,0,96.8483,-11.361,-25.7108
9.7,0.446861,-3.07265,-0.624499,0,0,0,95.1076,-18.1675,-28.1794
9.72499,0.491059,-2.93258,-0.682557,0,0,0,92.8297,-24.6743,-30.7209
9.74999,0.540308,-2.62932,-0.755712,0,0,0,90.1803,-30.4725,-33.311
9.77499,0.592336,-2.17897,-0.835522,0,0,0,87.4059,-35.2305,-35.9255
9.79999,0.64153,-1.60608,-0.911639,0,0,0,84.784,-38.7124,-38.5432
9.82499,0.680118,-0.942494,-0.97289,0,0,0,82.5674,-40.7765,-41.1479
9.84999,0.700527,-0.22564,-1.00954,0,0,0,80.9366,-41.3612,-43.7277
9.87499,0.69816,0.503649,-1.01598,0,0,0,79.9666,-40.4663,-46.2743
9.89999,0.6732,1.20367,-0.992519,0,0,0,79.6159,-38.142,-48.7802
9.92499,0.630431,1.83453,-0.94515,0,0,0,79.7352,-34.4872,-51.2365
9.94999,0.577213,2.3606,-0.883537,0,0,0,80.0967,-29.6579,-53.6313
9.97499,0.52081,2.75262,-0.818326,0,0,0,80.438,-23.8771,-55.9487
9.99999,0.466334,2.98922,-0.759092,0,0,0,80.5133,-17.4366,-58.1698
10.025,0.415902,3.05798,-0.713383,0,0,0,80.1422,-10.6848,-60.2751
10.05,0.368906,2.95599,-0.686627,0,0,0,79.244,-3.99881,-62.2469
10.075,0.323058,2.68989,-0.682256,0,0,0,77.8488,2.25397,-64.0728
10.1,0.275907,2.27544,-0.701534,0,0,0,76.084,7.7532,-65.7476
10.125,0.226564,1.7366,-0.742973,0,0,0,74.1384,12.2528,-67.2743
10.15,0.17712,1.10418,-0.80169,0,0,0,72.2176,15.5926,-68.6638
10.175,0.132996,0.414142,-0.869552,0,0,0,70.4984,17.6949,-69.933
10.2,0.101676,-0.294313,-0.936695,0,0,0,69.0959,18.5528,-71.1027
10.225,0.0901485,-0.980855,-0.994138,0,0,0,68.045,18.2178,-72.1944
10.25,0.102401,-1.60624,-1.03614,0,0,0,67.3016,16.7915,-73.2283
10.275,0.138313,-2.13457,-1.06093,0,0,0,66.759,14.4235,-74.2208
10.3,0.194206,-2.53546,-1.06962,0,0,0,66.2772,11.3114,-75.1836
10.325,0.264206,-2.78587,-1.06401,0,0,0,65.7189,7.69756,-76.1232
10.35,0.34141,-2.8716,-1.04465,0,0,0,64.9825,3.85908,-77.0407
10.375,0.418463,-2.78813,-1.00965,0,0,0,64.0264,0.0879092,-77.9333
10.4,0.487802,-2.54104,-0.954525,0,0,0,62.8766,-3.33367,-78.795
10.425,0.542131,-2.1456,-0.873105,0,0,0,61.617,-6.15721,-79.6179
10.45,0.575582,-1.62589,-0.759387,0,0,0,60.3645,-8.1854,-80.3929
10.475,0.585507,-1.01314,-0.610005,0,0,0,59.2376,-9.27955,-81.1104
10.5,0.574207,-0.343641,-0.42646,0,0,0,58.325,-9.3586,-81.7606
10.525,0.549457,0.343589,-0.215976,0,0,0,57.6622,-8.39374,-82.3326
10.55,0.523089,1.00908,0.00969036,0,0,0,57.2217,-6.40392,-82.8154
10.575,0.507933,1.61492,0.237046,0,0,0,56.9172,-3.45511,-83.1973
10.6,0.514393,2.12661,0.453805,0,0,0,56.6213,0.33731,-83.4669
10.625,0.547958,2.51471,0.650499,0,0,0,56.1954,4.80681,-83.6142
10.65,0.608129,2.75652,0.820144,0,0,0,55.5242,9.73977,-83.6316
10.675,0.68838,2.83767,0.956439,0,0,0,54.547,14.8888,-83.5156
10.7,0.776649,2.75335,1.05154,0,0,0,53.2803,19.9953,-83.267
10.725,0.85629,2.5091,1.09467,0,0,0,51.8222,24.8155,-82.8911
10.75,0.908179,2.12066,1.07276,0,0,0,50.3401,29.1441,-82.3967
10.775,0.914764,1.6129,0.973893,0,0,0,49.0432,32.8265,-81.7948
10.8,0.86594,1.01744,0.793205,0,0,0,48.1478,35.7595,-81.0969
10.825,0.764616,0.36964,0.538702,0,0,0,47.8422,37.8799,-80.3132
10.85,0.628437,-0.294476,0.233305,0,0,0,48.2579,39.1496,-79.4517
10.875,0.485352,-0.940246,-0.0892826,0,0,0,49.4493,39.5431,-78.5181
10.9,0.36453,-1.53527,-0.393385,0,0,0,51.3856,39.0451,-77.5156
10.925,0.287264,-2.04979,-0.650072,0,0,0,53.9535,37.6593,-76.4462
10.95,0.26207,-2.45739,-0.841511,0,0,0,56.973,35.4263,-75.3112
10.975,0.284894,-2.73656,-0.960051,0,0,0,60.2253,32.4435,-74.1124
11,0.342542,-2.87267,-1.00414,0,0,0,63.4872,28.879,-72.8522
11.025,0.416864,-2.85971,-0.973981,0,0,0,66.5688,24.9722,-71.5335
11.05,0.488386,-2.70127,-0.869027,0,0,0,69.341,21.0195,-70.159
11.075,0.539374,-2.41037,-0.6879,0,0,0,71.7493,17.347,-68.7299
11.1,0.556772,-2.00812,-0.430626,0,0,0,73.8067,14.2782,-67.2449
11.125,0.535115,-1.52149,-0.10208,0,0,0,75.5694,12.1037,-65.6992
11.15,0.478612,-0.980781,0.284966,0,0,0,77.1022,11.0582,-64.0845
11.175,0.401129,-0.417436,0.70894,0,0,0,78.4445,11.3044,-62.3898
11.2,0.323208,0.13732,1.14169,0,0,0,79.5847,12.9227,-60.6031
11.225,0.266632,0.653038,1.55321,0,0,0,80.4529,15.9026,-58.7133
11.25,0.248403,1.10047,1.91693,0,0,0,80.9329,20.137,-56.7129
11.275,0.276342,1.45263,2.21297,0,0,0,80.8931,25.4213,-54.6002
11.3,0.347533,1.6867,2.4286,0,0,0,80.2295,31.4633,-52.3804
11.325,0.449516,1.78664,2.55598,0,0,0,78.9084,37.9068,-50.0656
11.35,0.563252,1.74555,2.58939,0,0,0,76.9983,44.3685,-47.673
11.375,0.667019,1.5671,2.52347,0,0,0,74.6792,50.4813,-45.2225
11.4,0.740821,1.26542,2.35398,0,0,0,72.2265,55.9317,-42.7331
11.425,0.770965,0.863293,2.08065,0,0,0,69.9728,60.4831,-40.2197
11.45,0.753938,0.389099,1.71103,0,0,0,68.2575,63.978,-37.691
11.475,0.698153,-0.126686,1.26289,0,0,0,67.3748,66.3226,-35.1486
11.5,0.622377,-0.654234,0.763661,0,0,0,67.5308,67.4629,-32.5886
11.525,0.550921,-1.16569,0.246527,0,0,0,68.8138,67.3635,-30.0035
11.55,0.50718,-1.63528,-0.255157,0,0,0,71.1803,66.0005,-27.3858
11.575,0.507766,-2.03901,-0.712667,0,0,0,74.4593,63.3708,-24.7314
11.6,0.558842,-2.35511,-1.10416,0,0,0,78.3738,59.517,-22.0422
11.625,0.655029,-2.56557,-1.41392,0,0,0,82.5803,54.5581,-19.3279
11.65,0.7803,-2.65853,-1.62956,0,0,0,86.721,48.7116,-16.6055
11.675,0.910103,-2.63067,-1.73889,0,0,0,90.4803,42.2991,-13.8971
11.7,1.01445,-2.48867,-1.72836,0,0,0,93.6325,35.7265,-11.2272
11.725,1.0623,-2.24885,-1.58426,0,0,0,96.0679,29.4454,-8.61812
11.75,1.02742,-1.93449,-1.29716,0,0,0,97.7908,23.9035,-6.08689
11.775,0.895045,-1.57128,-0.868266,0,0,0,98.8896,19.4977,-3.64311
11.8,0.66735,-1.18225,-0.315132,0,0,0,99.49,16.5385,-1.28831
11.825,0.365481,-0.784171,0.326034,0,0,0,99.7043,15.2297,0.982919
11.85,0.0267552,-0.387282,1.00314,0,0,0,99.5913,15.6591,3.18062
11.875,-0.302511,0.00149919,1.65559,0,0,0,99.1372,17.7961,5.31652
11.9,-0.576847,0.373575,2.22439,0,0,0,98.2622,21.4931,7.40122
11.925,-0.761617,0.714622,2.66227,0,0,0,96.8512,26.4916,9.44203
11.95,-0.840184,1.00387,2.94069,0,0,0,94.8003,32.4367,11.4418
11.975,-0.815778,1.21726,3.05151,0,0,0,92.0673,38.9052,13.3989
12,-0.707596,1.33288,3.00304,0,0,0,88.7109,45.447,15.3083
12.025,-0.54323,1.33641,2.81311,0,0,0,84.907,51.6334,17.1633
12.05,-0.350618,1.22442,2.50262,0,0,0,80.9363,57.1013,18.9567
12.075,-0.151969,1.00511,2.09178,0,0,0,77.1464,61.5818,20.683
12.1,0.0395408,0.696815,1.5995,0,0,0,73.899,64.9055,22.3378
12.125,0.220459,0.32543,1.04446,0,0,0,71.5143,66.987,23.9181
12.15,0.395643,-0.0784869,0.446348,0,0,0,70.2244,67.7967,25.4205
12.175,0.575191,-0.48223,-0.17366,0,0,0,70.1423,67.3327,26.8398
12.2,0.770252,-0.85306,-0.793251,0,0,0,71.2471,65.604,28.1677
12.225,0.98842,-1.16022,-1.38936,0,0,0,73.3884,62.6325,29.3914
12.25,1.22943,-1.37731,-1.93782,0,0,0,76.3065,58.4713,30.4941
12.275,1.48195,-1.48533,-2.41189,0,0,0,79.6699,53.2324,31.456
12.3,1.72228,-1.4761,-2.78077,0,0,0,83.1249,47.1117,32.2567
12.325,1.91629,-1.3552,-3.00969,0,0,0,86.351,40.3984,32.8781
12.35,2.02557,-1.14274,-3.0641,0,0,0,89.1099,33.4641,33.3067
12.375,2.01745,-0.870511,-2.91805,0,0,0,91.2758,26.7299,33.5364
12.4,1.87575,-0.57511,-2.5641,0,0,0,92.84,20.6231,33.569
12.425,1.60694,-0.288831,-2.01937,0,0,0,93.8871,15.5326,33.4139
12.45,1.23868,-0.0320179,-1.32442,0,0,0,94.5523,11.7742,33.0866
12.475,0.812191,0.189928,-0.535683,0,0,0,94.9697,9.57108,32.6076
12.5,0.373107,0.384047,0.283848,0,0,0,95.2285,9.04402,31.9995
12.525,-0.0353619,0.563431,1.07216,0,0,0,95.3456,10.2099,31.2869
12.55,-0.376528,0.739754,1.77329,0,0,0,95.2615,12.9813,30.4945
12.575,-0.623064,0.91731,2.34116,0,0,0,94.8609,17.1672,29.6471
12.6,-0.759651,1.09038,2.74284,0,0,0,94.0125,22.4791,28.769
12.625,-0.784911,1.24458,2.96082,0,0,0,92.6187,28.5474,27.883
12.65,-0.711137,1.36138,2.99294,0,0,0,90.6602,34.9508,27.0092
12.6749,-0.561066,1.42406,2.84959,0,0,0,88.2256,41.2579,26.1634
12.6999,-0.362483,1.42283,2.54947,0,0,0,85.5136,47.0706,25.355
12.7249,-0.142518,1.35745,2.11558,0,0,0,82.8088,52.0598,24.5856
12.7499,0.0766628,1.23724,1.57305,0,0,0,80.4371,55.983,23.8478
12.7749,0.279987,1.07888,0.948781,0,0,0,78.7109,58.6821,23.1248
12.7999,0.459439,0.903136,0.272003,0,0,0,77.8781,60.065,22.3917
12.8249,0.612419,0.731476,-0.425197,0,0,0,78.0822,60.0836,21.6166
12.8499,0.739235,0.583178,-1.10816,0,0,0,79.3389,58.718,20.7638
12.8749,0.840601,0.473136,-1.74085,0,0,0,81.5323,55.9754,19.7963
12.8999,0.91592,0.41038,-2.28787,0,0,0,84.43,51.9049,18.68
12.9249,0.962914,0.397292,-2.7169,0,0,0,87.7173,46.6227,17.387
12.9499,0.97866,0.429652,-3.0013,0,0,0,91.0478,40.3353,15.899
12.9749,0.961581,0.497717,-3.12259,0,0,0,94.1003,33.3497,14.2091
12.9999,0.913486,0.588285,-3.07224,0,0,0,96.6333,26.0619,12.3227
13.0249,0.840724,0.687368,-2.85251,0,0,0,98.5209,18.9241,10.2564
13.0499,0.753926,0.782745,-2.47613,0,0,0,99.7616,12.3986,8.03516
13.0749,0.66641,0.865587,-1.96492,0,0,0,100.457,6.91016,5.68948
13.0999,0.591876,0.930785,-1.34792,0,0,0,100.769,2.8083,3.25218
13.1249,0.542088,0.976088,-0.659288,0,0,0,100.861,0.345345,0.756201
13.1499,0.525046,1.00068,0.0636488,0,0,0,100.849,-0.332303,-1.76633
13.1749,0.543847,1.00392,0.78223,0,0,0,100.769,0.814712,-4.28397
13.1999,0.596209,0.984912,1.45814,0,0,0,100.563,3.71908,-6.76518
13.2249,0.674672,0.943027,2.05501,0,0,0,100.1,8.20665,-9.17768
13.2499,0.767533,0.879299,2.54006,0,0,0,99.209,13.999,-11.4885
13.2749,0.860561,0.797957,2.88585,0,0,0,97.7405,20.725,-13.6651
13.2999,0.939358,0.707379,3.07213,0,0,0,95.6144,27.9471,-15.6783
13.3249,0.991847,0.619803,3.08764,0,0,0,92.8622,35.2022,-17.505
13.3499,1.01015,0.54961,2.93152,0,0,0,89.6403,42.0496,-19.1312
13.3749,0.991141,0.510611,2.61366,0,0,0,86.2145,48.1156,-20.5547
13.3999,0.93558,0.513138,2.15392,0,0,0,82.9175,53.1208,-21.7853
13.4249,0.8462,0.561753,1.58021,0,0,0,80.0938,56.886,-22.844
13.4499,0.725814,0.654074,0.925937,0,0,0,78.0426,59.3173,-23.7605
13.4749,0.576292,0.780767,0.227272,0,0,0,76.9717,60.381,-24.5701
13.4999,0.398921,0.926556,-0.479256,0,0,0,76.9674,60.0798,-25.3097
13.5249,0.196052,1.07208,-1.15856,0,0,0,77.9841,58.441,-26.0146
13.5499,-0.0265575,1.19653,-1.77795,0,0,0,79.8531,55.5209,-26.715
13.5749,-0.257542,1.28087,-2.30717,0,0,0,82.3094,51.4234,-27.4343
13.5999,-0.478803,1.31139,-2.71802,0,0,0,85.0341,46.3219,-28.187
13.6249,-0.666225,1.28272,-2.98435,0,0,0,87.7071,40.475,-28.9787
13.6499,-0.792654,1.19926,-3.08332,0,0,0,90.0596,34.2249,-29.8059
13.6749,-0.832811,1.0742,-2.99855,0,0,0,91.9148,27.9759,-30.6577
13.6999,-0.768827,0.925726,-2.7242,0,0,0,93.2061,22.1559,-31.5174
13.7249,-0.594473,0.771379,-2.26843,0,0,0,93.969,17.1737,-32.3641
13.7499,-0.316604,0.622335,-1.65452,0,0,0,94.3072,13.3793,-33.1747
13.7749,0.0460735,0.479844,-0.919432,0,0,0,94.3468,11.0375,-33.9248
13.7999,0.465439,0.335178,-0.110916,0,0,0,94.1882,10.3141,-34.5897
13.8249,0.906105,0.173292,0.715544,0,0,0,93.8712,11.271,-35.1447
13.8499,1.32725,-0.0207346,1.4997,0,0,0,93.36,13.8661,-35.5658
13.8749,1.68582,-0.254286,2.18081,0,0,0,92.5533,17.9533,-35.8309
13.8999,1.94279,-0.521271,2.70464,0,0,0,91.3162,23.2862,-35.9211
13.9249,2.07209,-0.800235,3.03254,0,0,0,89.5267,29.5301,-35.8222
13.9499,2.06826,-1.05796,3.14889,0,0,0,87.1253,36.2862,-35.5272
13.9749,1.94796,-1.25753,3.06237,0,0,0,84.1539,43.129,-35.0366
13.9999,1.74383,-1.36753,2.79997,0,0,0,80.772,49.6517,-34.3586
14.0249,1.49387,-1.3688,2.39726,0,0,0,77.245,55.5077,-33.5082
14.0499,1.23144,-1.25699,1.8901,0,0,0,73.9086,60.4377,-32.5044
14.0749,0.979344,-1.04151,1.31052,0,0,0,71.1169,64.2749,-31.3675
14.0999,0.748099,-0.742377,0.686453,0,0,0,69.1884,66.9297,-30.1165
14.1249,0.537563,-0.386689,0.043138,0,0,0,68.3596,68.363,-28.7669
14.1499,0.34044,-0.00553266,-0.595568,0,0,0,68.7518,68.5586,-27.3297
14.1749,0.146768,0.368492,-1.20677,0,0,0,70.3548,67.5085,-25.812
14.1999,-0.0514441,0.703445,-1.76865,0,0,0,73.027,65.2158,-24.2176
14.2249,-0.256191,0.970372,-2.2605,0,0,0,76.5133,61.7146,-22.5491
14.2499,-0.460733,1.14601,-2.66196,0,0,0,80.4794,57.1005,-20.809
14.2749,-0.648746,1.21565,-2.95197,0,0,0,84.5605,51.5574,-19.0013
14.2999,-0.7959,1.17544,-3.10855,0,0,0,88.4165,45.3702,-17.1317
14.3249,-0.874268,1.03311,-3.11068,0,0,0,91.783,38.9142,-15.2068
14.3499,-0.859323,0.806225,-2.94329,0,0,0,94.504,32.6233,-13.2328
14.3749,-0.737926,0.517801,-2.60393,0,0,0,96.5384,26.9438,-11.2142
14.3999,-0.514433,0.190497,-2.10849,0,0,0,97.9388,22.2867,-9.1516
14.4249,-0.21218,-0.158372,-1.49273,0,0,0,98.8089,18.9884,-7.04137
14.4499,0.130471,-0.518683,-0.808529,0,0,0,99.2536,17.2851,-4.87574
14.4749,0.467994,-0.88539,-0.115969,0,0,0,99.3355,17.2994,-2.64418
14.4999,0.756986,-1.25366,0.526171,0,0,0,99.0495,19.0353,-0.335747
14.5249,0.964596,-1.61387,1.06922,0,0,0,98.3226,22.3775,2.05801
14.5499,1.07432,-1.949,1.48066,0,0,0,97.0384,27.0947,4.5403
14.5749,1.0878,-2.23575,1.74583,0,0,0,95.0807,32.852,7.107
14.5999,1.02242,-2.44866,1.86529,0,0,0,92.3844,39.2356,9.74606
14.6249,0.905802,-2.5654,1.84912,0,0,0,88.9791,45.7926,12.4384
14.6499,0.769373,-2.57116,1.71105,0,0,0,85.0117,52.08,15.1607
14.6749,0.642741,-2.46099,1.4646,0,0,0,80.7409,57.7125,17.8888
14.6999,0.54945,-2.23973,1.12241,0,0,0,76.5045,62.3976,20.6016
14.7249,0.503976,-1.92025,0.698075,0,0,0,72.668,65.9479,23.2845
14.7499,0.509772,-1.52083,0.209236,0,0,0,69.5678,68.2703,25.9304
14.7749,0.558742,-1.06284,-0.320002,0,0,0,67.4616,69.3391,28.54
14.7999,0.632807,-0.569417,-0.858892,0,0,0,66.4936,69.1654,31.1194
14.8249,0.708004,-0.0653045,-1.37277,0,0,0,66.6765,67.7749,33.6777
14.8499,0.760502,0.422689,-1.82806,0,0,0,67.8919,65.2019,36.2228
14.8749,0.772855,0.86579,-2.19766,0,0,0,69.9077,61.5019,38.7584
14.8999,0.738372,1.23473,-2.46434,0,0,0,72.4108,56.7748,41.282
14.9249,0.662217,1.50262,-2.62102,0,0,0,75.0525,51.1893,43.7837
14.9499,0.559308,1.64849,-2.66813,0,0,0,77.501,44.9963,46.2477
14.9749,0.450208,1.66026,-2.61013,0,0,0,79.491,38.5223,48.6544
14.9999,0.356366,1.53625,-2.45292,0,0,0,80.8579,32.1433,50.9836
15.0249,0.295583,1.28498,-2.20366,0,0,0,81.5496,26.2439,53.2186
15.0499,0.278158,0.923496,-1.87257,0,0,0,81.6114,21.1744,55.348
15.0749,0.304298,0.47484,-1.47551,0,0,0,81.1517,17.2151,57.3675
15.0999,0.363659,-0.0343643,-1.03537,0,0,0,80.2975,14.5546,59.2795
15.1249,0.437712,-0.575583,-0.580853,0,0,0,79.1535,13.2817,61.0916
15.1499,0.50467,-1.11911,-0.142603,0,0,0,77.7747,13.3868,62.8148
15.1749,0.54545,-1.63437,0.251989,0,0,0,76.1594,14.7685,64.4603
15.1999,0.54856,-2.0906,0.582864,0,0,0,74.261,17.2419,66.0381
15.2249,0.512401,-2.45839,0.838668,0,0,0,72.0169,20.5515,67.5551
15.2499,0.444827,-2.7121,1.0152,0,0,0,69.3843,24.3895,69.015
15.2749,0.360933,-2.83249,1.11208,0,0,0,66.373,28.4223,70.4181
15.2999,0.28021,-2.80882,1.12952,0,0,0,63.066,32.3234,71.7625
15.3249,0.223574,-2.63999,1.06651,0,0,0,59.6202,35.8057,73.0457
15.3499,0.210017,-2.33434,0.921651,0,0,0,56.2485,38.647,74.2649
15.3749,0.252391,-1.90831,0.696567,0,0,0,53.1871,40.6999,75.4183
15.3999,0.35269,-1.38433,0.400874,0,0,0,50.6579,41.8869,76.5049
15.4249,0.498621,-0.78874,0.0563056,0,0,0,48.8337,42.1827,77.5236
15.4499,0.664254,-0.150449,-0.303284,0,0,0,47.8135,41.5927,78.473
15.4749,0.816448,0.499365,-0.637848,0,0,0,47.6095,40.1358,79.3497
15.4999,0.925271,1.12717,-0.911252,0,0,0,48.147,37.8383,80.1479
15.5249,0.97347,1.69778,-1.10048,0,0,0,49.2758,34.7391,80.8589
15.5499,0.960244,2.17662,-1.19908,0,0,0,50.7917,30.9042,81.4721
15.5749,0.898422,2.53296,-1.21406,0,0,0,52.4682,26.4432,81.9756
15.5999,0.808021,2.74324,-1.15909,0,0,0,54.092,21.5195,82.3581
15.6249,0.709961,2.79336,-1.04841,0,0,0,55.4979,16.3484,82.611
15.6499,0.621957,2.67973,-0.89343,0,0,0,56.594,11.1821,82.7292
15.6749,0.556455,2.40917,-0.702433,0,0,0,57.3722,6.28463,82.7124
15.6999,0.519726,1.99787,-0.482315,0,0,0,57.899,1.90508,82.5648
15.7249,0.511451,1.47002,-0.24098,0,0,0,58.2918,-1.74457,82.2946
15.7499,0.524951,0.856079,0.010894,0,0,0,58.6849,-4.50205,81.9123
15.7749,0.548593,0.191123,0.259801,0,0,0,59.1956,-6.25845,81.4297
15.7999,0.56865,-0.486857,0.491344,0,0,0,59.8965,-6.95689,80.8592
15.8249,0.57294,-1.13869,0.693366,0,0,0,60.7999,-6.59099,80.2123
15.8499,0.553867,-1.72605,0.85865,0,0,0,61.8578,-5.20641,79.5006
15.8749,0.509675,-2.21369,0.985821,0,0,0,62.9755,-2.90511,78.7346
15.8999,0.44378,-2.57183,1.07816,0,0,0,64.038,0.151264,77.9249
15.9249,0.363042,-2.77818,1.14114,0,0,0,64.9422,3.74365,77.0808
15.9499,0.27608,-2.81952,1.17986,0,0,0,65.6276,7.60713,76.2105
15.9749,0.192185,-2.6926,1.1972,0,0,0,66.0971,11.4515,75.3197
15.9999,0.12073,-2.40428,1.19314,0,0,0,66.4212,14.9865,74.4105
16.0249,0.0704572,-1.97109,1.16549,0,0,0,66.7251,17.9457,73.4802
16.0499,0.0481061,-1.41807,1.11186,0,0,0,67.1606,20.1022,72.521
16.0749,0.0563924,-0.77714,1.03257,0,0,0,67.8706,21.2761,71.5192
16.0999,0.0923499,-0.0850257,0.932977,0,0,0,68.9543,21.3343,70.4568
16.1249,0.147511,0.618955,0.82394,0,0,0,70.4405,20.1895,69.3122
16.1499,0.210569,1.29508,0.719434,0,0,0,72.2744,17.8026,68.0628
16.1749,0.271368,1.90527,0.632696,0,0,0,74.321,14.1931,66.6874
16.1999,0.324033,2.41503,0.573034,0,0,0,76.3876,9.45174,65.1692
16.2249,0.367811,2.79524,0.544747,0,0,0,78.2597,3.75337,63.4979
16.2499,0.405834,3.02382,0.5479,0,0,0,79.7482,-2.64196,61.6716
16.2749,0.442917,3.087,0.579746,0,0,0,80.7335,-9.40254,59.6965
16.2999,0.483385,2.98023,0.635725,0,0,0,81.1977,-16.1545,57.5861
16.3249,0.52936,2.70841,0.709689,0,0,0,81.2344,-22.5202,55.3587
16.3499,0.579664,2.2858,0.793609,0,0,0,81.032,-28.1556,53.0344
16.3749,0.629529,1.73527,0.877437,0,0,0,80.8365,-32.7761,50.6321
16.3999,0.671454,1.08726,0.949856,0,0,0,80.9008,-36.1672,48.1678
16.4249,0.697341,0.378142,1.00025,0,0,0,81.434,-38.1806,45.6542
16.4499,0.701319,-0.351811,1.02144,0,0,0,82.5601,-38.726,43.101
16.4749,0.681993,-1.06087,1.01185,0,0,0,84.2931,-37.7647,40.5172
16.4999,0.642857,-1.70852,0.975873,0,0,0,86.5327,-35.3138,37.9132
16.5249,0.590703,-2.25804,0.922287,0,0,0,89.0811,-31.4591,35.3032
16.5499,0.533006,-2.67866,0.861562,0,0,0,91.6808,-26.3719,32.7059
16.5749,0.475649,-2.94729,0.803562,0,0,0,94.0655,-20.3201,30.1439
16.5999,0.421754,-3.04961,0.756258,0,0,0,96.0149,-13.6628,27.642
16.6249,0.371702,-2.9808,0.725422,0,0,0,97.4011,-6.82703,25.2243
16.6499,0.323996,-2.74563,0.714713,0,0,0,98.212,-0.267345,22.9098
16.6749,0.276632,-2.35812,0.725635,0,0,0,98.5466,5.5791,20.7105
16.6999,0.228694,-1.84077,0.757137,0,0,0,98.5837,10.3323,18.6287
16.7249,0.181725,-1.22324,0.80512,0,0,0,98.5312,13.695,16.6575
16.7499,0.140217,-0.540716,0.862505,0,0,0,98.5716,15.4623,14.7819
16.7749,0.110675,0.167959,0.920484,0,0,0,98.8156,15.5218,12.9818
16.7999,0.0994376,0.862401,0.970802,0,0,0,99.2744,13.8508,11.235
16.8249,0.11036,1.50291,1.00797,0,0,0,99.8566,10.517,9.52088
16.8499,0.143646,2.05276,1.03011,0,0,0,100.389,5.68293,7.82291
16.8749,0.196194,2.48034,1.03811,0,0,0,100.661,-0.389999,6.13076
16.8999,0.262777,2.7611,1.03365,0,0,0,100.478,-7.34681,4.44094
16.9249,0.337133,2.87904,1.01738,0,0,0,99.7186,-14.7597,2.75652
16.9499,0.412487,2.82774,0.987603,0,0,0,98.3716,-22.1648,1.08571
16.9749,0.481725,2.61076,0.940083,0,0,0,96.5529,-29.1087,-0.559943
16.9999,0.537723,2.24153,0.868674,0,0,0,94.4879,-35.192,-2.16734
17.0249,0.574335,1.74248,0.766978,0,0,0,92.4687,-40.0994,-3.7232
17.0499,0.588087,1.14356,0.630695,0,0,0,90.7983,-43.6094,-5.21454
17.0749,0.580032,0.48029,0.459956,0,0,0,89.7322,-45.587,-6.6284
17.0999,0.556645,-0.208606,0.260558,0,0,0,89.4318,-45.9661,-7.95097
17.1249,0.528884,-0.883479,0.0432258,0,0,0,89.936,-44.7355,-9.16662
17.1499,0.509443,-1.50587,-0.178907,0,0,0,91.1552,-41.9341,-10.2573
17.1749,0.509329,-2.04038,-0.393327,0,0,0,92.8875,-37.66,-11.2026
17.1999,0.53514,-2.45638,-0.590108,0,0,0,94.8559,-32.0866,-11.9813
17.2249,0.587725,-2.72968,-0.761996,0,0,0,96.7612,-25.4766,-12.573
17.2499,0.661991,-2.84412,-0.902876,0,0,0,98.3402,-18.1831,-12.9611
17.2749,0.747302,-2.79288,-1.00558,0,0,0,99.4179,-10.6311,-13.135
17.2999,0.828287,-2.57935,-1.06026,0,0,0,99.9394,-3.28167,-13.0919
17.3249,0.886576,-2.21719,-1.05446,0,0,0,99.9728,3.41381,-12.8372
17.3499,0.904296,-1.72948,-0.975894,0,0,0,99.6835,9.05562,-12.3835
17.3749,0.869513,-1.14667,-0.8178,0,0,0,99.2855,13.3249,-11.7491
17.3999,0.781987,-0.503676,-0.5849,0,0,0,98.9851,15.9963,-10.9555
17.4249,0.655933,0.163195,-0.296492,0,0,0,98.9283,16.9379,-10.0253
17.4499,0.516998,0.818551,0.0162827,0,0,0,99.1658,16.1061,-8.98147
17.4749,0.39406,1.42911,0.318354,0,0,0,99.6404,13.5435,-7.84599
17.4999,0.309963,1.96422,0.579641,0,0,0,100.2,9.38201,-6.64039
17.5249,0.275688,2.39648,0.780367,0,0,0,100.634,3.84819,-5.38571
17.5499,0.289595,2.7032,0.911126,0,0,0,100.726,-2.7364,-4.1025
17.5749,0.3403,2.86825,0.969302,0,0,0,100.311,-9.96871,-2.81021
17.5999,0.410722,2.88387,0.954726,0,0,0,99.3205,-17.3942,-1.52588
17.6249,0.481764,2.75181,0.866768,0,0,0,97.8119,-24.5501,-0.262376
17.6499,0.535395,2.48335,0.703834,0,0,0,95.9595,-31.0106,0.9736
17.6749,0.557589,2.0982,0.46521,0,0,0,94.0238,-36.4239,2.18309
17.6999,0.541291,1.62243,0.15437,0,0,0,92.2981,-40.5301,3.37574
17.7249,0.488808,1.086,-0.217757,0,0,0,91.0503,-43.16,4.56964
17.7499,0.41232,0.520373,-0.631357,0,0,0,90.4711,-44.2224,5.78999
17.7749,0.331499,-0.0429098,-1.05936,0,0,0,90.6385,-43.6886,7.06682
17.7999,0.268408,-0.572982,-1.47186,0,0,0,91.5039,-41.5843,8.43191
17.8249,0.241392,-1.04005,-1.84152,0,0,0,92.9004,-37.9941,9.91513
17.8499,0.260217,-1.4163,-2.14739,0,0,0,94.5733,-33.0747,11.5409
17.8749,0.323976,-1.67771,-2.37584,0,0,0,96.2288,-27.0696,13.3249
17.8999,0.421846,-1.80652,-2.51871,0,0,0,97.5904,-20.3123,15.2724
17.9249,0.535798,-1.79375,-2.5703,0,0,0,98.4533,-13.2134,17.3769
17.9499,0.644327,-1.64085,-2.52537,0,0,0,98.7226,-6.22787,19.6224
17.9749,0.726709,-1.35991,-2.37919,0,0,0,98.4245,0.189641,21.9848
17.9999,0.76755,-0.972275,-2.13018,0,0,0,97.6879,5.62927,24.4361
18.0249,0.760899,-0.505612,-1.78367,0,0,0,96.7022,9.76002,26.9468
18.0499,0.712594,0.0095201,-1.35491,0,0,0,95.6628,12.3475,29.4886
18.0749,0.639467,0.542679,-0.869234,0,0,0,94.719,13.2566,32.0355
18.0999,0.565143,1.06522,-0.358773,0,0,0,93.936,12.4472,34.5628
18.1249,0.513732,1.5506,0.142938,0,0,0,93.2793,9.96818,37.0469
18.1499,0.503649,1.97418,0.606168,0,0,0,92.6234,5.95602,39.4631
18.1749,0.54341,2.31343,1.00786,0,0,0,91.7847,0.635532,41.7856
18.1999,0.630047,2.54926,1.33145,0,0,0,90.5692,-5.68384,43.9872
18.2249,0.749674,2.66822,1.56433,0,0,0,88.8268,-12.6226,46.0418
18.2499,0.879389,2.66505,1.69462,0,0,0,86.4974,-19.7607,47.9262
18.2749,0.990131,2.54427,1.70913,0,0,0,83.6376,-26.6785,49.624
18.2999,1.05072,2.32032,1.59388,0,0,0,80.4188,-33.0006,51.1275
18.3249,1.03343,2.01536,1.33793,0,0,0,77.0999,-38.4306,52.4399
18.3499,0.920622,1.65503,0.939628,0,0,0,73.9803,-42.7667,53.5745
18.3749,0.710801,1.26343,0.41272,0,0,0,71.3477,-45.8984,54.5536
18.3999,0.421551,0.859011,-0.210313,0,0,0,69.4298,-47.7869,55.406
18.4249,0.0877537,0.453655,-0.879984,0,0,0,68.3612,-48.4419,56.1636
18.4499,-0.244959,0.0551729,-1.5365,0,0,0,68.166,-47.903,56.8581
18.4749,-0.529952,-0.327865,-2.11974,0,0,0,68.7587,-46.2348,57.5183
18.4999,-0.729979,-0.681777,-2.57981,0,0,0,69.9614,-43.533,58.1679
18.5249,-0.825148,-0.986425,-2.8849,0,0,0,71.5349,-39.9405,58.8234
18.5499,-0.815727,-1.21776,-3.02383,0,0,0,73.2192,-35.6604,59.4942
18.5749,-0.718994,-1.35308,-3.0028,0,0,0,74.7782,-30.9599,60.1816
18.5999,-0.561936,-1.37652,-2.83858,0,0,0,76.0364,-26.1593,60.8804
18.6249,-0.373053,-1.2828,-2.55168,0,0,0,76.901,-21.6059,61.5797
18.6499,-0.175874,-1.07831,-2.16217,0,0,0,77.3633,-17.6409,62.2646
18.6749,0.0147653,-0.779954,-1.68869,0,0,0,77.4782,-14.5667,62.9177
18.6999,0.193828,-0.412631,-1.14942,0,0,0,77.3305,-12.6218,63.52
18.7249,0.365014,-0.00638369,-0.563472,0,0,0,76.9963,-11.9662,64.0518
18.7499,0.53798,0.406209,0.0484869,0,0,0,76.5116,-12.6754,64.4934
18.7749,0.72434,0.792186,0.664503,0,0,0,75.8555,-14.7385,64.8254
18.7999,0.933089,1.12015,1.26188,0,0,0,74.9531,-18.0586,65.0296
18.8249,1.1662,1.36252,1.81706,0,0,0,73.6965,-22.455,65.0902
18.8499,1.41513,1.49833,2.30445,0,0,0,71.9813,-27.6712,64.9953
18.8749,1.65905,1.51666,2.69464,0,0,0,69.7478,-33.393,64.7381
18.8999,1.86584,1.41974,2.95396,0,0,0,67.0158,-39.2775,64.3181
18.9249,1.99725,1.22438,3.04739,0,0,0,63.9042,-44.9898,63.7415
18.9499,2.0181,0.960041,2.94614,0,0,0,60.6276,-50.2402,63.0198
18.9749,1.90732,0.662894,2.63757,0,0,0,57.4715,-54.8095,62.1687
18.9999,1.66575,0.366956,2.13282,0,0,0,54.7523,-58.5574,61.2048
19.0249,1.31669,0.095821,1.46752,0,0,0,52.7714,-61.4117,60.1439
19.0499,0.899374,-0.141552,0.695541,0,0,0,51.775,-63.3444,58.9985
19.0749,0.459719,-0.349488,-0.120398,0,0,0,51.9212,-64.3436,57.777
19.0999,0.0426061,-0.53983,-0.917041,0,0,0,53.2612,-64.3946,56.4836
19.1249,-0.313047,-0.724443,-1.63643,0,0,0,55.7316,-63.4754,55.1187
19.1499,-0.577529,-0.908796,-2.2301,0,0,0,59.16,-61.5697,53.681
19.1749,-0.733134,-1.08863,-2.66256,0,0,0,63.2842,-58.695,52.1685
19.1999,-0.776254,-1.2506,-2.91377,0,0,0,67.7851,-54.9333,50.5802
19.2248,-0.717416,-1.37646,-2.97931,0,0,0,72.3316,-50.4553,48.9169
19.2498,-0.578351,-1.44886,-2.86791,0,0,0,76.6268,-45.5274,47.1812
19.2748,-0.386714,-1.4567,-2.5971,0,0,0,80.4484,-40.4959,45.3766
19.2998,-0.170254,-1.39828,-2.18908,0,0,0,83.6688,-35.7538,43.5063
19.3248,0.0478156,-1.28161,-1.66828,0,0,0,86.2527,-31.6969,41.5719
19.3498,0.251307,-1.12253,-1.06078,0,0,0,88.2308,-28.6812,39.5719
19.3748,0.431355,-0.941545,-0.394903,0,0,0,89.6603,-26.9883,37.5018
19.3998,0.584992,-0.760411,0.298116,0,0,0,90.5843,-26.8023,35.3547
19.4248,0.712701,-0.599187,0.984264,0,0,0,91.0018,-28.1957,33.123
19.4498,0.815795,-0.473956,1.62779,0,0,0,90.8591,-31.1227,30.8008
19.4748,0.894412,-0.395265,2.1931,0,0,0,90.0634,-35.4183,28.3865
19.4998,0.946776,-0.367208,2.6471,0,0,0,88.5175,-40.8072,25.8846
19.5248,0.969905,-0.387262,2.96181,0,0,0,86.1659,-46.9247,23.3069
19.5498,0.961457,-0.447052,3.11682,0,0,0,83.0384,-53.3526,20.6716
19.5748,0.921896,-0.534148,3.10134,0,0,0,79.2779,-59.667,18.0013
19.5998,0.856007,-0.634585,2.91524,0,0,0,75.1425,-65.4874,15.3193
19.6248,0.773085,-0.735485,2.56907,0,0,0,70.9801,-70.5159,12.6459
19.6498,0.685712,-0.826959,2.08291,0,0,0,67.182,-74.5543,9.99495
19.6748,0.6076,-0.902779,1.48455,0,0,0,64.1279,-77.4982,7.37184
19.6998,0.551223,-0.959799,0.807394,0,0,0,62.133,-79.3105,4.77328
19.7248,0.525815,-0.996623,0.0883891,0,0,0,61.4079,-79.9876,2.18884
19.7498,0.535988,-1.01227,-0.633888,0,0,0,62.0332,-79.5313,-0.396048
19.7748,0.581031,-1.00551,-1.32096,0,0,0,63.9503,-77.9371,-2.99621
19.7998,0.654863,-0.97518,-1.93605,0,0,0,66.968,-75.2028,-5.62289
19.8248,0.746728,-0.921428,-2.44567,0,0,0,70.7845,-71.3558,-8.2805
19.8498,0.842688,-0.847329,-2.82125,0,0,0,75.0265,-66.487,-10.9648
19.8748,0.92787,-0.760076,-3.04095,0,0,0,79.2994,-60.779,-13.663
19.8998,0.98903,-0.671051,-3.09145,0,0,0,83.2437,-54.5167,-16.3553
19.9248,1.01673,-0.594436,-2.96952,0,0,0,86.584,-48.0732,-19.0184
19.9498,1.00635,-0.544634,-2.68269,0,0,0,89.1584,-41.8731,-21.6289
19.9748,0.957633,-0.533266,-2.24875,0,0,0,90.9204,-36.3437,-24.1678
19.9998,0.87296,-0.566603,-1.69413,0,0,0,91.915,-31.8661,-26.6218
20.0248,0.755414,-0.64406,-1.05137,0,0,0,92.2358,-28.7364,-28.9854
20.0498,0.607452,-0.757919,-0.356409,0,0,0,91.9783,-27.1415,-31.2591
20.0748,0.4309,-0.894159,0.35397,0,0,0,91.2024,-27.1492,-33.4486
20.0998,0.2283,-1.0342,1.04406,0,0,0,89.9147,-28.7063,-35.5611
20.1248,0.00511142,-1.15747,1.68034,0,0,0,88.0743,-31.6449,-37.6038
20.1498,-0.228038,-1.24458,2.2317,0,0,0,85.6203,-35.6946,-39.5815
20.1748,-0.45401,-1.28091,2.66914,0,0,0,82.5128,-40.5041,-41.496
20.1998,-0.649542,-1.25975,2.96569,0,0,0,78.7739,-45.6745,-43.3459
20.2248,-0.787867,-1.18406,3.09755,0,0,0,74.5176,-50.8022,-45.128
20.2498,-0.843371,-1.06591,3.04693,0,0,0,69.9567,-55.5234,-46.8384
20.2748,-0.797082,-0.923109,2.80615,0,0,0,65.3848,-59.5516,-48.474
20.2998,-0.641105,-0.773666,2.3811,0,0,0,61.1392,-62.6962,-50.0336
20.3248,-0.380373,-0.630006,1.79274,0,0,0,57.5521,-64.8592,-51.5178
20.3498,-0.0316277,-0.494921,1.0758,0,0,0,54.9048,-66.0135,-52.9283
20.3748,0.379009,-0.360878,0.275955,0,0,0,53.3913,-66.1708,-54.2667
20.3998,0.81818,-0.21305,-0.553135,0,0,0,53.0959,-65.3526,-55.5327
20.4248,1.24686,-0.0353122,-1.35256,0,0,0,53.9859,-63.574,-56.7226
20.4498,1.62274,0.182391,-2.06174,0,0,0,55.9158,-60.8455,-57.8283
20.4748,1.90555,0.437591,-2.62451,0,0,0,58.6463,-57.1908,-58.8375
20.4998,2.06548,0.71232,-2.99792,0,0,0,61.8744,-52.6748,-59.7342
20.5248,2.09161,0.975457,-3.16046,0,0,0,65.2745,-47.4295,-60.5011
20.5498,1.99542,1.19002,-3.11525,0,0,0,68.5447,-41.6681,-61.1219
20.5748,1.80642,1.32248,-2.88579,0,0,0,71.45,-35.6794,-61.5836
20.5998,1.56218,1.35037,-2.50663,0,0,0,73.8505,-29.8036,-61.8791
20.6248,1.2978,1.26589,-2.01439,0,0,0,75.7087,-24.3957,-62.0078
20.6498,1.03885,1.07552,-1.44253,0,0,0,77.0731,-19.7869,-61.9755
20.6748,0.798707,0.797201,-0.820195,0,0,0,78.044,-16.2523,-61.7941
20.6998,0.579568,0.456739,-0.173449,0,0,0,78.7312,-13.9906,-61.4793
20.7248,0.375617,0.0845627,0.473365,0,0,0,79.2161,-13.1144,-61.0498
20.7498,0.177416,-0.286925,1.09693,0,0,0,79.5271,-13.6469,-60.5256
20.7748,-0.0234145,-0.625594,1.67498,0,0,0,79.6338,-15.5212,-59.9273
20.7998,-0.229984,-0.901894,2.18627,0,0,0,79.4623,-18.5825,-59.2756
20.8248,-0.437095,-1.09151,2.61002,0,0,0,78.9259,-22.5932,-58.5904
20.8498,-0.630019,-1.17822,2.92495,0,0,0,77.964,-27.2481,-57.8903
20.8748,-0.785633,-1.15639,3.10878,0,0,0,76.5788,-32.1988,-57.1916
20.8998,-0.876382,-1.03195,3.13994,0,0,0,74.8577,-37.087,-56.5062
20.9248,-0.876929,-0.821113,3.00198,0,0,0,72.975,-41.5803,-55.8408
20.9498,-0.772092,-0.546327,2.69011,0,0,0,71.172,-45.3992,-55.195
20.9748,-0.563343,-0.230518,2.21717,0,0,0,69.7195,-48.3316,-54.5608
20.9998,-0.271029,0.108202,1.61581,0,0,0,68.8731,-50.2292,-53.9223
21.0248,0.0687663,0.45901,0.93557,0,0,0,68.8304,-50.9942,-53.2561
21.0498,0.411482,0.816871,0.23558,0,0,0,69.6974,-50.5621,-52.5334
21.0748,0.713053,1.17795,-0.424609,0,0,0,71.4692,-48.8918,-51.7217
21.0998,0.93839,1.53435,-0.993908,0,0,0,74.0262,-45.969,-50.7881
21.1248,1.06766,1.87092,-1.43626,0,0,0,77.1487,-41.8227,-49.7022
21.1498,1.09895,2.16556,-1.73331,0,0,0,80.5486,-36.5496,-48.4395
21.1748,1.04676,2.39287,-1.8827,0,0,0,83.9154,-30.3354,-46.9842
21.1998,0.937061,2.52949,-1.89285,0,0,0,86.9697,-23.4628,-45.3311
21.2248,0.801013,2.55876,-1.77706,0,0,0,89.5128,-16.2994,-43.4858
21.2498,0.66904,2.47357,-1.54908,0,0,0,91.4586,-9.26545,-41.4638
21.2748,0.566293,2.27681,-1.22178,0,0,0,92.8407,-2.79033,-39.2875
21.2998,0.509379,1.97978,-0.808537,0,0,0,93.7896,2.73065,-36.9836
21.3248,0.504181,1.59973,-0.326156,0,0,0,94.49,6.9692,-34.5803
21.3498,0.544983,1.15733,0.202458,0,0,0,95.1261,9.68225,-32.1049
21.3748,0.615573,0.675098,0.747576,0,0,0,95.8314,10.7177,-29.5836
21.3998,0.692807,0.177075,1.27477,0,0,0,96.6537,10.0147,-27.0417
21.4248,0.752307,-0.310752,1.74956,0,0,0,97.5423,7.60479,-24.5049
21.4498,0.774812,-0.760297,2.14281,0,0,0,98.3604,3.61595,-22.0005
21.4748,0.751097,-1.14248,2.4348,0,0,0,98.9212,-1.72297,-19.5574
21.4998,0.683828,-1.42986,2.61617,0,0,0,99.0384,-8.08536,-17.2057
21.5248,0.586103,-1.60009,2.68587,0,0,0,98.582,-15.0639,-14.9744
21.5498,0.477638,-1.63911,2.64768,0,0,0,97.5217,-22.2039,-12.888
21.5748,0.380035,-1.54305,2.50744,0,0,0,95.9487,-29.048,-10.9637
21.5998,0.312105,-1.31838,2.27223,0,0,0,94.0666,-35.1814,-9.20842
21.6248,0.285818,-0.980451,1.95184,0,0,0,92.1564,-40.2656,-7.6178
21.6498,0.303412,-0.551093,1.56124,0,0,0,90.5224,-44.0537,-6.17638
21.6748,0.35648,-0.0561309,1.12229,0,0,0,89.435,-46.3862,-4.85971
21.6998,0.427801,0.476456,0.663033,0,0,0,89.0807,-47.1761,-3.63741
21.7248,0.495843,1.01741,0.214271,0,0,0,89.5291,-46.3933,-2.47674
21.7498,0.540657,1.53648,-0.195501,0,0,0,90.721,-44.0577,-1.34633
21.7748,0.549087,2.00301,-0.544488,0,0,0,92.479,-40.2462,-0.219274
21.7998,0.517638,2.38725,-0.819538,0,0,0,94.5393,-35.1072,0.924335
21.8248,0.452544,2.66268,-1.01509,0,0,0,96.6013,-28.8775,2.09599
21.8498,0.367857,2.80867,-1.13007,0,0,0,98.3852,-21.8869,3.29837
21.8748,0.282684,2.81275,-1.16447,0,0,0,99.6869,-14.5447,4.52602
21.8998,0.218254,2.67198,-1.11722,0,0,0,100.416,-7.30775,5.76682
21.9248,0.194629,2.39302,-0.986489,0,0,0,100.605,-0.635171,7.00395
21.9498,0.226593,1.99089,-0.772673,0,0,0,100.394,5.05596,8.21773
21.9748,0.318799,1.48697,-0.483365,0,0,0,99.9807,9.42455,9.38703
21.9998,0.461753,0.906772,-0.138007,0,0,0,99.5712,12.2231,10.4901
22.0248,0.631397,0.278364,0.231016,0,0,0,99.3224,13.3009,11.5048
22.0498,0.794461,-0.367992,0.583209,0,0,0,99.304,12.6005,12.4085
22.0748,0.918615,-0.999647,0.879772,0,0,0,99.4816,10.154,13.178
22.0998,0.982833,-1.58192,1.0937,0,0,0,99.7253,6.08484,13.7902
22.1248,0.982725,-2.07996,1.21484,0,0,0,99.8424,0.611031,14.2235
22.1498,0.928926,-2.46194,1.24792,0,0,0,99.6275,-5.95485,14.4596
22.1748,0.840939,-2.70251,1.20608,0,0,0,98.919,-13.2182,14.4855
22.1998,0.740422,-2.78543,1.10418,0,0,0,97.6486,-20.7309,14.2955
22.2248,0.64644,-2.7049,0.954667,0,0,0,95.8693,-28.033,13.8922
22.2498,0.572985,-2.46566,0.766627,0,0,0,93.7555,-34.6985,13.2858
22.2748,0.527878,-2.08212,0.547232,0,0,0,91.5734,-40.3723,12.4929
22.2998,0.512268,-1.57698,0.304149,0,0,0,89.6307,-44.7897,11.5336
22.3248,0.5207,-0.979545,0.0475709,0,0,0,88.2178,-47.7757,10.4292
22.3498,0.542264,-0.324022,-0.209293,0,0,0,87.5548,-49.2304,9.19989
22.3748,0.563196,0.35214,-0.45177,0,0,0,87.7516,-49.1108,7.86332
22.3998,0.570501,1.00996,-0.666741,0,0,0,88.7886,-47.4196,6.43451
22.4248,0.555281,1.61084,-0.845584,0,0,0,90.5198,-44.2081,4.92634
22.4498,0.514455,2.11881,-0.985533,0,0,0,92.6968,-39.5903,3.35063
22.4748,0.450482,2.50283,-1.08889,0,0,0,95.0128,-33.7617,1.7192
22.4998,0.369792,2.73899,-1.1607,0,0,0,97.1589,-27.012,0.0442642
22.5248,0.281029,2.81219,-1.20609,0,0,0,98.8818,-19.7199,-1.66178
22.5498,0.193823,2.7172,-1.22818,0,0,0,100.03,-12.3279,-3.38754
22.5748,0.118087,2.45895,-1.22719,0,0,0,100.578,-5.30092,-5.12438
22.5998,0.0632903,2.0522,-1.20091,0,0,0,100.615,0.921114,-6.86822
22.6248,0.0370624,1.5205,-1.14659,0,0,0,100.312,5.96315,-8.62106
22.6498,0.0430657,0.894599,-1.06395,0,0,0,99.8717,9.54064,-10.3915
22.6748,0.0790279,0.210418,-0.957889,0,0,0,99.467,11.4689,-12.1944
22.6998,0.136535,-0.493169,-0.839336,0,0,0,99.1998,11.6621,-14.0486
22.7248,0.203517,-1.17652,-0.723103,0,0,0,99.0742,10.1293,-15.9751
22.7498,0.268486,-1.80125,-0.623832,0,0,0,98.9964,6.97302,-17.9931
22.7748,0.324219,-2.33214,-0.552286,0,0,0,98.7988,2.39099,-20.1169
22.7998,0.369096,-2.73898,-0.513827,0,0,0,98.2847,-3.32458,-22.3534
22.8248,0.406054,-2.99821,-0.509068,0,0,0,97.2821,-9.79727,-24.7001
22.8498,0.440317,-3.09436,-0.535459,0,0,0,95.6944,-16.5917,-27.1456
22.8748,0.477039,-3.02098,-0.588557,0,0,0,93.5346,-23.2526,-29.6707
22.8998,0.519412,-2.78111,-0.662456,0,0,0,90.9324,-29.3512,-32.2518
22.9248,0.56739,-2.38713,-0.749514,0,0,0,88.1122,-34.5248,-34.8645
22.9498,0.61716,-1.86022,-0.840051,0,0,0,85.3493,-38.5029,-37.4865
22.9748,0.661688,-1.22932,-0.92276,0,0,0,82.9149,-41.1115,-40.0997
22.9998,0.692569,-0.529661,-0.986355,0,0,0,81.0237,-42.2627,-42.6913
23.0248,0.702827,0.199143,-1.02222,0,0,0,79.7946,-41.9361,-45.2524
23.0498,0.689503,0.915477,-1.02693,0,0,0,79.2316,-40.1632,-47.7759
23.0748,0.654669,1.57835,-1.00316,0,0,0,79.224,-37.0223,-50.2543
23.0998,0.604334,2.15004,-0.958587,0,0,0,79.5689,-32.6439,-52.6775
23.1248,0.545989,2.59834,-0.903331,0,0,0,80.0093,-27.2211,-55.0315
23.1498,0.486153,2.89846,-0.84746,0,0,0,80.2839,-21.0166,-57.2987
23.1748,0.428905,3.03422,-0.799369,0,0,0,80.1779,-14.3568,-59.4597
23.1998,0.375617,2.99886,-0.765212,0,0,0,79.5647,-7.61014,-61.4957
23.2248,0.325624,2.79525,-0.748916,0,0,0,78.4269,-1.15215,-63.3918
23.2498,0.277457,2.43568,-0.752215,0,0,0,76.8528,4.67371,-65.1394
23.2748,0.230306,1.9411,-0.774432,0,0,0,75.0083,9.58853,-66.7382
23.2998,0.185328,1.33992,-0.812122,0,0,0,73.0949,13.3963,-68.1956
23.3248,0.146222,0.666493,-0.859146,0,0,0,71.3032,15.9863,-69.5262
23.3498,0.118564,-0.0407928,-0.90771,0,0,0,69.774,17.3246,-70.7491
23.3748,0.10798,-0.741593,-0.950344,0,0,0,68.5739,17.441,-71.8855
23.3998,0.118059,-1.39584,-0.981931,0,0,0,67.6889,16.4191,-72.956
23.4248,0.149181,-1.96602,-1.00062,0,0,0,67.0352,14.3917,-73.9785
23.4498,0.19871,-2.4194,-1.00713,0,0,0,66.4845,11.5401,-74.9664
23.4748,0.262015,-2.72995,-1.00307,0,0,0,65.8976,8.0924,-75.928
23.4998,0.333454,-2.87993,-0.989129,0,0,0,65.1601,4.31561,-76.8664
23.5248,0.406856,-2.86101,-0.96383,0,0,0,64.2101,0.499074,-77.7802
23.5498,0.475611,-2.67479,-0.923166,0,0,0,63.0525,-3.06902,-78.6646
23.5748,0.532867,-2.33276,-0.861083,0,0,0,61.7552,-6.12674,-79.5124
23.5998,0.572334,-1.85566,-0.7709,0,0,0,60.4294,-8.45849,-80.3152
23.6248,0.589854,-1.2721,-0.647499,0,0,0,59.1994,-9.90582,-81.0639
23.6498,0.585309,-0.616684,-0.489717,0,0,0,58.1701,-10.3687,-81.7491
23.6748,0.563854,0.0722487,-0.301893,0,0,0,57.4004,-9.80078,-82.3606
23.6998,0.535441,0.754971,-0.0935967,0,0,0,56.8878,-8.20352,-82.8877
23.7248,0.512443,1.39254,0.122562,0,0,0,56.5667,-5.62391,-83.3191
23.7498,0.50631,1.94871,0.333957,0,0,0,56.3218,-2.15602,-83.6435
23.7748,0.524646,2.39172,0.530226,0,0,0,56.0134,2.05609,-83.85
23.7998,0.569592,2.69595,0.703777,0,0,0,55.5105,6.81909,-83.9301
23.8248,0.637456,2.84352,0.848561,0,0,0,54.7247,11.8994,-83.8784
23.8498,0.719015,2.82562,0.957982,0,0,0,53.637,17.0417,-83.6937
23.8748,0.80021,2.64353,1.02306,0,0,0,52.3097,21.9945,-83.3794
23.8998,0.863567,2.30882,1.03207,0,0,0,50.8816,26.5351,-82.9429
23.9248,0.891183,1.8427,0.972649,0,0,0,49.5453,30.4874,-82.3943
23.9498,0.869675,1.27427,0.836499,0,0,0,48.5156,33.727,-81.7449
23.9748,0.79595,0.63784,0.625379,0,0,0,47.9931,36.175,-81.0057
23.9998,0.680812,-0.0301661,0.354989,0,0,0,48.1327,37.7838,-80.1855
24.0248,0.547309,-0.693726,0.053635,0,0,0,49.0201,38.5232,-79.291
24.0498,0.423581,-1.31871,-0.244657,0,0,0,50.6582,38.3737,-78.3266
24.0748,0.333652,-1.87354,-0.509008,0,0,0,52.9657,37.3311,-77.2946
24.0998,0.2908,-2.32986,-0.717839,0,0,0,55.7883,35.4211,-76.197
24.1248,0.295816,-2.66382,-0.859946,0,0,0,58.9212,32.7187,-75.0353
24.1498,0.33924,-2.85783,-0.931537,0,0,0,62.1426,29.3652,-73.8118
24.1748,0.405207,-2.90241,-0.931959,0,0,0,65.2498,25.5739,-72.5296
24.1998,0.475141,-2.79747,-0.860484,0,0,0,68.092,21.6214,-71.1914
24.2248,0.530872,-2.55252,-0.715364,0,0,0,70.5898,17.8245,-69.7993
24.2498,0.557553,-2.18577,-0.495263,0,0,0,72.7352,14.5092,-68.3528
24.2748,0.546661,-1.72229,-0.202375,0,0,0,74.5739,11.9796,-66.8485
24.2998,0.498627,-1.19156,0.154169,0,0,0,76.1732,10.492,-65.2793
24.3248,0.423848,-0.625016,0.556382,0,0,0,77.5868,10.2369,-63.6348
24.3498,0.34092,-0.05446,0.978451,0,0,0,78.8251,11.3269,-61.9028
24.3748,0.271951,0.488849,1.39077,0,0,0,79.8398,13.7884,-60.0716
24.3998,0.236442,0.974603,1.76535,0,0,0,80.5291,17.5537,-58.1314
24.4248,0.246031,1.37424,2.08017,0,0,0,80.7612,22.4578,-56.078
24.4498,0.301839,1.66259,2.32066,0,0,0,80.4137,28.2432,-53.9135
24.4748,0.39477,1.82028,2.47818,0,0,0,79.4179,34.5769,-51.6469
24.4998,0.507945,1.83631,2.54709,0,0,0,77.7967,41.083,-49.2936
24.5248,0.620255,1.70991,2.52226,0,0,0,75.6836,47.3833,-46.8728
24.5498,0.710472,1.45107,2.39873,0,0,0,73.3168,53.1393,-44.404
24.5748,0.761716,1.07951,2.17377,0,0,0,71.0091,58.0813,-41.9042
24.5998,0.765728,0.622019,1.8507,0,0,0,69.1011,62.0199,-39.3847
24.6248,0.725735,0.109067,1.44223,0,0,0,67.9086,64.8366,-36.8502
24.6498,0.65643,-0.42839,0.971421,0,0,0,67.6755,66.4625,-34.2991
24.6748,0.580444,-0.960921,0.469125,0,0,0,68.5378,66.8554,-31.7252
24.6998,0.52231,-1.46123,-0.0312055,0,0,0,70.504,65.9861,-29.121
24.7248,0.502049,-1.90398,-0.498959,0,0,0,73.4514,63.8416,-26.4811
24.7498,0.530457,-2.26592,-0.909855,0,0,0,77.1414,60.4445,-23.8052
24.7748,0.606992,-2.52693,-1.24636,0,0,0,81.2521,55.8827,-21.1003
24.7998,0.71998,-2.67212,-1.49554,0,0,0,85.4267,50.336,-18.3809
24.8248,0.848291,-2.6943,-1.64574,0,0,0,89.3295,44.0885,-15.6675
24.8498,0.963977,-2.59587,-1.68418,0,0,0,92.6986,37.5187,-12.9843
24.8748,1.036,-2.38929,-1.59684,0,0,0,95.3815,31.0669,-10.3547
24.8998,1.03543,-2.09537,-1.3716,0,0,0,97.3437,25.1883,-7.79805
24.9248,0.942068,-1.73948,-1.00419,0,0,0,98.6487,20.304,-5.32672
24.9498,0.750796,-1.34652,-0.50469,0,0,0,99.4162,16.7605,-2.94505
24.9748,0.475495,-0.936572,0.098301,0,0,0,99.7707,14.8041,-0.649819
24.9998,0.148277,-0.523168,0.758232,0,0,0,99.7957,14.5679,1.56783
25.0248,-0.186302,-0.115183,1.41651,0,0,0,99.506,16.0676,3.71957
25.0498,-0.480767,0.278667,2.01224,0,0,0,98.8437,19.2016,5.81699
25.0748,-0.695445,0.645254,2.49312,0,0,0,97.7004,23.754,7.86903
25.0998,-0.807193,0.965092,2.82408,0,0,0,95.9592,29.4059,9.88045
25.1248,-0.813173,1.21427,2.99077,0,0,0,93.5453,35.7567,11.8514
25.1498,-0.728516,1.36939,2.99712,0,0,0,90.4717,42.3609,13.7779
25.1748,-0.579382,1.41314,2.85869,0,0,0,86.8655,48.7743,15.6536
25.1998,-0.394652,1.33841,2.59556,0,0,0,82.9678,54.6018,17.4713
25.2248,-0.199079,1.14975,2.22766,0,0,0,79.1043,59.5331,19.2244
25.2498,-0.00913079,0.862524,1.77341,0,0,0,75.6371,63.358,20.908
25.2748,0.16852,0.500585,1.2505,0,0,0,72.9087,65.9589,22.5183
25.2998,0.336295,0.0933765,0.677444,0,0,0,71.1903,67.2859,24.0521
25.3248,0.503238,-0.326718,0.0743803,0,0,0,70.6442,67.3276,25.5048
25.3498,0.681224,-0.726578,-0.537117,0,0,0,71.3021,66.0893,26.8692
25.3748,0.880449,-1.07427,-1.13467,0,0,0,73.0624,63.5868,28.1342
25.3998,1.10495,-1.34115,-1.69524,0,0,0,75.7043,59.8597,29.2841
25.4248,1.3489,-1.50451,-2.19421,0,0,0,78.9187,54.996,30.3001
25.4498,1.59434,-1.55086,-2.60358,0,0,0,82.3545,49.1595,31.1617
25.4748,1.8115,-1.4792,-2.89091,0,0,0,85.6728,42.6065,31.8494
25.4998,1.96283,-1.30294,-3.02127,0,0,0,88.6002,35.6823,32.3477
25.5248,2.01131,-1.04895,-2.96364,0,0,0,90.9673,28.7959,32.6478
25.5498,1.93149,-0.752441,-2.70071,0,0,0,92.7241,22.3794,32.7483
25.5748,1.71855,-0.448671,-2.23761,0,0,0,93.9258,16.8423,32.6561
25.5998,1.39092,-0.164204,-1.60463,0,0,0,94.6961,12.5321,32.3846
25.6248,0.985203,0.0884246,-0.85242,0,0,0,95.1771,9.70931,31.9527
25.6498,0.547094,0.310583,-0.0429112,0,0,0,95.4806,8.53455,31.3825
25.6748,0.122893,0.512535,0.759682,0,0,0,95.6533,9.06477,30.698
25.6998,-0.246299,0.70607,1.49548,0,0,0,95.6631,11.2526,29.924
25.7248,-0.528333,0.897672,2.11365,0,0,0,95.411,14.9466,29.0853
25.7498,-0.703024,1.08451,2.57608,0,0,0,94.7642,19.8945,28.2064
25.7747,-0.764421,1.25443,2.86013,0,0,0,93.6037,25.7545,27.3109
25.7997,-0.721142,1.38953,2.95907,0,0,0,91.873,32.1197,26.4202
25.8247,-0.593755,1.47198,2.87984,0,0,0,89.6152,38.5558,25.5521
25.8497,-0.40965,1.48946,2.63877,0,0,0,86.9862,44.6449,24.7186
25.8747,-0.1971,1.43878,2.25726,0,0,0,84.2413,50.026,23.9247
25.8997,0.0196546,1.32659,1.75901,0,0,0,81.6965,54.4202,23.1664
25.9247,0.223268,1.1678,1.16932,0,0,0,79.6762,57.637,22.4308
25.9497,0.403926,0.982544,0.515635,0,0,0,78.4597,59.5604,21.6959
25.9747,0.55817,0.792778,-0.171722,0,0,0,78.2353,60.1275,20.9323
25.9997,0.68655,0.619243,-0.859439,0,0,0,79.0703,59.309,20.1054
26.0247,0.790916,0.479123,-1.51213,0,0,0,80.8994,57.1014,19.1784
26.0497,0.872169,0.384403,-2.09411,0,0,0,83.5324,53.5362,18.1156
26.0747,0.929155,0.340848,-2.57166,0,0,0,86.6817,48.7023,16.8863
26.0997,0.959021,0.347643,-2.91557,0,0,0,90.0065,42.7705,15.4683
26.1247,0.958859,0.397893,-3.10368,0,0,0,93.1693,36.0106,13.8502
26.1497,0.927919,0.48011,-3.12299,0,0,0,95.8929,28.7882,12.0328
26.1747,0.869436,0.580551,-2.97097,0,0,0,98.0045,21.5396,10.0286
26.1997,0.791265,0.685844,-2.65593,0,0,0,99.4563,14.7294,7.85977
26.2247,0.705058,0.785126,-2.19607,0,0,0,100.315,8.80215,5.55511
26.2497,0.624325,0.871047,-1.61781,0,0,0,100.725,4.13939,3.14689
26.2747,0.562074,0.939503,-0.953698,0,0,0,100.856,1.03202,0.668195
26.2997,0.528645,0.988451,-0.240218,0,0,0,100.848,-0.333114,-1.8485
26.3247,0.530115,1.01653,0.484172,0,0,0,100.769,0.123733,-4.37158
26.3497,0.567354,1.02218,1.18086,0,0,0,100.599,2.3756,-6.86969
26.3747,0.635745,1.00377,1.81271,0,0,0,100.228,6.28883,-9.31089
26.3997,0.725625,0.960651,2.3456,0,0,0,99.4972,11.624,-11.6624
26.4247,0.823551,0.894771,2.74994,0,0,0,98.2408,18.0432,-13.8915
26.4497,0.914382,0.812097,3.00242,0,0,0,96.3463,25.1306,-15.9672
26.4747,0.983867,0.723026,3.08777,0,0,0,93.799,32.4276,-17.8638
26.4997,1.02107,0.641345,3.00046,0,0,0,90.7077,39.4799,-19.5635
26.5247,1.0198,0.581855,2.7456,0,0,0,87.2997,45.8845,-21.0596
26.5497,0.978608,0.557321,2.33884,0,0,0,83.8879,51.3249,-22.3571
26.5747,0.899338,0.575664,1.80492,0,0,0,80.8193,55.5852,-23.473
26.5997,0.785184,0.63812,1.1754,0,0,0,78.4169,58.5426,-24.434
26.6247,0.63912,0.738658,0.485823,0,0,0,76.9282,60.1447,-25.2738
26.6497,0.463533,0.864607,-0.226851,0,0,0,76.4891,60.3833,-26.029
26.6747,0.261242,0.998277,-0.926358,0,0,0,77.1058,59.2771,-26.7358
26.6997,0.0375268,1.11943,-1.57839,0,0,0,78.6558,56.8701,-27.4269
26.7247,-0.197626,1.20843,-2.151,0,0,0,80.9078,53.2444,-28.1285
26.7497,-0.427986,1.24983,-2.61434,0,0,0,83.5589,48.5433,-28.8586
26.7747,-0.631148,1.23562,-2.94064,0,0,0,86.2837,42.9899,-29.6264
26.7997,-0.780804,1.16737,-3.10513,0,0,0,88.7877,36.8938,-30.4318
26.8247,-0.851112,1.05594,-3.0887,0,0,0,90.8543,30.6368,-31.2667
26.8497,-0.822122,0.91861,-2.88183,0,0,0,92.3727,24.6409,-32.1164
26.8747,-0.684379,0.77376,-2.48825,0,0,0,93.3395,19.3257,-32.9616
26.8997,-0.440987,0.634972,-1.9266,0,0,0,93.8352,15.0667,-33.78
26.9247,-0.106806,0.506579,-1.2294,0,0,0,93.9808,12.1631,-34.5475
26.9497,0.293941,0.382372,-0.440316,0,0,0,93.8902,10.8194,-35.2394
26.9747,0.729884,0.247983,0.388842,0,0,0,93.6281,11.1378,-35.8312
26.9997,1.16388,0.086399,1.20065,0,0,0,93.188,13.1159,-36.2985
27.0247,1.55475,-0.114824,1.93506,0,0,0,92.4914,16.6476,-36.6185
27.0497,1.86158,-0.35672,2.5346,0,0,0,91.4126,21.5245,-36.7707
27.0747,2.05143,-0.624974,2.95256,0,0,0,89.8202,27.4443,-36.7393
27.0997,2.10823,-0.890999,3.16182,0,0,0,87.6274,34.03,-36.5143
27.1247,2.03803,-1.11828,3.15968,0,0,0,84.8356,40.8628,-36.0934
27.1497,1.86655,-1.27159,2.96551,0,0,0,81.5605,47.5253,-35.4822
27.1747,1.63028,-1.32533,2.61224,0,0,0,78.0313,53.6461,-34.6931
27.1997,1.36565,-1.26819,2.13692,0,0,0,74.5626,58.933,-33.744
27.2247,1.10082,-1.10353,1.57434,0,0,0,71.5084,63.187,-32.6551
27.2497,0.852112,-0.847008,0.954999,0,0,0,69.2071,66.2939,-31.4459
27.2747,0.624185,-0.522977,0.305865,0,0,0,67.9315,68.2001,-30.1335
27.2997,0.412917,-0.161091,-0.348148,0,0,0,67.8502,68.884,-28.7304
27.3247,0.209605,0.206528,-0.983301,0,0,0,69.0052,68.3354,-27.245
27.3497,0.00566715,0.547625,-1.57686,0,0,0,71.3052,66.5503,-25.6819
27.3747,-0.202985,0.83212,-2.1071,0,0,0,74.5365,63.5461,-24.0436
27.3997,-0.412631,1.03472,-2.5528,0,0,0,78.3907,59.3883,-22.3325
27.4247,-0.610138,1.13778,-2.89239,0,0,0,82.5083,54.2214,-20.5516
27.4497,-0.773681,1.13389,-3.10336,0,0,0,86.5324,48.288,-18.7057
27.4747,-0.876239,1.0272,-3.16359,0,0,0,90.1624,41.9287,-16.8011
27.4997,-0.891874,0.832469,-3.05539,0,0,0,93.1955,35.5577,-14.8442
27.5247,-0.803568,0.571445,-2.77179,0,0,0,95.5443,29.6213,-12.8404
27.5497,-0.610044,0.26722,-2.32265,0,0,0,97.2262,24.5493,-10.7918
27.5747,-0.328674,-0.0613251,-1.73753,0,0,0,98.3283,20.7112,-8.69669
27.5997,0.00686831,-0.402581,-1.06345,0,0,0,98.9586,18.3853,-6.54885
27.6247,0.353238,-0.751352,-0.358309,0,0,0,99.1985,17.74,-4.33879
27.6497,0.66604,-1.10462,0.317913,0,0,0,99.0701,18.8263,-2.0556
27.6747,0.908279,-1.45614,0.912049,0,0,0,98.5248,21.5751,0.310225
27.6997,1.057,-1.79268,1.38471,0,0,0,97.4597,25.7991,2.76397
27.7247,1.10675,-2.09354,1.71385,0,0,0,95.7542,31.2009,5.30427
27.7497,1.06892,-2.33369,1.89392,0,0,0,93.3197,37.393,7.92189
27.7747,0.967578,-2.48894,1.93143,0,0,0,90.1478,43.9323,10.6001
27.7997,0.833295,-2.5409,1.83898,0,0,0,86.342,50.3661,13.3166
27.8247,0.697097,-2.48036,1.63045,0,0,0,82.1233,56.283,16.0472
27.8497,0.585593,-2.30815,1.31899,0,0,0,77.8069,61.3532,18.7693
27.8747,0.517432,-2.03394,0.917833,0,0,0,73.7565,65.3508,21.4656
27.8997,0.500885,-1.67384,0.443086,0,0,0,70.3279,68.1504,24.1262
27.9247,0.53267,-1.24778,-0.0835041,0,0,0,67.8156,69.7055,26.7493
27.9497,0.598593,-0.777693,-0.633317,0,0,0,66.4117,70.0169,29.3396
27.9747,0.676599,-0.286937,-1.17238,0,0,0,66.1809,69.1062,31.9058
27.9997,0.742076,0.199307,-1.66553,0,0,0,67.0547,67.0029,34.457
28.0247,0.774204,0.653708,-2.08187,0,0,0,68.8417,63.7498,36.9992
28.0497,0.761324,1.04753,-2.39922,0,0,0,71.2541,59.4243,39.5329
28.0747,0.703536,1.35295,-2.60583,0,0,0,73.9491,54.1636,42.0511
28.0997,0.61192,1.54643,-2.69893,0,0,0,76.5795,48.1843,44.5402
28.1247,0.50512,1.61205,-2.68148,0,0,0,78.846,41.7847,46.9817
28.1497,0.404678,1.54379,-2.5591,0,0,0,80.5385,35.3257,49.3551
28.1747,0.330252,1.34599,-2.3388,0,0,0,81.5582,29.195,51.6419
28.1997,0.295372,1.03223,-2.03001,0,0,0,81.9128,23.763,53.828
28.2247,0.304267,0.623034,-1.64692,0,0,0,81.6889,19.3429,55.9059
28.2497,0.350525,0.143365,-1.21034,0,0,0,81.0098,16.1632,57.8755
28.2747,0.418393,-0.379393,-0.747554,0,0,0,79.9916,14.3535,59.7422
28.2997,0.486822,-0.916447,-0.289352,0,0,0,78.7102,13.943,61.5156
28.3247,0.535203,-1.43794,0.134837,0,0,0,77.1851,14.865,63.2071
28.3497,0.548845,-1.91335,0.501572,0,0,0,75.3846,16.9648,64.827
28.3747,0.522358,-2.31271,0.795879,0,0,0,73.2494,20.0105,66.3835
28.3997,0.460268,-2.60875,1.01073,0,0,0,70.7262,23.7095,67.8812
28.4247,0.37544,-2.77952,1.14422,0,0,0,67.8038,27.732,69.3216
28.4497,0.286449,-2.81089,1.19607,0,0,0,64.539,31.7427,70.7036
28.4747,0.214672,-2.6981,1.16518,0,0,0,61.0652,35.4345,72.0246
28.4997,0.181085,-2.44603,1.04934,0,0,0,57.5812,38.5579,73.2819
28.5247,0.202241,-2.0683,0.847905,0,0,0,54.3226,40.937,74.4734
28.5497,0.28538,-1.58518,0.566527,0,0,0,51.5248,42.4702,75.5979
28.5747,0.423916,-1.02133,0.222268,0,0,0,49.3859,43.1162,76.6548
28.5997,0.596015,-0.404033,-0.154289,0,0,0,48.0376,42.8723,77.6431
28.6247,0.768785,0.23735,-0.522689,0,0,0,47.5275,41.7544,78.5604
28.6497,0.907917,0.871121,-0.841875,0,0,0,47.8139,39.7855,79.402
28.6747,0.988715,1.46325,-1.08095,0,0,0,48.7729,36.9972,80.1604
28.6997,1.00295,1.97883,-1.22578,0,0,0,50.2162,33.4413,80.8255
28.7247,0.958652,2.38512,-1.27838,0,0,0,51.9191,29.207,81.3858
28.7497,0.874435,2.65511,-1.251,0,0,0,53.655,24.4349,81.8293
28.7747,0.772481,2.77044,-1.15895,0,0,0,55.2322,19.3208,82.1459
28.7997,0.67314,2.72309,-1.01569,0,0,0,56.5239,14.1056,82.3287
28.8247,0.591955,2.51565,-0.831214,0,0,0,57.4852,9.05376,82.3754
28.8497,0.53833,2.1607,-0.613118,0,0,0,58.1525,4.42597,82.2884
28.8747,0.514931,1.67938,-0.368924,0,0,0,58.6242,0.453711,82.0743
28.8997,0.517619,1.09978,-0.108362,0,0,0,59.0306,-2.6776,81.7428
28.9247,0.536349,0.455183,0.155742,0,0,0,59.4982,-4.83605,81.3056
28.9497,0.557507,-0.217563,0.408589,0,0,0,60.1188,-5.94361,80.775
28.9747,0.567441,-0.879743,0.636237,0,0,0,60.9289,-5.97439,80.1633
28.9997,0.556013,-1.49261,0.828723,0,0,0,61.9031,-4.95485,79.4822
29.0247,0.518775,-2.01954,0.981847,0,0,0,62.9633,-2.96705,78.7431
29.0497,0.457111,-2.42837,1.09682,0,0,0,64.0003,-0.152523,77.9567
29.0747,0.376886,-2.69362,1.17814,0,0,0,64.9052,3.28781,77.1333
29.0997,0.286657,-2.79836,1.23089,0,0,0,65.6015,7.10202,76.2818
29.1247,0.196318,-2.73538,1.25843,0,0,0,66.0706,11.005,75.4091
29.1497,0.116278,-2.50766,1.26123,0,0,0,66.3621,14.7031,74.519
29.1747,0.0567048,-2.12815,1.23707,0,0,0,66.5875,17.919,73.6107
29.1997,0.0261346,-1.61886,1.18291,0,0,0,66.8963,20.4109,72.6783
29.2247,0.0292556,-1.0093,1.09782,0,0,0,67.4425,21.9827,71.7102
29.2497,0.0646495,-0.334537,0.986102,0,0,0,68.3482,22.4854,70.6897
29.2747,0.124155,0.36708,0.858558,0,0,0,69.6731,21.8153,69.596
29.2997,0.195084,1.05606,0.73071,0,0,0,71.3956,19.9143,68.4063
29.3247,0.264626,1.69381,0.61859,0,0,0,73.4096,16.7769,67.0982
29.3497,0.324082,2.2445,0.534532,0,0,0,75.5392,12.463,65.6525
29.3747,0.370772,2.67688,0.485126,0,0,0,77.5708,7.11191,64.0556
29.3997,0.407265,2.96601,0.471656,0,0,0,79.296,0.949311,62.3021
29.4247,0.439077,3.09474,0.491813,0,0,0,80.5592,-5.71942,60.3945
29.4497,0.472123,3.0548,0.541247,0,0,0,81.2957,-12.5327,58.3438
29.4747,0.510648,2.84729,0.614232,0,0,0,81.5517,-19.1085,56.1666
29.4997,0.555761,2.48275,0.703486,0,0,0,81.4782,-25.0838,53.8827
29.5247,0.604701,1.98061,0.799735,0,0,0,81.3009,-30.146,51.512
29.5497,0.65107,1.36828,0.89181,0,0,0,81.2738,-34.05,49.0721
29.5747,0.686378,0.679781,0.967954,0,0,0,81.6269,-36.6203,46.5775
29.5997,0.702732,-0.046068,1.01831,0,0,0,82.5204,-37.7434,44.0393
29.6247,0.69567,-0.767899,1.03763,0,0,0,84.0123,-37.3604,41.467
29.6497,0.665744,-1.44438,1.02679,0,0,0,86.0459,-35.4666,38.8709
29.6747,0.617976,-2.03687,0.992169,0,0,0,88.4589,-32.1213,36.2639
29.6997,0.559665,-2.51185,0.943363,0,0,0,91.0132,-27.4638,33.6635
29.7247,0.497822,-2.84283,0.89053,0,0,0,93.4419,-21.7273,31.091
29.7497,0.43741,-3.0118,0.842463,0,0,0,95.5045,-15.2402,28.5712
29.7747,0.380782,-3.01007,0.805738,0,0,0,97.0377,-8.40917,26.1287
29.7997,0.328144,-2.83861,0.784591,0,0,0,97.9883,-1.68399,23.7848
29.8247,0.278631,-2.50789,0.781,0,0,0,98.4196,4.48682,21.5542
29.8497,0.23166,-2.03727,0.794603,0,0,0,98.4889,9.69903,19.4427
29.8747,0.188151,-1.45388,0.822504,0,0,0,98.403,13.6236,17.4466
29.8997,0.151155,-0.791121,0.859389,0,0,0,98.3627,16.0216,15.5533
29.9247,0.125394,-0.086839,0.89841,0,0,0,98.5123,16.747,13.744
29.9497,0.11575,0.618747,0.93291,0,0,0,98.904,15.7431,11.9963
29.9747,0.12543,1.28528,0.958254,0,0,0,99.484,13.0414,10.2885
29.9997,0.15485,1.87456,0.972719,0,0,0,100.106,8.76569,8.6018
30.0247,0.201722,2.35277,0.976975,0,0,0,100.564,3.13676,6.92313
30.0497,0.261936,2.69247,0.972562,0,0,0,100.648,-3.52734,5.24617
30.0747,0.330447,2.87423,0.960209,0,0,0,100.197,-10.8252,3.57149
30.0997,0.401691,2.88783,0.938632,0,0,0,99.1499,-18.3023,1.90548
30.1247,0.469609,2.73289,0.904063,0,0,0,97.5692,-25.495,0.258749
30.1497,0.527707,2.41899,0.850587,0,0,0,95.6367,-31.9766,-1.35586
30.1747,0.56968,1.96509,0.771334,0,0,0,93.6215,-37.394,-2.9248
30.1997,0.590827,1.39837,0.660494,0,0,0,91.8268,-41.4865,-4.43467
30.2247,0.589966,0.752432,0.515702,0,0,0,90.5311,-44.0844,-5.87226
30.2497,0.570931,0.0651099,0.339838,0,0,0,89.9357,-45.0948,-7.22392
30.2747,0.542561,-0.623884,0.141211,0,0,0,90.1289,-44.4856,-8.47453
30.2997,0.516737,-1.27519,-0.0682489,0,0,0,91.0701,-42.2762,-9.60675
30.3247,0.50518,-1.85181,-0.275934,0,0,0,92.5984,-38.5418,-10.6009
30.3497,0.516382,-2.32088,-0.471091,0,0,0,94.4618,-33.4273,-11.4358
30.3747,0.553716,-2.65541,-0.645734,0,0,0,96.3649,-27.1627,-12.0904
30.3997,0.614852,-2.83583,-0.793779,0,0,0,98.0271,-20.0703,-12.5465
30.4247,0.691963,-2.85145,-0.909071,0,0,0,99.2381,-12.553,-12.7911
30.4497,0.772316,-2.70142,-0.983455,0,0,0,99.8991,-5.06428,-12.8185
30.4747,0.839452,-2.39522,-1.006,0,0,0,100.037,1.9354,-12.6312
30.4997,0.875691,-1.95213,-0.964489,0,0,0,99.7875,8.02312,-12.2395
30.5247,0.866568,-1.39979,-0.849474,0,0,0,99.357,12.8483,-11.6598
30.5497,0.806465,-0.771697,-0.660085,0,0,0,98.9636,16.1508,-10.9127
30.5747,0.702864,-0.10423,-0.408533,0,0,0,98.7835,17.7649,-10.0206
30.5997,0.575988,0.566077,-0.120069,0,0,0,98.9077,17.6144,-9.0063
30.6247,0.452812,1.20428,0.172735,0,0,0,99.3202,15.7082,-7.89205
30.6497,0.358139,1.77789,0.438581,0,0,0,99.9013,12.142,-6.69935
30.6747,0.30733,2.25761,0.654278,0,0,0,100.455,7.10377,-5.44918
30.6997,0.30359,2.61841,0.806816,0,0,0,100.759,0.876999,-4.1621
30.7247,0.339478,2.84132,0.891118,0,0,0,100.615,-6.16574,-2.85793
30.7497,0.400481,2.91517,0.905936,0,0,0,99.912,-13.5861,-1.55473
30.7747,0.468688,2.83802,0.850406,0,0,0,98.6511,-20.9187,-0.267148
30.7997,0.525943,2.61758,0.722669,0,0,0,96.9599,-27.717,0.995495
30.8247,0.556731,2.27049,0.52088,0,0,0,95.0678,-33.5953,2.23102
30.8497,0.551194,1.82073,0.246077,0,0,0,93.2595,-38.2546,3.44558
30.8747,0.507937,1.29714,-0.094332,0,0,0,91.8179,-41.4894,4.65392
30.8997,0.435509,0.731087,-0.484238,0,0,0,90.9679,-43.1785,5.87852
30.9247,0.351241,0.154556,-0.899241,0,0,0,90.8337,-43.2699,7.14763
30.9497,0.277048,-0.400822,-1.31021,0,0,0,91.4161,-41.7686,8.4925
30.9747,0.233396,-0.904256,-1.68869,0,0,0,92.5924,-38.7368,9.94388
30.9997,0.233694,-1.32649,-2.01159,0,0,0,94.1385,-34.3037,11.5284
31.0247,0.281096,-1.6413,-2.26331,0,0,0,95.7712,-28.6806,13.2651
31.0497,0.368312,-1.8278,-2.43468,0,0,0,97.2035,-22.1692,15.1632
31.0747,0.479738,-1.87302,-2.52002,0,0,0,98.2008,-15.155,17.2203
31.0997,0.59483,-1.77398,-2.5144,0,0,0,98.6266,-8.08137,19.4238
31.1247,0.692071,-1.53852,-2.41274,0,0,0,98.4648,-1.40809,21.7522
31.1497,0.753318,-1.1846,-2.21144,0,0,0,97.8116,4.43444,24.1786
31.1747,0.768163,-0.737931,-1.91196,0,0,0,96.8419,9.08405,26.674
31.1997,0.737234,-0.228731,-1.52455,0,0,0,95.7571,12.2705,29.2097
31.2247,0.672907,0.31165,-1.06989,0,0,0,94.7309,13.8232,31.759
31.2497,0.596525,0.853035,-0.577238,0,0,0,93.8644,13.6676,34.2973
31.2747,0.532731,1.36734,-0.0797319,0,0,0,93.1619,11.8193,36.8012
31.2997,0.502933,1.82854,0.391303,0,0,0,92.5298,8.38064,39.2469
31.3247,0.520104,2.21265,0.810377,0,0,0,91.801,3.54126,41.6093
31.3497,0.586127,2.4986,1.15891,0,0,0,90.7775,-2.42302,43.8622
31.3747,0.691597,2.67012,1.42347,0,0,0,89.2841,-9.15927,45.9787
31.3997,0.817264,2.7182,1.59256,0,0,0,87.2188,-16.2607,47.9346
31.4247,0.936462,2.64314,1.65385,0,0,0,84.5884,-23.3039,49.7104
31.4497,1.01853,2.45533,1.59341,0,0,0,81.5185,-29.8924,51.2947
31.4747,1.0337,2.17409,1.39829,0,0,0,78.2356,-35.6962,52.6863
31.4997,0.959437,1.82423,1.06189,0,0,0,75.0266,-40.4761,53.8944
31.5247,0.787174,1.43125,0.590754,0,0,0,72.1877,-44.0872,54.938
31.5497,0.526982,1.01668,0.00954803,0,0,0,69.973,-46.4652,55.8433
31.5747,0.207905,0.595743,-0.638425,0,0,0,68.5554,-47.6035,56.6411
31.5997,-0.12697,0.178515,-1.29617,0,0,0,68.0028,-47.5319,57.3634
31.6247,-0.429673,-0.225974,-1.9024,0,0,0,68.272,-46.306,58.0401
31.6497,-0.658318,-0.605042,-2.40261,0,0,0,69.2196,-44.0091,58.6969
31.6747,-0.786543,-0.939858,-2.7585,0,0,0,70.6281,-40.7651,59.3533
31.6997,-0.808283,-1.20674,-2.95252,0,0,0,72.2436,-36.7531,60.0211
31.7247,-0.736305,-1.38173,-2.98613,0,0,0,73.8191,-32.2161,60.7048
31.7497,-0.595708,-1.44615,-2.87352,0,0,0,75.1551,-27.4548,61.4017
31.7747,-0.415577,-1.39108,-2.63428,0,0,0,76.1284,-22.8079,62.103
31.7997,-0.221775,-1.2192,-2.28824,0,0,0,76.7008,-18.6203,62.7955
31.8247,-0.032363,-0.944286,-1.85357,0,0,0,76.9072,-15.2096,63.4626
31.8497,0.144315,-0.58903,-1.34756,0,0,0,76.8254,-12.8386,64.0861
31.8747,0.309294,-0.182209,-0.788103,0,0,0,76.5391,-11.6962,64.6469
31.8997,0.470844,0.244047,-0.194759,0,0,0,76.1022,-11.8894,65.1253
31.9247,0.640903,0.656523,0.411302,0,0,0,75.5162,-13.4401,65.502
31.9497,0.830666,1.02283,1.00799,0,0,0,74.7251,-16.2849,65.7586
31.9747,1.04606,1.3134,1.57272,0,0,0,73.6303,-20.2761,65.8781
31.9997,1.28382,1.50392,2.08166,0,0,0,72.1211,-25.1872,65.8473
32.0247,1.52892,1.57858,2.50821,0,0,0,70.1152,-30.7261,65.6571
32.0497,1.75412,1.53324,2.82126,0,0,0,67.5976,-36.5598,65.3047
32.0747,1.92306,1.37792,2.98633,0,0,0,64.6464,-42.3487,64.7935
32.0997,1.99755,1.1366,2.97083,0,0,0,61.4391,-47.7839,64.1331
32.1247,1.94829,0.843126,2.75333,0,0,0,58.2353,-52.6188,63.3377
32.1497,1.76496,0.533478,2.33312,0,0,0,55.3423,-56.6837,62.4237
32.1747,1.46073,0.236853,1.7348,0,0,0,53.0704,-59.883,61.4072
32.1997,1.06894,-0.0306903,1.00521,0,0,0,51.6896,-62.1745,60.3023
32.2247,0.634503,-0.267367,0.204941,0,0,0,51.3941,-63.543,59.1188
32.2497,0.204847,-0.481552,-0.60116,0,0,0,52.278,-63.9761,57.8624
32.2747,-0.176825,-0.684664,-1.35141,0,0,0,54.3227,-63.4535,56.5348
32.2997,-0.475887,-0.884019,-1.9926,0,0,0,57.3981,-61.9542,55.1353
32.3247,-0.669593,-1.07817,-2.484,0,0,0,61.2752,-59.4784,53.6617
32.3497,-0.749549,-1.25618,-2.80028,0,0,0,65.6546,-56.0792,52.1127
32.3747,-0.722334,-1.40068,-2.93234,0,0,0,70.2066,-51.8902,50.4883
32.3997,-0.607208,-1.49342,-2.88524,0,0,0,74.6178,-47.14,48.7902
32.4247,-0.431161,-1.521,-2.67408,0,0,0,78.635,-42.1453,47.0219
32.4497,-0.222899,-1.47871,-2.31941,0,0,0,82.0939,-37.284,45.1867
32.4747,-0.00764993,-1.37183,-1.84429,0,0,0,84.926,-32.9541,43.2869
32.4997,0.196054,-1.21425,-1.27324,0,0,0,87.1402,-29.5302,41.3222
32.5247,0.377373,-1.02565,-0.632825,0,0,0,88.788,-27.3249,39.2893
32.5497,0.532238,-0.82809,0.0475245,0,0,0,89.9213,-26.5616,37.1819
32.5747,0.66115,-0.642909,0.735257,0,0,0,90.5582,-27.3572,34.9924
32.5997,0.766422,-0.488306,1.39543,0,0,0,90.6642,-29.7126,32.7141
32.6247,0.849716,-0.377621,1.99235,0,0,0,90.1581,-33.5098,30.3431
32.6497,0.910591,-0.318225,2.49178,0,0,0,88.9392,-38.5156,27.8816
32.6747,0.946492,-0.311008,2.86348,0,0,0,86.9301,-44.3977,25.3385
32.6997,0.954142,-0.350617,3.08363,0,0,0,84.1229,-50.7551,22.7295
32.7247,0.931735,-0.426654,3.13713,0,0,0,80.6146,-57.1613,20.0758
32.7497,0.881013,-0.52578,3.01915,0,0,0,76.6199,-63.2145,17.4008
32.7747,0.808321,-0.634307,2.73567,0,0,0,72.456,-68.582,14.7265
32.7997,0.724221,-0.740499,2.30293,0,0,0,68.5033,-73.0267,12.0692
32.8247,0.64182,-0.835911,1.74588,0,0,0,65.1521,-76.4099,9.43796
32.8497,0.574463,-0.915433,1.09611,0,0,0,62.7479,-78.6718,6.83258
32.8747,0.533461,-0.976305,0.389592,0,0,0,61.5455,-79.7987,4.24511
32.8997,0.526273,-1.01673,-0.335375,0,0,0,61.6778,-79.792,1.66219
32.9247,0.555339,-1.03486,-1.04007,0,0,0,63.1401,-78.6486,-0.931364
32.9497,0.617557,-1.02863,-1.68703,0,0,0,65.7907,-76.3623,-3.54855
32.9747,0.704482,-0.996665,-2.24155,0,0,0,69.3669,-72.9447,-6.19668
32.9997,0.803343,-0.939861,-2.67315,0,0,0,73.5175,-68.4578,-8.8749
33.0247,0.898944,-0.862947,-2.95719,0,0,0,77.8492,-63.0466,-11.5735
33.0497,0.976213,-0.775232,-3.0766,0,0,0,81.9824,-56.9575,-14.275
33.0747,1.02281,-0.689931,-3.02364,0,0,0,85.6044,-50.5336,-16.9569
33.0997,1.03095,-0.622036,-2.80104,0,0,0,88.5077,-44.1861,-19.5953
33.1247,0.997846,-0.585285,-2.42221,0,0,0,90.6032,-38.3488,-22.1692
33.1497,0.924616,-0.589149,-1.91013,0,0,0,91.9049,-33.4272,-24.6628
33.1747,0.814392,-0.636666,-1.29521,0,0,0,92.4937,-29.7549,-27.0676
33.1997,0.670569,-0.723539,-0.612511,0,0,0,92.4696,-27.5642,-29.3819
33.2247,0.496095,-0.838522,0.100953,0,0,0,91.9091,-26.9699,-31.6098
33.2497,0.294148,-0.964904,0.80842,0,0,0,90.8395,-27.9659,-33.7582
33.2747,0.0699463,-1.08289,1.47483,0,0,0,89.2351,-30.4273,-35.8346
33.2997,-0.167035,-1.17271,2.06739,0,0,0,87.0373,-34.1208,-37.8449
33.3247,-0.40138,-1.21819,2.55543,0,0,0,84.1922,-38.7218,-39.792
33.3497,-0.611521,-1.21016,2.91034,0,0,0,80.693,-43.8437,-41.6756
33.3747,-0.771654,-1.14878,3.10643,0,0,0,76.616,-49.0773,-43.493
33.3997,-0.855828,-1.04372,3.12331,0,0,0,72.1373,-54.0365,-45.2403
33.4247,-0.843271,-0.911639,2.94979,0,0,0,67.5245,-58.3996,-46.9139
33.4497,-0.723125,-0.771127,2.58751,0,0,0,63.1053,-61.9367,-48.5117
33.4747,-0.496805,-0.636793,2.05291,0,0,0,59.2217,-64.5147,-50.0336
33.4997,-0.177423,-0.514457,1.3764,0,0,0,56.1816,-66.082,-51.4811
33.5247,0.212573,-0.399284,0.599698,0,0,0,54.2176,-66.6387,-52.8558
33.5497,0.643695,-0.277558,-0.227178,0,0,0,53.4593,-66.2048,-54.1583
33.5747,1.08071,-0.131684,-1.04836,0,0,0,53.9192,-64.7987,-55.3864
33.5998,1.48387,0.0528287,-1.80464,0,0,0,55.4934,-62.4308,-56.5335
33.6248,1.81216,0.280283,-2.4378,0,0,0,57.9745,-59.117,-57.5889
33.6498,2.03024,0.540032,-2.89809,0,0,0,61.0778,-54.9032,-58.5376
33.6748,2.11741,0.806342,-3.15321,0,0,0,64.4789,-49.8941,-59.3624
33.6998,2.07422,1.04367,-3.19464,0,0,0,67.8591,-44.2729,-60.0462
33.7248,1.92217,1.2156,-3.03713,0,0,0,70.9515,-38.3035,-60.5743
33.7498,1.69602,1.29368,-2.71142,0,0,0,73.5762,-32.313,-60.9371
33.7748,1.43295,1.26313,-2.25455,0,0,0,75.6565,-26.6584,-61.1313
33.7998,1.16351,1.12414,-1.7025,0,0,0,77.2107,-21.687,-61.1606
33.8248,0.906842,0.889911,-1.08717,0,0,0,78.3244,-17.7008,-61.0346
33.8498,0.670201,0.58321,-0.436548,0,0,0,79.1087,-14.9312,-60.768
33.8748,0.451305,0.232804,0.223786,0,0,0,79.66,-13.5255,-60.3787
33.8998,0.24238,-0.12954,0.869635,0,0,0,80.0281,-13.541,-59.8864
33.9248,0.0348472,-0.471512,1.47781,0,0,0,80.2039,-14.9447,-59.3119
33.9498,-0.176178,-0.762591,2.0261,0,0,0,80.1267,-17.613,-58.6761
33.9748,-0.388313,-0.976611,2.49284,0,0,0,79.7094,-21.3365,-57.9995
33.9998,-0.589962,-1.09463,2.85612,0,0,0,78.8769,-25.8306,-57.3016
34.0248,-0.76062,-1.10757,3.0932,0,0,0,77.6044,-30.7566,-56.5999
34.0498,-0.873931,-1.01785,3.18147,0,0,0,75.947,-35.7531,-55.9082
34.0748,-0.903592,-0.838773,3.10216,0,0,0,74.0494,-40.4717,-55.2357
34.0998,-0.831038,-0.591293,2.84635,0,0,0,72.134,-44.6091,-54.5848
34.1248,-0.652506,-0.298541,2.42118,0,0,0,70.4685,-47.9265,-53.9505
34.1498,-0.382545,0.0199176,1.85322,0,0,0,69.3224,-50.253,-53.3197
34.1748,-0.0524073,0.351672,1.18696,0,0,0,68.9225,-51.4745,-52.6716
34.1998,0.295963,0.691233,0.478888,0,0,0,69.4146,-51.5165,-51.9791
34.2248,0.618174,1.03621,-0.210954,0,0,0,70.8379,-50.3303,-51.2107
34.2498,0.875731,1.38187,-0.827722,0,0,0,73.1161,-47.8905,-50.3329
34.2748,1.04292,1.71685,-1.32905,0,0,0,76.0639,-44.2069,-49.3137
34.2998,1.11089,2.02201,-1.6893,0,0,0,79.413,-39.3474,-48.1257
34.3248,1.08793,2.27291,-1.89972,0,0,0,82.853,-33.4615,-46.7494
34.3498,0.995949,2.4448,-1.96463,0,0,0,86.0839,-26.7955,-45.1753
34.3748,0.864691,2.51778,-1.89573,0,0,0,88.8682,-19.6878,-43.4047
34.3998,0.725534,2.48062,-1.70686,0,0,0,91.0718,-12.5446,-41.4496
34.4248,0.606341,2.33214,-1.41143,0,0,0,92.6813,-5.79866,-39.3302
34.4498,0.527635,2.08034,-1.02268,0,0,0,93.7922,0.135156,-37.0721
34.4748,0.499947,1.74014,-0.556136,0,0,0,94.5731,4.89831,-34.7034
34.4998,0.522363,1.33071,-0.0325179,0,0,0,95.2133,8.21263,-32.2522
34.5248,0.582765,0.873388,0.520656,0,0,0,95.8701,9.89047,-29.7454
34.5498,0.660372,0.39092,1.07,0,0,0,96.6259,9.83642,-27.2091
34.5748,0.730636,-0.0922874,1.57995,0,0,0,97.467,8.04752,-24.6689
34.5998,0.771488,-0.549682,2.01809,0,0,0,98.2866,4.61635,-22.1517
34.6248,0.769053,-0.952996,2.35992,0,0,0,98.9122,-0.264331,-19.6863
34.6498,0.720924,-1.27422,2.59131,0,0,0,99.1525,-6.30136,-17.3026
34.6748,0.636075,-1.48884,2.70766,0,0,0,98.8525,-13.1127,-15.0305
34.6998,0.531901,-1.57929,2.71093,0,0,0,97.9434,-20.2555,-12.8967
34.7248,0.429679,-1.53747,2.60641,0,0,0,96.4733,-27.2674,-10.9214
34.7498,0.349714,-1.36569,2.40104,0,0,0,94.6096,-33.7135,-9.11538
34.7748,0.306915,-1.07572,2.10401,0,0,0,92.613,-39.2254,-7.47842
34.7998,0.307361,-0.686758,1.72881,0,0,0,90.7884,-43.5236,-5.99877
34.8248,0.346587,-0.222846,1.29533,0,0,0,89.4275,-46.4193,-4.6548
34.8498,0.410376,0.289243,0.830069,0,0,0,88.7547,-47.8025,-3.41765
34.8748,0.478348,0.821187,0.36364,0,0,0,88.8873,-47.6242,-2.2548
34.8998,0.529483,1.34351,-0.0737856,0,0,0,89.815,-45.886,-1.13369
34.9248,0.54776,1.82593,-0.457291,0,0,0,91.4023,-42.6407,-0.0251933
34.9498,0.526014,2.23834,-0.770151,0,0,0,93.4121,-38.0061,1.09365
34.9748,0.467076,2.55283,-1.00384,0,0,0,95.5499,-32.1819,2.23779
34.9998,0.382563,2.74634,-1.15552,0,0,0,97.5184,-25.4607,3.41331
35.0248,0.290413,2.80318,-1.22458,0,0,0,99.0763,-18.2224,4.61776
35.0498,0.212022,2.71684,-1.2098,0,0,0,100.083,-10.9096,5.84136
35.0748,0.169097,2.49056,-1.10877,0,0,0,100.522,-3.98549,7.06878
35.0998,0.179752,2.13652,-0.9199,0,0,0,100.492,2.11142,8.2811
35.1248,0.253604,1.67391,-0.647126,0,0,0,100.171,7.00702,9.45748
35.1498,0.386896,1.12659,-0.305216,0,0,0,99.7662,10.4158,10.5762
35.1748,0.560165,0.521115,0.0771996,0,0,0,99.4568,12.1493,11.615
35.1998,0.741295,-0.114021,0.460093,0,0,0,99.3473,12.1147,12.5512
35.2248,0.894472,-0.748073,0.800613,0,0,0,99.4426,10.3104,13.3618
35.2499,0.991632,-1.34776,1.06426,0,0,0,99.6469,6.82599,14.0235
35.2749,1.0207,-1.87834,1.23288,0,0,0,99.7876,1.84508,14.5139
35.2999,0.98683,-2.30639,1.30553,0,0,0,99.6602,-4.35284,14.8132
35.3249,0.907456,-2.60339,1.29323,0,0,0,99.0837,-11.4,14.9063
35.3499,0.805048,-2.74905,1.21152,0,0,0,97.9539,-18.8634,14.785
35.3749,0.70112,-2.73319,1.07483,0,0,0,96.2811,-26.2822,14.4489
35.3999,0.612713,-2.55635,0.894123,0,0,0,94.2003,-33.2143,13.9056
35.4249,0.55078,-2.22927,0.677522,0,0,0,91.9518,-39.277,13.1698
35.4499,0.519479,-1.77156,0.432542,0,0,0,89.8374,-44.1736,12.2608
35.4749,0.515997,-1.21011,0.168515,0,0,0,88.1629,-47.6997,11.1996
35.4999,0.531232,-0.577295,-0.102135,0,0,0,87.1816,-49.7318,10.007
35.5249,0.551869,0.090669,-0.364612,0,0,0,87.049,-50.2087,8.70151
35.5499,0.563778,0.755385,-0.604323,0,0,0,87.7952,-49.1168,7.29884
35.5749,0.55572,1.37805,-0.810092,0,0,0,89.32,-46.4868,5.8123
35.5999,0.521918,1.92152,-0.976331,0,0,0,91.4085,-42.4047,4.25366
35.6249,0.462642,2.35264,-1.10311,0,0,0,93.7681,-37.0302,2.63433
35.6499,0.383097,2.64454,-1.19429,0,0,0,96.0812,-30.6139,0.96607
35.6749,0.291669,2.77859,-1.25482,0,0,0,98.0638,-23.4999,-0.738928
35.6999,0.198443,2.74572,-1.28822,0,0,0,99.5177,-16.1091,-2.46889
35.7249,0.11428,2.54706,-1.2952,0,0,0,100.364,-8.90266,-4.214
35.7499,0.0500114,2.19384,-1.27358,0,0,0,100.647,-2.33599,-5.96827
35.7749,0.0150585,1.70656,-1.22001,0,0,0,100.509,3.18598,-7.73121
35.7999,0.015142,1.11354,-1.13296,0,0,0,100.144,7.34061,-9.50879
35.8249,0.0497605,0.448976,-1.01607,0,0,0,99.7382,9.9033,-11.3133
35.8499,0.111125,-0.249324,-0.87993,0,0,0,99.4244,10.7501,-13.1623
35.8749,0.18605,-0.942091,-0.740664,0,0,0,99.2439,9.85408,-15.0759
35.8999,0.260459,-1.59062,-0.615643,0,0,0,99.1385,7.28332,-17.0739
35.9249,0.324129,-2.15858,-0.518817,0,0,0,98.9656,3.20113,-19.1726
35.9499,0.373204,-2.61387,-0.458097,0,0,0,98.5356,-2.1331,-21.3813
35.9749,0.40976,-2.9303,-0.435525,0,0,0,97.6643,-8.37029,-23.7009
35.9999,0.439499,-3.08919,-0.449056,0,0,0,96.2262,-15.0916,-26.1229
36.0249,0.469028,-3.08055,-0.494402,0,0,0,94.1955,-21.8436,-28.6304
36.0499,0.503588,-2.90371,-0.565946,0,0,0,91.6641,-28.183,-31.201
36.0749,0.545423,-2.56744,-0.656697,0,0,0,88.8297,-33.7203,-33.8103
36.0999,0.592848,-2.08952,-0.757771,0,0,0,85.9582,-38.1516,-36.4349
36.1249,0.640216,-1.49588,-0.858232,0,0,0,83.3317,-41.2705,-39.0555
36.1499,0.679149,-0.819338,-0.946033,0,0,0,81.1931,-42.9617,-41.6577
36.1749,0.701053,-0.097873,-1.01029,0,0,0,79.7018,-43.1834,-44.2318
36.1999,0.700112,0.62749,-1.0441,0,0,0,78.906,-41.9497,-46.7709
36.2249,0.675353,1.31521,-1.04655,0,0,0,78.7362,-39.3206,-49.2685
36.2499,0.630676,1.92591,-1.02259,0,0,0,79.0195,-35.4041,-51.7163
36.2749,0.57299,2.42486,-0.981141,0,0,0,79.5119,-30.3657,-54.1021
36.2999,0.509626,2.78406,-0.932305,0,0,0,79.9451,-24.439,-56.4099
36.3249,0.446317,2.98378,-0.885211,0,0,0,80.0777,-17.9252,-58.6208
36.3499,0.386351,3.01351,-0.846847,0,0,0,79.7418,-11.1787,-60.7157
36.3749,0.330808,2.87244,-0.821774,0,0,0,78.8735,-4.57601,-62.6776
36.3999,0.279493,2.56933,-0.8122,0,0,0,77.5186,1.52241,-64.4952
36.4249,0.232163,2.12202,-0.818012,0,0,0,75.814,6.8089,-66.1646
36.4499,0.189674,1.55637,-0.83674,0,0,0,73.95,11.0531,-67.69
36.4749,0.154594,0.904845,-0.86375,0,0,0,72.1235,14.1107,-69.0832
36.4999,0.130895,0.204725,-0.893058,0,0,0,70.4964,15.9188,-70.3614
36.5249,0.122697,-0.503957,-0.918852,0,0,0,69.164,16.4841,-71.5451
36.5499,0.132692,-1.18064,-0.937103,0,0,0,68.1423,15.8713,-72.655
36.5749,0.161149,-1.78654,-0.946384,0,0,0,67.3727,14.1966,-73.71
36.5999,0.205971,-2.2869,-0.947431,0,0,0,66.742,11.6253,-74.7249
36.6249,0.263471,-2.65302,-0.941765,0,0,0,66.1141,8.37098,-75.71
36.6499,0.329154,-2.86393,-0.930142,0,0,0,65.3657,4.68954,-76.67
36.6749,0.398062,-2.90769,-0.911409,0,0,0,64.4175,0.865441,-77.6051
36.6999,0.464716,-2.7821,-0.882001,0,0,0,63.254,-2.81002,-78.5117
36.7249,0.523056,-2.49493,-0.836144,0,0,0,61.9258,-6.064,-79.3836
36.7499,0.566892,-2.06346,-0.766863,0,0,0,60.5349,-8.66449,-80.213
36.7749,0.591154,-1.51347,-0.667804,0,0,0,59.2075,-10.4343,-80.9912
36.7999,0.593771,-0.877552,-0.535556,0,0,0,58.0612,-11.2549,-81.7092
36.8249,0.577359,-0.192986,-0.371641,0,0,0,57.1756,-11.0631,-82.3574
36.8499,0.549622,0.500604,-0.183091,0,0,0,56.5723,-9.84424,-82.9258
36.875,0.521812,1.16354,0.0189608,0,0,0,56.2083,-7.62822,-83.4033
36.9,0.505724,1.75813,0.222076,0,0,0,55.9838,-4.48982,-83.7788
36.925,0.510551,2.25058,0.415213,0,0,0,55.7632,-0.551808,-84.0411
36.95,0.540744,2.61262,0.590008,0,0,0,55.406,4.0133,-84.1808
36.975,0.595218,2.8232,0.740256,0,0,0,54.8011,8.98821,-84.191
37,0.667443,2.86989,0.86012,0,0,0,53.8974,14.1254,-84.0686
37.025,0.745956,2.74995,0.94215,0,0,0,52.7222,19.1703,-83.8152
37.05,0.815353,2.47088,0.976213,0,0,0,51.383,23.8869,-83.4365
37.075,0.858398,2.05015,0.950407,0,0,0,50.0513,28.0793,-82.9416
37.1,0.859957,1.51394,0.85456,0,0,0,48.9342,31.6023,-82.3414
37.125,0.812391,0.89487,0.685673,0,0,0,48.239,34.3593,-81.6469
37.15,0.720221,0.229116,0.452841,0,0,0,48.139,36.2911,-80.8681
37.175,0.600857,-0.446391,0.178292,0,0,0,48.7472,37.361,-80.0125
37.2,0.479771,-1.09597,-0.107164,0,0,0,50.0981,37.5456,-79.0853
37.225,0.382055,-1.68628,-0.372272,0,0,0,52.1421,36.8347,-78.09
37.25,0.324731,-2.18708,-0.592602,0,0,0,54.7519,35.2423,-77.0285
37.275,0.313168,-2.5723,-0.753524,0,0,0,57.7409,32.8249,-75.9028
37.3,0.341876,-2.8217,-0.848684,0,0,0,60.893,29.6994,-74.7151
37.325,0.397729,-2.9226,-0.876165,0,0,0,63.9983,26.0538,-73.4683
37.35,0.463591,-2.87139,-0.8349,0,0,0,66.8884,22.1433,-72.1653
37.375,0.521476,-2.67408,-0.722929,0,0,0,69.4603,18.272,-70.8088
37.4,0.555421,-2.34584,-0.538011,0,0,0,71.6845,14.7644,-69.3992
37.425,0.554482,-1.90953,-0.280229,0,0,0,73.5929,11.9336,-67.9341
37.45,0.515666,-1.39338,0.0445285,0,0,0,75.2509,10.0537,-66.4077
37.475,0.445795,-0.828577,0.421901,0,0,0,76.7223,9.33927,-64.8104
37.5,0.3609,-0.247266,0.828916,0,0,0,78.0365,9.93204,-63.1305
37.525,0.282517,0.318579,1.23708,0,0,0,79.1675,11.8914,-61.3552
37.55,0.231804,0.837717,1.61763,0,0,0,80.0307,15.1864,-59.4737
37.575,0.223677,1.28027,1.94662,0,0,0,80.5001,19.6904,-57.479
37.6,0.263125,1.6191,2.2075,0,0,0,80.4426,25.1813,-55.3705
37.625,0.344556,1.83197,2.39052,0,0,0,79.7616,31.3539,-53.1543
37.65,0.453629,1.90419,2.48996,0,0,0,78.4394,37.8452,-50.8434
37.675,0.570459,1.83077,2.50111,0,0,0,76.5637,44.274,-48.4557
37.7,0.673443,1.61754,2.41889,0,0,0,74.3324,50.2822,-46.011
37.725,0.743477,1.28074,2.23908,0,0,0,72.0321,55.571,-43.5274
37.75,0.76834,0.844984,1.96162,0,0,0,69.9963,59.9188,-41.0189
37.775,0.746307,0.340103,1.59453,0,0,0,68.5539,63.1803,-38.4928
37.8,0.687507,-0.202272,1.15617,0,0,0,67.9794,65.2686,-35.95
37.825,0.611853,-0.751292,0.674173,0,0,0,68.4513,66.1322,-33.386
37.85,0.543815,-1.27811,0.181084,0,0,0,70.0267,65.7364,-30.7941
37.875,0.505855,-1.75599,-0.291287,0,0,0,72.631,64.061,-28.1679
37.9,0.51283,-2.16026,-0.716401,0,0,0,76.0664,61.1133,-25.5054
37.925,0.568826,-2.46902,-1.07466,0,0,0,80.0383,56.9554,-22.8111
37.95,0.666564,-2.66482,-1.3521,0,0,0,84.1984,51.7329,-20.0969
37.975,0.788602,-2.73702,-1.53729,0,0,0,88.1991,45.6934,-17.3818
38,0.909586,-2.68403,-1.61828,0,0,0,91.7492,39.1852,-14.6889
38.025,0.999427,-2.51433,-1.58142,0,0,0,94.6566,32.6317,-12.0425
38.05,1.02784,-2.24571,-1.41317,0,0,0,96.8476,26.4889,-9.46344
38.075,0.970467,-1.90228,-1.10514,0,0,0,98.3566,21.1955,-6.96686
38.1,0.815758,-1.50988,-0.660816,0,0,0,99.2909,17.1287,-4.55978
38.125,0.570298,-1.09124,-0.101243,0,0,0,99.7809,14.5733,-2.24131
38.15,0.260131,-0.663148,0.533444,0,0,0,99.9305,13.7046,-0.00409269
38.175,-0.0732886,-0.236949,1.18805,0,0,0,99.7816,14.582,2.16314
38.2,-0.381855,0.177814,1.80122,0,0,0,99.301,17.1476,4.27258
38.225,-0.621904,0.568669,2.31677,0,0,0,98.3931,21.228,6.33458
38.25,-0.764286,0.917297,2.69362,0,0,0,96.9361,26.5416,8.3557
38.275,-0.800015,1.20026,2.91132,0,0,0,94.8306,32.715,10.3378
38.3,-0.739619,1.39317,2.96904,0,0,0,92.0494,39.3143,12.2785
38.325,-0.607089,1.47628,2.87963,0,0,0,88.6731,45.8879,14.1718
38.35,-0.431534,1.43907,2.66217,0,0,0,84.8998,52.0158,16.0107
38.375,-0.2397,1.28259,2.33629,0,0,0,81.0268,57.3507,17.7881
38.4,-0.0510114,1.01913,1.92001,0,0,0,77.4082,61.6422,19.498
38.425,0.124692,0.670347,1.43016,0,0,0,74.3997,64.7377,21.1362
38.45,0.287147,0.264354,0.884082,0,0,0,72.3042,66.5632,22.6991
38.475,0.443823,-0.166978,0.30075,0,0,0,71.3279,67.0945,24.1825
38.5,0.60658,-0.590387,-0.299068,0,0,0,71.5522,66.3316,25.5803
38.5251,0.787373,-0.973133,-0.893551,0,0,0,72.9241,64.2861,26.8825
38.5501,0.993706,-1.28489,-1.46043,0,0,0,75.2638,60.9874,28.075
38.5751,1.22457,-1.50006,-1.9766,0,0,0,78.29,56.5045,29.1397
38.6001,1.46754,-1.6008,-2.41653,0,0,0,81.6614,50.9733,30.0565
38.6251,1.69788,-1.58032,-2.75051,0,0,0,85.0288,44.6184,30.8051
38.6501,1.88069,-1.44554,-2.94485,0,0,0,88.0906,37.7571,31.3683
38.6751,1.97731,-1.21765,-2.96609,0,0,0,90.6381,30.782,31.7347
38.7001,1.95546,-0.928817,-2.78958,0,0,0,92.5803,24.1238,31.9003
38.7251,1.79996,-0.615224,-2.40947,0,0,0,93.9395,18.2065,31.8692
38.7501,1.5189,-0.308124,-1.84493,0,0,0,94.8223,13.4048,31.6526
38.7751,1.14208,-0.0267056,-1.13879,0,0,0,95.3718,10.013,31.2679
38.8001,0.713203,0.22419,-0.349877,0,0,0,95.7172,8.22892,30.7362
38.8251,0.28042,0.450894,0.456697,0,0,0,95.9321,8.14725,30.0812
38.8501,-0.111214,0.664147,1.21774,0,0,0,96.0128,9.75868,29.3273
38.8751,-0.42479,0.871762,1.87792,0,0,0,95.8804,12.9496,28.4995
38.9001,-0.635186,1.07342,2.3941,0,0,0,95.4076,17.5035,27.6225
38.9251,-0.731754,1.25928,2.73858,0,0,0,94.4622,23.1088,26.7203
38.9501,-0.719185,1.41252,2.90007,0,0,0,92.9569,29.3777,25.8153
38.9751,-0.615491,1.5147,2.88194,0,0,0,90.8933,35.8796,24.9268
39.0001,-0.44721,1.55148,2.69809,0,0,0,88.3843,42.1834,24.0693
39.0251,-0.243355,1.51692,2.36832,0,0,0,85.6513,47.9012,23.2505
39.0501,-0.0299895,1.41501,1.91502,0,0,0,82.9931,52.7204,22.4701
39.0751,0.173302,1.25873,1.36201,0,0,0,80.7378,56.4171,21.7183
39.1001,0.354723,1.06727,0.735018,0,0,0,79.1878,58.849,20.9764
39.1251,0.509609,0.862716,0.0625905,0,0,0,78.5696,59.9361,20.2176
39.1501,0.638362,0.666893,-0.623475,0,0,0,78.9979,59.6384,19.4089
39.1751,0.743697,0.498848,-1.28872,0,0,0,80.4564,57.9437,18.5139
39.2001,0.828002,0.373094,-1.89754,0,0,0,82.7987,54.8698,17.4961
39.2251,0.891587,0.298441,-2.41538,0,0,0,85.7686,50.4832,16.3227
39.2501,0.932321,0.277353,-2.81113,0,0,0,89.0389,44.924,14.968
39.2751,0.946753,0.305977,-3.05963,0,0,0,92.2645,38.4264,13.4166
39.3001,0.932227,0.375071,-3.14397,0,0,0,95.1405,31.3245,11.6648
39.3251,0.889133,0.47186,-3.05719,0,0,0,97.4531,24.0341,9.72122
39.3501,0.82234,0.582529,-2.80314,0,0,0,99.109,17.0156,7.60476
39.3751,0.741221,0.694642,-2.39616,0,0,0,100.137,10.7265,5.34229
39.4001,0.658304,0.798753,-1.85972,0,0,0,100.659,5.57488,2.96519
39.4251,0.587067,0.888762,-1.22442,0,0,0,100.843,1.88644,0.506498
39.4501,0.539585,0.961147,-0.525701,0,0,0,100.845,-0.11429,-2.00102
39.4751,0.524543,1.01363,0.198335,0,0,0,100.763,-0.309519,-4.52549
39.5001,0.545842,1.04402,0.90891,0,0,0,100.608,1.31164,-7.03559
39.5251,0.601845,1.04987,1.5683,0,0,0,100.302,4.65354,-9.49972
39.5501,0.685349,1.02918,2.14132,0,0,0,99.6969,9.51421,-11.8854
39.5751,0.784359,0.98187,2.59679,0,0,0,98.6236,15.5896,-14.1598
39.6001,0.883794,0.911514,2.90896,0,0,0,96.9442,22.4888,-16.291
39.6251,0.967959,0.826322,3.05923,0,0,0,94.6041,29.764,-18.2512
39.6501,1.02327,0.738835,3.03788,0,0,0,91.6664,36.9541,-20.0193
39.6751,1.04043,0.664057,2.84546,0,0,0,88.3178,43.6334,-21.5844
39.7001,1.01526,0.616497,2.49325,0,0,0,84.8454,49.4523,-22.9473
39.7251,0.948032,0.607001,2.00245,0,0,0,81.5904,54.1595,-24.1208
39.7501,0.841668,0.640284,1.40228,0,0,0,78.8908,57.6017,-25.1284
39.7751,0.699879,0.71371,0.727213,0,0,0,77.0268,59.7053,-26.0017
39.8001,0.526152,0.817441,0.0142392,0,0,0,76.1781,60.4499,-26.7766
39.8251,0.324101,0.935767,-0.699487,0,0,0,76.3992,59.8462,-27.4899
39.8501,0.0990368,1.0494,-1.37824,0,0,0,77.6137,57.9287,-28.1759
39.8751,-0.13989,1.13857,-1.98843,0,0,0,79.6275,54.7633,-28.8633
39.9001,-0.377905,1.18654,-2.49858,0,0,0,82.1594,50.4676,-29.5733
39.9251,-0.594157,1.18317,-2.87931,0,0,0,84.8867,45.233,-30.3185
39.9501,-0.763342,1.1274,-3.10401,0,0,0,87.4981,39.3364,-31.102
39.9751,-0.859515,1.02784,-3.15121,0,0,0,89.744,33.1343,-31.9186
40.0001,-0.861305,0.900492,-3.0082,0,0,0,91.4724,27.0368,-32.756
40.0251,-0.756739,0.76406,-2.67485,0,0,0,92.6412,21.4675,-33.5962
40.0501,-0.545828,0.633979,-2.16564,0,0,0,93.3023,16.8209,-34.4179
40.0751,-0.240194,0.517362,-1.5091,0,0,0,93.5657,13.4257,-35.1977
40.1001,0.139266,0.410647,-0.745212,0,0,0,93.5512,11.5216,-35.9111
40.1251,0.56477,0.300827,0.0776968,0,0,0,93.3438,11.2477,-36.5333
40.1502,1.00293,0.169957,0.905303,0,0,0,92.9632,12.6394,-37.0401
40.1752,1.41554,0.00186999,1.67944,0,0,0,92.3554,15.6278,-37.4078
40.2002,1.76203,-0.210631,2.34168,0,0,0,91.4086,20.0408,-37.6152
40.2252,2.00538,-0.460364,2.83999,0,0,0,89.9893,25.609,-37.6447
40.2502,2.12096,-0.724549,3.13764,0,0,0,87.9908,31.9799,-37.4841
40.2752,2.10422,-0.969007,3.22063,0,0,0,85.3808,38.7465,-37.1284
40.3002,1.97222,-1.1566,3.09896,0,0,0,82.2341,45.4875,-36.5804
40.3252,1.75748,-1.25648,2.80075,0,0,0,78.7423,51.8127,-35.8504
40.3502,1.49743,-1.25064,2.36263,0,0,0,75.195,57.4013,-34.9545
40.3752,1.22456,-1.13616,1.82156,0,0,0,71.9384,62.0231,-33.9126
40.4002,0.960677,-0.923777,1.21076,0,0,0,69.3227,65.538,-32.7445
40.4252,0.715544,-0.634602,0.559337,0,0,0,67.6496,67.8756,-31.4683
40.4502,0.488796,-0.296447,-0.106427,0,0,0,67.1286,69.0071,-30.0982
40.4752,0.273737,0.0593365,-0.76186,0,0,0,67.8494,68.9199,-28.6436
40.5002,0.0619917,0.400457,-1.38335,0,0,0,69.7688,67.6065,-27.1103
40.5252,-0.151892,0.696051,-1.94822,0,0,0,72.7158,65.0724,-25.5012
40.5502,-0.366658,0.919237,-2.43437,0,0,0,76.4125,61.36,-23.8182
40.5752,-0.572085,1.04995,-2.81954,0,0,0,80.5122,56.5796,-22.0637
40.6002,-0.748917,1.07768,-3.08069,0,0,0,84.65,50.9342,-20.2417
40.6252,-0.871532,1.00326,-3.19481,0,0,0,88.4981,44.7279,-18.3578
40.6502,-0.913474,0.838651,-3.1422,0,0,0,91.8127,38.3503,-16.4185
40.6752,-0.854978,0.603977,-2.91228,0,0,0,94.4618,32.2402,-14.4297
40.7002,-0.690181,0.322304,-2.50983,0,0,0,96.425,26.8383,-12.3948
40.7252,-0.431126,0.0137491,-1.95872,0,0,0,97.7665,22.5408,-10.3136
40.7502,-0.106797,-0.308545,-1.30106,0,0,0,98.5901,19.6622,-8.18148
40.7752,0.242332,-0.638754,-0.591825,0,0,0,98.9898,18.4129,-5.99024
40.8002,0.572154,-0.974972,0.109166,0,0,0,99.0105,18.8877,-3.72936
40.8252,0.843099,-1.31381,0.745826,0,0,0,98.6285,21.0611,-1.38871
40.8502,1.02714,-1.64571,1.27325,0,0,0,97.7575,24.7881,1.03857
40.8752,1.11237,-1.9531,1.66256,0,0,0,96.2793,29.8089,3.55347
40.9002,1.10407,-2.21237,1.90185,0,0,0,94.09,35.765,6.14943
40.9252,1.02193,-2.39844,1.99317,0,0,0,91.1499,42.2282,8.81205
40.9502,0.894637,-2.49016,1.94711,0,0,0,87.5231,48.7437,11.5206
40.9752,0.753682,-2.47448,1.77735,0,0,0,83.3925,54.8807,14.2511
41.0002,0.627949,-2.34827,1.49751,0,0,0,79.0466,60.2777,16.9799
41.0252,0.539616,-2.1179,1.12092,0,0,0,74.84,64.6722,19.6876
41.0502,0.501282,-1.79709,0.662698,0,0,0,71.14,67.9063,22.3617
41.0752,0.514264,-1.40419,0.142664,0,0,0,68.2701,69.9101,24.998
41.1002,0.568487,-0.959996,-0.412708,0,0,0,66.4637,70.6718,27.5992
41.1252,0.64457,-0.486666,-0.970719,0,0,0,65.8337,70.208,30.1735
41.1502,0.718295,-0.00788158,-1.49564,0,0,0,66.3594,68.5449,32.7306
41.1752,0.766677,0.450592,-1.9538,0,0,0,67.891,65.7172,35.2783
41.2002,0.773916,0.86105,-2.31867,0,0,0,70.1706,61.7847,37.8195
41.2252,0.735247,1.19549,-2.57382,0,0,0,72.868,56.8579,40.3504
41.2502,0.65753,1.42867,-2.71274,0,0,0,75.6291,51.1214,42.8596
41.2752,0.556781,1.54159,-2.73625,0,0,0,78.1288,44.8438,45.3301
41.3002,0.45383,1.5243,-2.6492,0,0,0,80.1176,38.3667,47.7417
41.3252,0.369416,1.37713,-2.45845,0,0,0,81.4525,32.0737,50.0746
41.3502,0.319617,1.11011,-2.17298,0,0,0,82.1018,26.3482,52.3125
41.3752,0.312185,0.741085,-1.80574,0,0,0,82.1254,21.5305,54.4453
41.4002,0.344487,0.29314,-1.37581,0,0,0,81.6365,17.8843,56.4698
41.4252,0.403851,-0.207594,-0.90889,0,0,0,80.7572,15.5777,58.3895
41.4502,0.470702,-0.733285,-0.435355,0,0,0,79.5799,14.6773,60.2124
41.4752,0.523826,-1.25488,0.0140824,0,0,0,78.1442,15.1505,61.9493
41.5002,0.546102,-1.74235,0.41322,0,0,0,76.4351,16.8725,63.611
41.5252,0.528749,-2.16558,0.743696,0,0,0,74.4003,19.6359,65.2063
41.5502,0.472963,-2.49619,0.995495,0,0,0,71.9815,23.1653,66.7411
41.5752,0.389092,-2.71013,1.16481,0,0,0,69.1508,27.1382,68.2177
41.6002,0.294361,-2.79033,1.25057,0,0,0,65.9417,31.2153,69.6358
41.6252,0.210065,-2.72867,1.25149,0,0,0,62.4643,35.0737,70.9931
41.6502,0.158486,-2.5268,1.16491,0,0,0,58.9008,38.4401,72.287
41.6752,0.159081,-2.19552,0.988544,0,0,0,55.4818,41.1117,73.5151
41.7002,0.223629,-1.75296,0.724757,0,0,0,52.451,42.9625,74.6761
41.7252,0.351058,-1.2222,0.386163,0,0,0,50.0271,43.9334,75.7693
41.7502,0.524355,-0.629105,-0.000627687,0,0,0,48.3702,44.0119,76.7943
41.7752,0.712507,-0.00135381,-0.396344,0,0,0,47.5608,43.2101,77.7494
41.8003,0.878658,0.631261,-0.756803,0,0,0,47.5892,41.549,78.631
41.8253,0.991734,1.23632,-1.04425,0,0,0,48.359,39.0555,79.4326
41.8503,1.03588,1.77941,-1.23657,0,0,0,49.7006,35.7708,80.1452
41.8753,1.0132,2.22665,-1.32965,0,0,0,51.3961,31.7671,80.7573
41.9003,0.939643,2.54827,-1.33299,0,0,0,53.2119,27.1639,81.2568
41.9253,0.837728,2.72216,-1.26212,0,0,0,54.9357,22.1368,81.6326
41.9503,0.729997,2.73609,-1.13234,0,0,0,56.4103,16.9128,81.8761
41.9753,0.634922,2.58862,-0.955608,0,0,0,57.5563,11.7527,81.9832
42.0003,0.564969,2.28866,-0.740683,0,0,0,58.3786,6.92398,81.9543
42.0253,0.525763,1.85435,-0.495185,0,0,0,58.9535,2.67423,81.7946
42.0503,0.515816,1.31134,-0.228128,0,0,0,59.4018,-0.790147,81.5127
42.0753,0.527029,0.691102,0.0484775,0,0,0,59.854,-3.31514,81.12
42.1003,0.546509,0.0291843,0.319929,0,0,0,60.4164,-4.80195,80.6287
42.1253,0.559812,-0.63639,0.571129,0,0,0,61.1465,-5.2058,80.0514
42.1503,0.554729,-1.26685,0.789824,0,0,0,62.0409,-4.5352,79.4005
42.1753,0.524217,-1.82466,0.96909,0,0,0,63.0389,-2.85402,78.6876
42.2003,0.467396,-2.27584,1.10782,0,0,0,64.0405,-0.28537,77.9242
42.2253,0.388739,-2.59226,1.20917,0,0,0,64.9353,2.98714,77.1208
42.2503,0.296367,-2.75371,1.27784,0,0,0,65.6351,6.725,76.2874
42.2753,0.200492,-2.74938,1.3175,0,0,0,66.1027,10.6501,75.4318
42.3003,0.112373,-2.57863,1.32904,0,0,0,66.3682,14.4677,74.5591
42.3253,0.0434674,-2.25101,1.31036,0,0,0,66.5279,17.8923,73.6703
42.3503,0.00405288,-1.78555,1.25783,0,0,0,66.7257,20.6694,72.7614
42.3753,0.000886681,-1.20939,1.16932,0,0,0,67.1218,22.5881,71.8226
42.4003,0.0344455,-0.555829,1.04779,0,0,0,67.8563,23.485,70.8388
42.4253,0.0974355,0.137896,0.903517,0,0,0,69.0157,23.2421,69.79
42.4503,0.176314,0.83281,0.753078,0,0,0,70.6091,21.7854,68.6536
42.4753,0.255809,1.49019,0.615127,0,0,0,72.5594,19.0893,67.4064
42.5003,0.324142,2.07336,0.505255,0,0,0,74.7114,15.1873,66.0274
42.5253,0.376163,2.54945,0.432801,0,0,0,76.858,10.1873,64.5002
42.5503,0.413319,2.89117,0.400661,0,0,0,78.7801,4.28208,62.816
42.5753,0.44139,3.07844,0.407111,0,0,0,80.2941,-2.25094,60.9743
42.6003,0.467602,3.09964,0.447903,0,0,0,81.2946,-9.06711,58.9827
42.6253,0.498145,2.9524,0.517475,0,0,0,81.7831,-15.7865,56.8562
42.6503,0.536378,2.6438,0.609066,0,0,0,81.8709,-22.0331,54.6138
42.6753,0.581716,2.19001,0.714167,0,0,0,81.7582,-27.4709,52.2757
42.7003,0.629358,1.61549,0.822133,0,0,0,81.6919,-31.8268,49.8612
42.7253,0.67121,0.951842,0.920782,0,0,0,81.9147,-34.898,47.386
42.7503,0.698179,0.236146,0.998397,0,0,0,82.6147,-36.5481,44.8629
42.7753,0.703235,-0.491025,1.04658,0,0,0,83.8884,-36.6986,42.3023
42.8003,0.683892,-1.18806,1.06262,0,0,0,85.7199,-35.3253,39.7146
42.8253,0.642814,-1.81497,1.04996,0,0,0,87.9825,-32.4649,37.1121
42.8503,0.58634,-2.33596,1.01667,0,0,0,90.4619,-28.2293,34.5109
42.8753,0.521955,-2.72162,0.972662,0,0,0,92.8977,-22.8207,31.9315
42.9003,0.456055,-2.95059,0.927343,0,0,0,95.0373,-16.5378,29.398
42.9253,0.392815,-3.01062,0.888106,0,0,0,96.6893,-9.76517,26.9353
42.9503,0.33419,-2.89916,0.859861,0,0,0,97.7644,-2.94326,24.5665
42.9753,0.280693,-2.62331,0.845055,0,0,0,98.2908,3.47391,22.3086
43.0003,0.232511,-2.19939,0.843795,0,0,0,98.4014,9.06357,20.1704
43.0253,0.190559,-1.65199,0.853953,0,0,0,98.2952,13.4697,18.1512
43.0503,0.157069,-1.0126,0.871462,0,0,0,98.1843,16.4231,16.2409
43.0753,0.135369,-0.317873,0.891112,0,0,0,98.24,17.7471,14.4221
43.1003,0.12884,0.392419,0.907915,0,0,0,98.5503,17.3545,12.6729
43.1253,0.139588,1.0776,0.918518,0,0,0,99.0987,15.2455,10.9708
43.1503,0.167604,1.69839,0.921911,0,0,0,99.7672,11.5094,9.29515
43.1753,0.210849,2.21921,0.918997,0,0,0,100.364,6.33009,7.6305
43.2003,0.265958,2.61017,0.911338,0,0,0,100.671,-0.010184,5.96787
43.2253,0.328939,2.8489,0.899726,0,0,0,100.499,-7.13884,4.30536
43.2503,0.395424,2.92179,0.883113,0,0,0,99.7428,-14.6168,2.64743
43.2753,0.460532,2.82491,0.858108,0,0,0,98.4152,-21.978,1.00348
43.3003,0.518696,2.56425,0.819094,0,0,0,96.6536,-28.7763,-0.614102
43.3253,0.563941,2.15544,0.759053,0,0,0,94.6977,-34.6269,-2.19164
43.3503,0.590967,1.62284,0.671194,0,0,0,92.842,-39.2324,-3.71536
43.3753,0.596945,0.997952,0.551183,0,0,0,91.3783,-42.389,-5.17174
43.4003,0.583352,0.317433,0.399255,0,0,0,90.5391,-43.9764,-6.54704
43.4254,0.556732,-0.379277,0.22114,0,0,0,90.4548,-43.9411,-7.82648
43.4504,0.527585,-1.05226,0.0270652,0,0,0,91.1306,-42.2845,-8.99331
43.4754,0.507626,-1.66324,-0.170831,0,0,0,92.4462,-39.0622,-10.0284
43.5004,0.5066,-2.17752,-0.361304,0,0,0,94.1783,-34.3949,-10.9109
43.5254,0.529938,-2.56569,-0.535624,0,0,0,96.0425,-28.4843,-11.6195
43.5504,0.577729,-2.80529,-0.687397,0,0,0,97.7491,-21.6238,-12.1347
43.5754,0.644689,-2.88222,-0.811006,0,0,0,99.0615,-14.193,-12.4415
43.6004,0.720602,-2.79194,-0.899617,0,0,0,99.8427,-6.63376,-12.5319
43.6254,0.791156,-2.54005,-0.943876,0,0,0,100.08,0.590193,-12.4057
43.6504,0.839717,-2.14221,-0.932347,0,0,0,99.8804,7.0389,-12.0708
43.6754,0.850785,-1.62308,-0.854411,0,0,0,99.434,12.3351,-11.5418
43.7004,0.81506,-1.01428,-0.705309,0,0,0,98.9645,16.188,-10.8383
43.7254,0.734344,-0.351639,-0.491277,0,0,0,98.6705,18.4009,-9.98216
43.7504,0.623219,0.32765,-0.231514,0,0,0,98.6777,18.8679,-8.99623
43.7754,0.505374,0.987252,0.0451998,0,0,0,99.0086,17.5688,-7.9028
43.8004,0.405806,1.593,0.308018,0,0,0,99.5768,14.5675,-6.72344
43.8254,0.34289,2.11376,0.531553,0,0,0,100.207,10.0174,-5.47905
43.8504,0.32402,2.52246,0.699667,0,0,0,100.677,4.16648,-4.19015
43.8754,0.345651,2.79761,0.804701,0,0,0,100.77,-2.64386,-2.87668
43.9004,0.396122,2.92512,0.843992,0,0,0,100.335,-9.99587,-1.55735
43.9254,0.459176,2.89973,0.816207,0,0,0,99.3263,-17.4287,-0.248122
43.9504,0.517128,2.72579,0.719291,0,0,0,97.8246,-24.4829,1.0396
43.9754,0.553712,2.417,0.550682,0,0,0,96.0236,-30.7458,2.30089
44.0004,0.557046,1.99501,0.309626,0,0,0,94.1919,-35.8834,3.53882
44.0254,0.522653,1.48735,0.000597676,0,0,0,92.6176,-39.6554,4.76498
44.0504,0.455651,0.924937,-0.363757,0,0,0,91.5505,-41.9106,5.99912
44.0754,0.370678,0.340032,-0.761966,0,0,0,91.1531,-42.5734,7.26752
44.1004,0.288713,-0.235099,-1.16631,0,0,0,91.4709,-41.6293,8.60049
44.1254,0.231413,-0.768804,-1.5479,0,0,0,92.4234,-39.1211,10.0291
44.1504,0.215063,-1.23064,-1.88198,0,0,0,93.8195,-35.155,11.5815
44.1754,0.246426,-1.59262,-2.15106,0,0,0,95.3929,-29.9146,13.2793
44.2004,0.321619,-1.83127,-2.34478,0,0,0,96.854,-23.6727,15.1352
44.2254,0.427629,-1.93026,-2.45728,0,0,0,97.9473,-16.7895,17.1505
44.2504,0.545344,-1.88265,-2.48408,0,0,0,98.5021,-9.69338,19.3158
44.2754,0.653237,-1.69227,-2.42026,0,0,0,98.4634,-2.84364,21.6122
44.3004,0.731458,-1.37359,-2.26114,0,0,0,97.8947,3.31532,24.0145
44.3254,0.766164,-0.949961,-2.00534,0,0,0,96.9517,8.39614,26.494
44.3504,0.753382,-0.450688,-1.65879,0,0,0,95.8349,12.0975,29.0219
44.3754,0.700941,0.0924505,-1.23754,0,0,0,94.7349,14.2165,31.5712
44.4004,0.627118,0.648004,-0.76735,0,0,0,93.7827,14.6478,34.1169
44.4254,0.555935,1.18637,-0.279986,0,0,0,93.0176,13.3772,36.6357
44.4504,0.510668,1.68009,0.192471,0,0,0,92.3782,10.4771,39.1046
44.4754,0.507901,2.10384,0.622528,0,0,0,91.7181,6.10571,41.4994
44.5004,0.553863,2.4349,0.989548,0,0,0,90.843,0.507454,43.7946
44.5254,0.643407,2.65469,1.27893,0,0,0,89.5617,-5.99183,45.9636
44.5504,0.760955,2.7511,1.47919,0,0,0,87.7389,-13.0027,47.9811
44.5754,0.88257,2.72067,1.57878,0,0,0,85.3379,-20.1044,49.8256
44.6004,0.978904,2.56996,1.56438,0,0,0,82.4401,-26.8873,51.4827
44.6254,1.01941,2.31517,1.42211,0,0,0,79.2369,-32.9948,52.9474
44.6504,0.9782,1.9795,1.14202,0,0,0,75.9965,-38.1544,54.225
44.6754,0.840931,1.58891,0.724789,0,0,0,73.0154,-42.1882,55.331
44.7004,0.610741,1.16717,0.187871,0,0,0,70.5655,-45.0058,56.2893
44.7254,0.310511,0.732566,-0.431927,0,0,0,68.8506,-46.5825,57.129
44.7504,-0.0202384,0.297768,-1.0815,0,0,0,67.9767,-46.9377,57.8817
44.7754,-0.333569,-0.127041,-1.69981,0,0,0,67.9393,-46.119,58.5783
44.8004,-0.584269,-0.529491,-2.22916,0,0,0,68.6293,-44.2002,59.2458
44.8254,-0.74049,-0.891736,-2.62585,0,0,0,69.8536,-41.2906,59.906
44.8504,-0.790279,-1.19063,-2.8665,0,0,0,71.3693,-37.5495,60.5733
44.8754,-0.741786,-1.40145,-2.94788,0,0,0,72.9253,-33.1978,61.2547
44.9004,-0.617722,-1.50342,-2.88142,0,0,0,74.3049,-28.5172,61.95
44.9254,-0.447068,-1.48453,-2.6856,0,0,0,75.3595,-23.8344,62.6524
44.9504,-0.257339,-1.34412,-2.37991,0,0,0,76.0239,-19.4935,63.3501
44.9754,-0.0692657,-1.09302,-1.98217,0,0,0,76.3117,-15.8222,64.0279
45.0004,0.105816,-0.751718,-1.50885,0,0,0,76.2905,-13.1018,64.6684
45.0254,0.266286,-0.347637,-0.976682,0,0,0,76.0461,-11.5457,65.2527
45.0504,0.418696,0.0876755,-0.404039,0,0,0,75.6457,-11.2877,65.7616
45.0755,0.574675,0.520956,0.188769,0,0,0,75.1101,-12.3785,66.176
45.1005,0.746771,0.919166,0.780204,0,0,0,74.4024,-14.7841,66.4771
45.1255,0.943903,1.25132,1.34829,0,0,0,73.4356,-18.3868,66.6477
45.1505,1.16718,1.49065,1.87048,0,0,0,72.0989,-22.9882,66.673
45.1755,1.40677,1.61748,2.32229,0,0,0,70.2953,-28.3194,66.5426
45.2005,1.64048,1.62245,2.6754,0,0,0,67.9818,-34.0609,66.2513
45.2255,1.83519,1.50948,2.8971,0,0,0,65.2009,-39.8741,65.8003
45.2505,1.95226,1.29681,2.95352,0,0,0,62.0945,-45.438,65.1973
45.2755,1.95696,1.01467,2.81729,0,0,0,58.8944,-50.4837,64.4546
45.3005,1.82956,0.699005,2.4778,0,0,0,55.8935,-54.8156,63.5883
45.3255,1.57294,0.38277,1.94866,0,0,0,53.4035,-58.3143,62.6145
45.3505,1.2129,0.0881271,1.26823,0,0,0,51.711,-60.9221,61.5482
45.3755,0.791398,-0.176954,0.493068,0,0,0,51.0385,-62.6172,60.4006
45.4005,0.35694,-0.416534,-0.311826,0,0,0,51.5162,-63.3879,59.1788
45.4255,-0.0437104,-0.640428,-1.08193,0,0,0,53.1659,-63.2167,57.8858
45.4505,-0.371348,-0.856764,-1.7598,0,0,0,55.8963,-62.0806,56.5215
45.4755,-0.598398,-1.06627,-2.29992,0,0,0,59.5123,-59.9692,55.0839
45.5005,-0.711849,-1.26023,-2.67208,0,0,0,63.7372,-56.9131,53.5715
45.5255,-0.714382,-1.42247,-2.86276,0,0,0,68.2494,-53.0149,51.9835
45.5505,-0.622627,-1.5344,-2.87356,0,0,0,72.7266,-48.4683,50.3212
45.5755,-0.462556,-1.58086,-2.71717,0,0,0,76.8926,-43.56,48.5874
45.6005,-0.263401,-1.55465,-2.41258,0,0,0,80.5516,-38.6487,46.7856
45.6255,-0.0520284,-1.45848,-1.98157,0,0,0,83.6032,-34.1283,44.9185
45.6505,0.15091,-1.30431,-1.44728,0,0,0,86.0329,-30.3846,42.9868
45.6755,0.3326,-1.11079,-0.834593,0,0,0,87.8814,-27.754,40.9881
45.7005,0.487679,-0.899966,-0.17118,0,0,0,89.2045,-26.4926,38.9171
45.7255,0.616342,-0.694073,0.511966,0,0,0,90.0343,-26.7556,36.7664
45.7505,0.721619,-0.512949,1.18093,0,0,0,90.3547,-28.5854,34.5286
45.7755,0.806593,-0.372224,1.80031,0,0,0,90.0983,-31.9064,32.1986
45.8005,0.872368,-0.282088,2.33527,0,0,0,89.1665,-36.5257,29.7762
45.8255,0.917358,-0.246555,2.75397,0,0,0,87.4683,-42.1445,27.2677
45.8505,0.938102,-0.263309,3.03002,0,0,0,84.9663,-48.3828,24.6866
45.8755,0.931249,-0.324356,3.14478,0,0,0,81.7178,-54.819,22.0523
45.9005,0.895926,-0.417631,3.08925,0,0,0,77.8961,-61.0382,19.3879
45.9255,0.83551,-0.529351,2.86511,0,0,0,73.7855,-66.6802,16.716
45.9505,0.758081,-0.646496,2.48472,0,0,0,69.7491,-71.4734,14.0554
45.9755,0.675414,-0.758661,1.96997,0,0,0,66.1796,-75.2456,11.4177
46.0005,0.600946,-0.858739,1.35037,0,0,0,63.4437,-77.9123,8.80602
46.0255,0.54738,-0.942395,0.660739,0,0,0,61.8319,-79.4469,6.21485
46.0505,0.524542,-1.00682,-0.0610658,0,0,0,61.522,-79.8474,3.63238
46.0755,0.537762,-1.04948,-0.776231,0,0,0,62.5584,-79.1122,1.04366
46.1005,0.586906,-1.06759,-1.44679,0,0,0,64.8462,-77.234,-1.56548
46.1255,0.666105,-1.05856,-2.03713,0,0,0,68.1621,-74.2142,-4.20459
46.1505,0.764292,-1.02143,-2.51542,0,0,0,72.1812,-70.0928,-6.87577
46.1755,0.866688,-0.958611,-2.85491,0,0,0,76.5187,-64.983,-9.57229
46.2005,0.95716,-0.877149,-3.03559,0,0,0,80.7838,-59.0955,-12.2791
46.2255,1.02101,-0.788762,-3.04587,0,0,0,84.6353,-52.7425,-14.9748
46.2505,1.04742,-0.708282,-2.88412,0,0,0,87.8262,-46.3171,-17.6358
46.2755,1.03077,-0.650818,-2.55945,0,0,0,90.2265,-40.2521,-20.2393
46.3005,0.970291,-0.628485,-2.09119,0,0,0,91.818,-34.9697,-22.7676
46.3255,0.868519,-0.647646,-1.50718,0,0,0,92.6638,-30.8339,-25.2095
46.3505,0.729356,-0.707374,-0.84121,0,0,0,92.8625,-28.1159,-27.5612
46.3755,0.556786,-0.799322,-0.130126,0,0,0,92.503,-26.9733,-29.8248
46.4005,0.354886,-0.908879,0.588592,0,0,0,91.6307,-27.4428,-32.0067
46.4255,0.129136,-1.01737,1.27859,0,0,0,90.2363,-29.4404,-34.1145
46.4505,-0.111549,-1.10509,1.9055,0,0,0,88.2684,-32.769,-36.1548
46.4755,-0.352969,-1.15486,2.43705,0,0,0,85.6654,-37.1323,-38.1316
46.5005,-0.57497,-1.1556,2.84304,0,0,0,82.3985,-42.1602,-40.0457
46.5255,-0.752769,-1.10507,3.09601,0,0,0,78.5117,-47.4444,-41.8951
46.5505,-0.860504,-1.01076,3.17339,0,0,0,74.1462,-52.5836,-43.6759
46.5755,-0.876288,-0.887951,3.06102,0,0,0,69.5412,-57.2279,-45.3843
46.6005,-0.78712,-0.755348,2.75702,0,0,0,65.0095,-61.1116,-47.0175
46.6255,-0.591681,-0.629123,2.27395,0,0,0,60.8957,-64.0675,-48.5746
46.6505,-0.30017,-0.517642,1.63851,0,0,0,57.5269,-66.0172,-50.0565
46.6755,0.0679801,-0.418671,0.88892,0,0,0,55.1677,-66.9459,-51.4651
46.7006,0.486607,-0.320055,0.0718951,0,0,0,53.9873,-66.8696,-52.8013
46.7256,0.924141,-0.20374,-0.759816,0,0,0,54.0401,-65.8082,-54.064
46.7506,1.34409,-0.0521512,-1.54927,0,0,0,55.262,-63.7744,-55.2482
46.7756,1.70669,0.144588,-2.23821,0,0,0,57.4786,-60.7796,-56.3445
46.8006,1.97383,0.382734,-2.77289,0,0,0,60.4268,-56.8561,-57.3391
46.8256,2.11747,0.642686,-3.11262,0,0,0,63.7891,-52.0862,-58.2152
46.8506,2.12808,0.892057,-3.238,0,0,0,67.2375,-46.6258,-58.9552
46.8756,2.01797,1.09346,-3.15395,0,0,0,70.4803,-40.7136,-59.5432
46.9006,1.81682,1.21393,-2.8854,0,0,0,73.3027,-34.6605,-59.9674
46.9256,1.56173,1.23234,-2.46808,0,0,0,75.591,-28.8203,-60.2224
46.9506,1.28686,1.14255,-1.93967,0,0,0,77.3323,-23.5509,-60.3093
46.9756,1.01656,0.952662,-1.33473,0,0,0,78.5933,-19.1761,-60.236
47.0006,0.763219,0.681949,-0.683534,0,0,0,79.4812,-15.9559,-60.0156
47.0256,0.528513,0.357131,-0.0131824,0,0,0,80.1018,-14.0688,-59.6653
47.0506,0.307009,0.00904607,0.651117,0,0,0,80.5236,-13.6043,-59.2044
47.0756,0.0907053,-0.330097,1.28531,0,0,0,80.7577,-14.5601,-58.6538
47.1006,-0.126279,-0.629155,1.86626,0,0,0,80.7584,-16.8425,-58.0345
47.1256,-0.343722,-0.860587,2.37144,0,0,0,80.4432,-20.2692,-57.3675
47.1506,-0.552747,-1.00327,2.77822,0,0,0,79.728,-24.5769,-56.6729
47.1756,-0.735388,-1.04529,3.06326,0,0,0,78.5667,-29.4399,-55.9693
47.2006,-0.866853,-0.985922,3.20316,0,0,0,76.9855,-34.4978,-55.2722
47.2256,-0.920693,-0.8357,3.1774,0,0,0,75.1005,-39.3912,-54.5926
47.2506,-0.87611,-0.613857,2.97384,0,0,0,73.1122,-43.7966,-53.9355
47.2756,-0.725281,-0.343286,2.59499,0,0,0,71.2802,-47.4509,-53.2986
47.3006,-0.477808,-0.044598,2.06205,0,0,0,69.8817,-50.1603,-52.6715
47.3256,-0.160365,0.268308,1.4147,0,0,0,69.1654,-51.7938,-52.036
47.3506,0.188187,0.589157,0.706239,0,0,0,69.3108,-52.2659,-51.3668
47.3756,0.524254,0.916364,-0.00399742,0,0,0,70.3973,-51.5209,-50.6335
47.4006,0.807476,1.24775,-0.658979,0,0,0,72.389,-49.5252,-49.8026
47.4256,1.00777,1.57553,-1.21153,0,0,0,75.1361,-46.2744,-48.841
47.4506,1.11032,1.88384,-1.62962,0,0,0,78.394,-41.8133,-47.7192
47.4756,1.11733,2.15005,-1.89814,0,0,0,81.8595,-36.2604,-46.4144
47.5006,1.04609,2.34902,-2.01667,0,0,0,85.2204,-29.8276,-44.9131
47.5256,0.923972,2.4585,-1.99441,0,0,0,88.2091,-22.8236,-43.2129
47.5506,0.782351,2.46369,-1.84471,0,0,0,90.6496,-15.6357,-41.3221
47.5756,0.650959,2.35955,-1.58136,0,0,0,92.4835,-8.69398,-39.2583
47.6006,0.55352,2.15071,-1.21778,0,0,0,93.7694,-2.42623,-37.0458
47.6256,0.504634,1.84961,-0.768794,0,0,0,94.6539,2.78419,-34.7123
47.6506,0.50784,1.47375,-0.253404,0,0,0,95.3239,6.62785,-32.2865
47.6756,0.555173,1.04333,0.302961,0,0,0,95.9525,8.88419,-29.796
47.7006,0.62881,0.579971,0.86839,0,0,0,96.6509,9.42561,-27.2674
47.7256,0.705093,0.106643,1.40717,0,0,0,97.4394,8.21757,-24.7267
47.7506,0.760366,-0.351686,1.8846,0,0,0,98.2417,5.32047,-22.2008
47.7756,0.777072,-0.767957,2.27223,0,0,0,98.9041,0.894051,-19.7178
47.8006,0.748122,-1.11432,2.55132,0,0,0,99.2371,-4.80035,-17.3079
47.8256,0.678165,-1.36496,2.71335,0,0,0,99.0692,-11.407,-15.0012
47.8506,0.581663,-1.49957,2.75783,0,0,0,98.2997,-18.4983,-12.826
47.8756,0.478805,-1.5064,2.68902,0,0,0,96.9378,-25.6127,-10.805
47.9006,0.390604,-1.38381,2.51364,0,0,0,95.1149,-32.3013,-8.95255
47.9256,0.334186,-1.14004,2.2405,0,0,0,93.067,-38.1708,-7.27195
47.9506,0.318905,-0.791484,1.8821,0,0,0,91.0929,-42.9118,-5.75514
47.9756,0.343963,-0.360219,1.45669,0,0,0,89.4976,-46.3077,-4.38337
48.0006,0.398325,0.128314,0.989188,0,0,0,88.5358,-48.2255,-3.12963
48.0256,0.463378,0.646793,0.509586,0,0,0,88.366,-48.5984,-1.96196
48.0506,0.517909,1.16659,0.0489923,0,0,0,89.0237,-47.4119,-0.847197
48.0756,0.54385,1.65799,-0.365227,0,0,0,90.415,-44.6997,0.245559
48.1006,0.530871,2.09093,-0.713114,0,0,0,92.3337,-40.5538,1.34186
48.1256,0.478502,2.43664,-0.983119,0,0,0,94.4979,-35.1415,2.45972
48.1506,0.395733,2.67018,-1.17035,0,0,0,96.6029,-28.7201,3.60847
48.1756,0.29895,2.77316,-1.27324,0,0,0,98.3788,-21.639,4.78861
48.2006,0.209217,2.73588,-1.29033,0,0,0,99.6426,-14.3212,5.99275
48.2256,0.149249,2.55839,-1.21882,0,0,0,100.33,-7.22716,7.20725
48.2506,0.139709,2.25006,-1.05578,0,0,0,100.498,-0.809221,8.41413
48.2756,0.194418,1.82795,-0.802155,0,0,0,100.299,4.53158,9.59295
48.3006,0.314988,1.31433,-0.468402,0,0,0,99.9329,8.47578,10.722
48.3256,0.487027,0.7344,-0.0789525,0,0,0,99.5926,10.7997,11.7791
48.3507,0.680995,0.115084,0.32804,0,0,0,99.4107,11.3766,12.7415
48.3757,0.859424,-0.514785,0.707474,0,0,0,99.4276,10.1736,13.5861
48.4007,0.988492,-1.12372,1.0186,0,0,0,99.5811,7.24904,14.2896
48.4257,1.04853,-1.67783,1.23528,0,0,0,99.7224,2.75477,14.829
48.4507,1.03828,-2.14295,1.34993,0,0,0,99.6544,-3.0609,15.1836
48.4757,0.97184,-2.48821,1.37013,0,0,0,99.1847,-9.85743,15.3366
48.5007,0.871514,-2.68973,1.31118,0,0,0,98.1812,-17.2197,15.2772
48.5257,0.760735,-2.73327,1.18912,0,0,0,96.6163,-24.6917,15.0026
48.5507,0.659384,-2.61533,1.01698,0,0,0,94.5868,-31.8208,14.5179
48.5757,0.581459,-2.343,0.804251,0,0,0,92.3043,-38.2021,13.8358
48.6007,0.534087,-1.93282,0.558774,0,0,0,90.0585,-43.5105,12.9744
48.6257,0.517161,-1.4092,0.289307,0,0,0,88.1629,-47.5132,11.9544
48.6507,0.523681,-0.802634,0.00743246,0,0,0,86.8962,-50.0635,10.7969
48.6757,0.541322,-0.147982,-0.272345,0,0,0,86.4529,-51.0827,9.5212
48.7007,0.555481,0.517164,-0.534566,0,0,0,86.9086,-50.5423,8.1437
48.7257,0.553096,1.15413,-0.766001,0,0,0,88.2077,-48.4566,6.67821
48.7507,0.525876,1.72509,-0.958415,0,0,0,90.1712,-44.8883,5.13659
48.7757,0.471736,2.19531,-1.10948,0,0,0,92.527,-39.9667,3.52993
48.8007,0.394301,2.53547,-1.22152,0,0,0,94.9575,-33.9061,1.86953
48.8257,0.301318,2.72384,-1.29896,0,0,0,97.1572,-27.016,0.16721
48.8507,0.203032,2.7479,-1.3455,0,0,0,98.8894,-19.6913,-1.56516
48.8757,0.111036,2.60521,-1.36225,0,0,0,100.027,-12.3831,-3.31701
48.9007,0.0373712,2.30365,-1.34723,0,0,0,100.568,-5.55416,-5.08082
48.9257,-0.00684439,1.86072,-1.29655,0,0,0,100.621,0.367408,-6.854
48.9507,-0.0137804,1.30235,-1.20748,0,0,0,100.364,5.02577,-8.64009
48.9757,0.0181315,0.660882,-1.08221,0,0,0,99.9892,8.15933,-10.4491
49.0007,0.0822755,-0.0270522,-0.930505,0,0,0,99.6519,9.60765,-12.2967
49.0257,0.164933,-0.722826,-0.769257,0,0,0,99.4261,9.30973,-14.202
49.0507,0.249723,-1.38777,-0.618306,0,0,0,99.2878,7.30088,-16.185
49.0757,0.32325,-1.98493,-0.494944,0,0,0,99.1215,3.71234,-18.2633
49.1007,0.37891,-2.48078,-0.410082,0,0,0,98.7507,-1.22768,-20.4484
49.1257,0.417335,-2.847,-0.367624,0,0,0,97.9862,-7.19763,-22.7438
49.1507,0.444243,-3.06213,-0.366258,0,0,0,96.6807,-13.7979,-25.144
49.1757,0.467393,-3.11297,-0.401789,0,0,0,94.7752,-20.5814,-27.6344
49.2007,0.493887,-2.99547,-0.46867,0,0,0,92.3255,-27.0964,-30.1942
49.2257,0.528197,-2.71499,-0.560314,0,0,0,89.5003,-32.9321,-32.7991
49.2507,0.570883,-2.28609,-0.668571,0,0,0,86.5514,-37.7551,-35.4252
49.2757,0.618094,-1.73174,-0.783147,0,0,0,83.7646,-41.3283,-38.0518
49.3007,0.662194,-1.08226,-0.891869,0,0,0,81.4043,-43.5093,-40.6633
49.3257,0.693788,-0.373772,-0.982366,0,0,0,79.6642,-44.2354,-43.2489
49.3507,0.704774,0.353708,-1.04487,0,0,0,78.6334,-43.504,-45.8015
49.3757,0.691168,1.05862,-1.0749,0,0,0,78.2826,-41.3593,-48.3155
49.4007,0.654272,1.70046,-1.07427,0,0,0,78.4713,-37.8903,-50.7838
49.4257,0.599669,2.24247,-1.05,0,0,0,78.9742,-33.2387,-53.1962
49.4507,0.534827,2.65386,-1.01171,0,0,0,79.5233,-27.6106,-55.5384
49.4757,0.466696,2.91169,-0.968964,0,0,0,79.8587,-21.2815,-57.7926
49.5007,0.400291,3.00197,-0.929577,0,0,0,79.7784,-14.5875,-59.9394
49.5257,0.338444,2.9204,-0.898833,0,0,0,79.1757,-7.90061,-61.9607
49.5507,0.282412,2.67237,-0.879457,0,0,0,78.0541,-1.59121,-63.8428
49.5757,0.232883,2.27269,-0.871769,0,0,0,76.5178,4.00987,-65.5788
49.6007,0.190939,1.7446,-0.873929,0,0,0,74.7397,8.64149,-67.1697
49.6257,0.158609,1.11857,-0.882335,0,0,0,72.9167,12.1271,-68.6244
49.6507,0.13869,0.430541,-0.892457,0,0,0,71.2251,14.3747,-69.958
49.6757,0.133879,-0.280047,-0.900084,0,0,0,69.7847,15.3671,-71.1899
49.7007,0.145656,-0.97247,-0.902576,0,0,0,68.6396,15.1498,-72.3407
49.7257,0.173632,-1.60704,-0.899426,0,0,0,67.7563,13.8228,-73.4297
49.7507,0.215703,-2.14738,-0.891812,0,0,0,67.0392,11.5364,-74.4731
49.7757,0.268725,-2.56251,-0.881411,0,0,0,66.3592,8.49017,-75.4827
49.8007,0.329141,-2.82865,-0.869078,0,0,0,65.5885,4.92855,-76.4648
49.8257,0.393155,-2.9306,-0.85387,0,0,0,64.6343,1.12964,-77.4213
49.8507,0.456502,-2.86268,-0.832567,0,0,0,63.4626,-2.61468,-78.3497
49.8757,0.514158,-2.6291,-0.799716,0,0,0,62.1069,-6.02355,-79.2446
49.9007,0.56046,-2.24382,-0.748317,0,0,0,60.6581,-8.85108,-80.0989
49.9257,0.590001,-1.7297,-0.671238,0,0,0,59.2409,-10.9032,-80.9045
49.9507,0.59932,-1.11712,-0.563323,0,0,0,57.982,-12.0443,-81.6527
49.9757,0.588817,-0.441988,-0.423572,0,0,0,56.9782,-12.1953,-82.3345
50.0008,0.563842,0.256519,-0.256374,0,0,0,56.2735,-11.3271,-82.9404
50.0258,0.534024,0.938317,-0.0709296,0,0,0,55.8471,-9.45461,-83.4598
50.0508,0.510835,1.56461,0.121063,0,0,0,55.6167,-6.63578,-83.8819
50.0758,0.504444,2.09984,0.308256,0,0,0,55.4548,-2.97418,-84.1954
50.1008,0.521176,2.51349,0.481563,0,0,0,55.2168,1.37774,-84.3903
50.1258,0.562251,2.78171,0.63435,0,0,0,54.7748,6.22019,-84.4584
50.1508,0.623608,2.88883,0.761115,0,0,0,54.0503,11.3166,-84.3951
50.1758,0.696268,2.8285,0.855556,0,0,0,53.0378,16.4137,-84.2002
50.2008,0.767048,2.60445,0.909073,0,0,0,51.8132,21.2667,-83.8777
50.2258,0.820044,2.2305,0.910785,0,0,0,50.524,25.6633,-83.4355
50.2508,0.839628,1.72971,0.849856,0,0,0,49.3648,29.4385,-82.8837
50.2758,0.815134,1.13261,0.720064,0,0,0,48.5438,32.4778,-82.2336
50.3008,0.745867,0.474522,0.525012,0,0,0,48.2475,34.7085,-81.4954
50.3258,0.643572,-0.207226,0.280877,0,0,0,48.6112,36.0861,-80.6777
50.3508,0.52992,-0.875729,0.0141791,0,0,0,49.6977,36.5828,-79.7867
50.3758,0.429473,-1.49602,-0.244967,0,0,0,51.4874,36.1835,-78.8265
50.4008,0.361689,-2.03607,-0.47047,0,0,0,53.8799,34.8935,-77.7997
50.4258,0.33587,-2.46779,-0.644779,0,0,0,56.7091,32.7541,-76.7084
50.4508,0.350426,-2.76852,-0.758906,0,0,0,59.7684,29.8618,-75.5549
50.4758,0.395242,-2.92273,-0.80936,0,0,0,62.8459,26.3808,-74.342
50.5008,0.455052,-2.92357,-0.79449,0,0,0,65.7597,22.5449,-73.0728
50.5258,0.512589,-2.7737,-0.712144,0,0,0,68.387,18.6433,-71.7502
50.5508,0.551418,-2.48528,-0.559506,0,0,0,70.6771,14.9954,-70.3754
50.5758,0.558851,-2.0787,-0.335093,0,0,0,72.6463,11.9192,-68.9472
50.6008,0.529023,-1.5807,-0.0420573,0,0,0,74.3545,9.70252,-67.4607
50.6258,0.465349,-1.02186,0.308656,0,0,0,75.8717,8.58017,-65.9074
50.6508,0.380972,-0.434457,0.697165,0,0,0,77.2431,8.71902,-64.276
50.6758,0.296126,0.14896,1.09669,0,0,0,78.4631,10.2077,-62.5534
50.7008,0.232772,0.696345,1.47837,0,0,0,79.466,13.0484,-60.7277
50.7258,0.20843,1.17672,1.81673,0,0,0,80.136,17.1498,-58.79
50.7508,0.231591,1.56131,2.09331,0,0,0,80.3358,22.3251,-56.7368
50.7758,0.300111,1.82548,2.29706,0,0,0,79.9484,28.2981,-54.5716
50.8008,0.402379,1.95132,2.42193,0,0,0,78.9212,34.7244,-52.305
50.8258,0.520163,1.93,2.46364,0,0,0,77.2997,41.2256,-49.9531
50.8508,0.632165,1.76332,2.41747,0,0,0,75.2407,47.431,-47.5352
50.8758,0.717965,1.46391,2.27847,0,0,0,72.9999,53.0171,-45.0705
50.9008,0.762281,1.05376,2.04411,0,0,0,70.8969,57.7325,-42.5747
50.9258,0.75899,0.561468,1.71839,0,0,0,69.266,61.404,-40.0578
50.9508,0.713577,0.0188383,1.31498,0,0,0,68.4043,63.9246,-37.5231
50.9758,0.642503,-0.542154,0.857688,0,0,0,68.5267,65.2306,-34.9682
51.0008,0.569089,-1.09117,0.377238,0,0,0,69.7343,65.2816,-32.3872
51.0258,0.517192,-1.60002,-0.0941989,0,0,0,71.9986,64.0513,-29.7736
51.0508,0.504983,-2.0427,-0.528252,0,0,0,75.1633,61.5357,-27.124
51.0758,0.540786,-2.39571,-0.903215,0,0,0,78.9644,57.776,-24.4407
51.1008,0.621606,-2.63944,-1.20375,0,0,0,83.0683,52.8882,-21.7335
51.1258,0.733786,-2.76031,-1.41824,0,0,0,87.1232,47.0856,-19.0192
51.1508,0.854908,-2.75308,-1.53547,0,0,0,90.8156,40.6854,-16.32
51.1758,0.956532,-2.6224,-1.54254,0,0,0,93.919,34.0902,-13.6602
51.2008,1.00809,-2.38272,-1.42543,0,0,0,96.3217,27.751,-11.0621
51.2258,0.982426,-2.05622,-1.17293,0,0,0,98.0269,22.1176,-8.54304
51.2508,0.862638,-1.66873,-0.783122,0,0,0,99.1247,17.5922,-6.11254
51.2758,0.648455,-1.24489,-0.269948,0,0,0,99.7454,14.4936,-3.77213
51.3008,0.359428,-0.804432,0.333277,0,0,0,100.008,13.0356,-1.51613
51.3258,0.0328259,-0.361397,0.975867,0,0,0,99.9801,13.3182,0.665995
51.3508,-0.283931,0.0732507,1.59742,0,0,0,99.6528,15.3248,2.7867
51.3758,-0.544348,0.487124,2.13906,0,0,0,98.9479,18.9227,4.85748
51.4008,-0.713997,0.862806,2.55456,0,0,0,97.7455,23.8676,6.88654
51.4258,-0.777918,1.17747,2.81757,0,0,0,95.9294,29.8164,8.87755
51.4508,-0.741728,1.40617,2.92238,0,0,0,93.439,36.3521,10.8294
51.4758,-0.62666,1.5272,2.87883,0,0,0,90.3115,43.0233,12.7374
51.5008,-0.461393,1.52706,2.7047,0,0,0,86.7016,49.3922,14.5944
51.5258,-0.274084,1.40344,2.41929,0,0,0,82.8734,55.0799,16.3931
51.5508,-0.0867005,1.16562,2.0403,0,0,0,79.1657,59.798,18.1268
51.5758,0.0879348,0.832873,1.58384,0,0,0,75.9392,63.3583,19.7905
51.6008,0.246794,0.431856,1.06604,0,0,0,73.5208,65.6596,21.3802
51.6259,0.395404,-0.00626509,0.504673,0,0,0,72.1546,66.6617,22.8919
51.6509,0.545014,-0.448275,-0.0804541,0,0,0,71.9678,66.3571,24.3201
51.6759,0.708599,-0.860895,-0.668093,0,0,0,72.9544,64.7535,25.6559
51.7009,0.896335,-1.21256,-1.2365,0,0,0,74.9768,61.8732,26.8865
51.7259,1.11132,-1.47547,-1.76359,0,0,0,77.785,57.77,27.9951
51.7509,1.34622,-1.62824,-2.22583,0,0,0,81.0533,52.5561,28.9617
51.7759,1.58147,-1.65914,-2.5962,0,0,0,84.4296,46.4269,29.7659
51.8009,1.78598,-1.56914,-2.8432,0,0,0,87.5912,39.6712,30.389
51.8259,1.9216,-1.37346,-2.93297,0,0,0,90.2951,32.6617,30.8176
51.8509,1.95176,-1.1001,-2.83604,0,0,0,92.4109,25.823,31.045
51.8759,1.85257,-0.784379,-2.5374,0,0,0,93.9265,19.5878,31.0727
51.9009,1.62168,-0.46053,-2.04512,0,0,0,94.9267,14.3526,30.9098
51.9259,1.28045,-0.153478,-1.39272,0,0,0,95.5499,10.4424,30.5718
51.9509,0.868502,0.125642,-0.633907,0,0,0,95.9372,8.08913,30.0789
51.9759,0.434268,0.378401,0.166883,0,0,0,96.1855,7.4232,29.4541
52.0009,0.0259901,0.61342,0.944042,0,0,0,96.3187,8.47114,28.7218
52.0259,-0.314883,0.83893,1.63811,0,0,0,96.2811,11.1553,27.9067
52.0509,-0.558277,1.05661,2.20114,0,0,0,95.9562,15.2945,27.0338
52.0759,-0.688725,1.25886,2.60041,0,0,0,95.2052,20.6081,26.1273
52.1009,-0.706769,1.43024,2.82007,0,0,0,93.9175,26.7312,25.2104
52.1259,-0.627515,1.55216,2.85984,0,0,0,92.0574,33.2422,24.3036
52.1509,-0.476227,1.60871,2.73112,0,0,0,89.696,39.7034,23.4234
52.1759,-0.282247,1.59144,2.45208,0,0,0,87.0178,45.7055,22.5802
52.2009,-0.0731801,1.50177,2.04387,0,0,0,84.2988,50.9052,21.7765
52.2259,0.129258,1.35058,1.52898,0,0,0,81.8631,55.0455,21.0059
52.2509,0.311183,1.15591,0.931495,0,0,0,80.0285,57.9565,20.253
52.2759,0.466443,0.939674,0.278167,0,0,0,79.0533,59.5381,19.4936
52.3009,0.594921,0.724436,-0.400837,0,0,0,79.0948,59.7386,18.6965
52.3259,0.699865,0.530755,-1.07221,0,0,0,80.1836,58.537,17.8262
52.3509,0.785016,0.3753,-1.70078,0,0,0,82.2175,55.9406,16.846
52.3759,0.852308,0.269573,-2.25155,0,0,0,84.9752,51.9976,15.7213
52.4009,0.900817,0.219102,-2.69205,0,0,0,88.1489,46.8215,14.4237
52.4259,0.927243,0.223123,-2.99477,0,0,0,91.3937,40.614,12.9341
52.4509,0.92772,0.274986,-3.13946,0,0,0,94.3849,33.6769,11.2446
52.4759,0.900231,0.363488,-3.11513,0,0,0,96.8734,26.4022,9.35987
52.5009,0.846674,0.475053,-2.92132,0,0,0,98.7232,19.2408,7.29548
52.5259,0.773737,0.59622,-2.56834,0,0,0,99.9235,12.6568,5.07601
52.5509,0.692276,0.715702,-2.07637,0,0,0,100.569,7.07964,2.73168
52.5759,0.615491,0.825381,-1.47372,0,0,0,100.819,2.86579,0.295205
52.6009,0.556551,0.920055,-0.794489,0,0,0,100.84,0.275022,-2.20042
52.6259,0.526308,0.996318,-0.0762322,0,0,0,100.753,-0.538735,-4.72305
52.6509,0.531472,1.05127,0.642238,0,0,0,100.602,0.471383,-7.24132
52.6759,0.573421,1.08178,1.32273,0,0,0,100.338,3.24581,-9.72386
52.7009,0.647686,1.08475,1.92925,0,0,0,99.8312,7.61863,-12.1386
52.7259,0.744255,1.05838,2.42932,0,0,0,98.9152,13.3198,-14.4527
52.7509,0.848823,1.00395,2.79533,0,0,0,97.4344,19.9856,-16.6338
52.7759,0.944993,0.927299,3.00593,0,0,0,95.3003,27.184,-18.6524
52.8009,1.01709,0.839217,3.04777,0,0,0,92.5329,34.4535,-20.4847
52.8259,1.05285,0.754194,2.91712,0,0,0,89.2772,41.3519,-22.1161
52.8509,1.04511,0.687777,2.62083,0,0,0,85.7898,47.5004,-23.5434
52.8759,0.991927,0.653229,2.17628,0,0,0,82.3991,52.6138,-24.7751
52.9009,0.895299,0.658524,1.60983,0,0,0,79.4507,56.5077,-25.8315
52.9259,0.759184,0.704465,0.954391,0,0,0,77.2501,59.085,-26.7416
52.9509,0.588005,0.784261,0.246586,0,0,0,76.0158,60.3106,-27.5402
52.9759,0.386322,0.884483,-0.475865,0,0,0,75.8475,60.1875,-28.2643
53.0009,0.159856,0.987154,-1.17603,0,0,0,76.7144,58.7421,-28.9492
53.0259,-0.0826227,1.07272,-1.8188,0,0,0,78.4614,56.0278,-29.6259
53.0509,-0.327407,1.1236,-2.37108,0,0,0,80.8342,52.1412,-30.3186
53.0759,-0.554998,1.12787,-2.80188,0,0,0,83.5197,47.2449,-31.0427
53.1009,-0.741136,1.08214,-3.08285,0,0,0,86.1972,41.5843,-31.8047
53.1259,-0.860076,0.99272,-3.19031,0,0,0,88.5908,35.4883,-32.6023
53.1509,-0.889491,0.87417,-3.10873,0,0,0,90.5113,29.3502,-33.4255
53.1759,-0.815418,0.745082,-2.83444,0,0,0,91.8776,23.592,-34.2582
53.2009,-0.635283,0.622287,-2.37816,0,0,0,92.7104,18.6211,-35.0801
53.2259,-0.357946,0.515371,-1.76473,0,0,0,93.1028,14.7913,-35.8683
53.2509,-0.00147244,0.423454,-1.0307,0,0,0,93.1745,12.374,-36.5988
53.276,0.409481,0.335357,-0.221201,0,0,0,93.0254,11.5432,-37.247
53.301,0.845093,0.233109,0.612581,0,0,0,92.699,12.3703,-37.7882
53.326,1.27065,0.0979836,1.41503,0,0,0,92.1661,14.8221,-38.1988
53.351,1.64751,-0.0823604,2.12838,0,0,0,91.3321,18.762,-38.4565
53.376,1.93699,-0.307545,2.69768,0,0,0,90.0673,23.9535,-38.5424
53.401,2.10817,-0.561313,3.07875,0,0,0,88.2519,30.0708,-38.4424
53.426,2.14676,-0.813451,3.24702,0,0,0,85.8249,36.7232,-38.1489
53.451,2.06011,-1.02677,3.20211,0,0,0,82.8236,43.491,-37.6623
53.476,1.87454,-1.16653,2.96521,0,0,0,79.4017,49.9707,-36.9903
53.501,1.62626,-1.20858,2.57066,0,0,0,75.8195,55.8166,-36.1475
53.526,1.35073,-1.1435,2.05659,0,0,0,72.4095,60.7691,-35.1526
53.551,1.07476,-0.976613,1.45882,0,0,0,69.527,64.6608,-34.0258
53.576,0.81338,-0.725158,0.808903,0,0,0,67.4956,67.4021,-32.786
53.601,0.570483,-0.414635,0.134828,0,0,0,66.5608,68.9548,-31.4485
53.626,0.34206,-0.075277,-0.537602,0,0,0,66.8559,69.303,-30.0244
53.651,0.120658,0.260853,-1.18388,0,0,0,68.3848,68.4376,-28.5203
53.676,-0.0998861,0.562375,-1.78044,0,0,0,71.0198,66.3562,-26.9398
53.701,-0.320279,0.801139,-2.30429,0,0,0,74.5172,63.0833,-25.2846
53.726,-0.532938,0.955021,-2.73245,0,0,0,78.5496,58.6996,-23.5567
53.751,-0.721199,1.01075,-3.04128,0,0,0,82.7522,53.371,-21.7592
53.776,-0.861176,0.966062,-3.20697,0,0,0,86.7771,47.3644,-19.8971
53.801,-0.926545,0.830044,-3.20822,0,0,0,90.3454,41.0402,-17.9765
53.826,-0.895631,0.620959,-3.03144,0,0,0,93.2824,34.8236,-16.0035
53.851,-0.758792,0.361447,-2.67694,0,0,0,95.528,29.1592,-13.9827
53.876,-0.523273,0.0725569,-2.16332,0,0,0,97.1185,24.4635,-11.9152
53.901,-0.21344,-0.231039,-1.52778,0,0,0,98.147,21.0831,-9.79803
53.926,0.133543,-0.542522,-0.821818,0,0,0,98.7142,19.2674,-7.62425
53.951,0.474778,-0.860483,-0.104097,0,0,0,98.8841,19.1527,-5.38406
53.976,0.769359,-1.18383,0.567684,0,0,0,98.6567,20.7563,-3.0671
54.001,0.9854,-1.5065,1.14433,0,0,0,97.9655,23.9745,-0.665287
54.026,1.10532,-1.81443,1.59081,0,0,0,96.6997,28.5861,1.82442
54.051,1.12826,-2.08617,1.88879,0,0,0,94.7462,34.264,4.39794
54.076,1.06893,-2.29674,2.03516,0,0,0,92.0403,40.5998,7.04333
54.101,0.953161,-2.42297,2.03756,0,0,0,88.6097,47.1426,9.74165
54.126,0.81197,-2.44841,1.90879,0,0,0,84.5987,53.4482,12.4695
54.151,0.675765,-2.36606,1.66274,0,0,0,80.2654,59.128,15.2028
54.176,0.569695,-2.1788,1.31299,0,0,0,75.9496,63.8849,17.9203
54.201,0.51029,-1.89767,0.874117,0,0,0,72.0226,67.5276,20.6071
54.226,0.503291,-1.53929,0.364418,0,0,0,68.8303,69.96,23.2564
54.251,0.542897,-1.12324,-0.191716,0,0,0,66.643,71.1551,25.869
54.276,0.61299,-0.670607,-0.763252,0,0,0,65.6183,71.123,28.4518
54.301,0.690709,-0.203706,-1.31468,0,0,0,65.7828,69.8869,31.0148
54.326,0.751989,0.253288,-1.81051,0,0,0,67.0298,67.4763,33.5672
54.351,0.777717,0.674024,-2.2205,0,0,0,69.135,63.9376,36.1143
54.376,0.758555,1.03095,-2.52366,0,0,0,71.7872,59.3582,38.6549
54.401,0.696872,1.29782,-2.70933,0,0,0,74.6326,53.8928,41.1803
54.426,0.605408,1.45319,-2.77554,0,0,0,77.3274,47.7793,43.6753
54.451,0.503514,1.4836,-2.72582,0,0,0,79.5881,41.3356,46.1204
54.476,0.412302,1.38546,-2.56663,0,0,0,81.2292,34.9356,48.4951
54.501,0.34981,1.16515,-2.30662,0,0,0,82.1783,28.9693,50.7813
54.526,0.32691,0.837571,-1.95787,0,0,0,82.464,23.7987,52.9664
54.551,0.344625,0.423706,-1.53789,0,0,0,82.1841,19.7194,55.0445
54.576,0.39361,-0.0517446,-1.07077,0,0,0,81.4609,16.9366,57.0165
54.601,0.456361,-0.561999,-0.58605,0,0,0,80.3995,15.5538,58.8889
54.626,0.511839,-1.07888,-0.115093,0,0,0,79.0589,15.5733,60.6715
54.651,0.541184,-1.57303,0.313683,0,0,0,77.4417,16.9011,62.3753
54.676,0.532594,-2.0145,0.678768,0,0,0,75.5059,19.3559,64.0096
54.701,0.483927,-2.37422,0.967043,0,0,0,73.1922,22.682,65.5813
54.726,0.40273,-2.62647,1.17244,0,0,0,70.4601,26.5677,67.0938
54.751,0.304439,-2.7516,1.29279,0,0,0,67.3217,30.6733,68.5475
54.776,0.20976,-2.73836,1.32646,0,0,0,63.8635,34.6645,69.9407
54.801,0.1417,-2.58519,1.27054,0,0,0,60.2486,38.2465,71.2705
54.826,0.121982,-2.29999,1.12155,0,0,0,56.6985,41.1905,72.5347
54.851,0.166339,-1.8987,0.879138,0,0,0,53.4608,43.3453,73.7316
54.876,0.279026,-1.40279,0.551677,0,0,0,50.7702,44.6318,74.8606
54.9011,0.448418,-0.836805,0.161283,0,0,0,48.813,45.0255,75.9213
54.9261,0.646803,-0.226949,-0.255346,0,0,0,47.7007,44.5331,76.9129
54.9511,0.836558,0.398878,-0.652643,0,0,0,47.4559,43.1742,77.8327
54.9761,0.981451,1.0102,-0.987183,0,0,0,48.0111,40.9727,78.6754
55.0011,1.05803,1.57377,-1.22882,0,0,0,49.2188,37.9618,79.4327
55.0261,1.0614,2.05537,-1.36622,0,0,0,50.8723,34.1993,80.0939
55.0511,1.00343,2.42317,-1.40464,0,0,0,52.7362,29.7851,80.6468
55.0761,0.905885,2.65165,-1.3588,0,0,0,54.5829,24.8738,81.0795
55.1011,0.792929,2.72454,-1.24542,0,0,0,56.2283,19.6761,81.3821
55.1261,0.685808,2.63627,-1.07854,0,0,0,57.5601,14.4448,81.5486
55.1511,0.600072,2.39202,-0.868528,0,0,0,58.5503,9.45031,81.5776
55.1761,0.544388,2.00671,-0.623548,0,0,0,59.2497,4.95307,81.4726
55.2011,0.520083,1.50343,-0.35219,0,0,0,59.765,1.17873,81.2411
55.2261,0.521341,0.911667,-0.0656088,0,0,0,60.2258,-1.6969,80.8938
55.2511,0.536538,0.265531,0.221959,0,0,0,60.7494,-3.55383,80.4427
55.2761,0.551059,-0.397863,0.49481,0,0,0,61.4118,-4.32782,79.9007
55.3011,0.551107,-1.04001,0.738845,0,0,0,62.2311,-4.00924,79.2805
55.3261,0.527181,-1.62287,0.944551,0,0,0,63.1654,-2.64411,78.5943
55.3511,0.475941,-2.11104,1.10832,0,0,0,64.1266,-0.337339,77.854
55.3761,0.400065,-2.4741,1.23158,0,0,0,65.0062,2.74493,77.0708
55.4011,0.306819,-2.68887,1.31834,0,0,0,65.7075,6.37873,76.2551
55.4261,0.206393,-2.7411,1.37234,0,0,0,66.177,10.2948,75.4159
55.4511,0.110648,-2.6266,1.39489,0,0,0,66.4251,14.1996,74.5595
55.4761,0.032159,-2.35151,1.38413,0,0,0,66.5313,17.8016,73.6885
55.5011,-0.0171431,-1.9318,1.33601,0,0,0,66.6306,20.8346,72.8007
55.5261,-0.0283416,-1.3921,1.24719,0,0,0,66.8857,23.0736,71.8881
55.5511,0.00131444,-0.763815,1.11901,0,0,0,67.4506,24.3411,70.9372
55.5761,0.0660607,-0.0828813,0.960619,0,0,0,68.4359,24.5054,69.9294
55.6011,0.152202,0.61246,0.788996,0,0,0,69.8804,23.4783,68.8424
55.6261,0.24237,1.28366,0.625063,0,0,0,71.7368,21.2166,67.6525
55.6511,0.321532,1.89357,0.48783,0,0,0,73.874,17.7306,66.3372
55.6761,0.381482,2.40809,0.389915,0,0,0,76.0971,13.099,64.878
55.7011,0.421852,2.79794,0.336397,0,0,0,78.1828,7.48247,63.2628
55.7261,0.448142,3.04036,0.326482,0,0,0,79.9261,1.12826,61.4876
55.7511,0.46855,3.12059,0.356062,0,0,0,81.1856,-5.64034,59.5572
55.7761,0.491044,3.03289,0.419568,0,0,0,81.9189,-12.4511,57.484
55.8011,0.521198,2.78093,0.510534,0,0,0,82.1959,-18.9208,55.286
55.8261,0.560745,2.37762,0.621136,0,0,0,82.1856,-24.6937,52.9835
55.8511,0.606875,1.84442,0.741466,0,0,0,82.1213,-29.4699,50.5964
55.8761,0.652561,1.21033,0.859478,0,0,0,82.2506,-33.0194,48.1423
55.9011,0.688302,0.510456,0.962321,0,0,0,82.7844,-35.1814,45.6355
55.9261,0.705079,-0.215849,1.03901,0,0,0,83.8535,-35.8566,43.0875
55.9511,0.69745,-0.927173,1.08331,0,0,0,85.4819,-35.0019,40.509
55.9761,0.665266,-1.58264,1.09533,0,0,0,87.5803,-32.6328,37.912
56.0011,0.61318,-2.14459,1.0809,0,0,0,89.9622,-28.8358,35.3114
56.0261,0.548468,-2.58094,1.04914,0,0,0,92.3795,-23.7835,32.727
56.0511,0.478513,-2.86717,1.00974,0,0,0,94.5738,-17.7445,30.1817
56.0761,0.409116,-2.98759,0.970879,0,0,0,96.3309,-11.0787,27.701
56.1011,0.343976,-2.93612,0.93827,0,0,0,97.5276,-4.21295,25.3087
56.1261,0.285124,-2.71646,0.914948,0,0,0,98.1564,2.39797,23.0242
56.1511,0.2338,-2.3418,0.901462,0,0,0,98.322,8.3169,20.8591
56.1761,0.191349,-1.83406,0.896219,0,0,0,98.2101,13.1636,18.8157
56.2011,0.159711,-1.22258,0.896003,0,0,0,98.0377,16.64,16.8866
56.2261,0.141276,-0.542549,0.896862,0,0,0,97.9979,18.5393,15.0562
56.2511,0.138124,0.167005,0.895302,0,0,0,98.2125,18.7453,13.3034
56.2761,0.151106,0.865391,0.889395,0,0,0,98.7022,17.2282,11.6052
56.3011,0.179376,1.51257,0.879204,0,0,0,99.3816,14.0448,9.93952
56.3261,0.220649,2.07145,0.866275,0,0,0,100.078,9.3437,8.28871
56.3511,0.271898,2.51001,0.852472,0,0,0,100.574,3.37089,6.64119
56.3761,0.32993,2.8031,0.838751,0,0,0,100.659,-3.53288,4.99247
56.4011,0.391484,2.93395,0.824276,0,0,0,100.191,-10.9494,3.34489
56.4261,0.452908,2.89517,0.805984,0,0,0,99.1329,-18.4171,1.70636
56.4511,0.50976,2.68919,0.7786,0,0,0,97.5756,-25.4768,0.0885477
56.4761,0.556764,2.32826,0.735178,0,0,0,95.7232,-31.7164,-1.49495
56.5011,0.588522,1.83371,0.66834,0,0,0,93.854,-36.8034,-3.03006
56.5261,0.601064,1.2347,0.572211,0,0,0,92.2651,-40.4991,-4.50287
56.5512,0.593796,0.566309,0.444628,0,0,0,91.2136,-42.653,-5.89951
56.5762,0.570873,-0.13263,0.288633,0,0,0,90.8683,-43.1885,-7.20535
56.6012,0.540955,-0.821954,0.112308,0,0,0,91.279,-42.0881,-8.40414
56.6262,0.515131,-1.46239,-0.0732175,0,0,0,92.3678,-39.3887,-9.47738
56.6512,0.503856,-2.01761,-0.25659,0,0,0,93.9442,-35.1887,-10.4045
56.6762,0.514257,-2.45601,-0.428395,0,0,0,95.7412,-29.6629,-11.1641
56.7012,0.548633,-2.75241,-0.581709,0,0,0,97.4668,-23.0755,-11.7359
56.7262,0.604115,-2.88958,-0.71106,0,0,0,98.8633,-15.7808,-12.1033
56.7512,0.672942,-2.85941,-0.810584,0,0,0,99.7596,-8.20498,-12.2557
56.7762,0.74308,-2.66377,-0.872398,0,0,0,100.104,-0.810112,-12.1904
56.8012,0.799455,-2.31464,-0.88625,0,0,0,99.9682,5.95122,-11.9129
56.8262,0.826531,-1.83343,-0.841287,0,0,0,99.5237,11.678,-11.4359
56.8512,0.812574,-1.24945,-0.730129,0,0,0,98.9921,16.05,-10.7776
56.8762,0.754638,-0.597397,-0.554003,0,0,0,98.5892,18.8401,-9.95933
56.9012,0.661683,0.085421,-0.326124,0,0,0,98.4716,19.9132,-9.0038
56.9262,0.553162,0.761613,-0.0705677,0,0,0,98.6999,19.2203,-7.93337
56.9512,0.452869,1.39546,0.183603,0,0,0,99.2239,16.7956,-6.7697
56.9762,0.381052,1.95404,0.409866,0,0,0,99.8941,12.7593,-5.53366
57.0012,0.348763,2.40827,0.58939,0,0,0,100.496,7.32442,-4.24565
57.0262,0.356358,2.73432,0.711845,0,0,0,100.801,0.79885,-2.92567
57.0512,0.395334,2.91527,0.772839,0,0,0,100.627,-6.42473,-1.5928
57.0762,0.451511,2.94266,0.770328,0,0,0,99.8813,-13.8964,-0.264043
57.1012,0.508157,2.81751,0.702046,0,0,0,98.5974,-21.1504,1.04743
57.1262,0.548789,2.55037,0.56498,0,0,0,96.9286,-27.7518,2.33422
57.1512,0.560045,2.16033,0.357009,0,0,0,95.1197,-33.3343,3.59642
57.1762,0.534771,1.6732,0.0800638,0,0,0,93.4563,-37.6222,4.8425
57.2012,0.47471,1.11916,-0.256573,0,0,0,92.2059,-40.4324,6.08934
57.2262,0.391432,0.530446,-0.634666,0,0,0,91.5651,-41.6633,7.36097
57.2512,0.304264,-0.06017,-1.02851,0,0,0,91.6219,-41.2799,8.68638
57.2762,0.23529,-0.620276,-1.40942,0,0,0,92.3395,-39.3057,10.0965
57.3012,0.203125,-1.11839,-1.75128,0,0,0,93.5629,-35.8252,11.6205
57.3262,0.217939,-1.525,-2.03469,0,0,0,95.0486,-30.9961,13.2825
57.3512,0.279342,-1.81439,-2.24779,0,0,0,96.5111,-25.0623,15.098
57.3762,0.377191,-1.96712,-2.38429,0,0,0,97.6801,-18.3572,17.0721
57.4012,0.494233,-1.97252,-2.44008,0,0,0,98.3545,-11.2907,19.1988
57.4262,0.609538,-1.83037,-2.41072,0,0,0,98.4417,-4.31658,21.4621
57.4512,0.702299,-1.55139,-2.29113,0,0,0,97.9696,2.11143,23.8384
57.4762,0.755977,-1.15607,-2.07788,0,0,0,97.0697,7.58406,26.3
57.5012,0.762427,-0.672179,-1.77313,0,0,0,95.9357,11.7706,28.8181
57.5262,0.724777,-0.131379,-1.38826,0,0,0,94.7693,14.4362,31.3652
57.5512,0.657505,0.433918,-0.944934,0,0,0,93.7278,15.4447,33.9161
57.5762,0.582969,0.99265,-0.472628,0,0,0,92.8845,14.7525,36.4473
57.6012,0.525351,1.5159,-0.00338552,0,0,0,92.2123,12.4027,38.9364
57.6262,0.504235,1.97694,0.43367,0,0,0,91.5903,8.52302,41.3601
57.6512,0.529971,2.35154,0.815756,0,0,0,90.8342,3.3266,43.6937
57.6762,0.601722,2.61906,1.12671,0,0,0,89.7438,-2.88977,45.9113
57.7012,0.707806,2.76458,1.35466,0,0,0,88.1565,-9.75805,47.9868
57.7262,0.827409,2.78111,1.48868,0,0,0,85.9949,-16.8659,49.8975
57.7512,0.933141,2.67137,1.5163,0,0,0,83.2953,-23.7962,51.626
57.7762,0.994629,2.44804,1.42354,0,0,0,80.2101,-30.1704,53.1637
57.8012,0.983716,2.13209,1.19817,0,0,0,76.9824,-35.6843,54.5123
57.8262,0.881167,1.74903,0.835922,0,0,0,73.9018,-40.1268,55.6835
57.8512,0.683393,1.32419,0.347337,0,0,0,71.2523,-43.3779,56.6983
57.8762,0.406503,0.878635,-0.23787,0,0,0,69.2641,-45.3925,57.584
57.9012,0.08524,0.427814,-0.871703,0,0,0,68.0786,-46.1769,58.3716
57.9262,-0.233819,-0.016423,-1.49474,0,0,0,67.7306,-45.7702,59.0921
57.9512,-0.503157,-0.441551,-2.04718,0,0,0,68.1468,-44.2377,59.774
57.9762,-0.685884,-0.83052,-2.48043,0,0,0,69.1621,-41.6761,60.4409
58.0012,-0.764007,-1.16086,-2.76515,0,0,0,70.5493,-38.2268,61.1096
58.0262,-0.740472,-1.40746,-2.89302,0,0,0,72.0583,-34.0894,61.7899
58.0512,-0.634858,-1.54775,-2.87217,0,0,0,73.46,-29.5249,62.4837
58.0762,-0.475376,-1.56682,-2.71964,0,0,0,74.5824,-24.8459,63.1867
58.1012,-0.290706,-1.46068,-2.45451,0,0,0,75.3338,-20.3918,63.8887
58.1262,-0.103987,-1.23702,-2.09439,0,0,0,75.704,-16.4967,64.5757
58.1512,0.0704887,-0.913842,-1.65505,0,0,0,75.7466,-13.4577,65.2312
58.1763,0.228244,-0.516961,-1.15209,0,0,0,75.5457,-11.5106,65.837
58.2013,0.373679,-0.0771129,-0.602583,0,0,0,75.1784,-10.8154,66.3742
58.2263,0.517524,0.372578,-0.0258249,0,0,0,74.6835,-11.4502,66.8239
58.2513,0.673016,0.798636,0.557268,0,0,0,74.0436,-13.4099,67.1673
58.2763,0.851428,1.16899,1.12516,0,0,0,73.187,-16.6066,67.3866
58.3013,1.05771,1.45488,1.65617,0,0,0,72.007,-20.8706,67.4664
58.3263,1.28694,1.63339,2.12752,0,0,0,70.397,-25.9582,67.3947
58.3513,1.52217,1.69055,2.51351,0,0,0,68.2902,-31.5673,67.1642
58.3763,1.73455,1.62448,2.78392,0,0,0,65.6958,-37.3649,66.774
58.4013,1.88683,1.44737,2.90526,0,0,0,62.7191,-43.0226,66.2294
58.4263,1.94117,1.18477,2.84649,0,0,0,59.5607,-48.2521,65.5413
58.4513,1.86994,0.870974,2.58865,0,0,0,56.4937,-52.8326,64.7245
58.4763,1.66563,0.541104,2.13439,0,0,0,53.8258,-56.6199,63.7952
58.5013,1.34484,0.222591,1.51204,0,0,0,51.8547,-59.5374,62.7688
58.5263,0.944319,-0.0702801,0.771987,0,0,0,50.8275,-61.5537,61.6581
58.5513,0.511964,-0.336419,-0.0223968,0,0,0,50.9079,-62.6558,60.4713
58.5763,0.0972472,-0.583001,-0.804673,0,0,0,52.1566,-62.8287,59.2128
58.6013,-0.256194,-0.818143,-1.51347,0,0,0,54.5221,-62.05,57.8835
58.6263,-0.515734,-1.04435,-2.09838,0,0,0,57.8451,-60.302,56.4818
58.6513,-0.66335,-1.25516,-2.52412,0,0,0,61.8762,-57.5972,55.006
58.6763,-0.697319,-1.43592,-2.77242,0,0,0,66.307,-54.0097,53.4547
58.7013,-0.631085,-1.56812,-2.84105,0,0,0,70.8127,-49.6994,51.8286
58.7263,-0.489072,-1.63516,-2.74008,0,0,0,75.0986,-44.9203,50.13
58.7513,-0.300633,-1.62743,-2.48681,0,0,0,78.9398,-40.0077,48.3622
58.7763,-0.0940528,-1.545,-2.10179,0,0,0,82.2037,-35.3461,46.5283
58.8013,0.107892,-1.39761,-1.60689,0,0,0,84.8487,-31.3271,44.6298
58.8263,0.290203,-1.20261,-1.0254,0,0,0,86.9004,-28.3066,42.6653
58.8513,0.445848,-0.981728,-0.383177,0,0,0,88.4135,-26.5705,40.6303
58.8763,0.574285,-0.757788,0.290494,0,0,0,89.4315,-26.3105,38.5181
58.9013,0.678882,-0.552011,0.962957,0,0,0,89.9559,-27.6095,36.3209
58.9263,0.763974,-0.382045,1.59937,0,0,0,89.9355,-30.4339,34.0325
58.9513,0.832334,-0.26065,2.16464,0,0,0,89.2786,-34.6323,31.6506
58.9763,0.883786,-0.194827,2.62577,0,0,0,87.8861,-39.9421,29.1792
59.0013,0.915345,-0.185366,2.95421,0,0,0,85.6964,-46.0098,26.629
59.0263,0.922796,-0.227025,3.12824,0,0,0,82.7296,-52.4243,24.0177
59.0513,0.903106,-0.309595,3.13497,0,0,0,79.1171,-58.7641,21.3673
59.0763,0.856731,-0.41986,2.97178,0,0,0,75.106,-64.646,18.701
59.1013,0.788901,-0.544054,2.6469,0,0,0,71.0362,-69.7654,16.0392
59.1263,0.709403,-0.670091,2.17871,0,0,0,67.2957,-73.9155,13.3963
59.1513,0.631025,-0.788848,1.5942,0,0,0,64.2657,-76.9835,10.7784
59.1763,0.567243,-0.894217,0.926644,0,0,0,62.2678,-78.9255,8.18271
59.2013,0.529818,-0.982145,0.213237,0,0,0,61.5225,-79.7334,5.59948
59.2263,0.526787,-1.04933,-0.507246,0,0,0,62.122,-79.4063,3.01443
59.2513,0.561042,-1.09232,-1.19641,0,0,0,64.0197,-77.9372,0.412736
59.2763,0.629583,-1.10757,-1.81789,0,0,0,67.0352,-75.321,-2.21707
59.3013,0.723576,-1.0925,-2.33865,0,0,0,70.8749,-71.5801,-4.87985
59.3263,0.829366,-1.0473,-2.73024,0,0,0,75.1694,-66.7984,-7.57192
59.3513,0.930487,-0.976592,-2.97014,0,0,0,79.5235,-61.1514,-10.2808
59.3763,1.01045,-0.890093,-3.04335,0,0,0,83.573,-54.9178,-12.987
59.4013,1.0556,-0.801785,-2.94406,0,0,0,87.0342,-48.4672,-15.6671
59.4263,1.05721,-0.727463,-2.67692,0,0,0,89.736,-42.2253,-18.2976
59.4513,1.01202,-0.681401,-2.25721,0,0,0,91.6239,-36.6249,-20.8586
59.4763,0.921308,-0.673118,-1.70969,0,0,0,92.7378,-32.0562,-23.3366
59.5013,0.788921,-0.705167,-1.06627,0,0,0,93.1698,-28.8268,-25.7252
59.5263,0.619644,-0.772387,-0.363193,0,0,0,93.0165,-27.1365,-28.0247
59.5513,0.418517,-0.862628,0.36165,0,0,0,92.3409,-27.065,-30.2404
59.5763,0.191561,-0.958714,1.07081,0,0,0,91.1519,-28.5703,-32.3796
59.6013,-0.0525147,-1.04134,1.72843,0,0,0,89.4089,-31.4937,-34.4497
59.6263,-0.300423,-1.09263,2.30065,0,0,0,87.0482,-35.5706,-36.4558
59.6513,-0.533278,-1.09985,2.75563,0,0,0,84.0236,-40.4521,-38.3996
59.6763,-0.727356,-1.05848,3.06416,0,0,0,80.3492,-45.7369,-40.2799
59.7013,-0.857082,-0.973696,3.20151,0,0,0,76.1308,-51.0142,-42.0934
59.7263,-0.899763,-0.859199,3.15073,0,0,0,71.5756,-55.9094,-43.8359
59.7513,-0.840557,-0.733394,2.9065,0,0,0,66.9762,-60.123,-45.5041
59.7763,-0.675698,-0.613672,2.47763,0,0,0,62.6731,-63.4516,-47.0963
59.8013,-0.412769,-0.510779,1.88717,0,0,0,59.0072,-65.7871,-48.6128
59.8264,-0.0685469,-0.425209,1.17003,0,0,0,56.2711,-67.0952,-50.0552
59.8514,0.333722,-0.346868,0.369763,0,0,0,54.6716,-67.384,-51.4249
59.8764,0.765893,-0.258077,-0.463964,0,0,0,54.3053,-66.6742,-52.7217
59.9014,1.19508,-0.139218,-1.27694,0,0,0,55.1493,-64.9807,-53.9419
59.9264,1.58402,0.0242621,-2.01221,0,0,0,57.0653,-62.3134,-55.0775
59.9514,1.894,0.235228,-2.61406,0,0,0,59.8165,-58.6945,-56.1161
59.9764,2.0918,0.480884,-3.03542,0,0,0,63.098,-54.1863,-57.0416
60.0014,-0.00132704,-0.00132704,-0.00132704,-0.00132704,-0.00132704,-0.00132704,-0.00132704,-0.00132704,-0.00132704
