time,VN_m_per_sec,VE_m_per_sec,VD_m_per_sec,V_m_per_sec
0,0,0,0,0
0.025,30.863225,0.093573,-0.38513,30.865769
0.05,30.836852,0.648272,-1.146952,30.864984
0.075,30.757718,1.725284,-1.883413,30.863588
0.1,30.580795,3.259785,-2.577851,30.861894
0.125,30.25619,5.155885,-3.215115,30.860285
0.15,29.745618,7.291493,-3.783883,30.859122
0.175,29.037261,9.527867,-4.279575,30.858671
0.2,28.154812,11.723101,-4.706971,30.859036
0.225,27.157928,13.746758,-5.081532,30.860142
0.25,26.133887,15.491797,-5.428772,30.861746
0.275,25.182759,16.880688,-5.781551,30.863495
0.3,24.399972,17.864774,-6.175737,30.865005
0.325,23.860244,18.418452,-6.64499,30.865945
0.35,23.60577,18.531626,-7.215494,30.866113
0.375,23.640144,18.204109,-7.901381,30.865479
0.4,23.928418,17.444544,-8.701563,30.864194
0.425,24.403101,16.274259,-9.598659,30.862552
0.45,24.975461,14.734214,-10.560596,30.860928
0.475,25.550703,12.891628,-11.545053,30.859695
0.5,26.044543,10.842648,-12.5062,30.859136
0.525,26.397726,8.708701,-13.402247,30.859385
0.55,26.584968,6.626566,-14.201831,30.860394
0.575,26.615995,4.734567,-14.887321,30.861945
0.6,26.528546,3.15856,-15.454046,30.863697
0.625,26.375492,2.000939,-15.905794,30.865265
0.65,26.209688,1.334166,-16.248109,30.866305
0.675,26.070393,1.198254,-16.481662,30.86659
0.7,25.974269,1.600444,-16.597884,30.866062
0.725,25.912653,2.515419,-16.578469,30.864844
0.75,25.855436,3.885579,-16.399282,30.86321
0.775,25.760557,5.622421,-16.037958,30.86153
0.8,25.586967,7.610848,-15.483308,30.86018
0.825,25.30793,9.717793,-14.743807,30.859466
0.85,24.921188,11.804872,-13.852476,30.859548
0.875,24.453151,13.742751,-12.866427,30.860408
0.9,23.955862,15.423602,-11.860987,30.861851
0.925,23.497567,16.768336,-10.919992,30.863554
0.95,23.149402,17.72713,-10.124744,30.865133
0.975,22.971423,18.274276,-9.544042,30.866231
1,23.000873,18.400399,-9.226708,30.8666
1.025,23.244709,18.105751,-9.196994,30.866153
1.05,23.677474,17.397494,-9.452603,30.864985
1.075,24.244922,16.291982,-9.965013,30.863351
1.1,24.873145,14.820822,-10.682171,30.861609
1.125,25.482094,13.037748,-11.533793,30.860142
1.15,26.001192,11.02268,-12.43918,30.859272
1.175,26.383671,8.880223,-13.316641,30.859187
1.2,26.616011,6.731881,-14.092656,30.859897
1.225,26.719819,4.703714,-14.708574,30.861235
1.25,26.745524,2.912799,-15.123187,30.862894
1.275,26.759574,1.455967,-15.310857,30.864494
1.3,26.828465,0.402909,-15.256494,30.865668
1.325,27.003359,-0.206269,-14.949753,30.866148
1.35,27.308505,-0.360513,-14.381037,30.865817
1.375,27.735596,-0.07627,-13.541167,30.864742
1.4,28.245081,0.60393,-12.425179,30.863156
1.425,28.774336,1.61285,-11.039142,30.861405
1.45,29.251391,2.861137,-9.407547,30.859875
1.475,29.611516,4.242534,-7.578317,30.858903
1.5,29.812836,5.642265,-5.623078,30.8587
1.525,29.846885,6.947638,-3.631891,30.859308
1.55,29.741098,8.058548,-1.703701,30.860585
1.575,29.55246,8.895278,0.064745,30.862243
1.6,29.354079,9.401891,1.588474,30.863907
1.625,29.218266,9.545251,2.800327,30.865202
1.65,29.20022,9.311344,3.653221,30.865839
1.675,29.325797,8.701363,4.119927,30.865675
1.7,29.585631,7.729649,4.192317,30.864746
1.725,29.936652,6.424264,3.881569,30.863261
1.75,30.310843,4.829347,3.219579,30.861553
1.775,30.629838,3.007184,2.260503,30.860007
1.8,30.822587,1.037608,1.080575,30.858971
1.825,30.84208,-0.986746,-0.225328,30.858683
1.85,30.676873,-2.969093,-1.550764,30.859211
1.875,30.354168,-4.819017,-2.787195,30.860442
1.9,29.933552,-6.461867,-3.833579,30.862106
1.925,29.493167,-7.844394,-4.603803,30.863837
1.95,29.112051,-8.93552,-5.030793,30.865254
1.975,28.852984,-9.723001,-5.067695,30.866049
2,28.749473,-10.20814,-4.687728,30.866051
2.025,28.799189,-10.401055,-3.884525,30.865268
2.05,28.964834,-10.318321,-2.673926,30.863883
2.075,29.182228,-9.983531,-1.096753,30.862213
2.1,29.374294,-9.42988,0.779278,30.86064
2.125,29.468363,-8.70296,2.860813,30.859524
2.15,29.413073,-7.861732,5.034863,30.859124
2.175,29.190733,-6.976382,7.179288,30.859536
2.2,28.821869,-6.122995,9.175526,30.860678
2.225,28.360694,-5.376215,10.920113,30.8623
2.25,27.882888,-4.801719,12.331963,30.864045
2.275,27.469016,-4.450089,13.354058,30.865531
2.3,27.187696,-4.352897,13.950558,30.866431
2.325,27.08207,-4.520874,14.102024,30.86655
2.35,27.161915,-4.943614,13.801912,30.865867
2.375,27.402452,-5.59039,13.056527,30.864538
2.4,27.749909,-6.412176,11.888773,30.862864
2.425,28.132939,-7.3454,10.343976,30.861221
2.45,28.477908,-8.317887,8.494697,30.85998
2.475,28.724977,-9.256791,6.441374,30.85942
2.5,28.841185,-10.097256,4.307033,30.859667
2.525,28.82711,-10.789847,2.226574,30.860666
2.55,28.715257,-11.304768,0.333314,30.862192
2.575,28.560645,-11.631779,-1.253657,30.863901
2.6,28.426225,-11.77613,-2.438427,30.865408
2.625,28.366921,-11.752102,-3.152607,30.866374
2.65,28.41602,-11.576352,-3.356129,30.866579
2.675,28.57675,-11.263044,-3.036691,30.865973
2.7,28.820664,-10.821975,-2.209752,30.864685
2.725,29.093217,-10.259808,-0.919604,30.862998
2.75,29.32571,-9.583547,0.759644,30.861281
2.775,29.451383,-8.804685,2.725404,30.859913
2.8,29.422184,-7.942317,4.85226,30.859192
2.825,29.222028,-7.023862,7.002369,30.859273
2.85,28.872875,-6.082953,9.038934,30.860129
2.875,28.431826,-5.155072,10.839393,30.86156
2.9,27.979952,-4.272271,12.304856,30.863239
2.925,27.605837,-3.458546,13.363789,30.86478
2.95,27.387844,-2.727006,13.970289,30.865831
2.975,27.378871,-2.079275,14.099404,30.86615
3,27.596245,-1.506859,13.742832,30.865657
3.025,28.018202,-0.993821,12.907644,30.864455
3.05,28.58746,-0.520011,11.618928,30.862805
3.075,29.221499,-0.064203,9.924992,30.861069
3.1,29.828139,0.393296,7.902157,30.859628
3.125,30.323637,0.868871,5.655761,30.8588
3.15,30.649355,1.374743,3.315183,30.858764
3.175,30.782806,1.918978,1.023031,30.859524
3.2,30.740056,2.506042,-1.079,30.860906
3.225,30.568855,3.137473,-2.863784,30.862597
3.25,30.334561,3.812202,-4.228625,30.864214
3.275,30.102773,4.526208,-5.099919,30.865396
3.3,29.923066,5.271533,-5.433542,30.865877
3.325,29.817467,6.035058,-5.213329,30.865548
3.35,29.775891,6.797745,-4.450105,30.864485
3.375,29.759263,7.535176,-3.182377,30.862925
3.4,29.709628,8.220012,-1.477907,30.861219
3.425,29.565151,8.826417,0.566078,30.859751
3.45,29.276666,9.335739,2.826579,30.858852
3.475,28.82169,9.74205,5.163702,30.858729
3.5,28.212099,10.055835,7.433783,30.859414
3.525,27.493316,10.304522,9.503729,30.860759
3.55,26.73526,10.529413,11.262737,30.862468
3.575,26.017654,10.779578,12.628501,30.864165
3.6,25.413564,11.104026,13.54729,30.865477
3.625,24.974978,11.543671,13.989691,30.86612
3.65,24.723171,12.124412,13.945276,30.865956
3.675,24.645248,12.852336,13.419364,30.865031
3.7,24.697188,13.711835,12.433574,30.863559
3.725,24.812789,14.667183,11.029721,30.861878
3.75,24.917129,15.667805,9.274646,30.860371
3.775,24.942147,16.656664,7.26267,30.859384
3.8,24.841082,17.580251,5.112957,30.859146
3.825,24.598326,18.397749,2.960994,30.859719
3.85,24.232153,19.086867,0.945801,30.860983
3.875,23.789664,19.644582,-0.803782,30.86266
3.9,23.335501,20.082606,-2.180253,30.864384
3.925,22.937411,20.419025,-3.103958,30.865774
3.95,22.652188,20.668693,-3.525043,30.866526
3.975,22.514832,20.83524,-3.422659,30.866479
4,22.532707,20.907039,-2.803739,30.865646
4.025,22.685329,20.858485,-1.702796,30.86422
4.05,22.929617,20.656585,-0.182558,30.86252
4.075,23.209654,20.27147,1.666297,30.860931
4.1,23.46915,19.688185,3.728569,30.859809
4.125,23.664001,18.916433,5.87254,30.859408
4.15,23.771929,17.995265,7.962049,30.859818
4.175,23.796653,16.991122,9.870112,30.860946
4.2,23.765441,15.989645,11.490492,30.86254
4.225,23.720752,15.083473,12.744253,30.864238
4.25,23.70826,14.359071,13.580297,30.865661
4.275,23.764361,13.885243,13.971224,30.866485
4.3,23.906059,13.70488,13.907514,30.866524
4.325,24.125434,13.830397,13.393241,30.865763
4.35,24.389887,14.242733,12.445368,30.864368
4.375,24.648363,14.893762,11.096703,30.862644
4.4,24.842634,15.712135,9.400625,30.860969
4.425,24.92149,16.612324,7.434503,30.859712
4.45,24.85463,17.505882,5.298904,30.859146
4.475,24.642618,18.312936,3.111242,30.859392
4.5,24.320069,18.971245,0.994757,30.860386
4.525,23.950977,19.440536,-0.934316,30.861897
4.55,23.61738,19.701126,-2.577892,30.863579
4.575,23.404195,19.747722,-3.86293,30.865047
4.6,23.383693,19.580867,-4.743449,30.865964
4.625,23.602535,19.199173,-5.198983,30.866119
4.65,24.073376,18.595117,-5.231763,30.865469
4.675,24.772094,17.75596,-4.864674,30.864151
4.7,25.641127,16.66967,-4.140731,30.862452
4.725,26.598786,15.334108,-3.123349,30.860746
4.75,27.553471,13.766475,-1.895633,30.859407
4.775,28.420387,12.009688,-0.556945,30.85873
4.8,29.13714,10.133201,0.783974,30.858861
4.825,29.674205,8.227561,2.018417,30.859767
4.85,30.037362,6.394187,3.047527,30.86124
4.875,30.261405,4.733303,3.790081,30.862947
4.9,30.397019,3.333177,4.186739,30.864504
4.925,30.494529,2.2627,4.200797,30.86556
4.95,30.588836,1.567613,3.816833,30.86588
4.975,30.689163,1.269341,3.039151,30.865391
5,30.775948,1.364918,1.891314,30.864203
5.025,30.805633,1.827102,0.416807,30.862583
5.05,30.722406,2.604798,-1.320469,30.860895
5.075,30.474359,3.624867,-3.237841,30.859518
5.1,30.030126,4.796462,-5.23917,30.858765
5.125,29.391517,6.018294,-7.223918,30.85881
5.15,28.598498,7.187859,-9.09826,30.859646
5.175,27.724914,8.210593,-10.785283,30.861092
5.2,26.866121,9.006706,-12.231314,30.86283
5.225,26.121862,9.514334,-13.40678,30.864477
5.25,25.578553,9.689215,-14.301975,30.865673
5.275,25.294627,9.502522,-14.919904,30.866157
5.3,25.291216,8.93908,-15.269141,30.865829
5.325,25.549184,7.997762,-15.359334,30.864772
5.35,26.01267,6.694508,-15.200769,30.863227
5.375,26.598719,5.066773,-14.80781,30.86155
5.4,27.211841,3.17702,-14.204558,30.860123
5.425,27.761245,1.112659,-13.430193,30.859275
5.45,28.177349,-1.019097,-12.541484,30.859202
5.475,28.423664,-3.101035,-11.610955,30.859931
5.5,28.500976,-5.018025,-10.720725,30.861305
5.525,28.44276,-6.668056,-9.953525,30.863023
5.55,28.303281,-7.969433,-9.383104,30.864708
5.575,28.141803,-8.863164,-9.066013,30.86599
5.6,28.007028,-9.311612,-9.035845,30.866588
5.625,27.925385,-9.295894,-9.300122,30.866374
5.65,27.895514,-8.814554,-9.83956,30.865401
5.675,27.889875,-7.884882,-10.609579,30.86389
5.7,27.863006,-6.546434,-11.54432,30.862181
5.725,27.764623,-4.864629,-12.563496,30.86066
5.75,27.554596,-2.931623,-13.581935,30.859669
5.775,27.216046,-0.862335,-14.520595,30.859431
5.8,26.763019,1.214693,-15.316817,30.859999
5.825,26.240531,3.169686,-15.931233,30.861246
5.85,25.716915,4.884031,-16.349453,30.862892
5.875,25.270577,6.259493,-16.57824,30.864565
5.9,24.974522,7.222673,-16.637588,30.865889
5.925,24.882116,7.725231,-16.55131,30.866564
5.95,25.016744,7.742046,-16.338914,30.866436
5.975,25.366932,7.269858,-16.010895,30.865528
6,25.887644,6.327976,-15.568411,30.864038
6.025,26.507733,4.960879,-15.007026,30.862292
6.05,27.142735,3.240809,-14.323069,30.860674
6.075,27.711025,1.267684,-13.520473,30.859539
6.1,28.150139,-0.835761,-12.615759,30.859134
6.125,28.429338,-2.933889,-11.639434,30.859543
6.15,28.555045,-4.89119,-10.633266,30.860665
6.175,28.567532,-6.585076,-9.644211,30.862241
6.2,28.529768,-7.915177,-8.716838,30.86391
6.225,28.511409,-8.807507,-7.886288,30.865291
6.25,28.571963,-9.214108,-7.173365,30.866066
6.275,28.746877,-9.110538,-6.582439,30.866055
6.3,29.03929,-8.493988,-6.102099,30.865253
6.325,29.418942,-7.383832,-5.707966,30.86383
6.35,29.828494,-5.82454,-5.36701,30.862099
6.375,30.196258,-3.888957,-5.042683,30.860438
6.4,30.452922,-1.679019,-4.700161,30.859214
6.425,30.548559,0.678565,-4.310931,30.858694
6.45,30.465616,3.042257,-3.855935,30.858991
6.475,30.224288,5.269422,-3.32675,30.860034
6.5,29.878685,7.230295,-2.724769,30.861584
6.525,29.504885,8.818476,-2.058896,30.863292
6.55,29.184116,9.955836,-1.342707,30.864773
6.575,28.98529,10.592148,-0.591998,30.865694
6.6,28.950668,10.701789,0.176693,30.86585
6.625,29.087335,10.280656,0.946542,30.865205
6.65,29.36579,9.345567,1.700381,30.863904
6.675,29.725873,7.936602,2.420857,30.862238
6.7,30.089127,6.120696,3.091458,30.860583
6.725,30.375464,3.993515,3.698666,30.859311
6.75,30.520718,1.67679,4.234881,30.858712
6.775,30.490894,-0.690128,4.701298,30.858923
6.8,30.28933,-2.963263,5.109707,30.859902
6.825,29.95477,-5.008309,5.482415,30.861436
6.85,29.550926,-6.712394,5.850029,30.863187
6.875,29.150518,-7.99069,6.247417,30.86477
6.9,28.817959,-8.787503,6.708571,30.865838
6.925,28.594784,-9.073736,7.261229,30.866159
6.95,28.490717,-8.843626,7.922057,30.865672
6.975,28.481943,-8.113263,8.693141,30.864491
7,28.516749,-6.921703,9.56049,30.862889
7.025,28.527549,-5.333521,10.495149,30.861232
7.05,28.446988,-3.44023,11.457183,30.859899
7.075,28.224726,-1.357874,12.402059,30.859197
7.1,27.840832,0.780575,13.288139,30.859291
7.125,27.312279,2.837158,14.083321,30.860168
7.15,26.690749,4.682393,14.768883,30.86164
7.175,26.05244,6.206697,15.339352,30.863383
7.2,25.482718,7.327164,15.798508,30.865015
7.225,25.059499,7.989148,16.152889,30.866176
7.25,24.838897,8.164211,16.404961,30.866614
7.275,24.845622,7.847117,16.548184,30.866236
7.3,25.069317,7.054261,16.565721,30.865132
7.325,25.467126,5.824406,16.433518,30.86355
7.35,25.972069,4.220781,16.127316,30.861849
7.375,26.506022,2.332152,15.631916,30.86041
7.4,26.995056,0.270348,14.950124,30.859558
7.425,27.383938,-1.837094,14.108608,30.859485
7.45,27.646239,-3.858426,13.158662,30.860207
7.475,27.787341,-5.670602,12.171439,30.861562
7.5,27.839544,-7.170185,11.228897,30.863244
7.525,27.850688,-8.279613,10.412864,30.864876
7.55,27.86949,-8.948233,9.794696,30.866088
7.575,27.931348,-9.149587,9.427212,30.866608
7.6,28.047995,-8.877667,9.339503,30.866314
7.625,28.203251,-8.144665,9.534451,30.865267
7.65,28.355871,-6.981366,9.988635,30.863696
7.675,28.449097,-5.439475,10.654606,30.861944
7.7,28.42511,-3.593656,11.46573,30.860398
7.725,28.241184,-1.540619,12.343596,30.859396
7.75,27.883492,0.606465,13.207214,30.859155
7.775,27.374726,2.728008,13.982302,30.859722
7.8,26.773217,4.710255,14.608468,30.860962
7.825,26.163676,6.456389,15.042487,30.862588
7.85,25.642003,7.893584,15.257117,30.864228
7.875,25.29789,8.974802,15.236446,30.865508
7.9,25.198944,9.676235,14.970034,30.866133
7.925,25.379014,9.992801,14.448421,30.865957
7.95,25.832272,9.93433,13.662052,30.86501
7.975,26.513678,9.524216,12.604347,30.863496
8,27.345934,8.800668,11.278103,30.861748
8.025,28.232276,7.81916,9.702991,30.860148
8.05,29.073371,6.653841,7.921266,30.859049
8.075,29.785143,5.395831,5.999096,30.858692
8.1,30.313442,4.147611,4.022412,30.859152
8.125,30.641692,3.014299,2.0881,30.860321
8.15,30.789423,2.093929,0.29307,30.861934
8.175,30.802239,1.469021,-1.275729,30.863627
8.2,30.736206,1.200964,-2.548066,30.865018
8.225,30.641011,1.327297,-3.473343,30.865796
8.25,30.546155,1.860902,-4.020722,30.865786
8.275,30.453337,2.789875,-4.178343,30.864991
8.3,30.33656,4.077472,-3.953282,30.863589
8.325,30.149877,5.662668,-3.372773,30.861894
8.35,29.841003,7.462734,-2.485857,30.860288
8.375,29.367613,9.379218,-1.363707,30.859133
8.4,28.712132,11.307651,-0.096959,30.858692
8.425,27.890941,13.149598,1.210603,30.859068
8.45,26.955272,14.82418,2.451089,30.860182
8.475,25.983494,16.275826,3.52216,30.86179
8.5,25.06699,17.476044,4.334963,30.863538
8.525,24.293368,18.419048,4.818894,30.865042
8.55,23.730938,19.113133,4.923308,30.865972
8.575,23.417343,19.571002,4.617561,30.866129
8.6,23.353904,19.802318,3.891221,30.865486
8.625,23.506098,19.810817,2.755604,30.864194
8.65,23.809899,19.596735,1.246464,30.86255
8.675,24.183181,19.163544,-0.57381,30.860929
8.7,24.540573,18.526578,-2.616759,30.859703
8.725,24.809179,17.720351,-4.77296,30.859154
8.75,24.941799,16.801752,-6.921793,30.859414
8.775,24.924424,15.847564,-8.943938,30.860432
8.8,24.776078,14.946706,-10.733323,30.861988
8.825,24.541195,14.189153,-12.205249,30.863739
8.85,24.276824,13.654244,-13.299035,30.865302
8.875,24.038121,13.400675,-13.975735,30.866333
8.9,23.865627,13.459494,-14.213421,30.866607
8.925,23.776934,13.830483,-14.003192,30.866069
8.95,23.764141,14.481874,-13.348389,30.864843
8.975,23.797299,15.353468,-12.267727,30.863207
9,23.833015,16.363368,-10.800995,30.861528
9.025,23.826382,17.418236,-9.014414,30.860186
9.05,23.743524,18.426049,-7.002387,30.859482
9.075,23.571646,19.309126,-4.883491,30.859574
9.1,23.323864,20.014395,-2.790754,30.860443
9.125,23.037447,20.518174,-0.858498,30.861893
9.15,22.765955,20.824207,0.790722,30.863596
9.175,22.567398,20.955769,2.055982,30.865171
9.2,22.491363,20.944362,2.863275,30.86626
9.225,22.567972,20.818389,3.166935,30.866619
9.25,22.800769,20.594825,2.949248,30.866162
9.275,23.164794,20.275848,2.220281,30.864986
9.3,23.610321,19.850971,1.01878,30.863347
9.325,24.071941,19.303787,-0.58674,30.861607
9.35,24.481682,18.621277,-2.498785,30.860146
9.375,24.783724,17.802869,-4.595699,30.859286
9.4,24.947324,16.866452,-6.741271,30.859211
9.425,24.97458,15.849404,-8.797845,30.859931
9.45,24.900744,14.804253,-10.6398,30.861275
9.475,24.786908,13.790253,-12.163837,30.862936
9.5,24.706927,12.863294,-13.293712,30.864532
9.525,24.73186,12.066687,-13.979325,30.865699
9.55,24.915356,11.424702,-14.192306,30.866168
9.575,25.282753,10.939682,-13.921386,30.865827
9.6,25.825689,10.59272,-13.17044,30.864744
9.625,26.503081,10.347387,-11.960456,30.863153
9.65,27.248543,10.155839,-10.334507,30.861404
9.675,27.983264,9.966451,-8.362952,30.85988
9.7,28.632103,9.731854,-6.145438,30.858916
9.725,29.139425,9.415955,-3.807175,30.858725
9.75,29.480647,8.9985,-1.489128,30.859343
9.775,29.666289,8.476225,0.665767,30.860627
9.8,29.737321,7.860567,2.526663,30.862288
9.825,29.753121,7.17288,3.98559,30.863949
9.85,29.775373,6.438741,4.96313,30.865237
9.875,29.852022,5.682945,5.409482,30.865864
9.9,30.004999,4.926239,5.303109,30.865689
9.925,30.224299,4.18408,4.649527,30.864751
9.95,30.469636,3.466999,3.481677,30.863261
9.975,30.679505,2.781782,1.861486,30.861553
10,30.786002,2.132631,-0.119447,30.860011
10.025,30.732288,1.521704,-2.342616,30.858985
10.05,30.48846,0.948849,-4.670469,30.858707
10.075,30.061576,0.410732,-6.958875,30.859245
10.1,29.496896,-0.100154,-9.071523,30.860483
10.125,28.869921,-0.59603,-10.892416,30.86215
10.15,28.271422,-1.093491,-12.333288,30.863879
10.175,27.789382,-1.612107,-13.334821,30.86529
10.2,27.492048,-2.172019,-13.86305,30.866074
10.225,27.415386,-2.790835,-13.904024,30.866066
10.25,27.556856,-3.480286,-13.460029,30.865273
10.275,27.876262,-4.243246,-12.549427,30.863882
10.3,28.30348,-5.071862,-11.210055,30.862211
10.325,28.752027,-5.947459,-9.504101,30.860642
10.35,29.136254,-6.8426,-7.521197,30.859534
10.375,29.388766,-7.725106,-5.376797,30.859145
10.4,29.474004,-8.563083,-3.20463,30.859568
10.425,29.394452,-9.329543,-1.144437,30.860718
10.45,29.187829,-10.005169,0.671887,30.862343
10.475,28.916142,-10.578404,2.132131,30.864088
10.5,28.649722,-11.042955,3.15116,30.865567
10.525,28.450397,-11.393776,3.673553,30.866458
10.55,28.357642,-11.62315,3.673066,30.866566
10.575,28.380426,-11.718485,3.151296,30.865873
10.6,28.496084,-11.662975,2.137258,30.864538
10.625,28.656287,-11.439409,0.688003,30.862861
10.65,28.798947,-11.036344,-1.111198,30.861222
10.675,28.863708,-10.454969,-3.149425,30.859988
10.7,28.807541,-9.714475,-5.297123,30.859438
10.725,28.616566,-8.854021,-7.417499,30.859696
10.75,28.310861,-7.930401,-9.380134,30.860704
10.775,27.940882,-7.011911,-11.073286,30.862234
10.8,27.576508,-6.170067,-12.411666,30.863943
10.825,27.291641,-5.47124,-13.3382,30.865445
10.85,27.148191,-4.969809,-13.820691,30.866402
10.875,27.182872,-4.703464,-13.846143,30.866596
10.9,27.399241,-4.690504,-13.416015,30.86598
10.925,27.76628,-4.928563,-12.544789,30.864685
10.95,28.223819,-5.39452,-11.262312,30.862995
10.975,28.69415,-6.045776,-9.618367,30.861281
11,29.09799,-6.823423,-7.686517,30.85992
11.025,29.371622,-7.657574,-5.564185,30.859209
11.05,29.481226,-8.474396,-3.367245,30.8593
11.075,29.430561,-9.2035,-1.219616,30.860165
11.1,29.259804,-9.783936,0.759568,30.861602
11.125,29.035803,-10.167341,2.467681,30.863281
11.15,28.836387,-10.317872,3.82639,30.864818
11.175,28.732728,-10.209823,4.784475,30.86586
11.2,28.773724,-9.824739,5.316735,30.866168
11.225,28.975469,-9.149983,5.421192,30.865665
11.25,29.317577,-8.180019,5.116798,30.864456
11.275,29.74698,-6.920422,4.442694,30.862803
11.3,30.188694,-5.393223,3.458531,30.861068
11.325,30.561769,-3.641292,2.244173,30.859634
11.35,30.797261,-1.729371,0.896931,30.858816
11.375,30.854048,0.259602,-0.474693,30.858791
11.4,30.728331,2.232505,-1.760148,30.859561
11.425,30.45418,4.096261,-2.856885,30.86095
11.45,30.094965,5.767331,-3.678809,30.862641
11.475,29.728142,7.177953,-4.16135,30.864256
11.5,29.427442,8.278191,-4.262856,30.865429
11.525,29.246699,9.034648,-3.963521,30.8659
11.55,29.208635,9.427968,-3.263722,30.865561
11.575,29.300521,9.451423,-2.183297,30.864489
11.6,29.477305,9.111965,-0.762062,30.862925
11.625,29.671642,8.433615,0.9395,30.861219
11.65,29.809005,7.461551,2.841316,30.859756
11.675,29.824826,6.264474,4.848281,30.858867
11.7,29.679693,4.933177,6.858741,30.858755
11.725,29.368669,3.574538,8.775511,30.85945
11.75,28.922154,2.302005,10.516599,30.860801
11.775,28.398105,1.224877,12.022559,30.862512
11.8,27.867881,0.438927,13.258497,30.864205
11.825,27.399541,0.019894,14.210718,30.86551
11.85,27.042678,0.019892,14.879916,30.866142
11.875,26.817944,0.465579,15.273803,30.865968
11.9,26.713087,1.356729,15.401967,30.865034
11.925,26.686024,2.664629,15.274654,30.863557
11.95,26.674351,4.331013,14.905592,30.861876
11.975,26.609584,6.26928,14.31743,30.860373
12,26.433316,8.369729,13.547314,30.859395
12.025,26.11165,10.509382,12.650017,30.859169
12.05,25.644276,12.565004,11.69684,30.859752
12.075,25.065777,14.426209,10.770053,30.861023
12.1,24.438867,16.005096,9.954153,30.862704
12.125,23.841542,17.239966,9.326156,30.864425
12.15,23.351556,18.092936,8.946987,30.865808
12.175,23.031797,18.543581,8.855272,30.866551
12.2,22.919316,18.582065,9.063784,30.866492
12.225,23.019551,18.205142,9.558318,30.865651
12.25,23.306294,17.417008,10.298758,30.864218
12.275,23.727204,16.234827,11.22253,30.862518
12.3,24.214083,14.696672,12.250843,30.860932
12.325,24.696266,12.868312,13.297722,30.859819
12.35,25.114515,10.845336,14.280901,30.859428
12.375,25.432239,8.748657,15.132496,30.859848
12.4,25.641123,6.713899,15.806857,30.860985
12.425,25.759629,4.87736,16.283482,30.862581
12.45,25.82484,3.362281,16.564312,30.864279
12.475,25.879977,2.268381,16.666505,30.865695
12.5,25.960945,1.665788,16.613125,30.86651
12.525,26.085241,1.592583,16.424586,30.866538
12.55,26.245792,2.054164,16.113176,30.865768
12.575,26.411146,3.023017,15.681895,30.864366
12.6,26.532211,4.438755,15.127517,30.86264
12.625,26.554364,6.209707,14.446615,30.860969
12.65,26.432396,8.217894,13.642468,30.859719
12.675,26.144702,10.32849,12.73047,30.859164
12.7,25.702854,12.403047,11.740169,30.859421
12.725,25.153727,14.313783,10.713139,30.860424
12.75,24.573409,15.955238,9.697281,30.861939
12.775,24.054445,17.250272,8.73927,30.863621
12.8,23.689642,18.149468,7.877246,30.865083
12.825,23.55602,18.625486,7.135449,30.865992
12.85,23.701839,18.665729,6.521633,30.866136
12.875,24.138482,18.266997,6.027276,30.865475
12.9,24.838085,17.434676,5.630042,30.864151
12.925,25.737285,16.18691,5.297822,30.86245
12.95,26.746939,14.561931,4.993703,30.860746
12.975,27.766825,12.625105,4.681201,30.859415
13,28.702962,10.471954,4.329028,30.858748
13.025,29.483907,8.224716,3.91464,30.85889
13.05,30.07194,6.022371,3.425943,30.859805
13.075,30.466061,4.006581,2.860998,30.861284
13.1,30.696013,2.307299,2.226081,30.862992
13.125,30.80919,1.031451,1.532976,30.864544
13.15,30.854251,0.256293,0.796423,30.865592
13.175,30.865872,0.026904,0.032441,30.865901
13.2,30.854421,0.355917,-0.742319,30.865402
13.225,30.802924,1.223628,-1.51057,30.864206
13.25,30.671993,2.577861,-2.254432,30.862583
13.275,30.411631,4.334538,-2.956246,30.860896
13.3,29.977157,6.380957,-3.600522,30.859526
13.325,29.345231,8.583473,-4.176826,30.858783
13.35,28.525535,10.799654,-4.682861,30.858837
13.375,27.564671,12.892862,-5.126699,30.859683
13.4,26.541007,14.745642,-5.527262,30.861135
13.425,25.551888,16.268337,-5.912629,30.862873
13.45,24.696685,17.40103,-6.31635,30.864517
13.475,24.059772,18.109475,-6.77244,30.865704
13.5,23.696829,18.377872,-7.309926,30.866177
13.525,23.62648,18.202248,-7.947808,30.865839
13.55,23.828005,17.587582,-8.691221,30.864773
13.575,24.245138,16.549933,-9.529516,30.863225
13.6,24.795466,15.122538,-10.436901,30.861549
13.625,25.384392,13.362941,-11.375937,30.860128
13.65,25.921566,11.357398,-12.30356,30.859288
13.675,26.336654,9.219589,-13.178458,30.859227
13.7,26.590779,7.08275,-13.967913,30.859965
13.725,26.68073,5.086826,-14.65215,30.861346
13.75,26.634867,3.364087,-15.224837,30.863066
13.775,26.502084,2.026773,-15.689628,30.864748
13.8,26.337031,1.159017,-16.053935,30.866022
13.825,26.185492,0.813155,-16.32196,30.86661
13.85,26.073353,1.008927,-16.489271,30.866385
13.875,26.001379,1.733673,-16.540732,30.865403
13.9,25.946641,2.942486,-16.452754,30.863887
13.925,25.870108,4.558832,-16.199649,30.862179
13.95,25.728652,6.477327,-15.762652,30.860662
13.975,25.488668,8.570437,-15.139196,30.85968
14,25.137851,10.699625,-14.349643,30.859452
14.025,24.691904,12.729406,-13.439257,30.860031
14.05,24.194239,14.541064,-12.474583,30.861286
14.075,23.708719,16.042353,-11.535175,30.862934
14.1,23.307404,17.170825,-10.702874,30.864604
14.125,23.056407,17.890803,-10.051187,30.865921
14.15,23.002989,18.186355,-9.636656,30.866586
14.175,23.166276,18.053894,-9.493057,30.866447
14.2,23.533013,17.497782,-9.628391,30.865531
14.225,24.058993,16.530753,-10.024357,30.864035
14.25,24.676192,15.178774,-10.638197,30.862288
14.275,25.304839,13.487936,-11.407101,30.860675
14.3,25.868616,11.529825,-12.255186,30.859549
14.325,26.309949,9.402135,-13.102438,30.859154
14.35,26.601741,7.22297,-13.874053,30.859573
14.375,26.752345,5.119721,-14.50805,30.860704
14.4,26.802293,3.215442,-14.95923,30.862283
14.425,26.813632,1.616391,-15.19868,30.863951
14.45,26.854691,0.40345,-15.209573,30.865325
14.475,26.984022,-0.371757,-14.981318,30.866091
14.5,27.237052,-0.687122,-14.504657,30.866069
14.525,27.618002,-0.548635,-13.769862,30.865257
14.55,28.098521,0.011081,-12.769063,30.863829
14.575,28.62337,0.933936,-11.502149,30.862096
14.6,29.122316,2.138149,-9.984276,30.86044
14.625,29.526056,3.522187,-8.252144,30.859223
14.65,29.782709,4.971927,-6.366353,30.858715
14.675,29.870716,6.3707,-4.408372,30.859023
14.7,29.804585,7.610337,-2.472572,30.860074
14.725,29.631766,8.600512,-0.655574,30.861628
14.75,29.421517,9.274138,0.95405,30.863336
14.775,29.248793,9.5881,2.283204,30.864811
14.8,29.177223,9.5204,3.27788,30.865723
14.825,29.244993,9.066059,3.903689,30.865868
14.85,29.456374,8.23416,4.14512,30.865213
14.875,29.780399,7.047425,4.005281,30.863905
14.9,30.156958,5.54412,3.506895,30.862238
14.925,30.509434,3.780557,2.693983,30.860585
14.95,30.761614,1.831767,1.632617,30.859321
14.975,30.855295,-0.211641,0.408974,30.858731
15,30.764274,-2.250932,-0.876186,30.858953
15.025,30.500912,-4.189585,-2.116063,30.859941
15.05,30.113383,-5.943694,-3.207428,30.86148
15.075,29.67439,-7.449451,-4.058973,30.863231
15.1,29.264464,-8.665891,-4.596724,30.864809
15.125,28.954144,-9.572966,-4.766305,30.865868
15.15,28.78904,-10.166701,-4.533247,30.866179
15.175,28.780653,-10.453978,-3.883113,30.865681
15.2,28.904385,-10.449174,-2.822801,30.864492
15.225,29.104995,-10.173698,-1.383091,30.862887
15.25,29.308602,-9.658048,0.378937,30.861232
15.275,29.439108,-8.944777,2.379848,30.859906
15.3,29.435723,-8.090263,4.514079,30.859213
15.325,29.267478,-7.163632,6.662927,30.859318
15.35,28.940958,-6.242272,8.706733,30.860205
15.375,28.49914,-5.404782,10.537114,30.861682
15.4,28.011738,-4.723092,12.065902,30.863426
15.425,27.559788,-4.255575,13.228743,30.865053
15.45,27.218447,-4.042298,13.983514,30.866206
15.475,27.04188,-4.102557,14.305761,30.866634
15.5,27.053065,-4.434169,14.184319,30.866245
15.525,27.240012,-5.013924,13.619791,30.865132
15.55,27.558814,-5.799043,12.627011,30.863547
15.575,27.942992,-6.730083,11.240495,30.861847
15.6,28.317601,-7.735901,9.520214,30.860414
15.625,28.615423,-8.740853,7.554354,30.859572
15.65,28.791649,-9.673454,5.456606,30.85951
15.675,28.833341,-10.474731,3.357524,30.860242
15.7,28.761077,-11.104136,1.391827,30.861603
15.725,28.622342,-11.54144,-0.314937,30.863287
15.75,28.478543,-11.784295,-1.657094,30.864915
15.775,28.389123,-11.842575,-2.555095,30.86612
15.8,28.396675,-11.73158,-2.957646,30.866629
15.825,28.516304,-11.466291,-2.841575,30.866325
15.85,28.731312,-11.058281,-2.211552,30.865269
15.875,28.996084,-10.515843,-1.100788,30.863693
15.9,29.245806,-9.846791,0.427823,30.861942
15.925,29.411335,-9.062563,2.282035,30.860401
15.95,29.436173,-8.181819,4.344261,30.859408
15.975,29.291504,-7.231985,6.480359,30.859178
16,28.985284,-6.24791,8.552274,30.859755
16.025,28.562741,-5.267918,10.431695,30.861001
16.05,28.098041,-4.328435,12.011105,30.86263
16.075,27.679363,-3.458813,13.209562,30.864268
16.1,27.391166,-2.677727,13.972667,30.86554
16.125,27.29764,-1.991817,14.268535,30.866156
16.15,27.430437,-1.396486,14.082932,30.865968
16.175,27.782565,-0.87823,13.416662,30.865013
16.2,28.309262,-0.417711,12.286841,30.863494
16.225,28.935822,0.007107,10.731517,30.861745
16.25,29.571389,0.418238,8.815153,30.860151
16.275,30.126503,0.835615,6.631531,30.859061
16.3,30.530829,1.275835,4.30128,30.858715
16.325,30.746822,1.751663,1.963148,30.859185
16.35,30.775676,2.272118,-0.239266,30.860363
16.375,30.653925,2.842838,-2.171839,30.861979
16.4,30.44176,3.466316,-3.721565,30.86367
16.425,30.206403,4.141673,-4.803266,30.865055
16.45,30.004953,4.863849,-5.361419,30.865823
16.475,29.870708,5.622423,-5.369072,30.865802
16.5,29.8058,6.400612,-4.826444,30.864998
16.525,29.781408,7.175232,-3.760976,30.86359
16.55,29.7454,7.918345,-2.228777,30.861894
16.575,29.635813,8.600959,-0.315704,30.860291
16.6,29.39727,9.198409,1.864555,30.859144
16.625,28.996414,9.696305,4.1773,30.858714
16.65,28.432307,10.095377,6.47853,30.8591
16.675,27.738885,10.413638,8.629237,30.860222
16.7,26.978781,10.684963,10.508555,30.861834
16.725,26.23032,10.954203,12.022329,30.863581
16.75,25.571234,11.269881,13.105527,30.865078
16.775,25.063094,11.676007,13.719405,30.865999
16.8,24.739639,12.204469,13.846304,30.866146
16.825,24.600914,12.869241,13.48541,30.865492
16.85,24.613874,13.663292,12.651882,30.864194
16.875,24.7192,14.558865,11.379694,30.862547
16.9,24.843258,15.511474,9.726442,30.86093
16.925,24.913204,16.46732,7.776979,30.859711
16.95,24.872272,17.372904,5.642768,30.859172
16.975,24.69177,18.18467,3.455357,30.859443
17,24.37675,18.876106,1.354736,30.86047
17.025,23.963886,19.440215,-0.524536,30.86203
17.05,23.512301,19.886611,-2.065776,30.863782
17.075,23.089946,20.234154,-3.178458,30.86534
17.1,22.759012,20.501404,-3.801585,30.866361
17.125,22.563611,20.697695,-3.90351,30.866625
17.15,22.521897,20.817414,-3.480528,30.866076
17.175,22.623699,20.839208,-2.55621,30.864843
17.2,22.833774,20.730632,-1.181946,30.863204
17.225,23.100029,20.457422,0.562537,30.861527
17.25,23.36521,19.995216,2.570941,30.860192
17.275,23.57976,19.340605,4.716408,30.859498
17.3,23.712859,18.518269,6.862144,30.859601
17.325,23.758845,17.581907,8.874851,30.860479
17.35,23.737241,16.608523,10.637636,30.861934
17.375,23.686397,15.687605,12.058932,30.863638
17.4,23.652535,14.908027,13.075526,30.865208
17.425,23.677093,14.345618,13.65014,30.86629
17.45,23.785425,14.053455,13.766019,30.866638
17.475,23.979357,14.055783,13.421843,30.86617
17.5,24.235175,14.345637,12.629582,30.864986
17.525,24.50762,14.88601,11.416185,30.863344
17.55,24.739419,15.614491,9.827893,30.861605
17.575,24.874694,16.451252,7.934407,30.860151
17.6,24.873377,17.309685,5.829782,30.8593
17.625,24.723088,18.107984,3.627983,30.859236
17.65,24.445164,18.779236,1.453177,30.859965
17.675,24.092993,19.277454,-0.572972,30.861316
17.7,23.742992,19.578091,-2.343522,30.862978
17.725,23.480529,19.673245,-3.774903,30.864571
17.75,23.384153,19.563559,-4.810594,30.86573
17.775,23.511372,19.249796,-5.42055,30.866189
17.8,23.888347,18.727082,-5.598499,30.865837
17.825,24.504893,17.983862,-5.359423,30.864745
17.85,25.315482,17.006071,-4.738567,30.863151
17.875,26.246346,15.785381,-3.791728,30.861402
17.9,27.208052,14.328942,-2.59533,30.859884
17.925,28.11163,12.667344,-1.244284,30.85893
17.95,28.885044,10.857859,0.153583,30.85875
17.975,29.486005,8.981512,1.486313,30.859378
18,29.907632,7.13461,2.647994,30.86067
18.025,30.175334,5.41718,3.547812,30.862333
18.05,30.335895,3.921532,4.115948,30.863991
18.075,30.441892,2.72348,4.305682,30.865272
18.1,30.535703,1.877239,4.092672,30.865889
18.125,30.637075,1.413407,3.473262,30.865704
18.15,30.737152,1.338618,2.463499,30.864757
18.175,30.800273,1.63563,1.099469,30.863262
18.2,30.7733,2.263564,-0.561899,30.861553
18.225,30.600506,3.159026,-2.4434,30.860016
18.25,30.240559,4.239292,-4.451375,30.858998
18.275,29.681225,5.408319,-6.483533,30.85873
18.3,28.947607,6.565184,-8.439756,30.859278
18.325,28.101435,7.613291,-10.233235,30.860524
18.35,27.231501,8.46813,-11.798777,30.862194
18.375,26.437867,9.061816,-13.095964,30.863921
18.4,25.813884,9.344014,-14.106773,30.865324
18.425,25.430001,9.280362,-14.829229,30.866099
18.45,25.322212,8.850451,-15.269903,30.866079
18.475,25.486611,8.047396,-15.438181,30.865278
18.5,25.880472,6.879951,-15.344269,30.863881
18.525,26.429675,5.376606,-15.001344,30.862209
18.55,27.041616,3.589647,-14.430689,30.860644
18.575,27.621795,1.596573,-13.667438,30.859544
18.6,28.091075,-0.503141,-12.764264,30.859165
18.625,28.399749,-2.596264,-11.791036,30.859599
18.65,28.534884,-4.567288,-10.829894,30.860757
18.675,28.51898,-6.310067,-9.966832,30.862387
18.7,28.400487,-7.736474,-9.28191,30.86413
18.725,28.23897,-8.780387,-8.840299,30.865604
18.75,28.088964,-9.397362,-8.685596,30.866485
18.775,27.986429,-9.562088,-8.835845,30.866582
18.8,27.940696,-9.266298,-9.282011,30.865879
18.825,27.933363,-8.519044,-9.988631,30.864537
18.85,27.924183,-7.34963,-10.896741,30.862859
18.875,27.862649,-5.811623,-11.929495,30.861222
18.9,27.702706,-3.985281,-13.000652,30.859996
18.925,27.417058,-1.975802,-14.025233,30.859456
18.95,27.007298,0.093713,-14.930495,30.859725
18.975,26.507012,2.093567,-15.66463,30.860741
19,25.976916,3.900178,-16.200879,30.862276
19.025,25.493375,5.406839,-16.536004,30.863984
19.05,25.13331,6.530182,-16.683865,30.865481
19.075,24.959095,7.212019,-16.666336,30.866429
19.1,25.006457,7.418177,-16.50441,30.866612
19.125,25.277373,7.136837,-16.212003,30.865986
19.15,25.738993,6.378424,-15.793944,30.864684
19.175,26.328805,5.177571,-15.248311,30.862991
19.2,26.965598,3.595898,-14.572049,30.86128
19.225,27.564683,1.723088,-13.767869,30.859926
19.25,28.054621,-0.326149,-12.850044,30.859225
19.275,28.391678,-2.420248,-11.847071,30.859327
19.3,28.568269,-4.422956,-10.800163,30.860202
19.325,28.612971,-6.206524,-9.757975,30.861644
19.35,28.582051,-7.662469,-8.769133,30.863324
19.375,28.544823,-8.70756,-7.874695,30.864856
19.4,28.566619,-9.284839,-7.102336,30.86589
19.425,28.693371,-9.361516,-6.46328,30.866187
19.45,28.94097,-8.926544,-5.95205,30.865674
19.475,29.291378,-7.990195,-5.548573,30.864457
19.5,29.696201,-6.586308,-5.221942,30.862801
19.525,30.087216,-4.775855,-4.935195,30.861068
19.55,30.391982,-2.649109,-4.65049,30.85964
19.575,30.551254,-0.32353,-4.334018,30.858832
19.6,30.534009,2.064042,-3.959886,30.858818
19.625,30.346029,4.36999,-3.512337,30.859598
19.65,30.029579,6.458266,-2.985978,30.860993
19.675,29.654238,8.212605,-2.38426,30.862686
19.7,29.301441,9.543711,-1.716952,30.864297
19.725,29.046753,10.390755,-0.997549,30.865463
19.75,28.943958,10.718871,-0.241401,30.865922
19.775,29.014102,10.515661,0.535135,30.865573
19.8,29.241309,9.789492,1.314771,30.864493
19.825,29.575969,8.570815,2.079259,30.862925
19.85,29.944838,6.915597,2.809995,30.86122
19.875,30.266409,4.908269,3.489748,30.859763
19.9,30.46858,2.661105,4.105454,30.858882
19.925,30.504649,0.308024,4.65144,30.858781
19.95,30.363501,-2.006916,5.13205,30.859485
19.975,30.071208,-4.143759,5.562673,30.860843
20,29.68358,-5.979816,5.968602,30.862556
20.025,29.271848,-7.41848,6.381751,30.864246
20.05,28.905375,-8.392397,6.835842,30.865544
20.075,28.635643,-8.862111,7.360917,30.866165
20.1,28.484952,-8.812843,7.978095,30.86598
20.125,28.441888,-8.252225,8.695417,30.865037
20.15,28.464234,-7.210517,9.505517,30.863555
20.175,28.488773,-5.742858,10.385789,30.861874
20.2,28.446185,-3.931394,11.301395,30.860376
20.225,28.278008,-1.88445,12.210901,30.859407
20.25,27.951763,0.269237,13.07349,30.859191
20.275,27.470359,2.391226,13.855963,30.859785
20.3,26.87323,4.346784,14.537544,30.861063
20.325,26.228928,6.017503,15.110994,30.862747
20.35,25.62131,7.309968,15.579733,30.864466
20.375,25.132964,8.159088,15.951915,30.865842
20.4,24.829667,8.52698,16.233411,30.866574
20.425,24.748806,8.399862,16.421938,30.866505
20.45,24.893397,7.785667,16.504265,30.865654
20.475,25.2323,6.713961,16.457629,30.864216
20.5,25.706467,5.237869,16.25537,30.862514
20.525,26.240342,3.436057,15.875616,30.860933
20.55,26.7566,1.412071,15.31076,30.859828
20.575,27.191362,-0.710978,14.574973,30.859448
20.6,27.506338,-2.800492,13.707322,30.859878
20.625,27.694757,-4.727226,12.769358,30.861023
20.65,27.779443,-6.377513,11.837711,30.862623
20.675,27.803642,-7.661721,10.993713,30.864319
20.7,27.817207,-8.517442,10.312587,30.86573
20.725,27.861822,-8.908126,9.854296,30.866535
20.75,27.958896,-8.819531,9.657125,30.866552
20.775,28.102825,-8.256757,9.734119,30.865772
20.8,28.261131,-7.243644,10.072095,30.864364
20.825,28.381598,-5.82453,10.633066,30.862636
20.85,28.40516,-4.06663,11.358203,30.860969
20.875,28.281834,-2.060373,12.174379,30.859727
20.9,27.985865,0.084512,13.002821,30.859182
20.925,27.526041,2.247737,13.768455,30.85945
20.95,26.948123,4.310412,14.40788,30.860461
20.975,26.328569,6.167102,14.873977,30.861981
21,25.761183,7.734671,15.136114,30.863662
21.025,25.340109,8.955989,15.176452,30.865119
21.05,25.143014,9.798677,14.984187,30.866018
21.075,25.217605,10.250883,14.550296,30.866152
21.1,25.573425,10.316881,13.865058,30.865482
21.125,26.179855,10.014707,12.91962,30.86415
21.15,26.970613,9.376638,11.711333,30.862447
21.175,27.854441,8.451601,10.251156,30.860746
21.2,28.730717,7.3074,8.570401,30.859423
21.225,29.507363,6.030456,6.724033,30.858766
21.25,30.117221,4.721616,4.788768,30.85892
21.275,30.528759,3.488256,2.85603,30.859844
21.3,30.748193,2.434413,1.021689,30.861328
21.325,30.812498,1.651384,-0.624433,30.863036
21.35,30.775478,1.21077,-2.006619,30.864584
21.375,30.690873,1.160631,-3.067564,30.865623
21.4,30.59696,1.524087,-3.76939,30.865922
21.425,30.506314,2.29907,-4.093012,30.865412
21.45,30.40291,3.458249,-4.037695,30.864209
21.475,30.247096,4.949211,-3.621805,30.862582
21.5,29.987295,6.696044,-2.884459,30.860897
21.525,29.575743,8.60389,-1.886618,30.859533
21.55,28.98436,10.567334,-0.709827,30.8588
21.575,28.216479,12.481948,0.548524,30.858865
21.6,27.311026,14.256597,1.78315,30.85972
21.625,26.337905,15.823177,2.890349,30.861178
21.65,25.385874,17.140996,3.776677,30.862917
21.675,24.546265,18.194745,4.364971,30.864556
21.7,23.896546,18.987216,4.597206,30.865735
21.725,23.48713,19.529633,4.435124,30.866198
21.75,23.333451,19.833015,3.860342,30.86585
21.775,23.414115,19.903403,2.875437,30.864775
21.8,23.675074,19.742351,1.50632,30.863223
21.825,24.039239,19.352312,-0.195203,30.861548
21.85,24.420277,18.744914,-2.150817,30.860132
21.875,24.738379,17.949078,-4.259082,30.859302
21.9,24.934875,17.015854,-6.403606,30.859252
21.925,24.982273,16.017891,-8.464798,30.86
21.95,24.887149,15.043228,-10.332295,30.861387
21.975,24.685224,14.184949,-11.914631,30.863109
22,24.430184,13.529301,-13.143791,30.864788
22.025,24.179375,13.144855,-13.974402,30.866054
22.05,23.980024,13.074367,-14.37944,30.866631
22.075,23.858992,13.329986,-14.345534,30.866396
22.1,23.817943,13.891756,-13.870758,30.865405
22.125,23.834565,14.709391,-12.966366,30.863884
22.15,23.869409,15.707498,-11.661893,30.862176
22.175,23.876853,16.794421,-10.011189,30.860665
22.2,23.817798,17.874172,-8.09611,30.859691
22.225,23.671011,18.859717,-6.02507,30.859474
22.25,23.440155,19.684831,-3.925567,30.860063
22.275,23.154529,20.311479,-1.932102,30.861325
22.3,22.863284,20.730744,-0.172706,30.862976
22.325,22.62472,20.957207,1.242504,30.864645
22.35,22.493418,21.018726,2.228549,30.865954
22.375,22.508193,20.944788,2.728495,30.86661
22.4,22.6833,20.756739,2.713668,30.86646
22.425,23.004451,20.462393,2.183323,30.865534
22.45,23.430393,20.056112,1.165152,30.864033
22.475,23.900057,19.524024,-0.283587,30.862286
22.5,24.344375,18.852662,-2.076025,30.860676
22.525,24.700761,18.038392,-4.098924,30.859558
22.55,24.927171,17.094696,-6.220626,30.859175
22.575,25.012224,16.054955,-8.303144,30.859604
22.6,24.978545,14.96976,-10.215869,30.860742
22.625,24.878264,13.899525,-11.847291,30.862325
22.65,24.781821,12.904563,-13.111809,30.863991
22.675,24.762937,12.035239,-13.95064,30.865359
22.7,24.883241,11.32439,-14.328278,30.866115
22.725,25.179689,10.783167,-14.227495,30.866083
22.75,25.656917,10.400473,-13.64614,30.865262
22.775,26.285764,10.145599,-12.59767,30.863828
22.8,27.008314,9.973421,-11.115336,30.862094
22.825,27.748919,9.831448,-9.257806,30.860441
22.85,28.429445,9.667773,-7.112883,30.859233
22.875,28.985665,9.438689,-4.79624,30.858735
22.9,29.380855,9.114502,-2.44386,30.859054
22.925,29.612903,8.68233,-0.199411,30.860114
22.95,29.712876,8.145378,1.800184,30.861673
22.975,29.735424,7.519218,3.437169,30.86338
23,29.743709,6.826416,4.620687,30.864849
23.025,29.792851,6.091164,5.289464,30.865753
23.05,29.915851,5.335261,5.41108,30.865887
23.075,30.115051,4.576086,4.980468,30.865222
23.1,30.360861,3.826429,4.01962,30.863907
23.125,30.598121,3.095491,2.578872,30.862237
23.15,30.75903,2.390178,0.738253,30.860588
23.175,30.780055,1.715888,-1.393643,30.85933
23.2,30.618969,1.07642,-3.68545,30.858751
23.225,30.26758,0.473034,-5.993886,30.858983
23.25,29.756557,-0.096882,-8.177794,30.85998
23.275,29.150887,-0.640895,-10.11181,30.861524
23.3,28.537201,-1.171782,-11.696016,30.863275
23.325,28.00639,-1.706611,-12.859563,30.864847
23.35,27.635772,-2.264654,-13.558725,30.865897
23.375,27.474559,-2.864389,-13.77193,30.866197
23.4,27.535071,-3.52007,-13.495174,30.865689
23.425,27.79088,-4.238498,-12.740451,30.864493
23.45,28.182007,-5.016691,-11.53798,30.862885
23.475,28.626495,-5.841152,-9.940846,30.861232
23.5,29.03658,-6.689197,-8.029066,30.859913
23.525,29.336493,-7.532312,-5.909867,30.85923
23.55,29.477948,-8.340824,-3.712204,30.859346
23.575,29.449421,-9.08861,-1.575848,30.860242
23.6,29.276738,-9.756398,0.362391,30.861725
23.625,29.014892,-10.332614,1.98163,30.863469
23.65,28.733478,-10.811576,3.186058,30.865092
23.675,28.499684,-11.189789,3.909114,30.866237
23.7,28.362918,-11.46178,4.113729,30.866653
23.725,28.344269,-11.617098,3.790922,30.866255
23.75,28.432653,-11.639833,2.958879,30.865134
23.775,28.588157,-11.51125,1.663359,30.863544
23.8,28.751907,-11.215209,-0.021545,30.861845
23.825,28.860558,-10.745037,-1.994453,30.860419
23.85,28.862332,-10.109837,-4.131709,30.859586
23.875,28.730751,-9.338145,-6.297134,30.859535
23.9,28.472434,-8.477538,-8.355147,30.860276
23.925,28.126775,-7.590104,-10.184103,30.861644
23.95,27.757546,-6.744954,-11.686291,30.86333
23.975,27.43878,-6.009762,-12.792246,30.864955
24,27.238532,-5.443169,-13.459333,30.866152
24.025,27.204238,-5.089142,-13.666755,30.86665
24.05,27.35254,-4.973453,-13.410218,30.866335
24.075,27.665287,-5.101856,-12.699131,30.865271
24.1,28.092393,-5.45957,-11.557594,30.863691
24.125,28.561269,-6.012079,-10.028368,30.86194
24.15,28.991459,-6.707625,-8.177263,30.860405
24.175,29.311786,-7.481768,-6.09477,30.859421
24.2,29.47622,-8.263806,-3.892595,30.859201
24.225,29.474422,-8.984034,-1.694725,30.859788
24.25,29.333996,-9.580184,0.375037,30.861042
24.275,29.113739,-10.001485,2.205692,30.862673
24.3,28.889746,-10.209553,3.708517,30.864308
24.325,28.73799,-10.176606,4.821641,30.865573
24.35,28.717519,-9.882521,5.510068,30.866179
24.375,28.857727,-9.312709,5.763142,30.86598
24.4,29.151962,-8.45835,5.591836,30.865016
24.425,29.558496,-7.319492,5.027474,30.863492
24.45,30.008786,-5.910125,4.121943,30.861744
24.475,30.421753,-4.26322,2.948044,30.860154
24.5,30.721456,-2.43331,1.597977,30.859073
24.525,30.854255,-0.49476,0.178458,30.858738
24.55,30.801172,1.46457,-1.197595,30.859219
24.575,30.582031,3.352823,-2.421264,30.860404
24.6,30.250223,5.084041,-3.397214,30.862024
24.625,29.879618,6.585707,-4.050393,30.863713
24.65,29.547225,7.802304,-4.328903,30.865092
24.675,29.315946,8.695099,-4.20372,30.86585
24.7,29.221169,9.239855,-3.667031,30.865819
24.725,29.263683,9.424801,-2.731028,30.865005
24.75,29.40998,9.250679,-1.428011,30.86359
24.775,29.599823,8.733342,0.188758,30.861893
24.8,29.759719,7.90785,2.045189,30.860295
24.825,29.819713,6.831847,4.04945,30.859156
24.85,29.729788,5.585905,6.099092,30.858735
24.875,29.471766,4.26947,8.091516,30.859132
24.9,29.063503,2.992703,9.935406,30.860262
24.925,28.554196,1.866109,11.55989,30.861878
24.95,28.012229,0.990499,12.918869,30.863623
24.975,27.508952,0.449266,13.989675,30.865115
25,27.102515,0.303654,14.767297,30.866026
25.025,26.825354,0.590255,15.256865,30.866161
25.05,26.677663,1.319419,15.467398,30.865498
25.075,26.627826,2.473639,15.409036,30.864193
25.1,26.619618,4.006151,15.09448,30.862544
25.125,26.584908,5.841161,14.543745,30.86093
25.15,26.459461,7.877535,13.789982,30.859719
25.175,26.198465,9.997035,12.883687,30.859191
25.2,25.788004,12.076429,11.893096,30.859472
25.225,25.249493,14.0009,10.899947,30.860508
25.25,24.635882,15.6752,9.991446,30.862073
25.275,24.020805,17.029545,9.250469,30.863825
25.3,23.483671,18.019193,8.746278,30.865377
25.325,23.094337,18.619062,8.527376,30.86639
25.35,22.90053,18.816517,8.617077,30.866642
25.375,22.92,18.605911,9.011593,30.866084
25.4,23.138296,17.987494,9.680281,30.864843
25.425,23.512223,16.971394,10.568079,30.863201
25.45,23.978442,15.585128,11.600514,30.861527
25.475,24.465898,13.881461,12.691599,30.860198
25.5,24.909837,11.942877,13.754173,30.859513
25.525,25.264381,9.879925,14.711041,30.859627
25.55,25.510512,7.822915,15.504422,30.860515
25.575,25.65731,5.908886,16.101212,30.861975
25.6,25.736133,4.267313,16.492672,30.86368
25.625,25.78944,3.008037,16.688914,30.865245
25.65,25.857321,2.213327,16.710168,30.866318
25.675,25.965196,1.934034,16.577652,30.866656
25.7,26.115573,2.188326,16.306717,30.866178
25.725,26.285762,2.96133,15.90398,30.864986
25.75,26.432184,4.20503,15.368902,30.863341
25.775,26.500648,5.839168,14.698922,30.861603
25.8,26.440577,7.754891,13.896285,30.860155
25.825,26.21992,9.822633,12.974165,30.859314
25.85,25.836877,11.904204,11.959921,30.859261
25.875,25.32507,13.867078,10.894245,30.86
25.9,24.750521,15.597366,9.826353,30.861357
25.925,24.201141,17.008043,8.80666,30.863021
25.95,23.771431,18.04062,7.879037,30.86461
25.975,23.546011,18.660944,7.074584,30.865761
26,23.585225,18.851971,6.408062,30.866209
26.025,23.915039,18.60726,5.877184,30.865847
26.05,24.522425,17.928307,5.464351,30.864747
26.075,25.356758,16.826999,5.140122,30.863148
26.1,26.337316,15.332202,4.867791,30.861401
26.125,27.366265,13.497488,4.608476,30.859888
26.15,28.345339,11.406181,4.326109,30.858944
26.175,29.19299,9.170619,3.991622,30.858775
26.2,29.857953,6.924543,3.585627,30.859413
26.225,30.325577,4.810195,3.099188,30.860712
26.25,30.615173,2.963564,2.532748,30.862378
26.275,30.769259,1.501546,1.893844,30.864033
26.3,30.83791,0.513419,1.194523,30.865308
26.325,30.862591,0.056904,0.449309,30.865914
26.35,30.863597,0.157271,-0.325855,30.865718
26.375,30.834088,0.807468,-1.113801,30.864762
26.4,30.742035,1.968044,-1.896058,30.863262
26.425,30.539653,3.567238,-2.653275,30.861553
26.45,30.178198,5.502956,-3.366706,30.860021
26.475,29.624484,7.648598,-4.020876,30.859011
26.5,28.874717,9.863574,-4.606882,30.858754
26.525,27.961639,12.007271,-5.125361,30.859312
26.55,26.952789,13.953326,-5.588053,30.860565
26.575,25.940279,15.600407,-6.017222,30.862238
26.6,25.024925,16.87682,-6.442843,30.863962
26.625,24.298772,17.738584,-6.898021,30.865359
26.65,23.8298,18.163092,-7.413521,30.866124
26.675,23.651372,18.141954,-8.012354,30.866093
26.7,23.757596,17.676533,-8.705312,30.865282
26.725,24.104836,16.778238,-9.488237,30.863879
26.75,24.619077,15.473387,-10.341717,30.862206
26.775,25.208344,13.810319,-11.233607,30.860645
26.8,25.778541,11.865135,-12.124252,30.859554
26.825,26.249921,9.742651,-12.973501,30.859186
26.85,26.570612,7.570798,-13.747814,30.85963
26.875,26.723831,5.489206,-14.425471,30.860796
26.9,26.726914,3.634905,-14.998303,30.86243
26.925,26.622604,2.128891,-15.469386,30.864172
26.95,26.465215,1.066421,-15.847487,30.865639
26.975,26.305474,0.511929,-16.140058,30.866511
27,26.177766,0.497508,-16.346983,30.866597
27.025,26.092523,1.023003,-16.457111,30.865884
27.05,26.035122,2.056191,-16.448831,30.864536
27.075,25.971298,3.532959,-16.294961,30.862855
27.1,25.85779,5.358844,-15.97099,30.861222
27.125,25.655779,7.413872,-15.464648,30.860004
27.15,25.343804,9.561902,-14.784072,30.859474
27.175,24.926731,11.663792,-13.962034,30.859753
27.2,24.438213,13.591727,-13.054741,30.860777
27.225,23.935904,15.240969,-12.135402,30.862317
27.25,23.490724,16.535969,-11.284308,30.864025
27.275,23.173005,17.429835,-10.57794,30.865517
27.3,23.038738,17.898639,-10.079352,30.866455
27.325,23.11868,17.933883,-9.831136,30.866628
27.35,23.41206,17.536735,-9.851284,30.865992
27.375,23.88583,16.716578,-10.131721,30.864683
27.4,24.479671,15.494357,-10.639295,30.862987
27.425,25.116362,13.909004,-11.319297,30.861279
27.45,25.716115,12.023675,-12.101573,30.859932
27.475,26.212277,9.928281,-12.908854,30.859241
27.5,26.564886,7.736001,-13.666047,30.859354
27.525,26.768524,5.57376,-14.308514,30.860238
27.55,26.852225,3.569008,-14.787286,30.861686
27.575,26.87137,1.836392,-15.069985,30.863365
27.6,26.893756,0.467565,-15.137664,30.864893
27.625,26.983377,-0.474311,-14.97923,30.865919
27.65,27.185664,-0.955857,-14.585907,30.866206
27.675,27.517164,-0.972393,-13.948136,30.865682
27.7,27.961537,-0.546382,-13.056365,30.864458
27.725,28.472618,0.27369,-11.905772,30.862798
27.75,28.984166,1.414528,-10.503462,30.861068
27.775,29.424639,2.780806,-8.875559,30.859647
27.8,29.733958,4.260971,-7.071379,30.858848
27.825,29.878249,5.736352,-5.162642,30.858846
27.85,29.8586,7.092271,-3.237409,30.859635
27.875,29.711296,8.228573,-1.39034,30.861036
27.9,29.49942,9.066945,0.287891,30.862731
27.925,29.298137,9.553576,1.719209,30.864338
27.95,29.177509,9.65755,2.843151,30.865496
27.975,29.186878,9.36695,3.618419,30.865945
28,29.34402,8.685213,4.022426,30.865585
28.025,29.631014,7.629677,4.050706,30.864497
28.05,29.997564,6.232738,3.717423,30.862924
28.075,30.371339,4.544438,3.056921,30.86122
28.1,30.673615,2.634143,2.125076,30.859769
28.125,30.83711,0.58899,0.998661,30.858898
28.15,30.821865,-1.492088,-0.228609,30.858807
28.175,30.62501,-3.508061,-1.453385,30.859521
28.2,30.281635,-5.366758,-2.571913,30.860886
28.225,29.856518,-6.993972,-3.488953,30.8626
28.25,29.429025,-8.338246,-4.124363,30.864288
28.275,29.07522,-9.370664,-4.416571,30.865577
28.3,28.851425,-10.080852,-4.323573,30.866188
28.325,28.782613,-10.47161,-3.823098,30.865992
28.35,28.857609,-10.554656,-2.913488,30.865041
28.375,29.03178,-10.349088,-1.615895,30.863554
28.4,29.236744,-9.882683,0.023094,30.861872
28.425,29.395456,-9.19478,1.930355,30.86038
28.45,29.439761,-8.338689,4.008805,30.85942
28.475,29.326515,-7.381661,6.144728,30.859214
28.5,29.048201,-6.40141,8.219021,30.859818
28.525,28.635186,-5.479578,10.119686,30.861103
28.55,28.149028,-4.693697,11.752158,30.86279
28.575,27.66879,-4.109619,13.044801,30.864506
28.6,27.274025,-3.775879,13.948928,30.865875
28.625,27.028487,-3.720492,14.434878,30.866598
28.65,26.967845,-3.949771,14.487116,30.866517
28.675,27.093385,-4.448453,14.101366,30.865657
28.7,27.372477,-5.180732,13.2856,30.864213
28.725,27.74564,-6.092436,12.064672,30.862511
28.75,28.139071,-7.115007,10.486496,30.860934
28.775,28.480419,-8.171795,8.626535,30.859838
28.8,28.714488,-9.186329,6.587589,30.859468
28.825,28.815102,-10.091179,4.493552,30.859909
28.85,28.789939,-10.835295,2.478086,30.861062
28.875,28.677006,-11.387845,0.671162,30.862666
28.9,28.533765,-11.737633,-0.813015,30.864361
28.925,28.421921,-11.888638,-1.884182,30.865765
28.95,28.391737,-11.853462,-2.479775,30.866561
28.975,28.469476,-11.646962,-2.565577,30.866567
29,28.650518,-11.282024,-2.135409,30.865778
29.025,28.8995,-10.768481,-1.211453,30.864363
29.05,29.15757,-10.115056,0.154679,30.862634
29.075,29.355594,-9.333176,1.881588,30.860969
29.1,29.430758,-8.440922,3.860641,30.859735
29.125,29.342818,-7.465336,5.963061,30.859201
29.15,29.085804,-6.441935,8.051391,30.859479
29.175,28.691896,-5.411349,9.993136,30.860498
29.2,28.226242,-4.414017,11.673053,30.862023
29.225,27.774109,-3.484572,13.000953,30.863703
29.25,27.423719,-2.647474,13.913599,30.865154
29.275,27.248834,-1.914835,14.371749,30.866045
29.3,27.294595,-1.286572,14.355142,30.866167
29.325,27.568956,-0.752329,13.858751,30.865487
29.35,28.040868,-0.294366,12.892585,30.864149
29.375,28.645518,0.109343,11.48533,30.862444
29.4,29.296021,0.48232,9.690006,30.860747
29.425,29.899885,0.847353,7.588366,30.85943
29.45,30.377155,1.224925,5.290802,30.858785
29.475,30.676138,1.632299,2.930007,30.858949
29.5,30.78265,2.083142,0.649128,30.859883
29.525,30.720247,2.587505,-1.412632,30.861372
29.55,30.541437,3.151853,-3.133085,30.863081
29.575,30.312471,3.778841,-4.415819,30.864624
29.6,30.095884,4.466648,-5.193789,30.865654
29.625,29.93509,5.207885,-5.429061,30.865942
29.65,29.844383,5.988489,-5.111272,30.865422
29.675,29.806222,6.787228,-4.25702,30.864212
29.7,29.776171,7.576619,-2.91092,30.862582
29.725,29.694443,8.325816,-1.147126,30.860898
29.75,29.501629,9.005453,0.931104,30.859541
29.775,29.154975,9.593669,3.196178,30.858817
29.8,28.641079,10.081798,5.506109,30.858894
29.825,27.981524,10.478018,7.718164,30.859757
29.85,27.229826,10.807651,9.702894,30.86122
29.875,26.460623,11.109751,11.35479,30.862961
29.9,25.754136,11.430659,12.597133,30.864596
29.925,25.179901,11.815947,13.381013,30.865766
29.95,24.783333,12.302319,13.680745,30.866219
29.975,24.577557,12.910903,13.489017,30.865859
30,24.541545,13.64299,12.814672,30.864777
30.025,24.624665,14.479011,11.684283,30.863221
30.05,24.756846,15.381218,10.146514,30.861547
30.075,24.862774,16.299992,8.276522,30.860137
30.1,24.877505,17.182864,6.177084,30.859317
30.125,24.760136,17.984341,3.974181,30.859277
30.15,24.502184,18.674043,1.806889,30.860035
30.175,24.128515,19.240787,-0.186161,30.861428
30.2,23.69067,19.6914,-1.880186,30.863152
30.225,23.254583,20.044606,-3.174226,30.864827
30.25,22.885965,20.321871,-3.996173,30.866086
30.275,22.636807,20.53789,-4.303522,30.866653
30.3,22.535626,20.693421,-4.082027,30.866407
30.325,22.58295,20.772522,-3.344551,30.865407
30.35,22.752483,20.745153,-2.131272,30.863881
30.375,22.997564,20.574865,-0.510591,30.862173
30.4,23.261781,20.229936,1.42128,30.860668
30.425,23.491688,19.695164,3.54435,30.859703
30.45,23.648856,18.981039,5.723666,30.859497
30.475,23.718283,18.127476,7.821969,30.860096
30.5,23.710888,17.200847,9.713318,30.861365
30.525,23.659403,16.285053,11.294052,30.863019
30.55,23.608844,15.469053,12.488381,30.864685
30.575,23.60412,14.833858,13.24807,30.865987
30.6,23.677908,14.441528,13.547988,30.866632
30.625,23.841532,14.327545,13.380654,30.866472
30.65,24.080784,14.496979,12.752836,30.865537
30.675,24.357635,14.924327,11.685824,30.86403
30.7,24.617786,15.556922,10.218967,30.862283
30.725,24.802864,16.321797,8.414173,30.860678
30.75,24.864843,17.135511,6.358209,30.859569
30.775,24.779324,17.915576,4.16019,30.859196
30.8,24.554129,18.591253,1.943501,30.859635
30.825,24.230686,19.111096,-0.166328,30.860781
30.85,23.877672,19.445345,-2.054524,30.862368
30.875,23.578521,19.582754,-3.627331,30.864032
30.9,23.415911,19.523302,-4.817497,30.865393
30.925,23.456624,19.269495,-5.584974,30.86614
30.95,23.739532,18.819345,-5.914625,30.866097
30.975,24.268466,18.163452,-5.813364,30.865266
31,25.010891,17.287282,-5.308579,30.863826
31.025,25.902724,16.178105,-4.4482,30.862091
31.05,26.858988,14.834531,-3.301265,30.860443
31.075,27.788896,13.275558,-1.956965,30.859243
31.1,28.612629,11.545967,-0.520495,30.858756
31.125,29.275977,9.715955,0.894726,30.859086
31.15,29.758979,7.874784,2.177167,30.860154
31.175,30.076126,6.120247,3.227202,30.861717
31.2,30.268098,4.546989,3.964599,30.863423
31.225,30.387462,3.236592,4.332194,30.864888
31.25,30.482329,2.251073,4.296133,30.865782
31.275,30.582168,1.629812,3.844322,30.865905
31.3,30.689144,1.388707,2.985019,30.86523
31.325,30.776922,1.520198,1.746689,30.863909
31.35,30.797271,1.993426,0.178829,30.862237
31.375,30.693181,2.754891,-1.647796,30.86059
31.4,30.415548,3.730669,-3.643545,30.85934
31.425,29.939302,4.831183,-5.706277,30.85877
31.45,29.274547,5.958628,-7.731389,30.859013
31.475,28.46943,7.015876,-9.623399,30.860019
31.5,27.603784,7.91482,-11.305886,30.861567
31.525,26.775285,8.582139,-12.726955,30.863318
31.55,26.081795,8.961549,-13.858995,30.864885
31.575,25.604064,9.013076,-14.693594,30.865926
31.6,25.392148,8.711113,-15.234125,30.866215
31.625,25.45752,8.043345,-15.489046,30.865697
31.65,25.77166,7.011968,-15.468381,30.864494
31.675,26.271144,5.637189,-15.18442,30.862883
31.7,26.868638,3.961495,-14.656005,30.861232
31.725,27.468412,2.052245,-13.914355,30.859919
31.75,27.983783,0.000228,-13.007728,30.859247
31.775,28.352869,-2.086784,-12.002545,30.859373
31.8,28.548801,-4.094527,-10.979872,30.860279
31.825,28.581727,-5.914049,-10.027839,30.861767
31.85,28.492148,-7.451587,-9.231888,30.863513
31.875,28.337636,-8.634169,-8.665208,30.865131
31.9,28.176661,-9.41058,-8.381125,30.866268
31.925,28.053627,-9.74923,-8.408214,30.866674
31.95,27.988482,-9.635548,-8.74799,30.866264
31.975,27.972898,-9.071222,-9.374778,30.865135
32,27.973598,-8.076259,-10.237679,30.863542
32.025,27.942039,-6.692972,-11.264991,30.861844
32.05,27.828342,-4.989517,-12.371494,30.860424
32.075,27.596248,-3.060181,-13.468382,30.8596
32.1,27.235289,-1.020607,-14.474454,30.85956
32.125,26.766821,1.001922,-15.326194,30.860311
32.15,26.242173,2.880934,-15.984122,30.861685
32.175,25.733386,4.502601,-16.43372,30.863372
32.2,25.319051,5.774102,-16.680923,30.864993
32.225,25.068776,6.627299,-16.743853,30.866182
32.25,25.029607,7.018652,-16.643577,30.866671
32.275,25.216845,6.927616,-16.396649,30.866345
32.3,25.610597,6.355871,-16.011412,30.865273
32.325,26.158594,5.328536,-15.488767,30.863688
32.35,26.785091,3.896788,-14.826771,30.861938
32.375,27.404759,2.139749,-14.02731,30.860408
32.4,27.939269,0.16309,-13.102491,30.859433
32.425,28.333099,-1.907307,-12.078469,30.859224
32.45,28.56464,-3.936264,-10.995259,30.859821
32.475,28.649531,-5.792441,-9.902444,30.861082
32.5,28.635217,-7.36022,-8.852047,30.862716
32.525,28.588222,-8.547476,-7.890641,30.864348
32.55,28.577509,-9.288207,-7.052722,30.865607
32.575,28.657999,-9.541204,-6.356642,30.866202
32.6,28.857822,-9.287396,-5.803437,30.865993
32.625,29.171719,-8.52851,-5.378174,30.865019
32.65,29.561795,-7.288428,-5.053135,30.863491
32.675,29.965576,-5.616629,-4.792169,30.861742
32.7,30.310021,-3.591363,-4.555663,30.860157
32.725,30.528739,-1.31955,-4.305579,30.859085
32.75,30.578455,1.068737,-4.009863,30.858761
32.775,30.450447,3.431259,-3.645573,30.859253
32.8,30.173745,5.627714,-3.200164,30.860445
32.825,29.809132,7.533208,-2.670904,30.862069
32.85,29.435635,9.047614,-2.062887,30.863756
32.875,29.133143,10.099193,-1.386509,30.865128
32.9,28.96536,10.643347,-0.655296,30.865877
32.925,28.966686,10.659154,0.115348,30.865835
32.95,29.135327,10.146737,0.908489,30.865011
32.975,29.433692,9.127432,1.705576,30.863591
33,29.795997,7.646656,2.486692,30.861893
33.025,30.141908,5.777439,3.231808,30.860298
33.05,30.39376,3.62154,3.923262,30.859167
33.075,30.493675,1.305542,4.549093,30.858757
33.1,30.416369,-1.028764,5.106287,30.859164
33.125,30.174195,-3.237955,5.602843,30.860302
33.15,29.812998,-5.191009,6.057787,30.861922
33.175,29.400017,-6.780101,6.498853,30.863666
33.2,29.00723,-7.926006,6.958204,30.865151
33.225,28.694408,-8.578323,7.46703,30.866053
33.25,28.495736,-8.712725,8.04999,30.866177
33.275,28.412579,-8.32817,8.720453,30.865504
33.3,28.413588,-7.446184,9.47738,30.864192
33.325,28.44204,-6.112539,10.304549,30.862542
33.35,28.429087,-4.399712,11.172582,30.860931
33.375,28.310341,-2.407381,12.043747,30.859727
33.4,28.042154,-0.258493,12.878724,30.859209
33.425,27.613558,1.90988,13.643774,30.859501
33.45,27.05068,3.959441,14.316313,30.860546
33.475,26.412431,5.764066,14.887217,30.862116
33.5,25.778753,7.220216,15.359123,30.863867
33.525,25.234643,8.252188,15.741283,30.865414
33.55,24.853839,8.812299,16.042624,30.866418
33.575001,24.685508,8.878046,16.265197,30.866659
33.600001,24.746038,8.449078,16.400068,30.866091
33.625001,25.016892,7.546166,16.42708,30.864842
33.650001,25.448615,6.212612,16.318958,30.863197
33.675001,25.970403,4.516696,16.049031,30.861525
33.700001,26.503826,2.552535,15.600766,30.860203
33.725001,26.978223,0.436866,14.976487,30.859529
33.750001,27.344401,-1.699243,14.202624,30.859654
33.775001,27.583224,-3.722536,13.329743,30.86055
33.800001,27.70674,-5.510579,12.427152,30.862016
33.825001,27.751581,-6.962148,11.573571,30.863722
33.850001,27.766548,-8.002697,10.846259,30.865283
33.875001,27.797789,-8.584731,10.311,30.866347
33.900001,27.875332,-8.684923,10.014467,30.866674
33.925001,28.004089,-8.300743,9.979484,30.866186
33.950001,28.161302,-7.4489,10.203055,30.864986
33.975001,28.301101,-6.166316,10.656913,30.863337
34.000001,28.365441,-4.512492,11.290598,30.861601
34.025001,28.299256,-2.570804,12.037132,30.860159
34.050001,28.066367,-0.446194,12.821,30.859328
34.075001,27.662031,1.742023,13.567347,30.859286
34.100001,27.118552,3.871406,14.210491,30.860034
34.125001,26.502221,5.828957,14.699709,30.861398
34.150001,25.902304,7.521549,15.000853,30.863063
34.175001,25.414973,8.881629,15.093784,30.864648
34.200001,25.126009,9.867557,14.967032,30.865791
34.225001,25.095788,10.460069,14.612066,30.866229
34.250001,25.348934,10.657541,14.019611,30.865857
34.275001,25.869906,10.472665,13.179681,30.864749
34.300001,26.605022,9.931964,12.085638,30.863146
34.325001,27.470859,9.077827,10.741086,30.861399
34.350001,28.368193,7.97126,9.167204,30.859893
34.375001,29.199422,6.692918,7.407691,30.858958
34.400001,29.88602,5.340481,5.529069,30.8588
34.425001,30.381851,4.021909,3.615656,30.859449
34.450001,30.678792,2.845835,1.760443,30.860755
34.475001,30.803124,1.911466,0.054542,30.862423
34.500001,30.803871,1.30033,-1.421904,30.864076
34.525001,30.736521,1.071135,-2.605438,30.865343
34.550001,30.646574,1.257537,-3.451418,30.865939
34.575001,30.557004,1.867613,-3.93382,30.865732
34.600001,30.462422,2.883792,-4.044558,30.864768
34.625001,30.331116,4.262847,-3.793741,30.863262
34.650001,30.114442,5.936736,-3.21108,30.861553
34.675001,29.761446,7.815823,-2.347426,30.860026
34.700001,29.235198,9.795804,-1.274677,30.859025
34.725001,28.526546,11.768329,-0.082598,30.858778
34.750001,27.661416,13.633539,1.127792,30.859346
34.775001,26.699482,15.311373,2.253117,30.860606
34.800001,25.724536,16.748427,3.196699,30.862282
34.825001,24.829286,17.918497,3.87566,30.864004
34.850001,24.09851,18.817113,4.224997,30.865394
34.875001,23.594304,19.452408,4.199017,30.866149
34.900001,23.346014,19.835704,3.771609,30.866107
34.925001,23.34605,19.975036,2.936974,30.865287
34.950001,23.551812,19.873639,1.711606,30.863878
34.975001,23.893338,19.533696,0.136945,30.862204
35.000001,24.285707,18.963877,-1.719118,30.860647
35.025001,24.644398,18.187859,-3.764059,30.859565
35.050001,24.900778,17.250592,-5.887187,30.859206
35.075001,25.014288,16.219694,-7.970296,30.859661
35.100001,24.978298,15.181019,-9.900124,30.860835
35.125001,24.818116,14.229362,-11.579231,30.862472
35.150001,24.581903,13.456676,-12.932422,30.864213
35.175001,24.327129,12.94056,-13.907644,30.865674
35.200001,24.106172,12.735048,-14.472529,30.866536
35.225001,23.954424,12.864645,-14.609388,30.866612
35.250001,23.883253,13.321675,-14.311754,30.865889
35.275001,23.878933,14.066799,-13.584594,30.864534
35.300001,23.907482,15.032808,-12.448399,30.862852
35.325001,23.924332,16.131964,-10.945368,30.861222
35.350001,23.886721,17.266781,-9.144567,30.860011
35.375001,23.765928,18.343059,-7.142904,30.859492
35.400001,23.556227,19.282768,-5.060154,30.859782
35.425001,23.27809,20.033684,-3.028516,30.860815
35.450001,22.974734,20.573185,-1.179339,30.862359
35.475001,22.70294,20.905276,0.369479,30.864066
35.500001,22.520611,21.051987,1.522591,30.865553
35.525001,22.474067,21.041955,2.211832,30.866483
35.550001,22.587786,20.89962,2.397405,30.866645
35.575001,22.858463,20.637956,2.067672,30.865998
35.600001,23.254445,20.256443,1.239313,30.864682
35.625001,23.720814,19.744494,-0.041702,30.862984
35.650001,24.189603,19.089086,-1.699526,30.861278
35.675001,24.593591,18.284189,-3.630352,30.859938
35.700001,24.880958,17.339059,-5.708655,30.859257
35.725001,25.027337,16.282673,-7.79797,30.859381
35.750001,25.042027,15.162817,-9.764341,30.860274
35.775001,24.966492,14.039991,-11.489087,30.861727
35.800001,24.865484,12.977935,-12.877531,30.863407
35.825001,24.813065,12.03339,-13.861934,30.86493
35.850001,24.87696,11.247511,-14.399202,30.865947
35.875001,25.104579,10.640457,-14.465979,30.866224
35.900001,25.513295,10.209588,-14.054427,30.86569
35.925001,26.08654,9.930978,-13.17129,30.864458
35.950001,26.776396,9.763655,-11.840937,30.862795
35.975001,27.51251,9.655916,-10.110911,30.861067
36.000001,28.216054,9.55295,-8.056897,30.859653
36.025001,28.816123,9.404733,-5.783734,30.858864
36.050001,29.264844,9.172802,-3.420331,30.858873
36.075001,29.547262,8.834559,-1.108717,30.859673
36.100001,29.683178,8.384197,1.010159,30.86108
36.125001,29.720378,7.830305,2.810046,30.862776
36.150001,29.721178,7.191149,4.189137,30.864379
36.175001,29.74591,6.489215,5.074619,30.865529
36.200001,29.837493,5.746573,5.422994,30.865967
36.225001,30.010512,4.982033,5.218584,30.865597
36.250001,30.247085,4.210311,4.472643,30.864501
36.275001,30.500375,3.442707,3.224122,30.862924
36.300001,30.705241,2.688421,1.541283,30.861221
36.325001,30.794036,1.955616,-0.478144,30.859775
36.350001,30.714132,1.251584,-2.710749,30.858914
36.375001,30.442811,0.581892,-5.0164,30.858833
36.400001,29.995454,-0.051174,-7.25137,30.859557
36.425001,29.424612,-0.65019,-9.282581,30.860928
36.450001,28.810145,-1.223477,-10.999157,30.862644
36.475001,28.243158,-1.784791,-12.318494,30.864328
36.500001,27.80785,-2.351652,-13.186324,30.86561
36.525001,27.565341,-2.942554,-13.572633,30.866211
36.550001,27.542494,-3.573518,-13.466672,30.866004
36.575001,27.727348,-4.254641,-12.874127,30.865044
36.600001,28.071689,-4.987356,-11.818015,30.863553
36.625001,28.500359,-5.763114,-10.342686,30.861871
36.650001,28.925996,-6.564014,-8.518437,30.860384
36.675001,29.266648,-7.365474,-6.443423,30.859432
36.700001,29.46261,-8.140462,-4.240285,30.859238
36.725001,29.488427,-8.86415,-2.046946,30.859852
36.750001,29.356862,-9.517609,-0.003405,30.861144
36.775001,29.113827,-10.089349,1.761982,30.862833
36.800001,28.825783,-10.574231,3.143272,30.864547
36.825001,28.563128,-10.970205,4.062843,30.86591
36.850001,28.38376,-11.274092,4.472736,30.866622
36.875001,28.320418,-11.477986,4.353445,30.866531
36.900001,28.374169,-11.567732,3.712569,30.865661
36.925001,28.515042,-11.524361,2.584765,30.864211
36.950001,28.68958,-11.328545,1.032718,30.862509
36.975001,28.833875,-10.967127,-0.85273,30.860936
37.000001,28.889464,-10.439974,-2.955676,30.859848
37.025001,28.81843,-9.765036,-5.142981,30.859489
37.050001,28.613862,-8.979857,-7.276331,30.859941
37.075001,28.302789,-8.138846,-9.22599,30.861101
37.100001,27.940724,-7.306969,-10.882598,30.862709
37.125001,27.599364,-6.551568,-12.164021,30.864402
37.150001,27.350692,-5.934276,-13.016205,30.8658
37.175001,27.251328,-5.504481,-13.409398,30.866586
37.200001,27.330367,-5.294905,-13.332699,30.866581
37.225001,27.582896,-5.319109,-12.79013,30.865782
37.250001,27.970233,-5.570492,-11.800191,30.864362
37.275001,28.426976,-6.022635,-10.398889,30.862631
37.300001,28.873928,-6.6312,-8.644243,30.86097
37.325001,29.234704,-7.337754,-6.619159,30.859744
37.350001,29.452566,-8.075526,-4.429862,30.85922
37.375001,29.503396,-8.776363,-2.198713,30.859508
37.400001,29.401257,-9.37742,-0.05255,30.860536
37.425001,29.194927,-9.825971,1.890398,30.862065
37.450001,28.956299,-10.081271,3.531491,30.863744
37.475001,28.763788,-10.113497,4.798087,30.86519
37.500001,28.684819,-9.900989,5.644994,30.866071
37.525001,28.761232,-9.427631,6.052488,30.866183
37.550001,29.000314,-8.682137,6.023367,30.865494
37.575001,29.372941,-7.660135,5.581071,30.864149
37.600001,29.819149,-6.368679,4.769546,30.862442
37.625001,30.260374,-4.831581,3.653942,30.860747
37.650001,30.616235,-3.093196,2.320186,30.859439
37.675001,30.822415,-1.218548,0.871552,30.858804
37.700001,30.845359,0.711185,-0.578502,30.858979
37.725001,30.689839,2.607019,-1.916244,30.859922
37.750001,30.397289,4.382031,-3.038033,30.861417
37.775001,30.035378,5.959884,-3.858546,30.863125
37.800001,29.6818,7.27987,-4.315287,30.864663
37.825001,29.4065,8.297974,-4.369432,30.865685
37.850001,29.256438,8.985135,-4.004471,30.865962
37.875001,29.245905,9.324892,-3.224645,30.865432
37.900001,29.353974,9.312509,-2.054532,30.864214
37.925001,29.529412,8.956638,-0.539786,30.862581
37.950001,29.702153,8.283047,1.252336,30.8609
37.975001,29.799215,7.338604,3.234721,30.859549
38.000001,29.761708,6.193132,5.305993,30.858835
38.025001,29.558858,4.937299,7.360031,30.858922
38.050001,29.195346,3.676124,9.29757,30.859795
38.075001,28.709909,2.5194,11.036816,30.861263
38.100001,28.165673,1.571383,12.520011,30.863004
38.125001,27.634988,0.922052,13.714332,30.864635
38.150001,27.182789,0.641169,14.60761,30.865797
38.175001,26.852375,0.774912,15.201123,30.866238
38.200001,26.656457,1.343934,15.502549,30.865869
38.225001,26.574932,2.341703,15.521725,30.864778
38.250001,26.559615,3.732908,15.270575,30.863218
38.275001,26.545058,5.452934,14.766867,30.861545
38.300001,26.46351,7.410181,14.039951,30.860142
38.325001,26.260966,9.492659,13.135806,30.859331
38.350001,25.910594,11.578885,12.118873,30.859302
38.375001,25.420103,13.551133,11.069286,30.86007
38.400001,24.831081,15.307711,10.0758,30.86147
38.425001,24.210585,16.770874,9.226167,30.863195
38.450001,23.637385,17.88855,8.597317,30.864867
38.475001,23.186405,18.630348,8.247304,30.866118
38.500001,22.914829,18.980492,8.20994,30.866674
38.525001,22.852313,18.931244,8.492088,30.866418
38.550001,22.996584,18.479943,9.073164,30.865409
38.575001,23.314776,17.63117,9.906669,30.863879
38.600001,23.750168,16.403307,10.924039,30.862171
38.625001,24.233345,14.836869,12.041316,30.860671
38.650001,24.6959,13.000877,13.168588,30.859715
38.675001,25.083897,10.993977,14.221131,30.859519
38.700001,25.367875,8.9388,15.12998,30.860128
38.725001,25.54677,6.970522,15.84931,30.861405
38.750001,25.644662,5.222656,16.358596,30.863061
38.775001,25.70133,3.813717,16.659183,30.864724
38.800001,25.759277,2.837448,16.766624,30.866019
38.825001,25.850636,2.357336,16.701435,30.866655
38.850001,25.987143,2.404399,16.481112,30.866483
38.875001,26.155465,2.976539,16.115625,30.865539
38.900001,26.319012,4.038324,15.607362,30.864027
38.925001,26.4261,5.521431,14.95511,30.862279
38.950001,26.422981,7.327178,14.160511,30.860679
38.975001,26.268908,9.332849,13.234651,30.859579
39.000001,25.949501,11.402428,12.20243,30.859217
39.025001,25.484709,13.400417,11.103038,30.859667
39.050001,24.928956,15.205676,9.986229,30.86082
39.075001,24.363261,16.721629,8.905446,30.86241
39.100001,23.881386,17.880293,7.909834,30.864072
39.125001,23.57341,18.639908,7.037242,30.865428
39.150001,23.510243,18.978325,6.309655,30.866164
39.175001,23.731715,18.885758,5.731547,30.866111
39.200001,24.23979,18.360407,5.290837,30.865271
39.225001,24.997637,17.409041,4.961766,30.863825
39.250001,25.934824,16.052367,4.709029,30.862089
39.275001,26.958342,14.332877,4.4926,30.860444
39.300001,27.96817,12.321465,4.272756,30.859253
39.325001,28.874682,10.119244,4.014687,30.858777
39.350001,29.614041,7.852574,3.691991,30.859117
39.375001,30.157598,5.661867,3.288486,30.860194
39.400001,30.512692,3.68707,2.79812,30.861762
39.425001,30.714701,2.053663,2.22334,30.863467
39.450001,30.81277,0.8623,1.572678,30.864926
39.475001,30.853326,0.183179,0.858492,30.865811
39.500001,30.865728,0.05421,0.095509,30.865923
39.525001,30.853559,0.480955,-0.699686,30.865239
39.550001,30.793523,1.43668,-1.50859,30.86391
39.575001,30.642209,2.862232,-2.310901,30.862236
39.600001,30.34921,4.667028,-3.085525,30.860592
39.625001,29.873497,6.733184,-3.812853,30.85935
39.650001,29.198811,8.924204,-4.478051,30.85879
39.675001,28.343735,11.09785,-5.074543,30.859043
39.700001,27.363432,13.120689,-5.606536,30.860057
39.725001,26.342418,14.880607,-6.089628,30.86161
39.750001,25.380381,16.293974,-6.549024,30.863361
39.775001,24.574807,17.306164,-7.015623,30.864923
39.800001,24.004464,17.88663,-7.520728,30.865954
39.825001,23.716814,18.02173,-8.090385,30.866233
39.850001,23.721057,17.709018,-8.740357,30.865704
39.875001,23.987305,16.955698,-9.472617,30.864494
39.900001,24.451785,15.781957,-10.274113,30.86288
39.925001,25.027487,14.227578,-11.118298,30.861231
39.950001,25.618992,12.358542,-11.969491,30.859926
39.975001,26.139121,10.269982,-12.789368,30.859263
40.000001,26.524044,8.08295,-13.544136,30.859401
40.025001,26.743236,5.934821,-14.210429,30.860315
40.050001,26.8017,3.965582,-14.778169,30.861809
40.075001,26.733985,2.303677,-15.249464,30.863555
40.100001,26.591856,1.054761,-15.633917,30.86517
40.125001,26.429142,0.295061,-15.941823,30.866298
40.150001,26.287653,0.068872,-16.177369,30.866693
40.175001,26.187366,0.388374,-16.333948,30.866273
40.200001,26.122775,1.233905,-16.393131,30.865136
40.225001,26.065938,2.553971,-16.327956,30.863539
40.250001,25.975395,4.265886,-16.110072,30.861842
40.275001,25.808938,6.258931,-15.719113,30.860428
40.300001,25.537183,8.401749,-15.151854,30.859614
40.325001,25.15443,10.554139,-14.428399,30.859584
40.350001,24.683795,12.581337,-13.593422,30.860345
40.375001,24.175099,14.367275,-12.711887,30.861725
40.400001,23.696089,15.823285,-11.86041,30.863414
40.425001,23.319333,16.890279,-11.116534,30.865031
40.450001,23.108023,17.534935,-10.548384,30.866213
40.475001,23.103702,17.7426,-10.206455,30.866691
40.500001,23.318056,17.510589,-10.11827,30.866354
40.525001,23.729996,16.844977,-10.28587,30.865274
40.550001,24.288491,15.762219,-10.685908,30.863684
40.575001,24.921017,14.294668,-11.272285,30.861935
40.600001,25.546649,12.4972,-11.981386,30.86041
40.625001,26.091659,10.45135,-12.7397,30.859445
40.650001,26.50436,8.264026,-13.472858,30.859247
40.675001,26.765522,6.059922,-14.114346,30.859854
40.700001,26.891452,3.969162,-14.61179,30.861122
40.725001,26.928788,2.113517,-14.929274,30.862758
40.750001,26.942403,0.594772,-15.045385,30.864388
40.775001,26.999569,-0.512479,-14.948187,30.865639
40.800001,27.154225,-1.163419,-14.629364,30.866224
40.825001,27.434665,-1.34248,-14.080027,30.866005
40.850001,27.836994,-1.061772,-13.289997,30.865023
40.875001,28.325509,-0.359854,-12.251165,30.863489
40.900001,28.840059,0.699147,-10.963996,30.86174
40.925001,29.309236,2.027363,-9.444999,30.86016
40.950001,29.666841,3.517587,-7.732335,30.859097
40.975001,29.867897,5.051178,-5.887178,30.858784
41.000001,29.90006,6.508752,-3.98975,30.859286
41.025001,29.787205,7.781467,-2.130926,30.860487
41.050001,29.584104,8.780055,-0.401827,30.862114
41.075001,29.363665,9.439523,1.115654,30.863799
41.100001,29.20016,9.719149,2.355248,30.865165
41.125001,29.152571,9.59921,3.269061,30.865904
41.150001,29.251633,9.076974,3.827695,30.865851
41.175001,29.493011,8.164244,4.019543,30.865018
41.200001,29.83779,6.887591,3.850803,30.863592
41.225001,30.220273,5.290656,3.346709,30.861892
41.250001,30.561904,3.436516,2.55316,30.860302
41.275001,30.788714,1.407583,1.537119,30.859179
41.300001,30.848476,-0.698724,0.384164,30.858779
41.325001,30.72324,-2.778611,-0.80739,30.859197
41.350001,30.433794,-4.73295,-1.93497,30.860343
41.375001,30.034748,-6.477649,-2.900843,30.861966
41.400001,29.601642,-7.950435,-3.619656,30.863709
41.425001,29.213608,-9.112599,-4.02312,30.865188
41.450001,28.935932,-9.946234,-4.061919,30.86608
41.475001,28.806303,-10.449078,-3.706155,30.866194
41.500001,28.827293,-10.629592,-2.945965,30.865511
41.525001,28.966209,-10.504341,-1.793297,30.864192
41.550001,29.162283,-10.098351,-0.284525,30.86254
41.575001,29.339997,-9.447656,1.517711,30.860932
41.600001,29.426125,-8.60212,3.525618,30.859736
41.625001,29.366859,-7.626388,5.631853,30.859228
41.650001,29.140907,-6.59752,7.719513,30.859531
41.675001,28.765075,-5.599202,9.67445,30.860584
41.700001,28.290818,-4.713784,11.396607,30.862158
41.725001,27.792806,-4.014149,12.807318,30.863909
41.750001,27.352676,-3.557181,13.851123,30.86545
41.775001,27.042035,-3.379719,14.49287,30.866445
41.800001,26.908369,-3.496797,14.712708,30.866676
41.825001,26.966342,-3.901447,14.502104,30.866097
41.850001,27.195675,-4.565405,13.863288,30.864841
41.875001,27.545776,-5.440712,12.812712,30.863193
41.900001,27.946372,-6.462794,11.38711,30.861524
41.925001,28.322365,-7.555728,9.649203,30.860209
41.950001,28.609999,-8.639829,7.689787,30.859545
41.975001,28.770625,-9.640601,5.624044,30.859681
42.000001,28.798517,-10.497129,3.582105,30.860586
42.025001,28.72058,-11.167728,1.696103,30.862058
42.050001,28.588044,-11.63134,0.087188,30.863764
42.075001,28.462503,-11.884621,-1.144436,30.865321
42.100001,28.39997,-11.936039,-1.925069,30.866377
42.125001,28.436776,-11.799215,-2.209311,30.866693
42.150001,28.58031,-11.487701,-1.980032,30.866194
42.175001,28.806425,-11.012663,-1.248415,30.864987
42.200001,29.064058,-10.383782,-0.054793,30.863334
42.225001,29.286418,-9.612561,1.530595,30.8616
42.250001,29.406679,-8.71642,3.408963,30.860164
42.275001,29.374832,-7.721677,5.458387,30.859343
42.300001,29.171543,-6.663978,7.54384,30.859311
42.325001,28.815218,-5.585652,9.530349,30.860069
42.350001,28.360168,-4.530682,11.296112,30.861438
42.375001,27.886321,-3.538782,12.742108,30.863104
42.400001,27.483201,-2.640311,13.79606,30.864686
42.425001,27.232147,-1.853243,14.410918,30.865821
42.450001,27.190604,-1.182575,14.560148,30.866249
42.475001,27.381251,-0.62178,14.233137,30.865866
42.500001,27.787563,-0.15546,13.433539,30.86475
42.525001,28.356385,0.23761,12.181648,30.863143
42.550001,29.007288,0.581657,10.519732,30.861398
42.575001,29.647491,0.901563,8.517435,30.859897
42.600001,30.189804,1.221096,6.273823,30.858973
42.625001,30.569795,1.561657,3.913562,30.858825
42.650001,30.75795,1.941497,1.57698,30.859484
42.675001,30.763523,2.375271,-0.593793,30.860798
42.700001,30.629041,2.87377,-2.468848,30.862468
42.725001,30.417143,3.443583,-3.941181,30.864118
42.750001,30.193463,4.086481,-4.932241,30.865377
42.775001,30.009984,4.798443,-5.392917,30.865964
42.800001,29.892685,5.568517,-5.302196,30.865746
42.825001,29.835938,6.378032,-4.666019,30.864773
42.850001,29.804592,7.200883,-3.517743,30.863262
42.875001,29.743242,8.005598,-1.919743,30.861553
42.900001,29.590738,8.759474,0.035933,30.860031
42.925001,29.296726,9.434369,2.23042,30.859038
42.950001,28.836142,10.012898,4.525978,30.858802
42.975001,28.217787,10.493336,6.778477,30.85938
43.000001,27.484536,10.891614,8.851699,30.860648
43.025001,26.705155,11.239564,10.629678,30.862326
43.050001,25.960075,11.579654,12.023953,30.864046
43.075001,25.324923,11.957378,12.974748,30.865429
43.100001,24.855677,12.412912,13.447513,30.866173
43.125001,24.578324,12.973619,13.427905,30.866121
43.150001,24.48457,13.648675,12.918425,30.865291
43.175001,24.534001,14.426749,11.938617,30.863877
43.200001,24.662249,15.277336,10.528627,30.862202
43.225001,24.793891,16.155851,8.753922,30.86065
43.250001,24.857882,17.011858,6.707888,30.859575
43.275001,24.802387,17.798818,4.509504,30.859228
43.300001,24.605542,18.482981,2.295078,30.859693
43.325001,24.279399,19.048941,0.205516,30.860875
43.350001,23.86606,19.500178,-1.627607,30.862516
43.375001,23.427224,19.854402,-3.09356,30.864255
43.400001,23.030064,20.135098,-4.109259,30.86571
43.425001,22.732944,20.361771,-4.621275,30.866562
43.450001,22.574008,20.541622,-4.604842,30.866627
43.475001,22.564571,20.664969,-4.062341,30.865894
43.500001,22.688128,20.705792,-3.02298,30.864532
43.525001,22.90491,20.627588,-1.543734,30.862849
43.550001,23.161114,20.393471,0.290081,30.861222
43.575001,23.401106,19.978144,2.36703,30.860019
43.600001,23.580053,19.378601,4.55635,30.859511
43.625001,23.673997,18.620438,6.719306,30.859811
43.650001,23.684711,17.757751,8.722898,30.860852
43.675001,23.638001,16.866547,10.452381,30.862401
43.700001,23.575959,16.033438,11.819314,30.864108
43.725001,23.545284,15.342545,12.763639,30.865589
43.750001,23.584715,14.863432,13.250699,30.86651
43.775001,23.714515,14.641986,13.265925,30.866661
43.800001,23.930271,14.695045,12.810465,30.866004
43.825001,24.202329,15.008836,11.900028,30.864681
43.850001,24.481198,15.541097,10.567348,30.862981
43.875001,24.708187,16.226757,8.866583,30.861277
43.900001,24.829324,16.986825,6.876674,30.859945
43.925001,24.809503,17.739419,4.700681,30.859274
43.950001,24.643256,18.410967,2.459533,30.859409
43.975001,24.359104,18.945022,0.280943,30.86031
44.000001,24.0161,19.306443,-1.713749,30.861768
44.025001,23.693403,19.480004,-3.421197,30.863449
44.050001,23.47553,19.464218,-4.76339,30.864967
44.075001,23.436712,19.262762,-5.689899,30.865975
44.100001,23.627427,18.876512,-6.176313,30.866241
44.125001,24.065262,18.298921,-6.22125,30.865698
44.150001,24.731305,17.51636,-5.844181,30.864458
44.175001,25.572637,16.513462,-5.085054,30.862793
44.200001,26.510866,15.281984,-4.005041,30.861066
44.225001,27.455784,13.830431,-2.686571,30.859659
44.250001,28.321899,12.191231,-1.230624,30.858881
44.275001,29.044343,10.422837,0.249762,30.858901
44.300001,29.590135,8.605752,1.639095,30.85971
44.325001,29.961696,6.833496,2.830027,30.861123
44.350001,30.191579,5.20119,3.732271,30.862821
44.375001,30.330033,3.794804,4.277964,30.86442
44.400001,30.428904,2.683314,4.423178,30.865561
44.425001,30.526187,1.914392,4.146849,30.86599
44.450001,30.634959,1.512862,3.449107,30.865609
44.475001,30.739233,1.480509,2.350591,30.864505
44.500001,30.797664,1.796217,0.893048,30.862924
44.525001,30.754459,2.416356,-0.859934,30.861222
44.550001,30.555147,3.276238,-2.824073,30.859782
44.575001,30.163474,4.293736,-4.8992,30.858929
44.600001,29.574949,5.375574,-6.978167,30.85886
44.625001,28.823149,6.425619,-8.958348,30.859593
44.650001,27.97684,7.353446,-10.752801,30.86097
44.675001,27.128646,8.081099,-12.297883,30.862688
44.700001,26.378347,8.546643,-13.55533,30.864369
44.725001,25.814971,8.70449,-14.50886,30.865643
44.750001,25.501464,8.52382,-15.157314,30.866233
44.775001,25.464469,7.987121,-15.507341,30.866016
44.800001,25.690406,7.090568,-15.568494,30.865047
44.825001,26.128126,5.846775,-15.352361,30.86355
44.850001,26.697798,4.288963,-14.87573,30.861869
44.875001,27.304962,2.474371,-14.166158,30.860388
44.900001,27.857651,0.484426,-13.267327,30.859445
44.925001,28.283255,-1.579862,-12.241549,30.859261
44.950001,28.541241,-3.607068,-11.167772,30.859885
44.975001,28.628428,-5.486894,-10.135081,30.861185
45.000001,28.575453,-7.120924,-9.233262,30.862877
45.025001,28.435586,-8.429773,-8.542788,30.864589
45.050001,28.269122,-9.355536,-8.126328,30.865944
45.075001,28.127483,-9.86041,-8.022897,30.866646
45.100001,28.040765,-9.923878,-8.244738,30.866544
45.125001,28.011281,-9.541026,-8.776461,30.865665
45.150001,28.014208,-8.723562,-9.576172,30.86421
45.175001,28.005051,-7.503369,-10.578793,30.862506
45.200001,27.932319,-5.936682,-11.702089,30.860938
45.225001,27.752557,-4.106111,-12.855593,30.859858
45.250001,27.44407,-2.118143,-13.951553,30.85951
45.275001,27.015635,-0.095378,-14.915904,30.859972
45.300001,26.507745,1.835055,-15.696558,30.86114
45.325001,25.985963,3.553893,-16.266805,30.862751
45.350001,25.528222,4.959721,-16.623022,30.864442
45.375001,25.209357,5.974587,-16.777732,30.865834
45.400001,25.086406,6.545331,-16.750478,30.86661
45.425001,25.187506,6.642453,-16.559409,30.866595
45.450001,25.506159,6.258919,-16.215996,30.865786
45.475001,26.001647,5.410617,-15.724131,30.86436
45.500001,26.605713,4.138555,-15.08344,30.862628
45.525001,27.234791,2.511189,-14.295439,30.86097
45.550001,27.805947,0.62439,-13.370257,30.859753
45.575001,28.253466,-1.40305,-12.331495,30.859239
45.600001,28.542178,-3.438815,-11.217386,30.859538
45.625001,28.673978,-5.349666,-10.077656,30.860574
45.650001,28.685642,-7.014061,-8.966971,30.862108
45.675001,28.638508,-8.331544,-7.936908,30.863786
45.700001,28.602816,-9.227125,-7.028606,30.865226
45.725001,28.640678,-9.651082,-6.267711,30.866099
45.750001,28.791556,-9.576412,-5.66224,30.8662
45.775001,29.063123,-8.996745,-5.203131,30.8655
45.800001,29.429188,-7.926708,-4.866815,30.864149
45.825001,29.835077,-6.404855,-4.619109,30.862439
45.850001,30.209663,-4.497407,-4.419883,30.860748
45.875001,30.481797,-2.299836,-4.228036,30.859447
45.900001,30.597591,0.066356,-4.006238,30.858823
45.925001,30.534245,2.462616,-3.724765,30.859009
45.950001,30.306629,4.746613,-3.363794,30.859961
45.975001,29.964711,6.786413,-2.913837,30.861461
46.000001,29.58254,8.471737,-2.374495,30.86317
46.025001,29.241822,9.719847,-1.752228,30.864703
46.050001,29.014262,10.475952,-1.05804,30.865716
46.075001,28.946606,10.710245,-0.305842,30.865983
46.100001,29.051196,10.41466,0.488247,30.865442
46.125001,29.303562,9.601863,1.305899,30.864217
46.150001,29.647363,8.307248,2.126589,30.862581
46.175001,30.005963,6.592572,2.928377,30.860901
46.200001,30.298658,4.548398,3.689942,30.859557
46.225001,30.458306,2.292374,4.393792,30.858853
46.250001,30.446238,-0.038215,5.029902,30.85895
46.275001,30.260529,-2.298802,5.598671,30.859832
46.300001,29.935328,-4.351845,6.112104,30.861306
46.325001,29.531475,-6.079242,6.592611,30.863048
46.350001,29.121102,-7.38997,7.069503,30.864674
46.375001,28.770314,-8.222209,7.573877,30.865828
46.400001,28.524103,-8.541517,8.132893,30.866259
46.425001,28.396589,-8.337842,8.764507,30.865878
46.450001,28.36831,-7.623967,9.473582,30.86478
46.475001,28.390917,-6.436407,10.250199,30.863216
46.500001,28.398413,-4.837848,11.070693,30.861544
46.525001,28.322841,-2.918626,11.901552,30.860147
46.550001,28.111127,-0.79455,12.705606,30.859345
46.575001,27.739086,1.400485,13.449158,30.859327
46.600001,27.218933,3.526431,14.108155,30.860105
46.625001,26.598245,5.450808,14.671568,30.861511
46.650001,25.950733,7.060601,15.1409,30.863238
46.675001,25.361426,8.269492,15.52598,30.864907
46.700001,24.910075,9.019655,15.838346,30.86615
46.725001,24.656404,9.279587,16.084275,30.866696
46.750001,24.62983,9.040703,16.259567,30.866428
46.775001,24.824971,8.315354,16.347761,30.865411
46.800001,25.203347,7.137435,16.322597,30.863876
46.825001,25.700925,5.564856,16.154512,30.862168
46.850001,26.240473,3.681546,15.819764,30.860673
46.875001,26.74663,1.596212,15.309886,30.859726
46.900001,27.160651,-0.563882,14.638729,30.859542
46.925001,27.45128,-2.663832,13.844881,30.860161
46.950001,27.618877,-4.574264,12.988551,30.861444
46.975001,27.691662,-6.183266,12.14373,30.863103
47.000001,27.715202,-7.404105,11.387731,30.864763
47.025001,27.738097,-8.177648,10.790606,30.866052
47.050001,27.79762,-8.470603,10.406391,30.866677
47.075001,27.908741,-8.272145,10.267146,30.866495
47.100001,28.059008,-7.591552,10.379889,30.865542
47.125001,28.210408,-6.458266,10.726215,30.864025
47.150001,28.308064,-4.923919,11.264486,30.862276
47.175001,28.29411,-3.064257,11.934627,30.860681
47.200001,28.12376,-0.978277,12.66536,30.859589
47.225001,27.779567,1.217298,13.383062,30.859237
47.250001,27.279961,3.398165,14.020596,30.859698
47.275001,26.679493,5.445071,14.524065,30.860859
47.300001,26.060581,7.255507,14.855797,30.862452
47.325001,25.518933,8.751369,14.993034,30.864113
47.350001,25.146277,9.881154,14.923279,30.865461
47.375001,25.014158,10.617483,14.638393,30.866189
47.400001,25.161639,10.952365,14.129942,30.866124
47.425001,25.588552,10.893061,13.387772,30.865275
47.450001,26.255054,10.46052,12.402632,30.863823
47.475001,27.087623,9.690744,11.172221,30.862086
47.500001,27.991048,8.637712,9.708672,30.860446
47.525001,28.864831,7.375488,8.044739,30.859263
47.550001,29.621104,5.997179,6.236142,30.858798
47.575001,30.200003,4.60963,4.358693,30.859149
47.600001,30.57856,3.32448,2.500717,30.860234
47.625001,30.770636,2.247716,0.752908,30.861807
47.650001,30.818052,1.470266,-0.801434,30.863511
47.675001,30.775588,1.061471,-2.093438,30.864964
47.700001,30.694081,1.065775,-3.072061,30.86584
47.725001,30.605999,1.501705,-3.704599,30.865941
47.750001,30.51683,2.361759,-3.97601,30.865247
47.775001,30.404109,3.612346,-3.888724,30.863912
47.800001,30.224193,5.194119,-3.463648,30.862236
47.825001,29.925257,7.024075,-2.741838,30.860595
47.850001,29.463461,9.00096,-1.78529,30.85936
47.875001,28.818185,11.014647,-0.675199,30.85881
47.900001,28.002132,12.958388,0.493175,30.859074
47.925001,27.063329,14.741177,1.618483,30.860096
47.950001,26.078404,16.296822,2.602327,30.861654
47.975001,25.139034,17.587157,3.357172,30.863404
48.000001,24.335212,18.598786,3.81161,30.864961
48.025001,23.739326,19.335032,3.91278,30.865983
48.050001,23.394091,19.806223,3.627053,30.866251
48.075001,23.306068,20.021797,2.940579,30.865712
48.100001,23.445287,19.986813,1.860862,30.864494
48.125001,23.750793,19.703838,0.419304,30.862877
48.150001,24.141396,19.179376,-1.326701,30.861231
48.175001,24.530197,18.432388,-3.29423,30.859932
48.200001,24.840425,17.501672,-5.379585,30.85928
48.225001,25.019325,16.449108,-7.467565,30.859428
48.250001,25.046738,15.357151,-9.443523,30.860352
48.275001,24.936176,14.320876,-11.205066,30.861851
48.300001,24.728228,13.436632,-12.670176,30.863598
48.325001,24.478321,12.790057,-13.77996,30.865208
48.350001,24.242203,12.445882,-14.496406,30.866327
48.375001,24.062738,12.440796,-14.79747,30.866712
48.400001,23.960815,12.779666,-14.672655,30.866281
48.425001,23.93195,13.434884,-14.121695,30.865136
48.450001,23.94898,14.34883,-13.157328,30.863535
48.475001,23.970112,15.439713,-11.811104,30.86184
48.500001,23.950619,16.610976,-10.139506,30.860432
48.525001,23.855512,17.763635,-8.227055,30.859628
48.550001,23.670081,18.809623,-6.183913,30.859609
48.575001,23.405445,19.683212,-4.13755,30.860379
48.600001,23.097559,20.347524,-2.220279,30.861766
48.625001,22.799924,20.794403,-0.556026,30.863456
48.650001,22.571996,21.037928,0.750429,30.86507
48.675001,22.466195,21.103811,1.619944,30.866244
48.700001,22.516448,21.018026,2.001503,30.866711
48.725001,22.73044,20.797919,1.872458,30.866364
48.750001,23.08694,20.448095,1.238487,30.865275
48.775001,23.538755,19.961859,0.1343,30.863681
48.800001,24.021122,19.327508,-1.375517,30.861933
48.825001,24.464403,18.537394,-3.197361,30.860414
48.850001,24.808821,17.596895,-5.213231,30.859457
48.875001,25.017955,16.53036,-7.289973,30.85927
48.900001,25.08753,15.382012,-9.292049,30.859887
48.925001,25.046991,14.211371,-11.094884,30.861162
48.950001,24.953278,13.08454,-12.595283,30.8628
48.975001,24.878438,12.063818,-13.71643,30.864427
49.000001,24.894188,11.198269,-14.407213,30.865671
49.025001,25.056931,10.517098,-14.637828,30.866246
49.050001,25.396163,10.026598,-14.394901,30.866016
49.075001,25.908233,9.710521,-13.679145,30.865025
49.100001,26.556447,9.533327,-12.507023,30.863487
49.125001,27.277694,9.445675,-10.915745,30.861738
49.150001,27.994751,9.391528,-8.968992,30.860163
49.175001,28.632154,9.316025,-6.759886,30.85911
49.200001,29.132274,9.172912,-4.408437,30.858808
49.225001,29.467558,8.930125,-2.052695,30.85932
49.250001,29.645571,8.572353,0.164602,30.860529
49.275001,29.705333,8.100156,2.110335,30.862159
49.300001,29.705979,7.526222,3.672542,30.863842
49.325001,29.7109,6.870141,4.766992,30.865201
49.350001,29.771429,6.153338,5.338924,30.86593
49.375001,29.913879,5.395466,5.361952,30.865867
49.400001,30.132671,4.612795,4.836733,30.865024
49.425001,30.390929,3.818417,3.7911,30.863592
49.450001,30.628573,3.023466,2.281567,30.861892
49.475001,30.776493,2.238392,0.394386,30.860305
49.500001,30.773908,1.473468,-1.756444,30.859191
49.525001,30.584813,0.738149,-4.036085,30.858801
49.550001,30.209154,0.039448,-6.300593,30.859229
49.575001,29.685545,-0.620051,-8.411135,30.860383
49.600001,29.084641,-1.243709,-10.246976,30.86201
49.625001,28.495021,-1.841206,-11.713876,30.863752
49.650001,28.005325,-2.42743,-12.74643,30.865225
49.675001,27.686892,-3.020001,-13.305345,30.866107
49.700001,27.580408,-3.635894,-13.37252,30.86621
49.725001,27.688706,-4.287811,-12.947217,30.865517
49.750001,27.976622,-4.981082,-12.045572,30.864192
49.775001,28.377872,-5.711799,-10.703643,30.862538
49.800001,28.807979,-6.466771,-8.982116,30.860933
49.825001,29.181187,-7.225522,-6.969504,30.859745
49.850001,29.428074,-7.964006,-4.78082,30.859248
49.875001,29.509803,-8.659094,-2.550321,30.859561
49.900001,29.42535,-9.29252,-0.419347,30.860622
49.925001,29.209755,-9.853024,1.477692,30.862201
49.950001,28.923994,-10.335976,3.0255,30.863951
49.975001,28.63937,-10.740651,4.135604,30.865488
50.000001,28.420519,-11.066138,4.749093,30.866473
50.025001,28.310969,-11.307324,4.835932,30.866693
50.050001,28.324118,-11.452484,4.393326,30.866104
50.075001,28.441126,-11.483554,3.44511,30.864841
50.100001,28.615937,-11.379479,2.042583,30.863191
50.125001,28.78649,-11.122105,0.265413,30.861524
50.150001,28.889913,-10.703191,-1.779759,30.860216
50.175001,28.878421,-10.130524,-3.965079,30.859562
50.200001,28.731992,-9.431165,-6.152023,30.859708
50.225001,28.464439,-8.650632,-8.204897,30.860623
50.250001,28.121132,-7.848084,-10.003935,30.8621
50.275001,27.769012,-7.088823,-11.45448,30.863806
50.300001,27.481622,-6.436031,-12.490329,30.865358
50.325001,27.322922,-5.943481,-13.071649,30.866406
50.350001,27.333466,-5.65019,-13.179941,30.866712
50.375001,27.521569,-5.577131,-12.813325,30.866202
50.400001,27.860925,-5.725669,-11.9847,30.864987
50.425001,28.295137,-6.07743,-10.723586,30.863332
50.450001,28.748622,-6.595658,-9.080325,30.861599
50.475001,29.142177,-7.22837,-7.129817,30.86017
50.500001,29.410198,-7.913427,-4.971706,30.859358
50.525001,29.515577,-8.585056,-2.725103,30.859337
50.550001,29.458344,-9.180605,-0.518154,30.860104
50.575001,29.275605,-9.645937,1.525057,30.86148
50.600001,29.032702,-9.938201,3.296696,30.863147
50.625001,28.808024,-10.025598,4.713423,30.864725
50.650001,28.675335,-9.885002,5.719502,30.865852
50.675001,28.687693,-9.49908,6.285724,30.866269
50.700001,28.866122,-8.854754,6.406452,30.865876
50.725001,29.19497,-7.94425,6.097173,30.864752
50.750001,29.6247,-6.768846,5.393825,30.863141
50.775001,30.081771,-5.344117,4.353536,30.861396
50.800001,30.484033,-3.704597,3.055041,30.859902
50.825001,30.758685,-1.905527,1.596673,30.858987
50.850001,30.858712,-0.020238,0.090597,30.858851
50.875001,30.773568,1.866741,-1.346388,30.85952
50.900001,30.531144,3.669072,-2.603575,30.86084
50.925001,30.190463,5.307737,-3.585881,30.862513
50.950001,29.827229,6.717423,-4.220068,30.86416
50.975001,29.516136,7.84899,-4.456987,30.865412
51.000001,29.314237,8.668583,-4.270875,30.865988
51.025001,29.248892,9.155274,-3.657648,30.86576
51.050001,29.312404,9.299449,-2.633953,30.864778
51.075001,29.464149,9.103475,-1.237573,30.863262
51.100001,29.639747,8.584774,0.471706,30.861553
51.125001,29.765622,7.779998,2.412707,30.860035
51.150001,29.776042,6.748052,4.486892,30.859052
51.175001,29.628724,5.569814,6.58658,30.858826
51.200001,29.315019,4.343491,8.60623,30.859414
51.225001,28.861861,3.176233,10.454026,30.860689
51.250001,28.324982,2.173989,12.060473,30.86237
51.275001,27.775387,1.432029,13.381667,30.864087
51.300001,27.282781,1.027835,14.396881,30.865463
51.325001,26.90006,1.01672,15.102159,30.866197
51.350001,26.652142,1.429328,15.502857,30.866134
51.375001,26.531135,2.26984,15.608112,30.865295
51.400001,26.49847,3.514253,15.429189,30.863875
51.425001,26.493587,5.109331,14.981988,30.8622
51.450001,26.447595,6.973742,14.292356,30.860651
51.475001,26.299312,9.003069,13.401677,30.859586
51.500001,26.010111,11.07927,12.370009,30.859249
51.525001,25.573926,13.083355,11.274872,30.859725
51.550001,25.019753,14.908327,10.205381,30.860914
51.575001,24.40603,16.468876,9.253073,30.862559
51.600001,23.808563,17.705294,8.501747,30.864296
51.625001,23.305254,18.58123,8.018557,30.865745
51.650001,22.961243,19.077253,7.847677,30.866588
51.675001,22.817367,19.18357,8.006744,30.866642
51.700001,22.883648,18.895399,8.485653,30.865899
51.725001,23.138446,18.213156,9.247299,30.864531
51.750001,23.533225,17.147642,10.230392,30.862846
51.775001,24.002178,15.728233,11.354876,30.861223
51.800001,24.475216,14.010632,12.530255,30.860027
51.825001,24.891853,12.08052,13.666281,30.859529
51.850001,25.212836,10.050761,14.684168,30.85984
51.875001,25.426571,8.052088,15.525717,30.86089
51.900001,25.548557,6.219617,16.157906,30.862443
51.925001,25.614067,4.678754,16.571799,30.864149
51.950001,25.666138,3.533731,16.776437,30.865624
51.975001,25.742164,2.860329,16.789953,30.866536
52.000001,25.862408,2.702424,16.630828,30.866676
52.025001,26.02313,3.070801,16.31188,30.86601
52.050001,26.195896,3.94278,15.838497,30.86468
52.075001,26.333422,5.262357,15.211241,30.862977
52.100001,26.381002,6.941856,14.431624,30.861276
52.125001,26.291176,8.866822,13.508889,30.859951
52.150001,26.03819,10.905241,12.465321,30.859291
52.175001,25.628369,12.920517,11.338065,30.859436
52.200001,25.103395,14.785696,10.176627,30.860346
52.225001,24.535362,16.395289,9.036693,30.86181
52.250001,24.014862,17.671641,7.972113,30.863491
52.275001,23.635133,18.564668,7.027238,30.865004
52.300001,23.47587,19.046352,6.23139,30.866004
52.325001,23.589731,19.103217,5.596218,30.866259
52.350001,23.993488,18.730523,5.115838,30.865706
52.375001,24.664816,17.930909,4.769084,30.864459
52.400001,25.54515,16.718197,4.523165,30.86279
52.425001,26.548567,15.124796,4.338147,30.861066
52.450001,27.575848,13.209357,4.171862,30.859666
52.475001,28.531573,11.060872,3.984721,30.858898
52.500001,29.340753,8.796442,3.743837,30.858929
52.525001,29.960904,6.55227,3.425782,30.859747
52.550001,30.38627,4.469979,3.017534,30.861167
52.575001,30.643025,2.681949,2.515671,30.862865
52.600001,30.776998,1.299278,1.924369,30.864461
52.625001,30.837497,0.404322,1.253088,30.865594
52.650001,30.861683,0.047586,0.514771,30.866012
52.675001,30.863405,0.247224,-0.275044,30.865621
52.700001,30.829095,0.989164,-1.098324,30.864508
52.725001,30.721627,2.226981,-1.934481,30.862924
52.750001,30.49132,3.882226,-2.760933,30.861222
52.775001,30.09154,5.847092,-3.55489,30.859788
52.800001,29.495007,7.991234,-4.296423,30.858945
52.825001,28.706356,10.173158,-4.972206,30.858886
52.850001,27.767269,12.254468,-5.578842,30.859629
52.875001,26.752543,14.11356,-6.124618,30.861012
52.900001,25.758166,15.655123,-6.628895,30.862732
52.925001,24.884646,16.813234,-7.119079,30.864409
52.950001,24.219717,17.548316,-7.625734,30.865675
52.975001,23.823961,17.840506,-8.176853,30.866255
53.000001,23.721591,17.683104,-8.79236,30.866027
53.025001,23.897264,17.079344,-9.479875,30.865049
53.050001,24.299041,16.043999,-10.232563,30.863548
53.075001,24.84707,14.609048,-11.029672,30.861867
53.100001,25.447063,12.830661,-11.839969,30.860391
53.125001,26.006622,10.793781,-12.627588,30.859457
53.150001,26.451406,8.611247,-13.359079,30.859284
53.175001,26.737445,6.41631,-14.009803,30.859919
53.200001,26.856506,4.350005,-14.5678,30.861226
53.225001,26.833112,2.546702,-15.033904,30.86292
53.250001,26.714257,1.121535,-15.418041,30.864629
53.275001,26.554834,0.162101,-15.732867,30.865978
53.300001,26.40268,-0.275285,-15.986682,30.86667
53.325001,26.286825,-0.166268,-16.177747,30.866557
53.350001,26.21136,0.481865,-16.291774,30.865669
53.375001,26.155979,1.630241,-16.30357,30.864208
53.400001,26.082869,3.208478,-16.182822,30.862503
53.425001,25.948372,5.116444,-15.902879,30.86094
53.450001,25.716695,7.229706,-15.450385,30.859868
53.475001,25.372236,9.40959,-14.833066,30.85953
53.500001,24.927177,11.516799,-14.083285,30.860002
53.525001,24.422163,13.425553,-13.256123,30.861178
53.550001,23.919818,15.034534,-12.422442,30.862792
53.575001,23.492886,16.271844,-11.658803,30.864483
53.600001,23.210013,17.09349,-11.036743,30.865867
53.625001,23.1224,17.477322,-10.613528,30.866634
53.650001,23.253843,17.415905,-10.42557,30.866608
53.675001,23.595703,16.911801,-10.484788,30.86579
53.700001,24.107535,15.977357,-10.777727,30.864357
53.725001,24.72348,14.638962,-11.267293,30.862624
53.750001,25.363803,12.94356,-11.897111,30.860971
53.775001,25.949895,10.963987,-12.598364,30.859761
53.800001,26.419871,8.799784,-13.298422,30.859258
53.825001,26.741117,6.571734,-13.929749,30.859567
53.850001,26.916412,4.410826,-14.437061,30.860612
53.875001,26.981845,2.444478,-14.780963,30.86215
53.900001,26.997016,0.783739,-14.937294,30.863827
53.925001,27.030172,-0.48564,-14.892896,30.865262
53.950001,27.141965,-1.307305,-14.639753,30.866125
53.975001,27.371491,-1.654591,-14.169936,30.866216
54.000001,27.727354,-1.529074,-13.473502,30.865507
54.025001,28.185362,-0.959173,-12.540375,30.864148
54.050001,28.693333,0.000641,-11.365856,30.862437
54.075001,29.182327,1.270947,-9.958028,30.860749
54.100001,29.582289,2.75048,-8.344403,30.859456
54.125001,29.838732,4.322615,-6.575192,30.858841
54.150001,29.92635,5.865241,-4.721527,30.859039
54.175001,29.855799,7.262303,-2.868765,30.86
54.200001,29.671678,8.414224,-1.106731,30.861505
54.225001,29.442217,9.24463,0.480233,30.863214
54.250001,29.243523,9.702219,1.820888,30.864742
54.275001,29.142385,9.75856,2.861162,30.865747
54.300001,29.181561,9.404073,3.565115,30.866003
54.325001,29.370429,8.644758,3.914355,30.865452
54.350001,29.682646,7.501379,3.90767,30.864219
54.375001,30.061241,6.011174,3.561803,30.86258
54.400001,30.430444,4.230526,2.913083,30.860903
54.425001,30.712181,2.236103,2.018549,30.859565
54.450001,30.843852,0.122218,0.954849,30.858871
54.475001,30.793121,-2.006397,-0.186129,30.858979
54.500001,30.565759,-4.04522,-1.304671,30.85987
54.525001,30.204298,-5.901147,-2.302117,30.86135
54.550001,29.777872,-7.501098,-3.089063,30.863092
54.575001,29.366088,-8.795846,-3.591174,30.864714
54.600001,29.041134,-9.758853,-3.752144,30.865859
54.625001,28.852263,-10.381725,-3.534667,30.866279
54.650001,28.815708,-10.668923,-2.920979,30.865889
54.675001,28.911687,-10.634131,-1.914247,30.864782
54.700001,29.088903,-10.299563,-0.540996,30.863214
54.725001,29.27577,-9.69791,1.146599,30.861543
54.750001,29.396412,-8.875325,3.070597,30.860152
54.775001,29.388227,-7.893219,5.131214,30.85936
54.800001,29.216947,-6.827056,7.21533,30.859353
54.825001,28.885331,-5.761509,9.208199,30.86014
54.850001,28.433101,-4.782829,11.005395,30.861552
54.875001,27.928225,-3.970339,12.521693,30.863281
54.900001,27.452006,-3.389042,13.694767,30.864946
54.925001,27.081907,-3.084638,14.483662,30.866181
54.950001,26.876008,-3.081074,14.864097,30.866716
54.975001,26.862078,-3.379961,14.823684,30.866438
55.000001,27.032902,-3.961024,14.359881,30.865412
55.025001,27.348378,-4.783275,13.482031,30.863873
55.050001,27.744005,-5.787321,12.216806,30.862166
55.075001,28.144398,-6.899591,10.614605,30.860676
55.100001,28.479341,-8.039006,8.753568,30.859739
55.125001,28.698932,-9.125628,6.738466,30.859565
55.150001,28.784032,-10.089689,4.693535,30.860194
55.175001,28.749211,-10.878785,2.750657,30.861484
55.200001,28.637376,-11.461287,1.036018,30.863145
55.225001,28.507604,-11.82523,-0.341344,30.864804
55.250001,28.419514,-11.973482,-1.296974,30.866085
55.275001,28.418067,-11.91716,-1.774251,30.8667
55.300001,28.522194,-11.669653,-1.744974,30.866507
55.325001,28.719543,-11.243099,-1.209314,30.865545
55.350001,28.968379,-10.648116,-0.196365,30.864023
55.375001,29.206446,-9.89638,1.234964,30.862274
55.400001,29.365285,-9.004631,2.996395,30.860683
55.425001,29.387099,-7.998202,4.974141,30.859599
55.450001,29.240199,-6.91234,7.03734,30.859258
55.475001,28.928965,-5.790436,9.050344,30.859729
55.500001,28.495419,-4.679441,10.886181,30.860897
55.525001,28.011881,-3.623821,12.437684,30.862494
55.550001,27.566662,-2.659833,13.623522,30.864153
55.575001,27.246466,-1.811612,14.38843,30.865495
55.600001,27.119515,-1.089759,14.69923,30.866212
55.625001,27.222619,-0.492215,14.539778,30.866137
55.650001,27.554197,-0.006634,13.907971,30.865279
55.675001,28.074167,0.386654,12.816674,30.863822
55.700001,28.710805,0.711792,11.298284,30.862084
55.725001,29.373752,0.994982,9.410628,30.860448
55.750001,29.971184,1.262584,7.240771,30.859273
55.775001,30.427783,1.53964,4.903693,30.858819
55.800001,30.699298,1.848753,2.53462,30.859181
55.825001,30.779856,2.209235,0.276302,30.860275
55.850001,30.700021,2.636469,-1.735409,30.861852
55.875001,30.516231,3.141349,-3.383874,30.863555
55.900001,30.294696,3.729614,-4.579273,30.865002
55.925001,30.09408,4.400942,-5.261167,30.865868
55.950001,29.951147,5.147858,-5.397759,30.865959
55.975001,29.872399,5.954755,-4.984438,30.865255
56.000001,29.833236,6.797697,-4.043576,30.863913
56.025001,29.784652,7.645708,-2.625875,30.862235
56.050001,29.666084,8.464104,-0.811714,30.860597
56.075001,29.421625,9.219785,1.290054,30.859369
56.100001,29.015765,9.887603,3.547968,30.85883
56.125001,28.444557,10.456213,5.818859,30.859104
56.150001,27.739079,10.931644,7.961823,30.860135
56.175001,26.96022,11.3373,9.851726,30.861698
56.200001,26.186308,11.710153,11.388677,30.863447
56.225001,25.496989,12.093916,12.501554,30.864998
56.250001,24.957376,12.530738,13.146127,30.866012
56.275001,24.605759,13.053114,13.300353,30.866269
56.300001,24.446942,13.677475,12.960184,30.86572
56.325001,24.451973,14.400603,12.138397,30.864495
56.350001,24.56413,15.199584,10.867071,30.862875
56.375001,24.71021,16.035614,9.202185,30.861231
56.400001,24.815316,16.861258,7.227305,30.859939
56.425001,24.818321,17.629866,5.053212,30.859297
56.450001,24.684592,18.304954,2.811688,30.859456
56.475001,24.412789,18.867023,0.644034,30.860389
56.500001,24.03399,19.315798,-1.312917,30.861894
56.525001,23.603521,19.667159,-2.939556,30.863641
56.550001,23.187843,19.945682,-4.142115,30.865246
56.575001,22.849946,20.174966,-4.856199,30.866357
56.600001,22.636558,20.368462,-5.04649,30.866731
56.625001,22.569552,20.523296,-4.70505,30.86629
56.650001,22.642795,20.618797,-3.850417,30.865136
56.675001,22.82466,20.620388,-2.528263,30.863532
56.700001,23.065642,20.488265,-0.812537,30.861839
56.725001,23.309691,20.189016,1.195197,30.860437
56.750001,23.507001,19.707313,3.370493,30.859642
56.775001,23.62537,19.05442,5.575658,30.859634
56.800001,23.657216,18.270955,7.672904,30.860414
56.825001,23.620366,17.422936,9.537858,30.861807
56.850001,23.552371,16.592192,11.069803,30.863498
56.875001,23.499978,15.863689,12.196285,30.865109
56.900001,23.506532,15.312751,12.872045,30.866274
56.925001,23.600388,14.994574,13.074385,30.866732
56.950001,23.786893,14.937282,12.798218,30.866374
56.975001,24.045596,15.138875,12.053591,30.865276
57.000001,24.333419,15.568001,10.866863,30.863678
57.025001,24.593449,16.168395,9.284611,30.861931
57.050001,24.76791,16.866721,7.377647,30.860417
57.075001,24.81263,17.583,5.241982,30.85947
57.100001,24.709525,18.241934,2.994535,30.859294
57.125001,24.473694,18.782708,0.763444,30.859921
57.150001,24.153,19.164841,-1.324855,30.861202
57.175001,23.8201,19.36861,-3.158288,30.862842
57.200001,23.558988,19.390282,-4.648259,30.864466
57.225001,23.449302,19.234005,-5.733664,30.865703
57.250001,23.551725,18.903264,-6.380389,30.866268
57.275001,23.897007,18.394798,-6.57846,30.866027
57.300001,24.480155,17.697021,-6.339351,30.865028
57.325001,25.260581,16.793592,-5.694995,30.863485
57.350001,26.168398,15.671199,-4.698428,30.861736
57.375001,27.116324,14.329254,-3.424522,30.860167
57.400001,28.015476,12.788391,-1.968643,30.859122
57.425001,28.791962,11.094834,-0.441643,30.858831
57.450001,29.400316,9.318904,1.038845,30.859354
57.475001,29.830159,7.547906,2.359129,30.86057
57.500001,30.104172,5.875472,3.419542,30.862203
57.525001,30.268003,4.390378,4.141496,30.863885
57.550001,30.375059,3.16751,4.470518,30.865237
57.575001,30.470317,2.262228,4.376004,30.865957
57.600001,30.577227,1.707896,3.849544,30.865882
57.625001,30.690753,1.515306,2.903731,30.865031
57.650001,30.778093,1.672764,1.572336,30.863593
57.675001,30.787037,2.146351,-0.088768,30.861892
57.700001,30.660275,2.88083,-2.001753,30.860309
57.725001,30.352386,3.802268,-4.070109,30.859203
57.750001,29.845204,4.82315,-6.186115,30.858824
57.775001,29.157274,5.84982,-8.241786,30.859262
57.800001,28.344562,6.790926,-10.140751,30.860423
57.825001,27.492113,7.564868,-11.807746,30.862054
57.850001,26.698928,8.104557,-13.193073,30.863794
57.875001,26.060023,8.358897,-14.271242,30.865261
57.900001,25.649717,8.291846,-15.035142,30.866134
57.925001,25.509241,7.880839,-15.48854,30.866225
57.950001,25.640331,7.116465,-15.640008,30.865523
57.975001,26.005395,6.004412,-15.500476,30.864191
58.000001,26.534121,4.569261,-15.085038,30.862536
58.025001,27.135779,2.858369,-14.417922,30.860934
58.050001,27.715531,0.943399,-13.538234,30.859754
58.075001,28.191857,-1.082484,-12.503671,30.859267
58.100001,28.511299,-3.112206,-11.390099,30.859591
58.125001,28.656819,-5.035656,-10.286364,30.860661
58.150001,28.647573,-6.750927,-9.285457,30.862245
58.175001,28.530292,-8.17284,-8.474271,30.863994
58.200001,28.364847,-9.236965,-7.924304,30.865525
58.225001,28.207944,-9.899309,-7.684824,30.866501
58.250001,28.098975,-10.133635,-7.778874,30.866711
58.275001,28.051077,-9.929049,-8.2017,30.866111
58.300001,28.049046,-9.289921,-8.921144,30.864842
58.325001,28.054347,-8.238676,-9.87999,30.863188
58.350001,28.016107,-6.820149,-11.000772,30.861524
58.375001,27.885689,-5.104934,-12.193496,30.860223
58.400001,27.631413,-3.18903,-13.365953,30.859579
58.425001,27.249591,-1.188281,-14.435065,30.859736
58.450001,26.768816,0.771838,-15.336722,30.860659
58.475001,26.246226,2.568578,-16.031525,30.862141
58.500001,25.756764,4.093146,-16.504919,30.863848
58.525001,25.378311,5.258192,-16.762023,30.865395
58.550001,25.176265,6.000827,-16.819112,30.866434
58.575001,25.190785,6.282342,-16.694654,30.866729
58.600001,25.428848,6.086922,-16.402622,30.86621
58.625001,25.862272,5.421435,-15.94987,30.864987
58.650001,26.432077,4.317027,-15.33798,30.863328
58.675001,27.058768,2.831558,-14.56858,30.861597
58.700001,27.657206,1.050599,-13.650113,30.860175
58.725001,28.153398,-0.915331,-12.60354,30.859373
58.750001,28.499542,-2.938456,-11.464809,30.859363
58.775001,28.683457,-4.885407,-10.283012,30.86014
58.800001,28.729743,-6.630126,-9.114646,30.861521
58.825001,28.692292,-8.064617,-8.01566,30.86319
58.850001,28.640181,-9.105114,-7.033529,30.864764
58.875001,28.640658,-9.693297,-6.201243,30.865883
58.900001,28.743243,-9.794225,-5.534165,30.86629
58.925001,28.968291,-9.393766,-5.029731,30.865886
58.950001,29.302131,-8.497941,-4.669385,30.864754
58.975001,29.699665,-7.13508,-4.421976,30.863139
59.000001,30.09408,-5.359662,-4.24807,30.861396
59.025001,30.411984,-3.25519,-4.104737,30.859908
59.050001,30.590874,-0.933134,-3.950406,30.859002
59.075001,30.594796,1.473807,-3.74922,30.858877
59.100001,30.424039,3.823606,-3.474207,30.859556
59.125001,30.116097,5.979172,-3.108746,30.860883
59.150001,29.737601,7.821128,-2.646229,30.862557
59.175001,29.369471,9.255915,-2.088341,30.864202
59.200001,29.089221,10.218187,-1.442802,30.865446
59.225001,28.954558,10.668825,-0.721428,30.866012
59.250001,28.991606,10.591459,0.060948,30.865773
59.275001,29.189725,9.99042,0.886703,30.864782
59.300001,29.5037,8.891641,1.735331,30.863262
59.325001,29.862959,7.345958,2.583805,30.861553
59.350001,30.18635,5.43242,3.408108,30.860041
59.375001,30.399681,3.258497,4.18611,30.859066
59.400001,30.452151,0.95493,4.901352,30.858851
59.425001,30.327507,-1.334938,5.546695,30.859449
59.450001,30.046873,-3.46912,6.126607,30.86073
59.475001,29.662474,-5.320552,6.657173,30.862414
59.500001,29.244086,-6.786818,7.163584,30.864128
59.525001,28.861952,-7.794398,7.675545,30.865497
59.550001,28.570434,-8.29817,8.221576,30.866222
59.575001,28.39598,-8.278649,8.823342,30.866147
59.600001,28.331653,-7.739759,9.491063,30.865299
59.625001,28.339063,-6.70887,10.220921,30.863873
59.650001,28.357311,-5.238879,10.995102,30.862197
59.675001,28.317299,-3.410327,11.784743,30.860653
59.700001,28.158568,-1.330759,12.555428,30.859596
59.725001,27.844827,0.8708,13.274105,30.85927
59.750001,27.374249,3.054428,13.915658,30.859756
59.775001,26.781752,5.08287,14.467228,30.860954
59.800001,26.132668,6.834559,14.92892,30.862602
59.825001,25.509647,8.212763,15.310643,30.864338
59.850001,24.996294,9.149245,15.626037,30.86578
59.875001,24.661374,9.603147,15.88534,30.866613
59.900001,24.546644,9.557567,16.089301,30.866656
59.925001,24.660091,9.016725,16.225986,30.865904
59.950001,24.975283,8.00559,16.271599,30.864529
59.975001,25.436767,6.571966,16.19553,30.862842
