time,VN_m_per_sec,VE_m_per_sec,VD_m_per_sec,V_m_per_sec
0,0,0,0,0
0.0125,30.865824,0.023435,-0.192829,30.866435
0.025,30.860549,0.163623,-0.577433,30.866384
0.0375,30.848222,0.441982,-0.958873,30.866285
0.05,30.825419,0.85447,-1.335032,30.866145
0.0625,30.787321,1.395006,-1.703788,30.865969
0.075,30.728076,2.055471,-2.063041,30.86577
0.0875,30.64125,2.825737,-2.410744,30.865558
0.1,30.520336,3.693747,-2.744966,30.865345
0.1125,30.3593,4.645654,-3.063965,30.865143
0.125,30.153111,5.666047,-3.366278,30.864964
0.1375,29.898237,6.738249,-3.650817,30.864819
0.15,29.593052,7.844698,-3.916966,30.864715
0.1625,29.238137,8.967388,-4.164668,30.864658
0.175,28.836445,10.08834,-4.3945,30.864653
0.1875,28.393319,11.190089,-4.607711,30.864699
0.2,27.916351,12.256136,-4.806245,30.864794
0.2125,27.415113,13.271338,-4.992716,30.864933
0.225,26.900758,14.222218,-5.170356,30.865107
0.2375,26.385531,15.097156,-5.34293,30.865308
0.25,25.882224,15.886477,-5.514613,30.865524
0.2625,25.403605,16.582415,-5.689858,30.865744
0.275,24.961863,17.178989,-5.873231,30.865954
0.2875,24.568082,17.671795,-6.069248,30.866143
0.3,24.231791,18.057763,-6.282201,30.866301
0.3125,23.960581,18.334891,-6.515989,30.866418
0.325,23.759824,18.502012,-6.773958,30.86649
0.3375,23.632475,18.558599,-7.058754,30.866511
0.35,23.578982,18.504648,-7.372194,30.86648
0.3625,23.597287,18.340637,-7.715166,30.866401
0.375,23.682927,18.067582,-8.087552,30.866277
0.3875,23.829222,17.687166,-8.488192,30.866115
0.4,24.027557,17.201937,-8.914891,30.865926
0.4125,24.267739,16.615547,-9.364461,30.86572
0.425,24.538434,15.933002,-9.832822,30.86551
0.4375,24.827652,15.160893,-10.315142,30.865306
0.45,25.123275,14.307573,-10.806024,30.865122
0.4625,25.413597,13.38326,-11.299719,30.864967
0.475,25.687845,12.400028,-11.790377,30.864852
0.4875,25.936659,11.371698,-12.272285,30.864782
0.5,26.152484,10.313609,-12.740116,30.864762
0.5125,26.329871,9.242297,-13.189136,30.864793
0.525,26.465642,8.175085,-13.615367,30.864874
0.5375,26.558927,7.12963,-14.015707,30.865001
0.55,26.611056,6.123451,-14.387963,30.865165
0.5625,26.625331,5.173469,-14.730833,30.86536
0.575,26.606679,4.295592,-15.043806,30.865573
0.5875,26.561232,3.50436,-15.327019,30.865792
0.6,26.495847,2.812674,-15.581056,30.866006
0.6125,26.417606,2.23159,-15.806726,30.866203
0.625,26.333337,1.770201,-16.004831,30.866371
0.6375,26.249167,1.435564,-16.175947,30.866501
0.65,26.170149,1.232683,-16.320231,30.866586
0.6625,26.099969,1.164502,-16.437272,30.866622
0.675,26.040752,1.231922,-16.526009,30.866606
0.6875,25.992978,1.433809,-16.58471,30.86654
0.7,25.9555,1.766995,-16.611022,30.866427
0.7125,25.925676,2.226286,-16.602104,30.866274
0.725,25.899587,2.804466,-16.554814,30.86609
0.7375,25.872352,3.492328,-16.465962,30.865885
0.75,25.838502,4.278748,-16.332599,30.865671
0.7625,25.792406,5.150803,-16.152327,30.865461
0.775,25.728717,6.093972,-15.923606,30.865265
0.7875,25.642805,7.092401,-15.64604,30.865096
0.8,25.531162,8.129253,-15.320606,30.864963
0.8125,25.391734,9.187117,-14.949822,30.864874
0.825,25.22417,10.248458,-14.537823,30.864833
0.8375,25.02996,11.296098,-14.090345,30.864844
0.85,24.812456,12.313664,-13.614626,30.864904
0.8625,24.576768,13.286007,-13.119203,30.865012
0.875,24.329557,14.19953,-12.61365,30.865161
0.8875,24.078718,15.042429,-12.10826,30.865342
0.9,23.833001,15.804812,-11.613691,30.865545
0.9125,23.601567,16.478711,-11.140608,30.865758
0.925,23.393535,17.057987,-10.699333,30.86597
0.9375,23.217523,17.53815,-10.299526,30.866168
0.95,23.081228,17.916118,-9.949906,30.86634
0.9625,22.991041,18.189952,-9.65801,30.866478
0.975,22.951738,18.358593,-9.430011,30.866573
0.9875,22.966236,18.421633,-9.270578,30.866619
1,23.035438,18.37915,-9.182771,30.866614
1.0125,23.158167,18.231613,-9.167987,30.866558
1.025,23.331183,17.979878,-9.225934,30.866454
1.0375,23.549301,17.625267,-9.35464,30.866307
1.05,23.805594,17.169723,-9.5505,30.866126
1.0625,24.091688,16.616012,-9.808354,30.865921
1.075,24.398126,15.96797,-10.121613,30.865703
1.0875,24.714809,15.230731,-10.482423,30.865485
1.1,25.03148,14.410942,-10.881874,30.865278
1.1125,25.338226,13.516902,-11.310249,30.865095
1.125,25.625992,12.558621,-11.75731,30.864944
1.1375,25.887047,11.547783,-12.212599,30.864835
1.15,26.115389,10.497589,-12.665755,30.864774
1.1625,26.30706,9.422507,-13.106815,30.864764
1.175,26.460339,8.337926,-13.526478,30.864804
1.1875,26.575804,7.259753,-13.91633,30.864893
1.2,26.656261,6.203967,-14.268999,30.865026
1.2125,26.70653,5.186173,-14.578237,30.865193
1.225,26.733125,4.221188,-14.838926,30.865387
1.2375,26.743827,3.322675,-15.047009,30.865595
1.25,26.747204,2.502843,-15.199368,30.865805
1.2625,26.752081,1.772241,-15.293647,30.866006
1.275,26.767019,1.139612,-15.328057,30.866185
1.2875,26.799814,0.611833,-15.301179,30.866332
1.3,26.857046,0.193905,-15.211789,30.866439
1.3125,26.943709,-0.111021,-15.058717,30.866499
1.325,27.062926,-0.301591,-14.840769,30.866508
1.3375,27.215764,-0.378194,-14.556715,30.866467
1.35,27.401163,-0.342905,-14.205346,30.866376
1.3625,27.61598,-0.19945,-13.785597,30.866241
1.375,27.855141,0.046839,-13.296736,30.86607
1.3875,28.111901,0.389049,-12.738588,30.865871
1.4,28.378213,0.818742,-12.111787,30.865655
1.4125,28.645164,1.326016,-11.418028,30.865436
1.425,28.903491,1.899624,-10.660288,30.865225
1.4375,29.144113,2.527126,-9.842995,30.865033
1.45,29.358685,3.195107,-8.972134,30.864872
1.4625,29.540106,3.889441,-8.055258,30.86475
1.475,29.682968,4.59561,-7.101403,30.864674
1.4875,29.783904,5.299046,-6.120926,30.864649
1.5,29.841816,5.985493,-5.125238,30.864675
1.5125,29.857954,6.641344,-4.126501,30.864752
1.525,29.835851,7.253961,-3.137265,30.864873
1.5375,29.781115,7.811923,-2.170103,30.865033
1.55,29.701087,8.305212,-1.237264,30.865223
1.5625,29.604406,8.72532,-0.350359,30.86543
1.575,29.500484,9.065273,0.479896,30.865645
1.5875,29.398959,9.319597,1.243868,30.865853
1.6,29.309135,9.484213,1.93313,30.866044
1.6125,29.239448,9.556312,2.540525,30.866206
1.625,29.196996,9.53421,3.060176,30.866331
1.6375,29.187138,9.417209,3.48747,30.866411
1.65,29.213202,9.205494,3.819017,30.866441
1.6625,29.276289,8.900058,4.052625,30.86642
1.675,29.375205,8.502684,4.187274,30.86635
1.6875,29.506506,8.015962,4.223127,30.866233
1.7,29.664669,7.443358,4.161556,30.866077
1.7125,29.842371,6.789298,4.005194,30.865891
1.725,30.030873,6.059258,3.757999,30.865685
1.7375,30.220498,5.259853,3.425313,30.865471
1.75,30.401162,4.398872,3.013904,30.865261
1.7625,30.562958,3.485275,2.531969,30.865067
1.775,30.69673,2.529117,1.98909,30.864901
1.7875,30.794627,1.541395,1.396129,30.864771
1.8,30.850584,0.533828,0.76506,30.864686
1.8125,30.860704,-0.481422,0.108738,30.86465
1.825,30.823503,-1.492086,-0.559377,30.864666
1.8375,30.740021,-2.486129,-1.225532,30.864732
1.85,30.613761,-3.452094,-1.876003,30.864845
1.8625,30.450482,-4.379414,-2.49741,30.865
1.875,30.257861,-5.258668,-3.077004,30.865186
1.8875,30.045031,-6.081759,-3.602905,30.865395
1.9,29.822046,-6.842023,-4.064285,30.865614
1.9125,29.599305,-7.534242,-4.451496,30.865831
1.925,29.386967,-8.154588,-4.756141,30.866034
1.9375,29.194389,-8.700508,-4.971098,30.866211
1.95,29.029627,-9.170561,-5.090517,30.866354
1.9625,28.899017,-9.564238,-5.109805,30.866453
1.975,28.806852,-9.881781,-5.025613,30.866504
1.9875,28.755172,-10.124023,-4.835837,30.866505
2,28.743673,-10.292268,-4.539652,30.866454
2.0125,28.769733,-10.388211,-4.137569,30.866356
2.025,28.828558,-10.413911,-3.63152,30.866215
2.0375,28.913449,-10.371819,-3.024956,30.866042
2.05,29.016157,-10.264839,-2.322943,30.865844
2.0625,29.127341,-10.09642,-1.532236,30.865635
2.075,29.237086,-9.870663,-0.661317,30.865426
2.0875,29.335467,-9.592418,0.279641,30.865228
2.1,29.413127,-9.267366,1.278875,30.865055
2.1125,29.461824,-8.902054,2.323221,30.864915
2.125,29.474937,-8.503884,3.398385,30.864817
2.1375,29.447866,-8.081052,4.489286,30.864767
2.15,29.378326,-7.642415,5.580447,30.864768
2.1625,29.266494,-7.197328,6.656419,30.86482
2.175,29.115011,-6.75542,7.702191,30.86492
2.1875,28.928828,-6.326359,8.703576,30.865063
2.2,28.714923,-5.919597,9.647523,30.865241
2.2125,28.481894,-5.544127,10.522358,30.865445
2.225,28.239473,-5.208257,11.317919,30.865662
2.2375,27.997976,-4.919411,12.025611,30.86588
2.25,27.767747,-4.683973,12.638358,30.866089
2.2625,27.558605,-4.507164,13.150501,30.866275
2.275,27.379347,-4.392958,13.557644,30.866429
2.2875,27.237303,-4.344026,13.856484,30.866542
2.3,27.137993,-4.361713,14.044652,30.866607
2.3125,27.084869,-4.44603,14.120589,30.866622
2.325,27.079173,-4.595663,14.083479,30.866585
2.3375,27.119894,-4.808002,13.933244,30.8665
2.35,27.203846,-5.079173,13.670608,30.86637
2.3625,27.325845,-5.404109,13.297228,30.866203
2.375,27.478986,-5.776624,12.815868,30.866009
2.3875,27.655013,-6.18953,12.230598,30.865799
2.4,27.84476,-6.634787,11.547002,30.865585
2.4125,28.03865,-7.10369,10.772342,30.865379
2.425,28.227215,-7.587089,9.915671,30.865193
2.4375,28.401631,-8.07565,8.98787,30.865038
2.45,28.554201,-8.560124,8.001577,30.864922
2.4625,28.678797,-9.031638,6.971022,30.864852
2.475,28.771189,-9.481962,5.911758,30.864831
2.4875,28.829268,-9.903759,4.840309,30.864862
2.5,28.853133,-10.290781,3.773759,30.864943
2.5125,28.845036,-10.638007,2.729306,30.865068
2.525,28.809196,-10.941716,1.723819,30.865231
2.5375,28.751483,-11.199478,0.773427,30.865422
2.55,28.679013,-11.410081,-0.106841,30.865631
2.5625,28.599667,-11.573392,-0.903341,30.865845
2.575,28.521573,-11.690176,-1.60402,30.866052
2.5875,28.452585,-11.761874,-2.198543,30.866241
2.6,28.399789,-11.790381,-2.678356,30.866401
2.6125,28.369059,-11.777825,-3.036694,30.866522
2.625,28.364691,-11.726366,-3.268562,30.866598
2.6375,28.389132,-11.63804,-3.370707,30.866623
2.65,28.442811,-11.514647,-3.341593,30.866597
2.6625,28.524089,-11.357693,-3.181397,30.866521
2.675,28.629321,-11.168379,-2.892031,30.866399
2.6875,28.753036,-10.947653,-2.477184,30.866237
2.7,28.888223,-10.696287,-1.942371,30.866045
2.7125,29.026719,-10.415004,-1.294978,30.865834
2.725,29.159677,-10.10461,-0.544284,30.865614
2.7375,29.278086,-9.766135,0.298569,30.865399
2.75,29.373329,-9.400963,1.220671,30.865201
2.7625,29.437729,-9.010939,2.207518,30.865029
2.775,29.465062,-8.598437,3.243263,30.864895
2.7875,29.450994,-8.166386,4.31106,30.864805
2.8,29.393415,-7.718249,5.393459,30.864764
2.8125,29.292638,-7.25795,6.47285,30.864774
2.825,29.151455,-6.789766,7.531917,30.864835
2.8375,28.975043,-6.318178,8.554074,30.864942
2.85,28.770722,-5.84771,9.523846,30.86509
2.8625,28.547588,-5.382746,10.427181,30.865269
2.875,28.316044,-4.92737,11.251662,30.86547
2.8875,28.087259,-4.485207,11.986619,30.86568
2.9,27.872591,-4.059301,12.623144,30.865888
2.9125,27.683016,-3.652026,13.154022,30.866081
2.925,27.528574,-3.26503,13.573596,30.866249
2.9375,27.417879,-2.899216,13.877604,30.866381
2.95,27.357706,-2.554764,14.063002,30.866469
2.9625,27.352662,-2.231176,14.127812,30.866509
2.975,27.40497,-1.927347,14.07102,30.866498
2.9875,27.514352,-1.641652,13.892525,30.866436
3,27.678031,-1.372046,13.593167,30.866326
3.0125,27.890845,-1.116172,13.174814,30.866176
3.025,28.145469,-0.871459,12.640514,30.865992
3.0375,28.432746,-0.635229,11.99467,30.865785
3.05,28.742111,-0.404788,11.243238,30.865566
3.0625,29.062093,-0.177508,10.393892,30.865349
3.075,29.380877,0.0491,9.45615,30.865144
3.0875,29.686891,0.277333,8.441419,30.864963
3.1,29.969395,0.509252,7.362945,30.864817
3.1125,30.219028,0.746656,6.235653,30.864714
3.125,30.428279,0.991073,5.075894,30.864658
3.1375,30.591853,1.243759,3.901083,30.864654
3.15,30.706899,1.505712,2.729277,30.864701
3.1625,30.773091,1.777692,1.57871,30.864796
3.175,30.79255,2.060246,0.467315,30.864934
3.1875,30.769618,2.353731,-0.587718,30.865107
3.2,30.710493,2.658332,-1.570341,30.865305
3.2125,30.62277,2.974079,-2.465963,30.865517
3.225,30.514902,3.300844,-3.261675,30.865731
3.2375,30.395631,3.638329,-3.946394,30.865933
3.25,30.27342,3.986049,-4.510923,30.866114
3.2625,30.155925,4.343294,-4.94794,30.866262
3.275,30.049528,4.709091,-5.251961,30.866369
3.2875,29.958965,5.08216,-5.419272,30.866429
3.3,29.887064,5.460874,-5.447871,30.866439
3.3125,29.834594,5.843233,-5.33743,30.866398
3.325,29.800242,6.226851,-5.08929,30.866308
3.3375,29.78072,6.608968,-4.706484,30.866174
3.35,29.77098,6.986493,-4.193796,30.866005
3.3625,29.764545,7.356083,-3.557818,30.865809
3.375,29.753928,7.714249,-2.807011,30.865599
3.3875,29.731119,8.057501,-1.951723,30.865385
3.4,29.688119,8.382516,-1.004163,30.86518
3.4125,29.617482,8.686327,0.021712,30.864996
3.425,29.512833,8.966511,1.110386,30.864844
3.4375,29.36933,9.221376,2.245069,30.864731
3.45,29.184037,9.450118,3.408059,30.864666
3.4625,28.956175,9.652949,4.581176,30.86465
3.475,28.687242,9.83117,5.746229,30.864687
3.4875,28.380985,9.987191,6.885483,30.864773
3.5,28.043232,10.12449,7.982111,30.864903
3.5125,27.681588,10.247516,9.020575,30.865072
3.525,27.305034,10.361528,9.986925,30.865269
3.5375,26.92344,10.472405,10.869,30.865483
3.55,26.547039,10.586406,11.656515,30.865703
3.5625,26.185887,10.709921,12.341055,30.865915
3.575,25.849352,10.849205,12.915978,30.866109
3.5875,25.545639,11.010119,13.376265,30.866274
3.6,25.281402,11.19789,13.718331,30.8664
3.6125,25.061429,11.416882,13.939842,30.86648
3.625,24.888434,11.670409,14.039547,30.866511
3.6375,24.762947,11.96058,14.017176,30.86649
3.65,24.683306,12.288186,13.873383,30.86642
3.6625,24.64576,12.652642,13.60977,30.866304
3.675,24.644663,13.051972,13.228973,30.866149
3.6875,24.672762,13.48286,12.734795,30.865964
3.7,24.721566,13.940758,12.13238,30.86576
3.7125,24.781778,14.420049,11.428378,30.86555
3.725,24.843782,14.914278,10.631098,30.865344
3.7375,24.898146,15.416416,9.750602,30.865155
3.75,24.936126,15.919171,8.798719,30.864994
3.7625,24.950143,16.415315,7.788968,30.86487
3.775,24.934189,16.898009,6.736383,30.864791
3.7875,24.884158,17.361104,5.657233,30.864762
3.8,24.798053,17.799403,4.568664,30.864783
3.8125,24.676081,18.208851,3.488274,30.864855
3.825,24.52061,18.58665,2.433665,30.864974
3.8375,24.335999,18.931282,1.421991,30.865132
3.85,24.128323,19.242444,0.469537,30.865321
3.8625,23.904992,19.520897,-0.408643,30.865532
3.875,23.674323,19.768242,-1.199009,30.865751
3.8875,23.445061,19.986644,-1.88974,30.865967
3.9,23.2259,20.178522,-2.470855,30.866168
3.9125,23.025032,20.34623,-2.934259,30.866342
3.925,22.84973,20.491756,-3.273741,30.86648
3.9375,22.705998,20.616458,-3.484928,30.866574
3.95,22.598306,20.720856,-3.565238,30.86662
3.9625,22.529397,20.804497,-3.513829,30.866613
3.975,22.500194,20.86591,-3.33157,30.866557
3.9875,22.509795,20.90264,-3.021036,30.866452
4,22.555554,20.911378,-2.586526,30.866306
4.0125,22.633254,20.88818,-2.034096,30.866127
4.025,22.737353,20.828751,-1.371583,30.865925
4.0375,22.861301,20.728789,-0.608618,30.865712
4.05,22.997905,20.584367,0.243417,30.8655
4.0625,23.13974,20.392323,1.171479,30.865301
4.075,23.279565,20.150626,2.161044,30.865126
4.0875,23.410736,19.858704,3.196351,30.864986
4.1,23.527582,19.51769,4.260742,30.864887
4.1125,23.625723,19.130586,5.337045,30.864837
4.125,23.702307,18.702304,6.408019,30.864838
4.1375,23.756143,18.239606,7.456796,30.864889
4.15,23.787738,17.750933,8.467314,30.864989
4.1625,23.799209,17.24613,9.424695,30.86513
4.175,23.794103,16.736101,10.315556,30.865306
4.1875,23.777115,16.232408,11.128214,30.865505
4.2,23.75375,15.746844,11.852797,30.865718
4.2125,23.729921,15.291005,12.481254,30.865931
4.225,23.71154,14.875882,13.00727,30.866132
4.2375,23.704111,14.511496,13.42612,30.86631
4.25,23.712346,14.206575,13.734479,30.866455
4.2625,23.73984,13.968301,13.930219,30.866559
4.275,23.788807,13.802106,14.012223,30.866614
4.2875,23.859904,13.711532,13.980238,30.866619
4.3,23.952137,13.698146,13.834783,30.866572
4.3125,24.062871,13.76151,13.577131,30.866477
4.325,24.187931,13.899204,13.209351,30.866338
4.3375,24.321803,14.1069,12.734412,30.866163
4.35,24.457925,14.378492,12.156334,30.865962
4.3625,24.589047,14.706275,11.480351,30.865745
4.375,24.707661,15.081188,10.713075,30.865526
4.3875,24.80646,15.493098,9.862617,30.865316
4.4,24.878818,15.931131,8.938656,30.865127
4.4125,24.91924,16.384042,7.952424,30.86497
4.425,24.923775,16.840586,6.916593,30.864853
4.4375,24.890342,17.289904,5.845073,30.864782
4.45,24.818961,17.721861,4.752722,30.864762
4.4625,24.711852,18.127353,3.65498,30.864793
4.475,24.57342,18.498528,2.567462,30.864873
4.4875,24.410094,18.828935,1.505536,30.864998
4.5,24.230057,19.113561,0.483912,30.865159
4.5125,24.042879,19.348792,-0.483721,30.865349
4.525,23.859058,19.532272,-1.384991,30.865555
4.5375,23.689535,19.662691,-2.209069,30.865766
4.55,23.545175,19.739533,-2.946797,30.865969
4.5625,23.436267,19.762777,-3.590743,30.866153
4.575,23.37205,19.732622,-4.135193,30.866307
4.5875,23.360303,19.649218,-4.576078,30.866422
4.6,23.406993,19.512461,-4.91089,30.866491
4.6125,23.516006,19.321853,-5.138577,30.866511
4.625,23.688968,19.076438,-5.259452,30.866479
4.6375,23.925156,18.774835,-5.275125,30.866397
4.65,24.221502,18.415355,-5.188463,30.86627
4.6625,24.5727,17.996195,-5.003577,30.866105
4.675,24.971407,17.515699,-4.725834,30.86591
4.6875,25.40854,16.972666,-4.361879,30.865697
4.7,25.873658,16.36667,-3.919644,30.865478
4.7125,26.355426,15.698383,-3.408341,30.865264
4.725,26.842121,14.969847,-2.838409,30.865067
4.7375,27.322185,14.184695,-2.221415,30.8649
4.75,27.784762,13.348275,-1.569887,30.86477
4.7625,28.220219,12.467688,-0.8971,30.864685
4.775,28.620584,11.551702,-0.2168,30.86465
4.7875,28.979894,10.610582,0.457103,30.864667
4.8,29.29442,9.655813,1.110861,30.864734
4.8125,29.562742,8.699769,1.731208,30.864847
4.825,29.785687,7.755322,2.305663,30.865001
4.8375,29.966117,6.835455,2.822776,30.865185
4.85,30.108596,5.952868,3.272328,30.86539
4.8625,30.218959,5.119635,3.645462,30.865604
4.875,30.303806,4.346906,3.934753,30.865815
4.8875,30.369971,3.644676,4.134222,30.86601
4.9,30.423989,3.021609,4.239307,30.866179
4.9125,30.471607,2.484938,4.24681,30.866311
4.925,30.517352,2.040392,4.154831,30.8664
4.9375,30.564203,1.69218,3.962713,30.86644
4.95,30.613363,1.442977,3.671001,30.866429
4.9625,30.664158,1.293933,3.281428,30.866367
4.975,30.714067,1.244677,2.796926,30.866259
4.9875,30.758874,1.293317,2.221652,30.86611
5,30.792943,1.436445,1.561031,30.865929
5.0125,30.809603,1.66914,0.821775,30.865725
5.025,30.801615,1.984989,0.011894,30.865512
5.0375,30.761701,2.376141,-0.85935,30.8653
5.05,30.6831,2.833385,-1.781541,30.865103
5.0625,30.560116,3.346291,-2.743273,30.86493
5.075,30.388622,3.903385,-3.732381,30.864793
5.0875,30.166473,4.49239,-4.736239,30.864699
5.1,29.893814,5.100495,-5.742097,30.864653
5.1125,29.573242,5.714656,-6.737451,30.864659
5.125,29.209823,6.321913,-7.710404,30.864716
5.1375,28.81095,6.909682,-8.650008,30.864821
5.15,28.386054,7.466032,-9.546546,30.864968
5.1625,27.946203,7.979907,-10.391739,30.865149
5.175,27.503597,8.441282,-11.178864,30.865354
5.1875,27.071004,8.841269,-11.902784,30.865572
5.2,26.661178,9.172143,-12.559873,30.86579
5.2125,26.286282,9.427328,-13.147875,30.865997
5.225,25.957354,9.601332,-13.665698,30.86618
5.2375,25.683832,9.689664,-14.113168,30.86633
5.25,25.473169,9.688754,-14.49078,30.866438
5.2625,25.330533,9.595882,-14.799456,30.866499
5.275,25.258611,9.409148,-15.04034,30.866509
5.2875,25.257519,9.127476,-15.214655,30.866468
5.3,25.324808,8.750675,-15.323612,30.866378
5.3125,25.455579,8.27954,-15.368403,30.866245
5.325,25.642698,7.715987,-15.350254,30.866077
5.3375,25.877098,7.063207,-15.270549,30.865883
5.35,26.148176,6.325822,-15.130986,30.865675
5.3625,26.444263,5.510005,-14.933778,30.865465
5.375,26.753142,4.623559,-14.681847,30.865265
5.3875,27.062616,3.675929,-14.379008,30.865086
5.4,27.361067,2.678122,-14.030116,30.864939
5.4125,27.637999,1.642546,-13.64115,30.864833
5.425,27.88452,0.582764,-13.219235,30.864773
5.4375,28.093731,-0.486833,-12.772585,30.864764
5.45,28.261005,-1.551393,-12.310365,30.864807
5.4625,28.384116,-2.596011,-11.842492,30.864898
5.475,28.46324,-3.606113,-11.379377,30.865034
5.4875,28.500794,-4.567828,-10.931632,30.865206
5.5,28.50116,-5.468289,-10.509754,30.865405
5.5125,28.470283,-6.295866,-10.123811,30.86562
5.525,28.415206,-7.040314,-9.783155,30.86584
5.5375,28.343543,-7.692837,-9.496152,30.866051
5.55,28.262957,-8.246091,-9.269961,30.866242
5.5625,28.180642,-8.694118,-9.110352,30.866403
5.575,28.102878,-9.032263,-9.021573,30.866524
5.5875,28.03464,-9.257069,-9.006251,30.866599
5.6,27.97932,-9.366203,-9.065337,30.866623
5.6125,27.938548,-9.358396,-9.198084,30.866597
5.625,27.912127,-9.233444,-9.402059,30.86652
5.6375,27.898089,-8.992251,-9.673188,30.866398
5.65,27.892857,-8.636918,-10.005836,30.866237
5.6625,27.891518,-8.170865,-10.392934,30.866048
5.675,27.888175,-7.598973,-10.826142,30.86584
5.6875,27.876381,-6.927711,-11.296064,30.865626
5.7,27.849604,-6.165238,-11.792513,30.865417
5.7125,27.801728,-5.321439,-12.304814,30.865227
5.725,27.72752,-4.407896,-12.82214,30.865065
5.7375,27.623071,-3.437761,-13.333878,30.86494
5.75,27.486143,-2.425548,-13.829979,30.864861
5.7625,27.31643,-1.38683,-14.3013,30.864832
5.775,27.115686,-0.337878,-14.739896,30.864853
5.7875,26.887731,0.704748,-15.139246,30.864924
5.8,26.638317,1.724625,-15.494403,30.865041
5.8125,26.374877,2.70587,-15.802043,30.865198
5.825,26.106169,3.633509,-16.060433,30.865384
5.8375,25.841841,4.49377,-16.269296,30.865591
5.85,25.591944,5.274306,-16.429608,30.865805
5.8625,25.36643,5.964329,-16.543333,30.866014
5.875,25.174653,6.554668,-16.613127,30.866208
5.8875,25.024911,7.037757,-16.642019,30.866374
5.9,24.924042,7.407593,-16.633121,30.866503
5.9125,24.877086,7.659649,-16.589351,30.866587
5.925,24.887046,7.790813,-16.513224,30.866623
5.9375,24.954723,7.799325,-16.406697,30.866606
5.95,25.078664,7.684768,-16.271085,30.86654
5.9625,25.255198,7.448084,-16.107056,30.866426
5.975,25.478576,7.091641,-15.914693,30.866271
5.9875,25.741212,6.619324,-15.693619,30.866084
6,26.034007,6.036647,-15.443174,30.865875
6.0125,26.346764,5.350843,-15.162627,30.865656
6.025,26.668663,4.570939,-14.851406,30.86544
6.0375,26.98879,3.707761,-14.509328,30.865237
6.05,27.296674,2.773875,-14.1368,30.865059
6.0625,27.582829,1.783432,-13.734993,30.864917
6.075,27.839242,0.751936,-13.305946,30.864818
6.0875,28.059785,-0.304085,-12.852623,30.864768
6.1,28.240526,-1.367463,-12.37888,30.864768
6.1125,28.37991,-2.42082,-11.889384,30.86482
6.125,28.478793,-3.447009,-11.389455,30.864919
6.1375,28.540336,-4.429533,-10.884867,30.865059
6.15,28.569756,-5.352918,-10.381615,30.865234
6.1625,28.573959,-6.203015,-9.885662,30.865431
6.175,28.561076,-6.967214,-9.402694,30.865641
6.1875,28.53994,-7.634573,-8.937887,30.86585
6.2,28.519532,-8.195854,-8.495713,30.866047
6.2125,28.508429,-8.643503,-8.079779,30.86622
6.225,28.514296,-8.971573,-7.692718,30.866359
6.2375,28.543428,-9.175627,-7.336123,30.866456
6.25,28.600389,-9.252645,-7.010528,30.866506
6.2625,28.687742,-9.20095,-6.715435,30.866504
6.275,28.805898,-9.020183,-6.449371,30.866452
6.2875,28.953078,-8.711316,-6.209982,30.866351
6.3,29.125397,-8.276722,-5.994152,30.866207
6.3125,29.317072,-7.720272,-5.798141,30.866029
6.325,29.520729,-7.047465,-5.617738,30.865825
6.3375,29.727821,-6.265548,-5.448427,30.865608
6.35,29.929115,-5.383609,-5.285555,30.86539
6.3625,30.115241,-4.412614,-5.124502,30.865181
6.375,30.277257,-3.365371,-4.960841,30.864996
6.3875,30.407209,-2.256397,-4.790488,30.864842
6.4,30.498645,-1.101692,-4.609827,30.86473
6.4125,30.547037,0.081586,-4.415815,30.864665
6.425,30.550104,1.275522,-4.206051,30.864651
6.4375,30.507984,2.46189,-3.978813,30.864688
6.45,30.423265,3.622633,-3.733065,30.864775
6.4625,30.300855,4.74032,-3.46842,30.864905
6.475,30.147713,5.798558,-3.185091,30.865073
6.4875,29.972457,6.782342,-2.883809,30.865267
6.5,29.78487,7.678293,-2.565736,30.865477
6.5125,29.595351,8.474821,-2.232365,30.865691
6.525,29.414339,9.162172,-1.885433,30.865897
6.5375,29.251736,9.732405,-1.52684,30.866082
6.55,29.116389,10.179301,-1.158582,30.866237
6.5625,29.015617,10.498242,-0.782709,30.866353
6.575,28.954838,10.68608,-0.401294,30.866422
6.5875,28.937299,10.741027,-0.016424,30.866441
6.6,28.963907,10.662578,0.369801,30.86641
6.6125,29.033188,10.451498,0.755262,30.866329
6.625,29.14136,10.109847,1.137812,30.866203
6.6375,29.282523,9.641069,1.515279,30.86604
6.65,29.448957,9.05011,1.885477,30.865848
6.6625,29.631526,8.343548,2.246241,30.86564
6.675,29.820152,7.529712,2.595472,30.865425
6.6875,30.004362,6.618759,2.93121,30.865218
6.7,30.173859,5.622687,3.251715,30.865029
6.7125,30.319099,4.555255,3.555571,30.86487
6.725,30.431828,3.431816,3.841779,30.864749
6.7375,30.505551,2.269039,4.109858,30.864675
6.75,30.535903,1.084556,4.359928,30.86465
6.7625,30.520878,-0.103468,4.592769,30.864676
6.775,30.460927,-1.276803,4.809855,30.864753
6.7875,30.358886,-2.417622,5.013353,30.864876
6.8,30.21977,-3.508945,5.206087,30.865038
6.8125,30.050426,-4.535024,5.391467,30.86523
6.825,29.859077,-5.481646,5.573383,30.865442
6.8375,29.654804,-6.336342,5.756078,30.865661
6.85,29.446978,-7.088497,5.943992,30.865876
6.8625,29.244694,-7.729371,6.1416,30.866075
6.875,29.056241,-8.252051,6.353237,30.866246
6.8875,28.888624,-8.65135,6.582926,30.866379
6.9,28.747178,-8.923689,6.834211,30.866469
6.9125,28.635278,-9.066978,7.110004,30.866509
6.925,28.554169,-9.080521,7.412443,30.866498
6.9375,28.502904,-8.964969,7.742784,30.866437
6.95,28.478418,-8.722312,8.101313,30.866329
6.9625,28.4757,-8.355923,8.487296,30.866181
6.975,28.488093,-7.870638,8.898967,30.866001
6.9875,28.507682,-7.272848,9.333562,30.8658
7,28.525755,-6.570596,9.7874,30.86559
7.0125,28.533336,-5.773636,10.256005,30.865382
7.025,28.521734,-4.89344,10.734283,30.865189
7.0375,28.483089,-3.943134,11.216724,30.865022
7.05,28.41089,-2.937345,11.697641,30.864891
7.0625,28.300413,-1.891956,12.171409,30.864803
7.075,28.149059,-0.823784,12.632716,30.864764
7.0875,27.956572,0.249814,13.076775,30.864776
7.1,27.72511,1.311374,13.499512,30.864838
7.1125,27.459171,2.343765,13.897686,30.864948
7.125,27.165385,3.330617,14.268961,30.865099
7.1375,26.852168,4.256689,14.611893,30.865284
7.15,26.529297,5.108178,14.925865,30.865491
7.1625,26.207399,5.872926,15.21095,30.86571
7.175,25.897414,6.54055,15.467728,30.865927
7.1875,25.610054,7.10248,15.697069,30.866132
7.2,25.35529,7.551924,15.899903,30.866312
7.2125,25.141884,7.88379,16.076994,30.866457
7.225,24.977004,8.094575,16.228729,30.86656
7.2375,24.865915,8.182262,16.354963,30.866615
7.25,24.811762,8.146223,16.454899,30.866619
7.2625,24.815458,7.987169,16.52705,30.866571
7.275,24.87567,7.707133,16.569263,30.866475
7.2875,24.988893,7.309505,16.578815,30.866337
7.3,25.149637,6.799091,16.552587,30.866163
7.3125,25.350693,6.182195,16.487287,30.865965
7.325,25.583478,5.466697,16.379731,30.865753
7.3375,25.83846,4.662101,16.227148,30.86554
7.35,26.105626,3.779539,16.027489,30.865337
7.3625,26.374979,2.831697,15.779731,30.865157
7.375,26.637042,1.832671,15.484125,30.865009
7.3875,26.883332,0.797731,15.142401,30.864903
7.4,27.106779,-0.256994,14.75788,30.864843
7.4125,27.302061,-1.314893,14.335498,30.864834
7.425,27.465824,-2.359284,13.881747,30.864876
7.4375,27.596783,-3.373846,13.40451,30.864967
7.45,27.695694,-4.34302,12.91283,30.865101
7.4625,27.765183,-5.252369,12.416608,30.86527
7.475,27.809475,-6.088864,11.926267,30.865466
7.4875,27.834014,-6.841083,11.452393,30.865677
7.5,27.845019,-7.499318,11.005381,30.865891
7.5125,27.849004,-8.055601,10.595099,30.866096
7.525,27.852289,-8.50365,10.230597,30.866279
7.5375,27.860537,-8.838768,9.91984,30.866431
7.55,27.878339,-9.057714,9.669513,30.866543
7.5625,27.908882,-9.158567,9.484852,30.866608
7.575,27.953701,-9.140616,9.36953,30.866622
7.5875,28.012543,-9.004277,9.325585,30.866585
7.6,28.083338,-8.751067,9.353378,30.866499
7.6125,28.162298,-8.383617,9.451592,30.866367
7.625,28.244111,-7.905731,9.617266,30.866199
7.6375,28.32226,-7.322477,9.84586,30.866001
7.65,28.389415,-6.640279,10.131369,30.865787
7.6625,28.437908,-5.866998,10.466468,30.865568
7.675,28.46025,-5.011977,10.842711,30.865355
7.6875,28.449656,-4.086021,11.250764,30.865161
7.7,28.400559,-3.101307,11.680677,30.864997
7.7125,28.309064,-2.071206,12.122183,30.864872
7.725,28.173318,-1.010028,12.565006,30.864792
7.7375,27.99376,0.067309,12.999169,30.864762
7.75,27.773241,1.145653,13.415268,30.864783
7.7625,27.516993,2.210032,13.804714,30.864854
7.775,27.232459,3.246042,14.159903,30.864971
7.7875,26.928987,4.240223,14.47433,30.865127
7.8,26.617414,5.180359,14.742612,30.865312
7.8125,26.309568,6.055709,14.96045,30.865515
7.825,26.017717,6.857144,15.124517,30.865726
7.8375,25.754006,7.577198,15.232301,30.865932
7.85,25.529902,8.210038,15.28191,30.86612
7.8625,25.355681,8.751369,15.271879,30.866281
7.875,25.239981,9.198291,15.200977,30.866404
7.8875,25.189423,9.549148,15.068061,30.866482
7.9,25.208334,9.803369,14.871966,30.866511
7.9125,25.298553,9.961337,14.611472,30.866489
7.925,25.459344,10.024305,14.285334,30.866416
7.9375,25.68741,9.994345,13.892385,30.866298
7.95,25.977012,9.874357,13.431696,30.866139
7.9625,26.320187,9.668118,12.902793,30.865949
7.975,26.707069,9.38036,12.305899,30.865739
7.9875,27.126296,9.016859,11.64219,30.865519
8,27.565502,8.584523,10.914029,30.865303
8.0125,28.011858,8.091444,10.125162,30.865103
8.025,28.452659,7.546916,9.280845,30.864929
8.0375,28.875902,6.961382,8.387897,30.864792
8.05,29.270836,6.346322,7.454657,30.864698
8.0625,29.628451,5.714073,6.490847,30.864653
8.075,29.94185,5.077587,5.507354,30.86466
8.0875,30.206511,4.450145,4.515935,30.864718
8.1,30.420386,3.845046,3.52888,30.864823
8.1125,30.583854,3.275287,2.558651,30.864969
8.125,30.699521,2.753257,1.617523,30.865149
8.1375,30.771889,2.290467,0.717262,30.865351
8.15,30.806915,1.89732,-0.131158,30.865564
8.1625,30.811494,1.582935,-0.917764,30.865776
8.175,30.792909,1.355027,-1.633733,30.865975
8.1875,30.758277,1.219823,-2.271481,30.866149
8.2,30.714032,1.182024,-2.824685,30.866289
8.2125,30.665478,1.244787,-3.288282,30.866387
8.225,30.616424,1.409724,-3.658434,30.866436
8.2375,30.568943,1.676898,-3.932494,30.866435
8.25,30.523246,2.044822,-4.108982,30.866383
8.2625,30.477684,2.510458,-4.187578,30.866283
8.275,30.428882,3.069206,-4.169146,30.866141
8.2875,30.371991,3.714921,-4.055774,30.865965
8.3,30.301048,4.439937,-3.850836,30.865765
8.3125,30.209415,5.235146,-3.559054,30.865553
8.325,30.090292,6.090113,-3.186547,30.86534
8.3375,29.937247,6.993266,-2.740855,30.865139
8.35,29.744746,7.932144,-2.230915,30.864961
8.3625,29.508644,8.893706,-1.66698,30.864816
8.375,29.226591,9.864698,-1.060482,30.864713
8.3875,28.898344,10.832045,-0.423824,30.864658
8.4,28.525935,11.783253,0.229874,30.864654
8.4125,28.113705,12.706791,0.88707,30.864702
8.425,27.668182,13.592421,1.534121,30.864798
8.4375,27.197834,14.431458,2.157598,30.864937
8.45,26.712687,15.216925,2.744579,30.865113
8.4625,26.223866,15.943618,3.282911,30.865314
8.475,25.743066,16.608049,3.761415,30.865531
8.4875,25.282006,17.208299,4.170028,30.86575
8.5,24.851888,17.743788,4.499903,30.86596
8.5125,24.462892,18.214986,4.743448,30.866148
8.525,24.123739,18.623089,4.894339,30.866305
8.5375,23.841323,18.9697,4.947502,30.866421
8.55,23.620439,19.256529,4.899109,30.866491
8.5625,23.463602,19.485148,4.746568,30.866511
8.575,23.37097,19.656811,4.488552,30.866479
8.5875,23.340357,19.772363,4.125041,30.866399
8.6,23.367347,19.832229,3.657404,30.866273
8.6125,23.445495,19.836502,3.088491,30.866111
8.625,23.566616,19.785098,2.422729,30.865922
8.6375,23.72115,19.677987,1.66621,30.865715
8.65,23.898592,19.51546,0.826735,30.865505
8.6625,24.087972,19.298419,-0.086187,30.865301
8.675,24.278366,19.028658,-1.06142,30.865118
8.6875,24.459402,18.70911,-2.086358,30.864964
8.7,24.621752,18.344036,-3.147164,30.86485
8.7125,24.757565,17.939133,-4.229091,30.864781
8.725,24.860819,17.50155,-5.316857,30.864762
8.7375,24.927567,17.039814,-6.395056,30.864795
8.75,24.95606,16.563648,-7.448578,30.864877
8.7625,24.946743,16.083723,-8.463002,30.865005
8.775,24.90212,15.611334,-9.424937,30.865171
8.7875,24.826499,15.158039,-10.322287,30.865366
8.8,24.725645,14.735273,-11.144424,30.865579
8.8125,24.606354,14.353972,-11.882271,30.865799
8.825,24.475995,14.024212,-12.528283,30.866012
8.8375,24.342028,13.754892,-13.076369,30.866208
8.85,24.211554,13.55346,-13.521742,30.866375
8.8625,24.090899,13.425689,-13.860757,30.866505
8.875,23.985262,13.375517,-14.090742,30.866589
8.8875,23.898454,13.404933,-14.209859,30.866623
8.9,23.832713,13.513911,-14.217009,30.866606
8.9125,23.788628,13.700412,-14.111805,30.866538
8.925,23.765157,13.960415,-13.894613,30.866424
8.9375,23.759735,14.28802,-13.566655,30.86627
8.95,23.768479,14.675598,-13.130173,30.866085
8.9625,23.786468,15.114,-12.588626,30.86588
8.975,23.808084,15.592826,-11.946894,30.865666
8.9875,23.827403,16.100751,-11.21147,30.865456
9,23.838607,16.625903,-10.390597,30.865261
9.0125,23.836395,17.156274,-9.494341,30.865093
9.025,23.816369,17.680147,-8.534563,30.864961
9.0375,23.775363,18.18653,-7.524801,30.864873
9.05,23.711697,18.665544,-6.480033,30.864834
9.0625,23.62534,19.108766,-5.416368,30.864845
9.075,23.517961,19.509481,-4.350649,30.864907
9.0875,23.392869,19.862849,-3.300024,30.865016
9.1,23.254852,20.165939,-2.281495,30.865166
9.1125,23.109915,20.417676,-1.311493,30.865347
9.125,22.964947,20.618657,-0.405497,30.865551
9.1375,22.82733,20.770895,0.422289,30.865764
9.15,22.704524,20.877486,1.159168,30.865976
9.1625,22.603645,20.942231,1.794115,30.866173
9.175,22.531072,20.969254,2.317862,30.866345
9.1875,22.492081,20.962625,2.722931,30.866482
9.2,22.490552,20.926031,3.003627,30.866575
9.2125,22.528737,20.862499,3.156009,30.86662
9.225,22.60711,20.774205,3.177868,30.866614
9.2375,22.724304,20.662364,3.068715,30.866556
9.25,22.877141,20.527213,2.829791,30.866451
9.2625,23.060747,20.368083,2.464104,30.866303
9.275,23.268762,20.183551,1.976474,30.866122
9.2875,23.493629,19.971667,1.373582,30.865916
9.3,23.726959,19.730227,0.663999,30.865698
9.3125,23.95996,19.457082,-0.141826,30.86548
9.325,24.183896,19.150458,-1.031634,30.865274
9.3375,24.390571,18.809248,-1.9915,30.865091
9.35,24.572796,18.433282,-3.006065,30.864941
9.3625,24.724814,18.023523,-4.058838,30.864834
9.375,24.842655,17.58219,-5.132579,30.864774
9.3875,24.924392,17.112792,-6.209728,30.864765
9.4,24.970281,16.620074,-7.272858,30.864806
9.4125,24.982774,16.109869,-8.305118,30.864897
9.425,24.966396,15.588881,-9.290637,30.86503
9.4375,24.92751,15.064407,-10.214862,30.865199
9.45,24.873963,14.544017,-11.064808,30.865393
9.4625,24.814666,14.035228,-11.829203,30.865601
9.475,24.759102,13.545174,-12.498536,30.865811
9.4875,24.716825,13.080312,-13.065016,30.866011
9.5,24.696952,12.646158,-13.522459,30.86619
9.5125,24.707694,12.247084,-13.866128,30.866336
9.525,24.75593,11.886168,-14.092557,30.866441
9.5375,24.846861,11.565105,-14.199389,30.8665
9.55,24.983742,11.284177,-14.18525,30.866509
9.5625,25.167706,11.042275,-14.049678,30.866466
9.575,25.397691,10.836975,-13.793125,30.866374
9.5875,25.670474,10.66466,-13.417019,30.866238
9.6,25.980802,10.520679,-12.923901,30.866065
9.6125,26.32163,10.399542,-12.317589,30.865866
9.625,26.684451,10.295148,-11.603376,30.86565
9.6375,27.059718,10.201025,-10.788215,30.865431
9.65,27.437317,10.110591,-9.88086,30.86522
9.6625,27.807097,10.017411,-8.891954,30.865029
9.675,28.159409,9.915451,-7.834007,30.864869
9.6875,28.48562,9.799304,-6.721292,30.864748
9.7,28.778588,9.664384,-5.569619,30.864674
9.7125,29.033036,9.507075,-4.396019,30.86465
9.725,29.245824,9.324827,-3.218336,30.864677
9.7375,29.416084,9.116193,-2.054781,30.864755
9.75,29.545207,8.880802,-0.923449,30.864878
9.7625,29.636692,8.619287,0.158137,30.865039
9.775,29.695856,8.333156,1.173448,30.865229
9.7875,29.729442,8.024635,2.107295,30.865437
9.8,29.745134,7.696487,2.946095,30.865651
9.8125,29.751033,7.351823,3.678042,30.865859
9.825,29.755109,6.99392,4.293201,30.866049
9.8375,29.764681,6.626062,4.783519,30.866211
9.85,29.78594,6.2514,5.1428,30.866334
9.8625,29.823552,5.872849,5.366643,30.866413
9.875,29.880354,5.49302,5.452378,30.866442
9.8875,29.957162,5.114187,5.399022,30.86642
9.9,30.052699,4.738271,5.207257,30.866348
9.9125,30.163648,4.366868,4.879446,30.86623
9.925,30.284827,4.001273,4.419677,30.866073
9.9375,30.409485,3.642525,3.833824,30.865887
9.95,30.529692,3.291454,3.129609,30.86568
9.9625,30.636828,2.948716,2.316641,30.865466
9.975,30.722121,2.614827,1.40641,30.865256
9.9875,30.77722,2.290182,0.412207,30.865063
10,30.79476,1.975054,-0.651031,30.864898
10.0125,30.768885,1.66959,-1.766971,30.864769
10.025,30.695692,1.373785,-2.918214,30.864685
10.0375,30.573565,1.087456,-4.086711,30.864651
10.05,30.403364,0.810203,-5.254208,30.864667
10.0625,30.188472,0.541375,-6.402729,30.864735
10.075,29.934676,0.280045,-7.51503,30.86485
10.0875,29.649908,0.024984,-8.575012,30.865005
10.1,29.343851,-0.225339,-9.568057,30.865192
10.1125,29.027445,-0.472753,-10.481266,30.865401
10.125,28.71233,-0.719354,-11.303589,30.86562
10.1375,28.410255,-0.967463,-12.025859,30.865837
10.15,28.132491,-1.219565,-12.640727,30.866039
10.1625,27.889283,-1.47823,-13.142528,30.866216
10.175,27.689361,-1.746026,-13.52711,30.866358
10.1875,27.539543,-2.025417,-13.791641,30.866456
10.2,27.444422,-2.318657,-13.934443,30.866506
10.2125,27.406173,-2.627685,-13.954857,30.866504
10.225,27.424466,-2.954015,-13.853171,30.866453
10.2375,27.496491,-3.29864,-13.630616,30.866353
10.25,27.6171,-3.661953,-13.289428,30.866212
10.2625,27.779054,-4.043676,-12.832968,30.866037
10.275,27.973371,-4.442831,-12.265881,30.86584
10.2875,28.189759,-4.857731,-11.594268,30.86563
10.3,28.417132,-5.286007,-10.825845,30.865421
10.3125,28.644162,-5.724679,-9.970061,30.865224
10.325,28.859858,-6.170252,-9.038141,30.865051
10.3375,29.05414,-6.618849,-8.043047,30.864913
10.35,29.218363,-7.066366,-6.999331,30.864816
10.3625,29.345759,-7.508636,-5.922895,30.864767
10.375,29.431783,-7.941594,-4.830655,30.86477
10.3875,29.474311,-8.361437,-3.74014,30.864823
10.4,29.4737,-8.764745,-2.669044,30.864924
10.4125,29.432694,-9.148577,-1.634772,30.865068
10.425,29.356189,-9.510517,-0.654,30.865247
10.4375,29.250867,-9.848678,0.257701,30.865451
10.45,29.124738,-10.161657,1.08619,30.865668
10.4625,28.98662,-10.448451,1.818983,30.865887
10.475,28.845576,-10.708341,2.4454,30.866095
10.4875,28.710371,-10.940754,2.956642,30.86628
10.5,28.588957,-11.145127,3.345797,30.866433
10.5125,28.488025,-11.320767,3.607805,30.866545
10.525,28.412638,-11.466749,3.739415,30.866609
10.5375,28.365975,-11.581832,3.739119,30.866622
10.55,28.349174,-11.664433,3.607126,30.866584
10.5625,28.361301,-11.712643,3.345339,30.866497
10.575,28.399425,-11.7243,2.957371,30.866366
10.5875,28.458817,-11.697112,2.448572,30.866199
10.6,28.533245,-11.628827,1.826065,30.866004
10.6125,28.615357,-11.517434,1.098764,30.865794
10.625,28.697141,-11.361391,0.277364,30.86558
10.6375,28.770429,-11.159848,-0.625733,30.865374
10.65,28.827423,-10.912865,-1.596552,30.865189
10.6625,28.861203,-10.62159,-2.619766,30.865035
10.675,28.866197,-10.288387,-3.678997,30.86492
10.6875,28.838571,-9.916907,-4.757184,30.864851
10.7,28.776509,-9.512084,-5.837005,30.864832
10.7125,28.680379,-9.080056,-6.901326,30.864865
10.725,28.552748,-8.628023,-7.933644,30.864946
10.7375,28.398269,-8.164042,-8.918489,30.865073
10.75,28.223427,-7.696787,-9.841769,30.865236
10.7625,28.036184,-7.235271,-10.691018,30.865428
10.775,27.845525,-6.788567,-11.45555,30.865637
10.7875,27.660956,-6.365542,-12.126507,30.865851
10.8,27.491974,-5.974599,-12.696814,30.866058
10.8125,27.347547,-5.623467,-13.16106,30.866247
10.825,27.235625,-5.319016,-13.515316,30.866405
10.8375,27.162717,-5.067112,-13.756946,30.866525
10.85,27.13354,-4.872506,-13.884403,30.8666
10.8625,27.150763,-4.738757,-13.897077,30.866624
10.875,27.214852,-4.66817,-13.795172,30.866597
10.8875,27.32403,-4.661763,-13.579667,30.866519
10.9,27.474331,-4.719241,-13.252331,30.866396
10.9125,27.659782,-4.838997,-12.815808,30.866233
10.925,27.872675,-5.018122,-12.273749,30.866041
10.9375,28.103944,-5.252444,-11.630974,30.865829
10.95,28.343618,-5.536589,-10.893639,30.865609
10.9625,28.581339,-5.86408,-10.06937,30.865395
10.975,28.806919,-6.227469,-9.167356,30.865196
10.9875,29.010895,-6.618506,-8.198363,30.865026
11,29.185071,-7.028343,-7.174653,30.864893
11.0125,29.32298,-7.447758,-6.109818,30.864804
11.025,29.420268,-7.867402,-5.018511,30.864764
11.0375,29.474948,-8.278039,-3.916109,30.864776
11.05,29.487506,-8.670772,-2.818312,30.864838
11.0625,29.460873,-9.037241,-1.74072,30.864946
11.075,29.40023,-9.369779,-0.698417,30.865095
11.0875,29.31269,-9.661506,0.294417,30.865275
11.1,29.206866,-9.906381,1.224829,30.865476
11.1125,29.092352,-10.09919,2.081345,30.865687
11.125,28.979165,-10.235496,2.854132,30.865894
11.1375,28.877162,-10.311549,3.535079,30.866087
11.15,28.795493,-10.324187,4.117809,30.866253
11.1625,28.742087,-10.270731,4.597625,30.866384
11.175,28.723228,-10.1489,4.971426,30.866471
11.1875,28.743206,-9.956758,5.237606,30.86651
11.2,28.804093,-9.692706,5.395957,30.866497
11.2125,28.905619,-9.355519,5.44759,30.866434
11.225,29.045174,-8.94444,5.394883,30.866324
11.2375,29.217934,-8.459311,5.241465,30.866172
11.25,29.417092,-7.900737,4.992219,30.865987
11.2625,29.634208,-7.270272,4.653303,30.86578
11.275,29.859653,-6.570596,4.232172,30.865561
11.2875,30.083121,-5.805665,3.737582,30.865344
11.3,30.294203,-4.980816,3.179557,30.865139
11.3125,30.482968,-4.102813,2.569307,30.86496
11.325,30.64054,-3.179806,1.919098,30.864815
11.3375,30.759616,-2.221219,1.242042,30.864712
11.35,30.8349,-1.237549,0.551852,30.864658
11.3625,30.863415,-0.240107,-0.137463,30.864655
11.375,30.844678,0.759299,-0.81192,30.864703
11.3875,30.780716,1.748702,-1.457894,30.8648
11.4,30.675927,2.71631,-2.062427,30.864939
11.4125,30.536801,3.650826,-2.613511,30.865113
11.425,30.371508,4.541706,-3.100302,30.865312
11.4375,30.189398,5.379366,-3.513289,30.865524
11.45,30.000445,6.155304,-3.844381,30.865737
11.4625,29.814656,6.862167,-4.086947,30.865939
11.475,29.64151,7.493739,-4.235805,30.866119
11.4875,29.489428,8.044888,-4.287169,30.866266
11.5,29.365317,8.511487,-4.238594,30.866372
11.5125,29.274216,8.890313,-4.088912,30.866431
11.525,29.219033,9.178973,-3.838182,30.866439
11.5375,29.200413,9.375849,-3.487666,30.866397
11.55,29.216712,9.480081,-3.039834,30.866306
11.5625,29.264107,9.491608,-2.498383,30.866171
11.575,29.336805,9.411242,-1.868272,30.866001
11.5875,29.427369,9.240783,-1.155762,30.865805
11.6,29.527138,8.983166,-0.368424,30.865594
11.6125,29.626714,8.642593,0.484879,30.86538
11.625,29.716501,8.22467,1.394067,30.865176
11.6375,29.787271,7.736487,2.347985,30.864992
11.65,29.830702,7.186653,3.334609,30.864841
11.6625,29.839888,6.585252,4.341319,30.86473
11.675,29.809749,5.943731,5.355229,30.864665
11.6875,29.737342,5.2747,6.363547,30.864651
11.7,29.622036,4.591674,7.353948,30.864689
11.7125,29.465538,3.908762,8.31493,30.864776
11.725,29.271777,3.240317,9.236124,30.864908
11.7375,29.046643,2.600594,10.108535,30.865078
11.75,28.797612,2.003405,10.924701,30.865275
11.7625,28.533282,1.461821,11.678756,30.865489
11.775,28.262843,0.987915,12.366395,30.865709
11.7875,27.995535,0.59256,12.98476,30.865921
11.8,27.740111,0.285275,13.532253,30.866115
11.8125,27.504345,0.074125,14.008307,30.866278
11.825,27.294602,-0.034352,14.413131,30.866403
11.8375,27.115508,-0.035191,14.747465,30.866482
11.85,26.969706,0.074961,15.012357,30.866511
11.8625,26.857735,0.297804,15.208995,30.86649
11.875,26.778015,0.633336,15.338597,30.866418
11.8875,26.726944,1.079802,15.402371,30.8663
11.9,26.699108,1.633633,15.40155,30.866145
11.9125,26.687591,2.289406,15.337489,30.865959
11.925,26.684361,3.039825,15.211811,30.865755
11.9375,26.680739,3.875744,15.026597,30.865545
11.95,26.667901,4.786259,14.784584,30.865339
11.9625,26.63741,5.758864,14.489356,30.865151
11.975,26.581729,6.779687,14.145501,30.864991
11.9875,26.494697,7.833813,13.758725,30.864868
12,26.371928,8.905657,13.33589,30.864791
12.0125,26.211112,9.979394,12.884986,30.864762
12.025,26.012187,11.039406,12.415015,30.864785
12.0375,25.777389,12.07071,11.935813,30.864858
12.05,25.511152,13.059351,11.457808,30.864978
12.0625,25.219884,13.992716,10.991727,30.865137
12.075,24.911635,14.859759,10.548291,30.865327
12.0875,24.595672,15.651117,10.137894,30.865538
12.1,24.281996,16.359122,9.770301,30.865757
12.1125,23.980838,16.977709,9.45437,30.865973
12.125,23.702153,17.502252,9.197815,30.866173
12.1375,23.455146,17.929341,9.007008,30.866347
12.15,23.247854,18.256541,8.886832,30.866484
12.1625,23.086792,18.482152,8.84057,30.866577
12.175,22.976681,18.605011,8.869836,30.866621
12.1875,22.920269,18.624358,8.97454,30.866613
12.2,22.918238,18.539773,9.152891,30.866555
12.2125,22.969198,18.351207,9.401427,30.866449
12.225,23.069787,18.059091,9.715079,30.866302
12.2375,23.214839,17.664527,10.087281,30.866123
12.25,23.397648,17.169525,10.510115,30.86592
12.2625,23.610293,16.577279,10.974505,30.865707
12.275,23.844036,15.892432,11.470456,30.865495
12.2875,24.089747,15.121312,11.98735,30.865296
12.3,24.338368,14.272101,12.514263,30.865122
12.3125,24.581362,13.354916,13.040324,30.864983
12.325,24.811141,12.381776,13.555076,30.864886
12.3375,25.021435,11.366461,14.048826,30.864837
12.35,25.207578,10.324261,14.512959,30.864839
12.3625,25.366693,9.27162,14.940198,30.864892
12.375,25.497765,8.225721,15.324792,30.864993
12.3875,25.601593,7.20402,15.662602,30.865135
12.4,25.680616,6.223778,15.951112,30.865311
12.4125,25.738653,5.301612,16.189332,30.865511
12.425,25.780542,4.453091,16.377624,30.865724
12.4375,25.811735,3.692411,16.51746,30.865937
12.45,25.837853,3.032128,16.61114,30.866138
12.4625,25.864249,2.482978,16.661478,30.866315
12.475,25.895591,2.053761,16.671495,30.866459
12.4875,25.9355,1.751273,16.644143,30.866561
12.5,25.986264,1.580281,16.582062,30.866616
12.5125,26.048633,1.543509,16.487403,30.866619
12.525,26.121722,1.641634,16.361721,30.866571
12.5375,26.20301,1.873282,16.205936,30.866474
12.55,26.288457,2.235018,16.020372,30.866334
12.5625,26.372723,2.721335,15.804859,30.866158
12.575,26.449474,3.324667,15.558895,30.865957
12.5875,26.511782,4.03542,15.281843,30.86574
12.6,26.552575,4.842061,14.973163,30.865521
12.6125,26.56513,5.731264,14.632634,30.865312
12.625,26.543562,6.688133,14.260576,30.865123
12.6375,26.483299,7.696498,13.85803,30.864967
12.65,26.381481,8.739294,13.426885,30.864851
12.6625,26.237284,9.798983,12.969951,30.864782
12.675,26.052118,10.858026,12.490956,30.864763
12.6875,25.829702,11.899351,11.994479,30.864795
12.7,25.575994,12.906794,11.485808,30.864876
12.7125,25.298995,13.865484,10.97076,30.865002
12.725,25.008423,14.762143,10.455446,30.865165
12.7375,24.715298,15.585275,9.946023,30.865355
12.75,24.431451,16.325254,9.448446,30.865561
12.7625,24.168997,16.974287,8.968224,30.865772
12.775,23.939795,17.526294,8.510209,30.865975
12.7875,23.754928,17.97671,8.078428,30.866158
12.8,23.624233,18.322242,7.675951,30.866311
12.8125,23.555878,18.560618,7.304811,30.866425
12.825,23.556025,18.690354,6.965973,30.866493
12.8375,23.628568,18.71057,6.659343,30.866511
12.85,23.774968,18.620882,6.383815,30.866478
12.8625,23.994176,18.421367,6.137354,30.866395
12.875,24.282649,18.112628,5.917102,30.866267
12.8875,24.634473,17.695935,5.719511,30.866101
12.9,25.041572,17.173432,5.540489,30.865905
12.9125,25.494022,16.548388,5.375557,30.865692
12.925,25.980445,15.825462,5.220019,30.865472
12.9375,26.488482,15.010946,5.069124,30.865259
12.95,27.005325,14.112956,4.918235,30.865063
12.9625,27.518279,13.141543,4.762981,30.864896
12.975,28.015332,12.108701,4.599393,30.864768
12.9875,28.485685,11.02826,4.424022,30.864684
13,28.920224,9.915662,4.234023,30.864651
13.0125,29.311889,8.787634,4.027208,30.864669
13.025,29.655916,7.66178,3.802072,30.864737
13.0375,29.949936,6.556114,3.557778,30.864852
13.05,30.193922,5.488578,3.294116,30.865006
13.0625,30.389992,4.476571,3.011437,30.865191
13.075,30.542079,3.536517,2.71057,30.865397
13.0875,30.655498,2.683506,2.392734,30.865611
13.1,30.736441,1.931005,2.059443,30.865821
13.1125,30.791439,1.290657,1.712424,30.866015
13.125,30.826822,0.772153,1.353546,30.866183
13.1375,30.848222,0.383166,0.984767,30.866315
13.15,30.86014,0.129329,0.608099,30.866402
13.1625,30.865613,0.01424,0.225589,30.866441
13.175,30.865985,0.039475,-0.160684,30.866428
13.1875,30.860812,0.204594,-0.548604,30.866366
13.2,30.847892,0.50714,-0.936011,30.866256
13.2125,30.823428,0.942625,-1.3207,30.866106
13.225,30.782304,1.504525,-1.700422,30.865924
13.2375,30.718474,2.18428,-2.072914,30.86572
13.25,30.625429,2.971334,-2.435939,30.865507
13.2625,30.496718,3.853226,-2.787345,30.865296
13.275,30.326495,4.815749,-3.125148,30.865098
13.2875,30.110043,5.843189,-3.447628,30.864927
13.3,29.844253,6.918645,-3.753429,30.864791
13.3125,29.528007,8.024421,-4.041666,30.864698
13.325,29.162451,9.142474,-4.312013,30.864653
13.3375,28.751124,10.254896,-4.564782,30.864661
13.35,28.299936,11.344387,-4.800975,30.864719
13.3625,27.816997,12.394701,-5.022297,30.864825
13.375,27.312313,13.391015,-5.23114,30.864973
13.3875,26.797362,14.320215,-5.430529,30.865155
13.4,26.284588,15.171064,-5.624033,30.865361
13.4125,25.786847,15.934263,-5.815647,30.865579
13.425,25.316835,16.602393,-6.009645,30.865797
13.4375,24.886536,17.169774,-6.210419,30.866003
13.45,24.506716,17.632249,-6.422309,30.866185
13.4625,24.186483,17.986933,-6.649424,30.866334
13.475,23.932929,18.231964,-6.895475,30.866441
13.4875,23.750866,18.366272,-7.163607,30.8665
13.5,23.642657,18.389409,-7.456257,30.866509
13.5125,23.608146,18.301451,-7.775028,30.866466
13.525,23.644684,18.102984,-8.120595,30.866375
13.5375,23.747246,17.795177,-8.492635,30.866242
13.55,23.90865,17.379936,-8.889809,30.866073
13.5625,24.119854,16.860106,-9.309776,30.865878
13.575,24.370331,16.239721,-9.749257,30.86567
13.5875,24.648526,15.524247,-10.204144,30.86546
13.6,24.942347,14.720799,-10.669661,30.86526
13.6125,25.239706,13.838301,-11.140556,30.865082
13.625,25.529052,12.88755,-11.611325,30.864936
13.6375,25.79989,11.881189,-12.076457,30.864831
13.65,26.043242,10.833556,-12.530675,30.864773
13.6625,26.252021,9.760429,-12.969163,30.864765
13.675,26.421298,8.67867,-13.387761,30.864809
13.6875,26.548442,7.60581,-13.783106,30.864902
13.7,26.63312,6.559577,-14.152719,30.865038
13.7125,26.677158,5.557425,-14.495017,30.865211
13.725,26.684283,4.616088,-14.809266,30.865411
13.7375,26.659755,3.751175,-15.095464,30.865627
13.75,26.609929,2.976844,-15.354171,30.865846
13.7625,26.541763,2.305543,-15.586301,30.866057
13.775,26.462326,1.747843,-15.792896,30.866247
13.7875,26.378319,1.312329,-15.974892,30.866407
13.8,26.295642,1.005547,-16.132903,30.866527
13.8125,26.21904,0.832001,-16.267044,30.866601
13.825,26.151833,0.794151,-16.376795,30.866624
13.8375,26.095746,0.892433,-16.460934,30.866596
13.85,26.050851,1.125263,-16.517532,30.866518
13.8625,26.015614,1.489039,-16.544028,30.866394
13.875,25.987047,1.978145,-16.537373,30.866233
13.8875,25.960952,2.584953,-16.494229,30.866043
13.9,25.932256,3.299858,-16.411239,30.865835
13.9125,25.8954,4.111352,-16.285318,30.86562
13.925,25.844769,5.00616,-16.113968,30.865412
13.9375,25.775146,5.969443,-15.895583,30.865222
13.95,25.682136,6.98508,-15.629733,30.865061
13.9625,25.562561,8.036029,-15.317381,30.864938
13.975,25.414771,9.104744,-14.961039,30.86486
13.9875,25.238871,10.173635,-14.564834,30.864832
14,25.036829,11.225543,-14.134484,30.864855
14.0125,24.812465,12.244189,-13.677176,30.864927
14.025,24.571326,13.214575,-13.201363,30.865046
14.0375,24.320442,14.123303,-12.716493,30.865203
14.05,24.067995,14.958788,-12.232685,30.86539
14.0625,23.822919,15.711369,-11.760377,30.865597
14.075,23.59445,16.373294,-11.309971,30.865811
14.0875,23.391669,16.938612,-10.891488,30.86602
14.1,23.223046,17.402982,-10.514251,30.866213
14.1125,23.096029,17.763434,-10.186616,30.866378
14.125,23.016674,18.018101,-9.915742,30.866506
14.1375,22.989349,18.165969,-9.707408,30.866589
14.15,23.016511,18.206662,-9.565883,30.866623
14.1625,23.098575,18.140297,-9.493831,30.866606
14.175,23.23386,17.967412,-9.49226,30.866538
14.1875,23.41864,17.688981,-9.560506,30.866423
14.2,23.647277,17.306514,-9.696253,30.866267
14.2125,23.912446,16.822221,-9.895589,30.866079
14.225,24.205451,16.23923,-10.153101,30.86587
14.2375,24.516612,15.561827,-10.462013,30.865651
14.25,24.835711,14.795679,-10.814362,30.865435
14.2625,25.152489,13.948027,-11.201223,30.865232
14.275,25.457159,13.027806,-11.612968,30.865056
14.2875,25.7409,12.045672,-12.039552,30.864915
14.3,25.996326,11.013928,-12.470821,30.864817
14.3125,26.217863,9.946341,-12.896817,30.864768
14.325,26.402042,8.857855,-13.308066,30.86477
14.3375,26.547662,7.764228,-13.695826,30.864822
14.35,26.655821,6.681608,-14.052286,30.864923
14.3625,26.729807,5.62608,-14.370693,30.865064
14.375,26.774861,4.61323,-14.645405,30.865239
14.3875,26.797826,3.657732,-14.871877,30.865437
14.4,26.806706,2.773005,-15.046565,30.865647
14.4125,26.810167,1.970936,-15.166786,30.865856
14.425,26.817011,1.261694,-15.230536,30.866052
14.4375,26.83565,0.653612,-15.236288,30.866225
14.45,26.873619,0.15314,-15.182802,30.866363
14.4625,26.937141,-0.235147,-15.068955,30.866459
14.475,27.030774,-0.508511,-14.893619,30.866507
14.4875,27.157151,-0.665998,-14.655602,30.866504
14.5,27.31682,-0.708383,-14.353651,30.86645
14.5125,27.508204,-0.638115,-13.986527,30.866348
14.525,27.727671,-0.459289,-13.553149,30.866204
14.5375,27.969709,-0.177609,-13.05279,30.866024
14.55,28.227222,0.199642,-12.485309,30.86582
14.5625,28.491913,0.663642,-11.85141,30.865603
14.575,28.754744,1.204112,-11.152882,30.865385
14.5875,29.006458,1.809424,-10.392812,30.865177
14.6,29.238122,2.466775,-9.575749,30.864992
14.6125,29.441673,3.162407,-8.707778,30.864839
14.625,29.610413,3.881895,-7.796524,30.864728
14.6375,29.73944,4.610464,-6.851048,30.864665
14.65,29.825964,5.333351,-5.881665,30.864652
14.6625,29.869499,6.036164,-4.899678,30.86469
14.675,29.871911,6.705229,-3.917058,30.864778
14.6875,29.837311,7.327897,-2.946094,30.86491
14.7,29.771812,7.892791,-1.999029,30.865078
14.7125,29.683163,8.389978,-1.08773,30.865273
14.725,29.580285,8.811066,-0.223388,30.865483
14.7375,29.47274,9.149214,0.583722,30.865697
14.75,29.370174,9.399083,1.324407,30.865902
14.7625,29.28176,9.556732,1.990672,30.866087
14.775,29.215678,9.619483,2.575762,30.866241
14.7875,29.178662,9.585776,3.074169,30.866356
14.8,29.175619,9.455037,3.481613,30.866424
14.8125,29.209364,9.227582,3.795001,30.866442
14.825,29.280451,8.904552,4.0124,30.866409
14.8375,29.387136,8.487902,4.133024,30.866327
14.85,29.52545,7.98044,4.157245,30.8662
14.8625,29.689397,7.38589,4.086626,30.866036
14.875,29.87126,6.70899,3.923976,30.865844
14.8875,30.06201,5.955584,3.673414,30.865635
14.9,30.251797,5.132692,3.340427,30.86542
14.9125,30.430497,4.248553,2.931901,30.865213
14.925,30.588298,3.312592,2.456124,30.865025
14.9375,30.716272,2.335332,1.922725,30.864867
14.95,30.806915,1.328218,1.342566,30.864748
14.9625,30.854606,0.30338,0.727559,30.864674
14.975,30.855962,-0.726671,0.090439,30.86465
14.9875,30.810054,-1.749382,-0.555522,30.864678
15,30.718471,-2.752518,-1.196814,30.864756
15.0125,30.585233,-3.724502,-1.820015,30.86488
15.025,30.416546,-4.654724,-2.412085,30.865043
15.0375,30.220434,-5.533785,-2.960643,30.865236
15.05,30.006256,-6.353666,-3.45419,30.865448
15.0625,29.784162,-7.107815,-3.882282,30.865668
15.075,29.564508,-7.791146,-4.235638,30.865882
15.0875,29.357273,-8.399969,-4.506211,30.86608
15.1,29.171517,-8.931861,-4.687203,30.86625
15.1125,29.01489,-9.385498,-4.773069,30.866383
15.125,28.893242,-9.760469,-4.759502,30.866471
15.1375,28.810322,-10.057105,-4.643429,30.86651
15.15,28.767599,-10.276321,-4.423026,30.866498
15.1625,28.764198,-10.419508,-4.097755,30.866435
15.175,28.796956,-10.488469,-3.668437,30.866326
15.1875,28.860601,-10.485406,-3.137332,30.866177
15.2,28.948035,-10.412961,-2.508245,30.865997
15.2125,29.050722,-10.274282,-1.78661,30.865795
15.225,29.159163,-10.073132,-0.979555,30.865585
15.2375,29.263425,-9.813985,-0.095917,30.865377
15.25,29.353709,-9.502127,0.85381,30.865185
15.2625,29.420928,-9.143723,1.857603,30.865019
15.275,29.457247,-8.745835,2.902123,30.864888
15.2875,29.456558,-8.316395,3.973002,30.864802
15.3,29.414864,-7.864116,5.055204,30.864764
15.3125,29.330531,-7.398347,6.133422,30.864777
15.325,29.204401,-6.928876,7.1925,30.864841
15.3375,29.039753,-6.465701,8.217829,30.864952
15.35,28.842118,-6.018776,9.195718,30.865105
15.3625,28.618959,-5.59775,10.113677,30.86529
15.375,28.379242,-5.211726,10.960632,30.865497
15.3875,28.13293,-4.869034,11.727026,30.865716
15.4,27.890432,-4.577046,12.404848,30.865933
15.4125,27.662041,-4.342024,12.987561,30.866137
15.425,27.457394,-4.169014,13.46998,30.866317
15.4375,27.284985,-4.061769,13.848107,30.866461
15.45,27.151748,-4.022711,14.118962,30.866563
15.4625,27.06273,-4.05291,14.280427,30.866616
15.475,27.020862,-4.152087,14.331132,30.866619
15.4875,27.026842,-4.318624,14.270404,30.86657
15.5,27.079123,-4.549599,14.098277,30.866473
15.5125,27.174009,-4.840826,13.815576,30.866333
15.525,27.305864,-5.186912,13.424065,30.866159
15.5375,27.467405,-5.581352,12.926625,30.86596
15.55,27.650097,-6.016636,12.327474,30.865748
15.5625,27.844602,-6.484413,11.632359,30.865535
15.575,28.041289,-6.975674,10.848726,30.865333
15.5875,28.230762,-7.480988,9.98582,30.865153
15.6,28.404378,-7.990759,9.054707,30.865007
15.6125,28.554734,-8.495509,8.068186,30.864901
15.625,28.676072,-8.986168,7.040611,30.864843
15.6375,28.764598,-9.454341,5.987601,30.864835
15.65,28.818668,-9.892562,4.925682,30.864879
15.6625,28.838841,-10.294478,3.871871,30.86497
15.675,28.827798,-10.654992,2.843224,30.865105
15.6875,28.790123,-10.970317,1.856406,30.865276
15.7,28.731962,-11.237966,0.92728,30.865472
15.7125,28.660604,-11.456667,0.07057,30.865684
15.725,28.583982,-11.62622,-0.70042,30.865897
15.7375,28.510158,-11.747309,-1.373991,30.866101
15.75,28.446803,-11.821279,-1.940173,30.866284
15.7625,28.400713,-11.849916,-2.390773,30.866435
15.775,28.377386,-11.835225,-2.719388,30.866546
15.7875,28.380671,-11.779246,-2.921386,30.86661
15.8,28.412525,-11.6839,-2.993876,30.866623
15.8125,28.472874,-11.550895,-2.935698,30.866584
15.825,28.559583,-11.381673,-2.747424,30.866497
15.8375,28.668555,-11.177421,-2.431382,30.866364
15.85,28.793932,-10.93913,-1.991701,30.866194
15.8625,28.92841,-10.667684,-1.434356,30.865997
15.875,29.063646,-10.363993,-0.767207,30.865782
15.8875,29.190745,-10.029126,-0.000005,30.865563
15.9,29.300786,-9.664451,0.855662,30.86535
15.9125,29.385386,-9.271759,1.78648,30.865157
15.925,29.437235,-8.853358,2.777611,30.864994
15.9375,29.450597,-8.412121,3.812972,30.86487
15.95,29.42172,-7.951499,4.87559,30.864791
15.9625,29.34914,-7.475472,5.948015,30.864763
15.975,29.233841,-6.988463,7.012766,30.864785
15.9875,29.07928,-6.495201,8.052782,30.864858
16,28.891245,-6.000565,9.051846,30.864975
16.0125,28.677587,-5.509406,9.994941,30.865132
16.025,28.44782,-5.026359,10.868535,30.865317
16.0375,28.212634,-4.555682,11.660767,30.865522
16.05,27.983337,-4.101102,12.361523,30.865732
16.0625,27.771284,-3.665701,12.962429,30.865938
16.075,27.587298,-3.251833,13.456757,30.866126
16.0875,27.441138,-2.861086,13.83928,30.866285
16.1,27.341026,-2.494276,14.106098,30.866407
16.1125,27.293246,-2.151475,14.254463,30.866484
16.125,27.301854,-1.832071,14.282641,30.866512
16.1375,27.368474,-1.534842,14.18982,30.866488
16.15,27.492219,-1.25805,13.976077,30.866414
16.1625,27.669716,-0.999542,13.642429,30.866294
16.175,27.895244,-0.756849,13.190936,30.866135
16.1875,28.160989,-0.527293,12.624864,30.865944
16.2,28.45739,-0.308074,11.948873,30.865733
16.2125,28.773588,-0.096364,11.169213,30.865514
16.225,29.097943,0.110621,10.293887,30.865299
16.2375,29.418604,0.315554,9.332765,30.865099
16.25,29.724098,0.520948,8.297604,30.864926
16.2625,30.003917,0.729112,7.201985,30.864789
16.275,30.249044,0.942128,6.061125,30.864697
16.2875,30.452409,1.161837,4.891602,30.864653
16.3,30.60922,1.38983,3.710977,30.864661
16.3125,30.717164,1.62746,2.537357,30.86472
16.325,30.776446,1.875848,1.388927,30.864827
16.3375,30.789677,2.135897,0.283475,30.864974
16.35,30.761617,2.408308,-0.762045,30.865154
16.3625,30.698785,2.693586,-1.731893,30.865357
16.375,30.608976,2.992047,-2.611838,30.86557
16.3875,30.500714,3.303808,-3.389369,30.865782
16.4,30.382682,3.628772,-4.053816,30.865981
16.4125,30.263157,3.966601,-4.596395,30.866154
16.425,30.149499,4.316684,-5.010189,30.866293
16.4375,30.0477,4.678092,-5.290101,30.866389
16.45,29.962041,5.049539,-5.432788,30.866437
16.4625,29.894853,5.429349,-5.436609,30.866435
16.475,29.846398,5.815427,-5.30159,30.866381
16.4875,29.814878,6.205253,-5.029428,30.86628
16.5,29.796568,6.595906,-4.623526,30.866137
16.5125,29.786062,6.984106,-4.089047,30.865961
16.525,29.776625,7.366303,-3.432981,30.86576
16.5375,29.760632,7.738792,-2.664194,30.865548
16.55,29.730071,8.09786,-1.793443,30.865335
16.5625,29.677079,8.439967,-0.833326,30.865134
16.575,29.594482,8.761932,0.20184,30.864957
16.5875,29.476302,9.061132,1.29623,30.864814
16.6,29.318199,9.335688,2.432819,30.864712
16.6125,29.117812,9.584626,3.593757,30.864658
16.625,28.874985,9.808001,4.760808,30.864656
16.6375,28.591843,10.00697,5.915828,30.864704
16.65,28.272729,10.183808,7.041223,30.864801
16.6625,27.924001,10.34186,8.120392,30.864942
16.675,27.553701,10.48544,9.138088,30.865119
16.6875,27.171127,10.61967,10.080698,30.865321
16.7,26.786336,10.750274,10.936418,30.865537
16.7125,26.409605,10.883342,11.695321,30.865756
16.725,26.050905,11.025071,12.349331,30.865965
16.7375,25.719386,11.181502,12.892114,30.866153
16.75,25.422932,11.358258,13.318917,30.866309
16.7625,25.167782,11.560299,13.626386,30.866425
16.775,24.958246,11.791704,13.812388,30.866493
16.7875,24.79652,12.055484,13.875857,30.866511
16.8,24.682599,12.353436,13.816708,30.866479
16.8125,24.614299,12.686042,13.6358,30.866396
16.825,24.587381,13.052419,13.33498,30.86627
16.8375,24.595768,13.450327,12.917177,30.866107
16.85,24.631853,13.876234,12.386555,30.865917
16.8625,24.686886,14.325442,11.74868,30.86571
16.875,24.751418,14.79227,11.010684,30.8655
16.8875,24.815794,15.270296,10.181404,30.865297
16.9,24.87066,15.752641,9.271453,30.865114
16.9125,24.907463,16.232277,8.293209,30.864961
16.925,24.918911,16.70236,7.260708,30.864848
16.9375,24.899369,17.156543,6.189438,30.864781
16.95,24.845158,17.589264,5.096031,30.864763
16.9625,24.75474,17.995984,3.997886,30.864797
16.975,24.628784,18.373347,2.912728,30.864881
16.9875,24.470086,18.719267,1.858155,30.86501
17,24.283382,19.032918,0.851188,30.865176
17.0125,24.07504,19.314636,-0.092131,30.865372
17.025,23.852674,19.565743,-0.957087,30.865585
17.0375,23.624692,19.788305,-1.730549,30.865805
17.05,23.399826,19.984836,-2.401155,30.866018
17.0625,23.18665,20.157986,-2.959398,30.866214
17.075,22.993136,20.310219,-3.397666,30.86638
17.0875,22.826256,20.443525,-3.71021,30.866508
17.1,22.691649,20.559164,-3.893103,30.866591
17.1125,22.593371,20.657481,-3.944178,30.866624
17.125,22.533728,20.737786,-3.862984,30.866605
17.1375,22.513203,20.798335,-3.650761,30.866536
17.15,22.530472,20.836381,-3.310442,30.866421
17.1625,22.58251,20.848335,-2.846683,30.866266
17.175,22.664779,20.829989,-2.265891,30.866081
17.1875,22.771497,20.776828,-1.576262,30.865875
17.2,22.895962,20.684374,-0.787785,30.865661
17.2125,23.030936,20.548585,0.087804,30.865451
17.225,23.169054,20.366231,1.037124,30.865257
17.2375,23.303244,20.135271,2.045338,30.865089
17.25,23.427131,19.855161,3.096418,30.864959
17.2625,23.535398,19.527092,4.173489,30.864872
17.275,23.624089,19.154134,5.259231,30.864834
17.2875,23.690816,18.741265,6.336325,30.864847
17.3,23.734869,18.295291,7.387896,30.86491
17.3125,23.757223,17.824657,8.397944,30.86502
17.325,23.76042,17.339165,9.351713,30.865171
17.3375,23.748369,16.84962,10.235981,30.865353
17.35,23.726042,16.367418,11.039256,30.865557
17.3625,23.699117,15.904128,11.751867,30.865771
17.375,23.673579,15.471057,12.365957,30.865982
17.3875,23.655301,15.078858,12.875393,30.866179
17.4,23.649648,14.737161,13.275609,30.86635
17.4125,23.661101,14.454272,13.563415,30.866485
17.425,23.69295,14.236922,13.736805,30.866578
17.4375,23.747049,14.090073,13.794776,30.866621
17.45,23.823659,14.016792,13.737199,30.866613
17.4625,23.921384,14.018177,13.564745,30.866555
17.475,24.037194,14.093341,13.278881,30.866448
17.4875,24.166559,14.239443,12.88193,30.866299
17.5,24.30367,14.451785,12.377184,30.866117
17.5125,24.441743,14.723955,11.769062,30.865911
17.525,24.573401,15.048024,11.063269,30.865693
17.5375,24.691114,15.414804,10.266951,30.865475
17.55,24.78766,15.814145,9.3888,30.865269
17.5625,24.856605,16.235283,8.439099,30.865087
17.575,24.892745,16.667202,7.429673,30.864939
17.5875,24.892503,17.099019,6.373754,30.864832
17.6,24.85423,17.520342,5.285746,30.864774
17.6125,24.778413,17.921608,4.180907,30.864766
17.625,24.667744,18.294354,3.074966,30.864809
17.6375,24.527073,18.631417,1.983704,30.8649
17.65,24.36322,18.92704,0.922529,30.865035
17.6625,24.184682,19.176891,-0.093926,30.865204
17.675,24.001242,19.377982,-1.052155,30.865399
17.6875,23.823503,19.528507,-1.940058,30.865607
17.7,23.662391,19.627613,-2.74713,30.865817
17.7125,23.528641,19.675129,-3.464582,30.866017
17.725,23.4323,19.671275,-4.085363,30.866195
17.7375,23.382269,19.61638,-4.604133,30.86634
17.75,23.385901,19.510635,-5.017185,30.866444
17.7625,23.44867,19.353899,-5.322346,30.866502
17.775,23.573928,19.145582,-5.518875,30.866509
17.7875,23.762737,18.884605,-5.607376,30.866464
17.8,24.013809,18.569456,-5.589736,30.866371
17.8125,24.323536,18.198324,-5.469099,30.866234
17.825,24.686112,17.769315,-5.24986,30.866061
17.8375,25.093766,17.280727,-4.937689,30.865861
17.85,25.537076,16.731356,-4.539553,30.865645
17.8625,26.005375,16.120826,-4.063736,30.865426
17.875,26.487222,15.449901,-3.519819,30.865215
17.8875,26.97093,14.720744,-2.918627,30.865025
17.9,27.445109,13.937125,-2.272112,30.864866
17.9125,27.899207,13.104526,-1.593177,30.864746
17.925,28.324011,12.230153,-0.895443,30.864673
17.9375,28.712065,11.322842,-0.192961,30.864651
17.95,29.05799,10.39286,0.500109,30.86468
17.9625,29.358671,9.451626,1.169828,30.864758
17.975,29.613298,8.511368,1.802812,30.864882
17.9875,29.823266,7.58474,2.386519,30.865044
18,29.99193,6.684433,2.909505,30.865235
18.0125,30.124246,5.822796,3.361607,30.865443
18.025,30.226319,5.011508,3.734067,30.865657
18.0375,30.304882,4.261294,4.019592,30.865865
18.05,30.36677,3.58171,4.212358,30.866055
18.0625,30.418388,2.980983,4.307979,30.866215
18.075,30.465233,2.465918,4.303441,30.866338
18.0875,30.511494,2.041841,4.197047,30.866415
18.1,30.559735,1.712578,3.988356,30.866443
18.1125,30.610705,1.480455,3.678153,30.866419
18.125,30.66327,1.346298,3.268434,30.866346
18.1375,30.714464,1.309441,2.762431,30.866227
18.15,30.75968,1.367727,2.164635,30.86607
18.1625,30.792969,1.517512,1.480841,30.865882
18.175,30.807447,1.753671,0.718168,30.865675
18.1875,30.795781,2.069629,-0.114944,30.865461
18.2,30.750727,2.457416,-1.008787,30.865252
18.2125,30.665691,2.907756,-1.9525,30.865059
18.225,30.535264,3.410214,-2.93425,30.864895
18.2375,30.355713,3.953384,-3.941484,30.864767
18.25,30.125373,4.525124,-4.961241,30.864684
18.2625,29.84492,5.112831,-5.980501,30.864651
18.275,29.517504,5.70374,-6.986568,30.864669
18.2875,29.148723,6.285225,-7.967431,30.864738
18.3,28.74645,6.845084,-8.912105,30.864854
18.3125,28.320518,7.371797,-9.810898,30.86501
18.325,27.882283,7.854728,-10.655609,30.865198
18.3375,27.444108,8.28427,-11.439632,30.865407
18.35,27.018793,8.651926,-12.157956,30.865627
18.3625,26.618987,8.950331,-12.807082,30.865843
18.375,26.256619,9.173224,-13.384866,30.866045
18.3875,25.942375,9.315385,-13.890297,30.866221
18.4,25.685246,9.372556,-14.323254,30.866361
18.4125,25.492156,9.341363,-14.684249,30.866458
18.425,25.36769,9.219267,-14.9742,30.866507
18.4375,25.313923,9.004536,-15.194234,30.866504
18.45,25.330348,8.696275,-15.345556,30.866451
18.4625,25.413914,8.294494,-15.429385,30.86635
18.475,25.559164,7.800216,-15.44696,30.866208
18.4875,25.758468,7.215624,-15.399614,30.866033
18.5,26.002354,6.544208,-15.288908,30.865835
18.5125,26.279923,5.790912,-15.116805,30.865625
18.525,26.579333,4.962242,-14.885869,30.865416
18.5375,26.888335,4.066329,-14.599459,30.86522
18.55,27.194835,3.11291,-14.261904,30.865048
18.5625,27.487463,2.113229,-13.878628,30.86491
18.575,27.756095,1.079854,-13.456221,30.864815
18.5875,27.992323,0.026407,-13.002425,30.864767
18.6,28.189811,-1.032769,-12.526054,30.864771
18.6125,28.344546,-2.082992,-12.036831,30.864825
18.625,28.454933,-3.109632,-11.545161,30.864928
18.6375,28.521753,-4.098499,-11.061855,30.865073
18.65,28.547975,-5.036184,-10.597821,30.865253
18.6625,28.53844,-5.910342,-10.163746,30.865457
18.675,28.499448,-6.709897,-9.769779,30.865675
18.6875,28.438266,-7.425162,-9.425251,30.865893
18.7,28.362602,-8.047882,-9.138411,30.8661
18.7125,28.280078,-8.571213,-8.916225,30.866285
18.725,28.19773,-8.989646,-8.764203,30.866437
18.7375,28.121567,-9.298912,-8.686281,30.866548
18.75,28.056213,-9.495888,-8.684736,30.86661
18.7625,28.004649,-9.57851,-8.760146,30.866623
18.775,27.968058,-9.545743,-8.911369,30.866583
18.7875,27.945793,-9.39758,-9.135573,30.866495
18.8,27.935458,-9.135102,-9.428279,30.866363
18.8125,27.933102,-8.760581,-9.783456,30.866194
18.825,27.933504,-8.27761,-10.193647,30.865999
18.8375,27.93056,-7.691244,-10.650142,30.865789
18.85,27.917715,-7.008134,-11.143202,30.865575
18.8625,27.888454,-6.236619,-11.662324,30.86537
18.875,27.836784,-5.386754,-12.196556,30.865185
18.8875,27.757714,-4.470266,-12.734843,30.865032
18.9,27.647664,-3.500419,-13.266383,30.864918
18.9125,27.504805,-2.491783,-13.78099,30.86485
18.925,27.329287,-1.45993,-14.269429,30.864833
18.9375,27.123336,-0.421062,-14.723701,30.864867
18.95,26.89123,0.6084,-15.137263,30.86495
18.9625,26.639137,1.612236,-15.505162,30.865077
18.975,26.374835,2.574825,-15.82408,30.865242
18.9875,26.107332,3.481492,-16.092279,30.865434
19,25.846421,4.318798,-16.309459,30.865643
19.0125,25.602178,5.07474,-16.476549,30.865857
19.025,25.384464,5.738871,-16.595429,30.866064
19.0375,25.202428,6.302353,-16.668637,30.866252
19.05,25.064062,6.757936,-16.699052,30.86641
19.0625,24.975807,7.099913,-16.689604,30.866528
19.075,24.942242,7.324043,-16.643018,30.866601
19.0875,24.965855,7.42749,-16.561611,30.866624
19.1,25.046912,7.408781,-16.447154,30.866596
19.1125,25.183419,7.267796,-16.30081,30.866517
19.125,25.371188,7.005803,-16.123143,30.866393
19.1375,25.603998,6.62553,-15.914199,30.866229
19.15,25.873863,6.131254,-15.673643,30.866036
19.1625,26.171375,5.528911,-15.400953,30.865824
19.175,26.486137,4.826179,-15.095631,30.865604
19.1875,26.807255,4.03253,-14.75744,30.86539
19.2,27.123873,3.159218,-14.386624,30.865192
19.2125,27.425714,2.219194,-13.984097,30.865023
19.225,27.703613,1.226926,-13.551602,30.86489
19.2375,27.949988,0.198142,-13.09179,30.864803
19.25,28.159233,-0.850514,-12.608248,30.864764
19.2625,28.327998,-1.90188,-12.105447,30.864777
19.275,28.455336,-2.93871,-11.588625,30.864841
19.2875,28.542699,-3.944103,-11.063613,30.86495
19.3,28.593798,-4.901917,-10.536617,30.8651
19.3125,28.614323,-5.797116,-10.013966,30.865281
19.325,28.611546,-6.616045,-9.501862,30.865482
19.3375,28.593842,-7.346619,-9.006131,30.865693
19.35,28.570152,-7.978424,-8.531997,30.8659
19.3625,28.549426,-8.502736,-8.083899,30.866092
19.375,28.54008,-8.912475,-7.665344,30.866258
19.3875,28.549495,-9.202126,-7.278812,30.866388
19.4,28.583583,-9.367632,-6.925711,30.866474
19.4125,28.646444,-9.406312,-6.606363,30.866511
19.425,28.740128,-9.316794,-6.320051,30.866497
19.4375,28.864506,-9.098997,-6.065081,30.866432
19.45,29.017267,-8.754167,-5.838883,30.866321
19.4625,29.194029,-8.284954,-5.638134,30.866168
19.475,29.388574,-7.695522,-5.458892,30.865983
19.4875,29.593187,-6.991686,-5.296758,30.865775
19.5,29.799088,-6.181024,-5.147026,30.865556
19.5125,29.996938,-5.27297,-5.004861,30.865339
19.525,30.177401,-4.278836,-4.865451,30.865135
19.5375,30.331704,-3.211758,-4.724177,30.864956
19.55,30.452197,-2.086543,-4.57675,30.864812
19.5625,30.532843,-0.91942,-4.419337,30.864711
19.575,30.569622,0.272302,-4.248668,30.864658
19.5875,30.560817,1.470642,-4.0621,30.864656
19.6,30.507158,2.657414,-3.85766,30.864706
19.6125,30.411805,3.814696,-3.634051,30.864804
19.625,30.280192,4.925283,-3.390625,30.864944
19.6375,30.119721,5.973087,-3.127329,30.865119
19.65,29.939343,6.94346,-2.844638,30.865318
19.6625,29.749046,7.823426,-2.543465,30.86553
19.675,29.559299,8.601802,-2.225073,30.865743
19.6875,29.380467,9.269243,-1.890992,30.865945
19.7,29.222253,9.818192,-1.542937,30.866124
19.7125,29.093179,10.242786,-1.182754,30.86627
19.725,29.000143,10.53873,-0.812374,30.866375
19.7375,28.948069,10.703168,-0.43379,30.866432
19.75,28.939653,10.734579,-0.049046,30.86644
19.7625,28.975234,10.632721,0.339762,30.866396
19.775,29.052778,10.398614,0.730473,30.866303
19.7875,29.167976,10.034597,1.120865,30.866168
19.8,29.314465,9.544415,1.508647,30.865997
19.8125,29.484152,8.933346,1.891481,30.8658
19.825,29.667635,8.208329,2.267016,30.865589
19.8375,29.854697,7.378083,2.632937,30.865375
19.85,30.034863,6.453165,2.987046,30.865171
19.8625,30.197975,5.445968,3.327349,30.864989
19.875,30.334759,4.370623,3.652158,30.864838
19.8875,30.437353,3.242805,3.960203,30.864728
19.9,30.49975,2.079441,4.250732,30.864665
19.9125,30.518139,0.898334,4.523598,30.864652
19.925,30.491106,-0.282275,4.779325,30.864691
19.9375,30.419684,-1.444178,5.019147,30.86478
19.95,30.307253,-2.569665,5.245005,30.864913
19.9625,30.159297,-3.641959,5.459514,30.865083
19.975,29.983026,-4.645583,5.665888,30.865281
19.9875,29.786907,-5.566643,5.867836,30.865496
20,29.580126,-6.393016,6.069423,30.865715
20.0125,29.37202,-7.114442,6.274921,30.865927
20.025,29.171519,-7.722533,6.488633,30.86612
20.0375,28.986622,-8.210707,6.714717,30.866283
20.05,28.823948,-8.574089,6.957014,30.866406
20.0625,28.688365,-8.809395,7.218873,30.866484
20.075,28.582732,-8.914817,7.503001,30.866512
20.0875,28.507756,-8.889945,7.811328,30.866489
20.1,28.461963,-8.735728,8.144896,30.866416
20.1125,28.441794,-8.454485,8.503785,30.866297
20.125,28.441814,-8.049956,8.887075,30.866141
20.1375,28.455029,-7.52739,9.292842,30.865955
20.15,28.473297,-6.893638,9.718214,30.865751
20.1625,28.48781,-6.157239,10.159461,30.86554
20.175,28.489627,-5.328469,10.612137,30.865334
20.1875,28.470229,-4.419326,11.071264,30.865147
20.2,28.422063,-3.443441,11.531545,30.864988
20.2125,28.339033,-2.415897,11.987602,30.864866
20.225,28.216927,-1.352958,12.434218,30.86479
20.2375,28.053719,-0.271726,12.866568,30.864763
20.25,27.849755,0.810277,13.280424,30.864787
20.2625,27.607788,1.875541,13.672311,30.864862
20.275,27.332866,2.907019,14.039615,30.864982
20.2875,27.032097,3.888537,14.380614,30.865142
20.3,26.714273,4.805157,14.694452,30.865333
20.3125,26.389425,5.64345,14.981039,30.865544
20.325,26.068306,6.391689,15.240902,30.865764
20.3375,25.761847,7.039949,15.474981,30.865979
20.35,25.48062,7.580117,15.684413,30.866179
20.3625,25.23434,8.005845,15.870292,30.866351
20.375,25.031414,8.312454,16.033448,30.866487
20.3875,24.878571,8.496819,16.174254,30.866579
20.4,24.780579,8.557258,16.29247,30.866622
20.4125,24.740055,8.493451,16.387152,30.866613
20.425,24.757372,8.30639,16.456626,30.866553
20.4375,24.830667,7.998379,16.498528,30.866446
20.45,24.955949,7.57308,16.50992,30.866299
20.4625,25.127296,7.035578,16.487476,30.866118
20.475,25.337145,6.392477,16.427723,30.865915
20.4875,25.576655,5.651972,16.327323,30.865702
20.5,25.836146,4.823902,16.183387,30.86549
20.5125,26.105568,3.919738,15.993787,30.865292
20.525,26.37501,2.952506,15.757446,30.865119
20.5375,26.635192,1.93662,15.474594,30.86498
20.55,26.87793,0.887631,15.146951,30.864885
20.5625,27.096535,-0.178097,14.777829,30.864837
20.575,27.286125,-1.243779,14.372153,30.864841
20.5875,27.443816,-2.292632,13.936374,30.864895
20.6,27.568794,-3.3083,13.478307,30.864996
20.6125,27.662248,-4.275259,13.006886,30.86514
20.625,27.727181,-5.179163,12.531859,30.865317
20.6375,27.768109,-6.007121,12.063447,30.865518
20.65,27.790664,-6.747882,11.611994,30.86573
20.6625,27.801138,-7.391929,11.187606,30.865943
20.675,27.806005,-7.931488,10.799832,30.866143
20.6875,27.81143,-8.360474,10.457369,30.86632
20.7,27.822819,-8.67438,10.167812,30.866463
20.7125,27.844427,-8.870153,9.937456,30.866564
20.725,27.879039,-8.946063,9.77114,30.866617
20.7375,27.927751,-8.901604,9.672143,30.866619
20.75,27.989861,-8.737421,9.642109,30.86657
20.7625,28.062872,-8.455299,9.681023,30.866472
20.775,28.142609,-8.058185,9.787215,30.866331
20.7875,28.223451,-7.550255,9.957404,30.866154
20.8,28.298663,-6.93701,10.186782,30.865952
20.8125,28.360815,-6.225356,10.469132,30.865735
20.825,28.402264,-5.423684,10.796997,30.865516
20.8375,28.415677,-4.541892,11.161886,30.865307
20.85,28.394558,-3.591341,11.554519,30.86512
20.8625,28.333748,-2.584744,11.965108,30.864964
20.875,28.229857,-1.535958,12.383655,30.864849
20.8875,28.081611,-0.4597,12.800255,30.864781
20.9,27.890066,0.628796,13.205395,30.864763
20.9125,27.658696,1.714179,13.590211,30.864797
20.925,27.393323,2.781392,13.946703,30.86488
20.9375,27.101913,3.816066,14.267886,30.865007
20.95,26.794243,4.804877,14.547867,30.86517
20.9625,26.481457,5.735836,14.781851,30.865361
20.975,26.175557,6.598494,14.966073,30.865567
20.9875,25.888846,7.384056,15.097669,30.865778
21,25.633364,8.085406,15.174506,30.865981
21.0125,25.42034,8.697056,15.194986,30.866163
21.025,25.259698,9.215031,15.157846,30.866315
21.0375,25.159623,9.636723,15.061982,30.866428
21.05,25.126209,9.960725,14.906309,30.866495
21.0625,25.163198,10.186683,14.689673,30.866512
21.075,25.271813,10.315168,14.410835,30.866477
21.0875,25.450699,10.347605,14.068518,30.866393
21.1,25.695957,10.286238,13.661527,30.866263
21.1125,26.001289,10.134153,13.188927,30.866096
21.125,26.358241,9.895342,12.650263,30.8659
21.1375,26.756541,9.574789,12.045811,30.865687
21.15,27.184531,9.178567,11.376828,30.865467
21.1625,27.629671,8.713927,10.645781,30.865254
21.175,28.079092,8.189345,9.856525,30.865059
21.1875,28.520183,7.614522,9.014425,30.864893
21.2,28.941166,7.000329,8.126381,30.864766
21.2125,29.331637,6.358666,7.200771,30.864683
21.225,29.683027,5.702268,6.247299,30.864651
21.2375,29.988951,5.044444,5.276766,30.86467
21.25,30.245435,4.398777,4.300767,30.86474
21.2625,30.450978,3.778799,3.331356,30.864856
21.275,30.606472,3.197669,2.380689,30.865011
21.2875,30.714969,2.66786,1.460678,30.865197
21.3,30.78132,2.200896,0.58268,30.865403
21.3125,30.811713,1.807125,-0.242764,30.865617
21.325,30.813152,1.495556,-1.006122,30.865827
21.3375,30.792892,1.27374,-1.699007,30.866021
21.35,30.757903,1.147703,-2.314245,30.866188
21.3625,30.714358,1.121909,-2.845896,30.866318
21.375,30.667207,1.19925,-3.289241,30.866404
21.3875,30.619845,1.381041,-3.640747,30.866442
21.4,30.573889,1.667026,-3.898041,30.866428
21.4125,30.529089,2.05537,-4.05988,30.866364
21.425,30.483361,2.542658,-4.12616,30.866253
21.4375,30.432951,3.12389,-4.097938,30.866102
21.45,30.372712,3.792494,-3.97748,30.86592
21.4625,30.296489,4.540365,-3.768322,30.865716
21.475,30.197578,5.357947,-3.475331,30.865502
21.4875,30.069243,6.234365,-3.104752,30.865291
21.5,29.905255,7.15763,-2.664221,30.865094
21.5125,29.700412,8.1149,-2.162735,30.864923
21.525,29.45101,9.092813,-1.610562,30.864788
21.5375,29.155236,10.077856,-1.01909,30.864697
21.55,28.813436,11.056775,-0.400624,30.864654
21.5625,28.428258,12.016977,0.231882,30.864662
21.575,28.004645,12.94691,0.865112,30.864722
21.5875,27.549679,13.836385,1.485702,30.864829
21.6,27.072297,14.676816,2.08055,30.864978
21.6125,26.582888,15.461369,2.637094,30.865161
21.625,26.092814,16.184992,3.143558,30.865367
21.6375,25.613871,16.844347,3.589142,30.865585
21.65,25.157741,17.437641,3.964159,30.865803
21.6625,24.735456,17.964384,4.260118,30.866009
21.675,24.356914,18.425083,4.46976,30.86619
21.6875,24.030445,18.820928,4.587071,30.866338
21.7,23.762476,19.153463,4.60727,30.866444
21.7125,23.557278,19.424304,4.526807,30.866502
21.725,23.416809,19.634908,4.343367,30.866509
21.7375,23.340656,19.786411,4.055907,30.866465
21.75,23.32608,19.87956,3.664708,30.866373
21.7625,23.368143,19.914728,3.171459,30.866238
21.775,23.459937,19.892021,2.579355,30.866068
21.7875,23.592887,19.811454,1.893184,30.865874
21.8,23.757136,19.673198,1.119406,30.865665
21.8125,23.941989,19.47785,0.266185,30.865455
21.825,24.136398,19.22673,-0.656639,30.865256
21.8375,24.329478,18.922147,-1.63765,30.865078
21.85,24.511017,18.567635,-2.664038,30.864934
21.8625,24.671948,18.168116,-3.721859,30.86483
21.875,24.804775,17.729979,-4.796373,30.864773
21.8875,24.903896,17.261065,-5.872428,30.864767
21.9,24.965829,16.770556,-6.934869,30.864812
21.9125,24.989301,16.268773,-7.968956,30.864905
21.925,24.975215,15.766888,-8.960736,30.865043
21.9375,24.926485,15.27659,-9.89736,30.865217
21.95,24.847761,14.809708,-10.767325,30.865417
21.9625,24.745056,14.377822,-11.560611,30.865633
21.975,24.625314,13.991887,-12.268734,30.865852
21.9875,24.49594,13.661883,-12.884708,30.866063
22,24.364324,13.39651,-13.402939,30.866253
22.0125,24.237398,13.202929,-13.819065,30.866411
22.025,24.121229,13.086559,-14.12979,30.86653
22.0375,24.020693,13.050928,-14.332715,30.866603
22.05,23.939224,13.097579,-14.426208,30.866625
22.0625,23.878662,13.226019,-14.409323,30.866595
22.075,23.839194,13.433728,-14.281792,30.866516
22.0875,23.819397,13.716207,-14.044078,30.866391
22.1,23.816371,14.06709,-13.697501,30.866229
22.1125,23.825964,14.478303,-13.244414,30.866038
22.125,23.843066,14.940282,-12.688404,30.86583
22.1375,23.861971,15.442254,-12.034506,30.865615
22.15,23.876769,15.972573,-11.289385,30.865408
22.1625,23.881765,16.519097,-10.461473,30.865218
22.175,23.871887,17.069614,-9.561022,30.865058
22.1875,23.843055,17.612266,-8.600063,30.864936
22.2,23.792501,18.135983,-7.592271,30.86486
22.2125,23.718996,18.630863,-6.552714,30.864833
22.225,23.622986,19.088507,-5.497527,30.864857
22.2375,23.506616,19.50226,-4.443512,30.864931
22.25,23.373642,19.867353,-3.407702,30.86505
22.2625,23.229243,20.180933,-2.406919,30.865208
22.275,23.079739,20.441978,-1.457351,30.865396
22.2875,22.932236,20.65111,-0.574181,30.865603
22.3,22.79423,20.81032,0.228711,30.865817
22.3125,22.673188,20.92263,0.938982,30.866026
22.325,22.576126,20.991712,1.545968,30.866219
22.3375,22.509223,21.021507,2.040768,30.866383
22.35,22.47747,21.015861,2.416267,30.86651
22.3625,22.484394,20.978201,2.667133,30.866592
22.375,22.53184,20.911283,2.78979,30.866624
22.3875,22.619847,20.817015,2.782403,30.866605
22.4,22.746603,20.696371,2.644869,30.866536
22.4125,22.908498,20.549396,2.378839,30.86642
22.425,23.100263,20.375301,1.987752,30.866263
22.4375,23.315195,20.172632,1.476881,30.866075
22.45,23.545471,19.939513,0.853378,30.865865
22.4625,23.782527,19.673931,0.126282,30.865646
22.475,24.017495,19.374048,-0.693499,30.86543
22.4875,24.241674,19.038512,-1.593288,30.865228
22.5,24.447013,18.666749,-2.558807,30.865052
22.5125,24.626567,18.259203,-3.574424,30.864912
22.525,24.774916,17.817514,-4.623485,30.864816
22.5375,24.888493,17.344608,-5.688708,30.864768
22.55,24.965821,16.844701,-6.752622,30.864771
22.5625,25.007621,16.323213,-7.798015,30.864825
22.575,25.016794,15.786587,-8.808368,30.864926
22.5875,24.998274,15.242053,-9.768243,30.865069
22.6,24.958761,14.697325,-10.663593,30.865245
22.6125,24.906351,14.160276,-11.48198,30.865443
22.625,24.850093,13.638605,-12.212693,30.865653
22.6375,24.799499,13.139514,-12.846768,30.865862
22.65,24.764031,12.669421,-13.376921,30.866058
22.6625,24.752607,12.233714,-13.79742,30.866229
22.675,24.773131,11.836562,-14.103912,30.866366
22.6875,24.832094,11.480787,-14.293252,30.866461
22.7,24.934238,11.16779,-14.363341,30.866508
22.7125,25.082309,10.897538,-14.313019,30.866504
22.725,25.276912,10.6686,-14.142006,30.866449
22.7375,25.516458,10.478237,-13.850927,30.866346
22.75,25.797223,10.322526,-13.441393,30.8662
22.7625,26.113504,10.196532,-12.916147,30.86602
22.775,26.457885,10.094502,-12.279247,30.865816
22.7875,26.821591,10.010092,-11.536266,30.865598
22.8,27.19492,9.936613,-10.69447,30.86538
22.8125,27.567738,9.867287,-9.762958,30.865172
22.825,27.930011,9.795502,-8.75272,30.864988
22.8375,28.272342,9.715062,-7.676611,30.864837
22.85,28.586482,9.620408,-6.549211,30.864727
22.8625,28.865772,9.506812,-5.386582,30.864664
22.875,29.105505,9.370516,-4.205928,30.864653
22.8875,29.303158,9.208826,-3.025181,30.864693
22.9,29.458491,9.020146,-1.862536,30.864782
22.9125,29.573498,8.803947,-0.735976,30.864915
22.925,29.652222,8.560691,0.337182,30.865084
22.9375,29.70043,8.291708,1.340695,30.865279
22.95,29.725202,7.999031,2.259719,30.86549
22.9625,29.734425,7.685224,3.081061,30.865703
22.975,29.736265,7.353196,3.793327,30.865908
22.9875,29.738621,7.006024,4.386996,30.866093
23,29.74861,6.646795,4.854428,30.866246
23.0125,29.77211,6.27848,5.189821,30.866359
23.025,29.813386,5.903836,5.389154,30.866426
23.0375,29.874806,5.525342,5.45012,30.866442
23.05,29.956685,5.145171,5.372092,30.866408
23.0625,30.057237,4.765189,5.156107,30.866325
23.075,30.172663,4.386976,4.804891,30.866197
23.0875,30.297349,4.011864,4.322904,30.866032
23.1,30.424194,3.640982,3.716411,30.865839
23.1125,30.54502,3.2753,2.993536,30.86563
23.125,30.651078,2.915666,2.164294,30.865415
23.1375,30.733597,2.562837,1.240569,30.865209
23.15,30.784356,2.217491,0.236025,30.865021
23.1625,30.796249,1.880219,-0.834075,30.864864
23.175,30.763787,1.551514,-1.953136,30.864746
23.1875,30.683525,1.231731,-3.10358,30.864673
23.2,30.554358,0.921051,-4.267268,30.864651
23.2125,30.377685,0.619431,-5.425958,30.86468
23.225,30.157416,0.326564,-6.561784,30.86476
23.2375,29.899816,0.041838,-7.657698,30.864885
23.25,29.613218,-0.235688,-8.697875,30.865049
23.2625,29.307597,-0.507294,-9.66802,30.865242
23.275,28.994066,-0.774591,-10.555587,30.865455
23.2875,28.684304,-1.039494,-11.349891,30.865674
23.3,28.389958,-1.304168,-12.042114,30.865889
23.3125,28.122072,-1.570969,-12.625228,30.866086
23.325,27.890543,-1.842352,-13.093854,30.866255
23.3375,27.703658,-2.120782,-13.444085,30.866387
23.35,27.567707,-2.408623,-13.673304,30.866473
23.3625,27.486707,-2.70803,-13.780023,30.866511
23.375,27.462227,-3.020837,-13.763768,30.866497
23.3875,27.493332,-3.348453,-13.625025,30.866434
23.4,27.576634,-3.691767,-13.365255,30.866323
23.4125,27.706463,-4.051068,-12.98697,30.866173
23.425,27.875137,-4.425998,-12.493869,30.865992
23.4375,28.073333,-4.815519,-11.890994,30.86579
23.45,28.290547,-5.217924,-11.18491,30.86558
23.4625,28.515614,-5.630874,-10.383845,30.865373
23.475,28.737274,-6.051481,-9.497791,30.865181
23.4875,28.944755,-6.476412,-8.538525,30.865015
23.5,29.128333,-6.902026,-7.519538,30.864886
23.5125,29.279842,-7.324528,-6.455858,30.864801
23.525,29.393092,-7.740132,-5.363782,30.864764
23.5375,29.464182,-8.145216,-4.260519,30.864779
23.55,29.491661,-8.536458,-3.163764,30.864844
23.5625,29.476552,-8.910953,-2.09125,30.864956
23.575,29.422218,-9.266277,-1.06029,30.86511
23.5875,29.33409,-9.600521,-0.087352,30.865296
23.6,29.219282,-9.912266,0.812309,30.865504
23.6125,29.086106,-10.200531,1.62494,30.865722
23.625,28.943538,-10.464666,2.338503,30.86594
23.6375,28.800662,-10.704234,2.942796,30.866143
23.65,28.666124,-10.918867,3.429501,30.866321
23.6625,28.547636,-11.10813,3.792179,30.866465
23.675,28.451542,-11.271386,4.026225,30.866566
23.6875,28.382482,-11.407705,4.128809,30.866618
23.7,28.343154,-11.515789,4.098825,30.866619
23.7125,28.334191,-11.593957,3.936856,30.866569
23.725,28.354153,-11.64018,3.645166,30.86647
23.7375,28.399636,-11.652159,3.227721,30.86633
23.75,28.465493,-11.627464,2.690222,30.866155
23.7625,28.54515,-11.563711,2.040145,30.865955
23.775,28.631014,-11.458769,1.286762,30.865743
23.7875,28.714941,-11.31099,0.441122,30.86553
23.8,28.788754,-11.119435,-0.484027,30.865328
23.8125,28.844762,-10.884086,-1.474389,30.86515
23.825,28.876268,-10.60602,-2.514349,30.865004
23.8375,28.87802,-10.287531,-3.587293,30.8649
23.85,28.846581,-9.932193,-4.675985,30.864843
23.8625,28.780583,-9.544844,-5.762997,30.864836
23.875,28.68086,-9.131504,-6.831164,30.864881
23.8875,28.550433,-8.699231,-7.864018,30.864974
23.9,28.394364,-8.255905,-8.846193,30.86511
23.9125,28.219477,-7.809993,-9.763744,30.865282
23.925,28.033975,-7.370271,-10.604392,30.865479
23.9375,27.846974,-6.945551,-11.357649,30.86569
23.95,27.667991,-6.544412,-12.014862,30.865903
23.9625,27.506416,-6.174962,-12.569148,30.866107
23.975,27.370991,-5.844617,-13.015264,30.866289
23.9875,27.26934,-5.559933,-13.349432,30.866439
24,27.207554,-5.326459,-13.569144,30.866549
24.0125,27.189869,-5.148633,-13.672976,30.866611
24.025,27.218429,-5.029704,-13.660439,30.866623
24.0375,27.29316,-4.971677,-13.531882,30.866583
24.05,27.411746,-4.97528,-13.288463,30.866494
24.0625,27.569725,-5.039944,-12.932186,30.866361
24.075,27.760687,-5.163813,-12.465993,30.86619
24.0875,27.976572,-5.343756,-11.893911,30.865992
24.1,28.208073,-5.575422,-11.221205,30.865777
24.1125,28.445103,-5.853311,-10.454545,30.865557
24.125,28.677325,-6.17088,-9.602125,30.865346
24.1375,28.894717,-6.520692,-8.67373,30.865153
24.15,29.088121,-6.894589,-7.680724,30.864991
24.1625,29.249771,-7.283899,-6.635946,30.864868
24.175,29.37374,-7.679667,-5.553503,30.86479
24.1875,29.456291,-8.07289,-4.448482,30.864763
24.2,29.496093,-8.454749,-3.336588,30.864787
24.2125,29.4943,-8.816823,-2.233725,30.864861
24.225,29.454473,-9.151263,-1.155577,30.86498
24.2375,29.382358,-9.450925,-0.117184,30.865137
24.25,29.285531,-9.70945,0.867426,30.865323
24.2625,29.172945,-9.921287,1.785545,30.865528
24.275,29.054393,-10.081671,2.626014,30.865739
24.2875,28.939946,-10.186556,3.379357,30.865944
24.3,28.839372,-10.23252,4.037848,30.866131
24.3125,28.761591,-10.216662,4.595489,30.86629
24.325,28.71419,-10.136506,5.047953,30.86641
24.3375,28.703007,-9.989919,5.392485,30.866486
24.35,28.731818,-9.775075,5.627801,30.866513
24.3625,28.802133,-9.490459,5.753988,30.866488
24.375,28.913106,-9.134916,5.772439,30.866412
24.3875,29.061563,-8.70776,5.685808,30.866291
24.4,29.242157,-8.208912,5.498003,30.866131
24.4125,29.44763,-7.639072,5.214202,30.86594
24.425,29.669183,-6.999904,4.84088,30.865728
24.4375,29.896941,-6.294206,4.385832,30.865509
24.45,30.120484,-5.526054,3.858178,30.865294
24.4625,30.32942,-4.700894,3.268323,30.865094
24.475,30.513976,-3.825569,2.627869,30.864922
24.4875,30.665562,-2.908265,1.949459,30.864787
24.5,30.777268,-1.958381,1.246568,30.864696
24.5125,30.844281,-0.98632,0.533229,30.864654
24.525,30.86416,-0.003222,-0.176276,30.864663
24.5375,30.836975,0.979356,-0.867754,30.864723
24.55,30.765291,1.949769,-1.527434,30.864831
24.5625,30.653992,2.896612,-2.142281,30.864979
24.575,30.509966,3.80902,-2.700273,30.86516
24.5875,30.341674,4.676908,-3.190608,30.865363
24.6,30.158634,5.491157,-3.603864,30.865577
24.6125,29.970847,6.24372,-3.932075,30.865788
24.625,29.788218,6.927666,-4.168764,30.865986
24.6375,29.619996,7.537162,-4.308919,30.866159
24.65,29.474258,8.067407,-4.348944,30.866297
24.6625,29.357481,8.514551,-4.286592,30.866392
24.675,29.274201,8.875602,-4.120909,30.866439
24.6875,29.226789,9.148348,-3.852185,30.866435
24.7,29.215338,9.331319,-3.481943,30.86638
24.7125,29.237675,9.423783,-3.012939,30.866278
24.725,29.28949,9.425789,-2.449191,30.866134
24.7375,29.364581,9.338254,-1.796021,30.865956
24.75,29.455201,9.163092,-1.060081,30.865756
24.7625,29.552495,8.903349,-0.249369,30.865543
24.775,29.647003,8.563347,0.62681,30.86533
24.7875,29.729212,8.148807,1.557927,30.86513
24.8,29.79011,7.666924,2.532391,30.864954
24.8125,29.821725,7.12639,3.537772,30.864811
24.825,29.817611,6.537342,4.561093,30.864711
24.8375,29.773236,5.911231,5.589174,30.864658
24.85,29.68626,5.260619,6.609003,30.864657
24.8625,29.55667,4.598915,7.608113,30.864707
24.875,29.386775,3.940059,8.574939,30.864805
24.8875,29.18105,3.29818,9.49912,30.864947
24.9,28.945844,2.687253,10.371726,30.865124
24.9125,28.688978,2.120775,11.185403,30.865327
24.925,28.419267,1.611469,11.934412,30.865544
24.9375,28.145981,1.171041,12.614583,30.865763
24.95,27.8783,0.809986,13.22318,30.865971
24.9625,27.624788,0.537449,13.758705,30.866158
24.975,27.392916,0.36112,14.220655,30.866313
24.9875,27.188655,0.287166,14.609276,30.866428
25,27.016163,0.320184,14.925312,30.866495
25.0125,26.877578,0.463155,15.1698,30.866512
25.025,26.772917,0.717397,15.343913,30.866478
25.0375,26.700092,1.082519,15.448868,30.866394
25.05,26.655034,1.556356,15.485908,30.866267
25.0625,26.63193,2.134925,15.456349,30.866103
25.075,26.623546,2.812383,15.361701,30.865912
25.0875,26.621642,3.58102,15.203823,30.865706
25.1,26.617448,4.43131,14.985118,30.865495
25.1125,26.602171,5.352009,14.708731,30.865292
25.125,26.567531,6.330346,14.378735,30.86511
25.1375,26.506262,7.35228,14.000274,30.864958
25.15,26.412575,8.402835,13.579652,30.864846
25.1625,26.282534,9.466496,13.124348,30.86478
25.175,26.114326,10.527637,12.642963,30.864764
25.1875,25.90841,11.570971,12.145071,30.864799
25.2,25.667526,12.581963,11.641024,30.864884
25.2125,25.396566,13.547199,11.141675,30.865014
25.225,25.102329,14.454679,10.658086,30.865182
25.2375,24.793154,15.294004,10.201201,30.865378
25.25,24.47849,16.056462,9.781528,30.865592
25.2625,24.168402,16.735005,9.408841,30.865811
25.275,23.873063,17.324131,9.09191,30.866024
25.2875,23.602257,17.819702,8.838278,30.866219
25.3,23.364918,18.218706,8.654076,30.866384
25.3125,23.168726,18.519008,8.543887,30.866511
25.325,23.019769,18.719122,8.510655,30.866593
25.3375,22.922301,18.818021,8.555625,30.866625
25.35,22.878575,18.815017,8.678319,30.866605
25.3625,22.888777,18.709725,8.876544,30.866534
25.375,22.951044,18.502111,9.146435,30.866418
25.3875,23.061578,18.192623,9.482521,30.866262
25.4,23.214844,17.782403,9.877845,30.866076
25.4125,23.403842,17.273533,10.324107,30.86587
25.425,23.620454,16.66932,10.811875,30.865656
25.4375,23.855847,15.974563,11.330828,30.865446
25.45,24.100912,15.19578,11.870052,30.865253
25.4625,24.34672,14.341366,12.418372,30.865086
25.475,24.584973,13.421656,12.964714,30.864956
25.4875,24.808412,12.448875,13.498461,30.864871
25.5,25.011174,11.436976,14.009809,30.864834
25.5125,25.189046,10.40137,14.490077,30.864848
25.525,25.339631,9.35856,14.931956,30.864913
25.5375,25.462386,8.325709,15.329684,30.865024
25.55,25.55854,7.320182,15.679128,30.865176
25.5625,25.630907,6.359069,15.977773,30.865359
25.575,25.683589,5.458748,16.22462,30.865563
25.5875,25.721612,4.634496,16.419997,30.865777
25.6,25.750503,3.900167,16.565311,30.865988
25.6125,25.775847,3.267944,16.66276,30.866184
25.625,25.802857,2.748166,16.715023,30.866354
25.6375,25.835966,2.349219,16.724957,30.866489
25.65,25.878485,2.077473,16.695326,30.86658
25.6625,25.932332,1.937259,16.628576,30.866622
25.675,25.997861,1.930848,16.526671,30.866613
25.6875,26.073777,2.058457,16.391004,30.866553
25.7,26.157176,2.318228,16.222373,30.866445
25.7125,26.243679,2.706232,16.021044,30.866296
25.725,26.327671,3.216455,15.786863,30.866112
25.7375,26.40264,3.840825,15.519434,30.865906
25.75,26.461581,4.569257,15.218322,30.865688
25.7625,26.497462,5.389759,14.883288,30.86547
25.775,26.503718,6.288601,14.514511,30.865265
25.7875,26.474739,7.250564,14.112793,30.865083
25.8,26.406326,8.259256,13.679727,30.864936
25.8125,26.296079,9.297508,13.217805,30.864831
25.825,26.143687,10.347814,12.73046,30.864773
25.8375,25.951102,11.392799,12.22204,30.864767
25.85,25.722576,12.415684,11.697712,30.864811
25.8625,25.464562,13.400715,11.163299,30.864904
25.875,25.185484,14.333522,10.625073,30.865039
25.8875,24.895394,15.20139,10.089513,30.86521
25.9,24.605528,15.993415,9.563048,30.865405
25.9125,24.327811,16.700558,9.0518,30.865613
25.925,24.074321,17.315581,8.561354,30.865823
25.9375,23.856758,17.832899,8.096553,30.866022
25.95,23.685928,18.248368,7.661341,30.866199
25.9625,23.571288,18.559029,7.25865,30.866344
25.975,23.520541,18.762862,6.890334,30.866447
25.9875,23.539316,18.858563,6.557153,30.866503
26,23.630932,18.845369,6.25879,30.866509
26.0125,23.796252,18.722978,5.993918,30.866463
26.025,24.033624,18.491534,5.76028,30.866369
26.0375,24.338931,18.151716,5.554805,30.866231
26.05,24.705725,17.7049,5.373742,30.866056
26.0625,25.125471,17.153381,5.2128,30.865856
26.075,25.58787,16.500636,5.067311,30.86564
26.0875,26.081281,15.751589,4.932387,30.865421
26.1,26.593204,14.912848,4.803089,30.86521
26.1125,27.110827,13.992885,4.674582,30.865021
26.125,27.621587,13.002124,4.542292,30.864863
26.1375,28.113735,11.952927,4.402035,30.864744
26.15,28.576854,10.859457,4.250134,30.864673
26.1625,29.00231,9.737437,4.083505,30.864651
26.175,29.383593,8.603796,3.899713,30.864682
26.1875,29.716519,7.476244,3.696996,30.864762
26.2,29.999303,6.372804,3.474254,30.864887
26.2125,30.232461,5.311322,3.231015,30.865049
26.225,30.418584,4.309003,2.967373,30.865241
26.2375,30.561981,3.381997,2.683909,30.865449
26.25,30.668222,2.545049,2.38161,30.865664
26.2625,30.743626,1.811234,2.061775,30.865871
26.275,30.794715,1.191768,1.725945,30.86606
26.2875,30.827688,0.695898,1.375829,30.86622
26.3,30.847931,0.330848,1.013258,30.866341
26.3125,30.85961,0.101801,0.640154,30.866417
26.325,30.865359,0.011911,0.258511,30.866443
26.3375,30.866084,0.062313,-0.129607,30.866419
26.35,30.860899,0.252126,-0.522055,30.866344
26.3625,30.847188,0.578454,-0.916607,30.866224
26.375,30.820794,1.036369,-1.31095,30.866066
26.3875,30.776328,1.618903,-1.702692,30.865877
26.4,30.707577,2.317061,-2.089391,30.86567
26.4125,30.607986,3.11987,-2.4686,30.865456
26.425,30.471193,4.014479,-2.837932,30.865247
26.4375,30.291568,4.986339,-3.19515,30.865055
26.45,30.064736,6.019457,-3.538264,30.864891
26.4625,29.788033,7.096733,-3.865646,30.864765
26.475,29.460866,8.200367,-4.176131,30.864684
26.4875,29.084952,9.312313,-4.469126,30.864652
26.5,28.664414,10.414762,-4.744683,30.864671
26.5125,28.205719,11.490608,-5.003558,30.864741
26.525,27.717477,12.523879,-5.247226,30.864858
26.5375,27.210102,13.500092,-5.477867,30.865015
26.55,26.695367,14.406508,-5.698309,30.865204
26.5625,26.185883,15.232277,-5.91194,30.865414
26.575,25.694535,15.968475,-6.122578,30.865633
26.5875,25.233915,16.608023,-6.334332,30.865849
26.6,24.815771,17.145535,-6.551427,30.866051
26.6125,24.450525,17.577088,-6.778032,30.866226
26.625,24.14684,17.899977,-7.018079,30.866365
26.6375,23.911292,18.112471,-7.275091,30.866461
26.65,23.748124,18.213594,-7.552015,30.866508
26.6625,23.6591,18.202982,-7.851081,30.866504
26.675,23.643461,18.0808,-8.173684,30.86645
26.6875,23.697969,17.847755,-8.520289,30.866348
26.7,23.817052,17.505191,-8.890383,30.866205
26.7125,23.99304,17.055254,-9.28246,30.866029
26.725,24.216483,16.501113,-9.694055,30.86583
26.7375,24.476548,15.847204,-10.121819,30.86562
26.75,24.761485,15.099471,-10.561651,30.865411
26.7625,25.059134,14.265564,-11.008862,30.865216
26.775,25.357466,13.354976,-11.458381,30.865044
26.7875,25.645119,12.379083,-11.904987,30.864908
26.8,25.911904,11.351076,-12.343542,30.864814
26.8125,26.149249,10.285782,-12.769233,30.864768
26.825,26.350552,9.199381,-13.177783,30.864772
26.8375,26.511418,8.109025,-13.565621,30.864828
26.85,26.629765,7.0324,-13.930003,30.864932
26.8625,26.705793,5.987259,-14.269072,30.865078
26.875,26.741811,4.99095,-14.581843,30.865259
26.8875,26.741953,4.059975,-14.868133,30.865463
26.9,26.711788,3.209613,-15.128417,30.865681
26.9125,26.657867,2.453608,-15.363648,30.865899
26.925,26.587224,1.803945,-15.575038,30.866106
26.9375,26.506887,1.270692,-15.763825,30.86629
26.95,26.423402,0.861921,-15.931042,30.866441
26.9625,26.342423,0.583674,-16.077313,30.86655
26.975,26.26837,0.439955,-16.202682,30.866612
26.9875,26.204186,0.43275,-16.306495,30.866623
27,26.15119,0.562037,-16.387351,30.866582
27.0125,26.10905,0.82579,-16.443113,30.866493
27.025,26.075849,1.219984,-16.471002,30.866359
27.0375,26.048267,1.738585,-16.467751,30.86619
27.05,26.021848,2.37356,-16.429828,30.865995
27.0625,25.991349,3.114915,-16.353706,30.865784
27.075,25.951143,3.950769,-16.236164,30.86557
27.0875,25.895662,4.867501,-16.074605,30.865365
27.1,25.819842,5.849967,-15.867359,30.865181
27.1125,25.719549,6.881796,-15.613959,30.865029
27.125,25.591953,7.945755,-15.315351,30.864916
27.1375,25.435826,9.024184,-14.974038,30.86485
27.15,25.251734,10.099457,-14.594138,30.864834
27.1625,25.042124,11.154452,-14.181338,30.864869
27.175,24.811281,12.172999,-13.74277,30.864953
27.1875,24.565172,13.140269,-13.286795,30.865082
27.2,24.311177,14.043069,-12.822727,30.865247
27.2125,24.057743,14.870049,-12.360503,30.86544
27.225,23.81396,15.611775,-11.910336,30.865649
27.2375,23.58911,16.260714,-11.48236,30.865864
27.25,23.392208,16.811102,-11.086287,30.86607
27.2625,23.231549,17.258747,-10.731104,30.866257
27.275,23.114309,17.600786,-10.424804,30.866414
27.2875,23.046187,17.835427,-10.174162,30.866532
27.3,23.031127,17.961704,-9.984567,30.866603
27.3125,23.071118,17.979283,-9.859891,30.866625
27.325,23.166075,17.888335,-9.802404,30.866595
27.3375,23.313819,17.689484,-9.812734,30.866515
27.35,23.51014,17.383846,-9.889855,30.866389
27.3625,23.748955,16.973144,-10.031121,30.866225
27.375,24.022559,16.459886,-10.232335,30.866031
27.3875,24.321957,15.847589,-10.487855,30.865819
27.4,24.637264,15.141012,-10.790746,30.865599
27.4125,24.958174,14.346375,-11.132972,30.865385
27.425,25.274459,13.471525,-11.505632,30.865188
27.4375,25.57648,12.526035,-11.899222,30.865019
27.45,25.855685,11.521199,-12.303935,30.864888
27.4625,26.105052,10.469922,-12.709956,30.864802
27.475,26.319456,9.386506,-13.107763,30.864765
27.4875,26.49593,8.286338,-13.488398,30.864779
27.5,26.633798,7.1855,-13.843698,30.864843
27.5125,26.734672,6.100335,-14.166461,30.864954
27.525,26.802316,5.046991,-14.450552,30.865105
27.5375,26.842371,4.040987,-14.690931,30.865286
27.55,26.861989,3.096816,-14.883603,30.865488
27.5625,26.869369,2.227621,-15.025514,30.865699
27.575,26.873249,1.444942,-15.11439,30.865906
27.5875,26.882375,0.758552,-15.148547,30.866098
27.6,26.904986,0.17636,-15.126691,30.866262
27.6125,26.94833,-0.295614,-15.047731,30.866391
27.625,27.018252,-0.653219,-14.910623,30.866476
27.6375,27.11886,-0.894129,-14.714263,30.866512
27.65,27.252285,-1.017787,-14.457443,30.866496
27.6625,27.418558,-1.025347,-14.138878,30.866431
27.675,27.615587,-0.919634,-13.757296,30.866318
27.6875,27.839259,-0.705108,-13.311596,30.866164
27.7,28.083645,-0.387845,-12.801056,30.865978
27.7125,28.341321,0.024494,-12.225574,30.86577
27.725,28.603767,0.522708,-11.585919,30.865551
27.7375,28.861852,1.096133,-10.883971,30.865334
27.75,29.10636,1.732764,-10.122925,30.865131
27.7625,29.328541,2.419433,-9.307434,30.864953
27.775,29.520643,3.142051,-8.443673,30.864809
27.7875,29.676401,3.885896,-7.539319,30.864709
27.8,29.791436,4.635954,-6.603436,30.864658
27.8125,29.863548,5.377281,-5.646274,30.864658
27.825,29.892869,6.095369,-4.679003,30.864708
27.8375,29.881871,6.776497,-3.713384,30.864807
27.85,29.835227,7.408024,-2.761421,30.864949
27.8625,29.759535,7.978638,-1.835018,30.865124
27.875,29.662921,8.478507,-0.945646,30.865324
27.8875,29.554555,8.899369,-0.104072,30.865536
27.9,29.444112,9.234528,0.679868,30.865749
27.9125,29.34121,9.478793,1.397419,30.865951
27.925,29.254859,9.628368,2.041004,30.866129
27.9375,29.192953,9.680712,2.604261,30.866274
27.95,29.161836,9.634398,3.08204,30.866378
27.9625,29.165946,9.488985,3.470376,30.866434
27.975,29.207571,9.244927,3.76646,30.86644
27.9875,29.286716,8.903525,3.968606,30.866394
28,29.401087,8.466922,4.07625,30.866301
28.0125,29.546202,7.938156,4.089958,30.866164
28.025,29.715605,7.321228,4.011474,30.865992
28.0375,29.901211,6.621205,3.84377,30.865795
28.05,30.093724,5.844309,3.591114,30.865584
28.0625,30.283153,4.997985,3.259119,30.86537
28.075,30.459368,4.090926,2.854777,30.865167
28.0875,30.612682,3.133029,2.386443,30.864985
28.1,30.734427,2.13528,1.863776,30.864835
28.1125,30.817469,1.109566,1.297612,30.864726
28.125,30.856655,0.068413,0.699783,30.864665
28.1375,30.849128,-0.975335,0.08288,30.864653
28.15,30.794515,-2.008871,-0.540027,30.864694
28.1625,30.694953,-3.019781,-1.155694,30.864783
28.175,30.554966,-3.996395,-1.751006,30.864918
28.1875,30.381186,-4.928086,-2.313272,30.865089
28.2,30.181957,-5.805499,-2.830482,30.865287
28.2125,29.966837,-6.620713,-3.291517,30.865502
28.225,29.746038,-7.367302,-3.686307,30.865722
28.2375,29.529841,-8.040323,-4.005936,30.865933
28.25,29.328019,-8.636232,-4.242697,30.866125
28.2625,29.149305,-9.152738,-4.39011,30.866287
28.275,29.000925,-9.588638,-4.442928,30.86641
28.2875,28.888226,-9.943624,-4.397127,30.866486
28.3,28.814405,-10.218117,-4.24991,30.866513
28.3125,28.78036,-10.413121,-3.999734,30.866488
28.325,28.78465,-10.530126,-3.646354,30.866414
28.3375,28.823585,-10.571057,-3.190903,30.866294
28.35,28.891431,-10.538276,-2.635976,30.866137
28.3625,28.98072,-10.434636,-1.985732,30.86595
28.375,29.082662,-10.263556,-1.245971,30.865746
28.3875,29.187631,-10.029133,-0.424184,30.865535
28.4,29.285711,-9.736241,0.470452,30.86533
28.4125,29.36727,-9.390621,1.427146,30.865143
28.425,29.423525,-8.998933,2.433646,30.864985
28.4375,29.447075,-8.568766,3.476473,30.864864
28.45,29.432352,-8.108582,4.541229,30.864789
28.4625,29.375974,-7.627605,5.612967,30.864763
28.475,29.276966,-7.135656,6.676594,30.864789
28.4875,29.136829,-6.642938,7.717285,30.864865
28.5,28.959469,-6.159786,8.72087,30.864987
28.5125,28.750974,-5.696409,9.674179,30.865148
28.525,28.519263,-5.262619,10.565304,30.865339
28.5375,28.273635,-4.867593,11.383775,30.865551
28.55,28.024251,-4.51965,12.12064,30.86577
28.5625,27.781572,-4.226078,12.768461,30.865985
28.575,27.555806,-3.992993,13.32122,30.866184
28.5875,27.356376,-3.825241,13.774184,30.866356
28.6,27.191448,-3.726342,14.123732,30.866491
28.6125,27.067536,-3.698451,14.367178,30.866581
28.625,26.9892,-3.742355,14.50263,30.866623
28.6375,26.958841,-3.857475,14.528887,30.866613
28.65,26.976612,-4.041889,14.445398,30.866552
28.6625,27.040433,-4.292358,14.252298,30.866444
28.675,27.146111,-4.604375,13.950504,30.866295
28.6875,27.287571,-4.972226,13.541877,30.866114
28.7,27.457177,-5.389077,13.029417,30.86591
28.7125,27.646136,-5.847101,12.417481,30.865697
28.725,27.844967,-6.337628,11.711979,30.865485
28.7375,28.044016,-6.851349,10.920538,30.865288
28.75,28.233983,-7.37855,10.052588,30.865115
28.7625,28.406437,-7.909378,9.119371,30.864978
28.775,28.554285,-8.43413,8.133836,30.864884
28.7875,28.672161,-8.943543,7.110444,30.864837
28.8,28.756714,-9.429066,6.064864,30.864842
28.8125,28.806766,-9.883108,5.01361,30.864897
28.825,28.823335,-10.299226,3.973609,30.865
28.8375,28.809516,-10.672249,2.961761,30.865145
28.85,28.770241,-10.998333,1.99451,30.865323
28.8625,28.711909,-11.27494,1.087445,30.865524
28.875,28.641954,-11.500746,0.254971,30.865737
28.8875,28.568335,-11.675488,-0.489951,30.865949
28.9,28.499019,-11.799772,-1.135984,30.866149
28.9125,28.44147,-11.874854,-1.673522,30.866325
28.925,28.402173,-11.902412,-2.094742,30.866467
28.9375,28.386229,-11.884342,-2.393604,30.866567
28.95,28.397033,-11.822568,-2.565842,30.866618
28.9625,28.436046,-11.718911,-2.608938,30.866619
28.975,28.502691,-11.574998,-2.522115,30.866568
28.9875,28.594349,-11.392231,-2.306344,30.866469
29,28.706483,-11.171804,-1.96438,30.866327
29.0125,28.832871,-10.914776,-1.500795,30.86615
29.025,28.965945,-10.622173,-0.922028,30.865947
29.0375,29.097215,-10.29512,-0.236412,30.86573
29.05,29.21777,-9.934977,0.545845,30.865511
29.0625,29.318818,-9.54348,1.412722,30.865302
29.075,29.392244,-9.12285,2.350529,30.865116
29.0875,29.431138,-8.675872,3.344128,30.864961
29.1,29.430277,-8.205936,4.377238,30.864847
29.1125,29.386511,-7.717013,5.432803,30.864781
29.125,29.299031,-7.213599,6.493417,30.864764
29.1375,29.169494,-6.700601,7.541777,30.864799
29.15,29.002009,-6.183184,8.561118,30.864883
29.1625,28.802959,-5.666597,9.535624,30.865011
29.175,28.580699,-5.15599,10.450763,30.865175
29.1875,28.345129,-4.656218,11.293545,30.865367
29.2,28.107186,-4.171684,12.052667,30.865574
29.2125,27.878284,-3.706185,12.718574,30.865784
29.225,27.669731,-3.262814,13.283416,30.865986
29.2375,27.492168,-2.843886,13.740938,30.866168
29.25,27.35504,-2.450911,14.086322,30.86632
29.2625,27.266149,-2.084603,14.31601,30.866431
29.275,27.231272,-1.744919,14.427533,30.866497
29.2875,27.253895,-1.431124,14.419384,30.866512
29.3,27.335043,-1.141879,14.290938,30.866476
29.3125,27.473215,-0.875327,14.042446,30.86639
29.325,27.66445,-0.629202,13.675098,30.86626
29.3375,27.902483,-0.400925,13.191146,30.866092
29.35,28.179026,-0.187696,12.594078,30.865896
29.3625,28.484139,0.01341,11.888817,30.865682
29.375,28.806698,0.205368,11.081911,30.865462
29.3875,29.134922,0.391133,10.181696,30.865249
29.4,29.456957,0.573577,9.198388,30.865055
29.4125,29.76146,0.755443,8.144091,30.86489
29.425,30.038182,0.939307,7.032705,30.864763
29.4375,30.278477,1.127545,5.879722,30.864683
29.45,30.47573,1.322323,4.701923,30.864652
29.4625,30.625666,1.525576,3.516986,30.864672
29.475,30.726509,1.739014,2.34304,30.864743
29.4875,30.778989,1.964116,1.19819,30.86486
29.5,30.786195,2.202137,0.100049,30.865016
29.5125,30.753284,2.45411,-0.934689,30.865203
29.525,30.687067,2.720847,-1.890611,30.865409
29.5375,30.595512,3.00293,-2.753864,30.865623
29.55,30.487185,3.300703,-3.512346,30.865833
29.5625,30.370678,3.614246,-4.155806,30.866026
29.575,30.254058,3.943349,-4.675873,30.866192
29.5875,30.144363,4.287475,-5.066036,30.866322
29.6,30.047181,4.645721,-5.321583,30.866407
29.6125,29.966325,5.016775,-5.439541,30.866443
29.625,29.903625,5.398891,-5.418627,30.866428
29.6375,29.858842,5.78986,-5.259221,30.866362
29.65,29.829702,6.187016,-4.963379,30.86625
29.6625,29.812062,6.587258,-4.534871,30.866099
29.675,29.80018,6.987105,-3.979242,30.865915
29.6875,29.787093,7.382789,-3.303878,30.865711
29.7,29.765074,7.770375,-2.518048,30.865497
29.7125,29.726141,8.145922,-1.632908,30.865286
29.725,29.662603,8.505661,-0.661436,30.86509
29.7375,29.567591,8.846193,0.381708,30.86492
29.75,29.435553,9.164693,1.480415,30.864786
29.7625,29.262671,9.459094,2.617449,30.864696
29.775,29.047178,9.728252,3.774839,30.864654
29.7875,28.789543,9.972067,4.934328,30.864664
29.8,28.492512,10.191557,6.077843,30.864724
29.8125,28.161012,10.388864,7.187963,30.864833
29.825,27.801911,10.567211,8.248332,30.864983
29.8375,27.423658,10.730782,9.244014,30.865167
29.85,27.035838,10.884563,10.161743,30.865373
29.8625,26.648655,11.034131,10.99008,30.865592
29.875,26.272402,11.18541,11.719457,30.865809
29.8875,25.916926,11.344406,12.342132,30.866014
29.9,25.591135,11.516947,12.852072,30.866195
29.9125,25.302562,11.708416,13.24479,30.866342
29.925,25.057015,11.923507,13.517157,30.866447
29.9375,24.858313,12.166014,13.667238,30.866503
29.95,24.708126,12.438646,13.694159,30.866509
29.9625,24.605915,12.742892,13.598024,30.866464
29.975,24.548979,13.078929,13.379914,30.866371
29.9875,24.532601,13.445593,13.041931,30.866235
30,24.550289,13.840395,12.587323,30.866064
30.0125,24.594103,14.25961,12.020629,30.865869
30.025,24.655055,14.698418,11.347854,30.86566
30.0375,24.72357,15.151108,10.576627,30.86545
30.05,24.789982,15.611332,9.716319,30.865251
30.0625,24.845039,16.072399,8.778091,30.865075
30.075,24.880401,16.527588,7.774859,30.864931
30.0875,24.889085,16.970478,6.721156,30.864828
30.1,24.865842,17.395247,5.632894,30.864773
30.1125,24.807428,17.796949,4.527033,30.864768
30.125,24.71277,18.171717,3.421179,30.864814
30.1375,24.582987,18.516906,2.333138,30.864909
30.15,24.421299,18.831138,1.280458,30.865048
30.1625,24.232798,19.114264,0.279989,30.865222
30.175,24.024128,19.367237,-0.652514,30.865423
30.1875,23.80308,19.591911,-1.502703,30.86564
30.2,23.578132,19.790778,-2.257881,30.865859
30.2125,23.357975,19.966664,-2.907156,30.866069
30.225,23.151041,20.122406,-3.441507,30.866258
30.2375,22.965064,20.260544,-3.853801,30.866416
30.25,22.8067,20.383033,-4.138751,30.866533
30.2625,22.68121,20.491005,-4.292866,30.866604
30.275,22.59223,20.5846,-4.314383,30.866625
30.2875,22.541628,20.662876,-4.203236,30.866594
30.3,22.529451,20.723798,-3.961025,30.866513
30.3125,22.553963,20.764323,-3.591039,30.866388
30.325,22.611774,20.780573,-3.098278,30.866225
30.3375,22.698045,20.768081,-2.489503,30.866033
30.35,22.806772,20.722109,-1.773262,30.865825
30.3625,22.931133,20.638015,-0.9599,30.86561
30.375,23.063867,20.511639,-0.061501,30.865403
30.3875,23.1977,20.339697,0.908223,30.865214
30.4,23.325755,20.120138,1.934132,30.865055
30.4125,23.441947,19.852447,2.999943,30.864934
30.425,23.541335,19.537875,4.088579,30.864859
30.4375,23.620399,19.179558,5.18259,30.864833
30.45,23.677222,18.782532,6.264595,30.864859
30.4625,23.711575,18.353641,7.317733,30.864934
30.475,23.72489,17.901327,8.326084,30.865054
30.4875,23.720125,17.435338,9.275024,30.865213
30.5,23.701527,16.966366,10.151507,30.865402
30.5125,23.67432,16.505635,10.944241,30.865609
30.525,23.644335,16.064474,11.643761,30.865824
30.5375,23.617596,15.653896,12.242412,30.866032
30.55,23.599915,15.284204,12.734241,30.866224
30.5625,23.59649,14.964637,13.114846,30.866387
30.575,23.611554,14.70307,13.381176,30.866513
30.5875,23.648074,14.505781,13.531353,30.866594
30.6,23.707535,14.377262,13.564499,30.866625
30.6125,23.789798,14.320111,13.480623,30.866605
30.625,23.893061,14.334963,13.280565,30.866534
30.6375,24.013908,14.42049,12.966008,30.866417
30.65,24.147467,14.57345,12.539552,30.866259
30.6625,24.287644,14.788796,12.004838,30.86607
30.675,24.427455,15.059837,11.366707,30.86586
30.6875,24.559421,15.378455,10.631357,30.865641
30.7,24.67601,15.73537,9.806482,30.865425
30.7125,24.770112,16.120462,8.901363,30.865224
30.725,24.835506,16.523117,7.926884,30.865049
30.7375,24.867299,16.932596,6.895455,30.86491
30.75,24.8623,17.338413,5.820846,30.864814
30.7625,24.819304,17.730686,4.717925,30.864768
30.775,24.739266,18.100449,3.602312,30.864773
30.7875,24.625346,18.439901,2.489984,30.864828
30.8,24.482826,18.742572,1.396844,30.86493
30.8125,24.318902,19.003404,0.338296,30.865074
30.825,24.142363,19.218729,-0.671147,30.86525
30.8375,23.963179,19.386167,-1.618199,30.865449
30.85,23.792031,19.504431,-2.491053,30.865659
30.8625,23.639805,19.573092,-3.279559,30.865868
30.875,23.517078,19.592291,-3.975304,30.866063
30.8875,23.433633,19.562451,-4.571624,30.866234
30.9,23.39801,19.484002,-5.063558,30.86637
30.9125,23.41712,19.357145,-5.447755,30.866464
30.925,23.495935,19.181681,-5.722371,30.866509
30.9375,23.637263,18.956909,-5.886972,30.866504
30.95,23.841603,18.681619,-5.942447,30.866447
30.9625,24.107106,18.354159,-5.89096,30.866343
30.975,24.429631,17.972599,-5.73593,30.866196
30.9875,24.802891,17.534957,-5.482042,30.866015
31,25.218707,17.039486,-5.135272,30.865811
31.0125,25.667345,16.484986,-4.70292,30.865593
31.025,26.137941,15.871134,-4.193627,30.865375
31.0375,26.618984,15.198784,-3.617351,30.865168
31.05,27.098856,14.470218,-2.985305,30.864984
31.0625,27.56637,13.689336,-2.309829,30.864834
31.075,28.01131,12.861739,-1.604197,30.864725
31.0875,28.42491,11.994725,-0.882366,30.864664
31.1,28.80025,11.097174,-0.15868,30.864654
31.1125,29.132548,10.179334,0.552466,30.864695
31.125,29.419304,9.252538,1.236969,30.864785
31.1375,29.660312,8.328846,1.881341,30.864919
31.15,29.85752,7.420675,2.473009,30.865089
31.1625,30.014756,6.540408,3.000553,30.865285
31.175,30.137337,5.700034,3.453889,30.865496
31.1875,30.231605,4.91083,3.824377,30.86571
31.2,30.304396,4.183096,4.104873,30.865914
31.2125,30.362509,3.525949,4.289723,30.866098
31.225,30.412189,2.947186,4.374725,30.86625
31.2375,30.458662,2.453194,4.357068,30.866362
31.25,30.505751,2.048905,4.235264,30.866427
31.2625,30.555597,1.737778,4.009101,30.866443
31.275,30.60849,1.521796,3.679615,30.866407
31.2875,30.662831,1.401479,3.249081,30.866322
31.3,30.715221,1.375878,2.721039,30.866193
31.3125,30.760676,1.442586,2.100331,30.866028
31.325,30.792956,1.597739,1.393134,30.865834
31.3375,30.804989,1.836029,0.606984,30.865625
31.35,30.789378,2.150737,-0.249241,30.865411
31.3625,30.738943,2.533796,-1.165382,30.865204
31.375,30.647282,2.97589,-2.130136,30.865018
31.3875,30.509303,3.466606,-3.131249,30.864861
31.4,30.321688,3.994629,-4.155791,30.864744
31.4125,30.083265,4.547978,-5.190481,30.864673
31.425,29.795249,5.114283,-6.222054,30.864652
31.4375,29.46134,5.681074,-7.237642,30.864682
31.45,29.08766,6.236075,-8.225147,30.864763
31.4625,28.682545,6.767474,-9.173567,30.864889
31.475,28.256201,7.264166,-10.07326,30.865054
31.4875,27.820247,7.715935,-10.916125,30.865248
31.5,27.387179,8.113581,-11.69568,30.865461
31.5125,26.969794,8.448991,-12.407054,30.865681
31.525,26.580605,8.715145,-13.046882,30.865895
31.5375,26.231277,8.906086,-13.61313,30.866091
31.55,25.932122,9.016853,-14.104871,30.866259
31.5625,25.691658,9.043409,-14.522034,30.86639
31.575,25.516269,8.982574,-14.86515,30.866476
31.5875,25.409947,8.831981,-15.135134,30.866512
31.6,25.374147,8.590073,-15.333099,30.866497
31.6125,25.407746,8.256136,-15.460248,30.866432
31.625,25.507098,7.830388,-15.517819,30.86632
31.6375,25.666198,7.31409,-15.50712,30.866169
31.65,25.876943,6.709695,-15.429614,30.865988
31.6625,26.129483,6.020993,-15.287069,30.865785
31.675,26.412651,5.253248,-15.081742,30.865575
31.6875,26.714468,4.413294,-14.816577,30.865368
31.7,27.022685,3.50957,-14.495397,30.865177
31.7125,27.325352,2.552082,-14.123065,30.865012
31.725,27.611378,1.552283,-13.705593,30.864884
31.7375,27.871045,0.522862,-13.250183,30.8648
31.75,28.096449,-0.522537,-12.765195,30.864765
31.7625,28.281841,-1.569665,-12.26003,30.864781
31.775,28.423828,-2.604044,-11.744945,30.864847
31.7875,28.521446,-3.611362,-11.230805,30.864961
31.8,28.576072,-4.577838,-10.728785,30.865115
31.8125,28.591208,-5.490551,-10.25005,30.865301
31.825,28.572133,-6.337691,-9.805437,30.86551
31.8375,28.52547,-7.10874,-9.405138,30.865729
31.85,28.458678,-7.794566,-9.058421,30.865946
31.8625,28.379527,-8.387443,-8.773391,30.866149
31.875,28.295567,-8.88101,-8.556789,30.866326
31.8875,28.213645,-9.270188,-8.413844,30.866469
31.9,28.139478,-9.551074,-8.348161,30.866568
31.9125,28.077321,-9.72085,-8.361657,30.866619
31.925,28.029727,-9.77771,-8.454523,30.866619
31.9375,27.99743,-9.720827,-8.625221,30.866567
31.95,27.979334,-9.550378,-8.870513,30.866468
31.9625,27.972625,-9.267611,-9.185517,30.866326
31.975,27.972987,-8.874958,-9.563803,30.86615
31.9875,27.974918,-8.376175,-9.997528,30.86595
32,27.972122,-7.776489,-10.477614,30.865738
32.0125,27.95797,-7.082723,-10.99398,30.865525
32.025,27.925983,-6.303387,-11.535815,30.865324
32.0375,27.870324,-5.448696,-12.091896,30.865146
32.05,27.786263,-4.530511,-12.650942,30.865001
32.0625,27.670573,-3.562189,-13.201975,30.864898
32.075,27.521846,-2.558343,-13.734678,30.864843
32.0875,27.340691,-1.534525,-14.239734,30.864838
32.1,27.12981,-0.506849,-14.709097,30.864883
32.1125,26.89393,0.508419,-15.13621,30.864978
32.125,26.639621,1.495278,-15.516123,30.865115
32.1375,26.374982,2.438376,-15.845524,30.865287
32.15,26.109249,3.32335,-16.122673,30.865485
32.1625,25.85233,4.137098,-16.347253,30.865696
32.175,25.614299,4.867961,-16.52014,30.86591
32.1875,25.404896,5.505836,-16.643136,30.866113
32.2,25.23304,6.042215,-16.718656,30.866294
32.2125,25.106391,6.470164,-16.74943,30.866443
32.225,25.030978,6.784272,-16.738214,30.866552
32.2375,25.0109,6.980586,-16.687543,30.866613
32.25,25.048125,7.056553,-16.599546,30.866623
32.2625,25.142377,7.010989,-16.475825,30.866582
32.275,25.291125,6.844084,-16.317409,30.866492
32.2875,25.489672,6.557441,-16.124781,30.866357
32.3,25.731344,6.154154,-15.89798,30.866186
32.3125,26.00777,5.6389,-15.636747,30.865987
32.325,26.309261,5.01804,-15.340728,30.865772
32.3375,26.62525,4.299692,-15.009698,30.865552
32.35,26.944803,3.493763,-14.643786,30.865341
32.3625,27.257156,2.611918,-14.243691,30.865149
32.375,27.552261,1.667464,-13.810864,30.864988
32.3875,27.821302,0.675154,-13.347632,30.864866
32.4,28.057157,-0.349099,-12.857267,30.86479
32.4125,28.254763,-1.388579,-12.343981,30.864764
32.425,28.411363,-2.426173,-11.812847,30.864789
32.4375,28.526619,-3.444807,-11.269655,30.864864
32.45,28.602576,-4.42787,-10.720722,30.864984
32.4625,28.643479,-5.359602,-10.172649,30.865142
32.475,28.655468,-6.225429,-9.632067,30.865329
32.4875,28.646156,-7.012204,-9.10538,30.865534
32.5,28.624128,-7.708375,-8.598516,30.865745
32.5125,28.5984,-8.304054,-8.116715,30.86595
32.525,28.577859,-8.791019,-7.664353,30.866136
32.5375,28.570728,-9.162656,-7.244814,30.866294
32.55,28.584078,-9.41386,-6.86041,30.866414
32.5625,28.623414,-9.540946,-6.512343,30.866488
32.575,28.692359,-9.541553,-6.200722,30.866513
32.5875,28.792437,-9.4146,-5.924602,30.866487
32.6,28.922979,-9.160281,-5.682064,30.866411
32.6125,29.081146,-8.780108,-5.47032,30.866288
32.625,29.262072,-8.277007,-5.285837,30.866127
32.6375,29.459124,-7.655437,-5.124473,30.865935
32.65,29.664267,-6.921524,-4.981629,30.865723
32.6625,29.868517,-6.083182,-4.852411,30.865504
32.675,30.062465,-5.150187,-4.731786,30.865289
32.6875,30.236838,-4.13419,-4.614748,30.86509
32.7,30.383067,-3.048642,-4.496471,30.864919
32.7125,30.493831,-1.908622,-4.372451,30.864784
32.725,30.563534,-0.730567,-4.238632,30.864694
32.7375,30.58868,0.468086,-4.091504,30.864654
32.75,30.568125,1.669327,-3.92818,30.864665
32.7625,30.503186,2.855034,-3.746431,30.864726
32.775,30.39759,4.00745,-3.5447,30.864835
32.7875,30.257277,5.109623,-3.322077,30.864984
32.8,30.090066,6.14579,-3.078256,30.865166
32.8125,29.90521,7.101681,-2.813461,30.86537
32.825,29.712871,7.964727,-2.52837,30.865583
32.8375,29.523548,8.724164,-2.224032,30.865795
32.85,29.347505,9.371052,-1.90178,30.865992
32.8625,29.194209,9.898218,-1.563165,30.866164
32.875,29.071834,10.300151,-1.209899,30.866301
32.8875,28.986837,10.57287,-0.843813,30.866394
32.9,28.943627,10.713807,-0.466835,30.86644
32.9125,28.944346,10.721709,-0.080985,30.866435
32.925,28.988766,10.596589,0.311623,30.866379
32.9375,29.074294,10.339731,0.708774,30.866275
32.95,29.19611,9.953751,1.108149,30.86613
32.9625,29.347408,9.442701,1.507322,30.865952
32.975,29.519747,8.812192,1.903785,30.865751
32.9875,29.703487,8.069533,2.294983,30.865538
33,29.888308,7.223825,2.678373,30.865325
33.0125,30.063769,6.286025,3.051502,30.865126
33.025,30.219882,5.268908,3.412109,30.86495
33.0375,30.347676,4.186963,3.758231,30.864809
33.05,30.439707,3.056167,4.088317,30.864709
33.0625,30.490479,1.893677,4.401342,30.864658
33.075,30.496747,0.71744,4.696893,30.864658
33.0875,30.45769,-0.454257,4.975245,30.864709
33.1,30.374919,-1.603257,5.237398,30.864809
33.1125,30.252344,-2.711993,5.485076,30.864952
33.125,30.095894,-3.763915,5.720695,30.86513
33.1375,29.913118,-4.743832,5.947285,30.865333
33.15,29.712693,-5.638184,6.168382,30.86555
33.1625,29.503877,-6.435203,6.387889,30.865769
33.175,29.295941,-7.124987,6.609912,30.865977
33.1875,29.09762,-7.699498,6.83859,30.866164
33.2,28.916599,-8.152486,7.077911,30.866318
33.2125,28.759088,-8.479388,7.331534,30.866431
33.225,28.629475,-8.677213,7.602616,30.866497
33.2375,28.530096,-8.744441,7.893664,30.866512
33.25,28.461121,-8.680954,8.206398,30.866477
33.2625,28.420555,-8.488012,8.541656,30.866392
33.275,28.404359,-8.168273,8.899322,30.866264
33.2875,28.406695,-7.725862,9.278298,30.866099
33.3,28.420258,-7.166453,9.676525,30.865908
33.3125,28.43671,-6.497369,10.091044,30.865701
33.325,28.447177,-5.727655,10.518106,30.86549
33.3375,28.442787,-4.86811,10.953327,30.865288
33.35,28.415227,-3.931252,11.39188,30.865106
33.3625,28.357273,-2.931202,11.828718,30.864955
33.375,28.263276,-1.883476,12.258809,30.864844
33.3875,28.129546,-0.804688,12.677371,30.86478
33.4,27.954641,0.287816,13.080097,30.864765
33.4125,27.739507,1.376388,13.463331,30.864802
33.425,27.487481,2.44352,13.824215,30.864888
33.4375,27.204147,3.47229,14.160755,30.865019
33.45,26.897062,4.446764,14.47184,30.865187
33.4625,26.575366,5.352335,14.75718,30.865384
33.475,26.249313,6.17598,15.01719,30.865598
33.4875,25.929744,6.906419,15.252817,30.865818
33.5,25.627549,7.534194,15.465333,30.86603
33.5125,25.35313,8.051655,15.6561,30.866224
33.525,25.11592,8.452895,15.826343,30.866389
33.5375,24.923946,8.733639,15.976928,30.866515
33.55,24.783484,8.891127,16.10818,30.866595
33.562501,24.698797,8.924007,16.219744,30.866625
33.575001,24.671966,8.832251,16.310508,30.866604
33.587501,24.702827,8.617127,16.378592,30.866533
33.600001,24.788999,8.281203,16.421412,30.866415
33.612501,24.926014,7.828408,16.435808,30.866258
33.625001,25.107535,7.264108,16.418245,30.866072
33.637501,25.32567,6.595204,16.365065,30.865865
33.650001,25.571346,5.830211,16.272778,30.865651
33.662501,25.834761,4.9793,16.138377,30.865442
33.675001,26.105859,4.054282,15.959652,30.865248
33.687501,26.374842,3.068517,15.735478,30.865083
33.700001,26.632653,2.036729,15.466058,30.864954
33.712501,26.871428,0.974742,15.153099,30.86487
33.725001,27.084879,-0.100861,14.799904,30.864834
33.737501,27.268571,-1.17314,14.411375,30.86485
33.750001,27.420096,-2.225226,13.993919,30.864916
33.762501,27.5391,-3.240747,13.555275,30.865029
33.775001,27.6272,-4.204231,13.10426,30.865181
33.787501,27.687757,-5.101441,12.650461,30.865365
33.800001,27.725552,-5.919639,12.203893,30.865569
33.812501,27.74638,-6.647754,11.774648,30.865783
33.825001,27.756583,-7.276468,11.372542,30.865994
33.837501,27.762563,-7.798213,11.006801,30.86619
33.850001,27.770308,-8.207103,10.685766,30.866359
33.862501,27.784949,-8.498833,10.416659,30.866493
33.875001,27.810386,-8.670545,10.205389,30.866582
33.887501,27.848993,-8.720713,10.056401,30.866623
33.900001,27.901424,-8.649047,9.972578,30.866613
33.912501,27.966533,-8.45644,9.955182,30.866551
33.925001,28.041403,-8.144963,10.003828,30.866442
33.937501,28.121491,-7.717901,10.116507,30.866292
33.950001,28.200888,-7.179824,10.289638,30.866108
33.962501,28.27267,-6.536682,10.518165,30.865901
33.975001,28.329334,-5.795882,10.79569,30.865683
33.987501,28.363298,-4.966356,11.114656,30.865465
34.000001,28.367416,-4.058557,11.466564,30.86526
34.012501,28.335513,-3.084402,11.842226,30.86508
34.025001,28.262858,-2.057121,12.232057,30.864933
34.037501,28.146589,-0.991036,12.626363,30.864829
34.050001,27.98602,0.098758,13.015651,30.864773
34.062501,27.782829,1.196751,13.390897,30.864768
34.075001,27.541104,2.287433,13.743798,30.864814
34.087501,27.267242,3.355704,14.066957,30.864908
34.100001,26.969711,4.387269,14.354007,30.865044
34.112501,26.658682,5.36898,14.599665,30.865215
34.125001,26.345577,6.289106,14.799706,30.865411
34.137501,26.042535,7.137513,14.950877,30.865619
34.150001,25.761858,7.905757,15.050751,30.865829
34.162501,25.515445,8.587079,15.097544,30.866028
34.175001,25.31426,9.176338,15.089919,30.866204
34.187501,25.167846,9.66988,15.026789,30.866348
34.200001,25.083914,10.065377,14.907151,30.86645
34.212501,25.068015,10.361667,14.729956,30.866505
34.225001,25.123295,10.558601,14.494046,30.866509
34.237501,25.250361,10.656937,14.198148,30.866462
34.250001,25.44724,10.658266,13.84095,30.866366
34.262501,25.70944,10.565007,13.421226,30.866227
34.275001,26.030117,10.380439,12.938033,30.866052
34.287501,26.400343,10.108775,12.390936,30.865851
34.300001,26.809468,9.755265,11.780265,30.865635
34.312501,27.245565,9.326293,11.107355,30.865416
34.325001,27.69595,8.829463,10.37477,30.865206
34.337501,28.147747,8.273645,9.58647,30.865017
34.350001,28.588471,7.668958,8.747912,30.86486
34.362501,29.006601,7.0267,7.86606,30.864742
34.375001,29.392104,6.359189,6.94931,30.864672
34.387501,29.736871,5.679547,6.007328,30.864652
34.400001,30.035043,5.001428,5.050803,30.864684
34.412501,30.283196,4.338695,4.091146,30.864765
34.425001,30.480374,3.705094,3.140156,30.864891
34.437501,30.62797,3.113915,2.209666,30.865055
34.450001,30.72946,2.577692,1.311211,30.865247
34.462501,30.790019,2.107933,0.455735,30.865456
34.475001,30.816043,1.714909,-0.346655,30.86567
34.487501,30.814608,1.407495,-1.086867,30.865877
34.500001,30.792918,1.193058,-1.756938,30.866065
34.512501,30.757764,1.077405,-2.350095,30.866224
34.525001,30.715038,1.064746,-2.860768,30.866344
34.537501,30.66932,1.157693,-3.284567,30.866419
34.550001,30.623577,1.357254,-3.618254,30.866444
34.562501,30.578969,1.662838,-3.85971,30.866418
34.575001,30.53479,2.072252,-4.007921,30.866342
34.587501,30.488533,2.581693,-4.062984,30.866221
34.600001,30.43608,3.185749,-4.026138,30.866062
34.612501,30.372014,3.877415,-3.899813,30.865873
34.625001,30.290015,4.648139,-3.687695,30.865665
34.637501,30.183345,5.487914,-3.394782,30.865451
34.650001,30.045369,6.385429,-3.027428,30.865242
34.662501,29.870089,7.32828,-2.593346,30.865051
34.675001,29.652666,8.30326,-2.101574,30.864888
34.687501,29.389863,9.296696,-1.56237,30.864763
34.700001,29.080417,10.294839,-0.987063,30.864683
34.712501,28.725275,11.284277,-0.387831,30.864652
34.725001,28.327701,12.252341,0.222552,30.864673
34.737501,27.893228,13.187482,0.831013,30.864744
34.750001,27.429473,14.07958,1.424483,30.864862
34.762501,26.945819,14.92017,1.990194,30.865021
34.775001,26.452987,15.702569,2.515945,30.86521
34.787501,25.962541,16.421891,2.990339,30.86542
34.800001,25.486343,17.074951,3.402952,30.865639
34.812501,25.036003,17.660083,3.744465,30.865855
34.825001,24.622357,18.176882,4.006734,30.866056
34.837501,24.254984,18.625893,4.182827,30.866231
34.850001,23.941808,19.008287,4.267033,30.866369
34.862501,23.688771,19.32555,4.254859,30.866463
34.875001,23.499606,19.579204,4.143033,30.866509
34.887501,23.375707,19.770592,3.929518,30.866504
34.900001,23.316094,19.900743,3.613558,30.866448
34.912501,23.317477,19.970322,3.195739,30.866345
34.925001,23.374409,19.979672,2.678075,30.866201
34.937501,23.479532,19.928937,2.064107,30.866024
34.950001,23.623901,19.818264,1.358983,30.865825
34.962501,23.797387,19.648058,0.569528,30.865615
34.975001,23.989127,19.419259,-0.295749,30.865407
34.987501,24.188024,19.133634,-1.226697,30.865211
35.000001,24.383262,18.794039,-2.211648,30.865041
35.012501,24.56481,18.404627,-3.237622,30.864905
35.025001,24.723889,17.970994,-4.29061,30.864812
35.037501,24.853375,17.500221,-5.355921,30.864768
35.050001,24.948102,17.000835,-6.418576,30.864774
35.062501,25.005056,16.482654,-7.463716,30.864831
35.075001,25.023443,15.956565,-8.477005,30.864936
35.087501,25.004616,15.434206,-9.444989,30.865083
35.100001,24.951888,14.927621,-10.355384,30.865264
35.112501,24.87023,14.448863,-11.197286,30.86547
35.125001,24.765885,14.009612,-11.961286,30.865687
35.137501,24.645918,13.6208,-12.639488,30.865906
35.150001,24.517747,13.292273,-13.225446,30.866112
35.162501,24.38867,13.032498,-13.714042,30.866295
35.175001,24.265427,12.848323,-14.101315,30.866445
35.187501,24.153811,12.744788,-14.384293,30.866553
35.200001,24.05836,12.724999,-14.560822,30.866614
35.212501,23.982126,12.790039,-14.629455,30.866623
35.225001,23.926547,12.938942,-14.589379,30.866581
35.237501,23.891412,13.168702,-14.440427,30.86649
35.250001,23.874927,13.474346,-14.183152,30.866356
35.262501,23.873871,13.849041,-13.818964,30.866186
35.275001,23.883841,14.284271,-13.35032,30.86599
35.287501,23.899564,14.770067,-12.780933,30.865779
35.300001,23.915267,15.29529,-12.115989,30.865565
35.312501,23.925084,15.847977,-11.362327,30.865361
35.325001,23.92347,16.415732,-10.528557,30.865178
35.337501,23.905603,16.986148,-9.625111,30.865026
35.350001,23.867746,17.547239,-8.664181,30.864914
35.362501,23.807544,18.087866,-7.659563,30.864849
35.375001,23.724226,18.598117,-6.6264,30.864835
35.387501,23.618719,19.069627,-5.580836,30.864871
35.400001,23.493638,19.495805,-4.539614,30.864957
35.412501,23.353177,19.871961,-3.519637,30.865086
35.425001,23.202886,20.195317,-2.537527,30.865252
35.437501,23.049376,20.464907,-1.609217,30.865446
35.450001,22.899948,20.681374,-0.749588,30.865656
35.462501,22.762183,20.846682,0.027818,30.86587
35.475001,22.643526,20.963774,0.711013,30.866076
35.487501,22.550868,21.036188,1.289701,30.866262
35.500001,22.490162,21.06768,1.755348,30.866418
35.512501,22.466098,21.061869,2.101208,30.866535
35.525001,22.481832,21.021927,2.322316,30.866605
35.537501,22.538791,20.950346,2.415467,30.866625
35.550001,22.636573,20.848778,2.379205,30.866594
35.562501,22.772923,20.717977,2.213824,30.866513
35.575001,22.943802,20.557821,1.921391,30.866386
35.587501,23.143554,20.367428,1.505782,30.866221
35.600001,23.365151,20.145349,0.972728,30.866026
35.612501,23.600521,19.889822,0.329847,30.865813
35.625001,23.840947,19.599063,-0.413357,30.865594
35.637501,24.077509,19.271582,-1.245535,30.86538
35.650001,24.301568,18.906488,-2.153617,30.865184
35.662501,24.505238,18.503767,-3.122998,30.865016
35.675001,24.681844,18.064503,-4.137812,30.864886
35.687501,24.826319,17.591023,-5.181286,30.864801
35.700001,24.935514,17.086966,-6.236141,30.864765
35.712501,25.008407,16.557247,-7.28504,30.864781
35.725001,25.046186,16.00794,-8.311028,30.864846
35.737501,25.052195,15.446073,-9.297958,30.864958
35.750001,25.031763,14.879365,-10.230854,30.86511
35.762501,24.991909,14.315909,-11.096193,30.865292
35.775001,24.940954,13.76384,-11.882098,30.865495
35.787501,24.888065,13.230998,-12.578421,30.865705
35.800001,24.842753,12.724612,-13.176737,30.865912
35.812501,24.814365,12.251028,-13.670257,30.866103
35.825001,24.811592,11.815474,-14.05368,30.866267
35.837501,24.842014,11.421897,-14.323021,30.866395
35.850001,24.911714,11.072842,-14.475433,30.866478
35.862501,25.024962,10.769405,-14.509059,30.866513
35.875001,25.183993,10.51123,-14.422937,30.866496
35.887501,25.388879,10.296564,-14.216964,30.866429
35.900001,25.637508,10.122346,-13.891929,30.866315
35.912501,25.925665,9.984352,-13.449626,30.86616
35.925001,26.247219,9.877359,-12.893004,30.865973
35.937501,26.594406,9.795352,-12.226368,30.865765
35.950001,26.958208,9.731744,-11.455571,30.865546
35.962501,27.328801,9.679628,-10.588201,30.865329
35.975001,27.696066,9.632025,-9.633694,30.865126
35.987501,28.050121,9.582143,-8.60339,30.864949
36.000001,28.381857,9.523619,-7.510472,30.864807
36.012501,28.683431,9.450739,-6.369813,30.864708
36.025001,28.948698,9.358626,-5.197705,30.864658
36.037501,29.173533,9.243378,-4.0115,30.864659
36.050001,29.356036,9.102157,-2.829185,30.864711
36.062501,29.496594,8.933212,-1.66891,30.864811
36.075001,29.597791,8.73586,-0.548518,30.864954
36.087501,29.664192,8.510395,0.51491,30.86513
36.100001,29.70199,8.25797,1.505434,30.86533
36.112501,29.718566,7.980434,2.408578,30.865543
36.125001,29.721978,7.680159,3.211548,30.865755
36.137501,29.720421,7.359861,3.903369,30.865956
36.150001,29.721687,7.022426,4.474941,30.866134
36.162501,29.732662,6.67076,4.919034,30.866278
36.175001,29.758887,6.307666,5.23024,30.866381
36.187501,29.804204,5.935756,5.404914,30.866435
36.200001,29.8705,5.557391,5.441113,30.86644
36.212501,29.957584,5.174665,5.338563,30.866393
36.225001,30.063162,4.789404,5.098657,30.866298
36.237501,30.182959,4.403195,4.724481,30.866161
36.250001,30.310951,4.017428,4.220874,30.865988
36.262501,30.439703,3.63334,3.594487,30.86579
36.275001,30.560818,3.252065,2.853845,30.865579
36.287501,30.665446,2.874664,2.00936,30.865365
36.300001,30.744845,2.502155,1.073305,30.865162
36.312501,30.790958,2.135516,0.059699,30.864981
36.325001,30.796962,1.775672,-1.01589,30.864833
36.337501,30.75776,1.423469,-2.136628,30.864725
36.350001,30.670378,1.07963,-3.284786,30.864664
36.362501,30.534235,0.7447,-4.442166,30.864654
36.375001,30.351268,0.418991,-5.590568,30.864696
36.387501,30.125904,0.102529,-6.712263,30.864787
36.400001,29.864874,-0.204993,-7.790425,30.864922
36.412501,29.576885,-0.504244,-8.80952,30.865094
36.425001,29.272184,-0.796269,-9.755592,30.865293
36.437501,28.962022,-1.08248,-10.616457,30.865509
36.450001,28.658083,-1.364621,-11.381795,30.865728
36.462501,28.371887,-1.644721,-12.043136,30.865939
36.475001,28.114219,-1.925014,-12.59377,30.866131
36.487501,27.894606,-2.207852,-13.028595,30.866292
36.500001,27.720866,-2.495604,-13.343949,30.866413
36.512501,27.598753,-2.79054,-13.537424,30.866488
36.525001,27.531695,-3.094717,-13.607724,30.866513
36.537501,27.520656,-3.40987,-13.554569,30.866487
36.550001,27.5641,-3.737306,-13.378652,30.866412
36.562501,27.658074,-4.077814,-13.081678,30.866291
36.575001,27.796403,-4.431595,-12.666455,30.866133
36.587501,27.970987,-4.798218,-12.137035,30.865946
36.600001,28.172193,-5.176605,-11.498879,30.865741
36.612501,28.389337,-5.56505,-10.759028,30.86553
36.625001,28.611212,-5.961273,-9.92623,30.865325
36.637501,28.826668,-6.362504,-9.011024,30.865139
36.650001,29.025186,-6.765602,-8.025729,30.864981
36.662501,29.197431,-7.167192,-6.984346,30.864862
36.675001,29.335747,-7.563818,-5.902355,30.864788
36.687501,29.434541,-7.952097,-4.796415,30.864764
36.700001,29.490568,-8.328867,-3.68398,30.864791
36.712501,29.503053,-8.691302,-2.582872,30.864868
36.725001,29.473675,-9.037013,-1.510813,30.864991
36.737501,29.406399,-9.36409,-0.484982,30.865153
36.750001,29.30717,-9.671115,0.478403,30.865345
36.762501,29.183499,-9.957125,1.364433,30.865557
36.775001,29.043964,-10.22153,2.159773,30.865777
36.787501,28.897667,-10.464011,2.852848,30.865992
36.800001,28.753674,-10.684381,3.433939,30.86619
36.812501,28.62048,-10.882447,3.895215,30.866361
36.825001,28.505526,-11.057873,4.230708,30.866495
36.837501,28.41479,-11.210055,4.436257,30.866584
36.850001,28.352467,-11.33803,4.50945,30.866624
36.862501,28.320765,-11.440426,4.449568,30.866612
36.875001,28.319807,-11.51545,4.257561,30.86655
36.887501,28.347653,-11.560938,3.936047,30.866441
36.900001,28.400434,-11.574445,3.489337,30.866291
36.912501,28.4726,-11.553397,2.92348,30.866109
36.925001,28.557258,-11.49527,2.246303,30.865905
36.937501,28.646597,-11.39781,1.46743,30.865692
36.950001,28.73237,-11.259259,0.59826,30.865481
36.962501,28.806414,-11.078584,-0.348119,30.865283
36.975001,28.861177,-10.855684,-1.357097,30.865112
36.987501,28.890206,-10.591561,-2.412786,30.864976
37.000001,28.888591,-10.288432,-3.498347,30.864882
37.012501,28.853305,-9.949784,-4.596385,30.864837
37.025001,28.783437,-9.580355,-5.689387,30.864844
37.037501,28.680285,-9.186043,-6.760172,30.8649
37.050001,28.547318,-8.773752,-7.79233,30.865004
37.062501,28.389991,-8.351185,-8.770609,30.86515
37.075001,28.215446,-7.926596,-9.681229,30.865328
37.087501,28.032101,-7.508522,-10.512104,30.86553
37.100001,27.849179,-7.105511,-11.252956,30.865743
37.112501,27.676179,-6.72586,-11.895339,30.865955
37.125001,27.522354,-6.377376,-12.432562,30.866155
37.137501,27.396195,-6.067171,-12.859559,30.86633
37.150001,27.304975,-5.801485,-13.172703,30.866471
37.162501,27.254355,-5.585556,-13.369622,30.866569
37.175001,27.248075,-5.423511,-13.44902,30.86662
37.187501,27.287749,-5.318296,-13.410543,30.866619
37.200001,27.372758,-5.271619,-13.254702,30.866567
37.212501,27.500262,-5.283926,-12.982854,30.866467
37.225001,27.665312,-5.354388,-12.59726,30.866323
37.237501,27.86108,-5.480909,-12.101188,30.866145
37.250001,28.079184,-5.66016,-11.499059,30.865942
37.262501,28.310104,-5.887629,-10.79661,30.865725
37.275001,28.543672,-6.157715,-10.001041,30.865506
37.287501,28.76961,-6.463844,-9.121121,30.865298
37.300001,28.978098,-6.798619,-8.167236,30.865112
37.312501,29.160318,-7.154007,-7.151341,30.864958
37.325001,29.308965,-7.521551,-6.086832,30.864846
37.337501,29.418675,-7.892592,-4.988306,30.86478
37.350001,29.486342,-8.2585,-3.871249,30.864765
37.362501,29.5113,-8.610898,-2.75165,30.864802
37.375001,29.495366,-8.941852,-1.645578,30.864887
37.387501,29.442718,-9.244029,-0.568751,30.865016
37.400001,29.359644,-9.510812,0.463873,30.865181
37.412501,29.254155,-9.736349,1.438458,30.865373
37.425001,29.135509,-9.915569,2.342572,30.86558
37.437501,29.013664,-10.044132,3.165393,30.86579
37.450001,28.898707,-10.118359,3.897822,30.865992
37.462501,28.800278,-10.135133,4.53252,30.866173
37.475001,28.727041,-10.09179,5.063876,30.866324
37.487501,28.686208,-9.986033,5.487929,30.866434
37.500001,28.683153,-9.815862,5.802265,30.866498
37.512501,28.721123,-9.579544,6.005914,30.866512
37.525001,28.801058,-9.275636,6.099257,30.866475
37.537501,28.921533,-8.903048,6.083962,30.866388
37.550001,29.078819,-8.461158,5.96296,30.866257
37.562501,29.26706,-7.949963,5.740441,30.866088
37.575001,29.478564,-7.370258,5.421882,30.865891
37.587501,29.704198,-6.723809,5.01408,30.865677
37.600001,29.933872,-6.013527,4.525182,30.865457
37.612501,30.157078,-5.243598,3.964677,30.865245
37.625001,30.363478,-4.419563,3.343358,30.865051
37.637501,30.543486,-3.548325,2.673216,30.864887
37.650001,30.688823,-2.638083,1.967276,30.864761
37.662501,30.792998,-1.69819,1.239362,30.864682
37.675001,30.851692,-0.73893,0.50382,30.864652
37.687501,30.863008,0.228757,-0.224813,30.864674
37.700001,30.827569,1.193585,-0.932154,30.864746
37.712501,30.748467,2.144253,-1.604306,30.864864
37.725001,30.631052,3.069754,-2.228184,30.865022
37.737501,30.482589,3.959664,-2.791769,30.865209
37.750001,30.3118,4.804359,-3.284328,30.865416
37.762501,30.128335,5.595182,-3.696543,30.86563
37.775001,29.942196,6.324532,-4.020596,30.865839
37.787501,29.763153,6.985889,-4.250176,30.866032
37.800001,29.600195,7.573783,-4.380457,30.866197
37.812501,29.461034,8.08373,-4.40804,30.866325
37.825001,29.351696,8.512139,-4.330891,30.866409
37.837501,29.276207,8.85623,-4.148278,30.866444
37.850001,29.236394,9.113961,-3.860739,30.866427
37.862501,29.231802,9.283997,-3.470064,30.866361
37.875001,29.259738,9.365719,-2.979311,30.866248
37.887501,29.315424,9.359278,-2.392833,30.866095
37.900001,29.392271,9.265693,-1.716324,30.865911
37.912501,29.482251,9.086977,-0.956843,30.865706
37.925001,29.576346,8.826281,-0.122822,30.865492
37.937501,29.665075,8.488037,0.775986,30.865281
37.950001,29.739036,8.078069,1.728604,30.865086
37.962501,29.789472,7.603663,2.723008,30.864917
37.975001,29.808791,7.07358,3.746374,30.864784
37.987501,29.791033,6.497988,4.785382,30.864694
38.000001,29.73223,5.888326,5.826576,30.864654
38.012501,29.630653,5.25709,6.856748,30.864665
38.025001,29.486909,4.617564,7.863315,30.864727
38.037501,29.303898,3.983504,8.834673,30.864837
38.050001,29.086621,3.368803,9.76049,30.864988
38.062501,28.84186,2.787149,10.631924,30.865172
38.075001,28.577754,2.251716,11.441741,30.86538
38.087501,28.303299,1.774874,12.184344,30.865598
38.100001,28.027809,1.367965,12.855705,30.865816
38.112501,27.760374,1.04111,13.453212,30.86602
38.125001,27.509339,0.803079,13.975466,30.8662
38.137501,27.281846,0.66119,14.422032,30.866346
38.150001,27.083452,0.621243,14.793186,30.866449
38.162501,26.917838,0.687464,15.089682,30.866505
38.175001,26.786628,0.86246,15.312548,30.866509
38.187501,26.689318,1.147167,15.462951,30.866463
38.200001,26.623319,1.540798,15.54212,30.866368
38.212501,26.584111,2.04078,15.55135,30.866231
38.225001,26.565496,2.642715,15.492067,30.86606
38.237501,26.55995,3.340343,15.36596,30.865864
38.250001,26.559051,4.125555,15.175153,30.865655
38.262501,26.553963,4.988456,14.922401,30.865446
38.275001,26.535957,5.917493,14.611287,30.865247
38.287501,26.496934,6.899661,14.246396,30.865071
38.300001,26.429922,7.920787,13.833443,30.864928
38.312501,26.329524,8.965878,13.379339,30.864827
38.325001,26.192265,10.019535,12.892183,30.864772
38.337501,26.016836,11.066378,12.381174,30.864769
38.350001,25.804214,12.091493,11.856443,30.864817
38.362501,25.557631,13.080827,11.328826,30.864913
38.375001,25.282425,14.02154,10.809573,30.865053
38.387501,24.985756,14.902261,10.310038,30.865228
38.400001,24.676233,15.713247,9.841349,30.86543
38.412501,24.363454,16.446433,9.414088,30.865646
38.425001,24.057518,17.095379,9.038001,30.865865
38.437501,23.768515,17.655129,8.721736,30.866075
38.450001,23.506033,18.122006,8.472632,30.866263
38.462501,23.278714,18.493365,8.296556,30.86642
38.475001,23.09386,18.767345,8.197773,30.866537
38.487501,22.957126,18.942644,8.178874,30.866606
38.500001,22.872289,19.018345,8.240722,30.866625
38.512501,22.841107,18.993815,8.382446,30.866593
38.525001,22.863276,18.868684,8.601448,30.866511
38.537501,22.936467,18.642924,8.893456,30.866385
38.550001,23.056466,18.316997,9.252599,30.866221
38.562501,23.217383,17.892078,9.671524,30.866029
38.575001,23.41195,17.370326,10.141557,30.86582
38.587501,23.631876,16.755164,10.652911,30.865605
38.600001,23.868263,16.051547,11.194941,30.865398
38.612501,24.112049,15.266183,11.756443,30.86521
38.625001,24.354465,14.407677,12.326,30.865052
38.637501,24.587474,13.486578,12.892338,30.864932
38.650001,24.804169,12.515307,13.444693,30.864858
38.662501,24.999105,11.507977,13.973159,30.864834
38.675001,25.168536,10.480104,14.468996,30.864861
38.687501,25.310543,9.44823,14.924869,30.864937
38.700001,25.425046,8.429484,15.335014,30.865059
38.712501,25.513697,7.441116,15.69531,30.865219
38.725001,25.579661,6.500031,16.003248,30.865408
38.737501,25.627304,5.622354,16.257818,30.865616
38.750001,25.66181,4.823054,16.459316,30.86583
38.762501,25.688756,4.115634,16.609084,30.866038
38.775001,25.713667,3.511895,16.709219,30.866229
38.787501,25.741591,3.02177,16.762265,30.866392
38.800001,25.776706,2.653225,16.770916,30.866516
38.812501,25.821998,2.412199,16.737756,30.866596
38.825001,25.879008,2.302574,16.665044,30.866626
38.837501,25.947685,2.326169,16.554571,30.866604
38.850001,26.026335,2.482725,16.407582,30.866532
38.862501,26.111676,2.7699,16.224781,30.866413
38.875001,26.199002,3.183264,16.0064,30.866255
38.887501,26.282449,3.716298,15.752333,30.866065
38.900001,26.355345,4.360428,15.462323,30.865855
38.912501,26.410638,5.105088,15.136173,30.865636
38.925001,26.441363,5.937847,14.773979,30.86542
38.937501,26.441139,6.844598,14.376348,30.865219
38.950001,26.404655,7.809833,13.944595,30.865045
38.962501,26.328106,8.816978,13.480885,30.864907
38.975001,26.209563,9.848807,12.988321,30.864813
38.987501,26.049239,10.88789,12.470963,30.864768
39.000001,25.849622,11.917064,11.933771,30.864774
39.012501,25.615491,12.919886,11.382484,30.864831
39.025001,25.353776,13.881049,10.823433,30.864934
39.037501,25.073305,14.78671,10.263316,30.865079
39.050001,24.784432,15.624734,9.708946,30.865256
39.062501,24.498581,16.384818,9.166983,30.865455
39.075001,24.227739,17.058508,8.643683,30.865665
39.087501,23.983918,17.63911,8.144671,30.865874
39.100001,23.778627,18.121515,7.674751,30.866069
39.112501,23.622371,18.501976,7.23776,30.866239
39.125001,23.524203,18.777848,6.83647,30.866374
39.137501,23.491345,18.947339,6.472541,30.866466
39.150001,23.528883,19.009299,6.146515,30.86651
39.162501,23.639553,18.963072,5.857853,30.866503
39.175001,23.823616,18.808424,5.604997,30.866446
39.187501,24.078826,18.545561,5.385467,30.86634
39.200001,24.400497,18.17524,5.195979,30.866192
39.212501,24.781669,17.698947,5.032572,30.866011
39.225001,25.213361,17.119138,4.890757,30.865806
39.237501,25.684929,16.439506,4.765667,30.865588
39.250001,26.184497,15.665249,4.652219,30.86537
39.262501,26.699459,14.803299,4.545273,30.865163
39.275001,27.217032,13.862484,4.43979,30.86498
39.287501,27.724816,12.853597,4.33098,30.864831
39.300001,28.211359,11.789357,4.214434,30.864723
39.312501,28.666652,10.684247,4.086241,30.864664
39.325001,29.082564,9.554246,3.943072,30.864655
39.337501,29.453141,8.416456,3.782237,30.864698
39.350001,29.774791,7.288667,3.601717,30.864789
39.362501,30.046303,6.188876,3.400154,30.864924
39.375001,30.268724,5.134805,3.176818,30.865095
39.387501,30.4451,4.143438,2.931555,30.865291
39.400001,30.580085,3.230627,2.66471,30.865502
39.412501,30.679477,2.410754,2.377048,30.865716
39.425001,30.74969,1.696486,2.069674,30.86592
39.437501,30.797208,1.098604,1.743955,30.866103
39.450001,30.828068,0.625905,1.401458,30.866254
39.462501,30.847389,0.28516,1.043905,30.866365
39.475001,30.858982,0.081103,0.673146,30.866429
39.487501,30.865066,0.016443,0.291138,30.866443
39.500001,30.866107,0.091873,-0.100048,30.866406
39.512501,30.860781,0.306077,-0.498224,30.86632
39.525001,30.846066,0.655716,-0.901078,30.86619
39.537501,30.817465,1.135426,-1.306171,30.866023
39.550001,30.769338,1.737801,-1.71095,30.86583
39.562501,30.695332,2.45342,-2.112779,30.86562
39.575001,30.588879,3.270899,-2.508983,30.865406
39.587501,30.443733,4.177015,-2.896928,30.8652
39.600001,30.254516,5.156895,-3.274108,30.865014
39.612501,30.017216,6.194294,-3.638258,30.864858
39.625001,29.729637,7.27194,-3.987464,30.864742
39.637501,29.391724,8.371959,-4.320287,30.864672
39.650001,29.00577,9.476333,-4.635862,30.864653
39.662501,28.576477,10.56738,-4.933986,30.864685
39.675001,28.110858,11.628218,-5.215173,30.864767
39.687501,27.618002,12.643171,-5.480681,30.864894
39.700001,27.108705,13.59811,-5.732486,30.86506
39.712501,26.595006,14.480681,-5.973232,30.865254
39.725001,26.089646,15.280425,-6.206132,30.865468
39.737501,25.605508,15.988789,-6.434844,30.865687
39.750001,25.155044,16.599031,-6.663317,30.865901
39.762501,24.749741,17.106043,-6.895616,30.866097
39.775001,24.399647,17.506131,-7.135745,30.866264
39.787501,24.112962,17.796761,-7.387462,30.866394
39.800001,23.895731,17.976323,-7.654105,30.866478
39.812501,23.751615,18.043941,-7.938425,30.866513
39.825001,23.681779,17.999333,-8.242449,30.866497
39.837501,23.684857,17.842765,-8.567366,30.86643
39.850001,23.757032,17.575083,-8.913442,30.866318
39.862501,23.892196,17.197822,-9.279983,30.866166
39.875001,24.082207,16.713393,-9.665334,30.865983
39.887501,24.317232,16.125311,-10.066926,30.865781
39.900001,24.586156,15.438433,-10.48137,30.86557
39.912501,24.877064,14.659195,-10.904601,30.865363
39.925001,25.17776,13.795792,-11.332052,30.865173
39.937501,25.476306,12.858287,-11.758872,30.865009
39.950001,25.76156,11.85862,-12.180152,30.864882
39.962501,26.023666,10.810513,-12.591166,30.864799
39.975001,26.254482,9.729252,-12.987593,30.864765
39.987501,26.447908,8.631379,-13.365712,30.864782
40.000001,26.600092,7.53429,-13.722557,30.86485
40.012501,26.709504,6.455785,-14.056006,30.864965
40.025001,26.776868,5.413594,-14.364818,30.86512
40.037501,26.804964,4.42491,-14.648593,30.865307
40.050001,26.798313,3.505969,-14.907673,30.865516
40.062501,26.762768,2.671686,-15.142983,30.865735
40.075001,26.705049,1.93537,-15.355836,30.865952
40.087501,26.632238,1.308521,-15.547705,30.866154
40.100001,26.551294,0.800701,-15.719989,30.866331
40.112501,26.468586,0.419468,-15.873787,30.866473
40.125001,26.3895,0.170356,-16.009699,30.866571
40.137501,26.318115,0.056882,-16.127673,30.86662
40.150001,26.256987,0.080563,-16.2269,30.866619
40.162501,26.207029,0.240927,-16.30578,30.866566
40.175001,26.167503,0.535519,-16.361959,30.866465
40.187501,26.136121,0.959893,-16.392427,30.866322
40.200001,26.109245,1.507608,-16.3937,30.866146
40.212501,26.08218,2.170236,-16.362046,30.865945
40.225001,26.049535,2.937395,-16.293768,30.865733
40.237501,26.005645,3.796843,-16.18551,30.86552
40.250001,25.945011,4.734625,-16.034577,30.865319
40.262501,25.862751,5.735305,-15.839235,30.865142
40.275001,25.755015,6.782274,-15.598978,30.864999
40.287501,25.61934,7.85813,-15.314734,30.864897
40.300001,25.45493,8.945114,-14.988995,30.864842
40.312501,25.262822,10.025583,-14.62586,30.864839
40.325001,25.04594,11.082473,-14.230982,30.864886
40.337501,24.809025,12.09974,-13.811431,30.864981
40.350001,24.558449,13.062735,-13.375468,30.86512
40.362501,24.301924,13.958486,-12.932264,30.865293
40.375001,24.048133,14.775875,-12.49157,30.865491
40.387501,23.806296,15.505709,-12.063367,30.865702
40.400001,23.585715,16.140668,-11.657515,30.865916
40.412501,23.395307,16.675173,-11.283417,30.866119
40.425001,23.243169,17.105181,-10.949717,30.866299
40.437501,23.13618,17.427936,-10.664043,30.866447
40.450001,23.079662,17.64172,-10.432791,30.866554
40.462501,23.077122,17.745621,-10.260957,30.866614
40.475001,23.130068,17.739359,-10.152019,30.866623
40.487501,23.237916,17.623172,-10.107863,30.866581
40.500001,23.397984,17.397791,-10.12874,30.866489
40.512501,23.605586,17.064498,-10.213277,30.866354
40.525001,23.854207,16.625255,-10.358517,30.866181
40.537501,24.135778,16.082897,-10.559994,30.865982
40.550001,24.441024,15.441354,-10.811866,30.865766
40.562501,24.759886,14.705884,-11.107071,30.865547
40.575001,25.081996,13.883273,-11.437535,30.865336
40.587501,25.397184,12.981986,-11.794417,30.865145
40.600001,25.695992,12.012233,-12.168382,30.864985
40.612501,25.97016,10.985932,-12.549896,30.864864
40.625001,26.213057,9.91657,-12.92952,30.864789
40.637501,26.420023,8.818954,-13.298199,30.864764
40.650001,26.588604,7.708873,-13.647517,30.864791
40.662501,26.718652,6.602691,-13.969901,30.864867
40.675001,26.81229,5.516899,-14.258767,30.864988
40.687501,26.873742,4.467661,-14.508595,30.865147
40.700001,26.909035,3.470387,-14.71493,30.865335
40.712501,26.925603,2.539352,-14.874311,30.86554
40.725001,26.931814,1.687394,-14.984147,30.865751
40.737501,26.936448,0.925681,-15.042543,30.865955
40.750001,26.948168,0.263576,-15.048105,30.866141
40.762501,26.97501,-0.291444,-14.999742,30.866298
40.775001,27.023915,-0.733791,-14.896486,30.866417
40.787501,27.100328,-1.059737,-14.737346,30.86649
40.800001,27.207893,-1.267367,-14.521226,30.866514
40.812501,27.348235,-1.356512,-14.246891,30.866486
40.825001,27.520861,-1.328705,-13.913013,30.866408
40.837501,27.723172,-1.187142,-13.518283,30.866285
40.850001,27.950588,-0.936651,-13.061579,30.866123
40.862501,28.196782,-0.583679,-12.542187,30.86593
40.875001,28.454024,-0.136267,-11.960039,30.865718
40.887501,28.713603,0.396001,-11.315971,30.865499
40.900001,28.966327,1.002075,-10.611951,30.865284
40.912501,29.203056,1.669572,-9.851272,30.865086
40.925001,29.415254,2.384965,-9.038682,30.864915
40.937501,29.595514,3.133839,-8.180427,30.864782
40.950001,29.738026,3.901187,-7.284219,30.864693
40.962501,29.838955,4.671771,-6.359102,30.864654
40.975001,29.8967,5.430481,-5.41524,30.864666
40.987501,29.912009,6.162717,-4.463645,30.864729
41.000001,29.887955,6.854725,-3.515845,30.864839
41.012501,29.829756,7.493898,-2.583547,30.86499
41.025001,29.744467,8.069004,-1.678297,30.865172
41.037501,29.640561,8.570333,-0.811165,30.865376
41.050001,29.527423,8.989764,0.007511,30.865589
41.062501,29.414805,9.320759,0.76833,30.865801
41.075001,29.312262,9.558284,1.462968,30.865997
41.087501,29.228608,9.698697,2.084258,30.866169
41.100001,29.171423,9.739601,2.626217,30.866304
41.112501,29.146637,9.679709,3.084037,30.866397
41.125001,29.158201,9.518719,3.454059,30.866441
41.137501,29.207868,9.257236,3.73374,30.866434
41.150001,29.29509,8.896729,3.921629,30.866377
41.162501,29.417029,8.439547,4.017368,30.866273
41.175001,29.568696,7.88897,4.021711,30.866127
41.187501,29.7432,7.249293,3.936566,30.865948
41.200001,29.932105,6.525928,3.765057,30.865746
41.212501,30.12588,5.725491,3.511585,30.865533
41.225001,30.314424,4.855863,3.181876,30.865321
41.237501,30.48763,3.926198,2.783006,30.865121
41.250001,30.635972,2.946866,2.323381,30.864947
41.262501,30.751069,1.929314,1.812668,30.864806
41.275001,30.826185,0.885862,1.261655,30.864708
41.287501,30.856649,-0.170588,0.682074,30.864658
41.300001,30.840145,-1.22688,0.086351,30.86466
41.312501,30.776856,-2.269971,-0.512666,30.864712
41.325001,30.669462,-3.2873,-1.102007,30.864813
41.337501,30.522975,-4.267131,-1.668879,30.864957
41.350001,30.344431,-5.19884,-2.200943,30.865136
41.362501,30.14247,-6.073144,-2.686562,30.865339
41.375001,29.926815,-6.882233,-3.114992,30.865557
41.387501,29.707711,-7.619822,-3.476535,30.865775
41.400001,29.495331,-8.281123,-3.762628,30.865983
41.412501,29.299213,-8.862739,-3.965898,30.866169
41.425001,29.127739,-9.362522,-4.080177,30.866322
41.437501,28.98769,-9.779386,-4.10051,30.866434
41.450001,28.883898,-10.113131,-4.023152,30.866498
41.462501,28.819002,-10.364275,-3.845585,30.866513
41.475001,28.793327,-10.533916,-3.566547,30.866476
41.487501,28.804874,-10.623655,-3.186092,30.86639
41.500001,28.849443,-10.635554,-2.705668,30.86626
41.512501,28.920859,-10.572155,-2.128209,30.866095
41.525001,29.01131,-10.436542,-1.458227,30.865903
41.537501,29.111783,-10.232431,-0.701884,30.865696
41.550001,29.212561,-9.964275,0.132979,30.865485
41.562501,29.303784,-9.63737,1.036861,30.865283
41.575001,29.376019,-9.257929,1.998701,30.865102
41.587501,29.420824,-8.833124,3.006049,30.864953
41.600001,29.431258,-8.371074,4.045328,30.864843
41.612501,29.402316,-7.880767,5.10215,30.864779
41.625001,29.331244,-7.371929,6.161701,30.864766
41.637501,29.217726,-6.854837,7.209146,30.864804
41.650001,29.063921,-6.340081,8.230029,30.864891
41.662501,28.874344,-5.838306,9.210652,30.865023
41.675001,28.655614,-5.359936,10.138391,30.865193
41.687501,28.416077,-4.914916,11.00193,30.86539
41.700001,28.165332,-4.512458,11.791411,30.865605
41.712501,27.913697,-4.160841,12.49848,30.865824
41.725001,27.671653,-3.867239,13.11626,30.866036
41.737501,27.449288,-3.637594,13.639233,30.86623
41.750001,27.255777,-3.476537,14.063093,30.866393
41.762501,27.098933,-3.387334,14.384565,30.866518
41.775001,26.984832,-3.371865,14.601238,30.866597
41.787501,26.917532,-3.430624,14.711421,30.866626
41.800001,26.898898,-3.562729,14.714057,30.866603
41.812501,26.928538,-3.765944,14.608703,30.866531
41.825001,27.003844,-4.036712,14.395581,30.866412
41.837501,27.120138,-4.370204,14.075691,30.866254
41.850001,27.270927,-4.760378,13.650987,30.866067
41.862501,27.44824,-5.200074,13.124583,30.86586
41.875001,27.643054,-5.681141,12.500973,30.865646
41.887501,27.845773,-6.194592,11.786228,30.865437
41.900001,28.046746,-6.730816,10.98815,30.865244
41.912501,28.236799,-7.279819,10.11635,30.86508
41.925001,28.407738,-7.831494,9.182233,30.864952
41.937501,28.5528,-8.375917,8.198888,30.864869
41.950001,28.667027,-8.903638,7.180866,30.864835
41.962501,28.747518,-9.40596,6.143873,30.864852
41.975001,28.793565,-9.875175,5.104388,30.864919
41.987501,28.806633,-10.304755,4.079234,30.865033
42.000001,28.790223,-10.689465,3.08514,30.865186
42.012501,28.749591,-11.025414,2.138312,30.865371
42.025001,28.691368,-11.310019,1.254054,30.865576
42.037501,28.623103,-11.541906,0.446444,30.865789
42.050001,28.552756,-11.720757,-0.271906,30.866
42.062501,28.488172,-11.847106,-0.890025,30.866195
42.075001,28.436581,-11.92212,-1.398678,30.866364
42.087501,28.404138,-11.947382,-1.79041,30.866496
42.100001,28.395534,-11.924679,-2.059552,30.866585
42.112501,28.413693,-11.855834,-2.202208,30.866624
42.125001,28.459584,-11.742578,-2.216238,30.866612
42.137501,28.532125,-11.586476,-2.101255,30.86655
42.150001,28.628226,-11.388908,-1.858642,30.86644
42.162501,28.742927,-11.1511,-1.49158,30.866288
42.175001,28.869668,-10.874207,-1.005095,30.866103
42.187501,29.000642,-10.559423,-0.406089,30.865896
42.200001,29.127245,-10.208117,0.296643,30.865678
42.212501,29.240589,-9.821972,1.092443,30.86546
42.225001,29.332046,-9.403116,1.968879,30.865256
42.237501,29.393802,-8.95422,2.911914,30.865076
42.250001,29.419379,-8.478567,3.906145,30.864931
42.262501,29.404092,-7.980064,4.935132,30.864828
42.275001,29.345408,-7.463211,5.981782,30.864773
42.287501,29.24318,-6.933009,7.028781,30.864769
42.300001,29.099739,-6.394834,8.059044,30.864816
42.312501,28.919831,-5.854264,9.056144,30.864911
42.325001,28.710414,-5.316894,10.004699,30.865049
42.337501,28.480318,-4.78814,10.890687,30.865221
42.350001,28.239793,-4.273048,11.70167,30.865417
42.362501,27.999991,-3.776133,12.426913,30.865626
42.375001,27.77239,-3.301235,13.057412,30.865835
42.387501,27.568217,-2.851434,13.58583,30.866034
42.400001,27.397893,-2.428982,14.00637,30.866209
42.412501,27.270522,-2.035297,14.314602,30.866351
42.425001,27.19346,-1.670979,14.50729,30.866452
42.437501,27.171959,-1.335862,14.582225,30.866506
42.450001,27.208926,-1.029085,14.538111,30.866509
42.462501,27.304777,-0.749185,14.374501,30.866461
42.475001,27.457404,-0.494186,14.091812,30.866364
42.487501,27.662262,-0.261705,13.691404,30.866224
42.500001,27.912557,-0.049044,13.175723,30.866048
42.512501,28.199547,0.146719,12.548484,30.865846
42.525001,28.51294,0.328649,11.814877,30.86563
42.537501,28.841372,0.49988,10.981755,30.865411
42.550001,29.172955,0.663551,10.057784,30.865201
42.562501,29.495861,0.822748,9.053525,30.865013
42.575001,29.79891,0.980462,7.981419,30.864857
42.587501,30.072136,1.139548,6.855673,30.864741
42.600001,30.307288,1.302692,5.692031,30.864671
42.612501,30.498225,1.472392,4.507453,30.864653
42.625001,30.641195,1.650934,3.319705,30.864686
42.637501,30.734959,1.840387,2.146908,30.864769
42.650001,30.780765,2.042584,1.007057,30.864896
42.662501,30.782162,2.259124,-0.082437,30.86506
42.675001,30.744683,2.491361,-1.105164,30.865253
42.687501,30.675407,2.740395,-2.046059,30.865462
42.700001,30.582444,3.007059,-2.891662,30.865676
42.712501,30.474369,3.2919,-3.630286,30.865883
42.725001,30.359657,3.595156,-4.252103,30.866071
42.737501,30.246137,3.916721,-4.749161,30.866229
42.750001,30.140506,4.256113,-5.115349,30.866348
42.762501,30.04793,4.61243,-5.346339,30.866421
42.775001,29.971746,4.984317,-5.439527,30.866445
42.787501,29.913281,5.369938,-5.393986,30.866417
42.800001,29.871799,5.766955,-5.21045,30.86634
42.812501,29.844565,6.172539,-4.891331,30.866218
42.825001,29.827035,6.583393,-4.440769,30.866058
42.837501,29.813159,6.995823,-3.864692,30.865868
42.850001,29.795775,7.405829,-3.170878,30.86566
42.862501,29.767086,7.809239,-2.368996,30.865446
42.875001,29.719179,8.201871,-1.47059,30.865238
42.887501,29.644567,8.579724,-0.489008,30.865047
42.900001,29.536719,8.939176,0.560769,30.864885
42.912501,29.390536,9.277196,1.66237,30.864761
42.925001,29.202744,9.59153,2.798374,30.864682
42.937501,28.972178,9.880865,3.950719,30.864653
42.950001,28.699936,10.144952,5.101155,30.864675
42.962501,28.389381,10.384672,6.231715,30.864748
42.975001,28.046007,10.602045,7.325169,30.864867
42.987501,27.677168,10.800172,8.365434,30.865026
43.000001,27.291691,10.983116,9.337897,30.865216
43.012501,26.899412,11.155734,10.229651,30.865427
43.025001,26.510653,11.323459,11.029626,30.865646
43.037501,26.135683,11.492049,11.72861,30.865862
43.050001,25.784195,11.667325,12.319196,30.866062
43.062501,25.464824,11.854901,12.795645,30.866235
43.075001,25.184733,12.059918,13.153728,30.866373
43.087501,24.949279,12.286808,13.390539,30.866466
43.100001,24.761779,12.539075,13.504345,30.86651
43.112501,24.623372,12.81913,13.494462,30.866504
43.125001,24.532985,13.128158,13.361198,30.866447
43.137501,24.487408,13.466043,13.105863,30.866342
43.150001,24.481457,13.831348,12.730838,30.866197
43.162501,24.508242,14.221356,12.239701,30.86602
43.175001,24.55951,14.632174,11.637388,30.86582
43.187501,24.626062,15.058891,10.93036,30.86561
43.200001,24.698219,15.495803,10.126752,30.865402
43.212501,24.766329,15.936674,9.236471,30.865207
43.225001,24.82127,16.37504,8.271224,30.865038
43.237501,24.854937,16.804532,7.244451,30.864903
43.250001,24.860674,17.219184,6.171157,30.864811
43.262501,24.833629,17.613736,5.067645,30.864768
43.275001,24.771007,17.983879,3.951163,30.864775
43.287501,24.672192,18.326436,2.839482,30.864834
43.300001,24.538755,18.639473,1.750442,30.86494
43.312501,24.374322,18.922315,0.701497,30.865088
43.325001,24.184326,19.175473,-0.290721,30.86527
43.337501,23.975665,19.400493,-1.210773,30.865476
43.350001,23.756282,19.599726,-2.044711,30.865694
43.362501,23.534702,19.776054,-2.780291,30.865912
43.375001,23.319552,19.932572,-3.407101,30.866118
43.387501,23.119098,20.072268,-3.916614,30.8663
43.400001,22.940819,20.197719,-4.302172,30.866449
43.412501,22.791038,20.310807,-4.558946,30.866556
43.425001,22.674629,20.412509,-4.683868,30.866615
43.437501,22.594803,20.502739,-4.675576,30.866623
43.450001,22.55299,20.580278,-4.534373,30.86658
43.462501,22.548807,20.642793,-4.262217,30.866488
43.475001,22.580117,20.686936,-3.862738,30.866353
43.487501,22.643178,20.708536,-3.341283,30.866182
43.500001,22.732871,20.702869,-2.704958,30.865985
43.512501,22.842998,20.66498,-1.962663,30.865774
43.525001,22.966634,20.590063,-1.125092,30.86556
43.537501,23.096531,20.473851,-0.204674,30.865356
43.550001,23.225529,20.313007,0.784556,30.865174
43.562501,23.34697,20.105474,1.827168,30.865023
43.575001,23.455087,19.850773,2.906633,30.864913
43.587501,23.545331,19.55021,4.005692,30.864849
43.600001,23.614627,19.206986,5.106779,30.864836
43.612501,23.661535,18.826191,6.192472,30.864873
43.625001,23.686304,18.414698,7.245941,30.86496
43.637501,23.690818,17.980935,8.251361,30.865091
43.650001,23.678428,17.534589,9.194258,30.865258
43.662501,23.653703,17.086227,10.061773,30.865452
43.675001,23.622096,16.646889,10.842821,30.865662
43.687501,23.589557,16.227657,11.52815,30.865876
43.700001,23.562129,15.83924,12.110307,30.866082
43.712501,23.545533,15.491583,12.583528,30.866267
43.725001,23.544781,15.193527,12.943572,30.866422
43.737501,23.563835,14.952515,13.187537,30.866538
43.750001,23.605328,14.774367,13.313677,30.866607
43.762501,23.670363,14.663111,13.32125,30.866626
43.775001,23.758397,14.620876,13.210418,30.866593
43.787501,23.867225,14.647843,12.982209,30.866511
43.800001,23.993054,14.742257,12.638544,30.866383
43.812501,24.130677,14.900495,12.182325,30.866217
43.825001,24.273736,15.117182,11.617565,30.866022
43.837501,24.415068,15.385379,10.94955,30.865808
43.850001,24.547111,15.696812,10.184989,30.865589
43.862501,24.662358,16.042154,9.332138,30.865375
43.875001,24.753831,16.411353,8.400871,30.865179
43.887501,24.815548,16.793989,7.402668,30.865012
43.900001,24.842943,17.179646,6.350511,30.864883
43.912501,24.833225,17.558276,5.258684,30.8648
43.925001,24.78564,17.920537,4.142484,30.864765
43.937501,24.701611,18.258086,3.017858,30.864782
43.950001,24.584761,18.563801,1.900985,30.864849
43.962501,24.440793,18.831912,0.807844,30.864963
43.975001,24.277261,19.058052,-0.246207,30.865115
43.987501,24.103219,19.239202,-1.246815,30.865298
44.000001,23.928803,19.373564,-2.180944,30.865501
44.012501,23.764744,19.460345,-3.037114,30.865711
44.025001,23.621859,19.499501,-3.805541,30.865918
44.037501,23.510543,19.491452,-4.478202,30.866108
44.050001,23.440293,19.436788,-5.048827,30.866271
44.062501,23.419266,19.336009,-5.512827,30.866398
44.075001,23.453919,19.189299,-5.867205,30.86648
44.087501,23.548711,18.996378,-6.110443,30.866513
44.100001,23.705897,18.756423,-6.242405,30.866495
44.112501,23.925414,18.468078,-6.264261,30.866427
44.125001,24.204861,18.129553,-6.178451,30.866312
44.137501,24.539572,17.738795,-5.98867,30.866156
44.150001,24.922797,17.293739,-5.699897,30.865969
44.162501,25.345971,16.792596,-5.31842,30.86576
44.175001,25.799077,16.234176,-4.851881,30.865541
44.187501,26.271083,15.618211,-4.309284,30.865324
44.200001,26.750446,14.945642,-3.700971,30.865122
44.212501,27.225647,14.218869,-3.038547,30.864945
44.225001,27.685741,13.441909,-2.334737,30.864804
44.237501,28.120876,12.620471,-1.603182,30.864707
44.250001,28.522758,11.761927,-0.858166,30.864658
44.262501,28.885025,10.87518,-0.114309,30.86466
44.275001,29.203496,9.97044,0.613779,30.864714
44.287501,29.47629,9.058929,1.311848,30.864815
44.300001,29.703798,8.152522,1.966332,30.864959
44.312501,29.888501,7.263378,2.564649,30.865136
44.325001,30.034675,6.403562,3.095428,30.865336
44.337501,30.147972,5.584692,3.548681,30.865549
44.350001,30.234935,4.81764,3.915906,30.865762
44.362501,30.30247,4.112277,4.190123,30.865962
44.375001,30.357309,3.47729,4.365864,30.866139
44.387501,30.405507,2.920051,4.439124,30.866282
44.400001,30.451991,2.446539,4.407302,30.866383
44.412501,30.500204,2.061303,4.269133,30.866437
44.425001,30.551849,1.767444,4.024645,30.86644
44.437501,30.606752,1.566622,3.675135,30.866392
44.450001,30.662853,1.459057,3.223169,30.866296
44.462501,30.716331,1.443537,2.672614,30.866157
44.475001,30.761842,1.517419,2.028669,30.865984
44.487501,30.792873,1.676636,1.297907,30.865786
44.500001,30.802196,1.915715,0.488291,30.865574
44.512501,30.782374,2.227815,-0.390854,30.865361
44.525001,30.726324,2.604793,-1.32892,30.865158
44.537501,30.627866,3.037321,-2.31416,30.864978
44.550001,30.482246,3.515032,-3.333911,30.86483
44.562501,30.286582,4.026727,-4.374878,30.864723
44.575001,30.04021,4.56061,-5.423479,30.864664
44.587501,29.744887,5.104565,-6.466224,30.864656
44.600001,29.40486,5.646436,-7.4901,30.864699
44.612501,29.026761,6.174308,-8.482945,30.864791
44.625001,28.619373,6.67677,-9.433766,30.864927
44.637501,28.19325,7.143129,-10.332993,30.8651
44.650001,27.760243,7.563585,-11.172637,30.8653
44.662501,27.332949,7.929342,-11.946358,30.865515
44.675001,26.92413,8.232655,-12.649433,30.865735
44.687501,26.546132,8.466838,-13.278633,30.865945
44.700001,26.210328,8.626224,-13.832039,30.866136
44.712501,25.92663,8.706099,-14.308806,30.866296
44.725001,25.703067,8.702639,-14.708911,30.866416
44.737501,25.545465,8.61285,-15.032906,30.86649
44.750001,25.457215,8.434539,-15.281703,30.866514
44.762501,25.439153,8.166321,-15.456412,30.866487
44.775001,25.48954,7.807674,-15.55824,30.86641
44.787501,25.604145,7.359024,-15.588466,30.866288
44.800001,25.776434,6.821878,-15.548484,30.866129
44.812501,25.99785,6.198962,-15.439914,30.865941
44.825001,26.258191,5.49437,-15.264762,30.865736
44.837501,26.546055,4.713682,-15.025606,30.865525
44.850001,26.849358,3.864044,-14.725799,30.865321
44.862501,27.15589,2.954188,-14.369654,30.865135
44.875001,27.45388,1.994363,-13.962588,30.864978
44.887501,27.732552,0.996198,-13.511209,30.86486
44.900001,27.982619,-0.027533,-13.02334,30.864788
44.912501,28.196712,-1.063207,-12.507947,30.864765
44.925001,28.369676,-2.096706,-11.975005,30.864793
44.937501,28.498752,-3.1138,-11.435283,30.864871
44.950001,28.583599,-4.100525,-10.900069,30.864995
44.962501,28.626183,-5.043541,-10.380866,30.865158
44.975001,28.630516,-5.93043,-9.889059,30.865351
44.987501,28.602291,-6.74993,-9.435592,30.865564
45.000001,28.548423,-7.492083,-9.030659,30.865783
45.012501,28.476532,-8.148306,-8.683434,30.865998
45.025001,28.394415,-8.711387,-8.401843,30.866195
45.037501,28.30952,-9.175432,-8.192378,30.866365
45.050001,28.228476,-9.535768,-8.059963,30.866498
45.062501,28.156687,-9.788836,-8.007861,30.866586
45.075001,28.098018,-9.932103,-8.037613,30.866625
45.087501,28.05459,-9.963996,-8.149018,30.866612
45.100001,28.02668,-9.883884,-8.340136,30.866548
45.112501,28.012747,-9.692112,-8.607321,30.866438
45.125001,28.009568,-9.390082,-8.945286,30.866287
45.137501,28.01248,-8.980378,-9.347203,30.866105
45.150001,28.015714,-8.466913,-9.804844,30.865901
45.162501,28.012814,-7.855076,-10.308766,30.865687
45.175001,27.997098,-7.151856,-10.84855,30.865476
45.187501,27.962154,-6.365927,-11.41308,30.865279
45.200001,27.902325,-5.507651,-11.99087,30.865108
45.212501,27.813164,-4.589009,-12.57042,30.864973
45.225001,27.691816,-3.623437,-13.140582,30.864881
45.237501,27.537306,-2.625574,-13.690922,30.864838
45.250001,27.35071,-1.610935,-14.212045,30.864845
45.262501,27.135198,-0.595527,-14.695871,30.864903
45.275001,26.895941,0.404554,-15.135833,30.865008
45.287501,26.63989,1.373539,-15.52699,30.865155
45.300001,26.375448,2.296357,-15.866043,30.865334
45.312501,26.112052,3.158966,-16.151253,30.865536
45.325001,25.859695,3.948602,-16.382283,30.865749
45.337501,25.62842,4.653953,-16.559963,30.865961
45.350001,25.42782,5.265261,-16.686007,30.86616
45.362501,25.266556,5.774346,-16.762717,30.866335
45.375001,25.151936,6.174588,-16.792671,30.866474
45.387501,25.089556,6.460875,-16.778455,30.866572
45.400001,25.083023,6.629542,-16.722422,30.866621
45.412501,25.133778,6.678325,-16.626525,30.866619
45.425001,25.241001,6.606338,-16.492212,30.866566
45.437501,25.401628,6.414087,-16.320398,30.866464
45.450001,25.610463,6.103519,-16.111515,30.86632
45.462501,25.860393,5.678102,-15.86562,30.866141
45.475001,26.142688,5.142918,-15.582564,30.865937
45.487501,26.447403,4.504754,-15.262198,30.865719
45.500001,26.763834,3.77216,-14.904601,30.865501
45.512501,27.081039,2.955467,-14.510302,30.865293
45.525001,27.388382,2.066727,-14.080485,30.865108
45.537501,27.676074,1.119578,-13.617156,30.864955
45.550001,27.935683,0.129021,-13.123245,30.864844
45.562501,28.160571,-0.888886,-12.602649,30.86478
45.575001,28.346234,-1.917399,-12.060198,30.864766
45.587501,28.49052,-2.939498,-11.501553,30.864804
45.600001,28.593701,-3.938322,-10.933038,30.86489
45.612501,28.658404,-4.897583,-10.361422,30.86502
45.625001,28.689393,-5.801936,-9.793669,30.865186
45.637501,28.693236,-6.637286,-9.236677,30.865378
45.650001,28.677855,-7.39101,-8.697011,30.865586
45.662501,28.652015,-8.052086,-8.180668,30.865796
45.675001,28.624773,-8.611153,-7.692871,30.865998
45.687501,28.604919,-9.060479,-7.237907,30.866178
45.700001,28.600453,-9.393898,-6.819016,30.866328
45.712501,28.618109,-9.606706,-6.43832,30.866437
45.725001,28.662967,-9.695567,-6.096812,30.8665
45.737501,28.738156,-9.658429,-5.794372,30.866512
45.750001,28.844667,-9.494493,-5.529825,30.866474
45.762501,28.981292,-9.204217,-5.301027,30.866386
45.775001,29.144669,-8.789376,-5.104969,30.866253
45.787501,29.329463,-8.253172,-4.937904,30.866084
45.800001,29.528644,-7.600357,-4.795486,30.865886
45.812501,29.733885,-6.837372,-4.672915,30.865671
45.825001,29.936027,-5.972462,-4.565096,30.865452
45.837501,30.125622,-5.015743,-4.466796,30.86524
45.850001,30.293493,-3.979197,-4.372801,30.865047
45.862501,30.431307,-2.876575,-4.27807,30.864884
45.875001,30.532102,-1.723211,-4.177875,30.864759
45.887501,30.590742,-0.535726,-4.067925,30.864681
45.900001,30.604269,0.668345,-3.944468,30.864653
45.912501,30.572119,1.870987,-3.804362,30.864676
45.925001,30.496194,3.054177,-3.645124,30.86475
45.937501,30.380773,4.20035,-3.464939,30.864869
45.950001,30.232284,5.29283,-3.26264,30.865027
45.962501,30.058936,6.316202,-3.037672,30.865215
45.975001,29.870252,7.256588,-2.790022,30.865422
45.987501,29.676533,8.101836,-2.520145,30.865636
46.000001,29.488278,8.841603,-2.228888,30.865845
46.012501,29.31561,9.467355,-1.917408,30.866037
46.025001,29.167735,9.972299,-1.587108,30.866202
46.037501,29.052452,10.351268,-1.239581,30.866329
46.050001,28.975755,10.600594,-0.876575,30.866411
46.062501,28.941529,10.717989,-0.499974,30.866444
46.075001,28.951357,10.702465,-0.111791,30.866427
46.087501,29.004437,10.554289,0.285825,30.866359
46.100001,29.097634,10.275012,0.690587,30.866245
46.112501,29.225627,9.86753,1.10006,30.866091
46.125001,29.38119,9.336203,1.511666,30.865906
46.137501,29.555558,8.686984,1.92271,30.865701
46.150001,29.738888,7.927545,2.330416,30.865487
46.162501,29.92079,7.067376,2.731996,30.865277
46.175001,30.090889,6.11782,3.124733,30.865082
46.187501,30.239403,5.092028,3.506086,30.864913
46.200001,30.357696,4.004826,3.873809,30.864781
46.212501,30.438767,2.872472,4.226068,30.864693
46.225001,30.477647,1.712327,4.561562,30.864655
46.237501,30.471671,0.542453,4.879618,30.864667
46.250001,30.420609,-0.618845,5.180264,30.86473
46.262501,30.326645,-1.75349,5.464275,30.864841
46.275001,30.1942,-2.844086,5.73317,30.864993
46.287501,30.029628,-3.874329,5.989177,30.865178
46.300001,29.840785,-4.829333,6.235154,30.865386
46.312501,29.636526,-5.695881,6.474473,30.865604
46.325001,29.426149,-6.462564,6.710883,30.865822
46.337501,29.218829,-7.119846,6.948335,30.866026
46.350001,29.023073,-7.660035,7.190809,30.866205
46.362501,28.84623,-8.077213,7.442125,30.86635
46.375001,28.69408,-8.367128,7.705764,30.866452
46.387501,28.570521,-8.527085,7.984694,30.866506
46.400001,28.477361,-8.555856,8.281222,30.866509
46.412501,28.414232,-8.453622,8.596867,30.866461
46.425001,28.378627,-8.221964,8.932265,30.866366
46.437501,28.366048,-7.863896,9.287113,30.866228
46.450001,28.370271,-7.383938,9.660155,30.866056
46.462501,28.383707,-6.788207,10.049215,30.865859
46.475001,28.397853,-6.084508,10.451272,30.86565
46.487501,28.403801,-5.282396,10.862587,30.865441
46.500001,28.392783,-4.393194,11.278871,30.865243
46.512501,28.35672,-3.42993,11.695487,30.865068
46.525001,28.288749,-2.407199,12.107671,30.864926
46.537501,28.183683,-1.340921,12.51077,30.864825
46.550001,28.038375,-0.248028,12.900472,30.864772
46.562501,27.851968,0.853931,13.273006,30.86477
46.575001,27.626008,1.947225,13.62531,30.864819
46.587501,27.364403,3.014393,13.955142,30.864917
46.600001,27.073251,4.038682,14.261132,30.865057
46.612501,26.760537,5.004435,14.542763,30.865234
46.625001,26.435714,5.89741,14.800294,30.865436
46.637501,26.109226,6.70501,15.034616,30.865652
46.650001,25.791969,7.416423,15.247065,30.865871
46.662501,25.494758,8.022663,15.439207,30.866081
46.675001,25.227798,8.516544,15.612598,30.866268
46.687501,25.00021,8.892594,15.768558,30.866424
46.700001,24.819626,9.146933,15.907956,30.86654
46.712501,24.691852,9.277158,16.031042,30.866608
46.725001,24.620636,9.282229,16.13732,30.866626
46.737501,24.607524,9.162405,16.225492,30.866592
46.750001,24.651816,8.919219,16.293461,30.866509
46.762501,24.750622,8.5555,16.33841,30.866381
46.775001,24.899011,8.075439,16.356952,30.866217
46.787501,25.090253,7.484682,16.34534,30.866024
46.800001,25.316148,6.79043,16.29973,30.865815
46.812501,25.567418,6.001515,16.21648,30.8656
46.825001,25.834166,5.128444,16.092466,30.865394
46.837501,26.106362,4.183365,15.925397,30.865206
46.850001,26.374346,3.179966,15.714099,30.865049
46.862501,26.629311,2.133273,15.458748,30.86493
46.875001,26.863734,1.059371,15.161034,30.864858
46.887501,27.071741,-0.024954,14.824245,30.864834
46.900001,27.249356,-1.102621,14.453255,30.864863
46.912501,27.394642,-2.156695,14.054422,30.86494
46.925001,27.507707,-3.170808,13.635401,30.865063
46.937501,27.590576,-4.129558,13.204883,30.865224
46.950001,27.646948,-5.018831,12.772289,30.865414
46.962501,27.681851,-5.826053,12.347421,30.865622
46.975001,27.701215,-6.540349,11.940115,30.865836
46.987501,27.711401,-7.152608,11.559893,30.866044
47.000001,27.718718,-7.655472,11.215651,30.866234
47.012501,27.728952,-8.043268,10.915378,30.866396
47.025001,27.746939,-8.311893,10.665921,30.86652
47.037501,27.776208,-8.458698,10.4728,30.866598
47.050001,27.818716,-8.482371,10.34007,30.866626
47.062501,27.874674,-8.382853,10.270226,30.866603
47.075001,27.942495,-8.161303,10.26415,30.86653
47.087501,28.018854,-7.820098,10.321103,30.86641
47.100001,28.09886,-7.36288,10.43875,30.866251
47.112501,28.176337,-6.794635,10.61323,30.86606
47.125001,28.244201,-6.121778,10.839263,30.86585
47.137501,28.29491,-5.352236,11.110302,30.86563
47.150001,28.320969,-4.495484,11.418721,30.865415
47.162501,28.315457,-3.562536,11.756051,30.865215
47.175001,28.272542,-2.565851,12.11324,30.865042
47.187501,28.187952,-1.519166,12.480939,30.864905
47.200001,28.059366,-0.437237,12.849803,30.864812
47.212501,27.886696,0.664493,13.210774,30.864768
47.225001,27.672241,1.770281,13.555352,30.864775
47.237501,27.420696,2.864495,13.875808,30.864833
47.250001,27.139014,3.932039,14.165359,30.864938
47.262501,26.836138,4.95873,14.418256,30.865084
47.275001,26.522607,5.931631,14.629813,30.865262
47.287501,26.210082,6.839298,14.796361,30.865461
47.300001,25.910807,7.671936,14.915132,30.865672
47.312501,25.637044,8.421462,14.984108,30.86588
47.325001,25.400521,9.081485,15.001824,30.866074
47.337501,25.211903,9.647208,14.967174,30.866243
47.350001,25.08033,10.115292,14.879219,30.866377
47.362501,25.01302,10.483684,14.73703,30.866469
47.375001,25.014964,10.751456,14.539577,30.866511
47.387501,25.088707,10.91866,14.285681,30.866503
47.400001,25.234236,10.98623,13.974028,30.866444
47.412501,25.448963,10.955928,13.603261,30.866337
47.425001,25.727813,10.830347,13.172124,30.866189
47.437501,26.063413,10.612963,12.679664,30.866006
47.450001,26.446382,10.308224,12.12547,30.865801
47.462501,26.865715,9.921657,11.50992,30.865582
47.475001,27.309246,9.459968,10.834427,30.865365
47.487501,27.76418,8.931129,10.101647,30.865159
47.500001,28.217663,8.344412,9.315634,30.864977
47.512501,28.657372,7.710361,8.481922,30.864828
47.525001,29.07207,7.0407,7.60752,30.864722
47.537501,29.452118,6.348159,6.700825,30.864664
47.550001,29.789889,5.646241,5.771437,30.864656
47.562501,30.080057,4.948923,4.829914,30.8647
47.575001,30.319752,4.270331,3.887461,30.864793
47.587501,30.508556,3.624395,2.955601,30.864929
47.600001,30.648349,3.024515,2.045829,30.8651
47.612501,30.743012,2.483257,1.169296,30.865297
47.625001,30.798017,2.012088,0.336527,30.865509
47.637501,30.819937,1.621178,-0.442806,30.865722
47.650001,30.815893,1.319242,-1.160042,30.865926
47.662501,30.793007,1.113449,-1.807637,30.866108
47.675001,30.757868,1.009365,-2.379207,30.866258
47.687501,30.716062,1.010934,-2.869535,30.866368
47.700001,30.671786,1.120472,-3.274548,30.866431
47.712501,30.627569,1.338669,-3.591286,30.866444
47.725001,30.584113,1.664587,-3.817875,30.866405
47.737501,30.540261,2.095662,-3.953513,30.866318
47.750001,30.493095,2.627693,-3.998487,30.866187
47.762501,30.438157,3.254847,-3.954204,30.866019
47.775001,30.369781,3.969677,-3.823248,30.865825
47.787501,30.281517,4.76318,-3.609439,30.865615
47.800001,30.166622,5.624898,-3.317891,30.865401
47.812501,30.018595,6.543082,-2.95505,30.865195
47.825001,29.831705,7.504927,-2.528689,30.86501
47.837501,29.6015,8.496868,-2.047864,30.864855
47.850001,29.325234,9.50494,-1.522804,30.86474
47.862501,29.00221,10.51518,-0.964754,30.864672
47.875001,28.633982,11.514039,-0.38575,30.864653
47.887501,28.224425,12.488798,0.201637,30.864687
47.900001,27.779652,13.427933,0.784592,30.86477
47.912501,27.307795,14.321413,1.350349,30.864898
47.925001,26.818653,15.160912,1.886481,30.865065
47.937501,26.323251,15.939914,2.381155,30.86526
47.950001,25.833319,16.653703,2.823345,30.865474
47.962501,25.36075,17.299253,3.203003,30.865693
47.975001,24.917052,17.875023,3.511167,30.865907
47.987501,24.512826,18.38069,3.740034,30.866102
48.000001,24.157316,18.816828,3.882991,30.866269
48.012501,23.85801,19.184591,3.934625,30.866397
48.025001,23.620352,19.4854,3.890727,30.86648
48.037501,23.447529,19.720682,3.748302,30.866514
48.050001,23.340365,19.891675,3.505593,30.866496
48.062501,23.297315,19.99931,3.162133,30.866428
48.075001,23.314544,20.044188,2.718818,30.866315
48.087501,23.386106,20.026641,2.177991,30.866162
48.100001,23.504211,19.946884,1.543539,30.865979
48.112501,23.659566,19.805227,0.82097,30.865776
48.125001,23.84179,19.602343,0.017459,30.865565
48.137501,24.03988,19.339548,-0.85815,30.865359
48.150001,24.242718,19.019089,-1.79542,30.865168
48.162501,24.439582,18.644391,-2.782461,30.865006
48.175001,24.62065,18.22025,-3.806163,30.86488
48.187501,24.777454,17.75294,-4.85249,30.864798
48.200001,24.903258,17.250237,-5.906845,30.864765
48.212501,24.993345,16.721335,-6.954466,30.864784
48.225001,25.045176,16.17667,-7.980829,30.864853
48.237501,25.058432,15.627661,-8.972039,30.864969
48.250001,25.034909,15.086378,-9.915165,30.865125
48.262501,24.978304,14.56517,-10.798505,30.865313
48.275001,24.893893,14.076274,-11.611766,30.865523
48.287501,24.788121,13.631425,-12.346145,30.865742
48.300001,24.668155,13.241492,-12.994321,30.865958
48.312501,24.541401,12.916147,-13.550373,30.86616
48.325001,24.41504,12.663595,-14.009635,30.866336
48.337501,24.295602,12.490342,-14.368523,30.866476
48.350001,24.188589,12.401034,-14.624358,30.866573
48.362501,24.09819,12.398335,-14.775211,30.866622
48.375001,24.027068,12.482864,-14.819793,30.866618
48.387501,23.976258,12.653172,-14.757408,30.866564
48.400001,23.945156,12.90577,-14.587978,30.866462
48.412501,23.931608,13.235206,-14.312131,30.866319
48.425001,23.932088,13.634186,-13.931361,30.866141
48.437501,23.941961,14.093758,-13.448226,30.865941
48.450001,23.955813,14.603551,-12.866564,30.865728
48.462501,23.967834,15.152069,-12.191709,30.865515
48.475001,23.972226,15.727045,-11.430665,30.865315
48.487501,23.96362,16.315836,-10.592222,30.865139
48.500001,23.937471,16.905853,-9.686981,30.864996
48.512501,23.890402,17.484993,-8.727281,30.864895
48.525001,23.820485,18.042063,-7.727029,30.864842
48.537501,23.727416,18.567148,-6.701424,30.86484
48.550001,23.612603,19.051927,-5.666602,30.864888
48.562501,23.479127,19.48988,-4.639231,30.864985
48.575001,23.331602,19.8764,-3.636063,30.865124
48.587501,23.175933,20.208788,-2.673511,30.865298
48.600001,23.018998,20.48613,-1.767238,30.865497
48.612501,22.868263,20.709086,-0.931813,30.865709
48.625001,22.731371,20.879592,-0.180433,30.865922
48.637501,22.615716,21.000503,0.475274,30.866124
48.650001,22.528036,21.07522,1.025383,30.866304
48.662501,22.474041,21.107313,1.461731,30.866451
48.675001,22.458095,21.100171,1.777946,30.866557
48.687501,22.482969,21.056719,1.969432,30.866616
48.700001,22.549666,20.979191,2.033362,30.866623
48.712501,22.657338,20.869,1.968667,30.86658
48.725001,22.803283,20.726697,1.776044,30.866487
48.737501,22.983044,20.552021,1.457982,30.86635
48.750001,23.190588,20.34403,1.018801,30.866177
48.762501,23.418576,20.101315,0.464692,30.865977
48.775001,23.658709,19.822266,-0.196266,30.865761
48.787501,23.902135,19.505366,-0.954114,30.865542
48.800001,24.139912,19.149512,-1.797081,30.865331
48.812501,24.363484,18.754309,-2.711727,30.865141
48.825001,24.565157,18.320331,-3.683153,30.864981
48.837501,24.738546,17.849318,-4.695301,30.864862
48.850001,24.878954,17.3443,-5.73132,30.864788
48.862501,24.983664,16.809623,-6.773982,30.864765
48.875001,25.052113,16.250891,-7.806126,30.864793
48.887501,25.085954,15.674811,-8.811099,30.864871
48.900001,25.088967,15.088965,-9.773158,30.864993
48.912501,25.066863,14.501526,-10.677817,30.865153
48.925001,25.02696,13.920925,-11.512097,30.865341
48.937501,24.977783,13.355515,-12.264686,30.865546
48.950001,24.928587,12.813237,-12.926,30.865757
48.962501,24.888859,12.30131,-13.488143,30.865961
48.975001,24.867805,11.825974,-13.944805,30.866147
48.987501,24.873866,11.392273,-14.2911,30.866303
49.000001,24.914278,11.003903,-14.523386,30.86642
49.012501,24.994699,10.663123,-14.639097,30.866492
49.025001,25.118916,10.370712,-14.636601,30.866514
49.037501,25.288646,10.125985,-14.515121,30.866485
49.050001,25.503429,9.92686,-14.274719,30.866406
49.062501,25.760638,9.76996,-13.916349,30.866282
49.075001,26.05558,9.650753,-13.441986,30.866118
49.087501,26.381711,9.563735,-12.85479,30.865925
49.100001,26.730946,9.502622,-12.159315,30.865713
49.112501,27.094052,9.460589,-11.361703,30.865494
49.125001,27.461119,9.430504,-10.46986,30.865279
49.137501,27.822077,9.405187,-9.493565,30.865082
49.150001,28.167229,9.377659,-8.444495,30.864912
49.162501,28.487786,9.341388,-7.336153,30.86478
49.175001,28.776342,9.290501,-6.183684,30.864692
49.187501,29.027284,9.219968,-5.003585,30.864654
49.200001,29.237085,9.12574,-3.813331,30.864668
49.212501,29.404471,9.004831,-2.630935,30.864732
49.225001,29.530449,8.855341,-1.474472,30.864843
49.237501,29.618182,8.676429,-0.361611,30.864995
49.250001,29.672733,8.468228,0.69082,30.865178
49.262501,29.700691,8.231717,1.667214,30.865382
49.275001,29.709707,7.968569,2.553473,30.865596
49.287501,29.707973,7.680973,3.337215,30.865807
49.300001,29.703679,7.371461,4.00789,30.866003
49.312501,29.704476,7.042739,4.55682,30.866173
49.325001,29.71699,6.697544,4.977185,30.866308
49.337501,29.7464,6.338525,5.263971,30.866399
49.350001,29.796106,5.968163,5.413903,30.866442
49.362501,29.867507,5.58872,5.4254,30.866434
49.375001,29.959897,5.202227,5.298542,30.866376
49.387501,30.070481,4.810487,5.035075,30.86627
49.400001,30.194521,4.415116,4.63845,30.866123
49.412501,30.325591,4.017583,4.113879,30.865943
49.425001,30.455954,3.619255,3.468403,30.865741
49.437501,30.577015,3.221451,2.71094,30.865528
49.450001,30.679854,2.825467,1.852296,30.865316
49.462501,30.755791,2.432599,0.905119,30.865117
49.475001,30.796959,2.044144,-0.116235,30.864943
49.487501,30.796846,1.661372,-1.195912,30.864804
49.500001,30.750768,1.285492,-2.316867,30.864707
49.512501,30.656238,0.917597,-3.461246,30.864658
49.525001,30.513203,0.558596,-4.610824,30.864661
49.537501,30.32414,0.20915,-5.747472,30.864715
49.550001,30.093982,-0.130392,-6.853624,30.864817
49.562501,29.829907,-0.460045,-7.912703,30.864962
49.575001,29.540978,-0.780223,-8.90948,30.865141
49.587501,29.237679,-1.09175,-9.830351,30.865346
49.600001,28.931372,-1.395855,-10.663502,30.865563
49.612501,28.633716,-1.694132,-11.398977,30.865782
49.625001,28.35607,-1.988481,-12.028653,30.865989
49.637501,28.108935,-2.28103,-12.54613,30.866174
49.650001,27.90144,-2.574037,-12.946584,30.866326
49.662501,27.740921,-2.869777,-13.226586,30.866437
49.675001,27.632578,-3.170431,-13.383939,30.8665
49.687501,27.579247,-3.477966,-13.417544,30.866513
49.700001,27.581285,-3.794018,-13.327318,30.866475
49.712501,27.636562,-4.119799,-13.114175,30.866388
49.725001,27.740573,-4.456005,-12.78008,30.866257
49.737501,27.886659,-4.802758,-12.328152,30.866091
49.750001,28.066326,-5.15957,-11.762817,30.865898
49.762501,28.269665,-5.525344,-11.089971,30.865691
49.775001,28.485845,-5.898396,-10.317142,30.86548
49.787501,28.703657,-6.276531,-9.453607,30.865279
49.800001,28.912096,-6.657127,-8.510446,30.865099
49.812501,29.100933,-7.037266,-7.500513,30.86495
49.825001,29.261259,-7.413868,-6.438299,30.864841
49.837501,29.385948,-7.783841,-5.339705,30.864779
49.850001,29.470027,-8.144231,-4.22171,30.864767
49.862501,29.510914,-8.492345,-3.101978,30.864806
49.875001,29.50851,-8.825867,-1.998406,30.864895
49.887501,29.465141,-9.142922,-0.928663,30.865028
49.900001,29.385353,-9.442107,0.090252,30.865198
49.912501,29.275577,-9.722482,1.042409,30.865396
49.925001,29.143691,-9.983515,1.913274,30.865611
49.937501,28.998505,-10.224988,2.689953,30.86583
49.950001,28.849206,-10.446877,3.36135,30.866042
49.962501,28.704808,-10.64922,3.918237,30.866235
49.975001,28.573625,-10.831968,4.353269,30.866398
49.987501,28.462798,-10.994857,4.660943,30.866521
50.000001,28.377914,-11.137287,4.837536,30.866599
50.012501,28.322711,-11.258247,4.88104,30.866627
50.025001,28.298897,-11.356267,4.791118,30.866603
50.037501,28.306083,-11.429428,4.569076,30.866529
50.050001,28.341833,-11.475418,4.217878,30.866409
50.062501,28.401826,-11.491642,3.742175,30.86625
50.075001,28.480125,-11.475371,3.148359,30.866062
50.087501,28.569539,-11.423939,2.444603,30.865855
50.100001,28.662065,-11.334961,1.640883,30.865641
50.112501,28.749379,-11.206568,0.748942,30.865432
50.125001,28.823365,-11.037627,-0.2178,30.86524
50.137501,28.876631,-10.827951,-1.244428,30.865076
50.150001,28.902994,-10.578459,-2.31479,30.86495
50.162501,28.897904,-10.291285,-3.411842,30.864868
50.175001,28.858757,-9.969827,-4.518046,30.864835
50.187501,28.785103,-9.618712,-5.615819,30.864854
50.200001,28.678705,-9.24371,-6.687986,30.864922
50.212501,28.543467,-8.851569,-7.718209,30.865037
50.225001,28.385224,-8.449806,-8.691369,30.865191
50.237501,28.211412,-8.046461,-9.593861,30.865376
50.250001,28.030642,-7.649832,-10.413804,30.865582
50.262501,27.852212,-7.268201,-11.141136,30.865796
50.275001,27.685576,-6.909583,-11.767621,30.866006
50.287501,27.539821,-6.581488,-12.286766,30.866201
50.300001,27.423165,-6.290722,-12.693682,30.866368
50.312501,27.342508,-6.043217,-12.984898,30.8665
50.325001,27.303063,-5.8439,-13.158184,30.866587
50.337501,27.308064,-5.696593,-13.212381,30.866625
50.350001,27.35859,-5.603942,-13.147285,30.866612
50.362501,27.453483,-5.567367,-12.963584,30.866548
50.375001,27.589381,-5.587043,-12.662856,30.866437
50.387501,27.760868,-5.661888,-12.247642,30.866284
50.400001,27.960719,-5.789585,-11.721558,30.866099
50.412501,28.180256,-5.966622,-11.089447,30.865891
50.425001,28.409778,-6.188355,-10.357535,30.865672
50.437501,28.639072,-6.449109,-9.533566,30.865455
50.450001,28.857958,-6.742305,-8.626895,30.865251
50.462501,29.056852,-7.060624,-7.648504,30.865072
50.475001,29.227311,-7.396193,-6.610931,30.864928
50.487501,29.36252,-7.740799,-5.528105,30.864826
50.500001,29.457699,-8.086111,-4.415086,30.864773
50.512501,29.510386,-8.423899,-3.287719,30.86477
50.525001,29.520586,-8.746245,-2.162238,30.864819
50.537501,29.490768,-9.045714,-1.05483,30.864915
50.550001,29.425715,-9.315496,0.018796,30.865054
50.562501,29.332232,-9.549492,1.043808,30.865226
50.575001,29.218736,-9.74235,2.006595,30.865423
50.587501,29.094754,-9.889456,2.895031,30.865632
50.600001,28.970371,-9.986878,3.698652,30.865841
50.612501,28.855654,-10.031279,4.408748,30.866039
50.625001,28.760081,-10.019819,5.018377,30.866214
50.637501,28.692027,-9.950052,5.522313,30.866355
50.650001,28.658306,-9.819837,5.916956,30.866455
50.662501,28.663806,-9.627287,6.200229,30.866507
50.675001,28.711231,-9.370752,6.371469,30.866509
50.687501,28.800945,-9.048849,6.431344,30.866459
50.700001,28.93095,-8.660545,6.381799,30.866361
50.712501,29.096965,-8.205281,6.226038,30.86622
50.725001,29.29264,-7.683128,5.968537,30.866043
50.737501,29.509871,-7.094966,5.615078,30.865841
50.750001,29.739218,-6.442663,5.17279,30.865624
50.762501,29.970402,-5.729235,4.650173,30.865405
50.775001,30.192863,-4.958967,4.057097,30.865196
50.787501,30.396345,-4.137478,3.404746,30.865009
50.800001,30.571479,-3.271712,2.705503,30.864854
50.812501,30.710325,-2.369862,1.972765,30.864739
50.825001,30.806829,-1.441207,1.220704,30.864671
50.837501,30.857182,-0.495886,0.463961,30.864654
50.850001,30.860034,0.455381,-0.282691,30.864688
50.862501,30.816558,1.401603,-1.004694,30.864772
50.875001,30.730361,2.331838,-1.688055,30.8649
50.887501,30.607239,3.235495,-2.319654,30.865066
50.900001,30.454806,4.102593,-2.887507,30.865259
50.912501,30.28202,4.92397,-3.380963,30.865468
50.925001,30.098631,5.691427,-3.790837,30.865682
50.937501,29.914605,6.397796,-4.109466,30.865889
50.950001,29.739548,7.036954,-4.330726,30.866076
50.962501,29.582165,7.603781,-4.449985,30.866233
50.975001,29.44978,8.094089,-4.464057,30.866351
50.987501,29.347952,8.50453,-4.371128,30.866423
51.000001,29.280186,8.83252,-4.170702,30.866445
51.012501,29.247762,9.07617,-3.863574,30.866417
51.025001,29.249685,9.234269,-3.451815,30.866338
51.037501,29.28275,9.306301,-2.938794,30.866215
51.050001,29.341733,9.29251,-2.329216,30.866054
51.062501,29.419681,9.194005,-1.629158,30.865864
51.075001,29.508314,9.012892,-0.846097,30.865656
51.087501,29.598488,8.752419,0.011096,30.865441
51.100001,29.680731,8.417114,0.932213,30.865233
51.112501,29.745793,8.012894,1.905831,30.865043
51.125001,29.785204,7.547122,2.919499,30.864882
51.137501,29.791782,7.028611,3.96001,30.864759
51.150001,29.760075,6.467543,5.013719,30.864681
51.162501,29.686695,5.875325,6.066917,30.864653
51.175001,29.570531,5.264371,7.106221,30.864677
51.187501,29.412805,4.647824,8.118958,30.864751
51.200001,29.216997,4.039242,9.093509,30.864871
51.212501,28.988613,3.452267,10.019596,30.865031
51.225001,28.734843,2.900296,10.88848,30.865222
51.237501,28.46411,2.396173,11.693065,30.865433
51.250001,28.185558,1.951918,12.427906,30.865652
51.262501,27.908512,1.578504,13.089121,30.865868
51.275001,27.641936,1.285684,13.674227,30.866067
51.287501,27.393931,1.081854,14.181923,30.86624
51.300001,27.171286,0.973964,14.611838,30.866376
51.312501,26.979125,0.967444,14.964282,30.866468
51.325001,26.82064,1.066152,15.240018,30.866512
51.337501,26.696937,1.272319,15.440071,30.866504
51.350001,26.606996,1.586495,15.56561,30.866445
51.362501,26.547736,2.007494,15.617894,30.86634
51.375001,26.514197,2.532336,15.598287,30.866194
51.387501,26.499819,3.156207,15.508349,30.866015
51.400001,26.496811,3.872439,15.349977,30.865815
51.412501,26.496595,4.672536,15.12559,30.865605
51.425001,26.490299,5.546256,14.838322,30.865397
51.437501,26.469285,6.481761,14.492222,30.865203
51.450001,26.42566,7.46585,14.092406,30.865034
51.462501,26.352773,8.484254,13.645177,30.864901
51.475001,26.245632,9.522013,13.15806,30.86481
51.487501,26.101235,10.563886,12.639769,30.864768
51.500001,25.918782,11.594786,12.100089,30.864777
51.512501,25.699759,12.60021,11.549686,30.864837
51.525001,25.447883,13.566625,10.999849,30.864944
51.537501,25.168917,14.481789,10.46219,30.865093
51.550001,24.870361,15.334974,9.948315,30.865276
51.562501,24.561063,16.117097,9.469496,30.865482
51.575001,24.250745,16.820736,9.036351,30.8657
51.587501,23.949512,17.440045,8.658557,30.865918
51.600001,23.66734,17.97059,8.344608,30.866124
51.612501,23.4136,18.409128,8.101614,30.866305
51.625001,23.196618,18.753352,7.935152,30.866453
51.637501,23.023308,19.001646,7.849154,30.866559
51.650001,22.898878,19.152863,7.845843,30.866617
51.662501,22.826623,19.206173,7.925695,30.866623
51.675001,22.807809,19.160973,8.087435,30.866579
51.687501,22.841646,19.016901,8.328061,30.866485
51.700001,22.925352,18.773922,8.642892,30.866349
51.712501,23.05431,18.432506,9.025655,30.866177
51.725001,23.222297,17.993865,9.468605,30.86598
51.737501,23.4218,17.460232,9.962694,30.865769
51.750001,23.644383,16.835149,10.497782,30.865555
51.762501,23.881111,16.123729,11.062905,30.865352
51.775001,24.122998,15.33287,11.646578,30.86517
51.787501,24.361459,14.471387,12.237145,30.86502
51.800001,24.588745,13.550032,12.823143,30.864911
51.812501,24.798318,12.581414,13.393667,30.864849
51.825001,24.985168,11.579792,13.938721,30.864837
51.837501,25.146019,10.56077,14.449513,30.864876
51.850001,25.27943,9.540913,14.918692,30.864964
51.862501,25.385778,8.537295,15.340501,30.865095
51.875001,25.467121,7.567035,15.71083,30.865263
51.887501,25.526957,6.646834,16.027182,30.865458
51.900001,25.56989,5.792551,16.288541,30.865668
51.912501,25.601237,5.018835,16.49517,30.865882
51.925001,25.626599,4.338827,16.648344,30.866088
51.937501,25.651414,3.763936,16.75006,30.866273
51.950001,25.680543,3.303684,16.802729,30.866427
51.962501,25.717891,2.965609,16.808884,30.866541
51.975001,25.766104,2.75521,16.770935,30.866609
51.987501,25.826339,2.675919,16.690965,30.866626
52.000001,25.89814,2.729089,16.570604,30.866592
52.012501,25.979415,2.913983,16.410972,30.866508
52.025001,26.066516,3.227768,16.2127,30.866379
52.037501,26.154427,3.665509,15.976015,30.866212
52.050001,26.237055,4.220187,15.700891,30.866017
52.062501,26.307594,4.88273,15.387243,30.865803
52.075001,26.358969,5.642107,15.035147,30.865584
52.087501,26.384308,6.485469,14.645069,30.86537
52.100001,26.377445,7.398362,14.218075,30.865175
52.112501,26.333387,8.365023,13.756014,30.865009
52.125001,26.248743,9.368742,13.261639,30.864881
52.137501,26.122069,10.392278,12.738675,30.864799
52.150001,25.954102,11.418327,12.191808,30.864766
52.162501,25.747868,12.429982,11.626597,30.864784
52.175001,25.508658,13.411178,11.049334,30.864853
52.187501,25.243866,14.347086,10.466831,30.864967
52.200001,24.962696,15.224418,9.886181,30.86512
52.212501,24.675777,16.031633,9.314491,30.865304
52.225001,24.394692,16.759032,8.758616,30.865507
52.237501,24.131457,17.39874,8.224911,30.865718
52.250001,23.897987,17.944593,7.719007,30.865924
52.262501,23.705573,18.391941,7.24564,30.866114
52.275001,23.564392,18.73741,6.808515,30.866276
52.287501,23.483077,18.978641,6.410226,30.866401
52.300001,23.468349,19.114048,6.052228,30.866482
52.312501,23.524742,19.142619,5.734837,30.866514
52.325001,23.654401,19.063785,5.45728,30.866495
52.337501,23.856989,18.877372,5.21777,30.866425
52.350001,24.129669,18.583646,5.013603,30.866309
52.362501,24.4672,18.183441,4.841275,30.866152
52.375001,24.862121,17.678361,4.696617,30.865964
52.387501,25.305034,17.071029,4.574933,30.865754
52.400001,25.784972,16.365368,4.471154,30.865535
52.412501,26.289857,15.566856,4.379993,30.865319
52.425001,26.807009,14.682754,4.296101,30.865117
52.437501,27.323706,13.722246,4.214224,30.864942
52.450001,27.827749,12.69649,4.129347,30.864802
52.462501,28.30801,11.618548,4.036827,30.864706
52.475001,28.754915,10.503205,3.93251,30.864658
52.487501,29.160851,9.366672,3.812815,30.864662
52.500001,29.520438,8.226197,3.6748,30.864717
52.512501,29.830671,7.099619,3.516186,30.864819
52.525001,30.090909,6.004879,3.33536,30.864964
52.537501,30.302716,4.959542,3.131343,30.865141
52.550001,30.469566,3.98035,2.903742,30.865342
52.562501,30.596437,3.082831,2.652677,30.865555
52.575001,30.689322,2.280987,2.37871,30.865768
52.587501,30.754696,1.587066,2.082761,30.865968
52.600001,30.798977,1.011404,1.766044,30.866144
52.612501,30.828014,0.562346,1.43,30.866286
52.625001,30.846634,0.246206,1.076261,30.866386
52.637501,30.858276,0.06727,0.706619,30.866438
52.650001,30.864737,0.027801,0.323017,30.86644
52.662501,30.86604,0.128055,-0.072453,30.866391
52.675001,30.860426,0.366276,-0.477539,30.866294
52.687501,30.844481,0.738692,-0.889827,30.866154
52.700001,30.813387,1.239499,-1.306735,30.86598
52.712501,30.761277,1.860863,-1.725531,30.865781
52.725001,30.681688,2.592943,-2.143365,30.865569
52.737501,30.568068,3.423958,-2.557322,30.865356
52.750001,30.414322,4.340328,-2.964506,30.865153
52.762501,30.215344,5.32688,-3.362132,30.864974
52.775001,29.96752,6.367138,-3.747648,30.864827
52.787501,29.669135,7.44369,-4.118854,30.864722
52.800001,29.320684,8.538619,-4.474031,30.864664
52.812501,28.925041,9.633965,-4.812045,30.864657
52.825001,28.48748,10.712203,-5.132443,30.864701
52.837501,28.015547,11.756698,-5.435508,30.864794
52.850001,27.518786,12.752093,-5.722285,30.864932
52.862501,27.008349,13.684628,-5.994562,30.865106
52.875001,26.496507,14.542339,-6.254807,30.865306
52.887501,25.996101,15.315161,-6.506073,30.865522
52.900001,25.519976,15.994909,-6.751865,30.865741
52.912501,25.080412,16.575166,-6.995981,30.865951
52.925001,24.688607,17.051099,-7.242332,30.866141
52.937501,24.35421,17.419226,-7.494764,30.8663
52.950001,24.08494,17.677177,-7.756861,30.866419
52.962501,23.886293,17.823463,-8.03178,30.866492
52.975001,23.761345,17.857302,-8.322077,30.866515
52.987501,23.710653,17.778504,-8.629581,30.866486
53.000001,23.732251,17.587449,-8.955279,30.866408
53.012501,23.821749,17.285132,-9.299249,30.866285
53.025001,23.972516,16.873305,-9.660627,30.866125
53.037501,24.175959,16.354664,-10.037628,30.865936
53.050001,24.421882,15.73309,-10.427604,30.865731
53.062501,24.698916,15.013881,-10.827154,30.86552
53.075001,24.995013,14.203978,-11.232278,30.865316
53.087501,25.29797,13.312126,-11.63857,30.865131
53.100001,25.595976,12.348953,-12.041432,30.864975
53.112501,25.878136,11.326952,-12.436306,30.864858
53.125001,26.134956,10.260349,-12.818907,30.864787
53.137501,26.358747,9.164859,-13.185429,30.864765
53.150001,26.543925,8.057345,-13.532731,30.864795
53.162501,26.687189,6.955402,-13.858457,30.864875
53.175001,26.787558,5.876896,-14.161111,30.865
53.187501,26.846275,4.839487,-14.440057,30.865164
53.200001,26.866574,3.860175,-14.69546,30.865357
53.212501,26.853341,2.954889,-14.928164,30.86557
53.225001,26.812691,2.138153,-15.139514,30.865789
53.237501,26.75148,1.422817,-15.331147,30.866004
53.250001,26.676815,0.819887,-15.504764,30.866201
53.262501,26.595555,0.338409,-15.661887,30.86637
53.275001,26.513872,-0.014573,-15.803648,30.866502
53.287501,26.436861,-0.234024,-15.930596,30.866588
53.300001,26.368249,-0.316911,-16.042555,30.866626
53.312501,26.310197,-0.262175,-16.138541,30.866611
53.325001,26.263205,-0.070729,-16.216743,30.866547
53.337501,26.226138,0.254549,-16.274572,30.866435
53.350001,26.196346,0.708805,-16.308787,30.866283
53.362501,26.169889,1.285196,-16.315677,30.8661
53.375001,26.141853,1.974904,-16.291311,30.865896
53.387501,26.106725,2.767172,-16.231821,30.865682
53.400001,26.058824,3.649402,-16.133718,30.865471
53.412501,25.992751,4.607317,-15.994209,30.865275
53.425001,25.90383,5.625202,-15.811496,30.865105
53.437501,25.788514,6.686228,-15.585034,30.864971
53.450001,25.64473,7.772839,-15.315731,30.86488
53.462501,25.472124,8.8672,-15.006062,30.864838
53.475001,25.272206,9.951667,-14.660104,30.864846
53.487501,25.048377,11.009254,-14.28347,30.864906
53.500001,24.805823,12.024058,-13.88316,30.865012
53.512501,24.551305,12.981626,-13.467327,30.86516
53.525001,24.292844,13.869211,-13.044996,30.86534
53.537501,24.039334,14.675942,-12.625722,30.865542
53.550001,23.800099,15.392859,-12.219249,30.865755
53.562501,23.584427,16.012861,-11.83516,30.865967
53.575001,23.401116,16.530553,-11.482542,30.866166
53.587501,23.258035,16.942035,-11.169698,30.866339
53.600001,23.161743,17.24466,-10.90389,30.866478
53.612501,23.117171,17.436787,-10.691131,30.866574
53.625001,23.127372,17.517566,-10.53603,30.866622
53.637501,23.193365,17.486778,-10.441674,30.866619
53.650001,23.314062,17.344745,-10.409569,30.866564
53.662501,23.486283,17.092327,-10.439602,30.866461
53.675001,23.704871,16.730996,-10.530067,30.866316
53.687501,23.962895,16.262981,-10.677709,30.866136
53.700001,24.251938,15.691469,-10.877824,30.865932
53.712501,24.562469,15.02083,-11.124392,30.865714
53.725001,24.884279,14.25684,-11.410258,30.865496
53.737501,25.206968,13.406868,-11.727348,30.865289
53.750001,25.520456,12.480001,-12.066921,30.865104
53.762501,25.815493,11.48708,-12.419848,30.864952
53.775001,26.084139,10.440634,-12.776907,30.864842
53.787501,26.320175,9.354707,-13.12907,30.864779
53.800001,26.519423,8.244577,-13.467777,30.864767
53.812501,26.67995,7.126394,-13.785175,30.864806
53.825001,26.802137,6.01676,-14.074293,30.864894
53.837501,26.888612,4.932265,-14.329168,30.865025
53.850001,26.944047,3.889047,-14.544886,30.865192
53.862501,26.974832,2.902363,-14.717564,30.865384
53.875001,26.988661,1.986238,-14.844251,30.865592
53.887501,26.99404,1.153174,-14.922793,30.865803
53.900001,26.999763,0.41395,-14.951642,30.866003
53.912501,27.014383,-0.222498,-14.929665,30.866183
53.925001,27.045706,-0.749126,-14.855943,30.866332
53.937501,27.10034,-1.160782,-14.729606,30.86644
53.950001,27.183316,-1.454159,-14.549697,30.866502
53.962501,27.297798,-1.627744,-14.315107,30.866513
53.975001,27.4449,-1.681757,-14.024561,30.866473
53.987501,27.623607,-1.618105,-13.676685,30.866384
54.000001,27.830818,-1.44035,-13.270129,30.86625
54.012501,28.061501,-1.153692,-12.803751,30.866079
54.025001,28.308951,-0.764951,-12.276839,30.865881
54.037501,28.565159,-0.282546,-11.689364,30.865666
54.050001,28.821254,0.28355,-11.042225,30.865447
54.062501,29.068014,0.9219,-10.337474,30.865235
54.075001,29.296411,1.619746,-9.578495,30.865043
54.087501,29.498156,2.363207,-8.770114,30.86488
54.100001,29.666214,3.137545,-7.918636,30.864757
54.112501,29.795256,3.927488,-7.031786,30.86468
54.125001,29.882008,4.717583,-6.118565,30.864653
54.137501,29.925473,5.492578,-5.189029,30.864678
54.150001,29.927016,6.237796,-4.254009,30.864753
54.162501,29.890298,6.939476,-3.324783,30.864873
54.175001,29.821062,7.585063,-2.412742,30.865032
54.187501,29.726795,8.163424,-1.529063,30.865221
54.200001,29.616284,8.664985,-0.684408,30.865428
54.212501,29.499096,9.081786,0.111312,30.865642
54.225001,29.385023,9.407453,0.84913,30.865851
54.237501,29.283521,9.637121,1.521146,30.866043
54.250001,29.203177,9.767306,2.12059,30.866206
54.262501,29.151229,9.795764,2.641844,30.866332
54.275001,29.133172,9.721354,3.080431,30.866413
54.287501,29.152455,9.543922,3.43298,30.866445
54.300001,29.210289,9.264233,3.697201,30.866426
54.312501,29.305568,8.883938,3.871866,30.866357
54.325001,29.434918,8.405602,3.95681,30.866242
54.337501,29.592858,7.832764,3.952958,30.866087
54.350001,29.772078,7.170031,3.862374,30.865902
54.362501,29.963817,6.423174,3.688319,30.865696
54.375001,30.158339,5.599217,3.435311,30.865482
54.387501,30.345461,4.706487,3.109174,30.865272
54.400001,30.515137,3.754604,2.717051,30.865077
54.412501,30.658031,2.754412,2.267379,30.86491
54.425001,30.766077,1.717815,1.769808,30.864779
54.437501,30.832961,0.65755,1.235063,30.864692
54.450001,30.854513,-0.41312,0.67475,30.864655
54.462501,30.828963,-1.480748,0.101113,30.864669
54.475001,30.757054,-2.532086,-0.473237,30.864733
54.487501,30.641998,-3.554449,-1.035619,30.864845
54.500001,30.48928,-4.536059,-1.573568,30.864998
54.512501,30.306317,-5.466325,-2.075103,30.865184
54.525001,30.102015,-6.336052,-2.528954,30.865392
54.537501,29.886234,-7.137559,-2.924755,30.865611
54.550001,29.669217,-7.864718,-3.253169,30.865828
54.562501,29.461,-8.5129,-3.505981,30.866032
54.575001,29.270858,-9.078865,-3.676142,30.86621
54.587501,29.106797,-9.560605,-3.75779,30.866354
54.600001,28.975137,-9.957159,-3.746257,30.866455
54.612501,28.880181,-10.268437,-3.638077,30.866507
54.625001,28.824007,-10.495056,-3.43101,30.866509
54.637501,28.806367,-10.638221,-3.124078,30.86646
54.650001,28.824716,-10.699653,-2.717637,30.866363
54.662501,28.874357,-10.681568,-2.213455,30.866224
54.675001,28.948698,-10.586708,-1.614807,30.866051
54.687501,29.039614,-10.418412,-0.926557,30.865855
54.700001,29.137897,-10.180713,-0.155219,30.865645
54.712501,29.23378,-9.878447,0.691025,30.865436
54.725001,29.317492,-9.517351,1.602374,30.865238
54.737501,29.379838,-9.104127,2.567524,30.865064
54.750001,29.412745,-8.64647,3.573863,30.864923
54.762501,29.409762,-8.153028,4.607753,30.864824
54.775001,29.366464,-7.633315,5.654863,30.864772
54.787501,29.280737,-7.097545,6.700555,30.864771
54.800001,29.152926,-6.556425,7.73029,30.864822
54.812501,28.985836,-6.020909,8.730022,30.86492
54.825001,28.784574,-5.501917,9.686552,30.865062
54.837501,28.556266,-5.010058,10.587823,30.865239
54.850001,28.309652,-4.555367,11.423123,30.865442
54.862501,28.054594,-4.147062,12.183206,30.865659
54.875001,27.801535,-3.793349,12.860309,30.865878
54.887501,27.560935,-3.501258,13.448098,30.866086
54.900001,27.342728,-3.276539,13.941535,30.866274
54.912501,27.155814,-3.123584,14.336715,30.866428
54.925001,27.00763,-3.045394,14.630686,30.866543
54.937501,26.903792,-3.043562,14.821279,30.86661
54.950001,26.847845,-3.118283,14.906983,30.866626
54.962501,26.841115,-3.268364,14.886867,30.866591
54.975001,26.882665,-3.491255,14.760579,30.866507
54.987501,26.969368,-3.783077,14.528415,30.866378
55.000001,27.096073,-4.138675,14.19145,30.866212
55.012501,27.255887,-4.551677,13.751728,30.866019
55.025001,27.440529,-5.014595,13.212472,30.865809
55.037501,27.640772,-5.518951,12.578311,30.865595
55.050001,27.846931,-6.055441,11.855475,30.865389
55.062501,28.049392,-6.614154,11.051937,30.865202
55.075001,28.239129,-7.184816,10.177477,30.865046
55.087501,28.40821,-7.757071,9.243659,30.864928
55.100001,28.550225,-8.320778,8.263696,30.864857
55.112501,28.660634,-8.86631,7.252216,30.864835
55.125001,28.736997,-9.384828,6.224941,30.864865
55.137501,28.779068,-9.86852,5.1983,30.864944
55.150001,28.788758,-10.310779,4.188995,30.865067
55.162501,28.769952,-10.706317,3.213566,30.865229
55.175001,28.728214,-11.0512,2.287971,30.86542
55.187501,28.670381,-11.342809,1.427217,30.865628
55.200001,28.604091,-11.579728,0.645048,30.865842
55.212501,28.537274,-11.761585,-0.046282,30.86605
55.225001,28.477629,-11.888847,-0.636169,30.86624
55.237501,28.432128,-11.962602,-1.115752,30.8664
55.250001,28.406576,-11.984337,-1.477951,30.866523
55.262501,28.405237,-11.955743,-1.717468,30.8666
55.275001,28.430563,-11.878552,-1.830785,30.866627
55.287501,28.48302,-11.754418,-1.816145,30.866603
55.300001,28.561035,-11.584863,-1.67356,30.866528
55.312501,28.661052,-11.371264,-1.404829,30.866407
55.325001,28.777712,-11.114906,-1.01357,30.866247
55.337501,28.904138,-10.817066,-0.505259,30.866056
55.350001,29.032317,-10.479134,0.112739,30.865845
55.362501,29.153565,-10.102755,0.831173,30.865625
55.375001,29.25905,-9.689961,1.63895,30.86541
55.387501,29.340346,-9.243295,2.523252,30.86521
55.400001,29.389974,-8.765901,3.469723,30.865038
55.412501,29.401916,-8.26157,4.462735,30.864902
55.425001,29.372048,-7.734736,5.485729,30.864811
55.437501,29.298468,-7.190421,6.521623,30.864768
55.450001,29.181697,-6.634123,7.553239,30.864777
55.462501,29.024732,-6.071669,8.563753,30.864836
55.475001,28.832946,-5.509026,9.537112,30.864942
55.487501,28.613847,-4.952106,10.4584,30.865089
55.500001,28.376708,-4.40656,11.314124,30.865267
55.512501,28.132099,-3.877594,12.092409,30.865468
55.525001,27.891344,-3.369803,12.783092,30.865678
55.537501,27.665948,-2.887045,13.377712,30.865886
55.550001,27.467023,-2.432359,13.869433,30.86608
55.562501,27.304735,-2.007919,14.252893,30.866248
55.575001,27.18782,-1.615036,14.524035,30.866381
55.587501,27.123163,-1.254185,14.679921,30.866471
55.600001,27.115477,-0.925068,14.718585,30.866512
55.612501,27.167077,-0.626697,14.638927,30.866503
55.625001,27.277768,-0.35748,14.440667,30.866442
55.637501,27.444838,-0.11532,14.124382,30.866334
55.650001,27.663169,0.102285,13.691602,30.866185
55.662501,27.925453,0.298159,13.144971,30.866002
55.675001,28.222516,0.475356,12.488434,30.865795
55.687501,28.543735,0.63709,11.727453,30.865577
55.700001,28.87754,0.786667,10.869188,30.86536
55.712501,29.211965,0.927422,9.922636,30.865154
55.725001,29.53524,1.062674,8.898699,30.864973
55.737501,29.836378,1.195677,7.810145,30.864826
55.750001,30.105725,1.329577,6.671469,30.86472
55.762501,30.335443,1.467384,5.498648,30.864663
55.775001,30.51988,1.611936,4.308792,30.864657
55.787501,30.655813,1.765874,3.119729,30.864703
55.800001,30.74254,1.931624,1.949539,30.864797
55.812501,30.781817,2.111371,0.816079,30.864934
55.825001,30.777636,2.307047,-0.263469,30.865106
55.837501,30.735882,2.520311,-1.273003,30.865303
55.850001,30.663873,2.752536,-2.197822,30.865515
55.862501,30.569832,3.004785,-3.024872,30.865728
55.875001,30.462315,3.277789,-3.742889,30.865932
55.887501,30.34965,3.57192,-4.342472,30.866113
55.900001,30.239403,3.887156,-4.816086,30.866262
55.912501,30.137909,4.223045,-5.158021,30.866371
55.925001,30.049899,4.578671,-5.364329,30.866433
55.937501,29.978225,4.952613,-5.432772,30.866444
55.950001,29.923714,5.342927,-5.362775,30.866404
55.962501,29.885139,5.747129,-5.155427,30.866316
55.975001,29.859315,6.16221,-4.813499,30.866184
55.987501,29.841322,6.584666,-4.341497,30.866015
56.000001,29.824825,7.010574,-3.745731,30.86582
56.012501,29.802499,7.435692,-3.034372,30.86561
56.025001,29.766508,7.8556,-2.217479,30.865396
56.037501,29.709043,8.265868,-1.306978,30.865191
56.050001,29.622858,8.662256,-0.316566,30.865006
56.062501,29.50179,9.040917,0.738469,30.864852
56.075001,29.341216,9.398613,1.841519,30.864739
56.087501,29.138426,9.732902,2.975009,30.864671
56.100001,28.892869,10.042307,4.120814,30.864654
56.112501,28.606269,10.326434,5.26072,30.864689
56.125001,28.282598,10.586034,6.376893,30.864773
56.137501,27.9279,10.823009,7.452324,30.864903
56.150001,27.549987,11.040347,8.471218,30.865071
56.162501,27.158037,11.241996,9.419302,30.865267
56.175001,26.762102,11.432689,10.284035,30.86548
56.187501,26.372585,11.617718,11.054718,30.8657
56.200001,25.999699,11.802681,11.722498,30.865913
56.212501,25.652951,11.993213,12.280291,30.866108
56.225001,25.340677,12.194713,12.722653,30.866273
56.237501,25.069645,12.412083,13.045604,30.8664
56.250001,24.844747,12.649486,13.246462,30.866482
56.262501,24.668788,12.910144,13.323693,30.866515
56.275001,24.542371,13.196168,13.276811,30.866495
56.287501,24.463894,13.508446,13.106337,30.866426
56.300001,24.429642,13.846577,12.813825,30.866312
56.312501,24.433981,14.208869,12.401949,30.866158
56.325001,24.469639,14.592397,11.87464,30.865974
56.337501,24.528072,14.993125,11.237245,30.865771
56.350001,24.599892,15.406087,10.496695,30.86556
56.362501,24.675344,15.825618,9.66164,30.865354
56.375001,24.744816,16.245637,8.742525,30.865164
56.387501,24.79934,16.65995,7.751594,30.865002
56.400001,24.831066,17.062573,6.702795,30.864878
56.412501,24.833685,17.448038,5.611576,30.864797
56.425001,24.802755,17.811672,4.494599,30.864766
56.437501,24.735931,18.149825,3.369357,30.864786
56.450001,24.633059,18.460022,2.253739,30.864856
56.462501,24.496151,18.74104,1.165577,30.864973
56.475001,24.329225,18.992897,0.122181,30.86513
56.487501,24.138039,19.216744,-0.86007,30.865319
56.500001,23.929723,19.41469,-1.766089,30.865529
56.512501,23.712347,19.58955,-2.582353,30.865748
56.525001,23.494457,19.744555,-3.297089,30.865964
56.537501,23.284593,19.883032,-3.900377,30.866166
56.550001,23.090836,20.00808,-4.384179,30.866341
56.562501,22.920391,20.12227,-4.742316,30.86648
56.575001,22.779234,20.227385,-4.970404,30.866576
56.587501,22.671843,20.324214,-5.065794,30.866623
56.600001,22.601001,20.412424,-5.027509,30.866618
56.612501,22.5677,20.490505,-4.856214,30.866563
56.625001,22.571134,20.555812,-4.554214,30.86646
56.637501,22.608776,20.604685,-4.12548,30.866315
56.650001,22.676552,20.632663,-3.575695,30.866137
56.662501,22.769081,20.634762,-2.912308,30.865936
56.675001,22.879992,20.605816,-2.144567,30.865723
56.687501,23.002291,20.54086,-1.283513,30.86551
56.700001,23.128764,20.435527,-0.341911,30.865311
56.712501,23.252395,20.286431,0.665887,30.865135
56.725001,23.366773,20.091515,1.724171,30.864993
56.737501,23.466465,19.850335,2.816182,30.864894
56.750001,23.547332,19.564253,3.924494,30.864842
56.762501,23.606755,19.23653,5.031445,30.864841
56.775001,23.643775,18.872309,6.11959,30.864891
56.787501,23.659113,18.478479,7.172148,30.864989
56.800001,23.655092,18.063451,8.173406,30.865129
56.812501,23.635443,17.636835,9.109052,30.865304
56.825001,23.605034,17.209067,9.966426,30.865503
56.837501,23.569517,16.790991,10.734657,30.865715
56.850001,23.534941,16.393432,11.404713,30.865928
56.862501,23.507336,16.026785,11.969347,30.86613
56.875001,23.49231,15.700634,12.422983,30.866309
56.887501,23.494664,15.423414,12.761549,30.866455
56.900001,23.518073,15.202133,12.982293,30.86656
56.912501,23.564821,15.042153,13.083612,30.866617
56.925001,23.635622,14.947039,13.06491,30.866624
56.937501,23.729526,14.918457,12.926519,30.866579
56.950001,23.843928,14.956145,12.669675,30.866485
56.962501,23.974665,15.057937,12.296557,30.866347
56.975001,24.11621,15.219843,11.810394,30.866173
56.987501,24.261958,15.436193,11.215594,30.865972
57.000001,24.404587,15.699828,10.517911,30.865756
57.012501,24.536474,16.002356,9.724578,30.865537
57.025001,24.650163,16.334441,8.844427,30.865327
57.037501,24.738833,16.686145,7.887926,30.865137
57.050001,24.796758,17.047288,6.867143,30.864978
57.062501,24.819718,17.407816,5.795612,30.86486
57.075001,24.805336,17.758156,4.688106,30.864788
57.087501,24.753312,18.08954,3.560318,30.864766
57.100001,24.66554,18.394271,2.428478,30.864795
57.112501,24.546095,18.665915,1.308923,30.864874
57.125001,24.401089,18.899405,0.217666,30.864997
57.137501,24.238412,19.091056,-0.830028,30.865158
57.150001,24.067365,19.238481,-1.82,30.865347
57.162501,23.898221,19.340437,-2.739501,30.865552
57.175001,23.741733,19.39659,-3.577395,30.865763
57.187501,23.608624,19.40725,-4.324283,30.865967
57.200001,23.509084,19.373077,-4.972543,30.866152
57.212501,23.452297,19.294796,-5.516295,30.866307
57.225001,23.446023,19.172945,-5.951326,30.866423
57.237501,23.496248,19.007666,-6.274984,30.866494
57.250001,23.606907,18.798579,-6.486069,30.866515
57.262501,23.779703,18.544724,-6.584739,30.866484
57.275001,24.014011,18.244594,-6.572443,30.866404
57.287501,24.306879,17.896254,-6.451891,30.866279
57.300001,24.653135,17.497533,-6.227062,30.866114
57.312501,25.045582,17.046283,-5.903228,30.865921
57.325001,25.475294,16.540681,-5.487001,30.865708
57.337501,25.931998,15.979549,-4.986369,30.865488
57.350001,26.404529,15.362672,-4.410707,30.865274
57.362501,26.881342,14.691083,-3.770747,30.865077
57.375001,27.351058,13.967288,-3.078487,30.864909
57.387501,27.803002,13.195415,-2.347038,30.864778
57.400001,28.227719,12.381265,-1.590395,30.864691
57.412501,28.617411,11.532265,-0.823162,30.864655
57.425001,28.966285,10.657323,-0.060218,30.86467
57.437501,29.270775,9.76659,0.683632,30.864735
57.450001,29.529615,8.871152,1.394014,30.864847
57.462501,29.74378,7.982684,2.05731,30.865
57.475001,29.916269,7.113072,2.660948,30.865184
57.487501,30.051776,6.274046,3.19363,30.865388
57.500001,30.156259,5.47685,3.645486,30.865602
57.512501,30.23643,4.731944,4.008168,30.865813
57.525001,30.29923,4.048776,4.274877,30.866009
57.537501,30.351292,3.435606,4.44034,30.866178
57.550001,30.398452,2.899387,4.500765,30.866312
57.562501,30.445316,2.445704,4.453769,30.866402
57.575001,30.494928,2.07873,4.298322,30.866443
57.587501,30.548543,1.801225,4.034703,30.866434
57.600001,30.605521,1.614537,3.664481,30.866374
57.612501,30.663347,1.518603,3.190527,30.866267
57.625001,30.717786,1.511961,2.617043,30.866119
57.637501,30.763153,1.591746,1.949603,30.865939
57.650001,30.792689,1.75371,1.195186,30.865736
57.662501,30.799032,1.992231,0.36219,30.865523
57.675001,30.774739,2.300368,-0.539611,30.865311
57.687501,30.712851,2.669931,-1.499153,30.865113
57.700001,30.607437,3.091598,-2.504255,30.86494
57.712501,30.454108,3.555075,-3.541851,30.864801
57.725001,30.250435,4.049305,-4.598297,30.864706
57.737501,29.996272,4.562701,-5.659732,30.864658
57.750001,29.693923,5.08342,-6.712462,30.864662
57.762501,29.348174,5.599634,-7.743356,30.864718
57.775001,28.966157,6.099804,-8.740212,30.864821
57.787501,28.557078,6.572919,-9.69207,30.864967
57.800001,28.131814,7.008704,-10.589449,30.865147
57.812501,27.702416,7.39777,-11.424495,30.865352
57.825001,27.281553,7.731709,-12.191019,30.865569
57.837501,26.881919,8.003138,-12.884452,30.865788
57.850001,26.51566,8.205689,-13.501707,30.865995
57.862501,26.193832,8.333972,-14.040978,30.866179
57.875001,25.925923,8.383511,-14.501503,30.86633
57.887501,25.719455,8.350685,-14.883305,30.866439
57.900001,25.579684,8.232681,-15.186957,30.866502
57.912501,25.509392,8.027479,-15.413374,30.866513
57.925001,25.508796,7.73387,-15.563668,30.866473
57.937501,25.575544,7.351524,-15.639066,30.866385
57.950001,25.704833,6.881087,-15.640902,30.866254
57.962501,25.889616,6.324314,-15.570682,30.866087
57.975001,26.120907,5.68421,-15.43021,30.865893
57.987501,26.388177,4.965167,-15.221754,30.865686
58.000001,26.679823,4.173076,-14.948247,30.865475
58.012501,26.983693,3.315384,-14.613477,30.865275
58.025001,27.28765,2.401093,-14.22227,30.865095
58.037501,27.58014,1.440669,-13.780613,30.864947
58.050001,27.850731,0.445881,-13.295724,30.864839
58.062501,28.090603,-0.57045,-12.776039,30.864778
58.075001,28.292935,-1.59476,-12.231127,30.864768
58.087501,28.453186,-2.613106,-11.671515,30.864809
58.100001,28.569231,-3.61154,-11.108454,30.864899
58.112501,28.641352,-4.576481,-10.553626,30.865033
58.125001,28.672084,-5.495053,-10.018822,30.865204
58.137501,28.665933,-6.355361,-9.515604,30.865402
58.150001,28.628977,-7.146695,-9.054985,30.865617
58.162501,28.568391,-7.859656,-8.647122,30.865837
58.175001,28.491924,-8.486202,-8.301061,30.866049
58.187501,28.407365,-9.01962,-8.024517,30.866241
58.200001,28.322032,-9.454463,-7.823709,30.866402
58.212501,28.242309,-9.78644,-7.703241,30.866525
58.225001,28.173265,-10.012315,-7.666014,30.866601
58.237501,28.118361,-10.129818,-7.713188,30.866627
58.250001,28.079272,-10.137589,-7.844163,30.866602
58.262501,28.055821,-10.035175,-8.05659,30.866527
58.275001,28.046025,-9.823075,-8.346417,30.866406
58.287501,28.046264,-9.502836,-8.707948,30.866246
58.300001,28.051541,-9.077186,-9.133961,30.866058
58.312501,28.055848,-8.550186,-9.615842,30.86585
58.325001,28.052589,-7.92738,-10.143787,30.865636
58.337501,28.035057,-7.215918,-10.707041,30.865427
58.350001,27.996933,-6.424624,-11.294191,30.865236
58.362501,27.932767,-5.564,-11.893493,30.865073
58.375001,27.838417,-4.646133,-12.493236,30.864948
58.387501,27.711416,-3.684523,-13.082114,30.864867
58.400001,27.551232,-2.693815,-13.64958,30.864836
58.412501,27.359412,-1.689469,-14.186175,30.864855
58.425001,27.139592,-0.687373,-14.68379,30.864925
58.437501,26.897371,0.296567,-15.135859,30.865041
58.450001,26.640068,1.246825,-15.537456,30.865196
58.462501,26.376365,2.148623,-15.885295,30.865382
58.475001,26.115871,2.988243,-16.177645,30.865588
58.487501,25.868638,3.753265,-16.41415,30.865802
58.500001,25.64465,4.432725,-16.595589,30.866012
58.512501,25.453323,5.017207,-16.723595,30.866206
58.525001,25.303037,5.498861,-16.800352,30.866373
58.537501,25.200724,5.871379,-16.828292,30.866503
58.550001,25.151531,6.12995,-16.809834,30.866589
58.562501,25.158564,6.2712,-16.747158,30.866626
58.575001,25.222727,6.293158,-16.642053,30.866612
58.587501,25.342656,6.195243,-16.49583,30.866546
58.600001,25.514762,5.978285,-16.309315,30.866434
58.612501,25.733361,5.644584,-16.082912,30.86628
58.625001,25.990917,5.197989,-15.816729,30.866094
58.637501,26.278368,4.643988,-15.510759,30.865886
58.650001,26.585538,3.989793,-15.165095,30.865667
58.662501,26.901619,3.244379,-14.780152,30.86545
58.675001,27.215696,2.418483,-14.35689,30.865247
58.687501,27.517295,1.524522,-13.897007,30.865069
58.700001,27.796921,0.576434,-13.40308,30.864925
58.712501,28.046553,-0.41057,-12.878654,30.864825
58.725001,28.260061,-1.420329,-12.328252,30.864773
58.737501,28.433518,-2.436111,-11.757318,30.864772
58.750001,28.565382,-3.441035,-11.172082,30.864821
58.762501,28.656535,-4.418491,-10.579373,30.864919
58.775001,28.710175,-5.352549,-9.986386,30.865058
58.787501,28.731568,-6.228303,-9.400412,30.865232
58.800001,28.727682,-7.032158,-8.828574,30.865429
58.812501,28.70672,-7.752018,-8.277565,30.865638
58.825001,28.677592,-8.377399,-7.753417,30.865847
58.837501,28.649362,-8.899452,-7.261303,30.866045
58.850001,28.630694,-9.310929,-6.805398,30.866219
58.862501,28.629332,-9.606094,-6.388773,30.866359
58.875001,28.651652,-9.780627,-6.013351,30.866458
58.887501,28.702285,-9.831526,-5.679901,30.866509
58.900001,28.783855,-9.757036,-5.388071,30.866509
58.912501,28.896816,-9.556627,-5.136452,30.866458
58.925001,29.039418,-9.231014,-4.922669,30.866359
58.937501,29.207789,-8.782235,-4.743493,30.866216
58.950001,29.396135,-8.213764,-4.594961,30.866039
58.962501,29.597057,-7.530647,-4.472516,30.865836
58.975001,29.801958,-6.739642,-4.371155,30.865619
58.987501,30.001537,-5.849322,-4.285574,30.8654
59.000001,30.186337,-4.870139,-4.21033,30.865192
59.012501,30.347313,-3.814392,-4.139992,30.865005
59.025001,30.476397,-2.696123,-4.069295,30.864851
59.037501,30.56701,-1.530896,-3.993277,30.864737
59.050001,30.614499,-0.335493,-3.907403,30.864671
59.062501,30.616455,0.87248,-3.807672,30.864655
59.075001,30.572899,2.075035,-3.690688,30.864691
59.087501,30.486312,3.254276,-3.553711,30.864776
59.100001,30.361511,4.392858,-3.39467,30.864905
59.112501,30.20539,5.474407,-3.212149,30.865071
59.125001,30.026519,6.483873,-3.005352,30.865265
59.137501,29.834661,7.407783,-2.77404,30.865475
59.150001,29.640219,8.234411,-2.518461,30.865689
59.162501,29.453658,8.953835,-2.239274,30.865895
59.175001,29.28493,9.557929,-1.937477,30.866081
59.187501,29.142949,10.040271,-1.614339,30.866237
59.200001,29.035115,10.396035,-1.271354,30.866354
59.212501,28.966944,10.621858,-0.910206,30.866425
59.225001,28.941783,10.71573,-0.532752,30.866446
59.237501,28.960648,10.676919,-0.141015,30.866416
59.250001,29.022174,10.505953,0.262804,30.866336
59.262501,29.122686,10.204645,0.676326,30.866212
59.275001,29.256384,9.776177,1.096982,30.86605
59.287501,29.415642,9.225222,1.522026,30.865859
59.300001,29.591399,8.558073,1.948556,30.865651
59.312501,29.773643,7.782771,2.373563,30.865436
59.325001,29.951946,6.909187,2.793998,30.865229
59.337501,30.116034,5.949044,3.206866,30.865039
59.350001,30.256367,4.915856,3.60934,30.864879
59.362501,30.364672,3.824767,3.998881,30.864757
59.375001,30.434416,2.692291,4.373372,30.86468
59.387501,30.461173,1.53597,4.731237,30.864654
59.400001,30.442865,0.373949,5.071544,30.864679
59.412501,30.379854,-0.775479,5.394086,30.864754
59.425001,30.274884,-1.894343,5.69942,30.864876
59.437501,30.132873,-2.965444,5.98887,30.865037
59.450001,29.960571,-3.972741,6.264488,30.865228
59.462501,29.766114,-4.90167,6.52897,30.865439
59.475001,29.558501,-5.739366,6.78554,30.865659
59.487501,29.347039,-6.474788,7.037797,30.865874
59.500001,29.140772,-7.09876,7.289547,30.866073
59.512501,28.947952,-7.603941,7.544614,30.866245
59.525001,28.77557,-7.984742,7.806655,30.86638
59.537501,28.62896,-8.237223,8.078974,30.866471
59.550001,28.511516,-8.358986,8.364353,30.866513
59.562501,28.424514,-8.3491,8.664904,30.866503
59.575001,28.367056,-8.208054,8.981945,30.866443
59.587501,28.336131,-7.937762,9.315921,30.866337
59.600001,28.326797,-7.541608,9.666354,30.86619
59.612501,28.332469,-7.02452,10.031846,30.866011
59.625001,28.345303,-6.393072,10.410124,30.86581
59.637501,28.356662,-5.655557,10.798133,30.8656
59.650001,28.357635,-4.822049,11.192176,30.865392
59.662501,28.33959,-3.904387,11.588094,30.865199
59.675001,28.294714,-2.916102,11.981471,30.865031
59.687501,28.21653,-1.872236,12.367865,30.864898
59.700001,28.100334,-0.789091,12.743038,30.864809
59.712501,27.943531,0.316125,13.103169,30.864768
59.725001,27.745857,1.425698,13.445049,30.864778
59.737501,27.509448,2.521862,13.766219,30.864839
59.750001,27.238773,3.587246,14.06506,30.864948
59.762501,26.940424,4.605308,14.340816,30.865098
59.775001,26.62278,5.560704,14.593553,30.865282
59.787501,26.295581,6.439586,14.824052,30.865488
59.800001,25.969425,7.229809,15.033651,30.865707
59.812501,25.655232,7.921036,15.224045,30.865924
59.825001,25.363706,8.504763,15.397057,30.866129
59.837501,25.104827,8.974263,15.554401,30.86631
59.850001,24.887385,9.324492,15.697456,30.866457
59.862501,24.71859,9.551957,15.827066,30.866562
59.875001,24.603772,9.654596,15.943378,30.866618
59.887501,24.546154,9.631673,16.045735,30.866623
59.900001,24.546746,9.483723,16.132633,30.866577
59.912501,24.604319,9.212534,16.201744,30.866483
59.925001,24.715481,8.82119,16.250012,30.866346
59.937501,24.874856,8.314144,16.273818,30.866173
59.950001,25.075342,7.697323,16.269199,30.865975
59.962501,25.308454,6.978226,16.232126,30.865764
59.975001,25.564735,6.166006,16.158802,30.86555
59.987501,25.834223,5.271502,16.045992,30.865347
